# # g140h data
# # wave: um # flux: erg/s/cm^2/nm # err: erg/s/cm^2/nm
9.701175e-01 nan nan
9.703525e-01 nan nan
9.705875e-01 nan nan
9.708225e-01 nan nan
9.710575e-01 nan nan
9.712925e-01 nan nan
9.715275e-01 1.781010e-14 1.680629e-16
9.717625e-01 1.816115e-14 1.375057e-16
9.719975e-01 1.792171e-14 1.099035e-16
9.722325e-01 1.738556e-14 9.181868e-17
9.724675e-01 1.704012e-14 8.139946e-17
9.727025e-01 1.664865e-14 7.182926e-17
9.729375e-01 1.599100e-14 6.009378e-17
9.731725e-01 1.493010e-14 5.544476e-17
9.734075e-01 1.475414e-14 5.545680e-17
9.736425e-01 1.508162e-14 5.614829e-17
9.738775e-01 1.526741e-14 5.679208e-17
9.741125e-01 1.529551e-14 5.647863e-17
9.743475e-01 1.480860e-14 5.376497e-17
9.745825e-01 1.413257e-14 5.800259e-17
9.748175e-01 1.406666e-14 6.766649e-17
9.750525e-01 1.420559e-14 7.432546e-17
9.752875e-01 1.418123e-14 7.738898e-17
9.755225e-01 1.421637e-14 8.021879e-17
9.757575e-01 1.438050e-14 8.443229e-17
9.759925e-01 1.465558e-14 9.268065e-17
9.762275e-01 1.476556e-14 1.039929e-16
9.764625e-01 1.472163e-14 1.103547e-16
9.766975e-01 1.499758e-14 1.280557e-16
9.769325e-01 1.505774e-14 1.476942e-16
9.771675e-01 nan nan
9.774025e-01 nan nan
9.776375e-01 nan nan
9.778725e-01 nan nan
9.781075e-01 nan nan
9.783425e-01 nan nan
9.785775e-01 nan nan
9.788125e-01 nan nan
9.790475e-01 nan nan
9.792825e-01 1.476100e-14 1.451258e-16
9.795175e-01 1.513919e-14 1.482190e-16
9.797525e-01 1.523843e-14 1.441300e-16
9.799875e-01 1.530667e-14 1.380729e-16
9.802225e-01 1.533220e-14 1.308689e-16
9.804575e-01 1.540909e-14 1.224193e-16
9.806925e-01 1.545897e-14 1.138762e-16
9.809275e-01 1.538466e-14 1.090946e-16
9.811625e-01 1.556545e-14 1.043825e-16
9.813975e-01 1.549409e-14 9.540712e-17
9.816325e-01 1.470164e-14 8.590138e-17
9.818675e-01 1.453632e-14 7.603297e-17
9.821025e-01 1.505526e-14 6.769650e-17
9.823375e-01 1.556391e-14 6.927602e-17
9.825725e-01 1.579957e-14 6.645690e-17
9.828075e-01 1.579507e-14 5.386438e-17
9.830425e-01 1.577003e-14 4.026971e-17
9.832775e-01 1.547466e-14 2.994581e-17
9.835125e-01 1.537785e-14 2.423608e-17
9.837475e-01 1.547254e-14 2.056000e-17
9.839825e-01 1.584942e-14 2.086047e-17
9.842175e-01 1.596230e-14 2.064784e-17
9.844525e-01 1.615475e-14 2.077793e-17
9.846875e-01 1.632604e-14 2.098818e-17
9.849225e-01 1.653582e-14 2.126391e-17
9.851575e-01 1.653744e-14 2.139109e-17
9.853925e-01 1.638645e-14 2.510463e-17
9.856275e-01 1.664594e-14 3.327662e-17
9.858625e-01 1.705447e-14 4.333651e-17
9.860975e-01 1.710190e-14 5.869740e-17
9.863325e-01 1.719421e-14 7.022474e-17
9.865675e-01 1.732464e-14 7.913095e-17
9.868025e-01 1.731423e-14 8.915501e-17
9.870375e-01 1.700920e-14 9.816199e-17
9.872725e-01 1.701054e-14 1.038793e-16
9.875075e-01 1.751751e-14 1.083746e-16
9.877425e-01 1.794921e-14 1.138738e-16
9.879775e-01 1.780018e-14 1.131050e-16
9.882125e-01 1.743691e-14 1.133457e-16
9.884475e-01 1.759484e-14 1.198289e-16
9.886825e-01 1.806338e-14 1.258301e-16
9.889175e-01 1.826876e-14 1.283575e-16
9.891525e-01 1.820846e-14 1.301103e-16
9.893875e-01 1.806047e-14 1.336336e-16
9.896225e-01 1.767670e-14 1.359201e-16
9.898575e-01 1.670967e-14 1.351278e-16
9.900925e-01 1.593576e-14 1.297827e-16
9.903275e-01 1.548907e-14 1.273314e-16
9.905625e-01 1.489349e-14 1.212132e-16
9.907975e-01 1.426558e-14 1.150568e-16
9.910325e-01 1.402866e-14 1.129170e-16
9.912675e-01 1.440275e-14 1.163912e-16
9.915025e-01 1.444075e-14 1.136281e-16
9.917375e-01 1.378284e-14 1.060013e-16
9.919725e-01 1.355586e-14 1.040444e-16
9.922075e-01 1.451786e-14 1.117829e-16
9.924425e-01 1.425529e-14 1.032970e-16
9.926775e-01 1.421533e-14 9.931220e-17
9.929125e-01 1.461131e-14 9.533158e-17
9.931475e-01 1.522285e-14 9.495154e-17
9.933825e-01 1.552061e-14 8.950441e-17
9.936175e-01 1.497542e-14 8.002251e-17
9.938525e-01 1.530718e-14 7.902329e-17
9.940875e-01 1.621786e-14 7.971226e-17
9.943225e-01 1.679897e-14 7.936907e-17
9.945575e-01 1.665647e-14 7.555711e-17
9.947925e-01 1.671676e-14 7.379361e-17
9.950275e-01 1.684169e-14 7.203658e-17
9.952625e-01 1.711268e-14 6.716635e-17
9.954975e-01 1.741908e-14 6.598728e-17
9.957325e-01 1.715623e-14 5.921751e-17
9.959675e-01 1.674545e-14 5.499637e-17
9.962025e-01 1.660285e-14 5.189794e-17
9.964375e-01 1.679814e-14 4.644820e-17
9.966725e-01 1.724380e-14 4.152599e-17
9.969075e-01 1.718620e-14 3.645216e-17
9.971425e-01 1.606055e-14 3.085767e-17
9.973775e-01 1.524243e-14 2.564700e-17
9.976125e-01 1.547705e-14 2.531059e-17
9.978475e-01 1.600257e-14 2.578368e-17
9.980825e-01 1.651449e-14 2.563420e-17
9.983175e-01 1.630118e-14 2.198591e-17
9.985525e-01 1.634595e-14 2.172356e-17
9.987875e-01 1.559820e-14 2.109307e-17
9.990225e-01 1.535897e-14 2.108060e-17
9.992575e-01 1.490363e-14 2.109330e-17
9.994925e-01 1.545211e-14 2.546613e-17
9.997275e-01 1.588412e-14 2.758778e-17
9.999625e-01 1.596226e-14 2.971567e-17
1.000198e+00 1.658804e-14 3.629825e-17
1.000433e+00 1.683124e-14 4.020788e-17
1.000668e+00 1.678353e-14 4.142575e-17
1.000903e+00 1.646028e-14 4.171409e-17
1.001138e+00 1.609371e-14 4.296217e-17
1.001373e+00 1.589133e-14 4.415646e-17
1.001608e+00 1.626496e-14 4.782801e-17
1.001843e+00 1.679278e-14 4.944417e-17
1.002078e+00 1.668626e-14 4.828671e-17
1.002313e+00 1.647221e-14 4.634934e-17
1.002548e+00 1.666644e-14 4.517863e-17
1.002783e+00 1.638759e-14 4.577511e-17
1.003018e+00 1.594934e-14 4.354907e-17
1.003253e+00 1.588939e-14 4.103171e-17
1.003488e+00 1.575600e-14 4.282423e-17
1.003723e+00 1.511649e-14 4.209098e-17
1.003958e+00 1.518079e-14 4.313433e-17
1.004193e+00 1.577581e-14 4.475447e-17
1.004428e+00 1.655668e-14 4.690505e-17
1.004663e+00 1.689167e-14 4.917155e-17
1.004898e+00 1.681012e-14 5.364190e-17
1.005133e+00 1.655500e-14 5.406273e-17
1.005368e+00 1.583113e-14 5.182318e-17
1.005603e+00 1.503488e-14 4.942916e-17
1.005838e+00 1.495174e-14 4.930587e-17
1.006073e+00 1.550255e-14 5.136226e-17
1.006308e+00 1.567592e-14 5.223542e-17
1.006543e+00 1.560646e-14 5.248680e-17
1.006778e+00 1.583365e-14 5.350225e-17
1.007013e+00 1.663719e-14 5.711153e-17
1.007248e+00 1.666759e-14 5.693755e-17
1.007483e+00 1.618325e-14 5.055822e-17
1.007718e+00 1.660630e-14 5.072518e-17
1.007953e+00 1.690702e-14 4.815946e-17
1.008188e+00 1.698762e-14 4.705063e-17
1.008423e+00 1.702910e-14 4.653300e-17
1.008658e+00 1.744612e-14 4.597999e-17
1.008893e+00 1.678911e-14 4.440578e-17
1.009128e+00 1.668864e-14 4.095712e-17
1.009363e+00 1.663427e-14 3.745206e-17
1.009598e+00 1.701691e-14 3.599784e-17
1.009833e+00 1.755041e-14 2.830022e-17
1.010068e+00 1.824798e-14 2.710123e-17
1.010303e+00 1.881356e-14 2.382238e-17
1.010538e+00 1.872743e-14 2.126030e-17
1.010773e+00 1.829593e-14 2.035007e-17
1.011008e+00 1.799374e-14 2.012791e-17
1.011243e+00 1.749554e-14 1.954693e-17
1.011478e+00 1.730991e-14 1.931965e-17
1.011713e+00 1.732478e-14 1.909298e-17
1.011948e+00 1.727634e-14 1.899597e-17
1.012183e+00 1.770130e-14 1.961538e-17
1.012418e+00 1.866071e-14 2.154840e-17
1.012653e+00 1.901678e-14 2.222491e-17
1.012888e+00 1.878488e-14 2.200854e-17
1.013123e+00 1.879699e-14 2.308172e-17
1.013358e+00 1.875485e-14 2.415935e-17
1.013593e+00 1.802358e-14 2.381724e-17
1.013828e+00 1.679739e-14 2.291944e-17
1.014063e+00 1.641690e-14 2.398880e-17
1.014298e+00 1.695103e-14 2.496054e-17
1.014533e+00 1.741007e-14 2.427254e-17
1.014768e+00 1.716809e-14 2.375832e-17
1.015003e+00 1.692735e-14 2.384452e-17
1.015238e+00 1.769320e-14 2.630319e-17
1.015473e+00 1.813846e-14 2.867654e-17
1.015708e+00 1.753202e-14 3.191597e-17
1.015943e+00 1.716815e-14 2.946310e-17
1.016178e+00 1.731669e-14 3.324603e-17
1.016413e+00 1.752081e-14 3.572826e-17
1.016648e+00 1.769607e-14 3.611273e-17
1.016883e+00 1.793008e-14 3.696139e-17
1.017118e+00 1.762120e-14 3.686928e-17
1.017353e+00 1.719478e-14 3.604095e-17
1.017588e+00 1.811396e-14 3.882037e-17
1.017823e+00 1.869815e-14 4.173966e-17
1.018058e+00 1.812876e-14 4.054869e-17
1.018293e+00 1.716251e-14 3.796983e-17
1.018528e+00 1.775375e-14 3.949813e-17
1.018763e+00 1.740867e-14 3.638400e-17
1.018998e+00 1.791736e-14 3.496101e-17
1.019233e+00 1.830634e-14 3.414430e-17
1.019468e+00 1.844374e-14 3.357319e-17
1.019703e+00 1.839577e-14 3.234510e-17
1.019938e+00 1.848744e-14 3.171854e-17
1.020173e+00 1.835258e-14 3.154919e-17
1.020408e+00 1.828361e-14 3.133478e-17
1.020643e+00 1.854753e-14 3.133447e-17
1.020878e+00 1.875184e-14 3.069732e-17
1.021113e+00 1.866734e-14 2.992743e-17
1.021348e+00 1.810121e-14 2.747695e-17
1.021583e+00 1.741904e-14 2.551017e-17
1.021818e+00 1.712720e-14 2.421311e-17
1.022053e+00 1.687516e-14 2.327863e-17
1.022288e+00 1.698453e-14 2.068643e-17
1.022523e+00 1.772183e-14 1.974317e-17
1.022758e+00 1.817734e-14 1.759635e-17
1.022993e+00 1.808475e-14 1.652736e-17
1.023228e+00 1.763843e-14 1.652170e-17
1.023463e+00 1.756124e-14 1.610921e-17
1.023698e+00 1.798339e-14 1.621183e-17
1.023933e+00 1.855250e-14 1.648892e-17
1.024168e+00 1.875481e-14 1.633025e-17
1.024403e+00 1.881473e-14 1.629312e-17
1.024638e+00 1.813434e-14 1.611858e-17
1.024873e+00 1.754443e-14 1.571541e-17
1.025108e+00 1.787257e-14 1.573152e-17
1.025343e+00 1.737337e-14 1.506557e-17
1.025578e+00 1.710622e-14 1.495745e-17
1.025813e+00 1.747592e-14 1.537932e-17
1.026048e+00 1.696498e-14 1.529530e-17
1.026283e+00 1.615076e-14 1.485903e-17
1.026518e+00 1.610281e-14 1.510630e-17
1.026753e+00 1.662431e-14 1.541165e-17
1.026988e+00 1.756456e-14 1.669338e-17
1.027223e+00 1.787532e-14 1.785028e-17
1.027458e+00 1.763276e-14 1.881990e-17
1.027693e+00 1.712677e-14 1.892126e-17
1.027928e+00 1.684177e-14 1.917186e-17
1.028163e+00 1.681359e-14 2.358825e-17
1.028398e+00 1.631475e-14 2.649880e-17
1.028633e+00 1.624660e-14 2.747493e-17
1.028868e+00 1.740228e-14 3.215146e-17
1.029103e+00 1.781154e-14 3.339066e-17
1.029338e+00 1.754947e-14 3.020266e-17
1.029573e+00 1.749329e-14 2.943590e-17
1.029808e+00 1.743605e-14 3.110472e-17
1.030043e+00 1.746552e-14 3.157572e-17
1.030278e+00 1.719326e-14 3.148338e-17
1.030513e+00 1.731025e-14 3.266392e-17
1.030748e+00 1.788619e-14 3.506780e-17
1.030983e+00 1.781905e-14 3.540348e-17
1.031218e+00 1.760746e-14 3.454680e-17
1.031453e+00 1.797210e-14 3.539394e-17
1.031688e+00 1.796797e-14 3.549340e-17
1.031923e+00 1.746156e-14 3.646618e-17
1.032158e+00 1.741120e-14 3.734901e-17
1.032393e+00 1.715719e-14 3.649905e-17
1.032628e+00 1.683005e-14 3.613162e-17
1.032863e+00 1.760670e-14 4.256696e-17
1.033098e+00 1.828708e-14 4.423534e-17
1.033333e+00 1.914091e-14 5.797035e-17
1.033568e+00 1.808354e-14 4.564127e-17
1.033803e+00 1.772032e-14 4.390094e-17
1.034038e+00 1.713697e-14 4.311809e-17
1.034273e+00 1.726342e-14 4.430075e-17
1.034508e+00 1.677265e-14 4.267948e-17
1.034743e+00 1.656037e-14 4.129395e-17
1.034978e+00 1.731882e-14 4.342804e-17
1.035213e+00 1.729737e-14 4.330455e-17
1.035448e+00 1.714016e-14 4.228962e-17
1.035683e+00 1.762872e-14 4.191874e-17
1.035918e+00 1.786857e-14 4.102316e-17
1.036153e+00 1.858632e-14 4.284109e-17
1.036388e+00 1.883484e-14 4.318933e-17
1.036623e+00 1.858927e-14 4.225540e-17
1.036858e+00 1.864550e-14 4.249594e-17
1.037093e+00 1.895810e-14 4.283609e-17
1.037328e+00 1.967585e-14 4.479327e-17
1.037563e+00 1.969433e-14 4.465905e-17
1.037798e+00 1.893574e-14 4.213589e-17
1.038033e+00 1.798701e-14 3.898513e-17
1.038268e+00 1.705767e-14 3.616008e-17
1.038503e+00 1.764619e-14 3.775602e-17
1.038738e+00 1.837752e-14 3.833944e-17
1.038973e+00 1.851537e-14 3.802693e-17
1.039208e+00 1.840623e-14 3.749153e-17
1.039443e+00 1.817586e-14 3.555668e-17
1.039678e+00 1.801584e-14 3.355682e-17
1.039913e+00 1.788944e-14 3.180636e-17
1.040148e+00 1.828319e-14 3.105878e-17
1.040383e+00 1.882890e-14 3.144300e-17
1.040618e+00 1.911278e-14 3.161633e-17
1.040853e+00 1.958241e-14 3.209071e-17
1.041088e+00 1.929187e-14 3.056442e-17
1.041323e+00 1.863754e-14 2.936988e-17
1.041558e+00 1.796472e-14 2.792396e-17
1.041793e+00 1.853153e-14 3.130688e-17
1.042028e+00 1.949394e-14 2.590956e-17
1.042263e+00 1.946248e-14 2.427664e-17
1.042498e+00 1.883866e-14 2.265532e-17
1.042733e+00 1.804907e-14 2.138776e-17
1.042968e+00 1.739968e-14 2.079361e-17
1.043203e+00 1.790241e-14 2.062210e-17
1.043438e+00 1.911033e-14 1.886364e-17
1.043673e+00 1.974682e-14 1.739017e-17
1.043908e+00 1.968686e-14 1.746281e-17
1.044143e+00 1.969074e-14 1.721738e-17
1.044378e+00 1.963619e-14 1.693498e-17
1.044613e+00 1.955427e-14 1.692592e-17
1.044848e+00 1.958081e-14 1.739830e-17
1.045083e+00 1.981367e-14 1.740819e-17
1.045318e+00 2.054385e-14 1.841227e-17
1.045553e+00 2.115394e-14 2.132167e-17
1.045788e+00 2.091280e-14 2.315865e-17
1.046023e+00 1.997280e-14 2.256416e-17
1.046258e+00 1.836568e-14 2.086225e-17
1.046493e+00 1.804854e-14 2.163961e-17
1.046728e+00 1.850131e-14 2.480377e-17
1.046963e+00 1.823098e-14 2.568139e-17
1.047198e+00 1.820123e-14 2.575850e-17
1.047433e+00 1.845509e-14 2.416856e-17
1.047668e+00 1.863497e-14 2.464171e-17
1.047903e+00 1.823189e-14 2.550826e-17
1.048138e+00 1.744484e-14 2.429458e-17
1.048373e+00 1.754710e-14 2.462079e-17
1.048608e+00 1.815743e-14 2.633118e-17
1.048843e+00 1.810279e-14 2.677528e-17
1.049078e+00 1.803984e-14 2.637156e-17
1.049313e+00 1.827667e-14 2.647158e-17
1.049548e+00 1.843143e-14 2.653288e-17
1.049783e+00 1.793231e-14 2.611397e-17
1.050018e+00 1.775472e-14 2.737100e-17
1.050253e+00 1.821696e-14 2.754450e-17
1.050488e+00 1.853773e-14 2.786031e-17
1.050723e+00 1.821936e-14 2.984773e-17
1.050958e+00 1.774154e-14 3.082060e-17
1.051193e+00 1.733691e-14 3.047736e-17
1.051428e+00 1.720944e-14 3.013532e-17
1.051663e+00 1.727873e-14 3.205879e-17
1.051898e+00 1.748433e-14 3.447594e-17
1.052133e+00 1.762531e-14 3.492266e-17
1.052368e+00 1.768140e-14 3.454833e-17
1.052603e+00 1.803710e-14 3.531696e-17
1.052838e+00 1.799916e-14 3.502570e-17
1.053073e+00 1.742654e-14 3.110521e-17
1.053308e+00 1.725815e-14 2.705358e-17
1.053543e+00 1.750072e-14 3.024319e-17
1.053778e+00 1.788751e-14 3.502682e-17
1.054013e+00 1.796171e-14 3.555457e-17
1.054248e+00 1.760561e-14 3.466604e-17
1.054483e+00 1.769333e-14 3.582212e-17
1.054718e+00 1.705063e-14 3.706294e-17
1.054953e+00 1.645297e-14 3.763637e-17
1.055188e+00 1.707241e-14 3.973616e-17
1.055423e+00 1.761302e-14 4.175468e-17
1.055658e+00 1.749214e-14 4.339807e-17
1.055893e+00 1.704250e-14 4.440235e-17
1.056128e+00 1.667175e-14 4.406362e-17
1.056363e+00 1.641502e-14 4.401910e-17
1.056598e+00 1.637599e-14 4.438744e-17
1.056833e+00 1.661035e-14 4.550134e-17
1.057068e+00 1.664999e-14 4.570109e-17
1.057303e+00 1.680060e-14 4.462653e-17
1.057538e+00 1.739952e-14 4.423062e-17
1.057773e+00 1.744910e-14 4.783676e-17
1.058008e+00 1.717744e-14 4.985913e-17
1.058243e+00 1.718753e-14 4.497048e-17
1.058478e+00 1.723436e-14 4.115142e-17
1.058713e+00 1.671702e-14 3.988752e-17
1.058948e+00 1.659577e-14 3.867329e-17
1.059183e+00 1.647342e-14 3.537839e-17
1.059418e+00 1.666229e-14 3.561978e-17
1.059653e+00 1.689597e-14 3.624974e-17
1.059888e+00 1.710414e-14 3.658613e-17
1.060123e+00 1.662463e-14 3.653518e-17
1.060358e+00 1.697369e-14 3.813716e-17
1.060593e+00 1.677603e-14 3.587684e-17
1.060828e+00 1.615803e-14 3.475213e-17
1.061063e+00 1.599502e-14 3.466208e-17
1.061298e+00 1.641041e-14 3.526552e-17
1.061533e+00 1.712498e-14 3.552359e-17
1.061768e+00 1.752184e-14 3.485212e-17
1.062003e+00 1.732756e-14 3.369324e-17
1.062238e+00 1.713128e-14 3.237785e-17
1.062473e+00 1.712199e-14 3.038630e-17
1.062708e+00 1.750197e-14 3.040337e-17
1.062943e+00 1.785655e-14 3.275020e-17
1.063178e+00 1.776283e-14 3.195173e-17
1.063413e+00 1.797553e-14 2.945108e-17
1.063648e+00 1.799367e-14 2.906595e-17
1.063883e+00 1.816339e-14 2.913897e-17
1.064118e+00 1.842013e-14 2.915501e-17
1.064353e+00 1.865234e-14 2.676158e-17
1.064588e+00 1.814613e-14 2.311341e-17
1.064823e+00 1.852847e-14 2.304810e-17
1.065058e+00 1.872592e-14 2.237519e-17
1.065293e+00 1.858102e-14 2.182624e-17
1.065528e+00 1.832421e-14 2.098203e-17
1.065763e+00 1.798529e-14 2.068286e-17
1.065998e+00 1.778375e-14 2.040871e-17
1.066233e+00 1.719609e-14 1.981456e-17
1.066468e+00 1.673403e-14 1.944761e-17
1.066703e+00 1.713593e-14 1.979331e-17
1.066938e+00 1.742852e-14 1.993124e-17
1.067173e+00 1.750754e-14 1.969630e-17
1.067408e+00 1.790266e-14 1.998006e-17
1.067643e+00 1.852012e-14 2.045451e-17
1.067878e+00 1.845887e-14 2.118365e-17
1.068113e+00 1.848446e-14 2.298483e-17
1.068348e+00 1.874876e-14 2.330172e-17
1.068583e+00 1.924760e-14 2.371128e-17
1.068818e+00 1.934460e-14 2.588060e-17
1.069053e+00 1.914636e-14 2.999250e-17
1.069288e+00 1.918506e-14 3.011695e-17
1.069523e+00 1.887602e-14 3.343911e-17
1.069758e+00 1.822020e-14 3.940833e-17
1.069993e+00 1.846846e-14 3.676937e-17
1.070228e+00 1.858762e-14 2.912864e-17
1.070463e+00 1.848535e-14 2.735330e-17
1.070698e+00 1.867743e-14 2.647690e-17
1.070933e+00 1.912096e-14 2.638989e-17
1.071168e+00 1.890125e-14 2.587452e-17
1.071403e+00 1.890315e-14 2.580702e-17
1.071638e+00 1.919482e-14 2.592822e-17
1.071873e+00 1.921806e-14 2.622101e-17
1.072108e+00 1.917531e-14 2.664351e-17
1.072343e+00 1.907661e-14 2.648651e-17
1.072578e+00 1.878061e-14 2.588974e-17
1.072813e+00 1.855211e-14 2.561950e-17
1.073048e+00 1.879609e-14 2.558883e-17
1.073283e+00 1.897149e-14 2.524347e-17
1.073518e+00 1.861511e-14 2.484409e-17
1.073753e+00 1.865717e-14 2.704455e-17
1.073988e+00 1.903185e-14 3.123818e-17
1.074223e+00 1.939420e-14 3.363742e-17
1.074458e+00 1.953195e-14 3.506757e-17
1.074693e+00 1.945631e-14 3.409237e-17
1.074928e+00 1.945812e-14 3.370149e-17
1.075163e+00 1.936331e-14 3.018379e-17
1.075398e+00 1.907158e-14 2.851165e-17
1.075633e+00 1.914932e-14 2.842289e-17
1.075868e+00 1.966752e-14 2.908616e-17
1.076103e+00 2.006488e-14 3.097958e-17
1.076338e+00 1.990795e-14 3.107458e-17
1.076573e+00 1.970954e-14 3.111457e-17
1.076808e+00 1.988985e-14 3.288559e-17
1.077043e+00 1.990211e-14 3.246385e-17
1.077278e+00 1.986930e-14 2.973100e-17
1.077513e+00 1.960969e-14 2.737766e-17
1.077748e+00 1.896374e-14 2.715073e-17
1.077983e+00 1.908187e-14 3.127057e-17
1.078218e+00 nan nan
1.078453e+00 1.962889e-14 3.015825e-17
1.078688e+00 2.002857e-14 3.138463e-17
1.078923e+00 1.951906e-14 2.716316e-17
1.079158e+00 1.924804e-14 2.494434e-17
1.079393e+00 1.900082e-14 2.513171e-17
1.079628e+00 1.907085e-14 2.940793e-17
1.079863e+00 1.947483e-14 3.746937e-17
1.080098e+00 1.971541e-14 3.873408e-17
1.080333e+00 1.976622e-14 3.889339e-17
1.080568e+00 1.958961e-14 4.195210e-17
1.080803e+00 1.998041e-14 3.897282e-17
1.081038e+00 2.018955e-14 3.919494e-17
1.081273e+00 2.018771e-14 3.875938e-17
1.081508e+00 2.030708e-14 3.944231e-17
1.081743e+00 2.058625e-14 4.048298e-17
1.081978e+00 2.071538e-14 3.767766e-17
1.082213e+00 2.051198e-14 3.282183e-17
1.082448e+00 2.014390e-14 3.140417e-17
1.082683e+00 1.994940e-14 3.041131e-17
1.082918e+00 2.042027e-14 2.916886e-17
1.083153e+00 2.064930e-14 2.754058e-17
1.083388e+00 1.982980e-14 2.500987e-17
1.083623e+00 1.955301e-14 2.376600e-17
1.083858e+00 2.017144e-14 2.413328e-17
1.084093e+00 2.062581e-14 2.456094e-17
1.084328e+00 2.088600e-14 2.489125e-17
1.084563e+00 2.079042e-14 2.453408e-17
1.084798e+00 2.037697e-14 2.405763e-17
1.085033e+00 2.048355e-14 2.416594e-17
1.085268e+00 2.080293e-14 2.440204e-17
1.085503e+00 2.074786e-14 2.433201e-17
1.085738e+00 2.089967e-14 2.471024e-17
1.085973e+00 2.117095e-14 2.747095e-17
1.086208e+00 2.144122e-14 3.575432e-17
1.086443e+00 2.148384e-14 3.703749e-17
1.086678e+00 2.116864e-14 3.632507e-17
1.086913e+00 2.097477e-14 3.648219e-17
1.087148e+00 2.110824e-14 3.840869e-17
1.087383e+00 2.115167e-14 3.871740e-17
1.087618e+00 2.078891e-14 3.783316e-17
1.087853e+00 2.083746e-14 3.761014e-17
1.088088e+00 2.103995e-14 3.564544e-17
1.088323e+00 2.092026e-14 2.250152e-17
1.088558e+00 2.086190e-14 1.951350e-17
1.088793e+00 2.099683e-14 1.840274e-17
1.089028e+00 2.094198e-14 1.737137e-17
1.089263e+00 2.086554e-14 1.815966e-17
1.089498e+00 2.077451e-14 1.780367e-17
1.089733e+00 2.080977e-14 1.663974e-17
1.089968e+00 2.116035e-14 1.706617e-17
1.090203e+00 2.130927e-14 1.885972e-17
1.090438e+00 2.132931e-14 1.985242e-17
1.090673e+00 2.146736e-14 1.912832e-17
1.090908e+00 2.127419e-14 2.573645e-17
1.091143e+00 nan nan
1.091378e+00 2.082194e-14 2.491840e-17
1.091613e+00 2.078367e-14 2.034487e-17
1.091848e+00 2.120548e-14 2.080582e-17
1.092083e+00 2.129735e-14 2.138440e-17
1.092318e+00 2.131110e-14 2.463301e-17
1.092553e+00 2.108788e-14 2.821983e-17
1.092788e+00 2.081377e-14 2.898800e-17
1.093023e+00 2.071228e-14 2.914553e-17
1.093258e+00 2.066039e-14 2.942901e-17
1.093493e+00 2.081036e-14 2.888560e-17
1.093728e+00 2.097025e-14 2.544576e-17
1.093963e+00 2.150659e-14 2.255526e-17
1.094198e+00 2.197725e-14 2.205069e-17
1.094433e+00 2.146893e-14 2.101405e-17
1.094668e+00 2.075845e-14 2.005213e-17
1.094903e+00 2.060806e-14 1.797561e-17
1.095138e+00 2.100742e-14 1.820365e-17
1.095373e+00 2.154395e-14 2.115825e-17
1.095608e+00 2.158475e-14 2.378557e-17
1.095843e+00 2.098993e-14 2.273787e-17
1.096078e+00 2.072206e-14 2.214280e-17
1.096313e+00 2.094333e-14 2.138466e-17
1.096548e+00 2.097232e-14 2.118327e-17
1.096783e+00 2.150782e-14 2.718216e-17
1.097018e+00 2.100574e-14 2.720500e-17
1.097253e+00 1.976396e-14 2.064422e-17
1.097488e+00 1.989549e-14 2.104583e-17
1.097723e+00 2.033323e-14 2.285326e-17
1.097958e+00 2.076867e-14 2.464211e-17
1.098193e+00 2.101174e-14 2.609525e-17
1.098428e+00 2.094273e-14 2.634639e-17
1.098663e+00 2.041928e-14 2.583475e-17
1.098898e+00 2.019422e-14 2.469219e-17
1.099133e+00 2.004278e-14 2.423053e-17
1.099368e+00 2.046332e-14 2.479503e-17
1.099603e+00 2.092082e-14 2.473478e-17
1.099838e+00 2.057844e-14 2.391810e-17
1.100073e+00 2.029213e-14 2.365221e-17
1.100308e+00 2.016981e-14 2.357939e-17
1.100543e+00 2.008340e-14 2.529350e-17
1.100778e+00 2.020032e-14 2.642254e-17
1.101013e+00 2.029682e-14 2.641968e-17
1.101248e+00 2.050973e-14 2.642627e-17
1.101483e+00 2.117289e-14 2.621155e-17
1.101718e+00 2.129396e-14 2.390597e-17
1.101953e+00 2.065376e-14 2.240380e-17
1.102188e+00 2.030534e-14 2.235477e-17
1.102423e+00 2.015773e-14 2.367816e-17
1.102658e+00 2.041636e-14 2.483873e-17
1.102893e+00 2.097015e-14 2.649494e-17
1.103128e+00 2.092980e-14 2.673468e-17
1.103363e+00 1.959215e-14 2.495492e-17
1.103598e+00 1.817399e-14 2.306430e-17
1.103833e+00 1.797786e-14 2.144870e-17
1.104068e+00 1.865909e-14 2.010295e-17
1.104303e+00 1.898004e-14 1.868009e-17
1.104538e+00 1.877991e-14 1.767405e-17
1.104773e+00 1.891526e-14 1.771415e-17
1.105008e+00 1.915500e-14 1.796327e-17
1.105243e+00 1.880044e-14 1.777186e-17
1.105478e+00 1.806668e-14 1.724277e-17
1.105713e+00 1.783975e-14 1.681641e-17
1.105948e+00 1.843176e-14 1.679941e-17
1.106183e+00 1.877258e-14 1.707796e-17
1.106418e+00 1.882193e-14 1.726789e-17
1.106653e+00 1.874926e-14 1.681776e-17
1.106888e+00 1.886262e-14 1.713108e-17
1.107123e+00 1.846506e-14 1.687500e-17
1.107358e+00 1.851424e-14 1.716551e-17
1.107593e+00 1.873932e-14 1.838971e-17
1.107828e+00 1.861287e-14 1.820478e-17
1.108063e+00 1.812175e-14 1.871038e-17
1.108298e+00 1.849891e-14 1.770082e-17
1.108533e+00 1.926497e-14 2.082827e-17
1.108768e+00 1.926011e-14 2.117783e-17
1.109003e+00 1.934634e-14 2.103263e-17
1.109238e+00 1.912096e-14 1.842421e-17
1.109473e+00 1.930319e-14 1.900583e-17
1.109708e+00 1.955822e-14 1.930434e-17
1.109943e+00 1.957368e-14 1.908858e-17
1.110178e+00 1.944555e-14 1.891924e-17
1.110413e+00 1.907482e-14 1.771130e-17
1.110648e+00 1.807323e-14 1.630588e-17
1.110883e+00 1.830564e-14 1.559602e-17
1.111118e+00 1.843238e-14 1.490505e-17
1.111353e+00 1.820366e-14 1.453807e-17
1.111588e+00 1.858593e-14 1.424128e-17
1.111823e+00 1.883610e-14 1.403017e-17
1.112058e+00 1.887754e-14 1.374470e-17
1.112293e+00 1.855828e-14 1.374635e-17
1.112528e+00 1.852530e-14 1.403335e-17
1.112763e+00 1.914371e-14 1.482945e-17
1.112998e+00 1.968854e-14 1.563497e-17
1.113233e+00 1.952273e-14 1.573759e-17
1.113468e+00 1.926996e-14 1.573862e-17
1.113703e+00 1.896289e-14 1.668128e-17
1.113938e+00 1.861219e-14 1.748636e-17
1.114173e+00 1.873927e-14 1.765907e-17
1.114408e+00 1.940065e-14 1.840047e-17
1.114643e+00 1.997027e-14 1.900033e-17
1.114878e+00 1.991069e-14 1.929799e-17
1.115113e+00 1.954274e-14 1.914559e-17
1.115348e+00 1.938063e-14 1.731466e-17
1.115583e+00 1.958731e-14 1.632325e-17
1.115818e+00 1.956487e-14 1.616265e-17
1.116053e+00 1.938367e-14 1.597459e-17
1.116288e+00 1.875049e-14 1.599288e-17
1.116523e+00 1.825370e-14 1.579602e-17
1.116758e+00 1.831290e-14 1.589400e-17
1.116993e+00 1.850305e-14 1.629674e-17
1.117228e+00 1.797384e-14 1.608689e-17
1.117463e+00 1.749537e-14 1.598391e-17
1.117698e+00 1.795016e-14 1.631642e-17
1.117933e+00 1.856550e-14 1.736397e-17
1.118168e+00 1.922811e-14 1.819321e-17
1.118403e+00 1.935960e-14 1.815476e-17
1.118638e+00 1.953440e-14 1.778381e-17
1.118873e+00 1.910640e-14 1.804065e-17
1.119108e+00 1.843511e-14 1.812425e-17
1.119343e+00 1.805294e-14 1.836848e-17
1.119578e+00 1.794289e-14 1.870701e-17
1.119813e+00 1.813702e-14 1.857982e-17
1.120048e+00 1.856673e-14 1.896213e-17
1.120283e+00 1.857959e-14 1.920832e-17
1.120518e+00 1.873294e-14 1.949262e-17
1.120753e+00 1.948413e-14 2.017067e-17
1.120988e+00 1.946775e-14 1.975111e-17
1.121223e+00 1.901009e-14 1.916829e-17
1.121458e+00 1.896493e-14 1.968096e-17
1.121693e+00 1.892053e-14 1.989083e-17
1.121928e+00 1.881416e-14 1.983043e-17
1.122163e+00 1.881061e-14 2.080372e-17
1.122398e+00 1.890008e-14 2.132989e-17
1.122633e+00 1.882378e-14 2.145176e-17
1.122868e+00 1.930607e-14 2.232485e-17
1.123103e+00 1.971231e-14 2.261299e-17
1.123338e+00 1.931672e-14 2.206209e-17
1.123573e+00 1.856889e-14 2.111587e-17
1.123808e+00 1.858870e-14 2.106229e-17
1.124043e+00 1.927609e-14 2.170555e-17
1.124278e+00 1.968360e-14 2.189007e-17
1.124513e+00 1.994897e-14 2.229123e-17
1.124748e+00 2.022942e-14 2.276978e-17
1.124983e+00 2.011403e-14 2.332042e-17
1.125218e+00 1.910535e-14 2.327142e-17
1.125453e+00 1.871009e-14 2.281354e-17
1.125688e+00 1.889002e-14 2.275481e-17
1.125923e+00 1.925709e-14 2.292137e-17
1.126158e+00 1.922387e-14 2.244144e-17
1.126393e+00 1.872835e-14 2.224252e-17
1.126628e+00 1.907426e-14 2.281509e-17
1.126863e+00 1.977684e-14 2.278518e-17
1.127098e+00 1.984132e-14 2.364108e-17
1.127333e+00 nan nan
1.127568e+00 1.994962e-14 2.492910e-17
1.127803e+00 1.930380e-14 2.463900e-17
1.128038e+00 1.898402e-14 2.340528e-17
1.128273e+00 1.916949e-14 2.345362e-17
1.128508e+00 1.939251e-14 2.413224e-17
1.128743e+00 1.941583e-14 2.315185e-17
1.128978e+00 1.948784e-14 2.310309e-17
1.129213e+00 1.983350e-14 2.136247e-17
1.129448e+00 1.973596e-14 1.963547e-17
1.129683e+00 1.918376e-14 2.403758e-17
1.129918e+00 1.961542e-14 2.898882e-17
1.130153e+00 1.961880e-14 2.889220e-17
1.130388e+00 1.944438e-14 2.835850e-17
1.130623e+00 1.932535e-14 2.793288e-17
1.130858e+00 1.914232e-14 2.869214e-17
1.131093e+00 1.899144e-14 2.863247e-17
1.131328e+00 1.920492e-14 2.851800e-17
1.131563e+00 1.932634e-14 2.932338e-17
1.131798e+00 1.940937e-14 3.029185e-17
1.132033e+00 1.949429e-14 2.949234e-17
1.132268e+00 1.962974e-14 2.932607e-17
1.132503e+00 1.959417e-14 2.920042e-17
1.132738e+00 1.933839e-14 3.322760e-17
1.132973e+00 1.952096e-14 3.392975e-17
1.133208e+00 1.981918e-14 2.978820e-17
1.133443e+00 1.931658e-14 2.863573e-17
1.133678e+00 1.874084e-14 2.753745e-17
1.133913e+00 1.816231e-14 2.721076e-17
1.134148e+00 1.784097e-14 2.730051e-17
1.134383e+00 1.735078e-14 2.618281e-17
1.134618e+00 1.710953e-14 2.443353e-17
1.134853e+00 1.721071e-14 2.004577e-17
1.135088e+00 1.784032e-14 1.556179e-17
1.135323e+00 1.855477e-14 1.523799e-17
1.135558e+00 1.889417e-14 1.537604e-17
1.135793e+00 1.859536e-14 1.548147e-17
1.136028e+00 1.807238e-14 1.548294e-17
1.136263e+00 1.810758e-14 1.609425e-17
1.136498e+00 1.891341e-14 1.635991e-17
1.136733e+00 1.875558e-14 1.665341e-17
1.136968e+00 1.840678e-14 1.612175e-17
1.137203e+00 1.818178e-14 1.585892e-17
1.137438e+00 1.851079e-14 1.595773e-17
1.137673e+00 1.869466e-14 1.661667e-17
1.137908e+00 1.806724e-14 1.621950e-17
1.138143e+00 1.658067e-14 1.517135e-17
1.138378e+00 1.446153e-14 1.315957e-17
1.138613e+00 1.472207e-14 1.337510e-17
1.138848e+00 1.685151e-14 1.496731e-17
1.139083e+00 1.839315e-14 1.598764e-17
1.139318e+00 1.858116e-14 1.601999e-17
1.139553e+00 1.840012e-14 1.565847e-17
1.139788e+00 1.847927e-14 1.568094e-17
1.140023e+00 1.849910e-14 1.676819e-17
1.140258e+00 1.766656e-14 1.719680e-17
1.140493e+00 1.486211e-14 1.543208e-17
1.140728e+00 1.329052e-14 1.434943e-17
1.140963e+00 1.468012e-14 1.538842e-17
1.141198e+00 1.688326e-14 1.796196e-17
1.141433e+00 1.823336e-14 2.258046e-17
1.141668e+00 1.895271e-14 2.610975e-17
1.141903e+00 1.915105e-14 2.716429e-17
1.142138e+00 1.943507e-14 2.803147e-17
1.142373e+00 1.915716e-14 2.762770e-17
1.142608e+00 1.919855e-14 2.797718e-17
1.142843e+00 1.918127e-14 2.770127e-17
1.143078e+00 1.905145e-14 2.768875e-17
1.143313e+00 1.889268e-14 2.744419e-17
1.143548e+00 1.899674e-14 2.759593e-17
1.143783e+00 1.879981e-14 2.748044e-17
1.144018e+00 1.832320e-14 2.751856e-17
1.144253e+00 1.820996e-14 2.733644e-17
1.144488e+00 1.866262e-14 2.737956e-17
1.144723e+00 1.884878e-14 2.737958e-17
1.144958e+00 1.887755e-14 2.691310e-17
1.145193e+00 1.937550e-14 2.728568e-17
1.145428e+00 1.899341e-14 2.491043e-17
1.145663e+00 1.922364e-14 2.306509e-17
1.145898e+00 1.917337e-14 2.318414e-17
1.146133e+00 1.914880e-14 2.324124e-17
1.146368e+00 1.917977e-14 2.293366e-17
1.146603e+00 1.927264e-14 2.132664e-17
1.146838e+00 1.986809e-14 2.063410e-17
1.147073e+00 1.998710e-14 2.092423e-17
1.147308e+00 1.921127e-14 2.003554e-17
1.147543e+00 1.947110e-14 2.037122e-17
1.147778e+00 nan nan
1.148013e+00 1.964521e-14 1.998785e-17
1.148248e+00 nan nan
1.148483e+00 1.953705e-14 2.038861e-17
1.148718e+00 1.974624e-14 1.987825e-17
1.148953e+00 1.997636e-14 1.990354e-17
1.149188e+00 2.018433e-14 2.050237e-17
1.149423e+00 1.979184e-14 2.235762e-17
1.149658e+00 1.950470e-14 1.973505e-17
1.149893e+00 2.060980e-14 3.760889e-17
1.150128e+00 2.058346e-14 2.649990e-17
1.150363e+00 1.980708e-14 2.003631e-17
1.150598e+00 1.973705e-14 2.167776e-17
1.150833e+00 1.980358e-14 2.164941e-17
1.151068e+00 1.977894e-14 2.186173e-17
1.151303e+00 1.979866e-14 2.246681e-17
1.151538e+00 1.976767e-14 2.238298e-17
1.151773e+00 1.974519e-14 2.229195e-17
1.152008e+00 1.971245e-14 2.203490e-17
1.152243e+00 1.975335e-14 2.191493e-17
1.152478e+00 1.913094e-14 2.109725e-17
1.152713e+00 1.868593e-14 2.019824e-17
1.152948e+00 1.876789e-14 1.951464e-17
1.153183e+00 1.905490e-14 1.954141e-17
1.153418e+00 1.913227e-14 1.972034e-17
1.153653e+00 1.927643e-14 1.982310e-17
1.153888e+00 1.933100e-14 1.909643e-17
1.154123e+00 1.948497e-14 1.719693e-17
1.154358e+00 1.962086e-14 1.572296e-17
1.154593e+00 1.933096e-14 1.498654e-17
1.154828e+00 1.912188e-14 1.447357e-17
1.155063e+00 1.933607e-14 1.446112e-17
1.155298e+00 1.967977e-14 1.426277e-17
1.155533e+00 1.989590e-14 1.438521e-17
1.155768e+00 1.943474e-14 1.437564e-17
1.156003e+00 1.943795e-14 1.493610e-17
1.156238e+00 1.942251e-14 1.482131e-17
1.156473e+00 1.942112e-14 1.506236e-17
1.156708e+00 1.959849e-14 1.542495e-17
1.156943e+00 1.947669e-14 1.542057e-17
1.157178e+00 1.889792e-14 1.531710e-17
1.157413e+00 1.914160e-14 1.563359e-17
1.157648e+00 1.945124e-14 1.623374e-17
1.157883e+00 1.918686e-14 1.687854e-17
1.158118e+00 1.952951e-14 1.755842e-17
1.158353e+00 1.965634e-14 1.749288e-17
1.158588e+00 1.981702e-14 1.691826e-17
1.158823e+00 1.972459e-14 1.793102e-17
1.159058e+00 1.944157e-14 1.786074e-17
1.159293e+00 1.908339e-14 1.730618e-17
1.159528e+00 1.857056e-14 1.637984e-17
1.159763e+00 1.856126e-14 1.729311e-17
1.159998e+00 1.891286e-14 1.763463e-17
1.160233e+00 1.872252e-14 1.793250e-17
1.160468e+00 1.893088e-14 1.809690e-17
1.160703e+00 1.916252e-14 1.768379e-17
1.160938e+00 1.904432e-14 1.713509e-17
1.161173e+00 1.878004e-14 1.624168e-17
1.161408e+00 1.894659e-14 1.602012e-17
1.161643e+00 1.957869e-14 1.713509e-17
1.161878e+00 1.956921e-14 1.878799e-17
1.162113e+00 1.915231e-14 1.803408e-17
1.162348e+00 1.878905e-14 1.669951e-17
1.162583e+00 1.895966e-14 1.857720e-17
1.162818e+00 1.955134e-14 1.937370e-17
1.163053e+00 2.002564e-14 1.947186e-17
1.163288e+00 2.022246e-14 1.984642e-17
1.163523e+00 1.981890e-14 1.952184e-17
1.163758e+00 1.913868e-14 1.890208e-17
1.163993e+00 1.878591e-14 1.788149e-17
1.164228e+00 1.891070e-14 2.148365e-17
1.164463e+00 1.937234e-14 2.664835e-17
1.164698e+00 1.978200e-14 2.944061e-17
1.164933e+00 1.976268e-14 2.982303e-17
1.165168e+00 1.962202e-14 2.858389e-17
1.165403e+00 1.952778e-14 2.824048e-17
1.165638e+00 1.872242e-14 2.823515e-17
1.165873e+00 1.821666e-14 2.955167e-17
1.166108e+00 1.900718e-14 2.966954e-17
1.166343e+00 1.965858e-14 3.323002e-17
1.166578e+00 1.970264e-14 3.524486e-17
1.166813e+00 1.984215e-14 3.646717e-17
1.167048e+00 1.973145e-14 3.670451e-17
1.167283e+00 1.933636e-14 3.571002e-17
1.167518e+00 1.926145e-14 3.523995e-17
1.167753e+00 1.909037e-14 3.047543e-17
1.167988e+00 1.903923e-14 2.955914e-17
1.168223e+00 2.044716e-14 6.031397e-17
1.168458e+00 1.886285e-14 2.446523e-17
1.168693e+00 1.854524e-14 2.431865e-17
1.168928e+00 1.822060e-14 2.363942e-17
1.169163e+00 1.642459e-14 1.709628e-17
1.169398e+00 1.520566e-14 1.512203e-17
1.169633e+00 1.726541e-14 1.727112e-17
1.169868e+00 1.836926e-14 1.728174e-17
1.170103e+00 1.883598e-14 1.650246e-17
1.170338e+00 1.926395e-14 1.650131e-17
1.170573e+00 1.958539e-14 1.710271e-17
1.170808e+00 1.968133e-14 1.777822e-17
1.171043e+00 1.960065e-14 1.624547e-17
1.171278e+00 1.935164e-14 1.513019e-17
1.171513e+00 1.916053e-14 1.459592e-17
1.171748e+00 1.880456e-14 1.460277e-17
1.171983e+00 1.889451e-14 1.495990e-17
1.172218e+00 1.929647e-14 1.492747e-17
1.172453e+00 1.934975e-14 1.486114e-17
1.172688e+00 1.888062e-14 1.447960e-17
1.172923e+00 1.920632e-14 1.479564e-17
1.173158e+00 1.968136e-14 1.848855e-17
1.173393e+00 1.968973e-14 1.598157e-17
1.173628e+00 1.896936e-14 1.607517e-17
1.173863e+00 1.929655e-14 1.687053e-17
1.174098e+00 1.863573e-14 1.926934e-17
1.174333e+00 1.928465e-14 2.666995e-17
1.174568e+00 1.960017e-14 3.061198e-17
1.174803e+00 1.950161e-14 3.095020e-17
1.175038e+00 1.934405e-14 3.099830e-17
1.175273e+00 1.868839e-14 2.999243e-17
1.175508e+00 1.831834e-14 2.950447e-17
1.175743e+00 1.860612e-14 2.954064e-17
1.175978e+00 1.878875e-14 3.105020e-17
1.176213e+00 1.874325e-14 3.623463e-17
1.176448e+00 1.872974e-14 3.794366e-17
1.176683e+00 1.875264e-14 3.666433e-17
1.176918e+00 1.816813e-14 2.660854e-17
1.177153e+00 1.640526e-14 2.005534e-17
1.177388e+00 1.399989e-14 1.697605e-17
1.177623e+00 1.300903e-14 1.531000e-17
1.177858e+00 1.500942e-14 1.500350e-17
1.178093e+00 1.725671e-14 1.496939e-17
1.178328e+00 1.801987e-14 1.420504e-17
1.178563e+00 1.832561e-14 1.418154e-17
1.178798e+00 1.869704e-14 1.541720e-17
1.179033e+00 1.884964e-14 1.582723e-17
1.179268e+00 1.875628e-14 1.576192e-17
1.179503e+00 1.871933e-14 1.484802e-17
1.179738e+00 1.864706e-14 1.465110e-17
1.179973e+00 1.861553e-14 1.458672e-17
1.180208e+00 1.858983e-14 1.465612e-17
1.180443e+00 1.875427e-14 1.493516e-17
1.180678e+00 1.925800e-14 1.557558e-17
1.180913e+00 1.876704e-14 1.499242e-17
1.181148e+00 1.881569e-14 1.513028e-17
1.181383e+00 1.881151e-14 1.559422e-17
1.181618e+00 1.812407e-14 1.550140e-17
1.181853e+00 1.791051e-14 1.592888e-17
1.182088e+00 1.837258e-14 2.113170e-17
1.182323e+00 1.867954e-14 2.257962e-17
1.182558e+00 1.876075e-14 2.454842e-17
1.182793e+00 1.843829e-14 2.595934e-17
1.183028e+00 1.808957e-14 2.768660e-17
1.183263e+00 1.827096e-14 3.046425e-17
1.183498e+00 1.829789e-14 3.121471e-17
1.183733e+00 1.796070e-14 3.040206e-17
1.183968e+00 1.773332e-14 3.016708e-17
1.184203e+00 1.821545e-14 3.095783e-17
1.184438e+00 nan nan
1.184673e+00 nan nan
1.184908e+00 1.957889e-14 6.618573e-17
1.185143e+00 1.782705e-14 2.898474e-17
1.185378e+00 1.798628e-14 2.847454e-17
1.185613e+00 1.858047e-14 2.690247e-17
1.185848e+00 1.848608e-14 2.189605e-17
1.186083e+00 1.813039e-14 1.831750e-17
1.186318e+00 1.820823e-14 1.751754e-17
1.186553e+00 1.848280e-14 1.801148e-17
1.186788e+00 1.852110e-14 1.814117e-17
1.187023e+00 1.799659e-14 1.754517e-17
1.187258e+00 1.795562e-14 1.758436e-17
1.187493e+00 1.841461e-14 1.825017e-17
1.187728e+00 1.858263e-14 1.869074e-17
1.187963e+00 1.848696e-14 2.048744e-17
1.188198e+00 1.780468e-14 2.114029e-17
1.188433e+00 1.708330e-14 2.081541e-17
1.188668e+00 1.613177e-14 2.155671e-17
1.188903e+00 1.716618e-14 2.420369e-17
1.189138e+00 1.808774e-14 2.546250e-17
1.189373e+00 1.822391e-14 2.565276e-17
1.189608e+00 1.813411e-14 2.575322e-17
1.189843e+00 1.861826e-14 2.672829e-17
1.190078e+00 1.863568e-14 2.627844e-17
1.190313e+00 1.858871e-14 2.434465e-17
1.190548e+00 1.858003e-14 2.374811e-17
1.190783e+00 1.839132e-14 2.590704e-17
1.191018e+00 1.828788e-14 2.439516e-17
1.191253e+00 1.837165e-14 2.341446e-17
1.191488e+00 1.820886e-14 2.333825e-17
1.191723e+00 1.811963e-14 2.332390e-17
1.191958e+00 1.833687e-14 2.369573e-17
1.192193e+00 1.851919e-14 2.396561e-17
1.192428e+00 nan nan
1.192663e+00 1.848803e-14 2.781465e-17
1.192898e+00 1.891688e-14 2.764909e-17
1.193133e+00 1.893287e-14 2.335769e-17
1.193368e+00 1.910084e-14 2.684108e-17
1.193603e+00 1.865154e-14 2.971191e-17
1.193838e+00 1.818326e-14 2.948874e-17
1.194073e+00 1.792971e-14 2.895018e-17
1.194308e+00 1.799450e-14 2.822134e-17
1.194543e+00 1.829319e-14 3.003918e-17
1.194778e+00 1.811418e-14 2.839151e-17
1.195013e+00 1.787678e-14 3.028573e-17
1.195248e+00 1.698744e-14 2.205937e-17
1.195483e+00 1.765571e-14 1.911936e-17
1.195718e+00 1.844102e-14 1.780313e-17
1.195953e+00 1.842196e-14 1.738674e-17
1.196188e+00 1.797373e-14 1.791203e-17
1.196423e+00 1.761578e-14 1.709971e-17
1.196658e+00 1.777761e-14 1.840176e-17
1.196893e+00 1.797656e-14 1.967390e-17
1.197128e+00 1.790726e-14 1.931808e-17
1.197363e+00 1.711390e-14 1.893130e-17
1.197598e+00 1.591327e-14 1.746416e-17
1.197833e+00 1.598484e-14 1.770203e-17
1.198068e+00 1.670048e-14 1.833918e-17
1.198303e+00 1.719336e-14 1.871750e-17
1.198538e+00 1.776366e-14 1.921112e-17
1.198773e+00 1.825127e-14 1.985949e-17
1.199008e+00 1.796824e-14 1.988526e-17
1.199243e+00 1.730880e-14 1.940472e-17
1.199478e+00 1.754749e-14 3.384223e-17
1.199713e+00 1.784251e-14 3.369239e-17
1.199948e+00 1.779486e-14 1.923467e-17
1.200183e+00 1.782041e-14 1.833026e-17
1.200418e+00 1.730297e-14 1.704947e-17
1.200653e+00 1.742817e-14 1.720806e-17
1.200888e+00 1.821491e-14 1.809102e-17
1.201123e+00 1.806581e-14 1.794055e-17
1.201358e+00 1.779377e-14 1.775042e-17
1.201593e+00 1.813692e-14 1.797816e-17
1.201828e+00 1.834966e-14 1.825595e-17
1.202063e+00 1.797099e-14 1.984109e-17
1.202298e+00 1.765252e-14 2.098830e-17
1.202533e+00 1.806927e-14 2.264665e-17
1.202768e+00 1.811643e-14 2.342800e-17
1.203003e+00 1.736289e-14 2.235193e-17
1.203238e+00 1.714410e-14 2.206393e-17
1.203473e+00 1.779071e-14 2.274154e-17
1.203708e+00 1.856765e-14 2.454579e-17
1.203943e+00 1.873496e-14 2.541200e-17
1.204178e+00 1.883829e-14 2.572223e-17
1.204413e+00 1.867592e-14 2.471231e-17
1.204648e+00 1.836884e-14 2.156283e-17
1.204883e+00 1.807516e-14 1.963480e-17
1.205118e+00 1.811097e-14 1.891666e-17
1.205353e+00 1.854196e-14 1.746073e-17
1.205588e+00 1.865500e-14 1.563825e-17
1.205823e+00 1.905572e-14 1.541360e-17
1.206058e+00 1.959782e-14 1.519019e-17
1.206293e+00 1.936031e-14 1.488232e-17
1.206528e+00 1.918238e-14 1.505921e-17
1.206763e+00 1.881544e-14 1.590085e-17
1.206998e+00 1.818922e-14 1.587727e-17
1.207233e+00 1.817392e-14 1.568276e-17
1.207468e+00 1.872248e-14 1.606029e-17
1.207703e+00 1.922860e-14 1.579223e-17
1.207938e+00 1.944180e-14 1.542006e-17
1.208173e+00 1.914982e-14 1.600095e-17
1.208408e+00 1.891845e-14 1.673542e-17
1.208643e+00 1.899066e-14 1.744530e-17
1.208878e+00 1.863481e-14 1.885938e-17
1.209113e+00 1.768899e-14 1.908599e-17
1.209348e+00 1.752040e-14 1.898874e-17
1.209583e+00 1.826182e-14 2.002817e-17
1.209818e+00 1.929805e-14 2.122275e-17
1.210053e+00 2.000394e-14 2.178388e-17
1.210288e+00 1.934666e-14 2.059395e-17
1.210523e+00 1.852823e-14 1.993398e-17
1.210758e+00 1.873577e-14 2.853991e-17
1.210993e+00 1.809242e-14 1.759215e-17
1.211228e+00 1.780991e-14 1.729066e-17
1.211463e+00 1.802591e-14 1.739134e-17
1.211698e+00 1.813492e-14 1.719641e-17
1.211933e+00 1.809625e-14 1.702428e-17
1.212168e+00 1.863152e-14 1.707448e-17
1.212403e+00 1.916488e-14 1.741354e-17
1.212638e+00 1.947256e-14 1.822168e-17
1.212873e+00 1.892228e-14 1.845341e-17
1.213108e+00 1.794735e-14 1.833642e-17
1.213343e+00 1.784333e-14 1.815029e-17
1.213578e+00 1.829582e-14 1.814016e-17
1.213813e+00 1.911315e-14 1.900757e-17
1.214048e+00 1.969416e-14 1.829548e-17
1.214283e+00 1.990036e-14 1.683410e-17
1.214518e+00 1.986919e-14 1.831499e-17
1.214753e+00 1.946013e-14 2.003686e-17
1.214988e+00 1.938523e-14 2.036527e-17
1.215223e+00 1.964026e-14 2.107683e-17
1.215458e+00 1.966884e-14 2.233014e-17
1.215693e+00 1.929987e-14 2.263279e-17
1.215928e+00 1.891615e-14 2.051715e-17
1.216163e+00 1.890489e-14 2.054918e-17
1.216398e+00 1.918449e-14 1.974023e-17
1.216633e+00 1.905490e-14 1.815782e-17
1.216868e+00 1.890870e-14 1.783630e-17
1.217103e+00 1.913783e-14 1.847647e-17
1.217338e+00 1.936328e-14 1.843262e-17
1.217573e+00 1.925136e-14 1.848452e-17
1.217808e+00 1.929725e-14 1.991256e-17
1.218043e+00 1.955172e-14 2.000348e-17
1.218278e+00 1.974505e-14 1.910711e-17
1.218513e+00 1.998208e-14 1.869088e-17
1.218748e+00 1.978168e-14 1.820800e-17
1.218983e+00 1.923267e-14 1.789071e-17
1.219218e+00 1.919264e-14 1.795780e-17
1.219453e+00 1.951101e-14 1.823688e-17
1.219688e+00 1.961732e-14 1.807557e-17
1.219923e+00 1.951668e-14 1.831666e-17
1.220158e+00 1.954214e-14 1.861398e-17
1.220393e+00 1.986708e-14 1.805597e-17
1.220628e+00 1.977228e-14 1.838181e-17
1.220863e+00 1.956102e-14 1.861462e-17
1.221098e+00 1.951669e-14 1.731188e-17
1.221333e+00 1.905984e-14 1.588175e-17
1.221568e+00 1.871092e-14 1.454254e-17
1.221803e+00 1.878546e-14 1.420204e-17
1.222038e+00 1.863104e-14 1.446980e-17
1.222273e+00 1.892592e-14 1.511800e-17
1.222508e+00 1.876157e-14 1.361967e-17
1.222743e+00 1.893372e-14 1.375720e-17
1.222978e+00 1.950544e-14 1.397261e-17
1.223213e+00 2.009463e-14 1.408133e-17
1.223448e+00 2.026631e-14 1.422555e-17
1.223683e+00 2.004979e-14 1.414574e-17
1.223918e+00 1.987916e-14 1.405091e-17
1.224153e+00 1.994915e-14 1.409746e-17
1.224388e+00 1.983465e-14 1.415164e-17
1.224623e+00 1.992356e-14 1.407750e-17
1.224858e+00 2.002910e-14 1.432435e-17
1.225093e+00 2.006036e-14 1.435396e-17
1.225328e+00 1.984572e-14 1.440911e-17
1.225563e+00 1.979009e-14 1.454672e-17
1.225798e+00 1.950568e-14 1.462093e-17
1.226033e+00 1.928718e-14 1.556758e-17
1.226268e+00 1.959628e-14 1.729768e-17
1.226503e+00 1.977687e-14 1.756469e-17
1.226738e+00 1.987084e-14 1.754058e-17
1.226973e+00 2.010522e-14 1.722929e-17
1.227208e+00 1.998036e-14 1.637748e-17
1.227443e+00 1.927966e-14 1.656203e-17
1.227678e+00 1.918708e-14 1.605757e-17
1.227913e+00 1.990630e-14 1.793110e-17
1.228148e+00 2.018943e-14 2.078144e-17
1.228383e+00 2.002037e-14 2.053115e-17
1.228618e+00 1.972254e-14 2.015488e-17
1.228853e+00 1.955092e-14 1.981480e-17
1.229088e+00 1.962227e-14 1.936449e-17
1.229323e+00 1.950114e-14 1.843507e-17
1.229558e+00 1.913282e-14 1.786261e-17
1.229793e+00 1.892198e-14 1.765312e-17
1.230028e+00 1.912954e-14 1.781916e-17
1.230263e+00 1.947026e-14 1.798332e-17
1.230498e+00 1.982390e-14 1.816281e-17
1.230733e+00 1.990701e-14 1.949426e-17
1.230968e+00 1.972729e-14 1.790807e-17
1.231203e+00 1.951641e-14 1.759649e-17
1.231438e+00 1.938598e-14 1.725334e-17
1.231673e+00 1.920653e-14 1.689981e-17
1.231908e+00 1.924412e-14 1.680967e-17
1.232143e+00 1.921493e-14 1.696997e-17
1.232378e+00 1.911181e-14 1.724039e-17
1.232613e+00 1.936301e-14 1.754157e-17
1.232848e+00 1.961645e-14 1.769128e-17
1.233083e+00 1.976106e-14 1.800677e-17
1.233318e+00 1.946332e-14 1.766507e-17
1.233553e+00 1.927453e-14 1.721484e-17
1.233788e+00 1.968109e-14 1.761787e-17
1.234023e+00 1.957207e-14 1.890287e-17
1.234258e+00 1.971503e-14 1.914750e-17
1.234493e+00 1.907933e-14 1.883189e-17
1.234728e+00 1.874657e-14 1.857137e-17
1.234963e+00 1.903740e-14 2.099692e-17
1.235198e+00 1.946997e-14 2.488982e-17
1.235433e+00 1.967043e-14 2.455791e-17
1.235668e+00 1.973573e-14 2.142403e-17
1.235903e+00 1.948172e-14 2.121208e-17
1.236138e+00 1.945501e-14 2.131880e-17
1.236373e+00 1.965904e-14 2.179988e-17
1.236608e+00 1.940221e-14 2.152632e-17
1.236843e+00 1.930958e-14 2.119267e-17
1.237078e+00 1.976819e-14 2.197486e-17
1.237313e+00 1.980916e-14 2.244937e-17
1.237548e+00 1.938087e-14 2.233872e-17
1.237783e+00 1.924574e-14 2.125591e-17
1.238018e+00 1.944840e-14 2.009914e-17
1.238253e+00 1.987929e-14 2.028219e-17
1.238488e+00 2.000011e-14 2.062516e-17
1.238723e+00 1.967960e-14 2.004224e-17
1.238958e+00 1.895587e-14 1.956387e-17
1.239193e+00 1.808611e-14 1.810086e-17
1.239428e+00 1.792752e-14 1.793976e-17
1.239663e+00 1.875535e-14 1.877483e-17
1.239898e+00 1.861366e-14 1.790125e-17
1.240133e+00 1.831530e-14 1.672095e-17
1.240368e+00 2.022212e-14 4.056453e-17
1.240603e+00 1.865602e-14 1.768606e-17
1.240838e+00 1.835587e-14 1.741517e-17
1.241073e+00 1.876243e-14 1.836298e-17
1.241308e+00 1.930308e-14 2.152505e-17
1.241543e+00 1.909339e-14 2.554344e-17
1.241778e+00 1.858724e-14 2.525450e-17
1.242013e+00 1.816960e-14 2.367604e-17
1.242248e+00 1.792633e-14 2.098806e-17
1.242483e+00 1.796351e-14 2.065897e-17
1.242718e+00 1.810405e-14 2.082598e-17
1.242953e+00 1.821061e-14 2.081947e-17
1.243188e+00 1.774939e-14 2.127491e-17
1.243423e+00 1.619620e-14 2.131041e-17
1.243658e+00 1.585217e-14 2.187682e-17
1.243893e+00 1.684558e-14 2.234060e-17
1.244128e+00 1.773855e-14 2.127624e-17
1.244363e+00 1.796465e-14 2.000385e-17
1.244598e+00 1.824743e-14 1.755134e-17
1.244833e+00 1.843185e-14 1.448206e-17
1.245068e+00 1.876767e-14 1.385498e-17
1.245303e+00 1.887945e-14 1.403931e-17
1.245538e+00 1.878057e-14 1.384297e-17
1.245773e+00 1.870251e-14 1.385056e-17
1.246008e+00 1.867339e-14 1.410873e-17
1.246243e+00 1.840354e-14 1.482938e-17
1.246478e+00 1.828082e-14 1.708372e-17
1.246713e+00 1.852922e-14 1.615028e-17
1.246948e+00 1.892087e-14 1.508006e-17
1.247183e+00 1.912739e-14 1.487636e-17
1.247418e+00 1.905500e-14 1.544483e-17
1.247653e+00 1.913165e-14 1.782747e-17
1.247888e+00 1.877753e-14 1.974719e-17
1.248123e+00 1.862554e-14 2.022056e-17
1.248358e+00 1.866529e-14 2.055038e-17
1.248593e+00 1.854118e-14 2.073454e-17
1.248828e+00 1.859048e-14 2.095851e-17
1.249063e+00 1.908735e-14 2.108062e-17
1.249298e+00 1.921387e-14 2.136372e-17
1.249533e+00 1.932712e-14 1.965287e-17
1.249768e+00 1.889523e-14 1.882971e-17
1.250003e+00 1.895984e-14 1.864780e-17
1.250238e+00 1.894104e-14 1.913397e-17
1.250473e+00 1.916963e-14 2.120781e-17
1.250708e+00 1.940169e-14 2.179725e-17
1.250943e+00 1.868868e-14 2.111850e-17
1.251178e+00 1.893301e-14 2.107357e-17
1.251413e+00 1.874549e-14 2.085429e-17
1.251648e+00 1.920284e-14 2.543233e-17
1.251883e+00 1.852789e-14 2.017437e-17
1.252118e+00 1.824332e-14 2.059256e-17
1.252353e+00 1.646662e-14 1.777375e-17
1.252588e+00 1.523564e-14 1.679720e-17
1.252823e+00 1.692730e-14 1.940377e-17
1.253058e+00 1.847605e-14 2.111595e-17
1.253293e+00 1.910721e-14 2.256424e-17
1.253528e+00 1.909668e-14 2.378388e-17
1.253763e+00 1.872500e-14 2.804239e-17
1.253998e+00 1.900542e-14 2.923545e-17
1.254233e+00 1.967994e-14 2.996852e-17
1.254468e+00 1.967770e-14 2.969485e-17
1.254703e+00 1.945057e-14 2.963496e-17
1.254938e+00 1.918280e-14 2.996104e-17
1.255173e+00 1.911712e-14 2.876760e-17
1.255408e+00 1.925706e-14 2.908936e-17
1.255643e+00 1.987685e-14 3.186396e-17
1.255878e+00 2.010783e-14 3.261651e-17
1.256113e+00 1.992694e-14 3.219967e-17
1.256348e+00 1.974179e-14 3.127731e-17
1.256583e+00 1.947433e-14 2.913068e-17
1.256818e+00 1.880100e-14 2.720098e-17
1.257053e+00 1.868227e-14 2.658346e-17
1.257288e+00 1.906116e-14 2.570011e-17
1.257523e+00 1.916688e-14 2.457331e-17
1.257758e+00 1.903679e-14 2.425669e-17
1.257993e+00 1.912699e-14 2.430416e-17
1.258228e+00 1.948209e-14 2.486268e-17
1.258463e+00 1.965911e-14 2.524415e-17
1.258698e+00 1.955591e-14 2.551849e-17
1.258933e+00 1.904723e-14 2.478792e-17
1.259168e+00 1.923348e-14 2.296008e-17
1.259403e+00 1.894396e-14 2.309437e-17
1.259638e+00 1.866850e-14 2.473348e-17
1.259873e+00 1.901546e-14 2.626697e-17
1.260108e+00 1.918760e-14 2.899857e-17
1.260343e+00 1.911266e-14 3.010583e-17
1.260578e+00 1.907750e-14 3.007048e-17
1.260813e+00 1.966589e-14 3.129988e-17
1.261048e+00 1.963868e-14 3.110349e-17
1.261283e+00 1.972432e-14 2.730512e-17
1.261518e+00 1.985082e-14 2.652836e-17
1.261753e+00 1.974156e-14 2.578735e-17
1.261988e+00 1.943959e-14 2.237585e-17
1.262223e+00 1.911758e-14 2.139342e-17
1.262458e+00 1.904633e-14 2.124631e-17
1.262693e+00 1.959559e-14 2.476983e-17
1.262928e+00 1.996043e-14 2.578411e-17
1.263163e+00 1.957474e-14 2.503211e-17
1.263398e+00 1.946867e-14 2.454878e-17
1.263633e+00 1.886212e-14 2.260979e-17
1.263868e+00 1.875046e-14 1.994270e-17
1.264103e+00 1.899970e-14 2.294447e-17
1.264338e+00 1.917886e-14 2.024660e-17
1.264573e+00 1.925266e-14 1.968640e-17
1.264808e+00 1.933614e-14 1.943380e-17
1.265043e+00 1.948679e-14 1.940058e-17
1.265278e+00 1.989497e-14 1.938984e-17
1.265513e+00 2.000850e-14 1.953279e-17
1.265748e+00 nan nan
1.265983e+00 1.953653e-14 2.239710e-17
1.266218e+00 1.934680e-14 1.925151e-17
1.266453e+00 1.957943e-14 1.827883e-17
1.266688e+00 1.977918e-14 1.782756e-17
1.266923e+00 1.979556e-14 1.591558e-17
1.267158e+00 2.000316e-14 1.494224e-17
1.267393e+00 2.016171e-14 1.550557e-17
1.267628e+00 2.010993e-14 1.650804e-17
1.267863e+00 1.982867e-14 1.646082e-17
1.268098e+00 1.941208e-14 1.634206e-17
1.268333e+00 1.921762e-14 1.514610e-17
1.268568e+00 1.972382e-14 1.543828e-17
1.268803e+00 1.984522e-14 1.586891e-17
1.269038e+00 1.999496e-14 1.732683e-17
1.269273e+00 2.006712e-14 1.702669e-17
1.269508e+00 2.001145e-14 1.600983e-17
1.269743e+00 1.997544e-14 1.621655e-17
1.269978e+00 1.968817e-14 1.639430e-17
1.270213e+00 1.956614e-14 1.613570e-17
1.270448e+00 1.966261e-14 1.645733e-17
1.270683e+00 1.966480e-14 1.816824e-17
1.270918e+00 1.984002e-14 2.029700e-17
1.271153e+00 1.989199e-14 2.093812e-17
1.271388e+00 1.976237e-14 2.134040e-17
1.271623e+00 1.954091e-14 2.118092e-17
1.271858e+00 1.992305e-14 2.149305e-17
1.272093e+00 1.999765e-14 1.867220e-17
1.272328e+00 1.996367e-14 1.726767e-17
1.272563e+00 2.000552e-14 1.746082e-17
1.272798e+00 2.013438e-14 1.744108e-17
1.273033e+00 nan nan
1.273268e+00 nan nan
1.273503e+00 1.980855e-14 1.759165e-17
1.273738e+00 1.961516e-14 1.720321e-17
1.273973e+00 1.938551e-14 1.719719e-17
1.274208e+00 1.906486e-14 1.591045e-17
1.274443e+00 1.925295e-14 1.561915e-17
1.274678e+00 1.959235e-14 1.570006e-17
1.274913e+00 1.988742e-14 1.602368e-17
1.275148e+00 2.023909e-14 1.632469e-17
1.275383e+00 2.000257e-14 1.567147e-17
1.275618e+00 1.972083e-14 1.594620e-17
1.275853e+00 1.977945e-14 1.730618e-17
1.276088e+00 2.011281e-14 1.706928e-17
1.276323e+00 2.026683e-14 1.591169e-17
1.276558e+00 nan nan
1.276793e+00 2.044176e-14 3.526483e-17
1.277028e+00 2.009697e-14 1.574142e-17
1.277263e+00 2.034252e-14 1.566806e-17
1.277498e+00 2.052026e-14 1.550646e-17
1.277733e+00 2.050032e-14 1.556104e-17
1.277968e+00 2.014374e-14 1.527620e-17
1.278203e+00 2.000949e-14 1.654450e-17
1.278438e+00 1.998362e-14 1.579496e-17
1.278673e+00 1.948208e-14 1.606267e-17
1.278908e+00 1.965944e-14 1.691927e-17
1.279143e+00 2.014591e-14 1.672374e-17
1.279378e+00 2.044037e-14 1.706062e-17
1.279613e+00 2.057017e-14 1.724699e-17
1.279848e+00 2.051692e-14 1.730015e-17
1.280083e+00 2.027196e-14 1.759350e-17
1.280318e+00 2.015406e-14 1.744463e-17
1.280553e+00 2.022870e-14 1.950418e-17
1.280788e+00 2.027738e-14 2.247137e-17
1.281023e+00 2.034787e-14 2.426333e-17
1.281258e+00 2.031703e-14 2.625661e-17
1.281493e+00 2.005483e-14 2.405975e-17
1.281728e+00 2.019603e-14 2.574893e-17
1.281963e+00 2.051482e-14 2.655030e-17
1.282198e+00 2.080245e-14 3.122999e-17
1.282433e+00 2.031625e-14 3.554858e-17
1.282668e+00 1.961813e-14 3.544156e-17
1.282903e+00 1.997916e-14 3.883290e-17
1.283138e+00 2.003656e-14 4.060598e-17
1.283373e+00 1.936668e-14 3.935185e-17
1.283608e+00 1.947127e-14 3.846501e-17
1.283843e+00 2.011088e-14 3.801951e-17
1.284078e+00 1.983864e-14 3.250427e-17
1.284313e+00 1.984823e-14 2.663926e-17
1.284548e+00 1.988088e-14 2.335231e-17
1.284783e+00 2.000906e-14 2.218684e-17
1.285018e+00 1.969597e-14 2.131148e-17
1.285253e+00 1.997197e-14 2.109050e-17
1.285488e+00 2.016937e-14 2.122602e-17
1.285723e+00 1.968925e-14 2.060592e-17
1.285958e+00 1.924950e-14 2.004199e-17
1.286193e+00 1.878885e-14 1.971210e-17
1.286428e+00 1.954010e-14 2.570614e-17
1.286663e+00 1.959734e-14 2.083661e-17
1.286898e+00 1.969433e-14 2.058430e-17
1.287133e+00 2.018429e-14 2.095555e-17
1.287368e+00 2.053654e-14 2.109337e-17
1.287603e+00 2.026173e-14 2.059736e-17
1.287838e+00 1.975013e-14 1.992491e-17
1.288073e+00 1.936689e-14 1.969323e-17
1.288308e+00 1.917688e-14 1.929379e-17
1.288543e+00 1.942742e-14 1.919130e-17
1.288778e+00 1.965304e-14 1.951982e-17
1.289013e+00 1.992166e-14 2.035982e-17
1.289248e+00 2.023757e-14 2.091808e-17
1.289483e+00 2.044994e-14 2.173462e-17
1.289718e+00 2.056603e-14 2.149155e-17
1.289953e+00 2.032329e-14 2.054188e-17
1.290188e+00 1.941251e-14 2.019688e-17
1.290423e+00 1.923063e-14 1.985808e-17
1.290658e+00 1.973194e-14 2.039200e-17
1.290893e+00 1.994827e-14 2.107926e-17
1.291128e+00 1.969898e-14 2.177257e-17
1.291363e+00 2.007806e-14 2.543986e-17
1.291598e+00 1.995619e-14 2.040776e-17
1.291833e+00 1.974772e-14 2.030836e-17
1.292068e+00 1.952628e-14 2.111773e-17
1.292303e+00 1.990030e-14 2.191217e-17
1.292538e+00 2.015658e-14 2.214868e-17
1.292773e+00 1.983871e-14 1.994928e-17
1.293008e+00 1.982677e-14 1.755942e-17
1.293243e+00 1.986702e-14 1.953702e-17
1.293478e+00 1.978753e-14 2.215508e-17
1.293713e+00 2.028750e-14 2.212598e-17
1.293948e+00 2.032205e-14 2.081071e-17
1.294183e+00 2.029332e-14 1.994167e-17
1.294418e+00 2.008560e-14 1.918974e-17
1.294653e+00 1.974581e-14 2.043507e-17
1.294888e+00 2.001508e-14 2.074151e-17
1.295123e+00 2.074384e-14 2.184036e-17
1.295358e+00 2.089744e-14 2.225225e-17
1.295593e+00 2.028427e-14 2.068510e-17
1.295828e+00 2.014855e-14 1.876641e-17
1.296063e+00 2.000825e-14 1.861333e-17
1.296298e+00 1.984520e-14 1.856006e-17
1.296533e+00 2.010821e-14 1.805632e-17
1.296768e+00 1.997422e-14 1.687272e-17
1.297003e+00 1.990261e-14 1.677625e-17
1.297238e+00 1.982964e-14 1.687725e-17
1.297473e+00 1.996447e-14 1.711748e-17
1.297708e+00 2.009995e-14 1.822988e-17
1.297943e+00 1.989863e-14 1.947123e-17
1.298178e+00 1.987628e-14 1.851330e-17
1.298413e+00 1.989577e-14 1.708963e-17
1.298648e+00 2.011447e-14 1.646969e-17
1.298883e+00 2.045899e-14 1.668226e-17
1.299118e+00 2.061867e-14 1.755216e-17
1.299353e+00 2.024549e-14 1.839157e-17
1.299588e+00 2.035251e-14 2.012219e-17
1.299823e+00 2.065749e-14 2.080941e-17
1.300058e+00 2.020471e-14 2.068994e-17
1.300293e+00 1.974170e-14 2.019187e-17
1.300528e+00 1.986147e-14 2.008735e-17
1.300763e+00 2.019729e-14 1.998542e-17
1.300998e+00 1.989387e-14 1.902769e-17
1.301233e+00 1.938300e-14 1.768650e-17
1.301468e+00 1.961138e-14 1.752934e-17
1.301703e+00 2.023863e-14 1.821642e-17
1.301938e+00 2.050660e-14 1.867238e-17
1.302173e+00 2.001243e-14 1.854782e-17
1.302408e+00 1.956105e-14 1.772929e-17
1.302643e+00 1.992769e-14 1.727683e-17
1.302878e+00 2.021554e-14 1.696665e-17
1.303113e+00 2.010291e-14 1.727466e-17
1.303348e+00 2.008255e-14 1.741966e-17
1.303583e+00 2.002535e-14 1.735682e-17
1.303818e+00 2.035580e-14 1.952395e-17
1.304053e+00 nan nan
1.304288e+00 2.008425e-14 1.921122e-17
1.304523e+00 2.001139e-14 1.964986e-17
1.304758e+00 1.989816e-14 2.060677e-17
1.304993e+00 2.014046e-14 2.124736e-17
1.305228e+00 2.026126e-14 2.017226e-17
1.305463e+00 2.044624e-14 2.118813e-17
1.305698e+00 2.031149e-14 2.265013e-17
1.305933e+00 1.986639e-14 2.256205e-17
1.306168e+00 1.987335e-14 2.325545e-17
1.306403e+00 2.002274e-14 2.332397e-17
1.306638e+00 2.011753e-14 2.332162e-17
1.306873e+00 1.991852e-14 2.324964e-17
1.307108e+00 1.971435e-14 2.303763e-17
1.307343e+00 1.992285e-14 2.330525e-17
1.307578e+00 2.016602e-14 2.423522e-17
1.307813e+00 1.984323e-14 2.487706e-17
1.308048e+00 1.926537e-14 2.309275e-17
1.308283e+00 1.935781e-14 2.122880e-17
1.308518e+00 1.982815e-14 1.733354e-17
1.308753e+00 2.000442e-14 2.393184e-17
1.308988e+00 2.014464e-14 2.311316e-17
1.309223e+00 2.001020e-14 1.794549e-17
1.309458e+00 1.984359e-14 1.776057e-17
1.309693e+00 1.949222e-14 1.709374e-17
1.309928e+00 1.904444e-14 1.549205e-17
1.310163e+00 1.966052e-14 1.845087e-17
1.310398e+00 2.075411e-14 3.723794e-17
1.310633e+00 2.053369e-14 2.327833e-17
1.310868e+00 2.066356e-14 1.105824e-16
1.311103e+00 1.956508e-14 1.698894e-17
1.311338e+00 nan nan
1.311573e+00 nan nan
1.311808e+00 nan nan
1.312043e+00 nan nan
1.312278e+00 nan nan
1.312513e+00 nan nan
1.312748e+00 nan nan
1.312983e+00 nan nan
1.313218e+00 nan nan
1.313453e+00 1.997806e-14 1.585493e-17
1.313688e+00 2.018328e-14 1.666279e-17
1.313923e+00 2.018556e-14 1.792857e-17
1.314158e+00 1.977995e-14 1.942680e-17
1.314393e+00 2.002881e-14 1.982319e-17
1.314628e+00 1.932619e-14 1.744868e-17
1.314863e+00 1.938631e-14 1.591815e-17
1.315098e+00 2.046969e-14 2.265582e-17
1.315333e+00 1.905404e-14 1.802031e-17
1.315568e+00 1.905315e-14 1.554373e-17
1.315803e+00 1.912542e-14 1.547563e-17
1.316038e+00 1.954229e-14 1.622260e-17
1.316273e+00 1.941841e-14 2.190547e-17
1.316508e+00 1.939179e-14 2.365263e-17
1.316743e+00 2.075542e-14 3.049761e-17
1.316978e+00 2.037563e-14 2.622889e-17
1.317213e+00 1.952500e-14 1.952908e-17
1.317448e+00 1.952608e-14 2.142099e-17
1.317683e+00 1.952480e-14 2.167658e-17
1.317918e+00 1.920352e-14 2.169429e-17
1.318153e+00 1.915385e-14 2.274179e-17
1.318388e+00 1.968408e-14 2.370198e-17
1.318623e+00 nan nan
1.318858e+00 nan nan
1.319093e+00 2.032954e-14 2.418234e-17
1.319328e+00 2.001369e-14 2.501618e-17
1.319563e+00 1.964686e-14 2.773100e-17
1.319798e+00 1.995954e-14 2.880931e-17
1.320033e+00 1.952937e-14 2.823582e-17
1.320268e+00 1.883880e-14 2.695424e-17
1.320503e+00 1.905064e-14 2.706836e-17
1.320738e+00 1.927726e-14 2.606396e-17
1.320973e+00 1.927989e-14 2.262722e-17
1.321208e+00 1.914578e-14 1.948147e-17
1.321443e+00 1.915200e-14 1.595063e-17
1.321678e+00 1.955252e-14 1.448729e-17
1.321913e+00 1.971840e-14 1.429571e-17
1.322148e+00 1.950654e-14 1.420204e-17
1.322383e+00 1.970236e-14 1.437266e-17
1.322618e+00 2.037776e-14 1.502697e-17
1.322853e+00 2.044035e-14 1.499968e-17
1.323088e+00 1.949332e-14 1.439321e-17
1.323323e+00 1.902316e-14 1.415569e-17
1.323558e+00 1.898733e-14 1.419109e-17
1.323793e+00 1.887928e-14 1.437403e-17
1.324028e+00 1.874729e-14 1.406280e-17
1.324263e+00 1.966530e-14 1.465359e-17
1.324498e+00 2.018341e-14 1.501507e-17
1.324733e+00 1.977652e-14 1.431965e-17
1.324968e+00 1.894005e-14 1.347821e-17
1.325203e+00 1.837737e-14 1.334293e-17
1.325438e+00 1.811573e-14 1.341116e-17
1.325673e+00 1.859655e-14 1.369732e-17
1.325908e+00 1.986421e-14 3.917800e-17
1.326143e+00 2.015778e-14 3.867503e-17
1.326378e+00 nan nan
1.326613e+00 2.061865e-14 1.467613e-17
1.326848e+00 1.929699e-14 1.405280e-17
1.327083e+00 1.844765e-14 3.708407e-17
1.327318e+00 1.906456e-14 1.404810e-17
1.327553e+00 1.955361e-14 1.438488e-17
1.327788e+00 1.927815e-14 1.407223e-17
1.328023e+00 1.868160e-14 1.383388e-17
1.328258e+00 1.838883e-14 1.400369e-17
1.328493e+00 1.913964e-14 1.782055e-17
1.328728e+00 1.913784e-14 1.475038e-17
1.328963e+00 1.874025e-14 1.535742e-17
1.329198e+00 1.807576e-14 1.493589e-17
1.329433e+00 1.757971e-14 1.456578e-17
1.329668e+00 1.722447e-14 1.403118e-17
1.329903e+00 1.725770e-14 1.410778e-17
1.330138e+00 1.769217e-14 1.452078e-17
1.330373e+00 1.793430e-14 1.489865e-17
1.330608e+00 1.810122e-14 1.519747e-17
1.330843e+00 1.819051e-14 1.567766e-17
1.331078e+00 1.783423e-14 1.539970e-17
1.331313e+00 1.715522e-14 1.521125e-17
1.331548e+00 1.659454e-14 1.473488e-17
1.331783e+00 1.630489e-14 1.460433e-17
1.332018e+00 1.546063e-14 1.401607e-17
1.332253e+00 1.455894e-14 1.306132e-17
1.332488e+00 1.425991e-14 1.262709e-17
1.332723e+00 1.538444e-14 1.350890e-17
1.332958e+00 1.698437e-14 1.486924e-17
1.333193e+00 1.703837e-14 1.498350e-17
1.333428e+00 1.649893e-14 1.795629e-17
1.333663e+00 1.757992e-14 2.507513e-17
1.333898e+00 1.691560e-14 1.539252e-17
1.334133e+00 1.513114e-14 1.392131e-17
1.334368e+00 1.455641e-14 1.353042e-17
1.334603e+00 1.360356e-14 1.280110e-17
1.334838e+00 1.193170e-14 1.120553e-17
1.335073e+00 1.186428e-14 1.101658e-17
1.335308e+00 1.279347e-14 1.211867e-17
1.335543e+00 1.318429e-14 1.253824e-17
1.335778e+00 1.316592e-14 1.255574e-17
1.336013e+00 1.381701e-14 1.334061e-17
1.336248e+00 1.484246e-14 1.419006e-17
1.336483e+00 1.424157e-14 1.359267e-17
1.336718e+00 1.413628e-14 1.357600e-17
1.336953e+00 1.389072e-14 1.335295e-17
1.337188e+00 1.253135e-14 1.222649e-17
1.337423e+00 1.238226e-14 1.169865e-17
1.337658e+00 1.364150e-14 1.327682e-17
1.337893e+00 1.411031e-14 1.363137e-17
1.338128e+00 1.420185e-14 1.378613e-17
1.338363e+00 1.431143e-14 1.401264e-17
1.338598e+00 1.444084e-14 1.397316e-17
1.338833e+00 1.482772e-14 1.445977e-17
1.339068e+00 1.468914e-14 1.771974e-17
1.339303e+00 1.380674e-14 1.681093e-17
1.339538e+00 nan nan
1.339773e+00 1.520751e-14 1.363545e-17
1.340008e+00 1.478941e-14 3.519555e-17
1.340243e+00 1.423132e-14 3.508723e-17
1.340478e+00 1.463281e-14 3.519185e-17
1.340713e+00 1.415419e-14 1.415105e-17
1.340948e+00 1.421492e-14 1.377832e-17
1.341183e+00 1.421473e-14 1.374481e-17
1.341418e+00 1.418078e-14 1.369110e-17
1.341653e+00 1.343555e-14 1.330203e-17
1.341888e+00 1.270728e-14 1.285967e-17
1.342123e+00 1.248044e-14 1.266243e-17
1.342358e+00 1.255309e-14 1.295016e-17
1.342593e+00 1.275489e-14 1.308917e-17
1.342828e+00 1.235111e-14 1.277028e-17
1.343063e+00 1.164864e-14 1.225401e-17
1.343298e+00 1.204392e-14 1.419615e-17
1.343533e+00 1.332310e-14 1.851365e-17
1.343768e+00 1.410890e-14 1.366237e-17
1.344003e+00 1.359107e-14 1.320173e-17
1.344238e+00 1.364315e-14 1.361561e-17
1.344473e+00 1.311791e-14 1.634186e-17
1.344708e+00 1.162971e-14 1.228249e-17
1.344943e+00 1.233930e-14 1.224185e-17
1.345178e+00 1.372652e-14 1.509384e-17
1.345413e+00 1.358248e-14 1.519048e-17
1.345648e+00 1.334793e-14 1.303180e-17
1.345883e+00 1.422011e-14 1.264552e-17
1.346118e+00 1.499292e-14 1.339282e-17
1.346353e+00 1.388554e-14 1.282229e-17
1.346588e+00 1.236331e-14 1.149420e-17
1.346823e+00 1.212732e-14 1.069832e-17
1.347058e+00 1.325255e-14 1.109148e-17
1.347293e+00 1.359371e-14 1.147009e-17
1.347528e+00 1.317451e-14 1.162101e-17
1.347763e+00 1.226002e-14 1.097522e-17
1.347998e+00 1.207367e-14 1.073269e-17
1.348233e+00 1.258304e-14 1.106376e-17
1.348468e+00 1.310601e-14 1.147051e-17
1.348703e+00 1.423625e-14 1.211407e-17
1.348938e+00 1.380981e-14 1.176296e-17
1.349173e+00 1.367734e-14 1.172458e-17
1.349408e+00 1.411986e-14 1.220014e-17
1.349643e+00 1.440206e-14 1.227365e-17
1.349878e+00 1.375040e-14 1.180201e-17
1.350113e+00 1.247639e-14 1.115309e-17
1.350348e+00 1.133549e-14 1.039391e-17
1.350583e+00 1.072899e-14 1.020101e-17
1.350818e+00 1.168226e-14 1.163419e-17
1.351053e+00 1.331054e-14 1.249787e-17
1.351288e+00 nan nan
1.351523e+00 1.274925e-14 1.277433e-17
1.351758e+00 1.216705e-14 1.311253e-17
1.351993e+00 1.216726e-14 1.286225e-17
1.352228e+00 1.211492e-14 1.228453e-17
1.352463e+00 1.178272e-14 1.146964e-17
1.352698e+00 1.174923e-14 1.090277e-17
1.352933e+00 1.230803e-14 1.126883e-17
1.353168e+00 1.295240e-14 1.175095e-17
1.353403e+00 1.342353e-14 1.210302e-17
1.353638e+00 1.272350e-14 1.194629e-17
1.353873e+00 1.185001e-14 1.150127e-17
1.354108e+00 1.169532e-14 1.139669e-17
1.354343e+00 1.168304e-14 1.147527e-17
1.354578e+00 1.160802e-14 1.145490e-17
1.354813e+00 1.146806e-14 1.315459e-17
1.355048e+00 1.184006e-14 1.614395e-17
1.355283e+00 1.270680e-14 1.227502e-17
1.355518e+00 1.288951e-14 1.245410e-17
1.355753e+00 1.178055e-14 1.267933e-17
1.355988e+00 1.190053e-14 1.315746e-17
1.356223e+00 1.295577e-14 1.413740e-17
1.356458e+00 1.276042e-14 1.406352e-17
1.356693e+00 1.301877e-14 1.410172e-17
1.356928e+00 1.297897e-14 1.412559e-17
1.357163e+00 1.276190e-14 1.440983e-17
1.357398e+00 1.272225e-14 1.459572e-17
1.357633e+00 1.201361e-14 1.382508e-17
1.357868e+00 1.213303e-14 1.379933e-17
1.358103e+00 1.280952e-14 1.451500e-17
1.358338e+00 1.243813e-14 1.363378e-17
1.358573e+00 1.184826e-14 1.304775e-17
1.358808e+00 1.182970e-14 1.301089e-17
1.359043e+00 1.200026e-14 1.271362e-17
1.359278e+00 1.199966e-14 1.263081e-17
1.359513e+00 1.097083e-14 1.170752e-17
1.359748e+00 nan nan
1.359983e+00 1.230128e-14 1.284727e-17
1.360218e+00 1.303643e-14 1.336957e-17
1.360453e+00 1.320599e-14 1.377508e-17
1.360688e+00 1.290690e-14 1.399077e-17
1.360923e+00 1.267994e-14 1.408342e-17
1.361158e+00 1.235154e-14 1.364189e-17
1.361393e+00 1.192843e-14 1.336022e-17
1.361628e+00 1.126643e-14 1.292267e-17
1.361863e+00 1.078026e-14 1.286260e-17
1.362098e+00 1.088669e-14 1.265261e-17
1.362333e+00 1.064345e-14 1.160836e-17
1.362568e+00 nan nan
1.362803e+00 nan nan
1.363038e+00 1.169827e-14 1.445860e-17
1.363273e+00 1.200034e-14 1.189258e-17
1.363508e+00 1.265940e-14 1.221221e-17
1.363743e+00 1.301269e-14 1.149295e-17
1.363978e+00 1.312361e-14 1.110672e-17
1.364213e+00 1.248616e-14 1.065074e-17
1.364448e+00 1.163553e-14 1.036400e-17
1.364683e+00 1.107033e-14 1.007072e-17
1.364918e+00 1.106687e-14 1.042506e-17
1.365153e+00 1.208817e-14 1.195159e-17
1.365388e+00 1.277629e-14 1.269746e-17
1.365623e+00 1.286687e-14 1.377734e-17
1.365858e+00 1.324235e-14 1.561978e-17
1.366093e+00 1.309796e-14 1.595763e-17
1.366328e+00 1.240792e-14 1.547784e-17
1.366563e+00 1.201366e-14 1.486366e-17
1.366798e+00 1.188159e-14 1.434729e-17
1.367033e+00 1.209180e-14 1.454810e-17
1.367268e+00 1.235071e-14 1.489258e-17
1.367503e+00 1.217542e-14 1.384172e-17
1.367738e+00 1.196030e-14 1.267476e-17
1.367973e+00 1.209857e-14 1.247152e-17
1.368208e+00 1.248715e-14 1.287904e-17
1.368443e+00 1.249613e-14 1.322311e-17
1.368678e+00 1.187327e-14 1.277858e-17
1.368913e+00 1.198129e-14 1.295190e-17
1.369148e+00 1.225702e-14 1.469699e-17
1.369383e+00 1.212676e-14 1.235123e-17
1.369618e+00 1.198095e-14 1.187245e-17
1.369853e+00 1.217934e-14 1.194838e-17
1.370088e+00 1.209298e-14 1.205192e-17
1.370323e+00 1.196938e-14 1.210720e-17
1.370558e+00 1.203024e-14 1.222333e-17
1.370793e+00 1.152645e-14 1.200545e-17
1.371028e+00 1.083737e-14 1.207537e-17
1.371263e+00 1.093679e-14 1.248696e-17
1.371498e+00 1.099361e-14 1.246509e-17
1.371733e+00 1.141991e-14 1.259792e-17
1.371968e+00 1.222567e-14 1.285589e-17
1.372203e+00 1.239963e-14 1.229506e-17
1.372438e+00 1.197657e-14 1.164913e-17
1.372673e+00 1.214952e-14 1.217731e-17
1.372908e+00 1.207450e-14 1.258474e-17
1.373143e+00 1.160056e-14 1.158179e-17
1.373378e+00 1.180682e-14 1.141563e-17
1.373613e+00 1.180869e-14 1.173711e-17
1.373848e+00 1.113978e-14 1.151509e-17
1.374083e+00 1.092948e-14 1.147827e-17
1.374318e+00 1.110566e-14 1.157825e-17
1.374553e+00 1.115018e-14 1.146017e-17
1.374788e+00 1.158632e-14 1.180525e-17
1.375023e+00 1.192517e-14 1.435564e-17
1.375258e+00 1.200422e-14 1.632591e-17
1.375493e+00 1.233615e-14 1.703644e-17
1.375728e+00 1.212014e-14 1.648664e-17
1.375963e+00 1.150968e-14 1.586647e-17
1.376198e+00 1.160768e-14 1.600729e-17
1.376433e+00 1.192141e-14 1.643723e-17
1.376668e+00 1.183382e-14 1.694393e-17
1.376903e+00 1.165022e-14 1.677910e-17
1.377138e+00 1.195939e-14 1.739567e-17
1.377373e+00 1.245283e-14 2.133282e-17
1.377608e+00 1.217342e-14 3.219547e-17
1.377843e+00 1.241632e-14 1.636353e-17
1.378078e+00 1.201853e-14 1.588067e-17
1.378313e+00 1.162981e-14 1.486586e-17
1.378548e+00 1.127457e-14 1.246070e-17
1.378783e+00 1.129786e-14 1.051666e-17
1.379018e+00 1.128654e-14 1.025345e-17
1.379253e+00 1.194179e-14 1.268306e-17
1.379488e+00 1.217844e-14 1.053944e-17
1.379723e+00 1.215293e-14 1.069184e-17
1.379958e+00 1.232472e-14 1.100329e-17
1.380193e+00 1.288468e-14 1.080909e-17
1.380428e+00 1.276290e-14 1.029564e-17
1.380663e+00 1.220111e-14 1.017059e-17
1.380898e+00 1.250283e-14 1.028901e-17
1.381133e+00 1.248335e-14 1.057521e-17
1.381368e+00 1.239622e-14 1.095710e-17
1.381603e+00 1.292122e-14 1.074305e-17
1.381838e+00 1.334447e-14 1.100982e-17
1.382073e+00 1.320974e-14 1.118346e-17
1.382308e+00 1.246385e-14 1.119649e-17
1.382543e+00 1.130334e-14 1.071850e-17
1.382778e+00 1.080663e-14 1.025856e-17
1.383013e+00 1.153030e-14 1.082254e-17
1.383248e+00 1.228891e-14 1.107749e-17
1.383483e+00 1.240392e-14 1.154805e-17
1.383718e+00 1.166795e-14 2.739756e-17
1.383953e+00 1.254366e-14 1.372006e-17
1.384188e+00 1.273861e-14 1.425277e-17
1.384423e+00 1.238871e-14 1.391285e-17
1.384658e+00 1.252959e-14 1.411575e-17
1.384893e+00 1.240062e-14 1.399468e-17
1.385128e+00 1.223916e-14 1.348538e-17
1.385363e+00 1.288388e-14 1.409558e-17
1.385598e+00 1.260141e-14 1.405029e-17
1.385833e+00 1.161188e-14 1.287963e-17
1.386068e+00 1.221945e-14 1.832677e-17
1.386303e+00 1.234314e-14 1.382858e-17
1.386538e+00 1.225363e-14 1.333054e-17
1.386773e+00 1.230992e-14 1.296377e-17
1.387008e+00 1.257799e-14 1.260266e-17
1.387243e+00 1.301923e-14 1.253943e-17
1.387478e+00 1.338109e-14 1.395268e-17
1.387713e+00 1.311657e-14 1.409067e-17
1.387948e+00 1.193539e-14 1.193131e-17
1.388183e+00 1.091717e-14 1.155193e-17
1.388418e+00 1.239340e-14 2.705606e-17
1.388653e+00 1.217151e-14 1.272349e-17
1.388888e+00 1.273593e-14 1.304405e-17
1.389123e+00 1.364759e-14 1.756430e-17
1.389358e+00 1.354999e-14 1.484172e-17
1.389593e+00 1.244525e-14 1.251353e-17
1.389828e+00 1.160570e-14 1.194363e-17
1.390063e+00 1.167796e-14 1.188343e-17
1.390298e+00 1.176246e-14 1.173435e-17
1.390533e+00 1.147067e-14 1.132641e-17
1.390768e+00 1.067529e-14 1.064394e-17
1.391003e+00 nan nan
1.391238e+00 nan nan
1.391473e+00 1.163896e-14 1.111146e-17
1.391708e+00 1.127766e-14 1.070850e-17
1.391943e+00 1.114835e-14 1.050204e-17
1.392178e+00 1.144711e-14 1.051483e-17
1.392413e+00 1.120238e-14 1.013385e-17
1.392648e+00 1.080844e-14 9.942856e-18
1.392883e+00 1.096120e-14 1.011198e-17
1.393118e+00 1.178023e-14 1.088689e-17
1.393353e+00 1.189897e-14 1.069435e-17
1.393588e+00 1.153862e-14 1.028411e-17
1.393823e+00 1.122404e-14 1.047618e-17
1.394058e+00 1.169354e-14 1.103341e-17
1.394293e+00 1.219215e-14 1.144753e-17
1.394528e+00 1.242647e-14 1.159657e-17
1.394763e+00 1.215096e-14 1.141940e-17
1.394998e+00 1.196356e-14 1.131972e-17
1.395233e+00 1.156777e-14 1.135584e-17
1.395468e+00 1.099000e-14 1.069280e-17
1.395703e+00 1.109732e-14 9.871836e-18
1.395938e+00 1.234805e-14 1.104471e-17
1.396173e+00 1.296136e-14 1.163585e-17
1.396408e+00 1.226166e-14 1.139016e-17
1.396643e+00 1.191559e-14 1.067812e-17
1.396878e+00 1.120944e-14 1.562286e-17
1.397113e+00 1.106497e-14 1.467535e-17
1.397348e+00 1.125804e-14 1.063055e-17
1.397583e+00 1.147426e-14 1.181515e-17
1.397818e+00 1.140210e-14 1.174075e-17
1.398053e+00 1.113347e-14 1.056110e-17
1.398288e+00 1.086248e-14 1.047510e-17
1.398523e+00 1.071547e-14 1.039715e-17
1.398758e+00 1.063322e-14 1.029535e-17
1.398993e+00 1.121355e-14 1.070673e-17
1.399228e+00 1.173505e-14 1.114555e-17
1.399463e+00 1.131271e-14 1.078321e-17
1.399698e+00 1.104070e-14 1.053791e-17
1.399933e+00 1.087865e-14 1.046457e-17
1.400168e+00 1.134490e-14 1.075552e-17
1.400403e+00 1.163465e-14 1.096929e-17
1.400638e+00 1.082844e-14 1.060178e-17
1.400873e+00 1.051248e-14 1.031858e-17
1.401108e+00 1.039792e-14 1.025040e-17
1.401343e+00 1.071048e-14 1.043033e-17
1.401578e+00 1.087867e-14 1.045467e-17
1.401813e+00 1.154706e-14 1.092001e-17
1.402048e+00 1.184417e-14 1.312152e-17
1.402283e+00 nan nan
1.402518e+00 1.068218e-14 1.228836e-17
1.402753e+00 1.095688e-14 1.074966e-17
1.402988e+00 1.093229e-14 1.293821e-17
1.403223e+00 1.137846e-14 1.322651e-17
1.403458e+00 1.185245e-14 1.340351e-17
1.403693e+00 1.162016e-14 1.314580e-17
1.403928e+00 1.079516e-14 1.243939e-17
1.404163e+00 1.047272e-14 1.237228e-17
1.404398e+00 1.036268e-14 1.208942e-17
1.404633e+00 1.116339e-14 1.282963e-17
1.404868e+00 1.090563e-14 1.256906e-17
1.405103e+00 1.058006e-14 1.327184e-17
1.405338e+00 1.078763e-14 1.361282e-17
1.405573e+00 1.120860e-14 1.350740e-17
1.405808e+00 1.170324e-14 1.296320e-17
1.406043e+00 1.224037e-14 1.259320e-17
1.406278e+00 1.242106e-14 1.212513e-17
1.406513e+00 1.199518e-14 1.192951e-17
1.406748e+00 1.119831e-14 1.214691e-17
1.406983e+00 1.071093e-14 1.216460e-17
1.407218e+00 1.072106e-14 1.111437e-17
1.407453e+00 1.106449e-14 1.084300e-17
1.407688e+00 1.135299e-14 1.077635e-17
1.407923e+00 1.157463e-14 1.117089e-17
1.408158e+00 1.172009e-14 1.332346e-17
1.408393e+00 1.070689e-14 1.101185e-17
1.408628e+00 1.043796e-14 1.057873e-17
1.408863e+00 1.027989e-14 1.026583e-17
1.409098e+00 1.045568e-14 9.989073e-18
1.409333e+00 1.075311e-14 1.055600e-17
1.409568e+00 1.074507e-14 1.082086e-17
1.409803e+00 1.115538e-14 1.110676e-17
1.410038e+00 1.142196e-14 1.115246e-17
1.410273e+00 1.091654e-14 1.019453e-17
1.410508e+00 1.035098e-14 9.558073e-18
1.410743e+00 1.065736e-14 9.603230e-18
1.410978e+00 1.114128e-14 1.021265e-17
1.411213e+00 1.080096e-14 1.118798e-17
1.411448e+00 9.601133e-15 1.079923e-17
1.411683e+00 9.585624e-15 3.856623e-17
1.411918e+00 1.057009e-14 1.105466e-17
1.412153e+00 1.042721e-14 1.162308e-17
1.412388e+00 9.522673e-15 1.028886e-17
1.412623e+00 1.021910e-14 1.184235e-17
1.412858e+00 1.112995e-14 1.268012e-17
1.413093e+00 1.144375e-14 1.327405e-17
1.413328e+00 1.115869e-14 1.314359e-17
1.413563e+00 1.088523e-14 1.261062e-17
1.413798e+00 1.128068e-14 1.313842e-17
1.414033e+00 1.105074e-14 1.347897e-17
1.414268e+00 9.953192e-15 1.244405e-17
1.414503e+00 9.607091e-15 1.315892e-17
1.414738e+00 9.073144e-15 1.256538e-17
1.414973e+00 9.566560e-15 1.330634e-17
1.415208e+00 1.039204e-14 1.521873e-17
1.415443e+00 1.093658e-14 1.777932e-17
1.415678e+00 1.094620e-14 1.831844e-17
1.415913e+00 1.056058e-14 1.910472e-17
1.416148e+00 1.024094e-14 2.661840e-17
1.416383e+00 1.053328e-14 3.027776e-17
1.416618e+00 1.023678e-14 3.111442e-17
1.416853e+00 9.529315e-15 3.021792e-17
1.417088e+00 9.533909e-15 3.079130e-17
1.417323e+00 9.981652e-15 3.649125e-17
1.417558e+00 9.685995e-15 3.728943e-17
1.417793e+00 9.439569e-15 3.878558e-17
1.418028e+00 9.404830e-15 4.297571e-17
1.418263e+00 9.564535e-15 4.455703e-17
1.418498e+00 1.013867e-14 5.070365e-17
1.418733e+00 1.036006e-14 5.507320e-17
1.418968e+00 9.529971e-15 6.452493e-17
1.419203e+00 nan nan
1.419438e+00 nan nan
1.419673e+00 nan nan
1.419908e+00 nan nan
1.420143e+00 nan nan
1.420378e+00 nan nan
1.420613e+00 nan nan
1.420848e+00 nan nan
1.421083e+00 nan nan
1.421318e+00 nan nan
1.421553e+00 nan nan
1.421788e+00 nan nan
1.422023e+00 nan nan
1.422258e+00 nan nan
1.422493e+00 nan nan
1.422728e+00 nan nan
1.422963e+00 nan nan
1.423198e+00 nan nan
1.423433e+00 nan nan
1.423668e+00 nan nan
1.423903e+00 nan nan
1.424138e+00 nan nan
1.424373e+00 nan nan
1.424608e+00 nan nan
1.424843e+00 nan nan
1.425078e+00 nan nan
1.425313e+00 nan nan
1.425548e+00 nan nan
1.425783e+00 nan nan
1.426018e+00 nan nan
1.426253e+00 nan nan
1.426488e+00 nan nan
1.426723e+00 nan nan
1.426958e+00 nan nan
1.427193e+00 nan nan
1.427428e+00 nan nan
1.427663e+00 nan nan
1.427898e+00 nan nan
1.428133e+00 nan nan
1.428368e+00 nan nan
1.428603e+00 nan nan
1.428838e+00 nan nan
1.429073e+00 nan nan
1.429308e+00 nan nan
1.429543e+00 nan nan
1.429778e+00 nan nan
1.430013e+00 nan nan
1.430248e+00 nan nan
1.430483e+00 nan nan
1.430718e+00 nan nan
1.430953e+00 nan nan
1.431188e+00 nan nan
1.431423e+00 nan nan
1.431658e+00 nan nan
1.431893e+00 nan nan
1.432128e+00 nan nan
1.432363e+00 nan nan
1.432598e+00 nan nan
1.432833e+00 nan nan
1.433068e+00 nan nan
1.433303e+00 nan nan
1.433538e+00 nan nan
1.433773e+00 nan nan
1.434008e+00 nan nan
1.434243e+00 nan nan
1.434478e+00 nan nan
1.434713e+00 nan nan
1.434948e+00 nan nan
1.435183e+00 nan nan
1.435418e+00 nan nan
1.435653e+00 nan nan
1.435888e+00 nan nan
1.436123e+00 nan nan
1.436358e+00 nan nan
1.436593e+00 nan nan
1.436828e+00 nan nan
1.437063e+00 nan nan
1.437298e+00 nan nan
1.437533e+00 nan nan
1.437768e+00 nan nan
1.438003e+00 nan nan
1.438238e+00 nan nan
1.438473e+00 nan nan
1.438708e+00 nan nan
1.438943e+00 nan nan
1.439178e+00 nan nan
1.439413e+00 nan nan
1.439648e+00 nan nan
1.439883e+00 nan nan
1.440118e+00 nan nan
1.440353e+00 nan nan
1.440588e+00 nan nan
1.440823e+00 nan nan
1.441058e+00 nan nan
1.441293e+00 nan nan
1.441528e+00 nan nan
1.441763e+00 nan nan
1.441998e+00 nan nan
1.442233e+00 nan nan
1.442468e+00 nan nan
1.442703e+00 nan nan
1.442938e+00 nan nan
1.443173e+00 nan nan
1.443408e+00 nan nan
1.443643e+00 nan nan
1.443878e+00 nan nan
1.444113e+00 nan nan
1.444348e+00 nan nan
1.444583e+00 nan nan
1.444818e+00 nan nan
1.445053e+00 nan nan
1.445288e+00 nan nan
1.445523e+00 nan nan
1.445758e+00 nan nan
1.445993e+00 nan nan
1.446228e+00 nan nan
1.446463e+00 nan nan
1.446698e+00 nan nan
1.446933e+00 nan nan
1.447168e+00 nan nan
1.447403e+00 nan nan
1.447638e+00 nan nan
1.447873e+00 nan nan
1.448108e+00 nan nan
1.448343e+00 nan nan
1.448578e+00 nan nan
1.448813e+00 nan nan
1.449048e+00 nan nan
1.449283e+00 nan nan
1.449518e+00 nan nan
1.449753e+00 nan nan
1.449988e+00 nan nan
1.450223e+00 nan nan
1.450458e+00 nan nan
1.450693e+00 nan nan
1.450928e+00 nan nan
1.451163e+00 nan nan
1.451398e+00 nan nan
1.451633e+00 nan nan
1.451868e+00 nan nan
1.452103e+00 nan nan
1.452338e+00 nan nan
1.452573e+00 nan nan
1.452808e+00 nan nan
1.453043e+00 nan nan
1.453278e+00 nan nan
1.453513e+00 nan nan
1.453748e+00 nan nan
1.453983e+00 nan nan
1.454218e+00 nan nan
1.454453e+00 nan nan
1.454688e+00 nan nan
1.454923e+00 nan nan
1.455158e+00 nan nan
1.455393e+00 nan nan
1.455628e+00 nan nan
1.455863e+00 nan nan
1.456098e+00 nan nan
1.456333e+00 nan nan
1.456568e+00 nan nan
1.456803e+00 nan nan
1.457038e+00 nan nan
1.457273e+00 nan nan
1.457508e+00 nan nan
1.457743e+00 nan nan
1.457978e+00 nan nan
1.458213e+00 nan nan
1.458448e+00 nan nan
1.458683e+00 nan nan
1.458918e+00 nan nan
1.459153e+00 nan nan
1.459388e+00 nan nan
1.459623e+00 nan nan
1.459858e+00 nan nan
1.460093e+00 nan nan
1.460328e+00 nan nan
1.460563e+00 nan nan
1.460798e+00 nan nan
1.461033e+00 nan nan
1.461268e+00 nan nan
1.461503e+00 nan nan
1.461738e+00 nan nan
1.461973e+00 nan nan
1.462208e+00 nan nan
1.462443e+00 nan nan
1.462678e+00 nan nan
1.462913e+00 nan nan
1.463148e+00 nan nan
1.463383e+00 nan nan
1.463618e+00 nan nan
1.463853e+00 nan nan
1.464088e+00 nan nan
1.464323e+00 nan nan
1.464558e+00 nan nan
1.464793e+00 nan nan
1.465028e+00 nan nan
1.465263e+00 nan nan
1.465498e+00 nan nan
1.465733e+00 nan nan
1.465968e+00 nan nan
1.466203e+00 nan nan
1.466438e+00 nan nan
1.466673e+00 nan nan
1.466908e+00 nan nan
1.467143e+00 nan nan
1.467378e+00 nan nan
1.467613e+00 nan nan
1.467848e+00 nan nan
1.468083e+00 nan nan
1.468318e+00 nan nan
1.468553e+00 nan nan
1.468788e+00 nan nan
1.469023e+00 nan nan
1.469258e+00 nan nan
1.469493e+00 nan nan
1.469728e+00 nan nan
1.469963e+00 nan nan
1.470198e+00 nan nan
1.470433e+00 nan nan
1.470668e+00 nan nan
1.470903e+00 nan nan
1.471138e+00 nan nan
1.471373e+00 nan nan
1.471608e+00 nan nan
1.471843e+00 nan nan
1.472078e+00 nan nan
1.472313e+00 nan nan
1.472548e+00 nan nan
1.472783e+00 nan nan
1.473018e+00 nan nan
1.473253e+00 nan nan
1.473488e+00 nan nan
1.473723e+00 nan nan
1.473958e+00 nan nan
1.474193e+00 nan nan
1.474428e+00 nan nan
1.474663e+00 nan nan
1.474898e+00 nan nan
1.475133e+00 nan nan
1.475368e+00 nan nan
1.475603e+00 nan nan
1.475838e+00 nan nan
1.476073e+00 nan nan
1.476308e+00 nan nan
1.476543e+00 nan nan
1.476778e+00 nan nan
1.477013e+00 nan nan
1.477248e+00 nan nan
1.477483e+00 nan nan
1.477718e+00 nan nan
1.477953e+00 nan nan
1.478188e+00 nan nan
1.478423e+00 nan nan
1.478658e+00 nan nan
1.478893e+00 nan nan
1.479128e+00 nan nan
1.479363e+00 nan nan
1.479598e+00 nan nan
1.479833e+00 nan nan
1.480068e+00 nan nan
1.480303e+00 9.889378e-15 3.578261e-17
1.480538e+00 1.028071e-14 3.280107e-17
1.480773e+00 1.025250e-14 2.509254e-17
1.481008e+00 1.035771e-14 1.833650e-17
1.481243e+00 1.066459e-14 1.745052e-17
1.481478e+00 1.057750e-14 1.485835e-17
1.481713e+00 9.801994e-15 1.151878e-17
1.481948e+00 9.558642e-15 1.048402e-17
1.482183e+00 9.600277e-15 9.430644e-18
1.482418e+00 1.030030e-14 9.447710e-18
1.482653e+00 1.077266e-14 9.491482e-18
1.482888e+00 1.064890e-14 9.306622e-18
1.483123e+00 1.032744e-14 9.217567e-18
1.483358e+00 1.062178e-14 9.683818e-18
1.483593e+00 1.123865e-14 9.969938e-18
1.483828e+00 1.165263e-14 9.792309e-18
1.484063e+00 1.140318e-14 9.688211e-18
1.484298e+00 1.036345e-14 9.378310e-18
1.484533e+00 1.015246e-14 9.204201e-18
1.484768e+00 1.032798e-14 9.519184e-18
1.485003e+00 1.022005e-14 9.210060e-18
1.485238e+00 1.049671e-14 9.331733e-18
1.485473e+00 1.081723e-14 9.901432e-18
1.485708e+00 1.073535e-14 1.014067e-17
1.485943e+00 1.038071e-14 1.015722e-17
1.486178e+00 1.037833e-14 1.057163e-17
1.486413e+00 1.074970e-14 1.086611e-17
1.486648e+00 1.121034e-14 1.117521e-17
1.486883e+00 1.155178e-14 1.177845e-17
1.487118e+00 1.135936e-14 1.540646e-17
1.487353e+00 1.037755e-14 1.412530e-17
1.487588e+00 1.057555e-14 1.410907e-17
1.487823e+00 1.072874e-14 1.396026e-17
1.488058e+00 1.093478e-14 1.291847e-17
1.488293e+00 1.072404e-14 1.273259e-17
1.488528e+00 1.005010e-14 1.244830e-17
1.488763e+00 9.870003e-15 1.190543e-17
1.488998e+00 1.038296e-14 1.239934e-17
1.489233e+00 1.097615e-14 1.307293e-17
1.489468e+00 1.086823e-14 1.271333e-17
1.489703e+00 1.048819e-14 1.098522e-17
1.489938e+00 1.040265e-14 1.056326e-17
1.490173e+00 1.056106e-14 1.055602e-17
1.490408e+00 1.063593e-14 1.038314e-17
1.490643e+00 1.054117e-14 1.049054e-17
1.490878e+00 1.037681e-14 1.016202e-17
1.491113e+00 1.134197e-14 1.075153e-17
1.491348e+00 1.152903e-14 1.083905e-17
1.491583e+00 1.072983e-14 1.035218e-17
1.491818e+00 1.055139e-14 1.022228e-17
1.492053e+00 1.075244e-14 1.034576e-17
1.492288e+00 1.068223e-14 1.032094e-17
1.492523e+00 1.024562e-14 1.000824e-17
1.492758e+00 9.908495e-15 9.936397e-18
1.492993e+00 1.034629e-14 9.997517e-18
1.493228e+00 1.094539e-14 1.050841e-17
1.493463e+00 1.091209e-14 1.034462e-17
1.493698e+00 1.072942e-14 1.038917e-17
1.493933e+00 1.028915e-14 1.058248e-17
1.494168e+00 9.853224e-15 9.897461e-18
1.494403e+00 1.021956e-14 1.005704e-17
1.494638e+00 1.069331e-14 1.067738e-17
1.494873e+00 1.076774e-14 1.073475e-17
1.495108e+00 1.055992e-14 1.045332e-17
1.495343e+00 1.055720e-14 1.013124e-17
1.495578e+00 1.094940e-14 1.042392e-17
1.495813e+00 1.066163e-14 1.017516e-17
1.496048e+00 1.064773e-14 1.031520e-17
1.496283e+00 1.053043e-14 1.008532e-17
1.496518e+00 1.034535e-14 9.988671e-18
1.496753e+00 1.080573e-14 9.956307e-18
1.496988e+00 1.125500e-14 1.014351e-17
1.497223e+00 1.123343e-14 1.007228e-17
1.497458e+00 1.077045e-14 1.000589e-17
1.497693e+00 1.082385e-14 1.026166e-17
1.497928e+00 1.126133e-14 1.061289e-17
1.498163e+00 1.094548e-14 1.010059e-17
1.498398e+00 1.081094e-14 9.727428e-18
1.498633e+00 1.120709e-14 9.757593e-18
1.498868e+00 1.152694e-14 9.904475e-18
1.499103e+00 1.135423e-14 9.670890e-18
1.499338e+00 1.081735e-14 9.317690e-18
1.499573e+00 1.046046e-14 9.118483e-18
1.499808e+00 1.062982e-14 1.006757e-17
1.500043e+00 1.089626e-14 9.728984e-18
1.500278e+00 1.103190e-14 9.593986e-18
1.500513e+00 1.068905e-14 9.334715e-18
1.500748e+00 1.030420e-14 9.069269e-18
1.500983e+00 1.038193e-14 9.109597e-18
1.501218e+00 1.082441e-14 9.554314e-18
1.501453e+00 1.091710e-14 9.808908e-18
1.501688e+00 1.051365e-14 9.511033e-18
1.501923e+00 1.017844e-14 9.489682e-18
1.502158e+00 1.003552e-14 1.022434e-17
1.502393e+00 1.019089e-14 1.202770e-17
1.502628e+00 1.080531e-14 1.606789e-17
1.502863e+00 1.125336e-14 1.794707e-17
1.503098e+00 1.146488e-14 1.960073e-17
1.503333e+00 1.155325e-14 2.204036e-17
1.503568e+00 1.093043e-14 2.293368e-17
1.503803e+00 1.041043e-14 2.295025e-17
1.504038e+00 1.076772e-14 2.386983e-17
1.504273e+00 1.125441e-14 2.490799e-17
1.504508e+00 1.132916e-14 2.477068e-17
1.504743e+00 1.124224e-14 2.262618e-17
1.504978e+00 1.121658e-14 2.107366e-17
1.505213e+00 1.095612e-14 1.965635e-17
1.505448e+00 1.077247e-14 1.876655e-17
1.505683e+00 1.085796e-14 1.657032e-17
1.505918e+00 1.087729e-14 1.159275e-17
1.506153e+00 1.068325e-14 9.515144e-18
1.506388e+00 1.084262e-14 9.271617e-18
1.506623e+00 1.127599e-14 9.457108e-18
1.506858e+00 1.132379e-14 9.543675e-18
1.507093e+00 1.133582e-14 9.467557e-18
1.507328e+00 1.133109e-14 9.479753e-18
1.507563e+00 1.088456e-14 9.348617e-18
1.507798e+00 1.063520e-14 9.210289e-18
1.508033e+00 1.074501e-14 9.322313e-18
1.508268e+00 1.105214e-14 9.363932e-18
1.508503e+00 1.088612e-14 9.565006e-18
1.508738e+00 1.069003e-14 9.270116e-18
1.508973e+00 1.120121e-14 9.556881e-18
1.509208e+00 1.198365e-14 9.858013e-18
1.509443e+00 1.203087e-14 9.910370e-18
1.509678e+00 1.134301e-14 1.009933e-17
1.509913e+00 1.108272e-14 1.008983e-17
1.510148e+00 1.083222e-14 1.003404e-17
1.510383e+00 1.079167e-14 9.915246e-18
1.510618e+00 1.116758e-14 1.044840e-17
1.510853e+00 1.095623e-14 1.017240e-17
1.511088e+00 1.084817e-14 1.022651e-17
1.511323e+00 1.093387e-14 9.933883e-18
1.511558e+00 1.127743e-14 1.010001e-17
1.511793e+00 1.097046e-14 1.011286e-17
1.512028e+00 1.119109e-14 1.023279e-17
1.512263e+00 1.182509e-14 1.069125e-17
1.512498e+00 nan nan
1.512733e+00 1.075809e-14 1.159884e-17
1.512968e+00 1.099225e-14 1.025456e-17
1.513203e+00 1.061016e-14 1.046499e-17
1.513438e+00 1.002632e-14 9.739170e-18
1.513673e+00 9.970054e-15 9.879819e-18
1.513908e+00 1.009926e-14 9.789929e-18
1.514143e+00 1.098499e-14 1.027911e-17
1.514378e+00 1.163405e-14 1.036989e-17
1.514613e+00 1.206125e-14 1.044057e-17
1.514848e+00 1.159744e-14 1.048820e-17
1.515083e+00 1.113728e-14 1.050385e-17
1.515318e+00 1.115710e-14 1.057270e-17
1.515553e+00 1.163793e-14 1.071057e-17
1.515788e+00 1.178159e-14 1.066962e-17
1.516023e+00 1.162132e-14 1.082373e-17
1.516258e+00 1.076855e-14 1.061161e-17
1.516493e+00 1.038478e-14 1.015914e-17
1.516728e+00 1.068034e-14 1.020705e-17
1.516963e+00 1.087282e-14 1.026568e-17
1.517198e+00 1.038190e-14 9.885231e-18
1.517433e+00 9.728783e-15 9.857354e-18
1.517668e+00 9.649030e-15 9.870385e-18
1.517903e+00 1.016982e-14 1.057690e-17
1.518138e+00 1.122201e-14 1.122530e-17
1.518373e+00 1.197699e-14 1.163878e-17
1.518608e+00 1.145628e-14 1.117432e-17
1.518843e+00 1.096477e-14 1.081530e-17
1.519078e+00 1.097661e-14 1.082074e-17
1.519313e+00 1.111551e-14 1.083329e-17
1.519548e+00 1.117600e-14 1.090345e-17
1.519783e+00 1.116910e-14 1.072960e-17
1.520018e+00 1.098719e-14 1.053523e-17
1.520253e+00 1.082707e-14 1.054254e-17
1.520488e+00 1.102393e-14 1.055154e-17
1.520723e+00 1.143013e-14 1.076169e-17
1.520958e+00 1.168787e-14 1.043927e-17
1.521193e+00 1.191842e-14 1.106674e-17
1.521428e+00 1.204016e-14 1.071933e-17
1.521663e+00 1.186542e-14 1.197546e-17
1.521898e+00 1.152283e-14 1.226740e-17
1.522133e+00 1.147395e-14 9.945327e-18
1.522368e+00 1.158956e-14 9.804555e-18
1.522603e+00 1.115447e-14 9.519659e-18
1.522838e+00 1.090563e-14 1.167193e-17
1.523073e+00 1.119314e-14 9.850957e-18
1.523308e+00 1.194977e-14 1.002360e-17
1.523543e+00 1.188574e-14 1.006807e-17
1.523778e+00 1.186345e-14 9.909214e-18
1.524013e+00 1.152935e-14 9.670296e-18
1.524248e+00 1.106530e-14 9.694143e-18
1.524483e+00 1.095854e-14 9.817202e-18
1.524718e+00 1.085142e-14 9.411271e-18
1.524953e+00 1.076854e-14 9.314885e-18
1.525188e+00 1.101614e-14 9.518180e-18
1.525423e+00 1.121492e-14 9.760509e-18
1.525658e+00 1.144831e-14 1.028000e-17
1.525893e+00 1.113933e-14 1.026634e-17
1.526128e+00 1.042961e-14 9.946175e-18
1.526363e+00 1.063824e-14 9.967641e-18
1.526598e+00 1.126663e-14 1.041243e-17
1.526833e+00 1.111015e-14 1.034199e-17
1.527068e+00 1.100548e-14 1.021675e-17
1.527303e+00 1.131024e-14 1.040220e-17
1.527538e+00 1.121466e-14 1.040109e-17
1.527773e+00 1.109116e-14 1.000836e-17
1.528008e+00 1.115126e-14 9.980497e-18
1.528243e+00 1.122655e-14 1.052199e-17
1.528478e+00 1.143301e-14 1.079414e-17
1.528713e+00 1.148065e-14 1.091659e-17
1.528948e+00 1.185399e-14 1.117555e-17
1.529183e+00 1.167546e-14 1.104350e-17
1.529418e+00 1.114699e-14 1.036227e-17
1.529653e+00 1.148798e-14 1.019216e-17
1.529888e+00 1.191133e-14 1.044351e-17
1.530123e+00 1.167019e-14 1.010129e-17
1.530358e+00 1.168352e-14 1.040027e-17
1.530593e+00 1.170006e-14 1.033439e-17
1.530828e+00 1.176251e-14 1.036766e-17
1.531063e+00 1.180762e-14 1.098152e-17
1.531298e+00 1.156662e-14 1.114378e-17
1.531533e+00 1.137896e-14 1.124888e-17
1.531768e+00 1.126095e-14 1.083813e-17
1.532003e+00 1.084446e-14 1.096012e-17
1.532238e+00 1.029764e-14 1.053638e-17
1.532473e+00 1.041174e-14 1.131826e-17
1.532708e+00 1.072967e-14 1.063163e-17
1.532943e+00 1.062679e-14 1.051912e-17
1.533178e+00 1.105516e-14 1.068621e-17
1.533413e+00 1.196151e-14 1.125759e-17
1.533648e+00 1.210553e-14 1.157128e-17
1.533883e+00 1.189613e-14 1.127619e-17
1.534118e+00 1.175131e-14 1.111057e-17
1.534353e+00 1.175258e-14 1.122224e-17
1.534588e+00 1.145879e-14 1.130135e-17
1.534823e+00 1.119810e-14 1.107696e-17
1.535058e+00 1.098153e-14 1.099299e-17
1.535293e+00 1.127504e-14 1.132404e-17
1.535528e+00 1.149567e-14 1.167963e-17
1.535763e+00 1.111455e-14 1.146647e-17
1.535998e+00 1.146977e-14 1.194243e-17
1.536233e+00 1.208135e-14 1.213519e-17
1.536468e+00 1.153119e-14 1.194347e-17
1.536703e+00 1.120021e-14 1.182301e-17
1.536938e+00 1.142884e-14 1.201242e-17
1.537173e+00 1.152570e-14 1.196521e-17
1.537408e+00 1.130953e-14 1.244415e-17
1.537643e+00 1.108389e-14 1.307179e-17
1.537878e+00 1.111698e-14 1.320865e-17
1.538113e+00 1.096156e-14 1.294238e-17
1.538348e+00 1.107054e-14 1.327053e-17
1.538583e+00 1.124229e-14 1.327448e-17
1.538818e+00 1.163111e-14 1.364130e-17
1.539053e+00 1.211384e-14 1.394828e-17
1.539288e+00 1.195790e-14 1.381078e-17
1.539523e+00 1.128267e-14 1.304836e-17
1.539758e+00 1.106689e-14 1.288431e-17
1.539993e+00 1.131240e-14 1.307366e-17
1.540228e+00 1.149359e-14 1.317710e-17
1.540463e+00 1.112271e-14 1.283310e-17
1.540698e+00 1.079965e-14 1.247865e-17
1.540933e+00 1.056810e-14 1.214033e-17
1.541168e+00 1.073436e-14 1.191790e-17
1.541403e+00 1.179166e-14 1.307150e-17
1.541638e+00 1.213865e-14 1.305076e-17
1.541873e+00 1.170858e-14 1.283081e-17
1.542108e+00 1.140635e-14 1.290869e-17
1.542343e+00 1.091813e-14 1.273436e-17
1.542578e+00 1.070535e-14 1.227343e-17
1.542813e+00 1.111903e-14 1.235739e-17
1.543048e+00 1.150662e-14 1.273677e-17
1.543283e+00 1.133259e-14 1.264831e-17
1.543518e+00 1.106562e-14 1.250573e-17
1.543753e+00 1.103577e-14 1.292765e-17
1.543988e+00 1.101636e-14 1.288352e-17
1.544223e+00 1.113317e-14 1.277497e-17
1.544458e+00 1.140178e-14 1.275308e-17
1.544693e+00 1.161697e-14 1.264475e-17
1.544928e+00 1.152886e-14 1.218518e-17
1.545163e+00 1.150772e-14 1.176795e-17
1.545398e+00 1.185535e-14 1.156487e-17
1.545633e+00 1.211178e-14 1.134108e-17
1.545868e+00 1.197643e-14 1.125052e-17
1.546103e+00 1.208552e-14 1.140260e-17
1.546338e+00 1.211678e-14 1.134354e-17
1.546573e+00 1.178004e-14 1.112153e-17
1.546808e+00 1.153128e-14 1.100087e-17
1.547043e+00 1.146340e-14 1.095580e-17
1.547278e+00 1.132753e-14 1.082585e-17
1.547513e+00 1.112099e-14 1.103268e-17
1.547748e+00 1.102828e-14 1.140133e-17
1.547983e+00 1.130618e-14 1.207873e-17
1.548218e+00 1.160261e-14 1.262571e-17
1.548453e+00 1.174878e-14 1.290003e-17
1.548688e+00 1.178453e-14 1.306655e-17
1.548923e+00 1.157170e-14 1.296087e-17
1.549158e+00 1.149276e-14 1.281148e-17
1.549393e+00 1.178722e-14 1.290406e-17
1.549628e+00 1.216923e-14 1.315999e-17
1.549863e+00 1.242164e-14 1.348152e-17
1.550098e+00 1.200051e-14 1.289798e-17
1.550333e+00 1.125281e-14 1.168688e-17
1.550568e+00 1.098031e-14 1.095167e-17
1.550803e+00 1.080010e-14 1.079529e-17
1.551038e+00 1.087357e-14 1.075687e-17
1.551273e+00 1.159582e-14 1.113599e-17
1.551508e+00 1.218618e-14 1.139972e-17
1.551743e+00 1.193788e-14 1.096123e-17
1.551978e+00 1.168486e-14 1.089431e-17
1.552213e+00 1.208346e-14 1.125235e-17
1.552448e+00 1.232505e-14 1.124805e-17
1.552683e+00 1.207002e-14 1.119027e-17
1.552918e+00 1.175041e-14 1.108850e-17
1.553153e+00 1.179552e-14 1.099171e-17
1.553388e+00 1.195623e-14 1.143506e-17
1.553623e+00 1.172881e-14 1.125171e-17
1.553858e+00 1.164383e-14 1.201177e-17
1.554093e+00 1.206602e-14 1.364654e-17
1.554328e+00 1.207883e-14 1.455910e-17
1.554563e+00 1.148251e-14 1.488707e-17
1.554798e+00 1.119691e-14 1.593869e-17
1.555033e+00 1.160140e-14 1.533154e-17
1.555268e+00 1.204817e-14 1.707881e-17
1.555503e+00 1.200603e-14 1.548191e-17
1.555738e+00 1.150486e-14 1.529722e-17
1.555973e+00 1.159407e-14 1.771105e-17
1.556208e+00 1.184523e-14 1.856224e-17
1.556443e+00 1.197179e-14 1.803031e-17
1.556678e+00 1.188365e-14 1.862734e-17
1.556913e+00 1.188024e-14 2.254190e-17
1.557148e+00 1.160631e-14 2.384213e-17
1.557383e+00 1.132353e-14 2.090824e-17
1.557618e+00 1.112253e-14 1.596373e-17
1.557853e+00 1.122587e-14 1.600904e-17
1.558088e+00 1.122204e-14 1.589171e-17
1.558323e+00 1.117491e-14 1.468874e-17
1.558558e+00 1.144445e-14 1.381732e-17
1.558793e+00 1.173612e-14 1.361967e-17
1.559028e+00 1.184740e-14 1.382853e-17
1.559263e+00 1.189684e-14 1.380520e-17
1.559498e+00 1.204134e-14 1.390861e-17
1.559733e+00 1.237016e-14 1.442486e-17
1.559968e+00 1.201571e-14 1.388769e-17
1.560203e+00 1.144540e-14 1.349782e-17
1.560438e+00 1.129586e-14 1.339731e-17
1.560673e+00 1.156026e-14 1.360239e-17
1.560908e+00 1.183715e-14 1.393480e-17
1.561143e+00 1.173448e-14 1.470936e-17
1.561378e+00 1.179736e-14 1.485527e-17
1.561613e+00 1.178740e-14 1.457513e-17
1.561848e+00 1.168515e-14 1.501329e-17
1.562083e+00 1.172289e-14 1.829689e-17
1.562318e+00 1.199656e-14 1.942540e-17
1.562553e+00 1.205179e-14 1.853330e-17
1.562788e+00 1.173707e-14 1.769463e-17
1.563023e+00 1.139732e-14 1.765791e-17
1.563258e+00 1.165376e-14 1.942101e-17
1.563493e+00 1.201423e-14 2.228318e-17
1.563728e+00 1.189594e-14 2.188814e-17
1.563963e+00 1.242596e-14 3.728828e-17
1.564198e+00 1.214514e-14 2.311941e-17
1.564433e+00 1.216226e-14 2.287860e-17
1.564668e+00 1.175688e-14 2.137291e-17
1.564903e+00 1.137028e-14 2.065761e-17
1.565138e+00 1.134481e-14 1.992738e-17
1.565373e+00 1.150783e-14 1.798053e-17
1.565608e+00 1.099300e-14 1.690788e-17
1.565843e+00 1.057119e-14 1.641119e-17
1.566078e+00 1.095365e-14 1.693676e-17
1.566313e+00 1.154702e-14 1.709579e-17
1.566548e+00 1.194208e-14 1.541454e-17
1.566783e+00 1.211772e-14 1.331784e-17
1.567018e+00 1.222629e-14 1.280165e-17
1.567253e+00 1.224168e-14 1.159085e-17
1.567488e+00 1.236006e-14 1.200165e-17
1.567723e+00 1.240265e-14 1.280576e-17
1.567958e+00 1.230995e-14 1.267980e-17
1.568193e+00 1.238542e-14 1.336455e-17
1.568428e+00 1.242427e-14 1.566835e-17
1.568663e+00 1.233444e-14 1.585817e-17
1.568898e+00 1.194235e-14 1.560892e-17
1.569133e+00 1.162566e-14 1.706353e-17
1.569368e+00 1.160962e-14 2.191223e-17
1.569603e+00 1.214075e-14 3.020335e-17
1.569838e+00 1.159976e-14 2.551131e-17
1.570073e+00 1.150495e-14 2.399045e-17
1.570308e+00 1.173251e-14 2.438589e-17
1.570543e+00 1.196699e-14 2.485516e-17
1.570778e+00 1.210139e-14 2.498565e-17
1.571013e+00 1.197590e-14 2.460791e-17
1.571248e+00 1.181433e-14 2.419813e-17
1.571483e+00 1.193522e-14 2.399077e-17
1.571718e+00 1.216880e-14 2.456064e-17
1.571953e+00 1.206229e-14 2.336144e-17
1.572188e+00 1.180278e-14 1.863220e-17
1.572423e+00 1.167657e-14 1.626026e-17
1.572658e+00 1.179404e-14 1.568972e-17
1.572893e+00 1.205443e-14 1.585611e-17
1.573128e+00 1.228225e-14 1.604280e-17
1.573363e+00 1.220162e-14 1.596693e-17
1.573598e+00 1.207974e-14 1.568790e-17
1.573833e+00 1.217760e-14 1.567062e-17
1.574068e+00 1.244061e-14 1.625297e-17
1.574303e+00 1.263203e-14 1.742213e-17
1.574538e+00 1.257785e-14 1.769208e-17
1.574773e+00 1.221098e-14 1.829023e-17
1.575008e+00 1.193077e-14 2.132181e-17
1.575243e+00 1.231256e-14 2.278690e-17
1.575478e+00 1.263083e-14 2.339672e-17
1.575713e+00 1.231703e-14 2.285228e-17
1.575948e+00 1.203720e-14 2.224897e-17
1.576183e+00 1.201126e-14 2.230272e-17
1.576418e+00 1.192182e-14 2.206974e-17
1.576653e+00 1.181398e-14 2.096829e-17
1.576888e+00 1.194060e-14 1.778372e-17
1.577123e+00 1.227564e-14 1.716766e-17
1.577358e+00 1.240181e-14 1.719322e-17
1.577593e+00 1.241416e-14 1.688134e-17
1.577828e+00 1.215405e-14 1.500194e-17
1.578063e+00 1.207938e-14 1.414243e-17
1.578298e+00 1.227174e-14 1.501783e-17
1.578533e+00 1.225133e-14 1.433973e-17
1.578768e+00 1.220893e-14 1.384744e-17
1.579003e+00 1.238660e-14 1.407170e-17
1.579238e+00 1.256042e-14 1.397627e-17
1.579473e+00 1.258000e-14 1.407605e-17
1.579708e+00 1.239374e-14 1.698116e-17
1.579943e+00 1.229336e-14 1.607226e-17
1.580178e+00 1.206522e-14 1.312230e-17
1.580413e+00 1.138214e-14 1.794011e-17
1.580648e+00 1.140015e-14 1.780446e-17
1.580883e+00 1.221446e-14 1.280958e-17
1.581118e+00 1.262205e-14 1.318350e-17
1.581353e+00 1.266568e-14 1.351553e-17
1.581588e+00 1.229488e-14 1.332280e-17
1.581823e+00 1.207133e-14 1.312006e-17
1.582058e+00 1.224350e-14 1.311692e-17
1.582293e+00 1.275979e-14 1.311962e-17
1.582528e+00 1.283951e-14 1.316333e-17
1.582763e+00 1.259723e-14 1.313171e-17
1.582998e+00 1.219733e-14 1.401084e-17
1.583233e+00 1.194618e-14 1.317478e-17
1.583468e+00 1.194251e-14 1.392618e-17
1.583703e+00 1.186055e-14 1.450916e-17
1.583938e+00 1.173323e-14 1.431762e-17
1.584173e+00 1.202078e-14 1.473227e-17
1.584408e+00 1.228811e-14 1.530911e-17
1.584643e+00 1.208596e-14 1.518864e-17
1.584878e+00 1.214212e-14 1.497608e-17
1.585113e+00 1.197149e-14 1.487473e-17
1.585348e+00 1.202547e-14 1.481272e-17
1.585583e+00 1.220474e-14 1.522956e-17
1.585818e+00 1.218779e-14 1.536397e-17
1.586053e+00 1.240834e-14 1.580001e-17
1.586288e+00 1.274890e-14 1.625600e-17
1.586523e+00 1.243649e-14 1.621176e-17
1.586758e+00 1.217008e-14 1.691845e-17
1.586993e+00 1.223908e-14 2.477327e-17
1.587228e+00 1.252438e-14 3.142614e-17
1.587463e+00 1.281586e-14 3.586816e-17
1.587698e+00 1.253552e-14 4.391279e-17
1.587933e+00 1.215962e-14 4.611762e-17
1.588168e+00 nan nan
1.588403e+00 1.227067e-14 4.730278e-17
1.588638e+00 1.277926e-14 4.889560e-17
1.588873e+00 1.283536e-14 4.891735e-17
1.589108e+00 1.251468e-14 4.760566e-17
1.589343e+00 1.240606e-14 4.603496e-17
1.589578e+00 1.233960e-14 2.665048e-17
1.589813e+00 1.206580e-14 1.517568e-17
1.590048e+00 1.209689e-14 1.392659e-17
1.590283e+00 1.202307e-14 1.375761e-17
1.590518e+00 1.227414e-14 1.422790e-17
1.590753e+00 1.286343e-14 1.432919e-17
1.590988e+00 1.279755e-14 1.309102e-17
1.591223e+00 1.274992e-14 1.247619e-17
1.591458e+00 1.275225e-14 1.247813e-17
1.591693e+00 1.235385e-14 1.346344e-17
1.591928e+00 1.198461e-14 1.358871e-17
1.592163e+00 1.189359e-14 1.381868e-17
1.592398e+00 1.211227e-14 1.466394e-17
1.592633e+00 1.253737e-14 1.528614e-17
1.592868e+00 1.267700e-14 1.527809e-17
1.593103e+00 1.222658e-14 1.479986e-17
1.593338e+00 1.202464e-14 1.504900e-17
1.593573e+00 1.249981e-14 1.572242e-17
1.593808e+00 1.274132e-14 1.637544e-17
1.594043e+00 1.260643e-14 1.644759e-17
1.594278e+00 1.251484e-14 1.673247e-17
1.594513e+00 1.229367e-14 1.813225e-17
1.594748e+00 1.219695e-14 1.882048e-17
1.594983e+00 1.227710e-14 2.049446e-17
1.595218e+00 1.239429e-14 2.121766e-17
1.595453e+00 1.280243e-14 2.192068e-17
1.595688e+00 1.302883e-14 2.227820e-17
1.595923e+00 1.301911e-14 2.228680e-17
1.596158e+00 1.297706e-14 2.217112e-17
1.596393e+00 1.309801e-14 2.189009e-17
1.596628e+00 1.297133e-14 2.137409e-17
1.596863e+00 1.254100e-14 1.846738e-17
1.597098e+00 1.228815e-14 1.677552e-17
1.597333e+00 1.236191e-14 1.707091e-17
1.597568e+00 1.245867e-14 1.638414e-17
1.597803e+00 1.267839e-14 1.622720e-17
1.598038e+00 1.285502e-14 1.632626e-17
1.598273e+00 1.283139e-14 1.636688e-17
1.598508e+00 1.277792e-14 1.624916e-17
1.598743e+00 1.263730e-14 1.621023e-17
1.598978e+00 1.248989e-14 1.604336e-17
1.599213e+00 1.235347e-14 1.665166e-17
1.599448e+00 1.237758e-14 1.730325e-17
1.599683e+00 1.240334e-14 1.781919e-17
1.599918e+00 1.262434e-14 1.829847e-17
1.600153e+00 1.296053e-14 1.873765e-17
1.600388e+00 1.308516e-14 1.959153e-17
1.600623e+00 1.295746e-14 2.110898e-17
1.600858e+00 1.254169e-14 2.222729e-17
1.601093e+00 1.294970e-14 2.581428e-17
1.601328e+00 1.296996e-14 2.691938e-17
1.601563e+00 1.276029e-14 2.657555e-17
1.601798e+00 1.259086e-14 2.634660e-17
1.602033e+00 1.246186e-14 2.608333e-17
1.602268e+00 1.222143e-14 2.546343e-17
1.602503e+00 1.260814e-14 2.489924e-17
1.602738e+00 1.288440e-14 2.341068e-17
1.602973e+00 1.303706e-14 2.317457e-17
1.603208e+00 1.278632e-14 2.258558e-17
1.603443e+00 1.277729e-14 2.256215e-17
1.603678e+00 1.294826e-14 2.285680e-17
1.603913e+00 1.292609e-14 2.283628e-17
1.604148e+00 1.262804e-14 2.243149e-17
1.604383e+00 1.242529e-14 2.183992e-17
1.604618e+00 1.223519e-14 2.130192e-17
1.604853e+00 1.233494e-14 2.139252e-17
1.605088e+00 1.265836e-14 2.206735e-17
1.605323e+00 1.268687e-14 2.226090e-17
1.605558e+00 1.242093e-14 2.187250e-17
1.605793e+00 1.225333e-14 2.158882e-17
1.606028e+00 1.246386e-14 2.187264e-17
1.606263e+00 1.250456e-14 2.191620e-17
1.606498e+00 1.275009e-14 2.218138e-17
1.606733e+00 1.259449e-14 2.159673e-17
1.606968e+00 1.270099e-14 2.170126e-17
1.607203e+00 1.260670e-14 2.163082e-17
1.607438e+00 1.247910e-14 2.149989e-17
1.607673e+00 1.246136e-14 2.162733e-17
1.607908e+00 1.243529e-14 1.912867e-17
1.608143e+00 1.278472e-14 1.712434e-17
1.608378e+00 1.291406e-14 1.735174e-17
1.608613e+00 1.293949e-14 1.737873e-17
1.608848e+00 1.303601e-14 1.738780e-17
1.609083e+00 1.313214e-14 1.804513e-17
1.609318e+00 1.280601e-14 2.667953e-17
1.609553e+00 1.253763e-14 3.750274e-17
1.609788e+00 1.250219e-14 4.064270e-17
1.610023e+00 1.261507e-14 4.376149e-17
1.610258e+00 1.287019e-14 4.991733e-17
1.610493e+00 1.262594e-14 5.916418e-17
1.610728e+00 nan nan
1.610963e+00 nan nan
1.611198e+00 1.216756e-14 6.408842e-17
1.611433e+00 1.229067e-14 6.496827e-17
1.611668e+00 nan nan
1.611903e+00 1.223256e-14 6.420894e-17
1.612138e+00 nan nan
1.612373e+00 1.262030e-14 5.587307e-17
1.612608e+00 1.269209e-14 3.996475e-17
1.612843e+00 1.258150e-14 3.576295e-17
1.613078e+00 1.238538e-14 2.680712e-17
1.613313e+00 1.229159e-14 1.756218e-17
1.613548e+00 1.242185e-14 1.710323e-17
1.613783e+00 1.241703e-14 1.554322e-17
1.614018e+00 1.253286e-14 1.420974e-17
1.614253e+00 1.263368e-14 1.360051e-17
1.614488e+00 1.265070e-14 1.307022e-17
1.614723e+00 1.265872e-14 1.307824e-17
1.614958e+00 1.262386e-14 1.298961e-17
1.615193e+00 1.250437e-14 1.292373e-17
1.615428e+00 1.218997e-14 1.299938e-17
1.615663e+00 1.206474e-14 1.326177e-17
1.615898e+00 1.268071e-14 1.406131e-17
1.616133e+00 1.323217e-14 1.738829e-17
1.616368e+00 nan nan
1.616603e+00 nan nan
1.616838e+00 1.263719e-14 1.656270e-17
1.617073e+00 1.265150e-14 1.687803e-17
1.617308e+00 1.291401e-14 1.750987e-17
1.617543e+00 1.341856e-14 2.189291e-17
1.617778e+00 1.343344e-14 2.488656e-17
1.618013e+00 1.340403e-14 2.476288e-17
1.618248e+00 1.294611e-14 2.374055e-17
1.618483e+00 1.251592e-14 2.214646e-17
1.618718e+00 1.236950e-14 2.049256e-17
1.618953e+00 1.260286e-14 2.106694e-17
1.619188e+00 1.251980e-14 1.994462e-17
1.619423e+00 1.233424e-14 1.837927e-17
1.619658e+00 1.232865e-14 1.751972e-17
1.619893e+00 1.236093e-14 1.749642e-17
1.620128e+00 1.256201e-14 1.737361e-17
1.620363e+00 1.289896e-14 1.758199e-17
1.620598e+00 1.295263e-14 1.751781e-17
1.620833e+00 1.254828e-14 1.669161e-17
1.621068e+00 1.206312e-14 1.576811e-17
1.621303e+00 1.218443e-14 1.577016e-17
1.621538e+00 1.286494e-14 1.636359e-17
1.621773e+00 1.312026e-14 1.631852e-17
1.622008e+00 1.312146e-14 1.599183e-17
1.622243e+00 1.313693e-14 1.591400e-17
1.622478e+00 1.313899e-14 1.562772e-17
1.622713e+00 1.303188e-14 1.530092e-17
1.622948e+00 1.280956e-14 1.509398e-17
1.623183e+00 1.289350e-14 1.500997e-17
1.623418e+00 1.311743e-14 1.420979e-17
1.623653e+00 1.313486e-14 1.415177e-17
1.623888e+00 1.297434e-14 1.503096e-17
1.624123e+00 1.308694e-14 1.513970e-17
1.624358e+00 1.337228e-14 1.548604e-17
1.624593e+00 1.333055e-14 1.555359e-17
1.624828e+00 1.299064e-14 1.390190e-17
1.625063e+00 1.259946e-14 1.166067e-17
1.625298e+00 1.242364e-14 1.153961e-17
1.625533e+00 1.227321e-14 1.132224e-17
1.625768e+00 1.197106e-14 1.133703e-17
1.626003e+00 1.182431e-14 1.057680e-17
1.626238e+00 1.221338e-14 1.106419e-17
1.626473e+00 1.283678e-14 1.228598e-17
1.626708e+00 1.272285e-14 1.304575e-17
1.626943e+00 1.272824e-14 1.364576e-17
1.627178e+00 1.322750e-14 1.415962e-17
1.627413e+00 1.334121e-14 1.411139e-17
1.627648e+00 1.277572e-14 1.349538e-17
1.627883e+00 1.281855e-14 1.371751e-17
1.628118e+00 1.302292e-14 1.373146e-17
1.628353e+00 1.308863e-14 1.363512e-17
1.628588e+00 1.321083e-14 1.382423e-17
1.628823e+00 1.306201e-14 1.391370e-17
1.629058e+00 1.282172e-14 1.431284e-17
1.629293e+00 1.254824e-14 1.472557e-17
1.629528e+00 1.255574e-14 1.523721e-17
1.629763e+00 1.296991e-14 1.581186e-17
1.629998e+00 1.313902e-14 1.540229e-17
1.630233e+00 1.290556e-14 1.562728e-17
1.630468e+00 1.261153e-14 1.552608e-17
1.630703e+00 1.263685e-14 1.524520e-17
1.630938e+00 1.259170e-14 1.573310e-17
1.631173e+00 1.264859e-14 1.591127e-17
1.631408e+00 1.299762e-14 1.863980e-17
1.631643e+00 1.317738e-14 1.810501e-17
1.631878e+00 1.321560e-14 1.814628e-17
1.632113e+00 1.294756e-14 1.733625e-17
1.632348e+00 1.280573e-14 1.619931e-17
1.632583e+00 1.307396e-14 1.629389e-17
1.632818e+00 1.301372e-14 1.619461e-17
1.633053e+00 1.285699e-14 1.639255e-17
1.633288e+00 1.327409e-14 1.692387e-17
1.633523e+00 1.353694e-14 1.677153e-17
1.633758e+00 1.279641e-14 2.258589e-17
1.633993e+00 1.269781e-14 2.142812e-17
1.634228e+00 1.315397e-14 1.397069e-17
1.634463e+00 nan nan
1.634698e+00 nan nan
1.634933e+00 1.337488e-14 1.392573e-17
1.635168e+00 1.318880e-14 1.355164e-17
1.635403e+00 1.291106e-14 1.314460e-17
1.635638e+00 1.292748e-14 1.339866e-17
1.635873e+00 1.304435e-14 1.372305e-17
1.636108e+00 1.297847e-14 1.377001e-17
1.636343e+00 1.308957e-14 1.369095e-17
1.636578e+00 1.317015e-14 1.362030e-17
1.636813e+00 1.314324e-14 1.353643e-17
1.637048e+00 1.300007e-14 1.335336e-17
1.637283e+00 1.308480e-14 1.335307e-17
1.637518e+00 1.358017e-14 1.351887e-17
1.637753e+00 1.373220e-14 1.392905e-17
1.637988e+00 1.313940e-14 1.356478e-17
1.638223e+00 1.322471e-14 1.460588e-17
1.638458e+00 1.338218e-14 1.662620e-17
1.638693e+00 1.337616e-14 1.708922e-17
1.638928e+00 1.324208e-14 1.697956e-17
1.639163e+00 1.311131e-14 1.907853e-17
1.639398e+00 1.299556e-14 2.501126e-17
1.639633e+00 1.290969e-14 3.020488e-17
1.639868e+00 1.284952e-14 4.094944e-17
1.640103e+00 1.285749e-14 4.602312e-17
1.640338e+00 1.284835e-14 5.187289e-17
1.640573e+00 1.311479e-14 5.402886e-17
1.640808e+00 1.311905e-14 5.435401e-17
1.641043e+00 1.287944e-14 5.516882e-17
1.641278e+00 1.280605e-14 5.649165e-17
1.641513e+00 1.281641e-14 5.661755e-17
1.641748e+00 1.292540e-14 5.628002e-17
1.641983e+00 1.329397e-14 5.767880e-17
1.642218e+00 1.355490e-14 5.536218e-17
1.642453e+00 1.348598e-14 4.653346e-17
1.642688e+00 nan nan
1.642923e+00 nan nan
1.643158e+00 1.318811e-14 2.501198e-17
1.643393e+00 1.325572e-14 2.134296e-17
1.643628e+00 1.340561e-14 1.851006e-17
1.643863e+00 1.402127e-14 2.347508e-17
1.644098e+00 1.337473e-14 1.742827e-17
1.644333e+00 1.318923e-14 1.733664e-17
1.644568e+00 1.340589e-14 1.758505e-17
1.644803e+00 1.325915e-14 1.653938e-17
1.645038e+00 1.345678e-14 1.649480e-17
1.645273e+00 1.350093e-14 1.669324e-17
1.645508e+00 1.345834e-14 1.709243e-17
1.645743e+00 1.399602e-14 1.851523e-17
1.645978e+00 1.459953e-14 3.974127e-17
1.646213e+00 1.341365e-14 1.787906e-17
1.646448e+00 1.310324e-14 1.732760e-17
1.646683e+00 1.318540e-14 1.766456e-17
1.646918e+00 1.319175e-14 1.915099e-17
1.647153e+00 1.315114e-14 2.108946e-17
1.647388e+00 1.314426e-14 2.152884e-17
1.647623e+00 1.307154e-14 2.158566e-17
1.647858e+00 1.306428e-14 2.261054e-17
1.648093e+00 1.320835e-14 2.449611e-17
1.648328e+00 1.339013e-14 2.592577e-17
1.648563e+00 1.345803e-14 2.629889e-17
1.648798e+00 1.333267e-14 2.672681e-17
1.649033e+00 1.291703e-14 2.686589e-17
1.649268e+00 1.251755e-14 2.651994e-17
1.649503e+00 1.276124e-14 3.163269e-17
1.649738e+00 1.271134e-14 2.788373e-17
1.649973e+00 1.303812e-14 2.780641e-17
1.650208e+00 1.330792e-14 2.841747e-17
1.650443e+00 1.340681e-14 2.833081e-17
1.650678e+00 1.302188e-14 2.743193e-17
1.650913e+00 1.292348e-14 2.719944e-17
1.651148e+00 1.313098e-14 2.682337e-17
1.651383e+00 1.308515e-14 2.664362e-17
1.651618e+00 1.295218e-14 2.569867e-17
1.651853e+00 1.297338e-14 2.502805e-17
1.652088e+00 1.312841e-14 2.375796e-17
1.652323e+00 1.326927e-14 2.268521e-17
1.652558e+00 1.338702e-14 2.082515e-17
1.652793e+00 1.332956e-14 2.041727e-17
1.653028e+00 1.331022e-14 1.998561e-17
1.653263e+00 1.330727e-14 1.940711e-17
1.653498e+00 1.344907e-14 1.957105e-17
1.653733e+00 1.360321e-14 1.926586e-17
1.653968e+00 1.348725e-14 1.805224e-17
1.654203e+00 1.323999e-14 1.841489e-17
1.654438e+00 1.306229e-14 1.639810e-17
1.654673e+00 1.278016e-14 1.591677e-17
1.654908e+00 1.261838e-14 1.570189e-17
1.655143e+00 1.230254e-14 1.480968e-17
1.655378e+00 1.258418e-14 1.480966e-17
1.655613e+00 1.334167e-14 1.495802e-17
1.655848e+00 1.346475e-14 1.723971e-17
1.656083e+00 1.350046e-14 1.818227e-17
1.656318e+00 1.370024e-14 1.520017e-17
1.656553e+00 1.365367e-14 1.490577e-17
1.656788e+00 1.367607e-14 1.485841e-17
1.657023e+00 1.399994e-14 1.464531e-17
1.657258e+00 1.380665e-14 1.430974e-17
1.657493e+00 1.338846e-14 1.403541e-17
1.657728e+00 1.316409e-14 1.376653e-17
1.657963e+00 1.325211e-14 1.370207e-17
1.658198e+00 1.355901e-14 1.392050e-17
1.658433e+00 1.355401e-14 1.377927e-17
1.658668e+00 1.328597e-14 1.333202e-17
1.658903e+00 1.341491e-14 1.310759e-17
1.659138e+00 1.338521e-14 1.286376e-17
1.659373e+00 1.344341e-14 1.275223e-17
1.659608e+00 1.347549e-14 1.282044e-17
1.659843e+00 1.327378e-14 1.227214e-17
1.660078e+00 1.345438e-14 1.221190e-17
1.660313e+00 1.320099e-14 1.188271e-17
1.660548e+00 1.323635e-14 1.179407e-17
1.660783e+00 1.297980e-14 1.154050e-17
1.661018e+00 1.258829e-14 1.143208e-17
1.661253e+00 1.331781e-14 1.205857e-17
1.661488e+00 1.335409e-14 1.160455e-17
1.661723e+00 1.350939e-14 1.176149e-17
1.661958e+00 1.348301e-14 1.169841e-17
1.662193e+00 1.320973e-14 1.152192e-17
1.662428e+00 1.301642e-14 1.141975e-17
1.662663e+00 1.355732e-14 1.175040e-17
1.662898e+00 1.415012e-14 1.205670e-17
1.663133e+00 1.397635e-14 1.177127e-17
1.663368e+00 1.374961e-14 1.161909e-17
1.663603e+00 1.354938e-14 1.182578e-17
1.663838e+00 1.365746e-14 1.179081e-17
1.664073e+00 1.362695e-14 1.204593e-17
1.664308e+00 1.382261e-14 1.373151e-17
1.664543e+00 1.429145e-14 1.446068e-17
1.664778e+00 1.409923e-14 1.437001e-17
1.665013e+00 1.387993e-14 1.428876e-17
1.665248e+00 1.370144e-14 1.413165e-17
1.665483e+00 1.356634e-14 1.402483e-17
1.665718e+00 1.380606e-14 1.413738e-17
1.665953e+00 1.367235e-14 1.531206e-17
1.666188e+00 1.320878e-14 1.561467e-17
1.666423e+00 1.314527e-14 1.609916e-17
1.666658e+00 1.327999e-14 1.554221e-17
1.666893e+00 1.320765e-14 1.589543e-17
1.667128e+00 1.309195e-14 1.527883e-17
1.667363e+00 1.293963e-14 1.500353e-17
1.667598e+00 1.273397e-14 1.528527e-17
1.667833e+00 1.248548e-14 1.455249e-17
1.668068e+00 1.260263e-14 1.460764e-17
1.668303e+00 1.304427e-14 1.491536e-17
1.668538e+00 1.343699e-14 1.520890e-17
1.668773e+00 1.361518e-14 1.537306e-17
1.669008e+00 1.375745e-14 1.554607e-17
1.669243e+00 1.359493e-14 1.562652e-17
1.669478e+00 1.343546e-14 1.561683e-17
1.669713e+00 1.338465e-14 1.530093e-17
1.669948e+00 1.310820e-14 1.499770e-17
1.670183e+00 1.306709e-14 1.499289e-17
1.670418e+00 1.339303e-14 1.521345e-17
1.670653e+00 1.372618e-14 1.552985e-17
1.670888e+00 1.381019e-14 1.548026e-17
1.671123e+00 1.360883e-14 1.445653e-17
1.671358e+00 1.359954e-14 1.433954e-17
1.671593e+00 1.371397e-14 1.446144e-17
1.671828e+00 1.359502e-14 1.476251e-17
1.672063e+00 1.334579e-14 1.470063e-17
1.672298e+00 1.302000e-14 1.440060e-17
1.672533e+00 1.309224e-14 1.464106e-17
1.672768e+00 1.332639e-14 1.449466e-17
1.673003e+00 1.329887e-14 1.433869e-17
1.673238e+00 1.332525e-14 1.419973e-17
1.673473e+00 1.348828e-14 1.426756e-17
1.673708e+00 1.361275e-14 1.484757e-17
1.673943e+00 1.358823e-14 1.481255e-17
1.674178e+00 1.341296e-14 1.468588e-17
1.674413e+00 1.318213e-14 1.502254e-17
1.674648e+00 1.320510e-14 1.523075e-17
1.674883e+00 1.384754e-14 1.585708e-17
1.675118e+00 1.412419e-14 1.688641e-17
1.675353e+00 1.355467e-14 1.658179e-17
1.675588e+00 1.334263e-14 1.545927e-17
1.675823e+00 1.363611e-14 1.377234e-17
1.676058e+00 1.367884e-14 1.541589e-17
1.676293e+00 1.357148e-14 1.721724e-17
1.676528e+00 1.314483e-14 1.624086e-17
1.676763e+00 1.319030e-14 1.440028e-17
1.676998e+00 1.316705e-14 1.329384e-17
1.677233e+00 1.333846e-14 1.294676e-17
1.677468e+00 1.345997e-14 1.319666e-17
1.677703e+00 1.341831e-14 1.310319e-17
1.677938e+00 1.363964e-14 1.270034e-17
1.678173e+00 1.382349e-14 1.198991e-17
1.678408e+00 1.352544e-14 1.263493e-17
1.678643e+00 1.337600e-14 1.318124e-17
1.678878e+00 1.359157e-14 1.693115e-17
1.679113e+00 1.377696e-14 1.994805e-17
1.679348e+00 1.371838e-14 2.325159e-17
1.679583e+00 1.370476e-14 2.461219e-17
1.679818e+00 1.367226e-14 2.505992e-17
1.680053e+00 1.335731e-14 3.236563e-17
1.680288e+00 1.345534e-14 3.681353e-17
1.680523e+00 1.387245e-14 3.789642e-17
1.680758e+00 1.393140e-14 3.788625e-17
1.680993e+00 1.357474e-14 3.690922e-17
1.681228e+00 1.337394e-14 3.638956e-17
1.681463e+00 1.331897e-14 3.612244e-17
1.681698e+00 1.322850e-14 3.625520e-17
1.681933e+00 1.335224e-14 3.380710e-17
1.682168e+00 1.362851e-14 3.022326e-17
1.682403e+00 1.370987e-14 2.751003e-17
1.682638e+00 1.360121e-14 2.626371e-17
1.682873e+00 1.353981e-14 2.120791e-17
1.683108e+00 1.362600e-14 1.754624e-17
1.683343e+00 1.378673e-14 1.654100e-17
1.683578e+00 1.383645e-14 1.562879e-17
1.683813e+00 1.384001e-14 1.536409e-17
1.684048e+00 1.378014e-14 1.538236e-17
1.684283e+00 1.362056e-14 1.514502e-17
1.684518e+00 1.318149e-14 1.329660e-17
1.684753e+00 1.288725e-14 1.219131e-17
1.684988e+00 1.310268e-14 1.219707e-17
1.685223e+00 1.332337e-14 1.211849e-17
1.685458e+00 1.331759e-14 1.196230e-17
1.685693e+00 1.347348e-14 1.192749e-17
1.685928e+00 1.365836e-14 1.193627e-17
1.686163e+00 1.382015e-14 1.190343e-17
1.686398e+00 1.369822e-14 1.205971e-17
1.686633e+00 1.327961e-14 1.193841e-17
1.686868e+00 1.283284e-14 1.177835e-17
1.687103e+00 1.287779e-14 1.208261e-17
1.687338e+00 1.289638e-14 1.316669e-17
1.687573e+00 1.303632e-14 1.507779e-17
1.687808e+00 1.340558e-14 1.644915e-17
1.688043e+00 1.318004e-14 1.749728e-17
1.688278e+00 1.301260e-14 1.957454e-17
1.688513e+00 1.291626e-14 2.088991e-17
1.688748e+00 1.287238e-14 2.084945e-17
1.688983e+00 1.281663e-14 2.061499e-17
1.689218e+00 1.270647e-14 1.852716e-17
1.689453e+00 1.250874e-14 1.867661e-17
1.689688e+00 1.272478e-14 2.113549e-17
1.689923e+00 1.322600e-14 1.937437e-17
1.690158e+00 1.361094e-14 1.742614e-17
1.690393e+00 1.350959e-14 1.716540e-17
1.690628e+00 1.351754e-14 1.670615e-17
1.690863e+00 1.345756e-14 1.559660e-17
1.691098e+00 1.335685e-14 1.418584e-17
1.691333e+00 1.371953e-14 1.345067e-17
1.691568e+00 1.403704e-14 1.286551e-17
1.691803e+00 1.372360e-14 1.235800e-17
1.692038e+00 1.326021e-14 1.188706e-17
1.692273e+00 1.295772e-14 1.167287e-17
1.692508e+00 1.267546e-14 1.173084e-17
1.692743e+00 1.283455e-14 1.188075e-17
1.692978e+00 1.344327e-14 1.229607e-17
1.693213e+00 1.373090e-14 1.205414e-17
1.693448e+00 1.358706e-14 1.155589e-17
1.693683e+00 1.349622e-14 1.191857e-17
1.693918e+00 1.326483e-14 1.224531e-17
1.694153e+00 1.303082e-14 1.209679e-17
1.694388e+00 1.289629e-14 1.208472e-17
1.694623e+00 1.278644e-14 1.171314e-17
1.694858e+00 1.298657e-14 1.162872e-17
1.695093e+00 1.330914e-14 1.175277e-17
1.695328e+00 1.328055e-14 1.202115e-17
1.695563e+00 1.318177e-14 1.297190e-17
1.695798e+00 1.302357e-14 1.332582e-17
1.696033e+00 1.346551e-14 1.309323e-17
1.696268e+00 1.344301e-14 1.243221e-17
1.696503e+00 1.315881e-14 1.435163e-17
1.696738e+00 1.289035e-14 1.190400e-17
1.696973e+00 1.292290e-14 1.143842e-17
1.697208e+00 1.273925e-14 1.106700e-17
1.697443e+00 1.270857e-14 1.128776e-17
1.697678e+00 1.268302e-14 1.132805e-17
1.697913e+00 1.273567e-14 1.191669e-17
1.698148e+00 1.336521e-14 1.246725e-17
1.698383e+00 1.360667e-14 1.280001e-17
1.698618e+00 1.319310e-14 1.261807e-17
1.698853e+00 1.323539e-14 1.265958e-17
1.699088e+00 1.345125e-14 1.350576e-17
1.699323e+00 1.316201e-14 1.270026e-17
1.699558e+00 1.283597e-14 1.252453e-17
1.699793e+00 1.308249e-14 1.316884e-17
1.700028e+00 1.315538e-14 1.337100e-17
1.700263e+00 1.304736e-14 1.336168e-17
1.700498e+00 1.315042e-14 1.408682e-17
1.700733e+00 1.288839e-14 1.557987e-17
1.700968e+00 1.207577e-14 1.599517e-17
1.701203e+00 1.189800e-14 1.708705e-17
1.701438e+00 1.254976e-14 1.981496e-17
1.701673e+00 1.283530e-14 2.069880e-17
1.701908e+00 1.321687e-14 1.921253e-17
1.702143e+00 1.351027e-14 1.816093e-17
1.702378e+00 1.349834e-14 1.796036e-17
1.702613e+00 1.304421e-14 1.705283e-17
1.702848e+00 1.302278e-14 1.702460e-17
1.703083e+00 1.327655e-14 1.749909e-17
1.703318e+00 1.323639e-14 1.785083e-17
1.703553e+00 1.283578e-14 1.738185e-17
1.703788e+00 1.257595e-14 1.698221e-17
1.704023e+00 1.244399e-14 1.664300e-17
1.704258e+00 1.251492e-14 1.631450e-17
1.704493e+00 1.260376e-14 1.551163e-17
1.704728e+00 1.289230e-14 1.541330e-17
1.704963e+00 1.302422e-14 1.525048e-17
1.705198e+00 1.275852e-14 1.507069e-17
1.705433e+00 1.227554e-14 1.491589e-17
1.705668e+00 1.238241e-14 1.487400e-17
1.705903e+00 1.292504e-14 1.420790e-17
1.706138e+00 1.325604e-14 1.261297e-17
1.706373e+00 1.310683e-14 1.270892e-17
1.706608e+00 1.266350e-14 1.231243e-17
1.706843e+00 1.255773e-14 1.235180e-17
1.707078e+00 1.273495e-14 1.214003e-17
1.707313e+00 1.239255e-14 1.165965e-17
1.707548e+00 1.209722e-14 1.165324e-17
1.707783e+00 1.249851e-14 1.173573e-17
1.708018e+00 1.285681e-14 1.186946e-17
1.708253e+00 1.218232e-14 1.160750e-17
1.708488e+00 1.181021e-14 1.130417e-17
1.708723e+00 1.188244e-14 1.139852e-17
1.708958e+00 1.252318e-14 1.177559e-17
1.709193e+00 1.284654e-14 1.202046e-17
1.709428e+00 1.291631e-14 1.202382e-17
1.709663e+00 1.301954e-14 1.215323e-17
1.709898e+00 1.302902e-14 1.252989e-17
1.710133e+00 1.308225e-14 1.341147e-17
1.710368e+00 1.303702e-14 1.481931e-17
1.710603e+00 1.268055e-14 1.462515e-17
1.710838e+00 1.225271e-14 1.404988e-17
1.711073e+00 1.205188e-14 1.399868e-17
1.711308e+00 1.222767e-14 1.426927e-17
1.711543e+00 1.228234e-14 1.576147e-17
1.711778e+00 1.237832e-14 1.583085e-17
1.712013e+00 1.254846e-14 1.628196e-17
1.712248e+00 1.213476e-14 1.549625e-17
1.712483e+00 1.225521e-14 1.518582e-17
1.712718e+00 1.276842e-14 1.522060e-17
1.712953e+00 1.291653e-14 1.472119e-17
1.713188e+00 1.288389e-14 1.441057e-17
1.713423e+00 1.282733e-14 1.339864e-17
1.713658e+00 1.251830e-14 1.253535e-17
1.713893e+00 1.201171e-14 1.183189e-17
1.714128e+00 1.189645e-14 1.153540e-17
1.714363e+00 1.170640e-14 1.165047e-17
1.714598e+00 1.141524e-14 1.137462e-17
1.714833e+00 1.201878e-14 1.218699e-17
1.715068e+00 1.215268e-14 1.173775e-17
1.715303e+00 1.249398e-14 1.180026e-17
1.715538e+00 1.262680e-14 1.188651e-17
1.715773e+00 1.232488e-14 1.159024e-17
1.716008e+00 1.179600e-14 1.159204e-17
1.716243e+00 1.193248e-14 1.133505e-17
1.716478e+00 1.276039e-14 1.197029e-17
1.716713e+00 1.268083e-14 1.188386e-17
1.716948e+00 1.220377e-14 1.152904e-17
1.717183e+00 1.235826e-14 1.183289e-17
1.717418e+00 1.184841e-14 1.149337e-17
1.717653e+00 1.143715e-14 1.132478e-17
1.717888e+00 1.176784e-14 1.161369e-17
1.718123e+00 1.180659e-14 1.169038e-17
1.718358e+00 1.131637e-14 1.140237e-17
1.718593e+00 1.120351e-14 1.136413e-17
1.718828e+00 1.125053e-14 1.153551e-17
1.719063e+00 1.133647e-14 1.206635e-17
1.719298e+00 1.111742e-14 1.130128e-17
1.719533e+00 1.092078e-14 1.124866e-17
1.719768e+00 1.155218e-14 1.183223e-17
1.720003e+00 1.172212e-14 1.164168e-17
1.720238e+00 1.179956e-14 1.175477e-17
1.720473e+00 1.260060e-14 1.262914e-17
1.720708e+00 1.271625e-14 1.264900e-17
1.720943e+00 1.184595e-14 1.209545e-17
1.721178e+00 1.119914e-14 1.226998e-17
1.721413e+00 1.132752e-14 1.233308e-17
1.721648e+00 1.150255e-14 1.198330e-17
1.721883e+00 1.236702e-14 1.253807e-17
1.722118e+00 1.286895e-14 1.397900e-17
1.722353e+00 1.225367e-14 1.643215e-17
1.722588e+00 1.170528e-14 1.735252e-17
1.722823e+00 1.164255e-14 1.867044e-17
1.723058e+00 1.154416e-14 1.858436e-17
1.723293e+00 1.145943e-14 1.860846e-17
1.723528e+00 1.085664e-14 1.750151e-17
1.723763e+00 1.066390e-14 1.591212e-17
1.723998e+00 1.144514e-14 1.600929e-17
1.724233e+00 1.201575e-14 1.653450e-17
1.724468e+00 1.205956e-14 1.611903e-17
1.724703e+00 1.194772e-14 1.451938e-17
1.724938e+00 1.172692e-14 1.375712e-17
1.725173e+00 1.193447e-14 1.456146e-17
1.725408e+00 1.205338e-14 1.428084e-17
1.725643e+00 1.192789e-14 1.378759e-17
1.725878e+00 1.182591e-14 1.385014e-17
1.726113e+00 1.136702e-14 1.336678e-17
1.726348e+00 1.109577e-14 1.328325e-17
1.726583e+00 1.083979e-14 1.305044e-17
1.726818e+00 1.071375e-14 1.360830e-17
1.727053e+00 1.067116e-14 1.370582e-17
1.727288e+00 1.073466e-14 1.403769e-17
1.727523e+00 1.138523e-14 1.416222e-17
1.727758e+00 1.193199e-14 1.437530e-17
1.727993e+00 1.207140e-14 1.403325e-17
1.728228e+00 1.201132e-14 1.397304e-17
1.728463e+00 1.182836e-14 1.351210e-17
1.728698e+00 1.199630e-14 1.364874e-17
1.728933e+00 1.160129e-14 1.333255e-17
1.729168e+00 1.114269e-14 1.304849e-17
1.729403e+00 1.089486e-14 1.276527e-17
1.729638e+00 1.079245e-14 1.264757e-17
1.729873e+00 1.113733e-14 1.288317e-17
1.730108e+00 1.144868e-14 1.276503e-17
1.730343e+00 1.180542e-14 1.287136e-17
1.730578e+00 1.223749e-14 1.293845e-17
1.730813e+00 1.250218e-14 1.308710e-17
1.731048e+00 1.203977e-14 1.300338e-17
1.731283e+00 1.116393e-14 1.237058e-17
1.731518e+00 1.103964e-14 1.242341e-17
1.731753e+00 1.049037e-14 1.201247e-17
1.731988e+00 9.915830e-15 1.168914e-17
1.732223e+00 1.046495e-14 1.216075e-17
1.732458e+00 1.117478e-14 1.434962e-17
1.732693e+00 1.143764e-14 1.406537e-17
1.732928e+00 1.141154e-14 1.413724e-17
1.733163e+00 1.153632e-14 1.429326e-17
1.733398e+00 1.157553e-14 1.424140e-17
1.733633e+00 1.146387e-14 1.403327e-17
1.733868e+00 1.145028e-14 1.455195e-17
1.734103e+00 1.108637e-14 1.619179e-17
1.734338e+00 1.052328e-14 1.627511e-17
1.734573e+00 1.037315e-14 2.134479e-17
1.734808e+00 1.062902e-14 2.570626e-17
1.735043e+00 1.058762e-14 2.653914e-17
1.735278e+00 1.057766e-14 2.787077e-17
1.735513e+00 1.049728e-14 2.812386e-17
1.735748e+00 1.074009e-14 2.883719e-17
1.735983e+00 1.097495e-14 2.924173e-17
1.736218e+00 1.118154e-14 2.950883e-17
1.736453e+00 1.132779e-14 2.977030e-17
1.736688e+00 1.124274e-14 2.946175e-17
1.736923e+00 1.096943e-14 2.879453e-17
1.737158e+00 1.064253e-14 2.789055e-17
1.737393e+00 1.101015e-14 2.875212e-17
1.737628e+00 1.182330e-14 2.987098e-17
1.737863e+00 1.141281e-14 1.617642e-17
1.738098e+00 1.074277e-14 1.146353e-17
1.738333e+00 1.096450e-14 1.075281e-17
1.738568e+00 1.125974e-14 1.094943e-17
1.738803e+00 1.162411e-14 1.109334e-17
1.739038e+00 1.138528e-14 1.095821e-17
1.739273e+00 1.136712e-14 1.111504e-17
1.739508e+00 1.120375e-14 1.099437e-17
1.739743e+00 1.104928e-14 1.081115e-17
1.739978e+00 1.074205e-14 1.075793e-17
1.740213e+00 1.077825e-14 1.089443e-17
1.740448e+00 1.044698e-14 1.120503e-17
1.740683e+00 1.002689e-14 1.106255e-17
1.740918e+00 1.024406e-14 1.163452e-17
1.741153e+00 1.068536e-14 1.232635e-17
1.741388e+00 1.113024e-14 1.289149e-17
1.741623e+00 1.135774e-14 1.332991e-17
1.741858e+00 1.160152e-14 1.377040e-17
1.742093e+00 1.190449e-14 1.442943e-17
1.742328e+00 1.137080e-14 1.397796e-17
1.742563e+00 1.045022e-14 1.358670e-17
1.742798e+00 1.034105e-14 1.337992e-17
1.743033e+00 1.082249e-14 1.415144e-17
1.743268e+00 1.092078e-14 1.402865e-17
1.743503e+00 1.108780e-14 1.416075e-17
1.743738e+00 1.065806e-14 1.401858e-17
1.743973e+00 1.022484e-14 1.374815e-17
1.744208e+00 1.069077e-14 1.443397e-17
1.744443e+00 1.123968e-14 1.527159e-17
1.744678e+00 1.113750e-14 1.579022e-17
1.744913e+00 1.131084e-14 1.972908e-17
1.745148e+00 1.075643e-14 1.851466e-17
1.745383e+00 1.154522e-14 2.034186e-17
1.745618e+00 1.098398e-14 1.687646e-17
1.745853e+00 1.090201e-14 1.598391e-17
1.746088e+00 1.137244e-14 1.697513e-17
1.746323e+00 1.157208e-14 1.674841e-17
1.746558e+00 1.097784e-14 1.608102e-17
1.746793e+00 1.069290e-14 1.576737e-17
1.747028e+00 1.053154e-14 1.558742e-17
1.747263e+00 1.014664e-14 1.478697e-17
1.747498e+00 1.005179e-14 1.485162e-17
1.747733e+00 1.040881e-14 1.530435e-17
1.747968e+00 1.037428e-14 1.542709e-17
1.748203e+00 9.856884e-15 1.480703e-17
1.748438e+00 1.010788e-14 1.501646e-17
1.748673e+00 1.110525e-14 1.663529e-17
1.748908e+00 1.142719e-14 1.657678e-17
1.749143e+00 1.095515e-14 1.609608e-17
1.749378e+00 1.055644e-14 1.615086e-17
1.749613e+00 1.056169e-14 1.672175e-17
1.749848e+00 1.088450e-14 1.729285e-17
1.750083e+00 1.090651e-14 1.771132e-17
1.750318e+00 1.021868e-14 1.690232e-17
1.750553e+00 9.267581e-15 1.588466e-17
1.750788e+00 8.986953e-15 1.540962e-17
1.751023e+00 9.873647e-15 1.708439e-17
1.751258e+00 1.042018e-14 1.747856e-17
1.751493e+00 1.053211e-14 1.724900e-17
1.751728e+00 1.041662e-14 1.704933e-17
1.751963e+00 1.003949e-14 1.630651e-17
1.752198e+00 9.967212e-15 1.501803e-17
1.752433e+00 1.042865e-14 1.503393e-17
1.752668e+00 1.094784e-14 1.492419e-17
1.752903e+00 1.146406e-14 1.473496e-17
1.753138e+00 1.117387e-14 1.308587e-17
1.753373e+00 1.055429e-14 1.213736e-17
1.753608e+00 1.006539e-14 1.180262e-17
1.753843e+00 1.024685e-14 1.129832e-17
1.754078e+00 1.022437e-14 1.098395e-17
1.754313e+00 nan nan
1.754548e+00 9.720268e-15 1.050518e-17
1.754783e+00 1.029572e-14 1.075028e-17
1.755018e+00 1.080799e-14 1.082898e-17
1.755253e+00 1.069521e-14 1.070008e-17
1.755488e+00 1.045965e-14 1.066694e-17
1.755723e+00 1.006097e-14 1.030569e-17
1.755958e+00 9.577528e-15 1.005416e-17
1.756193e+00 9.441854e-15 1.032488e-17
1.756428e+00 9.533678e-15 1.073904e-17
1.756663e+00 9.539703e-15 1.056008e-17
1.756898e+00 9.485586e-15 1.021397e-17
1.757133e+00 9.916545e-15 1.037613e-17
1.757368e+00 1.065637e-14 1.075999e-17
1.757603e+00 1.067379e-14 1.073145e-17
1.757838e+00 1.014488e-14 1.037645e-17
1.758073e+00 9.911106e-15 1.028586e-17
1.758308e+00 9.944040e-15 1.022375e-17
1.758543e+00 9.950216e-15 1.043632e-17
1.758778e+00 9.671855e-15 1.008502e-17
1.759013e+00 9.722401e-15 1.009133e-17
1.759248e+00 1.010897e-14 1.022468e-17
1.759483e+00 1.037965e-14 1.031313e-17
1.759718e+00 1.040028e-14 1.037762e-17
1.759953e+00 1.027477e-14 1.035137e-17
1.760188e+00 1.049650e-14 1.071674e-17
1.760423e+00 1.083470e-14 1.132509e-17
1.760658e+00 9.981540e-15 1.072824e-17
1.760893e+00 9.156520e-15 1.013568e-17
1.761128e+00 9.367372e-15 1.099582e-17
1.761363e+00 1.003173e-14 1.172334e-17
1.761598e+00 1.050202e-14 1.223233e-17
1.761833e+00 1.083788e-14 1.298243e-17
1.762068e+00 9.924055e-15 1.185530e-17
1.762303e+00 9.412813e-15 1.162673e-17
1.762538e+00 9.431678e-15 1.197241e-17
1.762773e+00 9.259139e-15 1.174431e-17
1.763008e+00 9.253309e-15 1.164201e-17
1.763243e+00 9.278938e-15 1.145799e-17
1.763478e+00 9.818307e-15 1.104444e-17
1.763713e+00 1.089197e-14 1.168403e-17
1.763948e+00 1.081845e-14 1.158664e-17
1.764183e+00 9.960191e-15 1.091508e-17
1.764418e+00 9.304255e-15 1.056534e-17
1.764653e+00 9.365806e-15 1.032068e-17
1.764888e+00 1.007075e-14 1.055650e-17
1.765123e+00 1.046317e-14 1.057662e-17
1.765358e+00 1.035701e-14 1.060804e-17
1.765593e+00 1.147295e-14 2.722569e-17
1.765828e+00 1.183711e-14 4.517842e-17
1.766063e+00 1.078626e-14 1.079372e-17
1.766298e+00 1.117910e-14 1.094057e-17
1.766533e+00 1.096323e-14 1.096767e-17
1.766768e+00 1.050245e-14 1.101618e-17
1.767003e+00 9.587404e-15 1.040966e-17
1.767238e+00 9.167597e-15 1.031022e-17
1.767473e+00 9.380822e-15 1.041548e-17
1.767708e+00 9.334113e-15 1.058008e-17
1.767943e+00 9.151390e-15 1.032602e-17
1.768178e+00 9.153757e-15 1.038756e-17
1.768413e+00 9.003997e-15 1.052256e-17
1.768648e+00 9.130216e-15 1.104707e-17
1.768883e+00 9.467547e-15 1.136876e-17
1.769118e+00 9.796128e-15 1.168581e-17
1.769353e+00 9.967197e-15 1.206631e-17
1.769588e+00 1.023556e-14 1.303564e-17
1.769823e+00 1.062986e-14 1.425676e-17
1.770058e+00 1.024315e-14 1.401296e-17
1.770293e+00 9.666634e-15 1.444363e-17
1.770528e+00 9.868946e-15 1.375754e-17
1.770763e+00 9.984195e-15 1.396864e-17
1.770998e+00 9.494342e-15 1.355147e-17
1.771233e+00 9.480484e-15 1.350154e-17
1.771468e+00 9.416743e-15 1.354399e-17
1.771703e+00 9.331838e-15 1.338831e-17
1.771938e+00 9.862118e-15 1.394829e-17
1.772173e+00 9.499916e-15 1.357101e-17
1.772408e+00 8.716074e-15 1.263728e-17
1.772643e+00 8.755239e-15 1.277739e-17
1.772878e+00 9.010838e-15 1.301105e-17
1.773113e+00 8.981938e-15 1.291503e-17
1.773348e+00 9.315851e-15 1.307680e-17
1.773583e+00 9.832736e-15 1.359359e-17
1.773818e+00 1.016217e-14 1.374764e-17
1.774053e+00 1.021355e-14 1.365181e-17
1.774288e+00 9.649394e-15 1.301727e-17
1.774523e+00 8.994750e-15 1.242404e-17
1.774758e+00 8.842800e-15 1.219320e-17
1.774993e+00 8.685961e-15 1.199957e-17
1.775228e+00 8.553565e-15 1.190457e-17
1.775463e+00 8.824376e-15 1.180775e-17
1.775698e+00 9.490989e-15 1.253050e-17
1.775933e+00 9.384468e-15 1.286848e-17
1.776168e+00 9.097912e-15 1.261231e-17
1.776403e+00 8.725690e-15 1.226462e-17
1.776638e+00 8.235707e-15 1.205153e-17
1.776873e+00 8.628501e-15 1.674497e-17
1.777108e+00 9.254092e-15 1.702402e-17
1.777343e+00 9.671103e-15 1.170898e-17
1.777578e+00 9.235296e-15 1.110177e-17
1.777813e+00 8.991504e-15 1.086077e-17
1.778048e+00 9.277665e-15 1.112853e-17
1.778283e+00 9.286596e-15 1.145407e-17
1.778518e+00 9.311956e-15 1.209754e-17
1.778753e+00 9.545930e-15 1.236819e-17
1.778988e+00 9.126753e-15 1.184653e-17
1.779223e+00 8.930632e-15 1.243206e-17
1.779458e+00 8.750203e-15 1.224529e-17
1.779693e+00 8.281243e-15 1.039085e-17
1.779928e+00 8.791305e-15 1.075882e-17
1.780163e+00 9.895889e-15 1.253773e-17
1.780398e+00 9.921865e-15 1.251534e-17
1.780633e+00 9.806845e-15 1.267079e-17
1.780868e+00 9.638766e-15 1.242586e-17
1.781103e+00 8.772599e-15 1.168152e-17
1.781338e+00 8.287937e-15 1.119886e-17
1.781573e+00 8.411854e-15 1.146350e-17
1.781808e+00 8.790241e-15 1.173882e-17
1.782043e+00 9.326016e-15 1.246854e-17
1.782278e+00 9.184143e-15 1.212564e-17
1.782513e+00 8.942322e-15 1.163192e-17
1.782748e+00 8.914454e-15 1.163717e-17
1.782983e+00 8.897471e-15 1.154529e-17
1.783218e+00 9.434448e-15 1.255546e-17
1.783453e+00 1.012424e-14 1.453548e-17
1.783688e+00 1.006697e-14 1.408655e-17
1.783923e+00 1.005543e-14 1.256627e-17
1.784158e+00 1.002306e-14 1.184303e-17
1.784393e+00 9.657780e-15 1.094630e-17
1.784628e+00 9.355969e-15 1.046207e-17
1.784863e+00 8.852912e-15 1.008005e-17
1.785098e+00 8.937217e-15 1.033704e-17
1.785333e+00 8.968962e-15 1.019966e-17
1.785568e+00 8.518661e-15 1.007274e-17
1.785803e+00 8.174842e-15 9.956357e-18
1.786038e+00 8.345980e-15 1.013722e-17
1.786273e+00 8.692716e-15 1.042720e-17
1.786508e+00 9.020243e-15 1.052421e-17
1.786743e+00 8.817332e-15 1.031533e-17
1.786978e+00 8.023371e-15 9.816669e-18
1.787213e+00 7.855545e-15 9.878110e-18
1.787448e+00 8.021899e-15 1.037178e-17
1.787683e+00 8.422185e-15 9.893219e-18
1.787918e+00 8.810664e-15 1.071430e-17
1.788153e+00 8.747297e-15 1.075542e-17
1.788388e+00 8.844114e-15 1.080003e-17
1.788623e+00 8.741768e-15 1.032581e-17
1.788858e+00 8.571987e-15 1.013942e-17
1.789093e+00 8.946825e-15 1.021695e-17
1.789328e+00 9.330237e-15 1.044158e-17
1.789563e+00 9.461995e-15 1.049815e-17
1.789798e+00 9.304855e-15 1.067198e-17
1.790033e+00 9.175042e-15 1.072047e-17
1.790268e+00 8.915134e-15 1.062822e-17
1.790503e+00 8.166748e-15 1.016226e-17
1.790738e+00 8.663281e-15 1.048034e-17
1.790973e+00 9.184014e-15 1.091850e-17
1.791208e+00 8.924576e-15 1.079264e-17
1.791443e+00 8.480957e-15 1.099506e-17
1.791678e+00 8.567336e-15 1.047527e-17
1.791913e+00 8.417169e-15 1.023507e-17
1.792148e+00 8.300084e-15 1.034926e-17
1.792383e+00 8.654106e-15 1.069125e-17
1.792618e+00 8.794640e-15 1.081429e-17
1.792853e+00 8.615852e-15 1.103421e-17
1.793088e+00 8.660309e-15 1.127065e-17
1.793323e+00 8.352667e-15 1.105296e-17
1.793558e+00 7.960164e-15 1.058724e-17
1.793793e+00 8.005379e-15 1.034934e-17
1.794028e+00 8.244612e-15 1.033600e-17
1.794263e+00 8.400204e-15 1.035225e-17
1.794498e+00 8.509323e-15 1.053353e-17
1.794733e+00 8.562008e-15 1.217177e-17
1.794968e+00 8.197577e-15 1.038980e-17
1.795203e+00 8.144067e-15 1.030149e-17
1.795438e+00 8.754387e-15 1.074827e-17
1.795673e+00 nan nan
1.795908e+00 nan nan
1.796143e+00 8.188727e-15 9.661475e-18
1.796378e+00 7.203749e-15 8.725966e-18
1.796613e+00 8.325788e-15 9.437999e-18
1.796848e+00 9.046103e-15 1.006542e-17
1.797083e+00 9.050995e-15 9.856010e-18
1.797318e+00 9.325825e-15 1.016445e-17
1.797553e+00 9.001089e-15 1.009013e-17
1.797788e+00 8.943225e-15 9.918362e-18
1.798023e+00 9.219144e-15 9.767922e-18
1.798258e+00 9.104320e-15 9.548729e-18
1.798493e+00 9.388761e-15 9.707625e-18
1.798728e+00 9.625696e-15 9.795000e-18
1.798963e+00 9.023009e-15 9.662663e-18
1.799198e+00 8.144247e-15 9.487430e-18
1.799433e+00 7.880086e-15 8.973514e-18
1.799668e+00 7.914873e-15 8.642400e-18
1.799903e+00 8.027499e-15 8.799295e-18
1.800138e+00 8.301776e-15 9.177643e-18
1.800373e+00 8.302613e-15 8.732339e-18
1.800608e+00 8.283801e-15 8.811472e-18
1.800843e+00 7.983567e-15 8.533426e-18
1.801078e+00 7.145941e-15 8.157264e-18
1.801313e+00 7.365412e-15 1.037280e-17
1.801548e+00 7.867142e-15 9.458372e-18
1.801783e+00 8.154425e-15 8.906989e-18
1.802018e+00 8.408297e-15 9.003177e-18
1.802253e+00 8.219610e-15 8.982322e-18
1.802488e+00 7.824864e-15 8.791946e-18
1.802723e+00 7.602326e-15 8.422240e-18
1.802958e+00 8.007253e-15 8.788128e-18
1.803193e+00 8.445514e-15 9.380266e-18
1.803428e+00 8.613212e-15 9.743511e-18
1.803663e+00 8.397944e-15 9.755517e-18
1.803898e+00 8.355589e-15 9.990767e-18
1.804133e+00 8.951445e-15 1.053184e-17
1.804368e+00 9.289738e-15 1.067839e-17
1.804603e+00 9.146487e-15 1.049205e-17
1.804838e+00 8.666838e-15 9.411899e-18
1.805073e+00 8.367589e-15 9.641230e-18
1.805308e+00 8.531475e-15 9.302231e-18
1.805543e+00 8.273343e-15 9.225928e-18
1.805778e+00 7.847541e-15 9.073163e-18
1.806013e+00 7.892388e-15 9.188026e-18
1.806248e+00 8.068762e-15 9.367926e-18
1.806483e+00 8.475442e-15 9.367160e-18
1.806718e+00 8.812029e-15 9.459772e-18
1.806953e+00 8.321443e-15 9.072284e-18
1.807188e+00 7.652189e-15 8.855042e-18
1.807423e+00 7.215582e-15 8.521185e-18
1.807658e+00 7.396094e-15 8.570899e-18
1.807893e+00 8.273790e-15 9.134173e-18
1.808128e+00 8.756259e-15 9.468526e-18
1.808363e+00 8.765582e-15 9.681867e-18
1.808598e+00 8.074453e-15 9.310262e-18
1.808833e+00 7.662459e-15 8.963021e-18
1.809068e+00 8.165891e-15 9.354399e-18
1.809303e+00 8.470445e-15 1.129145e-17
1.809538e+00 8.283068e-15 1.131950e-17
1.809773e+00 8.360699e-15 1.137983e-17
1.810008e+00 8.753063e-15 1.049680e-17
1.810243e+00 8.759313e-15 1.017876e-17
1.810478e+00 7.879834e-15 9.333708e-18
1.810713e+00 6.956578e-15 8.653355e-18
1.810948e+00 6.763282e-15 8.542119e-18
1.811183e+00 7.225704e-15 8.915278e-18
1.811418e+00 7.846945e-15 9.669524e-18
1.811653e+00 8.274162e-15 9.564355e-18
1.811888e+00 8.531339e-15 9.683951e-18
1.812123e+00 8.213116e-15 9.557832e-18
1.812358e+00 7.512136e-15 9.106553e-18
1.812593e+00 7.110896e-15 8.698414e-18
1.812828e+00 7.262343e-15 8.821791e-18
1.813063e+00 8.001535e-15 9.263818e-18
1.813298e+00 8.266932e-15 9.461218e-18
1.813533e+00 8.061069e-15 9.562062e-18
1.813768e+00 8.329551e-15 9.655878e-18
1.814003e+00 8.759268e-15 9.789861e-18
1.814238e+00 9.143434e-15 9.994625e-18
1.814473e+00 9.671766e-15 1.028605e-17
1.814708e+00 9.489980e-15 1.046844e-17
1.814943e+00 8.464210e-15 1.090110e-17
1.815178e+00 8.094602e-15 1.117896e-17
1.815413e+00 8.538749e-15 1.136241e-17
1.815648e+00 8.440684e-15 1.125092e-17
1.815883e+00 8.405420e-15 1.150472e-17
1.816118e+00 8.454625e-15 1.187716e-17
1.816353e+00 8.475459e-15 1.202349e-17
1.816588e+00 8.924851e-15 1.235448e-17
1.816823e+00 8.535298e-15 1.154371e-17
1.817058e+00 7.435212e-15 1.093851e-17
1.817293e+00 nan nan
1.817528e+00 nan nan
1.817763e+00 7.755508e-15 1.112310e-17
1.817998e+00 7.781963e-15 1.038179e-17
1.818233e+00 7.842341e-15 1.063246e-17
1.818468e+00 7.684914e-15 1.001006e-17
1.818703e+00 7.677765e-15 9.484840e-18
1.818938e+00 8.026690e-15 9.836446e-18
1.819173e+00 8.294942e-15 1.053987e-17
1.819408e+00 7.815178e-15 1.014555e-17
1.819643e+00 7.427790e-15 9.358903e-18
1.819878e+00 7.801057e-15 9.476097e-18
1.820113e+00 8.078307e-15 9.371382e-18
1.820348e+00 7.910088e-15 9.550557e-18
1.820583e+00 7.942790e-15 9.509701e-18
1.820818e+00 7.965880e-15 9.576165e-18
1.821053e+00 7.678120e-15 9.586754e-18
1.821288e+00 7.704700e-15 9.493844e-18
1.821523e+00 7.566922e-15 9.465011e-18
1.821758e+00 7.279392e-15 9.304543e-18
1.821993e+00 7.055529e-15 9.141189e-18
1.822228e+00 7.066563e-15 9.271889e-18
1.822463e+00 7.331756e-15 9.827543e-18
1.822698e+00 7.707087e-15 9.288122e-18
1.822933e+00 8.304197e-15 9.461657e-18
1.823168e+00 8.555121e-15 9.685425e-18
1.823403e+00 8.788342e-15 1.074224e-17
1.823638e+00 9.017019e-15 1.174267e-17
1.823873e+00 8.806833e-15 1.097962e-17
1.824108e+00 8.879674e-15 1.026034e-17
1.824343e+00 9.022136e-15 1.015911e-17
1.824578e+00 8.600857e-15 9.940329e-18
1.824813e+00 7.962681e-15 9.496361e-18
1.825048e+00 7.642924e-15 9.437805e-18
1.825283e+00 7.464108e-15 9.516176e-18
1.825518e+00 7.702169e-15 9.678662e-18
1.825753e+00 8.421123e-15 1.015909e-17
1.825988e+00 8.263976e-15 1.002694e-17
1.826223e+00 6.900492e-15 9.320011e-18
1.826458e+00 6.310900e-15 9.011388e-18
1.826693e+00 7.274007e-15 9.695881e-18
1.826928e+00 7.896187e-15 9.832235e-18
1.827163e+00 7.928229e-15 9.774608e-18
1.827398e+00 8.072683e-15 9.829023e-18
1.827633e+00 7.635046e-15 9.535756e-18
1.827868e+00 8.154409e-15 1.024295e-17
1.828103e+00 8.786988e-15 1.103142e-17
1.828338e+00 8.520910e-15 1.070426e-17
1.828573e+00 8.478758e-15 1.081073e-17
1.828808e+00 8.239407e-15 1.029390e-17
1.829043e+00 7.900997e-15 1.005601e-17
1.829278e+00 8.195596e-15 1.039546e-17
1.829513e+00 8.769708e-15 1.070269e-17
1.829748e+00 8.973240e-15 1.080546e-17
1.829983e+00 8.419851e-15 1.034585e-17
1.830218e+00 7.829280e-15 9.931193e-18
1.830453e+00 7.637423e-15 1.027710e-17
1.830688e+00 7.983565e-15 1.064516e-17
1.830923e+00 8.448414e-15 1.098276e-17
1.831158e+00 8.166623e-15 1.081686e-17
1.831393e+00 7.995777e-15 1.017840e-17
1.831628e+00 8.485047e-15 1.060502e-17
1.831863e+00 8.337445e-15 1.031025e-17
1.832098e+00 7.488890e-15 9.698747e-18
1.832333e+00 7.235670e-15 9.573654e-18
1.832568e+00 7.110513e-15 9.580186e-18
1.832803e+00 7.391394e-15 9.690157e-18
1.833038e+00 7.758320e-15 1.011936e-17
1.833273e+00 7.842225e-15 1.014358e-17
1.833508e+00 8.080383e-15 1.031569e-17
1.833743e+00 8.048758e-15 1.000469e-17
1.833978e+00 7.723797e-15 9.669091e-18
1.834213e+00 7.884185e-15 9.978432e-18
1.834448e+00 8.264205e-15 1.017845e-17
1.834683e+00 7.975098e-15 9.724456e-18
1.834918e+00 7.360915e-15 9.356808e-18
1.835153e+00 7.220371e-15 9.336347e-18
1.835388e+00 8.154262e-15 9.748970e-18
1.835623e+00 8.496749e-15 9.838650e-18
1.835858e+00 8.082219e-15 9.685899e-18
1.836093e+00 7.911468e-15 9.797352e-18
1.836328e+00 7.639603e-15 9.443756e-18
1.836563e+00 8.213044e-15 9.964859e-18
1.836798e+00 8.896329e-15 1.045251e-17
1.837033e+00 8.452263e-15 1.011101e-17
1.837268e+00 8.186950e-15 1.013695e-17
1.837503e+00 7.756607e-15 9.841321e-18
1.837738e+00 6.756284e-15 8.996743e-18
1.837973e+00 6.798500e-15 9.269102e-18
1.838208e+00 7.764914e-15 1.006197e-17
1.838443e+00 8.015733e-15 1.020713e-17
1.838678e+00 8.171127e-15 1.038151e-17
1.838913e+00 7.976181e-15 1.016381e-17
1.839148e+00 7.440232e-15 9.646401e-18
1.839383e+00 7.389708e-15 9.777255e-18
1.839618e+00 7.165007e-15 9.576846e-18
1.839853e+00 6.893474e-15 9.582723e-18
1.840088e+00 7.533069e-15 1.027515e-17
1.840323e+00 7.917044e-15 1.067966e-17
1.840558e+00 7.950397e-15 1.124457e-17
1.840793e+00 8.052574e-15 1.182035e-17
1.841028e+00 8.513739e-15 1.226513e-17
1.841263e+00 9.057901e-15 1.290062e-17
1.841498e+00 8.694347e-15 1.293081e-17
1.841733e+00 7.707457e-15 1.193561e-17
1.841968e+00 6.834148e-15 1.067738e-17
1.842203e+00 6.828006e-15 1.069016e-17
1.842438e+00 6.937244e-15 1.071351e-17
1.842673e+00 6.951261e-15 1.066377e-17
1.842908e+00 7.079206e-15 1.212074e-17
1.843143e+00 7.284029e-15 1.124014e-17
1.843378e+00 7.282236e-15 1.126436e-17
1.843613e+00 7.153061e-15 9.427085e-18
1.843848e+00 7.203712e-15 9.270043e-18
1.844083e+00 6.905725e-15 8.919623e-18
1.844318e+00 6.743630e-15 8.913504e-18
1.844553e+00 6.819723e-15 8.811832e-18
1.844788e+00 6.976760e-15 8.801367e-18
1.845023e+00 7.433375e-15 8.893355e-18
1.845258e+00 7.887538e-15 9.241811e-18
1.845493e+00 7.593392e-15 9.639325e-18
1.845728e+00 7.056741e-15 9.845815e-18
1.845963e+00 7.551906e-15 9.219698e-18
1.846198e+00 7.820990e-15 9.308265e-18
1.846433e+00 7.768397e-15 9.302142e-18
1.846668e+00 7.225158e-15 8.995782e-18
1.846903e+00 6.658315e-15 8.482255e-18
1.847138e+00 6.539300e-15 8.258243e-18
1.847373e+00 6.862726e-15 8.374590e-18
1.847608e+00 7.120475e-15 8.512551e-18
1.847843e+00 7.131691e-15 8.891326e-18
1.848078e+00 6.447474e-15 8.108189e-18
1.848313e+00 5.814186e-15 7.580231e-18
1.848548e+00 5.917693e-15 7.679251e-18
1.848783e+00 6.379902e-15 7.842995e-18
1.849018e+00 7.151006e-15 8.300034e-18
1.849253e+00 7.421454e-15 8.557637e-18
1.849488e+00 6.905897e-15 8.120386e-18
1.849723e+00 6.975614e-15 8.061804e-18
1.849958e+00 7.329687e-15 8.240560e-18
1.850193e+00 7.090701e-15 8.250863e-18
1.850428e+00 6.798975e-15 8.050479e-18
1.850663e+00 7.057268e-15 8.418044e-18
1.850898e+00 7.440876e-15 8.308689e-18
1.851133e+00 7.712717e-15 8.438193e-18
1.851368e+00 7.654574e-15 8.615239e-18
1.851603e+00 7.805086e-15 8.656384e-18
1.851838e+00 8.178146e-15 8.833361e-18
1.852073e+00 7.998220e-15 8.727795e-18
1.852308e+00 7.752581e-15 8.619121e-18
1.852543e+00 8.006071e-15 8.749250e-18
1.852778e+00 7.919566e-15 8.806351e-18
1.853013e+00 7.059225e-15 8.348968e-18
1.853248e+00 6.580649e-15 8.626129e-18
1.853483e+00 6.921745e-15 8.372612e-18
1.853718e+00 6.879917e-15 8.319678e-18
1.853953e+00 6.641009e-15 8.210924e-18
1.854188e+00 7.032692e-15 8.640054e-18
1.854423e+00 7.470936e-15 9.244449e-18
1.854658e+00 7.309272e-15 9.021649e-18
1.854893e+00 6.727298e-15 8.741137e-18
1.855128e+00 6.482851e-15 8.632986e-18
1.855363e+00 6.920939e-15 8.918931e-18
1.855598e+00 7.660916e-15 9.404758e-18
1.855833e+00 7.516660e-15 9.253165e-18
1.856068e+00 7.128724e-15 8.856079e-18
1.856303e+00 6.654794e-15 8.799670e-18
1.856538e+00 6.062988e-15 8.463485e-18
1.856773e+00 5.565001e-15 7.930324e-18
1.857008e+00 6.116723e-15 8.342750e-18
1.857243e+00 6.574544e-15 8.509109e-18
1.857478e+00 6.886062e-15 8.656098e-18
1.857713e+00 6.701346e-15 8.440107e-18
1.857948e+00 6.001042e-15 8.059463e-18
1.858183e+00 5.859365e-15 7.965457e-18
1.858418e+00 5.964976e-15 7.988672e-18
1.858653e+00 6.301974e-15 8.325515e-18
1.858888e+00 6.469753e-15 8.300489e-18
1.859123e+00 6.283936e-15 8.244530e-18
1.859358e+00 6.406849e-15 8.369717e-18
1.859593e+00 6.654074e-15 8.560133e-18
1.859828e+00 6.823322e-15 8.520460e-18
1.860063e+00 6.623843e-15 8.371245e-18
1.860298e+00 6.427281e-15 8.215864e-18
1.860533e+00 6.295564e-15 8.064553e-18
1.860768e+00 6.343276e-15 8.059792e-18
1.861003e+00 6.434980e-15 8.246448e-18
1.861238e+00 6.273718e-15 8.182159e-18
1.861473e+00 6.240025e-15 8.123897e-18
1.861708e+00 6.675961e-15 8.249573e-18
1.861943e+00 7.115365e-15 8.622791e-18
1.862178e+00 7.508099e-15 8.926938e-18
1.862413e+00 7.224332e-15 8.714784e-18
1.862648e+00 6.739557e-15 8.495424e-18
1.862883e+00 6.460092e-15 8.433231e-18
1.863118e+00 6.660743e-15 8.755714e-18
1.863353e+00 7.156532e-15 8.817461e-18
1.863588e+00 7.218845e-15 8.686099e-18
1.863823e+00 7.411226e-15 8.758584e-18
1.864058e+00 7.185630e-15 8.697275e-18
1.864293e+00 6.800525e-15 8.461514e-18
1.864528e+00 6.794084e-15 8.459794e-18
1.864763e+00 6.980479e-15 8.578434e-18
1.864998e+00 7.065376e-15 8.738711e-18
1.865233e+00 6.343294e-15 8.145799e-18
1.865468e+00 6.269178e-15 8.517346e-18
1.865703e+00 6.472250e-15 8.655921e-18
1.865938e+00 6.893507e-15 8.974789e-18
1.866173e+00 7.121118e-15 8.797019e-18
1.866408e+00 7.480282e-15 9.011730e-18
1.866643e+00 7.491418e-15 8.996185e-18
1.866878e+00 7.195171e-15 8.786405e-18
1.867113e+00 7.012390e-15 8.644779e-18
1.867348e+00 7.118807e-15 8.946865e-18
1.867583e+00 7.185534e-15 9.013224e-18
1.867818e+00 6.540913e-15 8.698751e-18
1.868053e+00 5.670970e-15 8.047359e-18
1.868288e+00 6.031863e-15 8.434122e-18
1.868523e+00 6.989676e-15 9.050459e-18
1.868758e+00 7.192403e-15 9.386576e-18
1.868993e+00 7.076755e-15 9.252807e-18
1.869228e+00 7.128693e-15 9.312864e-18
1.869463e+00 7.248014e-15 9.538093e-18
1.869698e+00 7.217595e-15 9.555704e-18
1.869933e+00 7.205551e-15 9.435737e-18
1.870168e+00 7.352308e-15 9.961538e-18
1.870403e+00 7.467995e-15 9.835317e-18
1.870638e+00 7.619734e-15 9.976459e-18
1.870873e+00 7.141863e-15 9.770997e-18
1.871108e+00 6.713321e-15 9.490943e-18
1.871343e+00 6.554737e-15 9.183194e-18
1.871578e+00 6.552429e-15 9.500007e-18
1.871813e+00 6.729825e-15 9.591933e-18
1.872048e+00 7.199858e-15 9.875751e-18
1.872283e+00 7.331441e-15 9.941051e-18
1.872518e+00 7.048628e-15 9.482332e-18
1.872753e+00 7.080252e-15 9.794673e-18
1.872988e+00 6.468747e-15 9.324367e-18
1.873223e+00 5.764490e-15 8.855750e-18
1.873458e+00 5.725296e-15 8.892269e-18
1.873693e+00 6.241345e-15 9.534236e-18
1.873928e+00 6.778496e-15 1.030108e-17
1.874163e+00 7.085569e-15 1.184398e-17
1.874398e+00 7.306017e-15 1.314534e-17
1.874633e+00 7.179455e-15 1.789610e-17
1.874868e+00 7.000454e-15 2.365506e-17
1.875103e+00 7.020426e-15 2.381052e-17
1.875338e+00 6.995392e-15 2.349747e-17
1.875573e+00 7.313661e-15 2.427787e-17
1.875808e+00 7.630027e-15 2.489194e-17
1.876043e+00 7.630144e-15 2.461063e-17
1.876278e+00 7.379009e-15 2.354384e-17
1.876513e+00 7.182642e-15 2.090881e-17
1.876748e+00 6.944876e-15 1.484272e-17
1.876983e+00 6.660966e-15 1.378825e-17
1.877218e+00 6.575507e-15 1.273429e-17
1.877453e+00 6.865382e-15 1.069534e-17
1.877688e+00 7.094566e-15 9.952123e-18
1.877923e+00 6.711908e-15 8.979882e-18
1.878158e+00 6.625839e-15 8.639850e-18
1.878393e+00 6.579544e-15 8.517493e-18
1.878628e+00 6.022121e-15 7.986389e-18
1.878863e+00 6.043848e-15 7.989984e-18
1.879098e+00 6.686400e-15 8.384815e-18
1.879333e+00 6.854600e-15 8.533549e-18
1.879568e+00 6.664361e-15 8.338449e-18
1.879803e+00 6.670245e-15 8.391751e-18
1.880038e+00 6.874570e-15 8.359483e-18
1.880273e+00 7.083528e-15 8.417759e-18
1.880508e+00 7.431083e-15 8.836526e-18
1.880743e+00 8.029074e-15 9.217658e-18
1.880978e+00 7.656211e-15 8.862733e-18
1.881213e+00 7.069954e-15 8.383537e-18
1.881448e+00 6.598398e-15 8.288554e-18
1.881683e+00 6.657122e-15 8.228408e-18
1.881918e+00 7.122489e-15 8.890409e-18
1.882153e+00 7.320187e-15 1.090232e-17
1.882388e+00 7.742004e-15 1.281486e-17
1.882623e+00 7.984098e-15 1.112367e-17
1.882858e+00 7.918346e-15 9.838733e-18
1.883093e+00 7.886749e-15 1.140087e-17
1.883328e+00 7.708876e-15 1.119673e-17
1.883563e+00 7.623082e-15 1.116197e-17
1.883798e+00 7.528875e-15 1.127026e-17
1.884033e+00 7.435615e-15 1.206030e-17
1.884268e+00 7.479012e-15 1.132023e-17
1.884503e+00 7.500565e-15 1.133738e-17
1.884738e+00 7.265548e-15 1.132469e-17
1.884973e+00 6.868333e-15 1.148447e-17
1.885208e+00 6.388238e-15 1.096528e-17
1.885443e+00 6.588478e-15 1.129296e-17
1.885678e+00 6.974236e-15 1.099272e-17
1.885913e+00 6.920685e-15 1.025056e-17
1.886148e+00 7.340655e-15 1.181032e-17
1.886383e+00 7.701056e-15 1.194007e-17
1.886618e+00 7.246471e-15 1.054663e-17
1.886853e+00 6.748400e-15 1.020175e-17
1.887088e+00 6.976987e-15 1.141145e-17
1.887323e+00 7.554346e-15 1.294017e-17
1.887558e+00 7.693687e-15 1.332394e-17
1.887793e+00 7.571366e-15 1.359545e-17
1.888028e+00 7.603355e-15 1.408549e-17
1.888263e+00 7.601927e-15 1.499257e-17
1.888498e+00 7.143017e-15 1.437052e-17
1.888733e+00 6.359023e-15 1.300047e-17
1.888968e+00 6.246065e-15 1.448305e-17
1.889203e+00 6.597777e-15 2.072591e-17
1.889438e+00 7.266208e-15 2.849713e-17
1.889673e+00 nan nan
1.889908e+00 nan nan
