9.701174999999999660e-01 nan nan
9.703524999999999512e-01 nan nan
9.705875000000000474e-01 nan nan
9.708225000000000326e-01 nan nan
9.710575000000000179e-01 nan nan
9.712925000000000031e-01 nan nan
9.715274999999999883e-01 1.859973224806190147e-14 1.674444000000000117e-16
9.717624999999999735e-01 1.899797043120429287e-14 1.369287000000000008e-16
9.719974999999999588e-01 1.873269447698276824e-14 1.093101000000000020e-16
9.722325000000000550e-01 1.815977417102675265e-14 9.125316999999999990e-17
9.724675000000000402e-01 1.779065341902335061e-14 8.082574999999999996e-17
9.727025000000000254e-01 1.735744110904899316e-14 7.127257000000000316e-17
9.729375000000000107e-01 1.668619592694430744e-14 5.950409999999999447e-17
9.731724999999999959e-01 1.560034437936655001e-14 5.491432999999999829e-17
9.734074999999999811e-01 1.543535972146794163e-14 5.494396000000000080e-17
9.736424999999999663e-01 1.575747230059160271e-14 5.564912000000000022e-17
9.738774999999999515e-01 1.598891277354623112e-14 5.630449000000000292e-17
9.741125000000000478e-01 1.602248802254181803e-14 5.598944000000000088e-17
9.743475000000000330e-01 1.550995345154822362e-14 5.326582999999999970e-17
9.745825000000000182e-01 1.479552881147626429e-14 5.752513999999999495e-17
9.748175000000000034e-01 1.474660656028418147e-14 6.724878000000000587e-17
9.750524999999999887e-01 1.491014987915295383e-14 7.392308999999999944e-17
9.752874999999999739e-01 1.487330104024850018e-14 7.697785000000000058e-17
9.755224999999999591e-01 1.489454514118500072e-14 7.981500999999999451e-17
9.757575000000000554e-01 1.505347127891772959e-14 8.401773999999999525e-17
9.759925000000000406e-01 1.534540408234476567e-14 9.226278999999999746e-17
9.762275000000000258e-01 1.545069310019405155e-14 1.035652999999999954e-16
9.764625000000000110e-01 1.541168232582112845e-14 1.099266000000000018e-16
9.766974999999999962e-01 1.569721688552834163e-14 1.275847999999999931e-16
9.769324999999999815e-01 1.575534292430531529e-14 1.469541000000000029e-16
9.771674999999999667e-01 1.530358773990108262e-14 1.438953999999999962e-16
9.774024999999999519e-01 1.498324098255881540e-14 1.414055999999999927e-16
9.776375000000000481e-01 1.523448123006161435e-14 1.467900999999999967e-16
9.778725000000000334e-01 1.534942230238819319e-14 1.486820999999999987e-16
9.781075000000000186e-01 nan nan
9.783425000000000038e-01 1.488075446608212887e-14 1.424101999999999943e-16
9.785774999999999890e-01 1.432602982087151048e-14 1.364698999999999952e-16
9.788124999999999742e-01 1.447382275144348774e-14 1.373749999999999889e-16
9.790474999999999595e-01 1.482124803881902744e-14 1.400330999999999887e-16
9.792824999999999447e-01 1.543786512033009828e-14 1.445749000000000056e-16
9.795175000000000409e-01 1.582579557368875000e-14 1.475590999999999901e-16
9.797525000000000261e-01 1.589445631922817040e-14 1.434401000000000014e-16
9.799875000000000114e-01 1.598138534291707982e-14 1.373801000000000075e-16
9.802224999999999966e-01 1.602943693494796058e-14 1.302555999999999989e-16
9.804574999999999818e-01 1.610777715564259399e-14 1.218335000000000104e-16
9.806924999999999670e-01 1.615726452550507308e-14 1.133069000000000022e-16
9.809274999999999523e-01 1.607888753117147037e-14 1.085477999999999980e-16
9.811625000000000485e-01 1.628459937447809643e-14 1.038487999999999955e-16
9.813975000000000337e-01 1.620938622965232650e-14 9.488561999999999940e-17
9.816325000000000189e-01 1.536489350615476185e-14 8.540617000000000320e-17
9.818675000000000042e-01 1.521256958220745397e-14 7.557823999999999637e-17
9.821024999999999894e-01 1.575842682651059186e-14 6.722845000000000530e-17
9.823374999999999746e-01 1.632380026450887085e-14 6.881793000000000495e-17
9.825724999999999598e-01 1.659976910816708061e-14 6.600686999999999581e-17
9.828074999999999450e-01 1.655041023628702245e-14 5.337403000000000041e-17
9.830425000000000413e-01 1.652642483080145582e-14 3.970558000000000285e-17
9.832775000000000265e-01 1.619430710616464425e-14 2.931104999999999781e-17
9.835125000000000117e-01 1.610066714822230855e-14 2.347184000000000067e-17
9.837474999999999969e-01 1.595993227645107115e-14 1.935609000000000006e-17
9.839824999999999822e-01 1.626072971359456887e-14 1.920186999999999873e-17
9.842174999999999674e-01 1.673150732783745466e-14 1.975436999999999945e-17
9.844524999999999526e-01 1.690914436080330976e-14 1.989019000000000093e-17
9.846875000000000488e-01 1.710499968115060109e-14 2.010362000000000088e-17
9.849225000000000341e-01 1.731637689994781028e-14 2.037760999999999984e-17
9.851575000000000193e-01 1.729957520164366767e-14 2.052206999999999884e-17
9.853925000000000045e-01 1.715015623523848457e-14 2.433273999999999892e-17
9.856274999999999897e-01 1.740299379000927002e-14 3.264591000000000103e-17
9.858624999999999750e-01 1.785960854863592557e-14 4.281260999999999794e-17
9.860974999999999602e-01 1.792134130588361414e-14 5.823417000000000018e-17
9.863324999999999454e-01 1.802426913591596915e-14 6.976827999999999928e-17
9.865675000000000416e-01 1.814738690357316815e-14 7.867857000000000212e-17
9.868025000000000269e-01 1.812195069864604177e-14 8.868305999999999717e-17
9.870375000000000121e-01 1.780704684333364758e-14 9.767651000000000381e-17
9.872724999999999973e-01 1.782073200274082543e-14 1.033989000000000022e-16
9.875074999999999825e-01 1.832899634913292995e-14 1.078841000000000036e-16
9.877424999999999677e-01 1.878096873110854264e-14 1.133433999999999881e-16
9.879774999999999530e-01 1.861498553673252945e-14 1.125152000000000035e-16
9.882125000000000492e-01 1.823488682537247621e-14 1.128209999999999946e-16
9.884475000000000344e-01 1.842137657400612775e-14 1.193219000000000122e-16
9.886825000000000196e-01 1.889902382349116003e-14 1.252901999999999991e-16
9.889175000000000049e-01 1.910654561042913602e-14 1.278169999999999971e-16
9.891524999999999901e-01 1.902644434565237298e-14 1.295529000000000003e-16
9.893874999999999753e-01 1.890037890175036705e-14 1.330882999999999946e-16
9.896224999999999605e-01 1.849363925486021446e-14 1.353684999999999927e-16
9.898574999999999458e-01 1.745471136949178084e-14 1.345962000000000018e-16
9.900925000000000420e-01 1.666350923185198608e-14 1.293016000000000085e-16
9.903275000000000272e-01 1.620218839757182321e-14 1.268571999999999909e-16
9.905625000000000124e-01 1.557538911441048998e-14 1.207696000000000110e-16
9.907974999999999977e-01 1.491205477165205196e-14 1.146360000000000054e-16
9.910324999999999829e-01 1.468179284335991259e-14 1.125260000000000066e-16
9.912674999999999681e-01 1.507702417330210375e-14 1.160044000000000081e-16
9.915024999999999533e-01 1.509993238494736915e-14 1.132242000000000019e-16
9.917375000000000496e-01 1.440073218792937542e-14 1.056068000000000011e-16
9.919725000000000348e-01 1.415804923011511918e-14 1.036646000000000023e-16
9.922075000000000200e-01 1.519851971237890231e-14 1.113832999999999950e-16
9.924425000000000052e-01 1.488684859556569251e-14 1.028818000000000036e-16
9.926774999999999904e-01 1.487145273238222681e-14 9.891905999999999725e-17
9.929124999999999757e-01 1.529389258279971788e-14 9.494273999999999529e-17
9.931474999999999609e-01 1.594124066627989778e-14 9.455357999999999943e-17
9.933824999999999461e-01 1.624099008547834912e-14 8.909272999999999817e-17
9.936175000000000423e-01 1.565377632857053828e-14 7.962453999999999617e-17
9.938525000000000276e-01 1.603096904005220171e-14 7.863052999999999848e-17
9.940875000000000128e-01 1.697947364429254946e-14 7.930603999999999898e-17
9.943224999999999980e-01 1.757368020004313924e-14 7.888369999999999881e-17
9.945574999999999832e-01 1.739357759089765129e-14 7.499221999999999399e-17
9.947924999999999685e-01 1.748586383835744626e-14 7.327256000000000048e-17
9.950274999999999537e-01 1.759007986815754325e-14 7.150305999999999460e-17
9.952625000000000499e-01 1.788581573795907088e-14 6.674956000000000522e-17
9.954975000000000351e-01 1.823680938015131292e-14 6.556621000000000296e-17
9.957325000000000204e-01 1.794840006580025710e-14 5.877920999999999740e-17
9.959675000000000056e-01 1.750772363856465395e-14 5.455992999999999962e-17
9.962024999999999908e-01 1.734582991833482792e-14 5.144241999999999933e-17
9.964374999999999760e-01 1.757120645923381890e-14 4.598501999999999938e-17
9.966724999999999612e-01 1.803062394495600088e-14 4.101380999999999793e-17
9.969074999999999465e-01 1.793932400140128109e-14 3.585013000000000077e-17
9.971425000000000427e-01 1.676006408187910502e-14 3.021674000000000243e-17
9.973775000000000279e-01 1.590892137216298276e-14 2.490480000000000017e-17
9.976125000000000131e-01 1.619486156895462238e-14 2.456110000000000099e-17
9.978474999999999984e-01 1.674067066845795423e-14 2.505524000000000104e-17
9.980824999999999836e-01 1.725215874277793750e-14 2.487897000000000067e-17
9.983174999999999688e-01 1.698213780132744532e-14 2.107237000000000122e-17
9.985524999999999540e-01 1.714922945467176020e-14 2.089868999999999984e-17
9.987875000000000503e-01 1.628706470247809370e-14 2.027065999999999903e-17
9.990225000000000355e-01 1.603952491903937948e-14 2.025807000000000086e-17
9.992575000000000207e-01 1.556073671710554815e-14 2.027998000000000046e-17
9.994925000000000059e-01 1.613863788799338898e-14 2.469561999999999925e-17
9.997274999999999912e-01 1.659261942569183054e-14 2.683532000000000028e-17
9.999624999999999764e-01 1.666558607540087408e-14 2.902456999999999809e-17
1.000197999999999920e+00 1.731394743556322865e-14 3.564891000000000270e-17
1.000432999999999906e+00 1.758362190747519269e-14 3.962703999999999926e-17
1.000667999999999891e+00 1.753376874743786218e-14 4.083025999999999863e-17
1.000903000000000098e+00 1.721675002604104904e-14 4.118779999999999896e-17
1.001138000000000083e+00 1.690235194478723264e-14 4.249151000000000048e-17
1.001373000000000069e+00 1.666522771073403748e-14 4.369996999999999936e-17
1.001608000000000054e+00 1.701767174395956028e-14 4.738026999999999972e-17
1.001843000000000039e+00 1.760590390554437247e-14 4.900705999999999968e-17
1.002078000000000024e+00 1.748644013089070777e-14 4.784954999999999820e-17
1.002313000000000009e+00 1.727325153681631211e-14 4.592532999999999782e-17
1.002547999999999995e+00 1.746916305117346008e-14 4.473462999999999999e-17
1.002782999999999980e+00 1.717880671916723680e-14 4.534391999999999746e-17
1.003017999999999965e+00 1.674305442305240790e-14 4.312564000000000004e-17
1.003252999999999950e+00 1.666828551984062420e-14 4.060641000000000116e-17
1.003487999999999936e+00 1.652392175948110246e-14 4.238925000000000269e-17
1.003722999999999921e+00 1.581511912901996246e-14 4.166764999999999876e-17
1.003957999999999906e+00 1.590244692291457130e-14 4.271973999999999822e-17
1.004192999999999891e+00 1.651977443658371934e-14 4.432396999999999851e-17
1.004428000000000099e+00 1.734197029991581947e-14 4.646444000000000265e-17
1.004663000000000084e+00 1.769670422049038417e-14 4.873494000000000301e-17
1.004898000000000069e+00 1.759456044981797350e-14 5.321170999999999987e-17
1.005133000000000054e+00 1.731310518728590068e-14 5.361994999999999948e-17
1.005368000000000039e+00 1.656233779673785155e-14 5.137851999999999769e-17
1.005603000000000025e+00 1.573940539506910258e-14 4.899336999999999925e-17
1.005838000000000010e+00 1.564038265405497763e-14 4.886593999999999715e-17
1.006072999999999995e+00 1.622428683672629092e-14 5.091003999999999693e-17
1.006307999999999980e+00 1.641681033299470785e-14 5.179002000000000201e-17
1.006542999999999966e+00 1.633385725356882846e-14 5.204083000000000198e-17
1.006777999999999951e+00 1.655959549739957795e-14 5.305722999999999913e-17
1.007012999999999936e+00 1.741069911486412310e-14 5.664756000000000151e-17
1.007247999999999921e+00 1.743888722133095761e-14 5.647025000000000041e-17
1.007482999999999906e+00 1.691818409590704329e-14 5.009973000000000235e-17
1.007717999999999892e+00 1.737625816286237469e-14 5.025837999999999804e-17
1.007953000000000099e+00 1.765338164073419543e-14 4.768933000000000168e-17
1.008188000000000084e+00 1.775020223398135256e-14 4.658101999999999837e-17
1.008423000000000069e+00 1.780686246392735225e-14 4.608328000000000243e-17
1.008658000000000055e+00 1.823737832379259558e-14 4.552025000000000243e-17
1.008893000000000040e+00 1.746693255526862089e-14 4.394314999999999871e-17
1.009128000000000025e+00 1.744530073501557721e-14 4.049516999999999928e-17
1.009363000000000010e+00 1.740411515449589123e-14 3.699539999999999961e-17
1.009597999999999995e+00 1.780658257593432001e-14 3.552600000000000032e-17
1.009832999999999981e+00 1.834649021967294420e-14 2.772924999999999903e-17
1.010067999999999966e+00 1.908734064853767723e-14 2.649477999999999916e-17
1.010302999999999951e+00 1.969247369815687265e-14 2.313528999999999917e-17
1.010537999999999936e+00 1.957098883436775791e-14 2.048928000000000134e-17
1.010772999999999922e+00 1.912295133463425668e-14 1.957537999999999883e-17
1.011007999999999907e+00 1.883568107207755811e-14 1.935511000000000085e-17
1.011242999999999892e+00 1.828110927249577239e-14 1.876824999999999872e-17
1.011478000000000099e+00 1.810346502165427683e-14 1.854211000000000063e-17
1.011713000000000084e+00 1.808777046546221094e-14 1.828387000000000100e-17
1.011948000000000070e+00 1.805547102941719008e-14 1.820524000000000128e-17
1.012183000000000055e+00 1.851087781680819418e-14 1.877327999999999907e-17
1.012418000000000040e+00 1.952130400214988300e-14 2.069578999999999917e-17
1.012653000000000025e+00 1.988394642765572691e-14 2.137386999999999919e-17
1.012888000000000011e+00 1.963903556565108609e-14 2.122792999999999856e-17
1.013122999999999996e+00 1.969585348166278559e-14 2.235434999999999846e-17
1.013357999999999981e+00 1.958512198120238126e-14 2.341277999999999969e-17
1.013592999999999966e+00 1.879901469672778929e-14 2.309655000000000057e-17
1.013827999999999951e+00 1.753351999859949045e-14 2.220928000000000143e-17
1.014062999999999937e+00 1.716510621229339542e-14 2.333122000000000057e-17
1.014297999999999922e+00 1.772612091637324830e-14 2.428494999999999957e-17
1.014532999999999907e+00 1.818813393633179133e-14 2.352666000000000081e-17
1.014767999999999892e+00 1.793563327918295558e-14 2.300698999999999963e-17
1.015003000000000100e+00 1.769375871723735865e-14 2.312186000000000124e-17
1.015238000000000085e+00 1.851162714152254447e-14 2.557608000000000111e-17
1.015473000000000070e+00 1.895176392009753339e-14 2.796614999999999814e-17
1.015708000000000055e+00 1.830474084652827203e-14 3.120876999999999914e-17
1.015943000000000040e+00 1.793569309627322821e-14 2.879890000000000166e-17
1.016178000000000026e+00 1.809224809779529868e-14 3.260699000000000094e-17
1.016413000000000011e+00 1.829159332599711672e-14 3.512515999999999961e-17
1.016647999999999996e+00 1.849958915240811454e-14 3.552015999999999789e-17
1.016882999999999981e+00 1.873199680375056942e-14 3.637334000000000247e-17
1.017117999999999967e+00 1.840354766093943973e-14 3.628744999999999714e-17
1.017352999999999952e+00 1.796258671865199258e-14 3.548598999999999925e-17
1.017587999999999937e+00 1.896786669581595365e-14 3.801882000000000244e-17
1.017822999999999922e+00 1.956369291817678316e-14 4.096406999999999838e-17
1.018057999999999907e+00 1.889655088161846766e-14 3.968549000000000221e-17
1.018292999999999893e+00 1.783430801264116355e-14 3.726897000000000022e-17
1.018528000000000100e+00 1.854121097164468389e-14 3.887240000000000279e-17
1.018763000000000085e+00 1.817570837120871394e-14 3.571968999999999825e-17
1.018998000000000070e+00 1.873557504277045656e-14 3.430384000000000281e-17
1.019233000000000056e+00 1.915716891997097529e-14 3.357771000000000096e-17
1.019468000000000041e+00 1.928018762870772934e-14 3.301407999999999805e-17
1.019703000000000026e+00 1.923312477967507406e-14 3.179692000000000013e-17
1.019938000000000011e+00 1.933357842912356841e-14 3.116306000000000126e-17
1.020172999999999996e+00 1.918147675190286585e-14 3.100321999999999795e-17
1.020407999999999982e+00 1.912760892340625190e-14 3.079361000000000050e-17
1.020642999999999967e+00 1.938740974200624610e-14 3.078626999999999696e-17
1.020877999999999952e+00 1.959889895415447997e-14 3.013607999999999842e-17
1.021112999999999937e+00 1.949912693364032797e-14 2.936016999999999806e-17
1.021347999999999923e+00 1.890333657618349315e-14 2.688721000000000101e-17
1.021582999999999908e+00 1.818388392404390536e-14 2.489468000000000103e-17
1.021817999999999893e+00 1.789693857992820137e-14 2.357059999999999998e-17
1.022053000000000100e+00 1.762290666492952124e-14 2.259792999999999975e-17
1.022288000000000086e+00 1.775352287993780313e-14 1.995062999999999997e-17
1.022523000000000071e+00 1.853490393378352518e-14 1.895654999999999948e-17
1.022758000000000056e+00 1.900214754518912959e-14 1.671750999999999880e-17
1.022993000000000041e+00 1.890719984123161784e-14 1.554131000000000039e-17
1.023228000000000026e+00 1.842635759331460848e-14 1.522674000000000130e-17
1.023463000000000012e+00 1.834128288324133794e-14 1.498916999999999957e-17
1.023697999999999997e+00 1.877483212665909621e-14 1.501809999999999869e-17
1.023932999999999982e+00 1.938670558009222083e-14 1.529940000000000042e-17
1.024167999999999967e+00 1.959513753870755355e-14 1.512653000000000112e-17
1.024402999999999953e+00 1.965966512359847295e-14 1.498418999999999946e-17
1.024637999999999938e+00 1.889278396298596098e-14 1.489944999999999971e-17
1.024872999999999923e+00 1.825742688617040247e-14 1.458863999999999851e-17
1.025107999999999908e+00 1.864210486094699562e-14 1.453706999999999871e-17
1.025342999999999893e+00 1.810435214079641074e-14 1.406647999999999882e-17
1.025578000000000101e+00 1.786363967403227373e-14 1.398897999999999904e-17
1.025813000000000086e+00 1.824169777835555652e-14 1.442293999999999946e-17
1.026048000000000071e+00 1.769419582095402967e-14 1.436060000000000045e-17
1.026283000000000056e+00 1.685051983437488212e-14 1.390593000000000008e-17
1.026518000000000042e+00 1.681368501041209836e-14 1.411311999999999875e-17
1.026753000000000027e+00 1.737433065137568894e-14 1.436871000000000094e-17
1.026988000000000012e+00 1.838425343763086519e-14 1.564275999999999918e-17
1.027222999999999997e+00 1.871266684678914777e-14 1.667933000000000106e-17
1.027457999999999982e+00 1.844108769034756233e-14 1.771750999999999964e-17
1.027692999999999968e+00 1.789695632341537358e-14 1.774759000000000126e-17
1.027927999999999953e+00 1.760183205830671039e-14 1.795198999999999995e-17
1.028162999999999938e+00 1.758390529480855041e-14 2.276182000000000111e-17
1.028397999999999923e+00 1.701961755838173300e-14 2.575934000000000025e-17
1.028632999999999909e+00 1.697097202372686702e-14 2.690570000000000005e-17
1.028867999999999894e+00 1.820880239075787913e-14 3.159886999999999832e-17
1.029103000000000101e+00 1.858773106222110514e-14 3.282603999999999978e-17
1.029338000000000086e+00 1.831423936026850625e-14 2.959564999999999705e-17
1.029573000000000071e+00 1.827594680262317045e-14 2.881718999999999973e-17
1.029808000000000057e+00 1.822013231573079688e-14 3.051698000000000230e-17
1.030043000000000042e+00 1.824628949808911089e-14 3.098551000000000022e-17
1.030278000000000027e+00 1.793674429776171729e-14 3.089737999999999760e-17
1.030513000000000012e+00 1.809157433378381300e-14 3.209315999999999910e-17
1.030747999999999998e+00 1.868700203228973087e-14 3.450054000000000116e-17
1.030982999999999983e+00 1.858991687499446488e-14 3.483795000000000189e-17
1.031217999999999968e+00 1.837181872433556597e-14 3.398448999999999842e-17
1.031452999999999953e+00 1.876864462165575867e-14 3.481232999999999848e-17
1.031687999999999938e+00 1.874555098609094187e-14 3.491220000000000132e-17
1.031922999999999924e+00 1.821192008099008069e-14 3.591059999999999749e-17
1.032157999999999909e+00 1.818203117620572886e-14 3.678802000000000125e-17
1.032392999999999894e+00 1.789647368092783494e-14 3.592295999999999701e-17
1.032628000000000101e+00 1.757236835189038438e-14 3.559952999999999996e-17
1.032863000000000087e+00 1.844708724322654548e-14 4.203678999999999986e-17
1.033098000000000072e+00 1.909292180913074776e-14 4.370358000000000269e-17
1.033333000000000057e+00 2.003016271016209668e-14 5.745904000000000114e-17
1.033568000000000042e+00 1.879151410924408980e-14 4.509737000000000088e-17
1.033803000000000027e+00 1.847691514303045075e-14 4.336786999999999787e-17
1.034038000000000013e+00 1.789618137849459878e-14 4.262035000000000140e-17
1.034272999999999998e+00 1.803340455491480923e-14 4.379907999999999729e-17
1.034507999999999983e+00 1.751946055767105857e-14 4.219881999999999714e-17
1.034742999999999968e+00 1.729181845602382756e-14 4.083110999999999967e-17
1.034977999999999954e+00 1.808556335200548692e-14 4.295054000000000165e-17
1.035212999999999939e+00 1.806372754407615969e-14 4.281563000000000272e-17
1.035447999999999924e+00 1.790261876625917901e-14 4.182202000000000081e-17
1.035682999999999909e+00 1.837544190502991904e-14 4.142411000000000260e-17
1.035917999999999894e+00 1.868249850083502232e-14 4.054426999999999696e-17
1.036153000000000102e+00 1.945394478151390125e-14 4.236748000000000253e-17
1.036388000000000087e+00 1.967886663452789913e-14 4.270488999999999710e-17
1.036623000000000072e+00 1.941418324327207558e-14 4.176800000000000147e-17
1.036858000000000057e+00 1.948857454093135624e-14 4.202048000000000276e-17
1.037093000000000043e+00 1.979068275779741856e-14 4.237046000000000219e-17
1.037328000000000028e+00 2.057502350328084624e-14 4.432848000000000003e-17
1.037563000000000013e+00 2.059586738154546175e-14 4.419901000000000160e-17
1.037797999999999998e+00 1.977473864860780663e-14 4.167550000000000292e-17
1.038032999999999983e+00 1.878050653936631768e-14 3.853791000000000019e-17
1.038267999999999969e+00 1.779399425625079603e-14 3.568987999999999733e-17
1.038502999999999954e+00 1.847376004142872240e-14 3.732363999999999964e-17
1.038737999999999939e+00 1.921385273745799820e-14 3.789701999999999743e-17
1.038972999999999924e+00 1.935662030289867739e-14 3.758338999999999859e-17
1.039207999999999910e+00 1.922561271767116421e-14 3.704199999999999749e-17
1.039442999999999895e+00 1.898942705967388366e-14 3.510503999999999821e-17
1.039678000000000102e+00 1.881861489183790453e-14 3.307476999999999830e-17
1.039913000000000087e+00 1.869634478793970864e-14 3.129725999999999859e-17
1.040148000000000073e+00 1.913871058408908854e-14 3.053873999999999809e-17
1.040383000000000058e+00 1.969817789319654536e-14 3.093826000000000227e-17
1.040618000000000043e+00 1.996878408277999660e-14 3.108141000000000293e-17
1.040853000000000028e+00 2.050448104558052082e-14 3.154319000000000202e-17
1.041088000000000013e+00 2.013085938808587635e-14 3.001995000000000180e-17
1.041322999999999999e+00 1.944143319761987833e-14 2.881459999999999765e-17
1.041557999999999984e+00 1.876363309216611206e-14 2.735994999999999900e-17
1.041792999999999969e+00 1.941218356619416814e-14 2.707675999999999859e-17
1.042027999999999954e+00 2.033811889327568914e-14 2.525007000000000018e-17
1.042262999999999940e+00 2.029167681260379378e-14 2.356231999999999928e-17
1.042497999999999925e+00 1.962598738357629511e-14 2.193689000000000099e-17
1.042732999999999910e+00 1.880213594953711359e-14 2.063196999999999854e-17
1.042967999999999895e+00 1.817105006730833569e-14 2.006306000000000023e-17
1.043203000000000102e+00 1.870584722016419957e-14 1.987352000000000085e-17
1.043438000000000088e+00 1.995843950447970545e-14 1.801338000000000052e-17
1.043673000000000073e+00 2.062735785019157050e-14 1.645820999999999896e-17
1.043908000000000058e+00 2.054151577403316194e-14 1.654121000000000075e-17
1.044143000000000043e+00 2.054458788615800048e-14 1.627342000000000103e-17
1.044378000000000029e+00 2.049214647620770398e-14 1.599043999999999979e-17
1.044613000000000014e+00 2.042149778819905247e-14 1.597144000000000012e-17
1.044847999999999999e+00 2.044726811322333160e-14 1.644144000000000147e-17
1.045082999999999984e+00 2.071814440084376744e-14 1.647449999999999966e-17
1.045317999999999969e+00 2.150600950912515509e-14 1.749281000000000114e-17
1.045552999999999955e+00 2.212376480854599398e-14 2.044477000000000003e-17
1.045787999999999940e+00 2.183325809791356433e-14 2.234177999999999977e-17
1.046022999999999925e+00 2.084601341811222969e-14 2.173854999999999901e-17
1.046257999999999910e+00 1.915344400027909026e-14 2.003692999999999928e-17
1.046492999999999896e+00 1.887922493202862192e-14 2.087765000000000076e-17
1.046728000000000103e+00 1.935134018324052638e-14 2.409226000000000033e-17
1.046963000000000088e+00 1.904203790951003619e-14 2.497454999999999935e-17
1.047198000000000073e+00 1.902386186057004303e-14 2.507251000000000095e-17
1.047433000000000058e+00 1.929111215626714255e-14 2.341757000000000011e-17
1.047668000000000044e+00 1.948293449631487850e-14 2.388858000000000143e-17
1.047903000000000029e+00 1.905721842701962390e-14 2.480967000000000058e-17
1.048138000000000014e+00 1.821564011492621970e-14 2.359481000000000149e-17
1.048372999999999999e+00 1.834012495562823720e-14 2.391848999999999975e-17
1.048607999999999985e+00 1.898348064920171503e-14 2.564033999999999957e-17
1.048842999999999970e+00 1.889968021745612655e-14 2.609940999999999970e-17
1.049077999999999955e+00 1.883402144855065470e-14 2.569510000000000127e-17
1.049312999999999940e+00 1.908148612523020132e-14 2.580375000000000107e-17
1.049547999999999925e+00 1.923249385963760632e-14 2.587177999999999870e-17
1.049782999999999911e+00 1.871090306760529896e-14 2.544297999999999987e-17
1.050017999999999896e+00 1.856643044911855261e-14 2.674570000000000090e-17
1.050253000000000103e+00 1.899921949064667780e-14 2.689431000000000153e-17
1.050488000000000088e+00 1.931012817622181144e-14 2.720196999999999979e-17
1.050723000000000074e+00 1.900287818310491589e-14 2.923939999999999866e-17
1.050958000000000059e+00 1.854074014298664788e-14 3.027131999999999956e-17
1.051193000000000044e+00 1.809401612493375819e-14 2.991610000000000061e-17
1.051428000000000029e+00 1.795917321659060047e-14 2.958335999999999725e-17
1.051663000000000014e+00 1.804141384559911928e-14 3.153954999999999793e-17
1.051898000000000000e+00 1.825598694824996022e-14 3.395659999999999695e-17
1.052132999999999985e+00 1.840428884769059879e-14 3.441737999999999736e-17
1.052367999999999970e+00 1.846001943361305459e-14 3.403110999999999887e-17
1.052602999999999955e+00 1.883914879307729460e-14 3.480781999999999695e-17
1.052837999999999941e+00 1.879047696733382265e-14 3.451184999999999867e-17
1.053072999999999926e+00 1.817456672455731060e-14 3.057187999999999729e-17
1.053307999999999911e+00 1.806071256510254354e-14 2.649078999999999954e-17
1.053542999999999896e+00 1.830449263145566815e-14 2.969945000000000108e-17
1.053778000000000103e+00 1.870316781339819285e-14 3.450890999999999798e-17
1.054013000000000089e+00 1.879901051147871904e-14 3.505901000000000247e-17
1.054248000000000074e+00 1.838470625513722906e-14 3.418336000000000051e-17
1.054483000000000059e+00 1.847449713278363027e-14 3.533543000000000150e-17
1.054718000000000044e+00 1.781247996204992477e-14 3.660296000000000264e-17
1.054953000000000030e+00 1.719757425136143660e-14 3.720544999999999796e-17
1.055188000000000015e+00 1.785206648297336313e-14 3.930050999999999951e-17
1.055423000000000000e+00 1.839432027893488576e-14 4.130390000000000098e-17
1.055657999999999985e+00 1.826026806398037278e-14 4.291791000000000308e-17
1.055892999999999970e+00 1.779397796206184501e-14 4.394159000000000224e-17
1.056127999999999956e+00 1.741187528439440499e-14 4.361675999999999840e-17
1.056362999999999941e+00 1.716420786858716993e-14 4.363581000000000139e-17
1.056597999999999926e+00 1.712684118791217334e-14 4.401632000000000153e-17
1.056832999999999911e+00 1.737147479817952889e-14 4.513328000000000056e-17
1.057067999999999897e+00 1.740915827148962200e-14 4.534113999999999877e-17
1.057303000000000104e+00 1.756824671109415920e-14 4.426868999999999798e-17
1.057538000000000089e+00 1.820136036048829734e-14 4.386243999999999754e-17
1.057773000000000074e+00 1.824725643121667089e-14 4.747960999999999938e-17
1.058008000000000060e+00 1.797786371348391341e-14 4.950580000000000046e-17
1.058243000000000045e+00 1.802876960495532184e-14 4.461766999999999872e-17
1.058478000000000030e+00 1.803567708569014854e-14 4.076942000000000073e-17
1.058713000000000015e+00 1.746867322922243966e-14 3.948486000000000269e-17
1.058948000000000000e+00 1.738551306407786085e-14 3.824834000000000212e-17
1.059182999999999986e+00 1.722427958648888975e-14 3.494996999999999893e-17
1.059417999999999971e+00 1.742955106687902802e-14 3.519895000000000174e-17
1.059652999999999956e+00 1.767650883868950716e-14 3.581601999999999749e-17
1.059887999999999941e+00 1.787989686901966980e-14 3.614615000000000237e-17
1.060122999999999927e+00 1.732028056916393739e-14 3.604729000000000258e-17
1.060357999999999912e+00 1.774789353347442022e-14 3.769976999999999950e-17
1.060592999999999897e+00 1.735180162343764812e-14 3.524448999999999942e-17
1.060828000000000104e+00 1.687042783533439920e-14 3.426735000000000279e-17
1.061063000000000089e+00 1.672538864819318396e-14 3.420873999999999783e-17
1.061298000000000075e+00 1.717725655890038550e-14 3.481520999999999765e-17
1.061533000000000060e+00 1.790376845787716082e-14 3.505307999999999776e-17
1.061768000000000045e+00 1.832046779322283490e-14 3.437263999999999739e-17
1.062003000000000030e+00 1.812481209070611175e-14 3.316128000000000294e-17
1.062238000000000016e+00 1.790211848958044607e-14 3.183809000000000189e-17
1.062473000000000001e+00 1.790647813202608606e-14 2.980851999999999922e-17
1.062707999999999986e+00 1.831692168037096021e-14 2.988892999999999893e-17
1.062942999999999971e+00 1.865750855726162713e-14 3.225331000000000206e-17
1.063177999999999956e+00 1.850594077084870880e-14 3.141079000000000109e-17
1.063412999999999942e+00 1.878518914511143964e-14 2.892606000000000307e-17
1.063647999999999927e+00 1.882167747953536078e-14 2.853649000000000091e-17
1.063882999999999912e+00 1.899888769059733276e-14 2.859554999999999881e-17
1.064117999999999897e+00 1.926735383558867670e-14 2.861335999999999702e-17
1.064353000000000105e+00 1.951810892651616280e-14 2.613950999999999997e-17
1.064588000000000090e+00 1.893973337894464925e-14 2.246078000000000044e-17
1.064823000000000075e+00 1.938129118832345089e-14 2.237929999999999924e-17
1.065058000000000060e+00 1.959802359433075550e-14 2.168216999999999931e-17
1.065293000000000045e+00 1.943386460323210884e-14 2.111006000000000090e-17
1.065528000000000031e+00 1.919340195631463856e-14 2.026697999999999907e-17
1.065763000000000016e+00 1.882027734057436281e-14 1.994956999999999977e-17
1.065998000000000001e+00 1.859741466747473096e-14 1.968693000000000037e-17
1.066232999999999986e+00 1.797937586742709845e-14 1.908095999999999989e-17
1.066467999999999972e+00 1.750815813966268587e-14 1.872307999999999914e-17
1.066702999999999957e+00 1.792449453409163640e-14 1.906555999999999918e-17
1.066937999999999942e+00 1.821267608989382393e-14 1.917355999999999892e-17
1.067172999999999927e+00 1.828954535749278232e-14 1.893219000000000033e-17
1.067407999999999912e+00 1.867420407260096243e-14 1.919373999999999876e-17
1.067642999999999898e+00 1.933161110104663065e-14 1.960991000000000045e-17
1.067878000000000105e+00 1.925495880426118386e-14 2.042202999999999887e-17
1.068113000000000090e+00 1.927363231103702111e-14 2.225373999999999942e-17
1.068348000000000075e+00 1.955063805986463271e-14 2.257934000000000022e-17
1.068583000000000061e+00 2.012064834111733665e-14 2.298812000000000121e-17
1.068818000000000046e+00 2.020484190260927185e-14 2.521063999999999946e-17
1.069053000000000031e+00 1.996183235399255516e-14 2.939497000000000037e-17
1.069288000000000016e+00 2.002003869394933789e-14 2.951922000000000184e-17
1.069523000000000001e+00 1.970961812128016794e-14 3.289254000000000170e-17
1.069757999999999987e+00 1.899677008612200439e-14 3.886074999999999870e-17
1.069992999999999972e+00 1.935425881825678866e-14 3.593396000000000104e-17
1.070227999999999957e+00 1.941806630999926190e-14 2.817847000000000072e-17
1.070462999999999942e+00 1.934223294549621619e-14 2.648067000000000040e-17
1.070697999999999928e+00 1.951350258196533728e-14 2.589114999999999955e-17
1.070932999999999913e+00 1.996993860574847428e-14 2.578768999999999902e-17
1.071167999999999898e+00 1.973753017691539869e-14 2.527481999999999999e-17
1.071403000000000105e+00 1.973679677374330962e-14 2.522583000000000099e-17
1.071638000000000090e+00 2.002279650523348085e-14 2.533864000000000063e-17
1.071873000000000076e+00 2.005481273983364666e-14 2.563917999999999888e-17
1.072108000000000061e+00 2.001709679156849528e-14 2.606675000000000037e-17
1.072343000000000046e+00 1.989137778804062472e-14 2.590944000000000070e-17
1.072578000000000031e+00 1.957021049184043503e-14 2.530930000000000137e-17
1.072813000000000017e+00 1.935741020355831004e-14 2.505492000000000011e-17
1.073048000000000002e+00 1.962618546801712983e-14 2.501834000000000088e-17
1.073282999999999987e+00 1.978935393903838455e-14 2.466696000000000082e-17
1.073517999999999972e+00 1.940658692656281335e-14 2.427750000000000043e-17
1.073752999999999957e+00 1.947400978200221607e-14 2.651391000000000008e-17
1.073987999999999943e+00 1.985834738555499541e-14 3.073867999999999859e-17
1.074222999999999928e+00 2.023811216888761917e-14 3.314627999999999801e-17
1.074457999999999913e+00 2.037888922613730811e-14 3.455804000000000258e-17
1.074692999999999898e+00 2.032078693693458983e-14 3.348817999999999771e-17
1.074928000000000106e+00 2.036994401956522394e-14 3.230928000000000162e-17
1.075163000000000091e+00 2.026555443061612138e-14 2.825312000000000209e-17
1.075398000000000076e+00 1.991204311568891800e-14 2.658180000000000134e-17
1.075633000000000061e+00 2.001204308679520633e-14 2.705874999999999940e-17
1.075868000000000047e+00 2.054562436097391541e-14 2.797051000000000202e-17
1.076103000000000032e+00 2.097531383430763388e-14 2.874442999999999705e-17
1.076338000000000017e+00 2.081115883042506640e-14 2.900195000000000305e-17
1.076573000000000002e+00 2.061823024446546836e-14 2.936403999999999771e-17
1.076807999999999987e+00 2.077303268620682007e-14 3.185590000000000011e-17
1.077042999999999973e+00 2.079564976868093882e-14 3.186915999999999783e-17
1.077277999999999958e+00 2.075231896804526631e-14 2.919305999999999710e-17
1.077512999999999943e+00 2.047884625250735587e-14 2.682388999999999972e-17
1.077747999999999928e+00 1.977020003444838434e-14 2.657766999999999919e-17
1.077982999999999913e+00 1.992709481975136925e-14 3.059962999999999932e-17
1.078217999999999899e+00 nan nan
1.078453000000000106e+00 2.051762626576487120e-14 2.960104000000000038e-17
1.078688000000000091e+00 2.094659871504457956e-14 3.084907999999999763e-17
1.078923000000000076e+00 2.037296878612626975e-14 2.656051999999999924e-17
1.079158000000000062e+00 2.008256473768300845e-14 2.431866000000000091e-17
1.079393000000000047e+00 1.983512721263095745e-14 2.451665999999999940e-17
1.079628000000000032e+00 1.992156780355293210e-14 2.887524000000000074e-17
1.079863000000000017e+00 2.031635121765296788e-14 3.694138000000000026e-17
1.080098000000000003e+00 2.053833182214299809e-14 3.820223000000000230e-17
1.080332999999999988e+00 2.063933980286297173e-14 3.842234999999999955e-17
1.080567999999999973e+00 2.043511567245411770e-14 4.140553000000000127e-17
1.080802999999999958e+00 2.087265275202245079e-14 3.850840999999999892e-17
1.081037999999999943e+00 2.108923046619219646e-14 3.873346000000000220e-17
1.081272999999999929e+00 2.108361813374638599e-14 3.825402000000000254e-17
1.081507999999999914e+00 2.122752349558805480e-14 3.894379999999999765e-17
1.081742999999999899e+00 2.153839556873300961e-14 4.000391000000000148e-17
1.081978000000000106e+00 2.165675345727275333e-14 3.721036999999999963e-17
1.082213000000000092e+00 2.143214766727375963e-14 3.231192000000000086e-17
1.082448000000000077e+00 2.106497971282895799e-14 3.089174000000000230e-17
1.082683000000000062e+00 2.086775149301339783e-14 2.989206000000000240e-17
1.082918000000000047e+00 2.138275604089496142e-14 2.863491999999999801e-17
1.083153000000000032e+00 2.159359965289855870e-14 2.696260999999999985e-17
1.083388000000000018e+00 2.073935276998547544e-14 2.441764000000000067e-17
1.083623000000000003e+00 2.047015381609334705e-14 2.316559000000000124e-17
1.083857999999999988e+00 2.111586445584903198e-14 2.352382999999999880e-17
1.084092999999999973e+00 2.158074496046367311e-14 2.393563999999999970e-17
1.084327999999999959e+00 2.185937111402216416e-14 2.426271999999999904e-17
1.084562999999999944e+00 2.174181383534053219e-14 2.388925000000000098e-17
1.084797999999999929e+00 2.130375149826045879e-14 2.342198999999999935e-17
1.085032999999999914e+00 2.141249613907266468e-14 2.351069999999999924e-17
1.085267999999999899e+00 2.173897985606051513e-14 2.373656000000000152e-17
1.085503000000000107e+00 2.168965862717622205e-14 2.367752000000000002e-17
1.085738000000000092e+00 2.185559776167177454e-14 2.405120000000000034e-17
1.085973000000000077e+00 2.214856839827962807e-14 2.686275999999999957e-17
1.086208000000000062e+00 2.243088924133828957e-14 3.522651000000000100e-17
1.086443000000000048e+00 2.244400147717815854e-14 3.649012999999999736e-17
1.086678000000000033e+00 2.210248347771530059e-14 3.577171999999999843e-17
1.086913000000000018e+00 2.192905296107845913e-14 3.592246000000000075e-17
1.087148000000000003e+00 2.204678763738536696e-14 3.785767999999999900e-17
1.087382999999999988e+00 2.206363941551392220e-14 3.814836000000000059e-17
1.087617999999999974e+00 2.172154408559463388e-14 3.729803999999999879e-17
1.087852999999999959e+00 2.177582773604556640e-14 3.707775000000000133e-17
1.088087999999999944e+00 2.196957548724726272e-14 3.506385000000000005e-17
1.088322999999999929e+00 2.185500124218012609e-14 2.181255000000000031e-17
1.088557999999999915e+00 2.178550274952573505e-14 1.873036000000000115e-17
1.088792999999999900e+00 2.191765586936865294e-14 1.757481999999999936e-17
1.089028000000000107e+00 2.177406636933288547e-14 1.644680000000000096e-17
1.089263000000000092e+00 2.178081732099601980e-14 1.732701999999999980e-17
1.089498000000000077e+00 2.167178995282629484e-14 1.695349000000000022e-17
1.089733000000000063e+00 2.164401903700350119e-14 1.572776999999999963e-17
1.089968000000000048e+00 2.210884212242980218e-14 1.621333999999999881e-17
1.090203000000000033e+00 2.224131688104372416e-14 1.807385000000000032e-17
1.090438000000000018e+00 2.227584304717082899e-14 1.909846000000000153e-17
1.090673000000000004e+00 2.243259271379089695e-14 1.835803999999999942e-17
1.090907999999999989e+00 2.230376812265017218e-14 2.478586999999999922e-17
1.091142999999999974e+00 nan nan
1.091377999999999959e+00 nan nan
1.091612999999999944e+00 2.171525836706279126e-14 1.966312999999999900e-17
1.091847999999999930e+00 2.216372708441006207e-14 2.009766999999999977e-17
1.092082999999999915e+00 2.226158444698038711e-14 2.071664999999999985e-17
1.092317999999999900e+00 2.227962941170409694e-14 2.403367000000000101e-17
1.092553000000000107e+00 2.202813490231680871e-14 2.766309000000000061e-17
1.092788000000000093e+00 2.175318499712697458e-14 2.846385999999999947e-17
1.093023000000000078e+00 2.164626627815591899e-14 2.861957000000000063e-17
1.093258000000000063e+00 2.158950632493763809e-14 2.890735999999999869e-17
1.093493000000000048e+00 2.177328642792020756e-14 2.835695000000000071e-17
1.093728000000000034e+00 2.193844342729760881e-14 2.488222999999999922e-17
1.093963000000000019e+00 2.250841663291012961e-14 2.192868000000000002e-17
1.094198000000000004e+00 2.299038470959260719e-14 2.138887000000000104e-17
1.094432999999999989e+00 2.244635652018877243e-14 2.032840999999999859e-17
1.094667999999999974e+00 2.172930890784911302e-14 1.936949999999999851e-17
1.094902999999999960e+00 2.158465139537891272e-14 1.723264000000000077e-17
1.095137999999999945e+00 2.200737249528752682e-14 1.745844000000000153e-17
1.095372999999999930e+00 2.255864098446721744e-14 2.046559999999999994e-17
1.095607999999999915e+00 2.260908274644320334e-14 2.313766999999999900e-17
1.095842999999999900e+00 2.198492264319746014e-14 2.207104999999999936e-17
1.096078000000000108e+00 2.170738494790001955e-14 2.145083000000000067e-17
1.096313000000000093e+00 2.193601900220678120e-14 2.066264999999999998e-17
1.096548000000000078e+00 2.192302642895429766e-14 2.042400999999999984e-17
1.096783000000000063e+00 2.215056570141387670e-14 2.062372999999999988e-17
1.097018000000000049e+00 2.153765389845184007e-14 2.039422999999999968e-17
1.097253000000000034e+00 2.070690416211078010e-14 1.985464999999999935e-17
1.097488000000000019e+00 2.085458865532923166e-14 2.023484999999999984e-17
1.097723000000000004e+00 2.129214324788604911e-14 2.209266999999999879e-17
1.097957999999999990e+00 2.171939728298742174e-14 2.397337000000000142e-17
1.098192999999999975e+00 2.197133789067915300e-14 2.547510999999999910e-17
1.098427999999999960e+00 2.190865058353426551e-14 2.572803999999999950e-17
1.098662999999999945e+00 2.133092095764439876e-14 2.521058999999999922e-17
1.098897999999999930e+00 2.109321036171673900e-14 2.407396999999999917e-17
1.099132999999999916e+00 2.093931061553714381e-14 2.362420000000000099e-17
1.099367999999999901e+00 2.137673683273754152e-14 2.418600999999999877e-17
1.099603000000000108e+00 2.182530687204841403e-14 2.412255000000000111e-17
1.099838000000000093e+00 2.146971011129828118e-14 2.331011999999999996e-17
1.100073000000000079e+00 2.118118375518422751e-14 2.306052999999999912e-17
1.100308000000000064e+00 2.103775944530855486e-14 2.294716999999999990e-17
1.100543000000000049e+00 2.095494254971505713e-14 2.472022999999999962e-17
1.100778000000000034e+00 2.108964859262524399e-14 2.586485000000000147e-17
1.101013000000000019e+00 2.119435668582559000e-14 2.587396000000000064e-17
1.101248000000000005e+00 2.141909887247138595e-14 2.588151000000000027e-17
1.101482999999999990e+00 2.212812913812120653e-14 2.562601999999999855e-17
1.101717999999999975e+00 2.225456125941033500e-14 2.330293000000000023e-17
1.101952999999999960e+00 2.157100147928791991e-14 2.180741000000000128e-17
1.102187999999999946e+00 2.121287469608710027e-14 2.176497000000000014e-17
1.102422999999999931e+00 2.104866784250125637e-14 2.312530999999999948e-17
1.102657999999999916e+00 2.133805488358919761e-14 2.430666000000000129e-17
1.102892999999999901e+00 2.189771125006963785e-14 2.596977999999999926e-17
1.103128000000000108e+00 2.183420716521242996e-14 2.621214999999999961e-17
1.103363000000000094e+00 2.041019045952543268e-14 2.442038000000000040e-17
1.103598000000000079e+00 1.896505252140654642e-14 2.253893999999999849e-17
1.103833000000000064e+00 1.877069273680464004e-14 2.089403000000000067e-17
1.104068000000000049e+00 1.947198799969803654e-14 1.949443000000000082e-17
1.104303000000000035e+00 1.983912279408947614e-14 1.802026000000000059e-17
1.104538000000000020e+00 1.958477610558012300e-14 1.698474999999999893e-17
1.104773000000000005e+00 1.972823343233358868e-14 1.699472000000000042e-17
1.105007999999999990e+00 1.996773790185599023e-14 1.722987999999999849e-17
1.105242999999999975e+00 1.961244632551849470e-14 1.702838999999999972e-17
1.105477999999999961e+00 1.883456429491683802e-14 1.650614999999999903e-17
1.105712999999999946e+00 1.861947279589808806e-14 1.608080000000000152e-17
1.105947999999999931e+00 1.924793056877964979e-14 1.606814000000000054e-17
1.106182999999999916e+00 1.958407479486628124e-14 1.629326000000000046e-17
1.106417999999999902e+00 1.966691889667123959e-14 1.647605999999999921e-17
1.106653000000000109e+00 1.957657540045461889e-14 1.602838999999999888e-17
1.106888000000000094e+00 1.969618728907840296e-14 1.633724999999999987e-17
1.107123000000000079e+00 1.929355903003705482e-14 1.611604999999999985e-17
1.107358000000000064e+00 1.934506685737777505e-14 1.640553999999999999e-17
1.107593000000000050e+00 1.957710943212009684e-14 1.768974999999999941e-17
1.107828000000000035e+00 1.944903549307066022e-14 1.750859000000000122e-17
1.108063000000000020e+00 1.894586689585409113e-14 1.805956000000000007e-17
1.108298000000000005e+00 1.934017032836542222e-14 1.698715999999999952e-17
1.108532999999999991e+00 2.014189709499831490e-14 2.004269999999999890e-17
1.108767999999999976e+00 2.006460211656248801e-14 2.041776000000000035e-17
1.109002999999999961e+00 2.021572149826019408e-14 2.029458999999999857e-17
1.109237999999999946e+00 1.997035645970519439e-14 1.774687999999999966e-17
1.109472999999999931e+00 2.019182952046940918e-14 1.835473000000000063e-17
1.109707999999999917e+00 2.046392779940977585e-14 1.864472000000000012e-17
1.109942999999999902e+00 2.047635539486387311e-14 1.833429000000000138e-17
1.110178000000000109e+00 2.018888902757872078e-14 1.792587000000000028e-17
1.110413000000000094e+00 1.935522564563589402e-14 1.956609000000000125e-17
1.110648000000000080e+00 1.890763701295506295e-14 1.560364999999999940e-17
1.110883000000000065e+00 1.915742212851379159e-14 1.488214999999999904e-17
1.111118000000000050e+00 1.927336560562904266e-14 1.414609999999999901e-17
1.111353000000000035e+00 1.903265710828029747e-14 1.375921999999999942e-17
1.111588000000000021e+00 1.945109375100498238e-14 1.343340999999999946e-17
1.111823000000000006e+00 1.971436196118027078e-14 1.323189999999999967e-17
1.112057999999999991e+00 1.975137113431779103e-14 1.292827000000000000e-17
1.112292999999999976e+00 1.939769339869573528e-14 1.293727000000000049e-17
1.112527999999999961e+00 1.938761167090122230e-14 1.324786999999999944e-17
1.112762999999999947e+00 2.002886218110665255e-14 1.405962000000000131e-17
1.112997999999999932e+00 2.058093801714923721e-14 1.488031999999999879e-17
1.113232999999999917e+00 2.040850703243904484e-14 1.499082999999999960e-17
1.113467999999999902e+00 2.013434750105488209e-14 1.501047999999999934e-17
1.113703000000000110e+00 1.982080498695839811e-14 1.599192999999999962e-17
1.113938000000000095e+00 1.944938747239491224e-14 1.682305000000000078e-17
1.114173000000000080e+00 1.960329666326179101e-14 1.699304999999999911e-17
1.114408000000000065e+00 2.030139947184470212e-14 1.773866999999999869e-17
1.114643000000000050e+00 2.090077560972063161e-14 1.833797999999999955e-17
1.114878000000000036e+00 2.082004135838676558e-14 1.862366999999999976e-17
1.115113000000000021e+00 2.050457238190278435e-14 1.849463999999999914e-17
1.115348000000000006e+00 2.031208511424794890e-14 1.658973999999999936e-17
1.115582999999999991e+00 2.047857094282819573e-14 1.553679999999999886e-17
1.115817999999999977e+00 2.046422831071212006e-14 1.536425000000000050e-17
1.116052999999999962e+00 2.026864532052610018e-14 1.515311000000000118e-17
1.116287999999999947e+00 1.959331341073091103e-14 1.518823000000000134e-17
1.116522999999999932e+00 1.907336227945418552e-14 1.497297000000000115e-17
1.116757999999999917e+00 1.914530943280212504e-14 1.508653999999999954e-17
1.116992999999999903e+00 1.932873486368482483e-14 1.546973000000000096e-17
1.117228000000000110e+00 1.877786122828586992e-14 1.528721000000000110e-17
1.117463000000000095e+00 1.828191347542712308e-14 1.517855000000000002e-17
1.117698000000000080e+00 1.878237361814926141e-14 1.549133000000000091e-17
1.117933000000000066e+00 1.941169305869188948e-14 1.658439000000000116e-17
1.118168000000000051e+00 2.009888168144720340e-14 1.743183999999999891e-17
1.118403000000000036e+00 2.018522433304255789e-14 1.745329000000000121e-17
1.118638000000000021e+00 2.039218664011858745e-14 1.705291000000000088e-17
1.118873000000000006e+00 1.993182974354911553e-14 1.733624000000000075e-17
1.119107999999999992e+00 1.925595140765860698e-14 1.746106000000000129e-17
1.119342999999999977e+00 1.884664480982588225e-14 1.773364000000000142e-17
1.119577999999999962e+00 1.872341364571899426e-14 1.807049000000000129e-17
1.119812999999999947e+00 1.893711727443426529e-14 1.793475999999999901e-17
1.120047999999999933e+00 1.939812847977621653e-14 1.833869999999999934e-17
1.120282999999999918e+00 1.939735525326789986e-14 1.858849999999999935e-17
1.120517999999999903e+00 1.960793462298732223e-14 1.889111000000000085e-17
1.120753000000000110e+00 2.038785740523780883e-14 1.955745000000000065e-17
1.120988000000000095e+00 2.035244180030721272e-14 1.913543999999999962e-17
1.121223000000000081e+00 1.988411619218987319e-14 1.854954999999999849e-17
1.121458000000000066e+00 1.985515211035648665e-14 1.909451999999999907e-17
1.121693000000000051e+00 1.978073946017306162e-14 1.926109999999999992e-17
1.121928000000000036e+00 1.967238554151996711e-14 1.924458000000000056e-17
1.122163000000000022e+00 1.969266251540538648e-14 2.025194000000000134e-17
1.122398000000000007e+00 1.977462745894782727e-14 2.078687000000000070e-17
1.122632999999999992e+00 1.967843255581374482e-14 2.088658000000000153e-17
1.122867999999999977e+00 2.017270666544099709e-14 2.170629999999999982e-17
1.123102999999999962e+00 2.053852939814401518e-14 2.180709000000000034e-17
1.123337999999999948e+00 2.014127587801637822e-14 2.136188999999999904e-17
1.123572999999999933e+00 1.938202832877427524e-14 2.044083999999999885e-17
1.123807999999999918e+00 1.942689054815828305e-14 2.031233000000000014e-17
1.124042999999999903e+00 2.015514560681268733e-14 2.094854000000000116e-17
1.124278000000000111e+00 2.056753217955229338e-14 2.106080999999999941e-17
1.124513000000000096e+00 2.084841028103775898e-14 2.160802000000000037e-17
1.124748000000000081e+00 2.113562984548860061e-14 2.214938000000000070e-17
1.124983000000000066e+00 2.101502458165598432e-14 2.273247999999999877e-17
1.125218000000000051e+00 1.993533178506708959e-14 2.270854999999999924e-17
1.125453000000000037e+00 1.954061456088285623e-14 2.223795999999999934e-17
1.125688000000000022e+00 1.974625087813740236e-14 2.215703999999999901e-17
1.125923000000000007e+00 2.009824371798632041e-14 2.232397999999999975e-17
1.126157999999999992e+00 2.005829151863754897e-14 2.184062000000000019e-17
1.126392999999999978e+00 1.950482104929838109e-14 2.165108999999999901e-17
1.126627999999999963e+00 1.988477289303259288e-14 2.223804999999999855e-17
1.126862999999999948e+00 2.065869173285677548e-14 2.216475000000000064e-17
1.127097999999999933e+00 2.073180793289644629e-14 2.302403000000000089e-17
1.127332999999999918e+00 nan nan
1.127567999999999904e+00 2.082922366166318286e-14 2.432703000000000082e-17
1.127803000000000111e+00 2.015483651273504681e-14 2.408796000000000105e-17
1.128038000000000096e+00 1.981450563903368581e-14 2.285491000000000129e-17
1.128273000000000081e+00 2.002185032358755724e-14 2.288971000000000052e-17
1.128508000000000067e+00 2.026912198803583765e-14 2.358552000000000082e-17
1.128743000000000052e+00 2.028066710534701872e-14 2.257932999999999894e-17
1.128978000000000037e+00 2.034449946942882768e-14 2.249999999999999891e-17
1.129213000000000022e+00 2.071750925491238300e-14 2.075726000000000074e-17
1.129448000000000008e+00 2.061226138752361567e-14 1.900712999999999879e-17
1.129682999999999993e+00 2.002338529813364563e-14 2.349885999999999854e-17
1.129917999999999978e+00 2.048555751516839535e-14 2.850873999999999888e-17
1.130152999999999963e+00 2.047675347168750664e-14 2.841166999999999729e-17
1.130387999999999948e+00 2.030066753188404029e-14 2.787056999999999945e-17
1.130622999999999934e+00 2.020019859356119483e-14 2.745491999999999966e-17
1.130857999999999919e+00 1.998755583195583712e-14 2.823270999999999743e-17
1.131092999999999904e+00 1.983960201517720696e-14 2.817864000000000092e-17
1.131327999999999889e+00 2.007548755611164109e-14 2.806109999999999931e-17
1.131563000000000097e+00 2.020894001501224526e-14 2.886213000000000067e-17
1.131798000000000082e+00 2.035387034164645712e-14 2.984807000000000299e-17
1.132033000000000067e+00 2.039178565137101262e-14 2.904246999999999858e-17
1.132268000000000052e+00 2.050670913280992889e-14 2.886127999999999963e-17
1.132503000000000037e+00 2.047504479100971260e-14 2.872692999999999849e-17
1.132738000000000023e+00 2.018850402259784345e-14 3.268171000000000203e-17
1.132973000000000008e+00 2.042264818594299346e-14 3.338715999999999854e-17
1.133207999999999993e+00 2.077164163492829701e-14 2.929878999999999877e-17
1.133442999999999978e+00 2.019432003875971062e-14 2.816456000000000292e-17
1.133677999999999964e+00 1.959171404967185345e-14 2.706677999999999889e-17
1.133912999999999949e+00 1.897177387018957701e-14 2.675332000000000025e-17
1.134147999999999934e+00 1.865126097505252462e-14 2.684519999999999949e-17
1.134382999999999919e+00 1.812055706727219954e-14 2.571372999999999976e-17
1.134617999999999904e+00 1.788845245864864751e-14 2.396091999999999961e-17
1.134852999999999890e+00 1.801181976318815702e-14 1.949491999999999888e-17
1.135088000000000097e+00 1.868450858281989831e-14 1.488223000000000004e-17
1.135323000000000082e+00 1.940953173439238714e-14 1.451330999999999939e-17
1.135558000000000067e+00 1.975205549752809820e-14 1.461257999999999932e-17
1.135793000000000053e+00 1.943850250285097030e-14 1.473515999999999948e-17
1.136028000000000038e+00 1.888371582694696854e-14 1.473570000000000087e-17
1.136263000000000023e+00 1.890552909941797717e-14 1.533686999999999965e-17
1.136498000000000008e+00 1.975419280946272135e-14 1.555332000000000130e-17
1.136732999999999993e+00 1.959634021418708515e-14 1.590855999999999973e-17
1.136967999999999979e+00 1.924367477695274678e-14 1.539290000000000073e-17
1.137202999999999964e+00 1.900999756589251615e-14 1.511910000000000146e-17
1.137437999999999949e+00 1.937669904958629103e-14 1.522809999999999988e-17
1.137672999999999934e+00 1.956305983603215157e-14 1.588868000000000134e-17
1.137907999999999920e+00 1.890672896576444058e-14 1.550742000000000064e-17
1.138142999999999905e+00 1.733142780491808595e-14 1.447917000000000151e-17
1.138377999999999890e+00 1.511897168649469983e-14 1.249476000000000022e-17
1.138613000000000097e+00 1.545841881397682794e-14 1.271749000000000057e-17
1.138848000000000082e+00 1.768708319998418459e-14 1.425467999999999909e-17
1.139083000000000068e+00 1.926840049833732141e-14 1.523913999999999979e-17
1.139318000000000053e+00 1.945228957107592549e-14 1.527097999999999884e-17
1.139553000000000038e+00 1.926977444285900777e-14 1.496772000000000035e-17
1.139788000000000023e+00 1.933006594639031182e-14 1.498908000000000036e-17
1.140023000000000009e+00 1.933455354246705710e-14 1.608561999999999962e-17
1.140257999999999994e+00 1.843826343345990620e-14 1.655228000000000141e-17
1.140492999999999979e+00 1.547397612745677688e-14 1.484087999999999987e-17
1.140727999999999964e+00 1.391064437246384608e-14 1.381485999999999984e-17
1.140962999999999949e+00 1.539415603475970822e-14 1.482862000000000083e-17
1.141197999999999935e+00 1.767789033262116680e-14 1.740088999999999986e-17
1.141432999999999920e+00 1.908833780200426213e-14 2.202682000000000002e-17
1.141667999999999905e+00 1.982374385774523580e-14 2.559275000000000120e-17
1.141902999999999890e+00 2.002282332202285316e-14 2.665461000000000118e-17
1.142138000000000098e+00 2.029257795660835965e-14 2.753192000000000010e-17
1.142373000000000083e+00 2.003497735355348951e-14 2.717196000000000098e-17
1.142608000000000068e+00 2.007184028961622067e-14 2.753784000000000045e-17
1.142843000000000053e+00 2.002996830351807377e-14 2.724862000000000100e-17
1.143078000000000038e+00 1.991413099465663630e-14 2.723914999999999884e-17
1.143313000000000024e+00 1.974899285166602783e-14 2.701080999999999933e-17
1.143548000000000009e+00 1.984499982773083969e-14 2.715305999999999871e-17
1.143782999999999994e+00 1.963001455415369624e-14 2.704508999999999974e-17
1.144017999999999979e+00 1.911926486188715536e-14 2.707608999999999904e-17
1.144252999999999965e+00 1.898617603738788307e-14 2.688605000000000032e-17
1.144487999999999950e+00 1.949020294310836965e-14 2.691994000000000006e-17
1.144722999999999935e+00 1.967032217196609392e-14 2.693580000000000115e-17
1.144957999999999920e+00 1.970464659192393890e-14 2.645578000000000114e-17
1.145192999999999905e+00 2.027985956402258776e-14 2.681377999999999877e-17
1.145427999999999891e+00 1.982945308351908309e-14 2.441807999999999849e-17
1.145663000000000098e+00 2.005927542890171122e-14 2.252968999999999987e-17
1.145898000000000083e+00 2.001709331205573111e-14 2.262175000000000060e-17
1.146133000000000068e+00 1.997980674412827688e-14 2.268107999999999919e-17
1.146368000000000054e+00 2.001121525812216735e-14 2.236916000000000062e-17
1.146603000000000039e+00 2.012193049117800745e-14 2.077855000000000104e-17
1.146838000000000024e+00 2.074387134610011517e-14 2.003817999999999917e-17
1.147073000000000009e+00 2.088262333331732527e-14 2.032965999999999849e-17
1.147307999999999995e+00 2.004973559288195726e-14 1.944046999999999991e-17
1.147542999999999980e+00 2.032577304218308182e-14 1.976956999999999918e-17
1.147777999999999965e+00 2.056443993705933021e-14 1.983633000000000051e-17
1.148012999999999950e+00 2.046258516332368591e-14 1.935990999999999947e-17
1.148247999999999935e+00 nan nan
1.148482999999999921e+00 2.026673814855812042e-14 1.972977999999999857e-17
1.148717999999999906e+00 2.038732815312632700e-14 1.900002000000000007e-17
1.148952999999999891e+00 2.088510110486177648e-14 1.932348999999999917e-17
1.149188000000000098e+00 2.110977878388235356e-14 1.991751000000000026e-17
1.149423000000000084e+00 2.069066635237966172e-14 2.163790000000000101e-17
1.149658000000000069e+00 2.037364163557254338e-14 1.913887999999999965e-17
1.149893000000000054e+00 2.092599083313652961e-14 2.140116999999999904e-17
1.150128000000000039e+00 2.117391968940962516e-14 2.162458999999999996e-17
1.150363000000000024e+00 2.070592898115811898e-14 1.948276000000000032e-17
1.150598000000000010e+00 2.062335443621074463e-14 2.115620999999999969e-17
1.150832999999999995e+00 2.069931397979798847e-14 2.112149999999999966e-17
1.151067999999999980e+00 2.067795957188111429e-14 2.135086000000000042e-17
1.151302999999999965e+00 2.068512610947192393e-14 2.196203999999999966e-17
1.151537999999999951e+00 2.065276625847551014e-14 2.186894999999999949e-17
1.151772999999999936e+00 2.062286416405035587e-14 2.177628000000000073e-17
1.152007999999999921e+00 2.061003806567979800e-14 2.151385999999999870e-17
1.152242999999999906e+00 2.067474110357963954e-14 2.139712000000000097e-17
1.152477999999999891e+00 1.998366762003333056e-14 2.056935000000000064e-17
1.152713000000000099e+00 1.952944700272403926e-14 1.966331999999999869e-17
1.152948000000000084e+00 1.959650428714406758e-14 1.896900000000000129e-17
1.153183000000000069e+00 1.988722359643305723e-14 1.898742999999999881e-17
1.153418000000000054e+00 1.997470148175492351e-14 1.915962999999999856e-17
1.153653000000000040e+00 2.011320113471270723e-14 1.925127999999999915e-17
1.153888000000000025e+00 2.018729962620116039e-14 1.850981000000000120e-17
1.154123000000000010e+00 2.033773809007583810e-14 1.655891000000000028e-17
1.154357999999999995e+00 2.046407668424693052e-14 1.502026999999999935e-17
1.154592999999999980e+00 2.018492859270013821e-14 1.426829999999999980e-17
1.154827999999999966e+00 1.996190709976430878e-14 1.373957999999999942e-17
1.155062999999999951e+00 2.018506345578133205e-14 1.372618000000000071e-17
1.155297999999999936e+00 2.054825538909326590e-14 1.348641000000000064e-17
1.155532999999999921e+00 2.076318887890817693e-14 1.360588999999999964e-17
1.155767999999999907e+00 2.025779221750610792e-14 1.360812000000000028e-17
1.156002999999999892e+00 2.027695681493000854e-14 1.417481000000000077e-17
1.156238000000000099e+00 2.025126754287346792e-14 1.407696000000000094e-17
1.156473000000000084e+00 2.026170790841974794e-14 1.433359999999999898e-17
1.156708000000000069e+00 2.043699137339344271e-14 1.467143999999999933e-17
1.156943000000000055e+00 2.031235903633266332e-14 1.466258000000000137e-17
1.157178000000000040e+00 1.970939863931529062e-14 1.459315000000000004e-17
1.157413000000000025e+00 1.996960304771630404e-14 1.491175999999999899e-17
1.157648000000000010e+00 2.030453083392567406e-14 1.549145999999999907e-17
1.157882999999999996e+00 1.999738860093888014e-14 1.571166000000000041e-17
1.158117999999999981e+00 2.036060734602776409e-14 1.636586000000000114e-17
1.158352999999999966e+00 2.050793298490483003e-14 1.636471999999999993e-17
1.158587999999999951e+00 2.068223945722267387e-14 1.618552000000000014e-17
1.158822999999999936e+00 2.061904991807687590e-14 1.725306000000000055e-17
1.159057999999999922e+00 2.033337796878250309e-14 1.721838000000000128e-17
1.159292999999999907e+00 1.992034265007360555e-14 1.662922999999999853e-17
1.159527999999999892e+00 1.939237695877285225e-14 1.569156999999999977e-17
1.159763000000000099e+00 1.942002625040710353e-14 1.666323000000000004e-17
1.159998000000000085e+00 1.977506057371215204e-14 1.698731000000000025e-17
1.160233000000000070e+00 1.954492387705170314e-14 1.731308999999999945e-17
1.160468000000000055e+00 1.981132501684817658e-14 1.748817000000000145e-17
1.160703000000000040e+00 2.004580073547022728e-14 1.704647999999999991e-17
1.160938000000000025e+00 1.992501908361944910e-14 1.648478999999999901e-17
1.161173000000000011e+00 1.965227499400941004e-14 1.557792999999999858e-17
1.161407999999999996e+00 1.982509635097302216e-14 1.532906999999999881e-17
1.161642999999999981e+00 2.048148912975917023e-14 1.645921000000000072e-17
1.161877999999999966e+00 2.044223360982470506e-14 1.816473000000000087e-17
1.162112999999999952e+00 1.999578606904142649e-14 1.738736999999999964e-17
1.162347999999999937e+00 1.962598297777168066e-14 1.601224000000000070e-17
1.162582999999999922e+00 1.977608214216100920e-14 1.795428000000000058e-17
1.162817999999999907e+00 2.044397035690160434e-14 1.872762000000000143e-17
1.163052999999999892e+00 2.094694163001169253e-14 1.883608999999999974e-17
1.163288000000000100e+00 2.113455307687346466e-14 1.921620000000000103e-17
1.163523000000000085e+00 2.071412816923850383e-14 1.890468000000000131e-17
1.163758000000000070e+00 1.998404334125624028e-14 1.828168000000000086e-17
1.163993000000000055e+00 1.962371228991732571e-14 1.724140000000000133e-17
1.164228000000000041e+00 1.977509783659542878e-14 2.093470000000000001e-17
1.164463000000000026e+00 2.026959765479692737e-14 2.616862000000000058e-17
1.164698000000000011e+00 2.067499703052980198e-14 2.896763000000000061e-17
1.164932999999999996e+00 2.066611688894766153e-14 2.935837000000000166e-17
1.165167999999999981e+00 2.050221395053680248e-14 2.810412000000000080e-17
1.165402999999999967e+00 2.040105648424917646e-14 2.775371999999999995e-17
1.165637999999999952e+00 1.957151982082497791e-14 2.778395000000000229e-17
1.165872999999999937e+00 1.905973760318824406e-14 2.912376000000000010e-17
1.166107999999999922e+00 1.988005240451384911e-14 2.923309999999999893e-17
1.166342999999999908e+00 2.054349422378152987e-14 3.280320000000000122e-17
1.166577999999999893e+00 2.060259627101814158e-14 3.484128000000000016e-17
1.166813000000000100e+00 2.074489831202321860e-14 3.605545000000000023e-17
1.167048000000000085e+00 2.062545529916887878e-14 3.628753999999999943e-17
1.167283000000000071e+00 2.020065148742924383e-14 3.532051999999999885e-17
1.167518000000000056e+00 2.011988373425659640e-14 3.484768000000000037e-17
1.167753000000000041e+00 1.993388477123692397e-14 3.006530000000000287e-17
1.167988000000000026e+00 1.985975690316014489e-14 2.914567999999999790e-17
1.168223000000000011e+00 2.153188234946994967e-14 5.967269999999999834e-17
1.168457999999999997e+00 1.970633606800862218e-14 2.400967999999999996e-17
1.168692999999999982e+00 1.937964046605568779e-14 2.387171999999999858e-17
1.168927999999999967e+00 1.903042167251245592e-14 2.319520999999999939e-17
1.169162999999999952e+00 1.711928704128010302e-14 1.657349999999999890e-17
1.169397999999999938e+00 1.588185525991413855e-14 1.459275000000000118e-17
1.169632999999999923e+00 1.810658415694779708e-14 1.676169000000000098e-17
1.169867999999999908e+00 1.920747516356923386e-14 1.672188999999999908e-17
1.170102999999999893e+00 1.969862520387976826e-14 1.591331000000000118e-17
1.170338000000000100e+00 2.013369873361748260e-14 1.590633000000000063e-17
1.170573000000000086e+00 2.040419422868937779e-14 1.616501000000000116e-17
1.170808000000000071e+00 2.053892487762200836e-14 1.710297000000000137e-17
1.171043000000000056e+00 2.049425339550799314e-14 1.562201999999999848e-17
1.171278000000000041e+00 2.023485088254501051e-14 1.448003000000000075e-17
1.171513000000000027e+00 2.003404401407875492e-14 1.392275000000000089e-17
1.171748000000000012e+00 1.965105033210472077e-14 1.393809000000000007e-17
1.171982999999999997e+00 1.975043910840231299e-14 1.428717999999999950e-17
1.172217999999999982e+00 2.017464636004986274e-14 1.427266000000000060e-17
1.172452999999999967e+00 2.020265587181631275e-14 1.416536999999999938e-17
1.172687999999999953e+00 1.968372959414502243e-14 1.376376999999999991e-17
1.172922999999999938e+00 2.042857776588553812e-14 1.943593999999999890e-17
1.173157999999999923e+00 2.059694341337702671e-14 1.747895000000000051e-17
1.173392999999999908e+00 2.010369107884003259e-14 1.764834999999999900e-17
1.173627999999999894e+00 1.984729943412628585e-14 1.528083999999999857e-17
1.173863000000000101e+00 2.028144049695089717e-14 1.626822000000000048e-17
1.174098000000000086e+00 1.942850604188770920e-14 1.873038000000000063e-17
1.174333000000000071e+00 2.012501107169943577e-14 2.622344999999999893e-17
1.174568000000000056e+00 2.046312381516508532e-14 3.018769999999999846e-17
1.174803000000000042e+00 2.035006644287290876e-14 3.052013000000000217e-17
1.175038000000000027e+00 2.018051726266480103e-14 3.021433999999999696e-17
1.175273000000000012e+00 1.950183254879539238e-14 2.923641000000000080e-17
1.175507999999999997e+00 1.913955793680735855e-14 2.852790000000000056e-17
1.175742999999999983e+00 1.941933015418162221e-14 2.903692999999999761e-17
1.175977999999999968e+00 1.960546440136867729e-14 3.063714999999999879e-17
1.176212999999999953e+00 1.956769502592253786e-14 3.582894999999999916e-17
1.176447999999999938e+00 1.953606968903500263e-14 3.753313000000000021e-17
1.176682999999999923e+00 1.956976723902586070e-14 3.625535000000000176e-17
1.176917999999999909e+00 1.892219267721461047e-14 2.616672000000000062e-17
1.177152999999999894e+00 1.709495060192071668e-14 1.955733999999999889e-17
1.177388000000000101e+00 1.459646068528596327e-14 1.649664000000000099e-17
1.177623000000000086e+00 1.357554020811259237e-14 1.482566000000000066e-17
1.177858000000000072e+00 1.570810738216805802e-14 1.447650999999999971e-17
1.178093000000000057e+00 1.802646827344990641e-14 1.434610000000000103e-17
1.178328000000000042e+00 1.880544716705693513e-14 1.352118000000000065e-17
1.178563000000000027e+00 1.913133831187923400e-14 1.349476999999999926e-17
1.178798000000000012e+00 1.951511470192831136e-14 1.474766000000000154e-17
1.179032999999999998e+00 1.967413025233687029e-14 1.517873000000000151e-17
1.179267999999999983e+00 1.954301902680957707e-14 1.509251000000000013e-17
1.179502999999999968e+00 1.951099890892087804e-14 1.411408999999999975e-17
1.179737999999999953e+00 1.944442406945606205e-14 1.393910000000000004e-17
1.179972999999999939e+00 1.942301759684501101e-14 1.385696000000000057e-17
1.180207999999999924e+00 1.944495161881652431e-14 1.397725000000000010e-17
1.180442999999999909e+00 1.956052933632340970e-14 1.421857999999999973e-17
1.180677999999999894e+00 2.013115918949491097e-14 1.488065000000000101e-17
1.180913000000000102e+00 1.957739156905018436e-14 1.429977999999999896e-17
1.181148000000000087e+00 1.965311016647047256e-14 1.444102999999999965e-17
1.181383000000000072e+00 1.966111345211613030e-14 1.492922999999999987e-17
1.181618000000000057e+00 1.889930505258273448e-14 1.483865999999999897e-17
1.181853000000000042e+00 1.867683688642324367e-14 1.529782000000000139e-17
1.182088000000000028e+00 1.918349557285406743e-14 2.060247000000000035e-17
1.182323000000000013e+00 1.950601987176054408e-14 2.206216000000000063e-17
1.182557999999999998e+00 1.958675800073626435e-14 2.404468000000000016e-17
1.182792999999999983e+00 1.922438571876594541e-14 2.548729000000000022e-17
1.183027999999999968e+00 1.886842239484272342e-14 2.723994999999999964e-17
1.183262999999999954e+00 1.907638413314491569e-14 3.004388999999999953e-17
1.183497999999999939e+00 1.909459776301160539e-14 3.079596000000000265e-17
1.183732999999999924e+00 1.873817035169919739e-14 2.998043999999999699e-17
1.183967999999999909e+00 1.852035920224714721e-14 2.974912000000000091e-17
1.184202999999999895e+00 1.903322261476059649e-14 3.052928999999999850e-17
1.184438000000000102e+00 nan nan
1.184673000000000087e+00 nan nan
1.184908000000000072e+00 2.066802830163721476e-14 6.532804000000000140e-17
1.185143000000000058e+00 1.866264684837811561e-14 2.854124000000000237e-17
1.185378000000000043e+00 1.886445898055919811e-14 2.800371000000000273e-17
1.185613000000000028e+00 1.946008657829346358e-14 2.637349999999999914e-17
1.185848000000000013e+00 1.930130271541792291e-14 2.134682999999999875e-17
1.186082999999999998e+00 1.889468871693057417e-14 1.769505000000000046e-17
1.186317999999999984e+00 1.899419390704500632e-14 1.690633000000000147e-17
1.186552999999999969e+00 1.927514369659188225e-14 1.739568000000000110e-17
1.186787999999999954e+00 1.928523464945159056e-14 1.749264999999999913e-17
1.187022999999999939e+00 1.874078874008437420e-14 1.690986999999999891e-17
1.187257999999999925e+00 1.871455651357772242e-14 1.697757999999999868e-17
1.187492999999999910e+00 1.918264251736887828e-14 1.764618000000000142e-17
1.187727999999999895e+00 1.935619692851628892e-14 1.808350999999999908e-17
1.187963000000000102e+00 1.932873301645053837e-14 1.991355000000000140e-17
1.188198000000000087e+00 1.854301617518724995e-14 2.061380999999999863e-17
1.188433000000000073e+00 1.780004888605057064e-14 2.030851000000000072e-17
1.188668000000000058e+00 1.683918368023484009e-14 2.108884999999999853e-17
1.188903000000000043e+00 1.795491787700891384e-14 2.377689000000000044e-17
1.189138000000000028e+00 1.888874762005537522e-14 2.501031000000000139e-17
1.189373000000000014e+00 1.903423893698703021e-14 2.520457000000000146e-17
1.189607999999999999e+00 1.892457076032974744e-14 2.530234999999999849e-17
1.189842999999999984e+00 1.946500151810643276e-14 2.628668999999999922e-17
1.190077999999999969e+00 1.947756736248865299e-14 2.584123999999999979e-17
1.190312999999999954e+00 1.943919839228020985e-14 2.387508000000000069e-17
1.190547999999999940e+00 1.944132871364333451e-14 2.328578000000000029e-17
1.190782999999999925e+00 1.923907584292844198e-14 2.548251999999999928e-17
1.191017999999999910e+00 1.912765764535529754e-14 2.395477000000000061e-17
1.191252999999999895e+00 1.920873392318640338e-14 2.295757999999999922e-17
1.191488000000000103e+00 1.900750759939501935e-14 2.286903999999999953e-17
1.191723000000000088e+00 1.893337589879067225e-14 2.286066999999999963e-17
1.191958000000000073e+00 1.918556235901451598e-14 2.324573000000000026e-17
1.192193000000000058e+00 1.937913999615464583e-14 2.350845000000000066e-17
1.192428000000000043e+00 nan nan
1.192663000000000029e+00 1.934072343704910980e-14 2.739886999999999910e-17
1.192898000000000014e+00 1.983934457704351519e-14 2.722141000000000036e-17
1.193132999999999999e+00 1.978705134958385624e-14 2.285628000000000115e-17
1.193367999999999984e+00 1.995617165243104282e-14 2.641251000000000152e-17
1.193602999999999970e+00 1.948098193719677895e-14 2.930120000000000244e-17
1.193837999999999955e+00 1.898788394530092646e-14 2.909068000000000243e-17
1.194072999999999940e+00 1.872846521979145799e-14 2.856025000000000024e-17
1.194307999999999925e+00 1.878817483647572454e-14 2.782072999999999941e-17
1.194542999999999910e+00 1.909739624749346601e-14 2.964882000000000152e-17
1.194777999999999896e+00 1.890660809249806544e-14 2.798106000000000078e-17
1.195013000000000103e+00 1.872077237518545672e-14 2.981576000000000227e-17
1.195248000000000088e+00 1.773777145335370096e-14 2.158623000000000073e-17
1.195483000000000073e+00 1.843190517155525451e-14 1.858976000000000053e-17
1.195718000000000059e+00 1.924968042994962567e-14 1.723295999999999863e-17
1.195953000000000044e+00 1.923087134740248909e-14 1.678536000000000110e-17
1.196188000000000029e+00 1.874731587499794606e-14 1.735358000000000038e-17
1.196423000000000014e+00 1.837090263608611070e-14 1.651367000000000097e-17
1.196657999999999999e+00 1.855944153791092732e-14 1.785797000000000082e-17
1.196892999999999985e+00 1.875329282920539082e-14 1.913153000000000100e-17
1.197127999999999970e+00 1.865962016771109488e-14 1.875336999999999992e-17
1.197362999999999955e+00 1.783437524221873378e-14 1.789492000000000123e-17
1.197597999999999940e+00 1.659804792683397259e-14 1.690688999999999925e-17
1.197832999999999926e+00 1.668797129387575275e-14 1.718521000000000133e-17
1.198067999999999911e+00 1.741562172483850288e-14 1.781147000000000033e-17
1.198302999999999896e+00 1.791850341765347225e-14 1.818734000000000079e-17
1.198538000000000103e+00 1.859044977123510593e-14 1.871537000000000059e-17
1.198773000000000089e+00 1.908885013735506232e-14 1.934436000000000112e-17
1.199008000000000074e+00 1.873894499583506196e-14 1.937522999999999917e-17
1.199243000000000059e+00 1.805705430469411153e-14 1.891760999999999990e-17
1.199478000000000044e+00 1.835013087264105473e-14 2.123259000000000082e-17
1.199713000000000029e+00 1.834563445433898807e-14 2.062581999999999954e-17
1.199948000000000015e+00 1.858996004705697654e-14 1.875494000000000075e-17
1.200183000000000000e+00 1.861340148638756651e-14 1.784250000000000039e-17
1.200417999999999985e+00 1.806281914156272525e-14 1.654189999999999978e-17
1.200652999999999970e+00 1.820640880094114121e-14 1.670923999999999938e-17
1.200887999999999955e+00 1.904309623151109110e-14 1.758671999999999851e-17
1.201122999999999941e+00 1.884336491544713828e-14 1.743898000000000148e-17
1.201357999999999926e+00 1.858427133425779854e-14 1.724479000000000113e-17
1.201592999999999911e+00 1.896661741373298309e-14 1.748547999999999888e-17
1.201827999999999896e+00 1.921381152736898897e-14 1.776382000000000044e-17
1.202063000000000104e+00 1.877555786455747480e-14 1.939360000000000133e-17
1.202298000000000089e+00 1.841787470430008985e-14 2.055121000000000021e-17
1.202533000000000074e+00 1.890672839783949039e-14 2.223316000000000072e-17
1.202768000000000059e+00 1.898226448029289864e-14 2.301920000000000151e-17
1.203003000000000045e+00 1.814500007343552986e-14 2.193754000000000106e-17
1.203238000000000030e+00 1.789540465032748181e-14 2.164242999999999894e-17
1.203473000000000015e+00 1.858977317040160687e-14 2.230823999999999863e-17
1.203708000000000000e+00 1.945222367440707923e-14 2.411449999999999907e-17
1.203942999999999985e+00 1.957410111602679683e-14 2.497567000000000109e-17
1.204177999999999971e+00 1.964557270936485708e-14 2.528445000000000107e-17
1.204412999999999956e+00 1.944159228192029020e-14 2.426221999999999969e-17
1.204647999999999941e+00 1.912554049835087787e-14 2.107335000000000042e-17
1.204882999999999926e+00 1.888709739824281633e-14 1.915513999999999960e-17
1.205117999999999912e+00 1.888684493518969871e-14 1.838987000000000028e-17
1.205352999999999897e+00 1.932481197293928921e-14 1.688687999999999962e-17
1.205588000000000104e+00 1.945581510609258021e-14 1.501083000000000104e-17
1.205823000000000089e+00 1.988302826264133063e-14 1.476259000000000058e-17
1.206058000000000074e+00 2.043863924390350906e-14 1.448956999999999955e-17
1.206293000000000060e+00 2.018018519598806517e-14 1.418595000000000116e-17
1.206528000000000045e+00 2.000965501918523638e-14 1.437592000000000015e-17
1.206763000000000030e+00 1.962044053221649767e-14 1.522674000000000130e-17
1.206998000000000015e+00 1.897378839968410825e-14 1.523179999999999933e-17
1.207233000000000001e+00 1.896393201108290025e-14 1.506755000000000115e-17
1.207467999999999986e+00 1.954139905907780440e-14 1.543247999999999910e-17
1.207702999999999971e+00 2.007356394108082978e-14 1.513127999999999950e-17
1.207937999999999956e+00 2.027666316087751728e-14 1.473507000000000028e-17
1.208172999999999941e+00 1.995103262711762671e-14 1.533984000000000111e-17
1.208407999999999927e+00 1.973268536336548338e-14 1.610680999999999942e-17
1.208642999999999912e+00 1.979763732022067996e-14 1.682043000000000102e-17
1.208877999999999897e+00 1.942074374261247325e-14 1.826484999999999877e-17
1.209113000000000104e+00 1.844172111543754488e-14 1.853781000000000136e-17
1.209348000000000090e+00 1.829026799716971465e-14 1.842935000000000124e-17
1.209583000000000075e+00 1.906619403560706866e-14 1.948885999999999908e-17
1.209818000000000060e+00 2.013145765598466444e-14 2.066917000000000016e-17
1.210053000000000045e+00 2.084208927680533298e-14 2.120803999999999889e-17
1.210288000000000030e+00 2.016473349680383454e-14 2.002333999999999934e-17
1.210523000000000016e+00 1.933492856381969040e-14 1.939008999999999849e-17
1.210758000000000001e+00 1.959857285834888056e-14 2.781606000000000204e-17
1.210992999999999986e+00 1.890190821597347787e-14 1.700367999999999887e-17
1.211227999999999971e+00 1.859949250595579331e-14 1.669035999999999968e-17
1.211462999999999957e+00 1.883565796191513108e-14 1.679575999999999914e-17
1.211697999999999942e+00 1.893809222012405828e-14 1.657640999999999883e-17
1.211932999999999927e+00 1.888585107436336914e-14 1.639391000000000154e-17
1.212167999999999912e+00 1.946090591207216333e-14 1.643795000000000119e-17
1.212402999999999897e+00 1.999624703253953140e-14 1.677853000000000127e-17
1.212638000000000105e+00 2.035471184520220658e-14 1.759845000000000052e-17
1.212873000000000090e+00 1.974207555982690649e-14 1.780815000000000026e-17
1.213108000000000075e+00 1.870465477266459373e-14 1.773253000000000097e-17
1.213343000000000060e+00 1.862209739532160191e-14 1.754890999999999886e-17
1.213578000000000046e+00 1.909186495948103293e-14 1.751715999999999901e-17
1.213813000000000031e+00 1.995760005572285367e-14 1.836163000000000019e-17
1.214048000000000016e+00 2.054219558081813001e-14 1.760351999999999984e-17
1.214283000000000001e+00 2.076191539682100137e-14 1.611990000000000002e-17
1.214517999999999986e+00 2.073693958153998009e-14 1.765577999999999866e-17
1.214752999999999972e+00 2.030660274522246446e-14 1.941433000000000076e-17
1.214987999999999957e+00 2.023075735026930793e-14 1.973605000000000061e-17
1.215222999999999942e+00 2.047932269138028447e-14 2.047022000000000015e-17
1.215457999999999927e+00 2.051797540317013438e-14 2.175786999999999961e-17
1.215692999999999913e+00 2.012797022612206345e-14 2.209552999999999848e-17
1.215927999999999898e+00 1.971920572689015213e-14 1.994857999999999928e-17
1.216163000000000105e+00 1.972115667296769963e-14 1.998910999999999917e-17
1.216398000000000090e+00 2.001799037570112935e-14 1.915549000000000129e-17
1.216633000000000076e+00 1.985713842303079191e-14 1.753387999999999933e-17
1.216868000000000061e+00 1.971624304660284912e-14 1.722478999999999969e-17
1.217103000000000046e+00 1.996542432031079160e-14 1.786892000000000152e-17
1.217338000000000031e+00 2.019410823202804208e-14 1.782797000000000021e-17
1.217573000000000016e+00 2.008364177287326844e-14 1.788265000000000091e-17
1.217808000000000002e+00 2.015388516353077011e-14 1.935299000000000043e-17
1.218042999999999987e+00 2.045756749052015249e-14 1.943312999999999945e-17
1.218277999999999972e+00 2.065270795359594578e-14 1.851226000000000075e-17
1.218512999999999957e+00 2.088839993073158565e-14 1.805812000000000048e-17
1.218747999999999942e+00 2.065845364239200414e-14 1.756483000000000147e-17
1.218982999999999928e+00 2.005651209339849502e-14 1.725862000000000100e-17
1.219217999999999913e+00 2.003225989776721860e-14 1.734673000000000107e-17
1.219452999999999898e+00 2.040200409626016413e-14 1.763619999999999865e-17
1.219688000000000105e+00 2.049894556254507821e-14 1.746854000000000119e-17
1.219923000000000091e+00 2.038620390346998841e-14 1.732256999999999980e-17
1.220158000000000076e+00 2.045714752118611979e-14 1.756309000000000043e-17
1.220393000000000061e+00 2.080350008690131936e-14 1.684727000000000049e-17
1.220628000000000046e+00 2.066664492870675247e-14 1.746904000000000053e-17
1.220863000000000032e+00 2.043820223393490078e-14 1.804347999999999853e-17
1.221098000000000017e+00 2.038531425992238865e-14 1.671490000000000032e-17
1.221333000000000002e+00 1.990062667069885336e-14 1.525808999999999921e-17
1.221567999999999987e+00 1.953326105601643822e-14 1.389619000000000032e-17
1.221802999999999972e+00 1.947167482945090020e-14 1.297608000000000037e-17
1.222037999999999958e+00 1.940924987322857459e-14 1.379887000000000059e-17
1.222272999999999943e+00 1.977793397260550973e-14 1.448990999999999996e-17
1.222507999999999928e+00 1.959098169168723146e-14 1.291569000000000003e-17
1.222742999999999913e+00 1.976652843850284064e-14 1.306005000000000008e-17
1.222977999999999899e+00 2.034401089632920504e-14 1.322571999999999991e-17
1.223213000000000106e+00 2.099659454371371401e-14 1.334440999999999939e-17
1.223448000000000091e+00 2.117024110045244687e-14 1.349758000000000025e-17
1.223683000000000076e+00 2.094012121656563462e-14 1.339884000000000042e-17
1.223918000000000061e+00 2.077171423898677766e-14 1.330872999999999990e-17
1.224153000000000047e+00 2.085061513930951682e-14 1.336100999999999975e-17
1.224388000000000032e+00 2.073302280581518489e-14 1.343416999999999975e-17
1.224623000000000017e+00 2.083304729869363852e-14 1.335311999999999971e-17
1.224858000000000002e+00 2.094380199402110692e-14 1.360473000000000048e-17
1.225092999999999988e+00 2.097273406959631105e-14 1.364400000000000074e-17
1.225327999999999973e+00 2.075994886355057245e-14 1.370430000000000033e-17
1.225562999999999958e+00 2.068079373395979840e-14 1.383273999999999932e-17
1.225797999999999943e+00 2.037242250244795072e-14 1.393393000000000024e-17
1.226032999999999928e+00 2.012766850673300850e-14 1.491310999999999937e-17
1.226267999999999914e+00 2.047813253691089963e-14 1.670230000000000087e-17
1.226502999999999899e+00 2.066133077899084877e-14 1.697348000000000037e-17
1.226738000000000106e+00 2.075588467356570088e-14 1.694154999999999904e-17
1.226973000000000091e+00 2.099362370496019473e-14 1.661729999999999862e-17
1.227208000000000077e+00 2.088575825603972569e-14 1.573254999999999877e-17
1.227443000000000062e+00 2.013986793797722653e-14 1.593459000000000020e-17
1.227678000000000047e+00 2.003195975395507391e-14 1.543555000000000104e-17
1.227913000000000032e+00 2.080340297402754339e-14 1.733497999999999957e-17
1.228148000000000017e+00 2.107763516228639338e-14 2.024434000000000147e-17
1.228383000000000003e+00 2.089497150060561259e-14 1.999485999999999932e-17
1.228617999999999988e+00 2.058934643912533452e-14 1.960690000000000003e-17
1.228852999999999973e+00 2.039846942297911549e-14 1.925100000000000025e-17
1.229087999999999958e+00 2.047813486040908712e-14 1.879557999999999933e-17
1.229322999999999944e+00 2.036812617622228614e-14 1.784816000000000133e-17
1.229557999999999929e+00 1.997927661906279037e-14 1.728433999999999873e-17
1.229792999999999914e+00 1.975375907871226298e-14 1.705972000000000123e-17
1.230027999999999899e+00 1.996455017875175909e-14 1.722186000000000028e-17
1.230263000000000106e+00 2.031434071794936410e-14 1.739099000000000117e-17
1.230498000000000092e+00 2.070115252227824950e-14 1.753611000000000152e-17
1.230733000000000077e+00 2.078808323764635792e-14 1.872134000000000118e-17
1.230968000000000062e+00 2.058343531869398309e-14 1.731279000000000107e-17
1.231203000000000047e+00 2.037620312599870923e-14 1.701310999999999898e-17
1.231438000000000033e+00 2.022408493769108712e-14 1.664020999999999999e-17
1.231673000000000018e+00 2.002518392816155197e-14 1.627727000000000121e-17
1.231908000000000003e+00 2.006934334167146829e-14 1.621013999999999870e-17
1.232142999999999988e+00 2.005106319218947386e-14 1.639063999999999863e-17
1.232377999999999973e+00 1.996097446090471203e-14 1.667194000000000036e-17
1.232612999999999959e+00 2.023626959332760644e-14 1.697454000000000058e-17
1.232847999999999944e+00 2.049003546861865838e-14 1.712255000000000138e-17
1.233082999999999929e+00 2.067400581650099801e-14 1.743926000000000037e-17
1.233317999999999914e+00 2.039813360738771880e-14 1.711088000000000089e-17
1.233552999999999900e+00 2.014436092510351714e-14 1.665395000000000066e-17
1.233788000000000107e+00 2.054536878779962458e-14 1.698780000000000139e-17
1.234023000000000092e+00 2.039069957099033033e-14 1.768616999999999993e-17
1.234258000000000077e+00 2.055061975640655899e-14 1.831355000000000067e-17
1.234493000000000062e+00 1.993520014520470956e-14 1.809324999999999885e-17
1.234728000000000048e+00 1.957880156219167793e-14 1.804345999999999905e-17
1.234963000000000033e+00 1.989437688323187972e-14 2.052249000000000026e-17
1.235198000000000018e+00 2.031289643308639763e-14 2.443342000000000076e-17
1.235433000000000003e+00 2.054402823677501729e-14 2.409426999999999898e-17
1.235667999999999989e+00 2.062543228848044558e-14 2.091207000000000062e-17
1.235902999999999974e+00 2.034153414897863168e-14 2.069183000000000031e-17
1.236137999999999959e+00 2.030635386016056555e-14 2.079474999999999946e-17
1.236372999999999944e+00 2.051458693472839922e-14 2.126555999999999980e-17
1.236607999999999929e+00 2.023368130103097102e-14 2.099201999999999995e-17
1.236842999999999915e+00 2.014530207547622804e-14 2.065487999999999991e-17
1.237077999999999900e+00 2.063063906475933794e-14 2.143986999999999868e-17
1.237313000000000107e+00 2.066746568257512021e-14 2.190817999999999924e-17
1.237548000000000092e+00 2.022048908968791706e-14 2.181342000000000083e-17
1.237783000000000078e+00 2.010610492255114438e-14 2.072161999999999867e-17
1.238018000000000063e+00 2.029999790375951199e-14 1.953862000000000119e-17
1.238253000000000048e+00 2.076771833851115447e-14 1.970853000000000032e-17
1.238488000000000033e+00 2.091103231328620016e-14 2.005701999999999991e-17
1.238723000000000019e+00 2.054631606016547350e-14 1.947252999999999941e-17
1.238958000000000004e+00 1.977021478204725160e-14 1.898127999999999981e-17
1.239192999999999989e+00 1.886925821522007128e-14 1.751638999999999897e-17
1.239427999999999974e+00 1.871085972097914022e-14 1.734158000000000075e-17
1.239662999999999959e+00 1.961422796221172340e-14 1.819059999999999933e-17
1.239897999999999945e+00 1.942646376054043741e-14 1.728159000000000081e-17
1.240132999999999930e+00 1.904982328858170716e-14 1.606511000000000064e-17
1.240367999999999915e+00 2.121597109809770264e-14 3.940980000000000118e-17
1.240602999999999900e+00 1.945598965507545938e-14 1.703718000000000104e-17
1.240838000000000108e+00 1.917144351671210420e-14 1.680273999999999969e-17
1.241073000000000093e+00 1.960952634656356692e-14 1.776060999999999905e-17
1.241308000000000078e+00 2.015646066507633180e-14 2.094507000000000036e-17
1.241543000000000063e+00 1.992926310075025106e-14 2.504263000000000031e-17
1.241778000000000048e+00 1.939783067514613626e-14 2.476914000000000069e-17
1.242013000000000034e+00 1.896244046405317803e-14 2.318611999999999970e-17
1.242248000000000019e+00 1.871731481223748756e-14 2.046599999999999880e-17
1.242483000000000004e+00 1.876098228834106199e-14 2.013676000000000008e-17
1.242717999999999989e+00 1.891776555812694893e-14 2.030004999999999854e-17
1.242952999999999975e+00 1.901249953860455918e-14 2.027589999999999855e-17
1.243187999999999960e+00 1.850265947480149586e-14 2.064582000000000097e-17
1.243422999999999945e+00 1.692001448995700804e-14 2.084393000000000122e-17
1.243657999999999930e+00 1.658991959321494786e-14 2.143330000000000135e-17
1.243892999999999915e+00 1.761439862570563241e-14 2.188313999999999925e-17
1.244127999999999901e+00 1.852973543093856744e-14 2.077369999999999909e-17
1.244363000000000108e+00 1.875521372629358026e-14 1.947451000000000039e-17
1.244598000000000093e+00 1.906807129951669766e-14 1.692858999999999968e-17
1.244833000000000078e+00 1.922393466403525143e-14 1.377092000000000068e-17
1.245068000000000064e+00 1.958024389960144905e-14 1.310597000000000022e-17
1.245303000000000049e+00 1.968296387745114698e-14 1.327044000000000039e-17
1.245538000000000034e+00 1.959110694982987062e-14 1.307517000000000035e-17
1.245773000000000019e+00 1.952871892489306451e-14 1.305499000000000051e-17
1.246008000000000004e+00 1.949932088074301678e-14 1.336438000000000007e-17
1.246242999999999990e+00 1.918820424490100950e-14 1.413007999999999900e-17
1.246477999999999975e+00 1.907973797444406118e-14 1.646905000000000097e-17
1.246712999999999960e+00 1.931379616072822264e-14 1.547456999999999854e-17
1.246947999999999945e+00 1.975266241706793787e-14 1.436034999999999924e-17
1.247182999999999931e+00 1.996101517597340265e-14 1.412899999999999931e-17
1.247417999999999916e+00 1.988752110200376268e-14 1.471393999999999891e-17
1.247652999999999901e+00 2.000292523854228314e-14 1.719119000000000012e-17
1.247888000000000108e+00 1.960460456852072080e-14 1.915308999999999890e-17
1.248123000000000093e+00 1.945974660574819724e-14 1.965687000000000132e-17
1.248358000000000079e+00 1.950467994399651337e-14 1.999234000000000004e-17
1.248593000000000064e+00 1.935691628310034530e-14 2.017790999999999928e-17
1.248828000000000049e+00 1.939138389852719358e-14 2.040324000000000145e-17
1.249063000000000034e+00 1.993603702194366666e-14 2.052541000000000147e-17
1.249298000000000020e+00 2.008434760563135407e-14 2.081918000000000141e-17
1.249533000000000005e+00 2.027226501249544716e-14 1.910877000000000036e-17
1.249767999999999990e+00 1.976424669055288090e-14 1.823254000000000113e-17
1.250002999999999975e+00 1.980427604666009856e-14 1.800148000000000138e-17
1.250237999999999960e+00 1.977932710305150963e-14 1.848239999999999958e-17
1.250472999999999946e+00 2.001943893691460362e-14 2.058153999999999996e-17
1.250707999999999931e+00 2.026791315115211898e-14 2.118003000000000054e-17
1.250942999999999916e+00 1.949905983889480370e-14 2.043032999999999905e-17
1.251177999999999901e+00 1.981687600011023720e-14 2.038690000000000050e-17
1.251413000000000109e+00 1.958485619764685947e-14 2.019618000000000095e-17
1.251648000000000094e+00 2.010441819744637889e-14 2.468515999999999970e-17
1.251883000000000079e+00 1.933634656487697256e-14 1.956445000000000069e-17
1.252118000000000064e+00 1.904037370262334977e-14 2.003880999999999976e-17
1.252353000000000049e+00 1.716060976071770274e-14 1.723062000000000084e-17
1.252588000000000035e+00 1.591659028555485725e-14 1.630409999999999940e-17
1.252823000000000020e+00 1.772704356374921880e-14 1.892135999999999960e-17
1.253058000000000005e+00 1.931220224909062137e-14 2.062259999999999995e-17
1.253292999999999990e+00 1.992631268480962939e-14 2.207058999999999898e-17
1.253527999999999976e+00 1.992836758005447289e-14 2.332952999999999977e-17
1.253762999999999961e+00 1.955419898516882244e-14 2.763942999999999869e-17
1.253997999999999946e+00 1.983177085294649394e-14 2.884238999999999864e-17
1.254232999999999931e+00 2.056134177376281230e-14 2.957598999999999912e-17
1.254467999999999916e+00 2.053918162182538222e-14 2.929925000000000223e-17
1.254702999999999902e+00 2.031401453083044856e-14 2.923327999999999734e-17
1.254938000000000109e+00 2.003056129523083489e-14 2.957547999999999849e-17
1.255173000000000094e+00 1.993912408894955885e-14 2.837985999999999899e-17
1.255408000000000079e+00 2.010699554568420071e-14 2.869881999999999965e-17
1.255643000000000065e+00 2.077527082396215201e-14 3.148190999999999706e-17
1.255878000000000050e+00 2.100673716811514541e-14 3.223973000000000032e-17
1.256113000000000035e+00 2.081425085041580068e-14 3.182364000000000271e-17
1.256348000000000020e+00 2.063263765880963213e-14 3.089538000000000023e-17
1.256583000000000006e+00 2.033994841140014587e-14 2.872236999999999980e-17
1.256817999999999991e+00 1.961622402527768845e-14 2.678936000000000118e-17
1.257052999999999976e+00 1.949786828217647449e-14 2.616845000000000037e-17
1.257287999999999961e+00 1.990235867887296436e-14 2.525874000000000154e-17
1.257522999999999946e+00 2.000473116231088928e-14 2.411820999999999980e-17
1.257757999999999932e+00 1.988161233104085899e-14 2.380206999999999987e-17
1.257992999999999917e+00 1.997720866073726437e-14 2.384557000000000122e-17
1.258227999999999902e+00 2.036805804097437756e-14 2.440595999999999890e-17
1.258463000000000109e+00 2.054047750382603464e-14 2.480198999999999971e-17
1.258698000000000095e+00 2.043691815607546307e-14 2.507205000000000057e-17
1.258933000000000080e+00 1.988553360198786682e-14 2.433976999999999972e-17
1.259168000000000065e+00 2.012627109515201523e-14 2.247714999999999907e-17
1.259403000000000050e+00 1.979991042340855303e-14 2.263589000000000012e-17
1.259638000000000035e+00 1.949529854930137349e-14 2.429032999999999854e-17
1.259873000000000021e+00 1.988298591332311445e-14 2.584190000000000114e-17
1.260108000000000006e+00 2.005628151500023656e-14 2.853710000000000202e-17
1.260342999999999991e+00 1.998190852644269720e-14 2.954099000000000200e-17
1.260577999999999976e+00 1.991043384884525562e-14 2.968264999999999975e-17
1.260812999999999962e+00 2.056102163048662963e-14 3.092054999999999838e-17
1.261047999999999947e+00 2.049319265190031930e-14 3.070964000000000078e-17
1.261282999999999932e+00 2.057919416532679496e-14 2.688240000000000111e-17
1.261517999999999917e+00 2.071928145847367941e-14 2.607573999999999958e-17
1.261752999999999902e+00 2.062135867164114438e-14 2.534735999999999915e-17
1.261988000000000110e+00 2.029149216139845229e-14 2.190126000000000020e-17
1.262223000000000095e+00 1.995165844677820287e-14 2.090820000000000096e-17
1.262458000000000080e+00 1.987682188806516941e-14 2.076898000000000148e-17
1.262693000000000065e+00 2.048756240813469255e-14 2.431476999999999869e-17
1.262928000000000051e+00 2.091055692697196854e-14 2.535187999999999887e-17
1.263163000000000036e+00 2.043965838223839676e-14 2.460575999999999995e-17
1.263398000000000021e+00 2.031443893278136086e-14 2.409924000000000089e-17
1.263633000000000006e+00 1.959600387183426392e-14 2.201567000000000143e-17
1.263867999999999991e+00 1.949410606073391188e-14 1.942434999999999941e-17
1.264102999999999977e+00 1.983204305030544590e-14 2.246588999999999872e-17
1.264337999999999962e+00 2.003403276707276650e-14 1.969388000000000017e-17
1.264572999999999947e+00 2.009031629911411483e-14 1.908573999999999902e-17
1.264807999999999932e+00 2.018925728847805057e-14 1.892567000000000015e-17
1.265042999999999918e+00 2.036883881486861136e-14 1.889388999999999954e-17
1.265277999999999903e+00 2.080733848846578197e-14 1.887298999999999991e-17
1.265513000000000110e+00 2.090527444207356327e-14 1.900888999999999931e-17
1.265748000000000095e+00 nan nan
1.265983000000000080e+00 2.039275886239335733e-14 2.192724999999999863e-17
1.266218000000000066e+00 2.019676765560466252e-14 1.873966000000000002e-17
1.266453000000000051e+00 2.043487452719893701e-14 1.773909000000000011e-17
1.266688000000000036e+00 2.064682967754376673e-14 1.728174999999999974e-17
1.266923000000000021e+00 2.067515345562748765e-14 1.531800999999999943e-17
1.267158000000000007e+00 2.088512379909809272e-14 1.428825999999999919e-17
1.267392999999999992e+00 2.104895253238171951e-14 1.479944999999999870e-17
1.267627999999999977e+00 2.095891424675617047e-14 1.555312999999999853e-17
1.267862999999999962e+00 2.069623995370698956e-14 1.551389000000000058e-17
1.268097999999999947e+00 2.028243700228043559e-14 1.543473999999999896e-17
1.268332999999999933e+00 2.009628662654275281e-14 1.451743000000000026e-17
1.268567999999999918e+00 2.065741724315571343e-14 1.481022999999999919e-17
1.268802999999999903e+00 2.073526296205414279e-14 1.526688999999999873e-17
1.269038000000000110e+00 2.087474461788006059e-14 1.675277999999999969e-17
1.269273000000000096e+00 2.095144997411445955e-14 1.644213999999999870e-17
1.269508000000000081e+00 2.089389567207073518e-14 1.539622000000000080e-17
1.269743000000000066e+00 2.085504090607430667e-14 1.560239000000000130e-17
1.269978000000000051e+00 2.055370927524330698e-14 1.578727000000000151e-17
1.270213000000000036e+00 2.041718889685683515e-14 1.552797999999999986e-17
1.270448000000000022e+00 2.051954873448477023e-14 1.585218000000000003e-17
1.270683000000000007e+00 2.053237798821383089e-14 1.762090999999999971e-17
1.270917999999999992e+00 2.073690799841475869e-14 1.977837999999999999e-17
1.271152999999999977e+00 2.077253386192245484e-14 2.043343999999999995e-17
1.271387999999999963e+00 2.061886127693084012e-14 2.081451999999999916e-17
1.271622999999999948e+00 2.038144227146336982e-14 2.067594999999999975e-17
1.271857999999999933e+00 2.080097413804800323e-14 2.097317999999999921e-17
1.272092999999999918e+00 2.088503654628647090e-14 1.809572999999999916e-17
1.272327999999999903e+00 2.083700282802763736e-14 1.664585000000000145e-17
1.272563000000000111e+00 2.087450616597486086e-14 1.682495999999999895e-17
1.272798000000000096e+00 2.101413564377937611e-14 1.679750000000000018e-17
1.273033000000000081e+00 2.082135016121790950e-14 1.773015999999999934e-17
1.273268000000000066e+00 2.067418188710611886e-14 1.796362999999999969e-17
1.273503000000000052e+00 2.065927659910340094e-14 1.693350000000000007e-17
1.273738000000000037e+00 2.046243434795468945e-14 1.655439000000000055e-17
1.273973000000000022e+00 2.024805028141635842e-14 1.657145999999999949e-17
1.274208000000000007e+00 1.991372539088860793e-14 1.527523999999999916e-17
1.274442999999999993e+00 2.011923645501268150e-14 1.493982999999999887e-17
1.274677999999999978e+00 2.044732401114554711e-14 1.499570000000000103e-17
1.274912999999999963e+00 2.075169634267155063e-14 1.533633999999999955e-17
1.275147999999999948e+00 2.115392276486925409e-14 1.566024000000000134e-17
1.275382999999999933e+00 2.088913418897886642e-14 1.498233999999999974e-17
1.275617999999999919e+00 2.063064185442437921e-14 1.529584999999999862e-17
1.275852999999999904e+00 2.065816940781251424e-14 1.651013000000000045e-17
1.276087999999999889e+00 2.100418695039814203e-14 1.638981000000000015e-17
1.276323000000000096e+00 2.116046118842333732e-14 1.523331999999999992e-17
1.276558000000000082e+00 2.131413911841012877e-14 1.705863999999999846e-17
1.276793000000000067e+00 2.113065407590315460e-14 1.716736999999999927e-17
1.277028000000000052e+00 2.101828372907143789e-14 1.506759000000000011e-17
1.277263000000000037e+00 2.126263106280580661e-14 1.496599000000000059e-17
1.277498000000000022e+00 2.145877482384740769e-14 1.481414000000000089e-17
1.277733000000000008e+00 2.144277102933089702e-14 1.487002000000000125e-17
1.277967999999999993e+00 2.105670156652159010e-14 1.458325999999999955e-17
1.278202999999999978e+00 2.094302351871341068e-14 1.589111000000000141e-17
1.278437999999999963e+00 2.090748853466992593e-14 1.512896000000000119e-17
1.278672999999999949e+00 2.034416117964046266e-14 1.538109000000000079e-17
1.278907999999999934e+00 2.056127872459102190e-14 1.628265000000000018e-17
1.279142999999999919e+00 2.107601462636058059e-14 1.609645999999999855e-17
1.279377999999999904e+00 2.138160915458865411e-14 1.642717000000000070e-17
1.279612999999999889e+00 2.151960286143037357e-14 1.656887000000000049e-17
1.279848000000000097e+00 2.144364663183573247e-14 1.662109000000000036e-17
1.280083000000000082e+00 2.120373612936217913e-14 1.693026999999999920e-17
1.280318000000000067e+00 2.107722593598263854e-14 1.681091999999999991e-17
1.280553000000000052e+00 2.107447099095649393e-14 1.766876999999999878e-17
1.280788000000000038e+00 2.112385504825339980e-14 2.033591999999999926e-17
1.281023000000000023e+00 2.134124326378994087e-14 2.269113999999999989e-17
1.281258000000000008e+00 2.127772853628975110e-14 2.564923999999999958e-17
1.281492999999999993e+00 2.096983891913549539e-14 2.354537999999999851e-17
1.281727999999999978e+00 2.114849188731507274e-14 2.524548000000000073e-17
1.281962999999999964e+00 2.147997299085107097e-14 2.604183000000000035e-17
1.282197999999999949e+00 2.175315535304986277e-14 3.076363999999999757e-17
1.282432999999999934e+00 2.123793860788065574e-14 3.510387999999999752e-17
1.282667999999999919e+00 2.051050392094343344e-14 3.500671999999999980e-17
1.282902999999999905e+00 2.091892243261188127e-14 3.840245000000000168e-17
1.283137999999999890e+00 2.097868502521945027e-14 4.016352000000000305e-17
1.283373000000000097e+00 2.024281865981091762e-14 3.891752000000000213e-17
1.283608000000000082e+00 2.034727846325335768e-14 3.802718999999999926e-17
1.283843000000000067e+00 2.103466791811030132e-14 3.755322000000000085e-17
1.284078000000000053e+00 2.073530495606905385e-14 3.201499000000000285e-17
1.284313000000000038e+00 2.075132987636380908e-14 2.609964999999999963e-17
1.284548000000000023e+00 2.079168310149781226e-14 2.276374000000000056e-17
1.284783000000000008e+00 2.095065168305689384e-14 2.157562999999999865e-17
1.285017999999999994e+00 2.061083474226782800e-14 2.070557000000000098e-17
1.285252999999999979e+00 2.090319762884810350e-14 2.045815999999999900e-17
1.285487999999999964e+00 2.108520953459823334e-14 2.057708999999999995e-17
1.285722999999999949e+00 2.057307643099584308e-14 1.993878999999999927e-17
1.285957999999999934e+00 2.010982296695514296e-14 1.940459999999999919e-17
1.286192999999999920e+00 1.959256950487724897e-14 1.906546999999999998e-17
1.286427999999999905e+00 2.111182232498886478e-14 3.350359000000000278e-17
1.286662999999999890e+00 2.056129545789155454e-14 2.024751000000000082e-17
1.286898000000000097e+00 2.061289195466531551e-14 1.997234999999999989e-17
1.287133000000000083e+00 2.111858071468421895e-14 2.033605999999999870e-17
1.287368000000000068e+00 2.148323735624354976e-14 2.048613999999999968e-17
1.287603000000000053e+00 2.118296589513295254e-14 1.998693000000000031e-17
1.287838000000000038e+00 2.068048157610606114e-14 1.934092999999999928e-17
1.288073000000000023e+00 2.027122133264438899e-14 1.911902999999999895e-17
1.288308000000000009e+00 2.006544551861021592e-14 1.872148999999999883e-17
1.288542999999999994e+00 2.034790588648327672e-14 1.862089000000000107e-17
1.288777999999999979e+00 2.056664013553724664e-14 1.894235000000000152e-17
1.289012999999999964e+00 2.083463370138126706e-14 1.979306000000000090e-17
1.289247999999999950e+00 2.115656173774854568e-14 2.035422999999999989e-17
1.289482999999999935e+00 2.128811046457348680e-14 2.117354000000000112e-17
1.289717999999999920e+00 2.146919530700799606e-14 2.094755000000000068e-17
1.289952999999999905e+00 2.123646975565793068e-14 1.997945999999999861e-17
1.290187999999999890e+00 2.027210899623637357e-14 1.966254000000000045e-17
1.290423000000000098e+00 2.013722972212907256e-14 1.933510000000000122e-17
1.290658000000000083e+00 2.065739589699566655e-14 1.985565999999999932e-17
1.290893000000000068e+00 2.085025349993147569e-14 2.054732999999999927e-17
1.291128000000000053e+00 2.057234546403277836e-14 2.126872000000000095e-17
1.291363000000000039e+00 2.097316880950770365e-14 2.486995999999999890e-17
1.291598000000000024e+00 2.085388034670377734e-14 1.987847000000000020e-17
1.291833000000000009e+00 2.060765130552267011e-14 1.977230000000000071e-17
1.292067999999999994e+00 2.036909746349970021e-14 2.060603000000000035e-17
1.292302999999999980e+00 2.078368937434506244e-14 2.141853999999999943e-17
1.292537999999999965e+00 2.106207143032843912e-14 2.163982999999999866e-17
1.292772999999999950e+00 2.070546597093658765e-14 1.940759000000000013e-17
1.293007999999999935e+00 2.069693818676932128e-14 1.695915999999999936e-17
1.293242999999999920e+00 2.070594437266704777e-14 1.900015000000000132e-17
1.293477999999999906e+00 2.062825973424752264e-14 2.165366999999999981e-17
1.293712999999999891e+00 2.122798215151445543e-14 2.162710999999999924e-17
1.293948000000000098e+00 2.123248989306438031e-14 2.027433999999999900e-17
1.294183000000000083e+00 2.119471178396956986e-14 1.939562000000000126e-17
1.294418000000000069e+00 2.094351351175859219e-14 1.860927000000000082e-17
1.294653000000000054e+00 2.056970530744570820e-14 1.988423999999999982e-17
1.294888000000000039e+00 2.083926238896549540e-14 2.020025999999999978e-17
1.295123000000000024e+00 2.161962898280711185e-14 2.128642000000000048e-17
1.295358000000000009e+00 2.184158960983822125e-14 2.172717999999999997e-17
1.295592999999999995e+00 2.119836918765266461e-14 2.013248999999999848e-17
1.295827999999999980e+00 2.106898066320650434e-14 1.816586000000000080e-17
1.296062999999999965e+00 2.090328058843595923e-14 1.799082000000000085e-17
1.296297999999999950e+00 2.070785433556352105e-14 1.790925999999999864e-17
1.296532999999999936e+00 2.098936871977636499e-14 1.735989999999999959e-17
1.296767999999999921e+00 2.087591151101984033e-14 1.596053999999999966e-17
1.297002999999999906e+00 2.077483923272316747e-14 1.588355000000000050e-17
1.297237999999999891e+00 2.069300316703853276e-14 1.594660999999999930e-17
1.297473000000000098e+00 2.087093644050773507e-14 1.624128000000000053e-17
1.297708000000000084e+00 2.099425718726883358e-14 1.736953000000000067e-17
1.297943000000000069e+00 2.076367166215479537e-14 1.868720000000000022e-17
1.298178000000000054e+00 2.072426162496381745e-14 1.771740000000000096e-17
1.298413000000000039e+00 2.074423424228906911e-14 1.617051000000000009e-17
1.298648000000000025e+00 2.101590628265482956e-14 1.562613000000000115e-17
1.298883000000000010e+00 2.142051131451748102e-14 1.603541999999999968e-17
1.299117999999999995e+00 2.149554897923329009e-14 1.649322000000000044e-17
1.299352999999999980e+00 2.116072232412779437e-14 1.778461999999999959e-17
1.299587999999999965e+00 2.127540583959781572e-14 1.955832999999999937e-17
1.299822999999999951e+00 2.162467521899216812e-14 2.030332999999999965e-17
1.300057999999999936e+00 2.112096321286508696e-14 2.019291000000000112e-17
1.300292999999999921e+00 2.060567708275949749e-14 1.968802000000000134e-17
1.300527999999999906e+00 2.074459561143890072e-14 1.958261999999999880e-17
1.300762999999999892e+00 2.112631853158471661e-14 1.946788000000000152e-17
1.300998000000000099e+00 2.077453978940110092e-14 1.849083000000000101e-17
1.301233000000000084e+00 2.024504489191789088e-14 1.713885999999999849e-17
1.301468000000000069e+00 2.050154426583055680e-14 1.698611999999999879e-17
1.301703000000000054e+00 2.116546532958541614e-14 1.766378999999999867e-17
1.301938000000000040e+00 2.143313833605473911e-14 1.813243000000000144e-17
1.302173000000000025e+00 2.087604505096591185e-14 1.800422999999999930e-17
1.302408000000000010e+00 2.040744536574897922e-14 1.717241999999999910e-17
1.302642999999999995e+00 2.081776220350560524e-14 1.670023999999999889e-17
1.302877999999999981e+00 2.111746592466022845e-14 1.637346999999999920e-17
1.303112999999999966e+00 2.098149557863944672e-14 1.668986999999999854e-17
1.303347999999999951e+00 2.096626921597895266e-14 1.683156000000000013e-17
1.303582999999999936e+00 2.090808810640626965e-14 1.675387999999999886e-17
1.303817999999999921e+00 2.131674322917384053e-14 1.896541000000000053e-17
1.304052999999999907e+00 nan nan
1.304287999999999892e+00 2.098113605057854891e-14 1.868110000000000146e-17
1.304523000000000099e+00 2.085904127027805414e-14 1.908256999999999968e-17
1.304758000000000084e+00 2.079712712885946973e-14 2.010280999999999881e-17
1.304993000000000070e+00 2.102801543663005928e-14 2.072883000000000096e-17
1.305228000000000055e+00 2.116285639340694506e-14 1.961696999999999893e-17
1.305463000000000040e+00 2.134075710022556356e-14 2.063572000000000131e-17
1.305698000000000025e+00 2.117157356340872827e-14 2.212701000000000072e-17
1.305933000000000010e+00 2.072366418027254713e-14 2.207368999999999860e-17
1.306167999999999996e+00 2.074101239749059808e-14 2.274080999999999971e-17
1.306402999999999981e+00 2.089673269483081790e-14 2.281221999999999894e-17
1.306637999999999966e+00 2.099856552314134664e-14 2.281522000000000115e-17
1.306872999999999951e+00 2.078443144191696486e-14 2.274501999999999979e-17
1.307107999999999937e+00 2.058577073280366204e-14 2.254810999999999919e-17
1.307342999999999922e+00 2.078925433977927429e-14 2.279412999999999875e-17
1.307577999999999907e+00 2.100322439419110176e-14 2.370704999999999897e-17
1.307812999999999892e+00 2.070237083045929399e-14 2.437473000000000095e-17
1.308048000000000100e+00 2.009263614231423523e-14 2.257398999999999893e-17
1.308283000000000085e+00 2.021700144604929928e-14 2.068958999999999993e-17
1.308518000000000070e+00 2.069974244746819523e-14 1.667824000000000009e-17
1.308753000000000055e+00 2.087101398221001668e-14 2.342486999999999852e-17
1.308988000000000040e+00 2.104027124380575806e-14 2.261264999999999962e-17
1.309223000000000026e+00 2.089387367370583007e-14 1.732679000000000115e-17
1.309458000000000011e+00 2.072340266808503716e-14 1.715088999999999888e-17
1.309692999999999996e+00 2.034718394892300322e-14 1.647764000000000132e-17
1.309927999999999981e+00 1.988264907711758027e-14 1.482617999999999948e-17
1.310162999999999967e+00 2.039376711188581991e-14 1.682337999999999992e-17
1.310397999999999952e+00 2.179072071525603416e-14 3.507791000000000165e-17
1.310632999999999937e+00 2.173497794557953666e-14 3.419090999999999705e-17
1.310867999999999922e+00 2.029288793603033070e-14 1.124384000000000010e-16
1.311102999999999907e+00 2.044038573191970327e-14 1.573141999999999883e-17
1.311337999999999893e+00 nan nan
1.311573000000000100e+00 nan nan
1.311808000000000085e+00 nan nan
1.312043000000000070e+00 nan nan
1.312278000000000056e+00 nan nan
1.312513000000000041e+00 nan nan
1.312748000000000026e+00 nan nan
1.312983000000000011e+00 nan nan
1.313217999999999996e+00 nan nan
1.313452999999999982e+00 2.087260889802233909e-14 1.526161000000000025e-17
1.313687999999999967e+00 2.108176217837614405e-14 1.606617000000000085e-17
1.313922999999999952e+00 2.109750385592431015e-14 1.731399000000000073e-17
1.314157999999999937e+00 2.063237991496558143e-14 1.835918000000000064e-17
1.314392999999999923e+00 nan nan
1.314627999999999908e+00 2.016509930461024785e-14 1.625526000000000113e-17
1.314862999999999893e+00 2.025186028218055515e-14 1.530433000000000029e-17
1.315098000000000100e+00 2.141438351489889096e-14 2.178354000000000019e-17
1.315333000000000085e+00 1.991426934236231831e-14 1.733148000000000109e-17
1.315568000000000071e+00 1.996286159490439404e-14 1.493369999999999935e-17
1.315803000000000056e+00 1.999250905820877584e-14 1.487004999999999893e-17
1.316038000000000041e+00 2.041419079885052983e-14 1.564231000000000008e-17
1.316273000000000026e+00 2.070767511891251399e-14 1.692098999999999982e-17
1.316508000000000012e+00 2.087822969450246474e-14 1.718665000000000091e-17
1.316742999999999997e+00 nan nan
1.316977999999999982e+00 2.102818899230618675e-14 2.203118999999999902e-17
1.317212999999999967e+00 2.038472367216931757e-14 1.902687999999999902e-17
1.317447999999999952e+00 2.036598271781396226e-14 2.093829000000000077e-17
1.317682999999999938e+00 2.034597167821514151e-14 2.118698999999999853e-17
1.317917999999999923e+00 2.004065422726842671e-14 2.122011000000000133e-17
1.318152999999999908e+00 2.001148562014794504e-14 2.227852000000000000e-17
1.318387999999999893e+00 2.055866743761413092e-14 2.323546999999999859e-17
1.318623000000000101e+00 2.096675246641468448e-14 2.404610000000000026e-17
1.318858000000000086e+00 2.115473177875225573e-14 2.375347999999999973e-17
1.319093000000000071e+00 2.120432340766180993e-14 2.369487999999999914e-17
1.319328000000000056e+00 2.086887712132831607e-14 2.454734000000000084e-17
1.319563000000000041e+00 2.047958331974107767e-14 2.725023000000000079e-17
1.319798000000000027e+00 2.086540389193103317e-14 2.836311999999999919e-17
1.320033000000000012e+00 2.036561402109709418e-14 2.775351000000000078e-17
1.320267999999999997e+00 1.962956596382345412e-14 2.650670999999999907e-17
1.320502999999999982e+00 1.988046144996686167e-14 2.662755999999999947e-17
1.320737999999999968e+00 2.010359673019891771e-14 2.559470000000000141e-17
1.320972999999999953e+00 2.012215236187662847e-14 2.192383000000000115e-17
1.321207999999999938e+00 1.996770318659128868e-14 1.870534000000000065e-17
1.321442999999999923e+00 1.993967123455021499e-14 1.526327999999999849e-17
1.321677999999999908e+00 2.038460948698077907e-14 1.374282000000000003e-17
1.321912999999999894e+00 2.055595506073984005e-14 1.354463000000000032e-17
1.322148000000000101e+00 2.036251034822745672e-14 1.345921999999999948e-17
1.322383000000000086e+00 2.059258114997467246e-14 1.363816999999999959e-17
1.322618000000000071e+00 2.127422873704448490e-14 1.429087000000000075e-17
1.322853000000000057e+00 2.132442629612534791e-14 1.425891999999999993e-17
1.323088000000000042e+00 2.032947382000649734e-14 1.367227000000000005e-17
1.323323000000000027e+00 1.986569850981246687e-14 1.343896999999999991e-17
1.323558000000000012e+00 1.978910207853733282e-14 1.345956999999999963e-17
1.323792999999999997e+00 1.969515207926387542e-14 1.366471000000000068e-17
1.324027999999999983e+00 1.955872854104121679e-14 1.336667000000000069e-17
1.324262999999999968e+00 2.056118903897713465e-14 1.395623000000000050e-17
1.324497999999999953e+00 2.108395808602222794e-14 1.430971000000000149e-17
1.324732999999999938e+00 2.063519177637801657e-14 1.358671999999999976e-17
1.324967999999999924e+00 1.975106026214354913e-14 1.272687000000000044e-17
1.325202999999999909e+00 1.917490062047416844e-14 1.259452999999999950e-17
1.325437999999999894e+00 1.893894147176235212e-14 1.268861999999999990e-17
1.325673000000000101e+00 1.945817371757154902e-14 1.297905000000000028e-17
1.325908000000000087e+00 nan nan
1.326143000000000072e+00 2.110775962177027696e-14 3.777853999999999866e-17
1.326378000000000057e+00 nan nan
1.326613000000000042e+00 2.092912317070952417e-14 1.361040999999999936e-17
1.326848000000000027e+00 2.026658474510934913e-14 1.330702999999999936e-17
1.327083000000000013e+00 1.982184827028838343e-14 1.327794999999999952e-17
1.327317999999999998e+00 1.999569549029251939e-14 1.332276000000000074e-17
1.327552999999999983e+00 2.039230560278591616e-14 1.359257000000000039e-17
1.327787999999999968e+00 2.009053435434424704e-14 1.326546000000000029e-17
1.328022999999999954e+00 1.947224673735044087e-14 1.307863999999999961e-17
1.328257999999999939e+00 1.917087433436205436e-14 1.327514000000000007e-17
1.328492999999999924e+00 2.004331309088179870e-14 1.703138000000000066e-17
1.328727999999999909e+00 1.995369058295331311e-14 1.402171000000000117e-17
1.328962999999999894e+00 1.953768572234523747e-14 1.465601000000000095e-17
1.329198000000000102e+00 1.884865351694679203e-14 1.427249000000000039e-17
1.329433000000000087e+00 1.831366593078049660e-14 1.390014000000000098e-17
1.329668000000000072e+00 1.797151064191392556e-14 1.337043999999999986e-17
1.329903000000000057e+00 1.799397980162807067e-14 1.344470000000000057e-17
1.330138000000000043e+00 1.843690175103153578e-14 1.386380999999999988e-17
1.330373000000000028e+00 1.868147011177356541e-14 1.425330999999999923e-17
1.330608000000000013e+00 1.886543364492485971e-14 1.454796999999999917e-17
1.330842999999999998e+00 1.897413155096893206e-14 1.503253999999999967e-17
1.331077999999999983e+00 1.855574678160810638e-14 1.473717000000000122e-17
1.331312999999999969e+00 1.786646319549412417e-14 1.456850000000000071e-17
1.331547999999999954e+00 1.730371592885234407e-14 1.411814000000000090e-17
1.331782999999999939e+00 1.699234438201620179e-14 1.395479999999999912e-17
1.332017999999999924e+00 1.609296742904143435e-14 1.336378000000000024e-17
1.332252999999999910e+00 1.515978161845550510e-14 1.241381000000000066e-17
1.332487999999999895e+00 1.485436877448052350e-14 1.196021999999999998e-17
1.332723000000000102e+00 1.608357462856235258e-14 1.287390000000000050e-17
1.332958000000000087e+00 1.772286780683382037e-14 1.422248000000000014e-17
1.333193000000000072e+00 1.774736183186915245e-14 1.429813000000000020e-17
1.333428000000000058e+00 1.716645560618912034e-14 1.724041999999999905e-17
1.333663000000000043e+00 1.864677164466230243e-14 3.552007000000000177e-17
1.333898000000000028e+00 1.763848119279785455e-14 1.474304999999999952e-17
1.334133000000000013e+00 1.574921994918671198e-14 1.330482999999999948e-17
1.334367999999999999e+00 1.516930812805840496e-14 1.292825000000000052e-17
1.334602999999999984e+00 1.415363705387493832e-14 1.219239000000000019e-17
1.334837999999999969e+00 1.242267303770025176e-14 1.063046999999999980e-17
1.335072999999999954e+00 1.238235800392491105e-14 1.046093000000000031e-17
1.335307999999999939e+00 1.335763600587871984e-14 1.156636999999999957e-17
1.335542999999999925e+00 1.375910859636152492e-14 1.197056999999999931e-17
1.335777999999999910e+00 1.373370005508137957e-14 1.197594999999999982e-17
1.336012999999999895e+00 1.443816744365224746e-14 1.277677000000000046e-17
1.336248000000000102e+00 1.550000169812790677e-14 1.362689999999999950e-17
1.336483000000000088e+00 1.483360047309970132e-14 1.301963000000000042e-17
1.336718000000000073e+00 1.477677306404917722e-14 1.301974000000000064e-17
1.336953000000000058e+00 1.449344996049244846e-14 1.278839000000000071e-17
1.337188000000000043e+00 1.304292540639771948e-14 1.167335999999999934e-17
1.337423000000000028e+00 1.293643586058798772e-14 1.113283000000000056e-17
1.337658000000000014e+00 1.427896459330377034e-14 1.272271000000000061e-17
1.337892999999999999e+00 1.473749949272505635e-14 1.305790000000000044e-17
1.338127999999999984e+00 1.482190971415832440e-14 1.320540000000000062e-17
1.338362999999999969e+00 1.494039723995944157e-14 1.342832000000000067e-17
1.338597999999999955e+00 1.508668327787703592e-14 1.341181999999999925e-17
1.338832999999999940e+00 1.550885485618955518e-14 1.388659000000000000e-17
1.339067999999999925e+00 1.532493351166855883e-14 1.706751999999999899e-17
1.339302999999999910e+00 1.477480932198901031e-14 1.963086000000000033e-17
1.339537999999999895e+00 nan nan
1.339773000000000103e+00 1.588326640247273785e-14 1.293053999999999961e-17
1.340008000000000088e+00 1.545080085786096655e-14 3.373332000000000163e-17
1.340243000000000073e+00 nan nan
1.340478000000000058e+00 nan nan
1.340713000000000044e+00 1.479884637129113034e-14 1.357727999999999991e-17
1.340948000000000029e+00 1.487595285378971949e-14 1.320208000000000055e-17
1.341183000000000014e+00 1.486685793600187142e-14 1.316715000000000008e-17
1.341417999999999999e+00 1.483131744865078855e-14 1.312395999999999992e-17
1.341652999999999984e+00 1.404412073303065271e-14 1.274885999999999951e-17
1.341887999999999970e+00 1.329980096133758655e-14 1.231847000000000037e-17
1.342122999999999955e+00 1.306545167103176521e-14 1.211473999999999968e-17
1.342357999999999940e+00 1.313776528486565596e-14 1.242012000000000013e-17
1.342592999999999925e+00 1.333770432051819462e-14 1.255779999999999954e-17
1.342827999999999911e+00 1.294143060213971029e-14 1.217111999999999937e-17
1.343062999999999896e+00 1.220886366319300788e-14 1.156243000000000019e-17
1.343298000000000103e+00 1.257413513665220737e-14 1.215057999999999964e-17
1.343533000000000088e+00 1.387207872107804609e-14 1.355601000000000064e-17
1.343768000000000074e+00 1.475779650974577453e-14 1.312394000000000044e-17
1.344003000000000059e+00 1.422990333571280421e-14 1.266641000000000038e-17
1.344238000000000044e+00 1.431080590228225769e-14 1.310466000000000034e-17
1.344473000000000029e+00 1.371300227314892108e-14 1.588067000000000133e-17
1.344708000000000014e+00 1.215452663948778288e-14 1.178843000000000037e-17
1.344943000000000000e+00 1.292100801506052383e-14 1.172509999999999934e-17
1.345177999999999985e+00 1.435254977062764941e-14 1.459183000000000042e-17
1.345412999999999970e+00 1.417517217712913396e-14 1.468182999999999917e-17
1.345647999999999955e+00 1.396401433015573800e-14 1.247085000000000017e-17
1.345882999999999940e+00 1.487697273636301471e-14 1.205025999999999923e-17
1.346117999999999926e+00 1.565328554587336606e-14 1.279066000000000032e-17
1.346352999999999911e+00 1.447067263946162692e-14 1.223098999999999935e-17
1.346587999999999896e+00 1.290673315573651605e-14 1.092051999999999927e-17
1.346823000000000103e+00 1.266940167234167052e-14 1.011677000000000075e-17
1.347058000000000089e+00 1.385809937001662309e-14 1.048200000000000015e-17
1.347293000000000074e+00 1.418330333460815399e-14 1.084220000000000075e-17
1.347528000000000059e+00 1.375937755765192987e-14 1.101241999999999952e-17
1.347763000000000044e+00 1.279471339634950847e-14 1.040082000000000041e-17
1.347998000000000030e+00 1.262959374566189404e-14 1.015240999999999974e-17
1.348233000000000015e+00 1.314882981724523180e-14 1.045843000000000052e-17
1.348468000000000000e+00 1.370572513146653073e-14 1.089140000000000046e-17
1.348702999999999985e+00 1.488531908682304456e-14 1.151484000000000028e-17
1.348937999999999970e+00 1.441143380021547506e-14 1.114543999999999976e-17
1.349172999999999956e+00 1.428977421666212550e-14 1.113026999999999925e-17
1.349407999999999941e+00 1.473551660836740492e-14 1.160482999999999929e-17
1.349642999999999926e+00 1.504306858218633231e-14 1.168151000000000033e-17
1.349877999999999911e+00 1.434929809860592839e-14 1.117445999999999963e-17
1.350112999999999897e+00 1.300225079532806759e-14 1.056769999999999963e-17
1.350348000000000104e+00 1.183003700435485751e-14 9.846959999999999564e-18
1.350583000000000089e+00 1.119281737530419028e-14 9.599329000000000700e-18
1.350818000000000074e+00 1.221597863506157178e-14 1.104440999999999930e-17
1.351053000000000059e+00 1.391715113416970017e-14 1.182958999999999931e-17
1.351288000000000045e+00 nan nan
1.351523000000000030e+00 1.330559747959695633e-14 1.227048000000000005e-17
1.351758000000000015e+00 1.269701295505309612e-14 1.263018999999999951e-17
1.351993000000000000e+00 1.271710317886664287e-14 1.238853000000000075e-17
1.352227999999999986e+00 1.265216844329601482e-14 1.177083999999999953e-17
1.352462999999999971e+00 1.230206121699222793e-14 1.095252000000000033e-17
1.352697999999999956e+00 1.224521363299301734e-14 1.033783999999999953e-17
1.352932999999999941e+00 1.286552307557686587e-14 1.072197999999999940e-17
1.353167999999999926e+00 1.354217518825458802e-14 1.118965999999999936e-17
1.353402999999999912e+00 1.402523789329552193e-14 1.153765999999999936e-17
1.353637999999999897e+00 1.329334264392635192e-14 1.135852999999999929e-17
1.353873000000000104e+00 1.239008572916012042e-14 1.090939999999999990e-17
1.354108000000000089e+00 1.223201187207986116e-14 1.080294999999999998e-17
1.354343000000000075e+00 1.221652983845503383e-14 1.078534999999999939e-17
1.354578000000000060e+00 1.213324173127485563e-14 1.086279000000000073e-17
1.354813000000000045e+00 1.233462146304875391e-14 1.138726000000000053e-17
1.355048000000000030e+00 1.240065965921002906e-14 1.272203999999999952e-17
1.355283000000000015e+00 1.328878750981102362e-14 1.169178999999999994e-17
1.355518000000000001e+00 1.346361455739952737e-14 1.188924000000000038e-17
1.355752999999999986e+00 1.229908924874701927e-14 1.221220000000000039e-17
1.355987999999999971e+00 1.245289969715819498e-14 1.270991000000000019e-17
1.356222999999999956e+00 1.353533635658488253e-14 1.366564999999999939e-17
1.356457999999999942e+00 1.329942518432699369e-14 1.358220999999999978e-17
1.356692999999999927e+00 1.359676263347085151e-14 1.362468999999999988e-17
1.356927999999999912e+00 1.355048534334735521e-14 1.364009000000000058e-17
1.357162999999999897e+00 1.333152700763742909e-14 1.393935999999999945e-17
1.357398000000000104e+00 1.327240703234482947e-14 1.411662000000000031e-17
1.357633000000000090e+00 1.243340497894137819e-14 1.324815999999999962e-17
1.357868000000000075e+00 1.256656695218930038e-14 1.322382999999999968e-17
1.358103000000000060e+00 1.337285871117091134e-14 1.402450000000000114e-17
1.358338000000000045e+00 1.296885547736577404e-14 1.312526000000000006e-17
1.358573000000000031e+00 1.238080467541095027e-14 1.256090000000000070e-17
1.358808000000000016e+00 1.235474095361958797e-14 1.250549000000000047e-17
1.359043000000000001e+00 1.252915296792207483e-14 1.220667000000000070e-17
1.359277999999999986e+00 1.252733674086114852e-14 1.209809000000000062e-17
1.359512999999999971e+00 1.144482324287031840e-14 1.117076000000000018e-17
1.359747999999999957e+00 nan nan
1.359982999999999942e+00 1.285461407251639144e-14 1.232007000000000042e-17
1.360217999999999927e+00 1.356267757621260323e-14 1.279668999999999935e-17
1.360452999999999912e+00 1.370657689031803413e-14 1.300794000000000044e-17
1.360687999999999898e+00 1.341391117203110154e-14 1.277702999999999987e-17
1.360923000000000105e+00 1.320568503593747710e-14 1.272642999999999954e-17
1.361158000000000090e+00 1.294570594049993057e-14 1.217304000000000036e-17
1.361393000000000075e+00 1.247369979408531102e-14 1.185802000000000063e-17
1.361628000000000061e+00 1.176775914783979069e-14 1.126125999999999981e-17
1.361863000000000046e+00 1.128440580823596882e-14 1.112632000000000013e-17
1.362098000000000031e+00 1.141739419857939637e-14 1.084358000000000035e-17
1.362333000000000016e+00 1.114841446754613301e-14 1.012243999999999989e-17
1.362568000000000001e+00 nan nan
1.362802999999999987e+00 nan nan
1.363037999999999972e+00 1.227066303979877099e-14 1.389030999999999893e-17
1.363272999999999957e+00 1.255176577442807822e-14 1.135045999999999931e-17
1.363507999999999942e+00 1.321887487642938527e-14 1.165914000000000035e-17
1.363742999999999927e+00 1.357994935570938418e-14 1.089259000000000037e-17
1.363977999999999913e+00 1.370949894410897866e-14 1.049130000000000056e-17
1.364212999999999898e+00 1.304785717245651552e-14 1.005896999999999941e-17
1.364448000000000105e+00 1.215169743579467983e-14 9.766414999999999504e-18
1.364683000000000090e+00 1.156232094151389540e-14 9.499385999999999598e-18
1.364918000000000076e+00 1.157229673875649145e-14 9.875344000000000229e-18
1.365153000000000061e+00 1.264975768745278026e-14 1.142971999999999961e-17
1.365388000000000046e+00 1.335462934499666780e-14 1.217946000000000006e-17
1.365623000000000031e+00 1.345077822653109377e-14 1.327667000000000040e-17
1.365858000000000017e+00 1.385070312748878935e-14 1.514604999999999961e-17
1.366093000000000002e+00 1.368917222786862753e-14 1.551247000000000047e-17
1.366327999999999987e+00 1.294957208406050604e-14 1.505249000000000086e-17
1.366562999999999972e+00 1.257138630777306304e-14 1.443630000000000075e-17
1.366797999999999957e+00 1.243530573323307354e-14 1.391690000000000027e-17
1.367032999999999943e+00 1.264258087523590596e-14 1.411128999999999850e-17
1.367267999999999928e+00 1.290281048532134271e-14 1.445545000000000115e-17
1.367502999999999913e+00 1.273193347615535104e-14 1.338902999999999939e-17
1.367737999999999898e+00 1.251654777462902932e-14 1.220236000000000014e-17
1.367973000000000106e+00 1.265577278815493997e-14 1.199011000000000037e-17
1.368208000000000091e+00 1.306581291590371301e-14 1.239788999999999959e-17
1.368443000000000076e+00 1.309951725337379166e-14 1.273466000000000000e-17
1.368678000000000061e+00 1.238085103631299333e-14 1.229087000000000061e-17
1.368913000000000046e+00 1.250681448876201630e-14 1.245802000000000052e-17
1.369148000000000032e+00 1.277639677366920397e-14 1.411148000000000127e-17
1.369383000000000017e+00 1.268567778405090910e-14 1.185984999999999934e-17
1.369618000000000002e+00 1.252531715201462324e-14 1.137298000000000001e-17
1.369852999999999987e+00 1.274094139974572060e-14 1.143604000000000036e-17
1.370087999999999973e+00 1.265532707617112813e-14 1.154741000000000040e-17
1.370322999999999958e+00 1.251758727775843166e-14 1.159738999999999989e-17
1.370557999999999943e+00 1.257503943485473385e-14 1.171897999999999956e-17
1.370792999999999928e+00 1.202480388154330239e-14 1.146867000000000047e-17
1.371027999999999913e+00 1.130867079960564751e-14 1.157918999999999947e-17
1.371262999999999899e+00 1.141657720336195433e-14 1.198407000000000005e-17
1.371498000000000106e+00 1.148988372142151372e-14 1.199311999999999924e-17
1.371733000000000091e+00 1.193642372566320495e-14 1.210335999999999936e-17
1.371968000000000076e+00 1.277748842956212655e-14 1.234142000000000070e-17
1.372203000000000062e+00 1.296232072612981314e-14 1.175876000000000044e-17
1.372438000000000047e+00 1.251877700506599927e-14 1.109855999999999990e-17
1.372673000000000032e+00 1.270820969701747225e-14 1.163993999999999971e-17
1.372908000000000017e+00 1.262062078822648549e-14 1.205197999999999925e-17
1.373143000000000002e+00 1.211622471051276376e-14 1.102033000000000059e-17
1.373377999999999988e+00 1.234194494271512615e-14 1.085231999999999989e-17
1.373612999999999973e+00 1.234511462763207139e-14 1.120154000000000056e-17
1.373847999999999958e+00 1.164227448191730171e-14 1.100106999999999997e-17
1.374082999999999943e+00 1.143857155506827959e-14 1.097809000000000042e-17
1.374317999999999929e+00 1.162707357052553121e-14 1.106174000000000074e-17
1.374552999999999914e+00 1.166288807937786803e-14 1.094438000000000062e-17
1.374787999999999899e+00 1.214059276603137314e-14 1.126346999999999943e-17
1.375023000000000106e+00 1.248272936536516462e-14 1.389638000000000001e-17
1.375258000000000091e+00 1.256246403547351009e-14 1.591412000000000018e-17
1.375493000000000077e+00 1.292579519541770855e-14 1.662482999999999877e-17
1.375728000000000062e+00 1.269425291004358003e-14 1.605821000000000108e-17
1.375963000000000047e+00 1.204075757558947166e-14 1.544320000000000115e-17
1.376198000000000032e+00 1.215152915175875101e-14 1.559902000000000099e-17
1.376433000000000018e+00 1.247496025103218133e-14 1.602764999999999961e-17
1.376668000000000003e+00 1.239738317735896520e-14 1.620159000000000039e-17
1.376902999999999988e+00 1.220373389159385648e-14 1.605741999999999849e-17
1.377137999999999973e+00 1.250749732718683632e-14 1.656522000000000128e-17
1.377372999999999958e+00 1.267902830597504467e-14 1.705758999999999954e-17
1.377607999999999944e+00 1.300021698390893536e-14 1.737550000000000126e-17
1.377842999999999929e+00 1.298325436797101475e-14 1.596106999999999977e-17
1.378077999999999914e+00 1.255667065998601710e-14 1.547074000000000093e-17
1.378312999999999899e+00 1.215875800619648658e-14 1.446006000000000008e-17
1.378548000000000107e+00 1.177853322120839482e-14 1.199136000000000026e-17
1.378783000000000092e+00 1.181986567232511950e-14 9.969693000000000527e-18
1.379018000000000077e+00 1.202679956983672215e-14 1.181271000000000006e-17
1.379253000000000062e+00 1.254939656625743461e-14 1.206975000000000004e-17
1.379488000000000048e+00 1.274010135596666960e-14 9.962287999999999448e-18
1.379723000000000033e+00 1.271693008553418163e-14 1.011893999999999987e-17
1.379958000000000018e+00 1.289811101399939845e-14 1.044159000000000023e-17
1.380193000000000003e+00 1.348901758984851629e-14 1.020174000000000069e-17
1.380427999999999988e+00 1.335710328683306292e-14 9.670278999999999541e-18
1.380662999999999974e+00 1.276623746855187957e-14 9.548785000000000763e-18
1.380897999999999959e+00 1.309487535671648989e-14 9.681457999999999379e-18
1.381132999999999944e+00 1.308126849385904753e-14 9.817399000000000342e-18
1.381367999999999929e+00 1.291477182852618959e-14 9.714016000000000743e-18
1.381602999999999914e+00 1.352227610169800181e-14 1.011055000000000049e-17
1.381837999999999900e+00 1.397012040661955730e-14 1.038430999999999925e-17
1.382073000000000107e+00 1.382404902908660286e-14 1.055619999999999934e-17
1.382308000000000092e+00 1.304300989205151771e-14 1.059449000000000039e-17
1.382543000000000077e+00 1.182504617604375747e-14 1.013481000000000069e-17
1.382778000000000063e+00 1.131108529728051702e-14 9.695203000000000688e-18
1.383013000000000048e+00 1.208074526093341552e-14 1.024599999999999925e-17
1.383248000000000033e+00 1.286617793616706836e-14 1.049312999999999926e-17
1.383483000000000018e+00 1.295449871393025058e-14 1.095930999999999966e-17
1.383718000000000004e+00 1.223064685520696222e-14 2.645154999999999851e-17
1.383952999999999989e+00 1.312444004925383769e-14 1.320645999999999929e-17
1.384187999999999974e+00 1.335139919723746761e-14 1.375710000000000055e-17
1.384422999999999959e+00 1.296063739727891856e-14 1.341124000000000045e-17
1.384657999999999944e+00 1.311194949615066298e-14 1.362494999999999929e-17
1.384892999999999930e+00 1.298236549072668486e-14 1.349591000000000047e-17
1.385127999999999915e+00 1.279698611084559698e-14 1.298955000000000034e-17
1.385362999999999900e+00 1.348495041325848293e-14 1.359760000000000074e-17
1.385598000000000107e+00 1.318067163580423912e-14 1.356202999999999993e-17
1.385833000000000093e+00 1.213009011347727268e-14 1.236986999999999995e-17
1.386068000000000078e+00 1.250216804777352819e-14 1.476805000000000055e-17
1.386303000000000063e+00 1.287005531896495373e-14 1.321967999999999959e-17
1.386538000000000048e+00 1.280147631192350063e-14 1.279403000000000063e-17
1.386773000000000033e+00 1.285926270567278726e-14 1.237199000000000037e-17
1.387008000000000019e+00 1.315077910727232059e-14 1.201546000000000000e-17
1.387243000000000004e+00 1.361053380927589670e-14 1.194438999999999966e-17
1.387477999999999989e+00 1.382938693358024151e-14 1.138739000000000023e-17
1.387712999999999974e+00 1.359078183756841199e-14 1.151413000000000022e-17
1.387947999999999960e+00 1.247124196814030768e-14 1.138935000000000018e-17
1.388182999999999945e+00 1.140099923049485936e-14 1.104034999999999996e-17
1.388417999999999930e+00 1.311670519840762291e-14 2.611082999999999898e-17
1.388652999999999915e+00 1.273507258203792749e-14 1.223296000000000058e-17
1.388887999999999900e+00 1.332679897288035098e-14 1.254880000000000059e-17
1.389123000000000108e+00 1.400734369925725143e-14 1.299508999999999978e-17
1.389358000000000093e+00 1.402064132962069786e-14 1.294398000000000036e-17
1.389593000000000078e+00 1.304105578353308052e-14 1.201002999999999926e-17
1.389828000000000063e+00 1.216832731423733002e-14 1.145259000000000047e-17
1.390063000000000049e+00 1.221831802298015131e-14 1.137774999999999941e-17
1.390298000000000034e+00 1.230462855399181288e-14 1.124062999999999933e-17
1.390533000000000019e+00 1.199307120458851243e-14 1.081872000000000032e-17
1.390768000000000004e+00 1.115703030714480603e-14 1.013146999999999960e-17
1.391002999999999989e+00 nan nan
1.391237999999999975e+00 nan nan
1.391472999999999960e+00 1.216245618594935379e-14 1.058888999999999944e-17
1.391707999999999945e+00 1.178033172751931955e-14 1.018313999999999988e-17
1.391942999999999930e+00 1.163921915874502799e-14 9.975125999999999811e-18
1.392177999999999916e+00 1.196368174218301169e-14 9.974703999999999367e-18
1.392412999999999901e+00 1.169113790043170618e-14 9.576025000000000628e-18
1.392648000000000108e+00 1.130410556672653865e-14 9.369325000000000025e-18
1.392883000000000093e+00 1.146607374926694694e-14 9.543376000000000548e-18
1.393118000000000078e+00 1.232202095615862804e-14 1.033467999999999992e-17
1.393353000000000064e+00 1.244641395464730612e-14 1.012433000000000011e-17
1.393588000000000049e+00 1.206534185976210184e-14 9.718537999999999493e-18
1.393823000000000034e+00 1.172813034382573229e-14 9.926813999999999540e-18
1.394058000000000019e+00 1.220998427616589192e-14 1.050069999999999991e-17
1.394293000000000005e+00 1.274328316276494336e-14 1.091350999999999949e-17
1.394527999999999990e+00 1.296531944080968124e-14 1.104661000000000073e-17
1.394762999999999975e+00 1.268477496070217566e-14 1.087191999999999939e-17
1.394997999999999960e+00 1.247916611962843814e-14 1.075844000000000020e-17
1.395232999999999945e+00 1.207998709373929991e-14 1.079470999999999978e-17
1.395467999999999931e+00 1.145044223723605260e-14 1.014328999999999928e-17
1.395702999999999916e+00 1.158890618861881253e-14 9.301893999999999632e-18
1.395937999999999901e+00 1.291138219020591871e-14 1.042284000000000023e-17
1.396173000000000108e+00 1.356378826696043746e-14 1.101970000000000000e-17
1.396408000000000094e+00 1.280020224953329687e-14 1.067294999999999990e-17
1.396643000000000079e+00 1.244176958930535462e-14 1.002287999999999978e-17
1.396878000000000064e+00 1.231899339007115645e-14 1.000074999999999973e-17
1.397113000000000049e+00 1.190321715637055500e-14 9.882792000000000345e-18
1.397348000000000035e+00 1.175522442704240598e-14 1.002032999999999974e-17
1.397583000000000020e+00 1.195175661872063307e-14 1.061449000000000029e-17
1.397818000000000005e+00 1.185369723267408052e-14 1.048726000000000069e-17
1.398052999999999990e+00 1.165035295584032770e-14 9.998804000000000649e-18
1.398287999999999975e+00 1.134603096979971622e-14 9.896887000000000269e-18
1.398522999999999961e+00 1.119510158653479016e-14 9.824216000000000357e-18
1.398757999999999946e+00 1.110435363372418237e-14 9.698758999999999562e-18
1.398992999999999931e+00 1.171344862705536575e-14 1.010661999999999931e-17
1.399227999999999916e+00 1.225338249106800395e-14 1.055006999999999982e-17
1.399462999999999901e+00 1.180362242864283922e-14 1.019199999999999939e-17
1.399698000000000109e+00 1.151980308916577347e-14 9.932913999999999838e-18
1.399933000000000094e+00 1.136325725415360242e-14 9.865861999999999311e-18
1.400168000000000079e+00 1.186258245730589794e-14 1.014971000000000051e-17
1.400403000000000064e+00 1.215286351514929053e-14 1.036126999999999972e-17
1.400638000000000050e+00 1.128914074996382455e-14 9.966651999999999836e-18
1.400873000000000035e+00 1.099291924424323912e-14 9.731909999999999548e-18
1.401108000000000020e+00 1.087546943468650440e-14 9.670884999999999520e-18
1.401343000000000005e+00 1.120664806285321004e-14 9.845886999999999539e-18
1.401577999999999991e+00 1.136279925909941519e-14 9.863701999999999933e-18
1.401812999999999976e+00 1.207213829554317972e-14 1.033414999999999982e-17
1.402047999999999961e+00 1.210533843499807112e-14 1.132015000000000058e-17
1.402282999999999946e+00 1.155527372387529402e-14 1.152611000000000037e-17
1.402517999999999931e+00 1.110065498313779693e-14 1.070071000000000012e-17
1.402752999999999917e+00 1.146799488117720639e-14 1.016443000000000039e-17
1.402987999999999902e+00 1.161238938390020667e-14 1.066897000000000001e-17
1.403223000000000109e+00 1.195250688841346386e-14 1.197230000000000061e-17
1.403458000000000094e+00 1.240367646916847619e-14 1.290214000000000059e-17
1.403693000000000080e+00 1.214488148725182236e-14 1.266902000000000040e-17
1.403928000000000065e+00 1.127709119406799021e-14 1.196629999999999926e-17
1.404163000000000050e+00 1.095981869667840897e-14 1.191656999999999945e-17
1.404398000000000035e+00 1.083880246660926647e-14 1.162812999999999977e-17
1.404633000000000020e+00 1.169744034961342517e-14 1.236654000000000014e-17
1.404868000000000006e+00 1.138967730641098167e-14 1.209028999999999978e-17
1.405102999999999991e+00 1.108032442168957297e-14 1.282502000000000019e-17
1.405337999999999976e+00 1.129777194551264068e-14 1.317816000000000076e-17
1.405572999999999961e+00 1.171957126445110448e-14 1.305716999999999937e-17
1.405807999999999947e+00 1.224910886230872073e-14 1.247991000000000064e-17
1.406042999999999932e+00 1.281046394855994663e-14 1.208005000000000068e-17
1.406277999999999917e+00 1.300540182661920164e-14 1.160158000000000048e-17
1.406512999999999902e+00 1.253668053638701146e-14 1.138989000000000003e-17
1.406748000000000109e+00 1.168839243025661581e-14 1.161860000000000072e-17
1.406983000000000095e+00 1.120419863608710354e-14 1.165517999999999995e-17
1.407218000000000080e+00 1.127937528822054826e-14 1.061035999999999968e-17
1.407453000000000065e+00 1.162024490278312057e-14 1.031302999999999973e-17
1.407688000000000050e+00 1.188167361192242148e-14 1.022927000000000073e-17
1.407923000000000036e+00 1.201938505351994859e-14 1.052176000000000001e-17
1.408158000000000021e+00 1.178991584538039312e-14 1.068259000000000072e-17
1.408393000000000006e+00 1.121317334971504305e-14 1.042908999999999972e-17
1.408627999999999991e+00 1.092002769032872829e-14 1.006084000000000015e-17
1.408862999999999976e+00 1.075525615475614521e-14 9.741080000000000247e-18
1.409097999999999962e+00 1.095804446980248822e-14 9.420459000000000049e-18
1.409332999999999947e+00 1.127374944354519369e-14 1.001765999999999974e-17
1.409567999999999932e+00 1.126656940252143896e-14 1.029764000000000031e-17
1.409802999999999917e+00 1.169188644574288826e-14 1.058770999999999926e-17
1.410037999999999903e+00 1.195154928268426888e-14 1.059398999999999951e-17
1.410273000000000110e+00 1.144542335318570739e-14 9.621902000000000187e-18
1.410508000000000095e+00 1.085236827558219472e-14 8.964553000000000651e-18
1.410743000000000080e+00 1.116553887584656509e-14 9.010461999999999995e-18
1.410978000000000065e+00 1.167567861657609349e-14 9.631118000000000000e-18
1.411213000000000051e+00 1.129849128543534322e-14 1.064789000000000043e-17
1.411448000000000036e+00 1.000806339590326836e-14 1.027208999999999970e-17
1.411683000000000021e+00 9.946303163669598848e-15 2.050039000000000097e-17
1.411918000000000006e+00 1.096546219344866095e-14 9.167806999999999523e-18
1.412152999999999992e+00 1.080295979872264246e-14 9.625288999999999906e-18
1.412387999999999977e+00 9.976144340492006668e-15 9.756879000000000297e-18
1.412622999999999962e+00 1.072111884386020838e-14 1.130480000000000012e-17
1.412857999999999947e+00 1.167870775127615884e-14 1.219542000000000009e-17
1.413092999999999932e+00 1.200117746584470709e-14 1.278224000000000017e-17
1.413327999999999918e+00 1.168312094423410859e-14 1.262554999999999981e-17
1.413562999999999903e+00 1.139805521730032288e-14 1.209700999999999939e-17
1.413798000000000110e+00 1.179475207760763320e-14 1.256329000000000027e-17
1.414033000000000095e+00 1.155614898981084144e-14 1.293871999999999982e-17
1.414268000000000081e+00 1.041002425759447627e-14 1.195118000000000053e-17
1.414503000000000066e+00 9.964075358653849132e-15 1.174744999999999984e-17
1.414738000000000051e+00 9.453863346987668705e-15 1.118927000000000024e-17
1.414973000000000036e+00 1.001299898246399223e-14 1.192016000000000021e-17
1.415208000000000022e+00 1.088650264085909952e-14 1.457940999999999937e-17
1.415443000000000007e+00 1.144117248753133715e-14 1.735127999999999847e-17
1.415677999999999992e+00 1.145147577306474082e-14 1.790600000000000009e-17
1.415912999999999977e+00 1.104967977984803715e-14 1.871408999999999993e-17
1.416147999999999962e+00 1.069163884778799431e-14 2.626737999999999989e-17
1.416382999999999948e+00 1.100177292935735758e-14 2.995831999999999822e-17
1.416617999999999933e+00 1.068584025944631358e-14 3.080069000000000154e-17
1.416852999999999918e+00 9.951736825417585146e-15 2.991914000000000179e-17
1.417087999999999903e+00 9.976531754777521605e-15 3.050606000000000236e-17
1.417323000000000111e+00 1.044341908132164235e-14 3.619401999999999964e-17
1.417558000000000096e+00 1.012135458547155447e-14 3.699426000000000147e-17
1.417793000000000081e+00 9.885640934221428275e-15 3.852330999999999720e-17
1.418028000000000066e+00 9.842462218706795657e-15 4.270611999999999752e-17
1.418263000000000051e+00 1.001433026956237420e-14 4.428371999999999751e-17
1.418498000000000037e+00 1.061926450097167596e-14 5.043869000000000136e-17
1.418733000000000022e+00 1.083998722161522757e-14 5.477620999999999798e-17
1.418968000000000007e+00 9.952758180218956199e-15 6.417790999999999626e-17
1.419202999999999992e+00 nan nan
1.419437999999999978e+00 nan nan
1.419672999999999963e+00 nan nan
1.419907999999999948e+00 nan nan
1.420142999999999933e+00 nan nan
1.420377999999999918e+00 nan nan
1.420612999999999904e+00 nan nan
1.420848000000000111e+00 nan nan
1.421083000000000096e+00 nan nan
1.421318000000000081e+00 nan nan
1.421553000000000067e+00 nan nan
1.421788000000000052e+00 nan nan
1.422023000000000037e+00 nan nan
1.422258000000000022e+00 nan nan
1.422493000000000007e+00 nan nan
1.422727999999999993e+00 nan nan
1.422962999999999978e+00 nan nan
1.423197999999999963e+00 nan nan
1.423432999999999948e+00 nan nan
1.423667999999999934e+00 nan nan
1.423902999999999919e+00 nan nan
1.424137999999999904e+00 nan nan
1.424372999999999889e+00 nan nan
1.424608000000000096e+00 nan nan
1.424843000000000082e+00 nan nan
1.425078000000000067e+00 nan nan
1.425313000000000052e+00 nan nan
1.425548000000000037e+00 nan nan
1.425783000000000023e+00 nan nan
1.426018000000000008e+00 nan nan
1.426252999999999993e+00 nan nan
1.426487999999999978e+00 nan nan
1.426722999999999963e+00 nan nan
1.426957999999999949e+00 nan nan
1.427192999999999934e+00 nan nan
1.427427999999999919e+00 nan nan
1.427662999999999904e+00 nan nan
1.427897999999999890e+00 nan nan
1.428133000000000097e+00 nan nan
1.428368000000000082e+00 nan nan
1.428603000000000067e+00 nan nan
1.428838000000000052e+00 nan nan
1.429073000000000038e+00 nan nan
1.429308000000000023e+00 nan nan
1.429543000000000008e+00 nan nan
1.429777999999999993e+00 nan nan
1.430012999999999979e+00 nan nan
1.430247999999999964e+00 nan nan
1.430482999999999949e+00 nan nan
1.430717999999999934e+00 nan nan
1.430952999999999919e+00 nan nan
1.431187999999999905e+00 nan nan
1.431422999999999890e+00 nan nan
1.431658000000000097e+00 nan nan
1.431893000000000082e+00 nan nan
1.432128000000000068e+00 nan nan
1.432363000000000053e+00 nan nan
1.432598000000000038e+00 nan nan
1.432833000000000023e+00 nan nan
1.433068000000000008e+00 nan nan
1.433302999999999994e+00 nan nan
1.433537999999999979e+00 nan nan
1.433772999999999964e+00 nan nan
1.434007999999999949e+00 nan nan
1.434242999999999935e+00 nan nan
1.434477999999999920e+00 nan nan
1.434712999999999905e+00 nan nan
1.434947999999999890e+00 nan nan
1.435183000000000098e+00 nan nan
1.435418000000000083e+00 nan nan
1.435653000000000068e+00 nan nan
1.435888000000000053e+00 nan nan
1.436123000000000038e+00 nan nan
1.436358000000000024e+00 nan nan
1.436593000000000009e+00 nan nan
1.436827999999999994e+00 nan nan
1.437062999999999979e+00 nan nan
1.437297999999999965e+00 nan nan
1.437532999999999950e+00 nan nan
1.437767999999999935e+00 nan nan
1.438002999999999920e+00 nan nan
1.438237999999999905e+00 nan nan
1.438472999999999891e+00 nan nan
1.438708000000000098e+00 nan nan
1.438943000000000083e+00 nan nan
1.439178000000000068e+00 nan nan
1.439413000000000054e+00 nan nan
1.439648000000000039e+00 nan nan
1.439883000000000024e+00 nan nan
1.440118000000000009e+00 nan nan
1.440352999999999994e+00 nan nan
1.440587999999999980e+00 nan nan
1.440822999999999965e+00 nan nan
1.441057999999999950e+00 nan nan
1.441292999999999935e+00 nan nan
1.441527999999999921e+00 nan nan
1.441762999999999906e+00 nan nan
1.441997999999999891e+00 nan nan
1.442233000000000098e+00 nan nan
1.442468000000000083e+00 nan nan
1.442703000000000069e+00 nan nan
1.442938000000000054e+00 nan nan
1.443173000000000039e+00 nan nan
1.443408000000000024e+00 nan nan
1.443643000000000010e+00 nan nan
1.443877999999999995e+00 nan nan
1.444112999999999980e+00 nan nan
1.444347999999999965e+00 nan nan
1.444582999999999950e+00 nan nan
1.444817999999999936e+00 nan nan
1.445052999999999921e+00 nan nan
1.445287999999999906e+00 nan nan
1.445522999999999891e+00 nan nan
1.445758000000000099e+00 nan nan
1.445993000000000084e+00 nan nan
1.446228000000000069e+00 nan nan
1.446463000000000054e+00 nan nan
1.446698000000000039e+00 nan nan
1.446933000000000025e+00 nan nan
1.447168000000000010e+00 nan nan
1.447402999999999995e+00 nan nan
1.447637999999999980e+00 nan nan
1.447872999999999966e+00 nan nan
1.448107999999999951e+00 nan nan
1.448342999999999936e+00 nan nan
1.448577999999999921e+00 nan nan
1.448812999999999906e+00 nan nan
1.449047999999999892e+00 nan nan
1.449283000000000099e+00 nan nan
1.449518000000000084e+00 nan nan
1.449753000000000069e+00 nan nan
1.449988000000000055e+00 nan nan
1.450223000000000040e+00 nan nan
1.450458000000000025e+00 nan nan
1.450693000000000010e+00 nan nan
1.450927999999999995e+00 nan nan
1.451162999999999981e+00 nan nan
1.451397999999999966e+00 nan nan
1.451632999999999951e+00 nan nan
1.451867999999999936e+00 nan nan
1.452102999999999922e+00 nan nan
1.452337999999999907e+00 nan nan
1.452572999999999892e+00 nan nan
1.452808000000000099e+00 nan nan
1.453043000000000085e+00 nan nan
1.453278000000000070e+00 nan nan
1.453513000000000055e+00 nan nan
1.453748000000000040e+00 nan nan
1.453983000000000025e+00 nan nan
1.454218000000000011e+00 nan nan
1.454452999999999996e+00 nan nan
1.454687999999999981e+00 nan nan
1.454922999999999966e+00 nan nan
1.455157999999999952e+00 nan nan
1.455392999999999937e+00 nan nan
1.455627999999999922e+00 nan nan
1.455862999999999907e+00 nan nan
1.456097999999999892e+00 nan nan
1.456333000000000100e+00 nan nan
1.456568000000000085e+00 nan nan
1.456803000000000070e+00 nan nan
1.457038000000000055e+00 nan nan
1.457273000000000041e+00 nan nan
1.457508000000000026e+00 nan nan
1.457743000000000011e+00 nan nan
1.457977999999999996e+00 nan nan
1.458212999999999981e+00 nan nan
1.458447999999999967e+00 nan nan
1.458682999999999952e+00 nan nan
1.458917999999999937e+00 nan nan
1.459152999999999922e+00 nan nan
1.459387999999999908e+00 nan nan
1.459622999999999893e+00 nan nan
1.459858000000000100e+00 nan nan
1.460093000000000085e+00 nan nan
1.460328000000000070e+00 nan nan
1.460563000000000056e+00 nan nan
1.460798000000000041e+00 nan nan
1.461033000000000026e+00 nan nan
1.461268000000000011e+00 nan nan
1.461502999999999997e+00 nan nan
1.461737999999999982e+00 nan nan
1.461972999999999967e+00 nan nan
1.462207999999999952e+00 nan nan
1.462442999999999937e+00 nan nan
1.462677999999999923e+00 nan nan
1.462912999999999908e+00 nan nan
1.463147999999999893e+00 nan nan
1.463383000000000100e+00 nan nan
1.463618000000000086e+00 nan nan
1.463853000000000071e+00 nan nan
1.464088000000000056e+00 nan nan
1.464323000000000041e+00 nan nan
1.464558000000000026e+00 nan nan
1.464793000000000012e+00 nan nan
1.465027999999999997e+00 nan nan
1.465262999999999982e+00 nan nan
1.465497999999999967e+00 nan nan
1.465732999999999953e+00 nan nan
1.465967999999999938e+00 nan nan
1.466202999999999923e+00 nan nan
1.466437999999999908e+00 nan nan
1.466672999999999893e+00 nan nan
1.466908000000000101e+00 nan nan
1.467143000000000086e+00 nan nan
1.467378000000000071e+00 nan nan
1.467613000000000056e+00 nan nan
1.467848000000000042e+00 nan nan
1.468083000000000027e+00 nan nan
1.468318000000000012e+00 nan nan
1.468552999999999997e+00 nan nan
1.468787999999999982e+00 nan nan
1.469022999999999968e+00 nan nan
1.469257999999999953e+00 nan nan
1.469492999999999938e+00 nan nan
1.469727999999999923e+00 nan nan
1.469962999999999909e+00 nan nan
1.470197999999999894e+00 nan nan
1.470433000000000101e+00 nan nan
1.470668000000000086e+00 nan nan
1.470903000000000072e+00 nan nan
1.471138000000000057e+00 nan nan
1.471373000000000042e+00 nan nan
1.471608000000000027e+00 nan nan
1.471843000000000012e+00 nan nan
1.472077999999999998e+00 nan nan
1.472312999999999983e+00 nan nan
1.472547999999999968e+00 nan nan
1.472782999999999953e+00 nan nan
1.473017999999999939e+00 nan nan
1.473252999999999924e+00 nan nan
1.473487999999999909e+00 nan nan
1.473722999999999894e+00 nan nan
1.473958000000000101e+00 nan nan
1.474193000000000087e+00 nan nan
1.474428000000000072e+00 nan nan
1.474663000000000057e+00 nan nan
1.474898000000000042e+00 nan nan
1.475133000000000028e+00 nan nan
1.475368000000000013e+00 nan nan
1.475602999999999998e+00 nan nan
1.475837999999999983e+00 nan nan
1.476072999999999968e+00 nan nan
1.476307999999999954e+00 nan nan
1.476542999999999939e+00 nan nan
1.476777999999999924e+00 nan nan
1.477012999999999909e+00 nan nan
1.477247999999999895e+00 nan nan
1.477483000000000102e+00 nan nan
1.477718000000000087e+00 nan nan
1.477953000000000072e+00 nan nan
1.478188000000000057e+00 nan nan
1.478423000000000043e+00 nan nan
1.478658000000000028e+00 nan nan
1.478893000000000013e+00 nan nan
1.479127999999999998e+00 nan nan
1.479362999999999984e+00 nan nan
1.479597999999999969e+00 1.060075831959430246e-14 6.978753999999999528e-17
1.479832999999999954e+00 1.001886615197106062e-14 6.441974000000000447e-17
1.480067999999999939e+00 9.943925434782794131e-15 5.557792999999999836e-17
1.480302999999999924e+00 1.034817813421481400e-14 3.538685999999999876e-17
1.480537999999999910e+00 1.075159973444975045e-14 3.249663999999999906e-17
1.480772999999999895e+00 1.072196605172537457e-14 2.478466999999999956e-17
1.481008000000000102e+00 1.083579018545844895e-14 1.796104000000000069e-17
1.481243000000000087e+00 1.116033467175943868e-14 1.706939999999999948e-17
1.481478000000000073e+00 1.105023923365476143e-14 1.442543000000000106e-17
1.481713000000000058e+00 1.022240693119141204e-14 1.100361000000000026e-17
1.481948000000000043e+00 9.988363433990531611e-15 9.939900000000000550e-18
1.482183000000000028e+00 1.003735235789841387e-14 8.840730999999999770e-18
1.482418000000000013e+00 1.078227327995143001e-14 8.815901000000000496e-18
1.482652999999999999e+00 1.126845555380709253e-14 8.812129000000000760e-18
1.482887999999999984e+00 1.113149168880534140e-14 8.664535999999999761e-18
1.483122999999999969e+00 1.078804573206085871e-14 8.566298999999999349e-18
1.483357999999999954e+00 1.110258641614955678e-14 9.066696999999999604e-18
1.483592999999999940e+00 1.174227094300059696e-14 9.311831999999999802e-18
1.483827999999999925e+00 1.219134120852584891e-14 9.097318000000000575e-18
1.484062999999999910e+00 1.190681458319710876e-14 8.998226000000000025e-18
1.484297999999999895e+00 1.081733015915084268e-14 8.646445999999999574e-18
1.484533000000000103e+00 1.060469573669566885e-14 8.544047000000000309e-18
1.484768000000000088e+00 1.078224427468435612e-14 8.864732999999999590e-18
1.485003000000000073e+00 1.065746187138048123e-14 8.521156000000000451e-18
1.485238000000000058e+00 1.096043914201759186e-14 8.666637999999999721e-18
1.485473000000000043e+00 1.128976614495593299e-14 9.252817999999999478e-18
1.485708000000000029e+00 1.120421748147218338e-14 9.467352999999999239e-18
1.485943000000000014e+00 1.083295975099472211e-14 9.495758999999999949e-18
1.486177999999999999e+00 1.084653087374939337e-14 9.901283000000000442e-18
1.486412999999999984e+00 1.122733124702705533e-14 1.023499000000000011e-17
1.486647999999999969e+00 1.171741771264445484e-14 1.055888000000000063e-17
1.486882999999999955e+00 1.206396598987111769e-14 1.113017000000000030e-17
1.487117999999999940e+00 1.188115731999673773e-14 1.471706000000000110e-17
1.487352999999999925e+00 1.078898856947018176e-14 1.361986000000000050e-17
1.487587999999999910e+00 1.102804957632707534e-14 1.361786999999999978e-17
1.487822999999999896e+00 1.119988132659973323e-14 1.346645999999999945e-17
1.488058000000000103e+00 1.141816513709884648e-14 1.237953000000000026e-17
1.488293000000000088e+00 1.119620561108750684e-14 1.217959999999999950e-17
1.488528000000000073e+00 1.048794746606645398e-14 1.189126000000000031e-17
1.488763000000000059e+00 1.029183877837614544e-14 1.134367999999999972e-17
1.488998000000000044e+00 1.085441382397344633e-14 1.184940999999999926e-17
1.489233000000000029e+00 1.147336325721791728e-14 1.252367999999999960e-17
1.489468000000000014e+00 1.134420141768390099e-14 1.211572000000000042e-17
1.489702999999999999e+00 1.094671837073761257e-14 1.033443000000000025e-17
1.489937999999999985e+00 1.087178326010470031e-14 9.883594000000000166e-18
1.490172999999999970e+00 1.103513114913283094e-14 9.895603000000000022e-18
1.490407999999999955e+00 1.111055461377018302e-14 9.715355999999999844e-18
1.490642999999999940e+00 1.102253422470174164e-14 9.792941999999999240e-18
1.490877999999999926e+00 1.084246621207838219e-14 9.509411000000000436e-18
1.491112999999999911e+00 1.187951081333596999e-14 1.010200000000000063e-17
1.491347999999999896e+00 1.204771657139478407e-14 1.014878000000000001e-17
1.491583000000000103e+00 1.120153882484600054e-14 9.662921000000000169e-18
1.491818000000000088e+00 1.102560819646538095e-14 9.490459000000000447e-18
1.492053000000000074e+00 1.122835353426182545e-14 9.675349999999999905e-18
1.492288000000000059e+00 1.115430212141766059e-14 9.687563999999999830e-18
1.492523000000000044e+00 1.068877955141370677e-14 9.329489999999999805e-18
1.492758000000000029e+00 1.033649507325254444e-14 9.139881999999999727e-18
1.492993000000000015e+00 1.080342292998575100e-14 9.184362999999999791e-18
1.493228000000000000e+00 1.143274303840486953e-14 9.724925999999999401e-18
1.493462999999999985e+00 1.139101308889751001e-14 9.695470999999999275e-18
1.493697999999999970e+00 1.120390584559704170e-14 9.753262999999999900e-18
1.493932999999999955e+00 1.074143223584831289e-14 9.981238000000000414e-18
1.494167999999999941e+00 1.028426930112783079e-14 9.249052999999999406e-18
1.494402999999999926e+00 1.067865257102228604e-14 9.410997999999999664e-18
1.494637999999999911e+00 1.115755672715368060e-14 9.986585000000000082e-18
1.494872999999999896e+00 1.123791731973284504e-14 1.009139000000000035e-17
1.495108000000000104e+00 1.101966897260496192e-14 9.823499000000000641e-18
1.495343000000000089e+00 1.101890056241025163e-14 9.505319999999999277e-18
1.495578000000000074e+00 1.143807699449508132e-14 9.784567000000000238e-18
1.495813000000000059e+00 1.111009675409905006e-14 9.554296999999999999e-18
1.496048000000000044e+00 1.113783881839611776e-14 9.720310999999999830e-18
1.496283000000000030e+00 1.097939786932146018e-14 9.427055000000000102e-18
1.496518000000000015e+00 1.078329315397451274e-14 9.354892999999999762e-18
1.496753000000000000e+00 1.128230730248834005e-14 9.333671999999999680e-18
1.496987999999999985e+00 1.174603355518733931e-14 9.483318999999999420e-18
1.497222999999999971e+00 1.170650218858684563e-14 9.421800000000000202e-18
1.497457999999999956e+00 1.119585761554907647e-14 9.008605000000000607e-18
1.497692999999999941e+00 1.124955528427670427e-14 9.108160999999999586e-18
1.497927999999999926e+00 1.169295503870250988e-14 9.398481999999999260e-18
1.498162999999999911e+00 1.138807934373436298e-14 9.130720999999999257e-18
1.498397999999999897e+00 1.128553747457856490e-14 9.078215999999999859e-18
1.498633000000000104e+00 1.169959972894026900e-14 9.092377999999999429e-18
1.498868000000000089e+00 1.202934521012016698e-14 9.196168000000000631e-18
1.499103000000000074e+00 1.183841320802053976e-14 8.963316000000000570e-18
1.499338000000000060e+00 1.128625015307247745e-14 8.647591999999999399e-18
1.499573000000000045e+00 1.091602340431536775e-14 8.437231000000000338e-18
1.499808000000000030e+00 1.110068137910247045e-14 9.274725000000000544e-18
1.500043000000000015e+00 1.138293245629934158e-14 9.024243000000000677e-18
1.500278000000000000e+00 1.151619617604407038e-14 8.926482000000000539e-18
1.500512999999999986e+00 1.115521772153554405e-14 8.682329000000000110e-18
1.500747999999999971e+00 1.073892008946976454e-14 8.410335000000000477e-18
1.500982999999999956e+00 1.082918752131273792e-14 8.451535999999999431e-18
1.501217999999999941e+00 1.128125860161337919e-14 8.894393999999999297e-18
1.501452999999999927e+00 1.137608605577748844e-14 9.117644000000000016e-18
1.501687999999999912e+00 1.095172941290575286e-14 8.869339999999999985e-18
1.501922999999999897e+00 1.060922925194119575e-14 8.859028000000000590e-18
1.502158000000000104e+00 1.045919850791424655e-14 9.646172999999999648e-18
1.502393000000000089e+00 1.063400749311629154e-14 1.148826999999999996e-17
1.502628000000000075e+00 1.127505358831435197e-14 1.565735999999999909e-17
1.502863000000000060e+00 1.173651050606755145e-14 1.754400999999999976e-17
1.503098000000000045e+00 1.195878819997206086e-14 1.922888999999999968e-17
1.503333000000000030e+00 1.204200436447722626e-14 2.167037000000000066e-17
1.503568000000000016e+00 1.137922109900893920e-14 2.259366000000000123e-17
1.503803000000000001e+00 1.084868824297607588e-14 2.260624999999999941e-17
1.504037999999999986e+00 1.123087694453448582e-14 2.354122999999999996e-17
1.504272999999999971e+00 1.173879874424140137e-14 2.458104000000000090e-17
1.504507999999999956e+00 1.181183548364616390e-14 2.444189999999999934e-17
1.504742999999999942e+00 1.171658704977258430e-14 2.226999000000000117e-17
1.504977999999999927e+00 1.168750306191252714e-14 2.070213999999999914e-17
1.505212999999999912e+00 1.141659993174258130e-14 1.928244000000000045e-17
1.505447999999999897e+00 1.123068055488371835e-14 1.837724000000000006e-17
1.505683000000000105e+00 1.131147120534641304e-14 1.611521000000000009e-17
1.505918000000000090e+00 1.132721835811838194e-14 1.103280000000000034e-17
1.506153000000000075e+00 1.112466200034530102e-14 8.823687000000000464e-18
1.506388000000000060e+00 1.130720479419901621e-14 8.574534000000000446e-18
1.506623000000000046e+00 1.174297940638123379e-14 8.754094999999999640e-18
1.506858000000000031e+00 1.180586065549771640e-14 8.832111999999999708e-18
1.507093000000000016e+00 1.182553744268731673e-14 8.752563999999999798e-18
1.507328000000000001e+00 1.181000702399644915e-14 8.772683000000000145e-18
1.507562999999999986e+00 1.133292061272924914e-14 8.591237999999999336e-18
1.507797999999999972e+00 1.108506098549337267e-14 8.461081999999999919e-18
1.508032999999999957e+00 1.119839470594899026e-14 8.569320000000000560e-18
1.508267999999999942e+00 1.153868952590983335e-14 8.644375999999999400e-18
1.508502999999999927e+00 1.138663200967657633e-14 8.838508000000000333e-18
1.508737999999999913e+00 1.114230179408572767e-14 8.557597999999999260e-18
1.508972999999999898e+00 1.168283541985585734e-14 8.840218000000000611e-18
1.509208000000000105e+00 1.249999134469090336e-14 9.109185999999999933e-18
1.509443000000000090e+00 1.253842243446982737e-14 9.189131999999999677e-18
1.509678000000000075e+00 1.180813881645477196e-14 9.391436999999999619e-18
1.509913000000000061e+00 1.154507623093616345e-14 9.413629999999999729e-18
1.510148000000000046e+00 1.129699531419530391e-14 9.372578999999999962e-18
1.510383000000000031e+00 1.124358049470098650e-14 9.229787999999999686e-18
1.510618000000000016e+00 1.165238527075476404e-14 9.728150000000000117e-18
1.510853000000000002e+00 1.140790102378857674e-14 9.475295999999999598e-18
1.511087999999999987e+00 1.131187137747716947e-14 9.565131999999999834e-18
1.511322999999999972e+00 1.139723117281392108e-14 9.138770000000000253e-18
1.511557999999999957e+00 1.172259843508068578e-14 9.311458000000000578e-18
1.511792999999999942e+00 1.143401839865764811e-14 9.438253999999999421e-18
1.512027999999999928e+00 1.166667675842072046e-14 9.570777999999999904e-18
1.512262999999999913e+00 1.232577741858035739e-14 9.997381999999999979e-18
1.512497999999999898e+00 1.218547431742084490e-14 4.309753999999999940e-17
1.512733000000000105e+00 1.122169122945298817e-14 9.914441999999999711e-18
1.512968000000000091e+00 1.146518165148480066e-14 9.603656000000000662e-18
1.513203000000000076e+00 1.103689049736098818e-14 9.560523000000000415e-18
1.513438000000000061e+00 1.045101811445326527e-14 9.092847000000000039e-18
1.513673000000000046e+00 1.039715672896057568e-14 9.242049999999999290e-18
1.513908000000000031e+00 1.052321981478488934e-14 9.155825000000000352e-18
1.514143000000000017e+00 1.146554176742258022e-14 9.651973999999999545e-18
1.514378000000000002e+00 1.212865578992034252e-14 9.717239999999999918e-18
1.514612999999999987e+00 1.257701996258651576e-14 9.767028000000000689e-18
1.514847999999999972e+00 1.207968195015783168e-14 9.837434000000000097e-18
1.515082999999999958e+00 1.160804685388519708e-14 9.838217999999999460e-18
1.515317999999999943e+00 1.162730266061113817e-14 9.926907999999999872e-18
1.515552999999999928e+00 1.213436067563306808e-14 1.009562999999999964e-17
1.515787999999999913e+00 1.228812039488278682e-14 1.001646000000000009e-17
1.516022999999999898e+00 1.207686422684419390e-14 1.017680999999999939e-17
1.516258000000000106e+00 1.119503700127462678e-14 9.996789999999999328e-18
1.516493000000000091e+00 1.082616079803883799e-14 9.510676000000000714e-18
1.516728000000000076e+00 1.114289555542181861e-14 9.540578999999999376e-18
1.516963000000000061e+00 1.134468625251500930e-14 9.642211000000000223e-18
1.517198000000000047e+00 1.081972790730336575e-14 9.270484000000000198e-18
1.517433000000000032e+00 1.013467417766203667e-14 9.217918999999999276e-18
1.517668000000000017e+00 1.006814793347686549e-14 9.287876000000000636e-18
1.517903000000000002e+00 1.061192587649677641e-14 1.000644999999999963e-17
1.518137999999999987e+00 1.173021103639716571e-14 1.067400000000000036e-17
1.518372999999999973e+00 1.249658011713000649e-14 1.106627999999999994e-17
1.518607999999999958e+00 1.192970525745946123e-14 1.058666000000000033e-17
1.518842999999999943e+00 1.142240624097657119e-14 1.021298999999999976e-17
1.519077999999999928e+00 1.144028966099204902e-14 1.021418999999999942e-17
1.519312999999999914e+00 1.158458880847325456e-14 1.024436999999999998e-17
1.519547999999999899e+00 1.164698322930044761e-14 1.022105999999999975e-17
1.519783000000000106e+00 1.165384357290850038e-14 1.012530999999999932e-17
1.520018000000000091e+00 1.146357727296726607e-14 9.966355999999999510e-18
1.520253000000000076e+00 1.128230886530669681e-14 9.949734000000000647e-18
1.520488000000000062e+00 1.150979782466545571e-14 9.944339999999999272e-18
1.520723000000000047e+00 1.192694644121995616e-14 1.013193999999999972e-17
1.520958000000000032e+00 1.217438192626589858e-14 9.795117000000000540e-18
1.521193000000000017e+00 1.245452401963671964e-14 1.035134000000000026e-17
1.521428000000000003e+00 1.257543209289562491e-14 1.001486000000000003e-17
1.521662999999999988e+00 1.219068162095242019e-14 9.581855999999999746e-18
1.521897999999999973e+00 1.185013005014690950e-14 9.297711999999999757e-18
1.522132999999999958e+00 1.194384434871132752e-14 9.059636999999999582e-18
1.522367999999999943e+00 1.207628187505758244e-14 9.093175000000000150e-18
1.522602999999999929e+00 1.160695659468566436e-14 8.892206999999999233e-18
1.522837999999999914e+00 1.139812320178039372e-14 1.095726000000000050e-17
1.523072999999999899e+00 1.191041737690805224e-14 1.129185000000000051e-17
1.523308000000000106e+00 1.245446114362954886e-14 9.330082999999999968e-18
1.523543000000000092e+00 1.239238836867881782e-14 9.352349999999999389e-18
1.523778000000000077e+00 1.236552861642436236e-14 9.223575000000000627e-18
1.524013000000000062e+00 1.199871238710696390e-14 9.009976999999999493e-18
1.524248000000000047e+00 1.152591776052084438e-14 9.026058000000000540e-18
1.524483000000000033e+00 1.141992255476860888e-14 9.154926000000000123e-18
1.524718000000000018e+00 1.130314499370208635e-14 8.743843000000000228e-18
1.524953000000000003e+00 1.123618779825608853e-14 8.599769000000000759e-18
1.525187999999999988e+00 1.151556596104551307e-14 8.876312999999999339e-18
1.525422999999999973e+00 1.168117975469211732e-14 9.122289000000000348e-18
1.525657999999999959e+00 1.193349790222138097e-14 9.609662000000000628e-18
1.525892999999999944e+00 1.161116865893014047e-14 9.618903000000000562e-18
1.526127999999999929e+00 1.086774205506251938e-14 9.310597000000000286e-18
1.526362999999999914e+00 1.108795553972654811e-14 9.358307999999999677e-18
1.526597999999999900e+00 1.174086932561926955e-14 9.790942999999999841e-18
1.526833000000000107e+00 1.157904360026863696e-14 9.739944999999999675e-18
1.527068000000000092e+00 1.147562986240590890e-14 9.582531999999999448e-18
1.527303000000000077e+00 1.179179412865873758e-14 9.730530999999999457e-18
1.527538000000000062e+00 1.167244493393216623e-14 9.686859000000000419e-18
1.527773000000000048e+00 1.155841605699663111e-14 9.290313999999999883e-18
1.528008000000000033e+00 1.163360995017107251e-14 9.299539999999999437e-18
1.528243000000000018e+00 1.170523326969679312e-14 9.761352999999999369e-18
1.528478000000000003e+00 1.191910906211801649e-14 1.012880999999999934e-17
1.528712999999999989e+00 1.200410941141829878e-14 1.033170000000000027e-17
1.528947999999999974e+00 1.239955964416648556e-14 1.056075999999999957e-17
1.529182999999999959e+00 1.217292119611783837e-14 1.039716999999999966e-17
1.529417999999999944e+00 1.160940758250932067e-14 9.712676999999999614e-18
1.529652999999999929e+00 1.199185349119194710e-14 9.489216999999999726e-18
1.529887999999999915e+00 1.248902517614921593e-14 9.763279000000000510e-18
1.530122999999999900e+00 1.215924637018250650e-14 9.343423999999999750e-18
1.530358000000000107e+00 1.216968618307415924e-14 9.586787000000000663e-18
1.530593000000000092e+00 1.219272465801503801e-14 9.635846999999999384e-18
1.530828000000000078e+00 1.225978419246218382e-14 9.659799000000000502e-18
1.531063000000000063e+00 1.231439411226439778e-14 1.028315000000000063e-17
1.531298000000000048e+00 1.205820783069152529e-14 1.038525999999999923e-17
1.531533000000000033e+00 1.184303448618375862e-14 1.054536000000000041e-17
1.531768000000000018e+00 1.172865378852395949e-14 1.010996000000000040e-17
1.532003000000000004e+00 1.128924611909279585e-14 1.017964999999999960e-17
1.532237999999999989e+00 1.072630225032277227e-14 9.870758000000000367e-18
1.532472999999999974e+00 1.083466439161963796e-14 1.049614999999999942e-17
1.532707999999999959e+00 1.118851642702531722e-14 9.943934000000000262e-18
1.532942999999999945e+00 1.107458535069447371e-14 9.822827000000000526e-18
1.533177999999999930e+00 1.154535974220272168e-14 1.002134999999999945e-17
1.533412999999999915e+00 1.253263304368125465e-14 1.057598000000000033e-17
1.533647999999999900e+00 1.261663804338301284e-14 1.079374000000000031e-17
1.533883000000000107e+00 1.239878976888089639e-14 1.058166000000000075e-17
1.534118000000000093e+00 1.226240944646412318e-14 1.044290000000000011e-17
1.534353000000000078e+00 1.224860379193449401e-14 1.053058000000000055e-17
1.534588000000000063e+00 1.193787598465961339e-14 1.060700000000000064e-17
1.534823000000000048e+00 1.167851150115636620e-14 1.042757000000000067e-17
1.535058000000000034e+00 1.145375914042411640e-14 1.036307000000000074e-17
1.535293000000000019e+00 1.176276396019307009e-14 1.067964000000000028e-17
1.535528000000000004e+00 1.199519459338769683e-14 1.089565999999999923e-17
1.535762999999999989e+00 1.158949301420106056e-14 1.085251999999999932e-17
1.535997999999999974e+00 1.195718776512054047e-14 1.132521999999999989e-17
1.536232999999999960e+00 1.261468620546173979e-14 1.150177000000000070e-17
1.536467999999999945e+00 1.200807398489457936e-14 1.127533999999999935e-17
1.536702999999999930e+00 1.168203189508646535e-14 1.116275999999999991e-17
1.536937999999999915e+00 1.192979495083793597e-14 1.139200000000000070e-17
1.537172999999999901e+00 1.201591738122242230e-14 1.135510000000000054e-17
1.537408000000000108e+00 1.181120304821951900e-14 1.189145000000000000e-17
1.537643000000000093e+00 1.156884577448471152e-14 1.251037999999999983e-17
1.537878000000000078e+00 1.160746989183627736e-14 1.264506000000000011e-17
1.538113000000000063e+00 1.143798573905196855e-14 1.243773000000000045e-17
1.538348000000000049e+00 1.155507126179671039e-14 1.262546000000000061e-17
1.538583000000000034e+00 1.172459880837405972e-14 1.272872999999999991e-17
1.538818000000000019e+00 1.213606012756959864e-14 1.309614999999999945e-17
1.539053000000000004e+00 1.264681327999467312e-14 1.335688000000000068e-17
1.539287999999999990e+00 1.247072106142285484e-14 1.321302999999999971e-17
1.539522999999999975e+00 1.177122651328944113e-14 1.251612999999999998e-17
1.539757999999999960e+00 1.154894074179300208e-14 1.235254000000000006e-17
1.539992999999999945e+00 1.180592603963339312e-14 1.252653999999999929e-17
1.540227999999999930e+00 1.198311463243590538e-14 1.262641000000000059e-17
1.540462999999999916e+00 1.159073088181129913e-14 1.227414000000000054e-17
1.540697999999999901e+00 1.126569580979437787e-14 1.189489999999999978e-17
1.540933000000000108e+00 1.102448559704627147e-14 1.156480000000000028e-17
1.541168000000000093e+00 1.120465794624169122e-14 1.135801000000000047e-17
1.541403000000000079e+00 1.234906132953511569e-14 1.252324000000000024e-17
1.541638000000000064e+00 1.265982544937024888e-14 1.248520000000000040e-17
1.541873000000000049e+00 1.218464054728217600e-14 1.218479000000000032e-17
1.542108000000000034e+00 1.187900827364095363e-14 1.236674999999999931e-17
1.542343000000000020e+00 1.137109253817284696e-14 1.219407999999999944e-17
1.542578000000000005e+00 1.115268696416328043e-14 1.171995000000000057e-17
1.542812999999999990e+00 1.158971288989978845e-14 1.180038999999999950e-17
1.543047999999999975e+00 1.200098472276281843e-14 1.216242000000000034e-17
1.543282999999999960e+00 1.179338391215214748e-14 1.210074999999999934e-17
1.543517999999999946e+00 1.152765921599496836e-14 1.196964000000000035e-17
1.543752999999999931e+00 1.148719146819323650e-14 1.237419000000000025e-17
1.543987999999999916e+00 1.147794362986494370e-14 1.236251999999999976e-17
1.544222999999999901e+00 1.161190851856200208e-14 1.217434000000000050e-17
1.544458000000000109e+00 1.188034886080382803e-14 1.217542000000000019e-17
1.544693000000000094e+00 1.212043726995401403e-14 1.204168999999999990e-17
1.544928000000000079e+00 1.200221675133907344e-14 1.160017000000000011e-17
1.545163000000000064e+00 1.199017780325158438e-14 1.119398999999999940e-17
1.545398000000000049e+00 1.234899064466332383e-14 1.096576999999999985e-17
1.545633000000000035e+00 1.260482147593187992e-14 1.070014999999999926e-17
1.545868000000000020e+00 1.246808047982470679e-14 1.056915000000000049e-17
1.546103000000000005e+00 1.257263296920140889e-14 1.064543999999999934e-17
1.546337999999999990e+00 1.259250477225405815e-14 1.068504000000000027e-17
1.546572999999999976e+00 1.220701613139952603e-14 1.044290999999999985e-17
1.546807999999999961e+00 1.199292056180537517e-14 1.034750999999999957e-17
1.547042999999999946e+00 1.192975153012455005e-14 1.031446999999999932e-17
1.547277999999999931e+00 1.178141925805329776e-14 1.018872999999999956e-17
1.547512999999999916e+00 1.156013200562047302e-14 1.041390999999999946e-17
1.547747999999999902e+00 1.147535473027436634e-14 1.079933999999999973e-17
1.547983000000000109e+00 1.176203924629764292e-14 1.153156000000000060e-17
1.548218000000000094e+00 1.208311762894674076e-14 1.204194999999999931e-17
1.548453000000000079e+00 1.221770539089695411e-14 1.230214000000000070e-17
1.548688000000000065e+00 1.225866357563937614e-14 1.252734999999999983e-17
1.548923000000000050e+00 1.203528092208068141e-14 1.242372000000000063e-17
1.549158000000000035e+00 1.197169937350726945e-14 1.228244000000000072e-17
1.549393000000000020e+00 1.227234850955291722e-14 1.233587999999999972e-17
1.549628000000000005e+00 1.268857255064962591e-14 1.259398999999999965e-17
1.549862999999999991e+00 1.295429843456510195e-14 1.283052000000000066e-17
1.550097999999999976e+00 1.248698974545348679e-14 1.222081999999999997e-17
1.550332999999999961e+00 1.171844043793893945e-14 1.106420000000000003e-17
1.550567999999999946e+00 1.142970832566132853e-14 1.033918999999999991e-17
1.550802999999999932e+00 1.125060109952890492e-14 1.018858000000000037e-17
1.551037999999999917e+00 1.132961200432351898e-14 1.014955000000000005e-17
1.551272999999999902e+00 1.208169414768475333e-14 1.049689999999999997e-17
1.551508000000000109e+00 1.269385932165758142e-14 1.074407000000000049e-17
1.551743000000000094e+00 1.243532796389629961e-14 1.027848999999999992e-17
1.551978000000000080e+00 1.217768477045517928e-14 1.021317999999999945e-17
1.552213000000000065e+00 1.259300230661652400e-14 1.057633000000000048e-17
1.552448000000000050e+00 1.283431183161937421e-14 1.055867999999999966e-17
1.552683000000000035e+00 1.260015429617410849e-14 1.033206999999999990e-17
1.552918000000000021e+00 1.225409941349309993e-14 1.026681999999999942e-17
1.553153000000000006e+00 1.229137195856596884e-14 1.026722999999999956e-17
1.553387999999999991e+00 1.243370244397168710e-14 1.041327000000000067e-17
1.553622999999999976e+00 1.221585168793032045e-14 1.053837000000000011e-17
1.553857999999999961e+00 1.211590939869727293e-14 1.134052999999999985e-17
1.554092999999999947e+00 1.260230647401928981e-14 1.303595000000000034e-17
1.554327999999999932e+00 1.258746511536908228e-14 1.398921000000000077e-17
1.554562999999999917e+00 1.195495911183808917e-14 1.435045000000000055e-17
1.554797999999999902e+00 1.167034661893946627e-14 1.543767000000000146e-17
1.555033000000000110e+00 1.208271571605163522e-14 1.478688000000000001e-17
1.555268000000000095e+00 1.253583554461084605e-14 1.655059999999999882e-17
1.555503000000000080e+00 1.249919982170258832e-14 1.488700000000000098e-17
1.555738000000000065e+00 1.197625570453222862e-14 1.477481999999999886e-17
1.555973000000000050e+00 1.262590132701615737e-14 3.343089999999999981e-17
1.556208000000000036e+00 1.235606234560423139e-14 1.808369999999999877e-17
1.556443000000000021e+00 1.247047675131549068e-14 1.748776999999999951e-17
1.556678000000000006e+00 1.237844831690563011e-14 1.814440000000000030e-17
1.556912999999999991e+00 1.237424918719983449e-14 2.211770000000000057e-17
1.557147999999999977e+00 1.208483995891023931e-14 2.344281000000000106e-17
1.557382999999999962e+00 1.179753671263029991e-14 2.048961000000000048e-17
1.557617999999999947e+00 1.157532867464607966e-14 1.544217999999999990e-17
1.557852999999999932e+00 1.168078143619145705e-14 1.543481999999999997e-17
1.558087999999999917e+00 1.167983388073184401e-14 1.521724000000000147e-17
1.558322999999999903e+00 1.164795458637015933e-14 1.411369000000000090e-17
1.558558000000000110e+00 1.193105211224738198e-14 1.322976999999999952e-17
1.558793000000000095e+00 1.227615356725778445e-14 1.304326000000000004e-17
1.559028000000000080e+00 1.236729363020003302e-14 1.324596999999999948e-17
1.559263000000000066e+00 1.241480178392541227e-14 1.321325000000000016e-17
1.559498000000000051e+00 1.258704238291532450e-14 1.330251999999999938e-17
1.559733000000000036e+00 1.294202839657209692e-14 1.383278999999999956e-17
1.559968000000000021e+00 1.253399537189737909e-14 1.330569000000000026e-17
1.560203000000000007e+00 1.194486973054446827e-14 1.290973000000000072e-17
1.560437999999999992e+00 1.178262658739965428e-14 1.275725000000000043e-17
1.560672999999999977e+00 1.207848803873755111e-14 1.298274999999999973e-17
1.560907999999999962e+00 1.235082906927914022e-14 1.335172000000000063e-17
1.561142999999999947e+00 1.226226137534366443e-14 1.409406000000000064e-17
1.561377999999999933e+00 1.233243495715705870e-14 1.432032999999999997e-17
1.561612999999999918e+00 1.230767339531621179e-14 1.403943000000000018e-17
1.561847999999999903e+00 1.220535511751759129e-14 1.447505000000000064e-17
1.562083000000000110e+00 1.224683251460235395e-14 1.757170999999999846e-17
1.562318000000000096e+00 1.236307309919910678e-14 1.739462000000000089e-17
1.562553000000000081e+00 1.249946746032324208e-14 1.757226999999999933e-17
1.562788000000000066e+00 1.226022427317570974e-14 1.720262999999999888e-17
1.563023000000000051e+00 1.190101894684600754e-14 1.716389000000000027e-17
1.563258000000000036e+00 1.219097375208856396e-14 1.896284000000000101e-17
1.563493000000000022e+00 1.257387851026412265e-14 2.183966999999999867e-17
1.563728000000000007e+00 1.241112660374077368e-14 2.144292999999999935e-17
1.563962999999999992e+00 1.325824141374491165e-14 4.884207999999999734e-17
1.564197999999999977e+00 1.268588847955011362e-14 2.268355999999999950e-17
1.564432999999999963e+00 1.270469578675354619e-14 2.243957000000000115e-17
1.564667999999999948e+00 1.227719777463270281e-14 2.091147000000000079e-17
1.564902999999999933e+00 1.187686566097170787e-14 2.021169000000000034e-17
1.565137999999999918e+00 1.184922491485306637e-14 1.946087000000000020e-17
1.565372999999999903e+00 1.202785103464889044e-14 1.741386000000000049e-17
1.565608000000000111e+00 1.148063951751407408e-14 1.640033999999999943e-17
1.565843000000000096e+00 1.104359487980677558e-14 1.590034999999999875e-17
1.566078000000000081e+00 1.145112811995953608e-14 1.641974999999999924e-17
1.566313000000000066e+00 1.206276403969113459e-14 1.655143000000000037e-17
1.566548000000000052e+00 1.248120318093273373e-14 1.484031999999999901e-17
1.566783000000000037e+00 1.265517942092044288e-14 1.249623000000000057e-17
1.567018000000000022e+00 1.276881258929774146e-14 1.202958999999999979e-17
1.567253000000000007e+00 1.277694973938540983e-14 1.079149000000000019e-17
1.567487999999999992e+00 1.291873801487820079e-14 1.128978000000000033e-17
1.567722999999999978e+00 1.293685299865256703e-14 1.211186000000000051e-17
1.567957999999999963e+00 1.285169781305192511e-14 1.199171000000000042e-17
1.568192999999999948e+00 1.292821765460699078e-14 1.268693000000000064e-17
1.568427999999999933e+00 1.296830713249397667e-14 1.506706000000000001e-17
1.568662999999999919e+00 1.286750527043721430e-14 1.526713999999999995e-17
1.568897999999999904e+00 1.244667328192940800e-14 1.503308999999999925e-17
1.569132999999999889e+00 1.211682748577978641e-14 1.655418000000000138e-17
1.569368000000000096e+00 1.210029081066581112e-14 2.146801000000000137e-17
1.569603000000000081e+00 1.270089455616449236e-14 2.978883999999999872e-17
1.569838000000000067e+00 1.205839628479338189e-14 2.355374000000000021e-17
1.570073000000000052e+00 1.199978002466285062e-14 2.350895000000000000e-17
1.570308000000000037e+00 1.225110908626955938e-14 2.397534000000000111e-17
1.570543000000000022e+00 1.249211327837969269e-14 2.442731999999999892e-17
1.570778000000000008e+00 1.263355299740133264e-14 2.456793999999999902e-17
1.571012999999999993e+00 1.248630584425636677e-14 2.416087000000000139e-17
1.571247999999999978e+00 1.232267151330516473e-14 2.375751000000000140e-17
1.571482999999999963e+00 1.246165277034129156e-14 2.356385000000000115e-17
1.571717999999999948e+00 1.268491207975758786e-14 2.411916000000000132e-17
1.571952999999999934e+00 1.257753737874703343e-14 2.292022999999999995e-17
1.572187999999999919e+00 1.229695140231284247e-14 1.812067999999999994e-17
1.572422999999999904e+00 1.217201997232643219e-14 1.570404000000000106e-17
1.572657999999999889e+00 1.229880118348159971e-14 1.515493000000000014e-17
1.572893000000000097e+00 1.257915211145189979e-14 1.529770999999999962e-17
1.573128000000000082e+00 1.279842965827539391e-14 1.549693000000000032e-17
1.573363000000000067e+00 1.272579561754207136e-14 1.541782000000000075e-17
1.573598000000000052e+00 1.260335470778238570e-14 1.515854999999999858e-17
1.573833000000000037e+00 1.269963255493758175e-14 1.512870999999999998e-17
1.574068000000000023e+00 1.297738199956281476e-14 1.568309000000000119e-17
1.574303000000000008e+00 1.317784439382711645e-14 1.691849000000000002e-17
1.574537999999999993e+00 1.311011161251396960e-14 1.717941999999999914e-17
1.574772999999999978e+00 1.272629288235313878e-14 1.780753999999999915e-17
1.575007999999999964e+00 1.244025668482518895e-14 2.088037999999999921e-17
1.575242999999999949e+00 1.284097928755848889e-14 2.236219000000000134e-17
1.575477999999999934e+00 1.317360555144111310e-14 2.298283999999999965e-17
1.575712999999999919e+00 1.284476935991919538e-14 2.242304000000000052e-17
1.575947999999999904e+00 1.254991181796291907e-14 2.181551000000000049e-17
1.576182999999999890e+00 1.253110483252050640e-14 2.185746999999999868e-17
1.576418000000000097e+00 1.243018724461490872e-14 2.161011000000000002e-17
1.576653000000000082e+00 1.231627502375063596e-14 2.053525999999999992e-17
1.576888000000000067e+00 1.243550636638557014e-14 1.730131999999999847e-17
1.577123000000000053e+00 1.278019193913833232e-14 1.661186999999999941e-17
1.577358000000000038e+00 1.292999040097895116e-14 1.668003000000000137e-17
1.577593000000000023e+00 1.293449841194856467e-14 1.636715000000000000e-17
1.577828000000000008e+00 1.265186072228601114e-14 1.437345000000000112e-17
1.578062999999999994e+00 1.259169622196683117e-14 1.339921000000000006e-17
1.578297999999999979e+00 1.277768937053467699e-14 1.401872000000000024e-17
1.578532999999999964e+00 1.274483607009654687e-14 1.339145999999999946e-17
1.578767999999999949e+00 1.271469050685252529e-14 1.296244999999999992e-17
1.579002999999999934e+00 1.289280528700475097e-14 1.300884000000000018e-17
1.579237999999999920e+00 1.306610820725464094e-14 1.296583999999999972e-17
1.579472999999999905e+00 1.308873959109887756e-14 1.303043000000000039e-17
1.579707999999999890e+00 1.293585581210067772e-14 1.566741999999999979e-17
1.579943000000000097e+00 1.281908539413520399e-14 1.479822000000000137e-17
1.580178000000000083e+00 1.254606849967091586e-14 1.217989999999999942e-17
1.580413000000000068e+00 1.186866954470740017e-14 1.692530000000000037e-17
1.580648000000000053e+00 1.187957277638489203e-14 1.684225000000000142e-17
1.580883000000000038e+00 1.272243724705004972e-14 1.218460000000000063e-17
1.581118000000000023e+00 1.313704241695725358e-14 1.254566000000000046e-17
1.581353000000000009e+00 1.317868448722149520e-14 1.290095000000000068e-17
1.581587999999999994e+00 1.278808605259849897e-14 1.268102000000000003e-17
1.581822999999999979e+00 1.256454446223049596e-14 1.251601000000000001e-17
1.582057999999999964e+00 1.274432198792306099e-14 1.242652000000000034e-17
1.582292999999999950e+00 1.332885946962229685e-14 1.248729999999999980e-17
1.582527999999999935e+00 1.338914823710817217e-14 1.247874999999999995e-17
1.582762999999999920e+00 1.310228675147929795e-14 1.238002999999999960e-17
1.582997999999999905e+00 1.268849486958516519e-14 1.334735000000000009e-17
1.583232999999999890e+00 1.243112177964060327e-14 1.254579999999999991e-17
1.583468000000000098e+00 1.243821097321394125e-14 1.335523000000000039e-17
1.583703000000000083e+00 1.234452651000215525e-14 1.393090999999999854e-17
1.583938000000000068e+00 1.220476817234149462e-14 1.376205999999999963e-17
1.584173000000000053e+00 1.256803416177461130e-14 1.420801000000000148e-17
1.584408000000000039e+00 1.283107634239792031e-14 1.474085000000000118e-17
1.584643000000000024e+00 1.257087906388351159e-14 1.456888000000000009e-17
1.584878000000000009e+00 1.263917515255552012e-14 1.443200000000000148e-17
1.585112999999999994e+00 1.245272985764523041e-14 1.425799999999999917e-17
1.585347999999999979e+00 1.252035991398160956e-14 1.426828000000000032e-17
1.585582999999999965e+00 1.270013384395294575e-14 1.469668999999999849e-17
1.585817999999999950e+00 1.267326293315022987e-14 1.481801000000000055e-17
1.586052999999999935e+00 1.292911578186105670e-14 1.529043999999999889e-17
1.586287999999999920e+00 1.328614015335530641e-14 1.572959999999999987e-17
1.586522999999999906e+00 1.294849875892963241e-14 1.568906999999999998e-17
1.586757999999999891e+00 1.267555605810219585e-14 1.644006999999999853e-17
1.586993000000000098e+00 1.272267450685612235e-14 2.437001000000000026e-17
1.587228000000000083e+00 1.301205731931516614e-14 3.104688000000000131e-17
1.587463000000000068e+00 1.321396350715411251e-14 3.528409000000000035e-17
1.587698000000000054e+00 1.305396351323944604e-14 4.351798000000000269e-17
1.587933000000000039e+00 1.266410065535300176e-14 4.579404000000000042e-17
1.588168000000000024e+00 nan nan
1.588403000000000009e+00 1.277443159887606500e-14 4.698785999999999736e-17
1.588637999999999995e+00 1.331430315962967127e-14 4.857031999999999748e-17
1.588872999999999980e+00 1.336349303337064486e-14 4.859132999999999888e-17
1.589107999999999965e+00 1.302801447051142488e-14 4.728366999999999979e-17
1.589342999999999950e+00 1.291275057550748816e-14 4.564417999999999989e-17
1.589577999999999935e+00 1.286223465815898473e-14 2.626648999999999989e-17
1.589812999999999921e+00 1.256438636884062503e-14 1.464023999999999907e-17
1.590047999999999906e+00 1.260498329575005148e-14 1.333281000000000016e-17
1.590282999999999891e+00 1.251093187033603069e-14 1.315771999999999996e-17
1.590518000000000098e+00 1.278225517989091280e-14 1.341445000000000029e-17
1.590753000000000084e+00 1.339945854156524329e-14 1.371465999999999941e-17
1.590988000000000069e+00 1.332805899851055099e-14 1.247608999999999969e-17
1.591223000000000054e+00 1.327799164206236002e-14 1.181716999999999981e-17
1.591458000000000039e+00 1.325715168369367411e-14 1.181190999999999927e-17
1.591693000000000024e+00 1.285354700112258745e-14 1.277223999999999945e-17
1.591928000000000010e+00 1.246940675015106904e-14 1.302083000000000007e-17
1.592162999999999995e+00 1.237736608460170109e-14 1.325344999999999938e-17
1.592397999999999980e+00 1.261856773740975458e-14 1.410530999999999971e-17
1.592632999999999965e+00 1.305757744635447253e-14 1.471259999999999981e-17
1.592867999999999951e+00 1.319261239544034923e-14 1.473563000000000115e-17
1.593102999999999936e+00 1.271769385473773321e-14 1.425294000000000114e-17
1.593337999999999921e+00 1.251539098890482267e-14 1.449146999999999951e-17
1.593572999999999906e+00 1.301323026111614844e-14 1.513355999999999884e-17
1.593807999999999891e+00 1.324851492266877748e-14 1.584262999999999996e-17
1.594043000000000099e+00 1.310616030086829674e-14 1.590876999999999890e-17
1.594278000000000084e+00 1.302820961605237083e-14 1.617687999999999954e-17
1.594513000000000069e+00 1.279516633831450152e-14 1.764055999999999945e-17
1.594748000000000054e+00 1.268777896402676242e-14 1.835435999999999945e-17
1.594983000000000040e+00 1.277759144011579686e-14 2.004551000000000143e-17
1.595218000000000025e+00 1.290034759478347850e-14 2.078365000000000111e-17
1.595453000000000010e+00 1.332799922082966767e-14 2.145367000000000088e-17
1.595687999999999995e+00 1.356877080523214485e-14 2.180457999999999927e-17
1.595922999999999981e+00 1.356408790582824190e-14 2.181861000000000011e-17
1.596157999999999966e+00 1.351927192605395103e-14 2.173329000000000001e-17
1.596392999999999951e+00 1.364047464475541654e-14 2.143868000000000031e-17
1.596627999999999936e+00 1.350966685192277811e-14 2.091411000000000003e-17
1.596862999999999921e+00 1.305483828015181949e-14 1.795308999999999912e-17
1.597097999999999907e+00 1.279277962522932231e-14 1.626633999999999999e-17
1.597332999999999892e+00 1.287274313599850269e-14 1.654307999999999995e-17
1.597568000000000099e+00 1.298210078422017306e-14 1.584360999999999916e-17
1.597803000000000084e+00 1.322018064546864734e-14 1.568393999999999915e-17
1.598038000000000070e+00 1.337278009738809448e-14 1.576177999999999934e-17
1.598273000000000055e+00 1.336198166957292405e-14 1.581959999999999862e-17
1.598508000000000040e+00 1.329952508365637767e-14 1.569004000000000099e-17
1.598743000000000025e+00 1.314610558271327304e-14 1.563618000000000056e-17
1.598978000000000010e+00 1.300800184586181360e-14 1.551060000000000127e-17
1.599212999999999996e+00 1.285708034039150713e-14 1.609427000000000149e-17
1.599447999999999981e+00 1.288587675134204966e-14 1.675866999999999928e-17
1.599682999999999966e+00 1.291915990995434694e-14 1.729335000000000051e-17
1.599917999999999951e+00 1.315111799240185916e-14 1.774167999999999911e-17
1.600152999999999937e+00 1.348870056479437153e-14 1.816947000000000105e-17
1.600387999999999922e+00 1.361807863011889559e-14 1.908713999999999965e-17
1.600622999999999907e+00 1.347704356381348647e-14 2.061599000000000057e-17
1.600857999999999892e+00 1.300816055661021838e-14 2.160487000000000050e-17
1.601093000000000099e+00 1.347584492162583127e-14 2.536897000000000037e-17
1.601328000000000085e+00 1.351231694459351811e-14 2.650251999999999847e-17
1.601563000000000070e+00 1.328722944412997996e-14 2.617647999999999986e-17
1.601798000000000055e+00 1.310522346435562819e-14 2.592246999999999978e-17
1.602033000000000040e+00 1.298021865741076482e-14 2.564908999999999885e-17
1.602268000000000026e+00 1.273520772263332275e-14 2.506104000000000143e-17
1.602503000000000011e+00 1.318320167459518244e-14 2.449772000000000125e-17
1.602737999999999996e+00 1.342768464966467540e-14 2.296964999999999857e-17
1.602972999999999981e+00 1.363288046798126380e-14 2.272182000000000133e-17
1.603207999999999966e+00 1.332666748001443194e-14 2.210746000000000146e-17
1.603442999999999952e+00 1.330568316183422301e-14 2.212131999999999901e-17
1.603677999999999937e+00 1.346812504337088933e-14 2.239001000000000001e-17
1.603912999999999922e+00 1.347552762488445349e-14 2.238538999999999980e-17
1.604147999999999907e+00 1.315375457024245361e-14 2.193097000000000064e-17
1.604382999999999893e+00 1.295524614945457836e-14 2.137802000000000082e-17
1.604618000000000100e+00 1.275351518323937121e-14 2.083616999999999935e-17
1.604853000000000085e+00 1.286618964610217140e-14 2.093737000000000001e-17
1.605088000000000070e+00 1.320254449793094341e-14 2.161503999999999989e-17
1.605323000000000055e+00 1.321422841489134353e-14 2.181859999999999883e-17
1.605558000000000041e+00 1.295074279571429992e-14 2.143806999999999920e-17
1.605793000000000026e+00 1.278152814679647963e-14 2.114807000000000152e-17
1.606028000000000011e+00 1.303476639045970638e-14 2.145870999999999943e-17
1.606262999999999996e+00 1.302261852418235243e-14 2.145105000000000112e-17
1.606497999999999982e+00 1.331058313533458792e-14 2.168348000000000073e-17
1.606732999999999967e+00 1.313048249431467459e-14 2.117399000000000022e-17
1.606967999999999952e+00 1.323000699241742750e-14 2.125758999999999876e-17
1.607202999999999937e+00 1.313644803970546484e-14 2.115590000000000003e-17
1.607437999999999922e+00 1.300270092838323064e-14 2.105322000000000082e-17
1.607672999999999908e+00 1.298585440996602867e-14 2.118706000000000134e-17
1.607907999999999893e+00 1.295885034815905845e-14 1.868429000000000029e-17
1.608143000000000100e+00 1.332506818886860911e-14 1.660389000000000017e-17
1.608378000000000085e+00 1.346429040117236174e-14 1.680482000000000115e-17
1.608613000000000071e+00 1.347693297348244670e-14 1.684557000000000149e-17
1.608848000000000056e+00 1.358743393987316228e-14 1.688198999999999871e-17
1.609083000000000041e+00 1.366552969131484207e-14 1.753091000000000096e-17
1.609318000000000026e+00 1.333097546424038883e-14 2.626720000000000149e-17
1.609553000000000011e+00 1.305478667372720831e-14 3.717287000000000271e-17
1.609787999999999997e+00 1.302254381954722430e-14 4.030168000000000232e-17
1.610022999999999982e+00 1.315384998455926159e-14 4.345038999999999980e-17
1.610257999999999967e+00 1.343957647840142820e-14 4.961752000000000220e-17
1.610492999999999952e+00 1.314893282018325312e-14 5.883674000000000575e-17
1.610727999999999938e+00 1.298102464948037299e-14 6.562224999999999608e-17
1.610962999999999923e+00 1.291633608155136782e-14 6.557311000000000560e-17
1.611197999999999908e+00 1.266811290096822277e-14 6.377507999999999638e-17
1.611432999999999893e+00 1.280009518211649483e-14 6.465351999999999523e-17
1.611668000000000101e+00 1.297657101329978700e-14 6.559716000000000202e-17
1.611903000000000086e+00 1.273845873300403375e-14 6.389562999999999841e-17
1.612138000000000071e+00 1.274834078565720382e-14 6.484346000000000271e-17
1.612373000000000056e+00 1.312927862184251607e-14 5.558360000000000058e-17
1.612608000000000041e+00 1.321790539505349137e-14 3.963107999999999913e-17
1.612843000000000027e+00 1.309893160205677864e-14 3.542293000000000045e-17
1.613078000000000012e+00 1.288917906842129556e-14 2.643389000000000102e-17
1.613312999999999997e+00 1.280117986090290525e-14 1.707357000000000059e-17
1.613547999999999982e+00 1.294061063152813889e-14 1.658566000000000054e-17
1.613782999999999967e+00 1.293559425577584002e-14 1.487598999999999876e-17
1.614017999999999953e+00 1.306564029703529090e-14 1.358646000000000035e-17
1.614252999999999938e+00 1.316969084288519355e-14 1.297936999999999968e-17
1.614487999999999923e+00 1.318015461649661760e-14 1.241269000000000047e-17
1.614722999999999908e+00 1.318495321898599821e-14 1.243741999999999926e-17
1.614957999999999894e+00 1.315035227076562499e-14 1.234792999999999959e-17
1.615193000000000101e+00 1.302739528105917780e-14 1.228919999999999929e-17
1.615428000000000086e+00 1.268821535855140384e-14 1.235480999999999967e-17
1.615663000000000071e+00 1.248878428451990338e-14 1.260478999999999963e-17
1.615898000000000057e+00 1.322643209956084533e-14 1.344276000000000011e-17
1.616133000000000042e+00 nan nan
1.616368000000000027e+00 nan nan
1.616603000000000012e+00 nan nan
1.616837999999999997e+00 1.314504526752640845e-14 1.601113000000000025e-17
1.617072999999999983e+00 1.317636901226770783e-14 1.625122000000000126e-17
1.617307999999999968e+00 1.345215669821685907e-14 1.695854000000000005e-17
1.617542999999999953e+00 1.401011947052588846e-14 2.144123999999999855e-17
1.617777999999999938e+00 1.399417716107208195e-14 2.443845000000000111e-17
1.618012999999999924e+00 1.394519133620856672e-14 2.433348999999999947e-17
1.618247999999999909e+00 1.345797184249967392e-14 2.328995000000000140e-17
1.618482999999999894e+00 1.302139130635882447e-14 2.169361999999999936e-17
1.618718000000000101e+00 1.287548598805037408e-14 2.002895000000000003e-17
1.618953000000000086e+00 1.312579008043335347e-14 2.062023000000000140e-17
1.619188000000000072e+00 1.304810674003454296e-14 1.950617999999999923e-17
1.619423000000000057e+00 1.283685078979124628e-14 1.788674000000000101e-17
1.619658000000000042e+00 1.284364818157845534e-14 1.701161000000000096e-17
1.619893000000000027e+00 1.287398631360891858e-14 1.695369000000000119e-17
1.620128000000000013e+00 1.308529525059452573e-14 1.685463999999999862e-17
1.620362999999999998e+00 1.344995485717720707e-14 1.705852999999999978e-17
1.620597999999999983e+00 1.348489211398680294e-14 1.697000999999999958e-17
1.620832999999999968e+00 1.306436057829806163e-14 1.617807999999999920e-17
1.621067999999999953e+00 1.255817730649389249e-14 1.523539000000000010e-17
1.621302999999999939e+00 1.268503812665531759e-14 1.524800000000000083e-17
1.621537999999999924e+00 1.339944265303732055e-14 1.581329999999999889e-17
1.621772999999999909e+00 1.365656031582110198e-14 1.574402000000000137e-17
1.622007999999999894e+00 1.366945148104864011e-14 1.546052999999999950e-17
1.622243000000000102e+00 1.369028219190939924e-14 1.538222000000000072e-17
1.622478000000000087e+00 1.368003779578191906e-14 1.505810999999999976e-17
1.622713000000000072e+00 1.358178987877399831e-14 1.474385000000000032e-17
1.622948000000000057e+00 1.334012430623571307e-14 1.452177999999999978e-17
1.623183000000000042e+00 1.343288005854306843e-14 1.445858999999999973e-17
1.623418000000000028e+00 1.366140846934369370e-14 1.363760000000000053e-17
1.623653000000000013e+00 1.367500281088273243e-14 1.354843999999999999e-17
1.623887999999999998e+00 1.350679820976033580e-14 1.449148999999999899e-17
1.624122999999999983e+00 1.364250066304668987e-14 1.458555000000000017e-17
1.624357999999999969e+00 1.392545392685379551e-14 1.491979999999999976e-17
1.624592999999999954e+00 1.388372828925839265e-14 1.500448000000000107e-17
1.624827999999999939e+00 1.352560381093129727e-14 1.323271999999999995e-17
1.625062999999999924e+00 1.310034322668648325e-14 1.100487999999999964e-17
1.625297999999999909e+00 1.292725719511993749e-14 1.088259999999999939e-17
1.625532999999999895e+00 1.278145754223861496e-14 1.067342999999999976e-17
1.625768000000000102e+00 1.250098435205050968e-14 1.031292999999999925e-17
1.626003000000000087e+00 1.229887117024271356e-14 9.893655000000000377e-18
1.626238000000000072e+00 1.271467109611099165e-14 1.039169000000000021e-17
1.626473000000000058e+00 1.336537880895193959e-14 1.165302000000000057e-17
1.626708000000000043e+00 1.323809473362541663e-14 1.242077000000000020e-17
1.626943000000000028e+00 1.324474667117727503e-14 1.300471999999999931e-17
1.627178000000000013e+00 1.377198098662722127e-14 1.360480000000000021e-17
1.627412999999999998e+00 1.388382611523787286e-14 1.353966999999999969e-17
1.627647999999999984e+00 1.330976732143204269e-14 1.291942000000000024e-17
1.627882999999999969e+00 1.334723938226677883e-14 1.312756000000000043e-17
1.628117999999999954e+00 1.355612335967322390e-14 1.315979000000000014e-17
1.628352999999999939e+00 1.364162068237959030e-14 1.306185999999999931e-17
1.628587999999999925e+00 1.376636760785612704e-14 1.322772000000000036e-17
1.628822999999999910e+00 1.359798460249403748e-14 1.334271000000000040e-17
1.629057999999999895e+00 1.334154272573576953e-14 1.377189000000000014e-17
1.629293000000000102e+00 1.305260476713470875e-14 1.419170000000000130e-17
1.629528000000000088e+00 1.306136843849305771e-14 1.471761000000000068e-17
1.629763000000000073e+00 1.349590441549626357e-14 1.531768999999999849e-17
1.629998000000000058e+00 1.367058105731818173e-14 1.486102999999999895e-17
1.630233000000000043e+00 1.342774622598014273e-14 1.512746000000000009e-17
1.630468000000000028e+00 1.310800032033946178e-14 1.497857000000000056e-17
1.630703000000000014e+00 1.314765985207367035e-14 1.473067000000000052e-17
1.630937999999999999e+00 1.310591250527155309e-14 1.516249999999999925e-17
1.631172999999999984e+00 1.316398224805139067e-14 1.540592999999999981e-17
1.631407999999999969e+00 1.354025160755908803e-14 1.810498000000000086e-17
1.631642999999999954e+00 1.371270445259331370e-14 1.763470000000000062e-17
1.631877999999999940e+00 1.374852862061752627e-14 1.769209999999999848e-17
1.632112999999999925e+00 1.347319998445165697e-14 1.686173999999999915e-17
1.632347999999999910e+00 1.332146172556288993e-14 1.568357000000000105e-17
1.632582999999999895e+00 1.360448978823552124e-14 1.578857999999999985e-17
1.632818000000000103e+00 1.353418832120836475e-14 1.569540000000000047e-17
1.633053000000000088e+00 1.337381301822918607e-14 1.585817000000000011e-17
1.633288000000000073e+00 1.380880024485813976e-14 1.642279000000000042e-17
1.633523000000000058e+00 1.408832766228057432e-14 1.622808000000000124e-17
1.633758000000000044e+00 1.331540395376146497e-14 2.171489000000000017e-17
1.633993000000000029e+00 1.322259860463750203e-14 2.051776999999999956e-17
1.634228000000000014e+00 1.368267088938833635e-14 1.338627999999999993e-17
1.634462999999999999e+00 1.438391134420081095e-14 2.555402999999999899e-17
1.634697999999999984e+00 1.454485950122425487e-14 2.557711999999999876e-17
1.634932999999999970e+00 1.391323221269907129e-14 1.332393999999999938e-17
1.635167999999999955e+00 1.370209742780605200e-14 1.286518000000000044e-17
1.635402999999999940e+00 1.342182490720262897e-14 1.249714999999999979e-17
1.635637999999999925e+00 1.344360641950845111e-14 1.278279999999999950e-17
1.635872999999999911e+00 1.356336627806706283e-14 1.310723999999999960e-17
1.636107999999999896e+00 1.348915691214795448e-14 1.313979000000000025e-17
1.636343000000000103e+00 1.361169396648799695e-14 1.303819000000000072e-17
1.636578000000000088e+00 1.370281380065771515e-14 1.297031000000000074e-17
1.636813000000000073e+00 1.367240218356030426e-14 1.289668000000000062e-17
1.637048000000000059e+00 1.352297820915804148e-14 1.268784999999999986e-17
1.637283000000000044e+00 1.361972158507519903e-14 1.260210999999999988e-17
1.637518000000000029e+00 1.413643665058050343e-14 1.282231999999999942e-17
1.637753000000000014e+00 1.431845477616666267e-14 1.314155000000000077e-17
1.637988000000000000e+00 1.367957169787040020e-14 1.287615000000000062e-17
1.638222999999999985e+00 1.376915855248302425e-14 1.398445999999999931e-17
1.638457999999999970e+00 1.392715821041296791e-14 1.604190999999999910e-17
1.638692999999999955e+00 1.391753669970174031e-14 1.651175999999999972e-17
1.638927999999999940e+00 1.380621257397873544e-14 1.641118999999999965e-17
1.639162999999999926e+00 1.363878648243311834e-14 1.858469000000000122e-17
1.639397999999999911e+00 1.351714252507536592e-14 2.455275000000000057e-17
1.639632999999999896e+00 1.342530167314774705e-14 2.980260999999999707e-17
1.639868000000000103e+00 1.336743506913711262e-14 4.055883000000000099e-17
1.640103000000000089e+00 1.336957732166362827e-14 4.563880000000000093e-17
1.640338000000000074e+00 1.336348377346654204e-14 5.149007999999999742e-17
1.640573000000000059e+00 1.357093756717432788e-14 5.346319000000000248e-17
1.640808000000000044e+00 1.354635275894582625e-14 5.339706999999999994e-17
1.641043000000000029e+00 1.339448285340748405e-14 5.476850999999999763e-17
1.641278000000000015e+00 1.332385447971712289e-14 5.610824999999999571e-17
1.641513000000000000e+00 1.333063117915690335e-14 5.625058999999999429e-17
1.641747999999999985e+00 1.343734026606183113e-14 5.588794999999999388e-17
1.641982999999999970e+00 1.383694919937975446e-14 5.728629000000000489e-17
1.642217999999999956e+00 1.410805857657324837e-14 5.498315000000000159e-17
1.642452999999999941e+00 1.403307343720661202e-14 4.614795000000000103e-17
1.642687999999999926e+00 1.334640490936461987e-14 1.062150000000000037e-16
1.642922999999999911e+00 1.300185004913262341e-14 9.370574000000000102e-17
1.643157999999999896e+00 1.368098630313989571e-14 2.393587999999999963e-17
1.643393000000000104e+00 1.377410335314227172e-14 2.068086000000000013e-17
1.643628000000000089e+00 1.394162853349365075e-14 1.781958000000000083e-17
1.643863000000000074e+00 1.464239232114660583e-14 2.267287000000000129e-17
1.644098000000000059e+00 1.392808502853711542e-14 1.666449000000000122e-17
1.644333000000000045e+00 1.367999559510372242e-14 1.605179000000000139e-17
1.644568000000000030e+00 1.385553143347864810e-14 1.571871999999999889e-17
1.644803000000000015e+00 1.381710771458247231e-14 1.555668000000000033e-17
1.645038000000000000e+00 1.401238269864386944e-14 1.585093000000000013e-17
1.645272999999999985e+00 1.404122117751807990e-14 1.608719999999999865e-17
1.645507999999999971e+00 1.401499210159038046e-14 1.648076999999999863e-17
1.645742999999999956e+00 nan nan
1.645977999999999941e+00 nan nan
1.646212999999999926e+00 1.398728098286147558e-14 1.724825000000000065e-17
1.646447999999999912e+00 1.363662596408173752e-14 1.662460000000000012e-17
1.646682999999999897e+00 1.372828836657344142e-14 1.710578999999999902e-17
1.646918000000000104e+00 1.373057275680937444e-14 1.865406000000000103e-17
1.647153000000000089e+00 1.368986051089113461e-14 2.060731000000000101e-17
1.647388000000000075e+00 1.367943885165753707e-14 2.103450000000000005e-17
1.647623000000000060e+00 1.359311759212835533e-14 2.110049999999999954e-17
1.647858000000000045e+00 1.360251057998249924e-14 2.215693999999999852e-17
1.648093000000000030e+00 1.374066590880245396e-14 2.405575999999999902e-17
1.648328000000000015e+00 1.394133705444649416e-14 2.551628999999999906e-17
1.648563000000000001e+00 1.400722952222756838e-14 2.588731000000000065e-17
1.648797999999999986e+00 1.388753187719113998e-14 2.632043999999999952e-17
1.649032999999999971e+00 1.345061044061776110e-14 2.645082000000000051e-17
1.649267999999999956e+00 1.305311770200296577e-14 2.613735999999999879e-17
1.649502999999999941e+00 1.327624987917403063e-14 3.120821000000000136e-17
1.649737999999999927e+00 1.322745805737858931e-14 2.752098000000000068e-17
1.649972999999999912e+00 1.358932032902290075e-14 2.742393999999999985e-17
1.650207999999999897e+00 1.387990491048728065e-14 2.805202999999999910e-17
1.650443000000000104e+00 1.398374076641107985e-14 2.792820000000000212e-17
1.650678000000000090e+00 1.357067603679358234e-14 2.706179000000000058e-17
1.650913000000000075e+00 1.347489587445095248e-14 2.681551999999999981e-17
1.651148000000000060e+00 1.369283737786769313e-14 2.644959000000000010e-17
1.651383000000000045e+00 1.364005453389118620e-14 2.625218000000000016e-17
1.651618000000000031e+00 1.350216782884037472e-14 2.523263000000000006e-17
1.651853000000000016e+00 1.352396562958459801e-14 2.462439000000000152e-17
1.652088000000000001e+00 1.367255289238552282e-14 2.327749999999999959e-17
1.652322999999999986e+00 1.384206817318958794e-14 2.208530999999999885e-17
1.652557999999999971e+00 1.395668841516564845e-14 2.037321000000000008e-17
1.652792999999999957e+00 1.388849319952785058e-14 1.996305000000000102e-17
1.653027999999999942e+00 1.387038245460510563e-14 1.951757000000000083e-17
1.653262999999999927e+00 1.386171426301523089e-14 1.893451999999999992e-17
1.653497999999999912e+00 1.401379665981077876e-14 1.905059000000000118e-17
1.653732999999999898e+00 1.417363045449657879e-14 1.877257999999999876e-17
1.653968000000000105e+00 1.403360907805779432e-14 1.750377000000000004e-17
1.654203000000000090e+00 1.378373587283250780e-14 1.789509000000000144e-17
1.654438000000000075e+00 1.360501785277991973e-14 1.585038999999999875e-17
1.654673000000000060e+00 1.331613214307020336e-14 1.532747999999999850e-17
1.654908000000000046e+00 1.312828299225184907e-14 1.511950999999999852e-17
1.655143000000000031e+00 1.279955390593236770e-14 1.416755000000000132e-17
1.655378000000000016e+00 1.311096631918586873e-14 1.424298999999999912e-17
1.655613000000000001e+00 1.390335632654358015e-14 1.437176000000000032e-17
1.655847999999999987e+00 1.403620155709826676e-14 1.651610999999999924e-17
1.656082999999999972e+00 1.407447452582414516e-14 1.746589999999999887e-17
1.656317999999999957e+00 1.426906751667680295e-14 1.458519999999999847e-17
1.656552999999999942e+00 1.421682366934334338e-14 1.430280000000000065e-17
1.656787999999999927e+00 1.424419097637269199e-14 1.426016999999999983e-17
1.657022999999999913e+00 1.458688527744475639e-14 1.402043999999999871e-17
1.657257999999999898e+00 1.437249145499726098e-14 1.368916000000000058e-17
1.657493000000000105e+00 1.394088122521586865e-14 1.340522999999999935e-17
1.657728000000000090e+00 1.371066968451530419e-14 1.307852999999999939e-17
1.657963000000000076e+00 1.380349902959912588e-14 1.305631999999999987e-17
1.658198000000000061e+00 1.412774740745985263e-14 1.327377000000000021e-17
1.658433000000000046e+00 1.411186530612106161e-14 1.311748000000000025e-17
1.658668000000000031e+00 1.383723199775924440e-14 1.267050000000000049e-17
1.658903000000000016e+00 1.396809839230742230e-14 1.243400999999999998e-17
1.659138000000000002e+00 1.393057113376958610e-14 1.216717000000000025e-17
1.659372999999999987e+00 1.398841688306363440e-14 1.203634000000000016e-17
1.659607999999999972e+00 1.401159103020322395e-14 1.214957999999999941e-17
1.659842999999999957e+00 1.380065740102194897e-14 1.158195999999999996e-17
1.660077999999999943e+00 1.405882237548428990e-14 1.152536999999999956e-17
1.660312999999999928e+00 1.375041935445669810e-14 1.114092000000000003e-17
1.660547999999999913e+00 1.377630158298623527e-14 1.107156999999999971e-17
1.660782999999999898e+00 1.349785617948206893e-14 1.081842000000000040e-17
1.661018000000000105e+00 1.309390149902579993e-14 1.072120999999999936e-17
1.661253000000000091e+00 nan nan
1.661488000000000076e+00 1.392109390668624073e-14 1.090222999999999965e-17
1.661723000000000061e+00 1.406002928450691376e-14 1.097382000000000036e-17
1.661958000000000046e+00 1.403049102372261839e-14 1.095852999999999988e-17
1.662193000000000032e+00 1.374394284828822402e-14 1.079759000000000049e-17
1.662428000000000017e+00 1.354781700567248091e-14 1.066533000000000055e-17
1.662663000000000002e+00 1.414868378008855466e-14 1.105897999999999999e-17
1.662897999999999987e+00 1.476953273035689044e-14 1.133201000000000076e-17
1.663132999999999972e+00 1.454338759672504975e-14 1.102381999999999932e-17
1.663367999999999958e+00 1.432023329083114995e-14 1.091299000000000066e-17
1.663602999999999943e+00 1.411266580094444852e-14 1.111730000000000016e-17
1.663837999999999928e+00 1.423260004019220613e-14 1.109725999999999976e-17
1.664072999999999913e+00 1.419441089962930487e-14 1.135168999999999972e-17
1.664307999999999899e+00 1.440056933533991676e-14 1.307731999999999999e-17
1.664543000000000106e+00 1.488233090795073226e-14 1.381486999999999958e-17
1.664778000000000091e+00 1.465761304971674509e-14 1.364858000000000045e-17
1.665013000000000076e+00 1.444298995604700305e-14 1.348514999999999946e-17
1.665248000000000062e+00 1.425678385341501416e-14 1.331506000000000039e-17
1.665483000000000047e+00 1.411262325037116887e-14 1.335839999999999973e-17
1.665718000000000032e+00 1.437785229181286971e-14 1.349028000000000030e-17
1.665953000000000017e+00 1.423695752775042879e-14 1.471016999999999974e-17
1.666188000000000002e+00 1.373739580038573593e-14 1.505471999999999996e-17
1.666422999999999988e+00 1.366790615969949603e-14 1.554425000000000109e-17
1.666657999999999973e+00 1.382154313295398549e-14 1.492010999999999941e-17
1.666892999999999958e+00 1.373807493287305933e-14 1.525791000000000080e-17
1.667127999999999943e+00 1.363477237936731625e-14 1.469765999999999949e-17
1.667362999999999928e+00 1.347812836356056379e-14 1.443827000000000044e-17
1.667597999999999914e+00 1.325686339907193197e-14 1.474758000000000053e-17
1.667832999999999899e+00 1.298018138015967095e-14 1.399866000000000036e-17
1.668068000000000106e+00 1.311166221315391101e-14 1.404773000000000036e-17
1.668303000000000091e+00 1.359084395888405671e-14 1.434348000000000127e-17
1.668538000000000077e+00 1.398775816137074863e-14 1.460242999999999942e-17
1.668773000000000062e+00 1.416657532112005705e-14 1.479213999999999901e-17
1.669008000000000047e+00 1.431091796173530763e-14 1.494952000000000148e-17
1.669243000000000032e+00 1.415481336267056665e-14 1.503972999999999940e-17
1.669478000000000018e+00 1.399118274935783467e-14 1.501730000000000097e-17
1.669713000000000003e+00 1.392853534846738266e-14 1.470842000000000050e-17
1.669947999999999988e+00 1.364193714047882504e-14 1.441607000000000067e-17
1.670182999999999973e+00 1.360002116222160058e-14 1.441297999999999925e-17
1.670417999999999958e+00 1.394150931776435531e-14 1.460795999999999911e-17
1.670652999999999944e+00 1.429294727856789339e-14 1.494345000000000040e-17
1.670887999999999929e+00 1.437537169020234876e-14 1.487673000000000111e-17
1.671122999999999914e+00 1.416775384300916831e-14 1.385081999999999977e-17
1.671357999999999899e+00 1.416032748840264733e-14 1.371701999999999975e-17
1.671593000000000107e+00 1.427666008490376324e-14 1.382346999999999968e-17
1.671828000000000092e+00 1.414827505630317822e-14 1.414792000000000106e-17
1.672063000000000077e+00 1.387758236076816410e-14 1.406530999999999992e-17
1.672298000000000062e+00 1.354876926894351369e-14 1.377159999999999997e-17
1.672533000000000047e+00 1.362807315135899200e-14 1.402488000000000052e-17
1.672768000000000033e+00 1.386936350627962427e-14 1.384406999999999940e-17
1.673003000000000018e+00 1.382832456191820030e-14 1.368776999999999970e-17
1.673238000000000003e+00 1.386229678542616420e-14 1.355045000000000019e-17
1.673472999999999988e+00 1.403829162208410354e-14 1.364397999999999972e-17
1.673707999999999974e+00 1.417847588689681600e-14 1.415083999999999919e-17
1.673942999999999959e+00 1.413864851803945402e-14 1.416168000000000121e-17
1.674177999999999944e+00 1.396320841240535783e-14 1.405435999999999922e-17
1.674412999999999929e+00 1.371435863461013322e-14 1.440652999999999879e-17
1.674647999999999914e+00 1.374947842386164040e-14 1.459790000000000149e-17
1.674882999999999900e+00 1.440831286901685321e-14 1.524762999999999965e-17
1.675118000000000107e+00 1.469398867785024025e-14 1.627284000000000069e-17
1.675353000000000092e+00 1.409334059529456248e-14 1.595045999999999948e-17
1.675588000000000077e+00 1.389211788990883627e-14 1.480004999999999853e-17
1.675823000000000063e+00 1.422839150569245400e-14 1.282265999999999984e-17
1.676058000000000048e+00 1.425869354057937961e-14 1.459992000000000143e-17
1.676293000000000033e+00 1.417154035014782766e-14 1.652551999999999987e-17
1.676528000000000018e+00 1.369058648027108546e-14 1.551971999999999864e-17
1.676763000000000003e+00 1.374596767543097603e-14 1.361774000000000008e-17
1.676997999999999989e+00 1.371459058561066054e-14 1.232758999999999928e-17
1.677232999999999974e+00 1.389848346222623445e-14 1.189341999999999969e-17
1.677467999999999959e+00 1.400140838455494357e-14 1.211904000000000050e-17
1.677702999999999944e+00 1.396737268491178949e-14 1.206364000000000001e-17
1.677937999999999930e+00 1.419354124916290859e-14 1.183001000000000073e-17
1.678172999999999915e+00 1.438689773052175650e-14 1.109553999999999974e-17
1.678407999999999900e+00 1.407136344083976700e-14 1.163286999999999995e-17
1.678643000000000107e+00 1.390277629285460496e-14 1.215726000000000028e-17
1.678878000000000092e+00 1.415480211093617436e-14 1.622919999999999989e-17
1.679113000000000078e+00 1.434119568599823444e-14 1.934327000000000015e-17
1.679348000000000063e+00 1.428084821033708386e-14 2.271691999999999914e-17
1.679583000000000048e+00 1.426557896496031592e-14 2.414617000000000099e-17
1.679818000000000033e+00 1.424431383916149511e-14 2.459095000000000087e-17
1.680053000000000019e+00 1.391488008981547222e-14 3.195678999999999803e-17
1.680288000000000004e+00 1.401554937165369508e-14 3.643041999999999940e-17
1.680522999999999989e+00 1.445475170218229272e-14 3.750735000000000095e-17
1.680757999999999974e+00 1.449704859150300507e-14 3.749855999999999963e-17
1.680992999999999959e+00 1.414107476010084559e-14 3.652603999999999704e-17
1.681227999999999945e+00 1.393575535999220518e-14 3.601109999999999784e-17
1.681462999999999930e+00 1.386031990109969378e-14 3.569690000000000301e-17
1.681697999999999915e+00 1.378429173346845207e-14 3.564571999999999771e-17
1.681932999999999900e+00 1.389516932256642155e-14 3.328007999999999956e-17
1.682168000000000108e+00 1.422102058267740416e-14 2.972228999999999964e-17
1.682403000000000093e+00 1.428440866378230244e-14 2.709253000000000047e-17
1.682638000000000078e+00 1.416738141393153683e-14 2.584507000000000048e-17
1.682873000000000063e+00 1.409662134110093629e-14 2.073088999999999986e-17
1.683108000000000049e+00 1.418665944989988030e-14 1.698351999999999851e-17
1.683343000000000034e+00 1.435063952098919539e-14 1.599297999999999854e-17
1.683578000000000019e+00 1.439275902309597078e-14 1.504087999999999881e-17
1.683813000000000004e+00 1.443139346993218455e-14 1.478629999999999966e-17
1.684047999999999989e+00 1.435856714470325878e-14 1.480577000000000099e-17
1.684282999999999975e+00 1.417647428812624848e-14 1.456311000000000047e-17
1.684517999999999960e+00 1.373121101806245027e-14 1.268589999999999965e-17
1.684752999999999945e+00 1.342884967468576252e-14 1.141456000000000037e-17
1.684987999999999930e+00 1.366254066370584649e-14 1.141260000000000042e-17
1.685222999999999915e+00 1.388051109879479350e-14 1.140407999999999980e-17
1.685457999999999901e+00 1.387311633010463211e-14 1.126807999999999990e-17
1.685693000000000108e+00 1.404048694962474996e-14 1.123037000000000074e-17
1.685928000000000093e+00 1.422852299317612338e-14 1.121631000000000068e-17
1.686163000000000078e+00 1.440307816392910640e-14 1.120096999999999996e-17
1.686398000000000064e+00 1.425542132486954506e-14 1.136634999999999961e-17
1.686633000000000049e+00 1.382386946319924003e-14 1.125615999999999974e-17
1.686868000000000034e+00 1.337046373953876491e-14 1.106765999999999955e-17
1.687103000000000019e+00 1.342681660322725338e-14 1.136669999999999977e-17
1.687338000000000005e+00 1.339416340338865939e-14 1.250101999999999945e-17
1.687572999999999990e+00 1.353753443867310647e-14 1.452901999999999975e-17
1.687807999999999975e+00 1.391300902363928537e-14 1.587400000000000043e-17
1.688042999999999960e+00 1.371933544133992780e-14 1.691905000000000089e-17
1.688277999999999945e+00 1.355334408019874119e-14 1.913689000000000048e-17
1.688512999999999931e+00 1.343378319964257951e-14 2.047600000000000106e-17
1.688747999999999916e+00 1.338277490197346279e-14 2.042556999999999939e-17
1.688982999999999901e+00 1.332236584017991741e-14 2.018696000000000001e-17
1.689218000000000108e+00 1.321208441993851293e-14 1.807484000000000081e-17
1.689453000000000094e+00 1.301048218383186932e-14 1.822761000000000127e-17
1.689688000000000079e+00 1.323700183199013908e-14 2.072712000000000069e-17
1.689923000000000064e+00 1.376542548975743567e-14 1.892734999999999967e-17
1.690158000000000049e+00 1.415690161391690330e-14 1.692672999999999868e-17
1.690393000000000034e+00 1.404021784605948002e-14 1.665600999999999955e-17
1.690628000000000020e+00 1.405579059551499074e-14 1.621078000000000057e-17
1.690863000000000005e+00 1.398709688051805856e-14 1.503204000000000033e-17
1.691097999999999990e+00 1.389339897525282903e-14 1.360051000000000067e-17
1.691332999999999975e+00 1.427330156621504137e-14 1.285679999999999926e-17
1.691567999999999961e+00 1.459391924265777222e-14 1.221102000000000022e-17
1.691802999999999946e+00 1.428399745445986442e-14 1.165522000000000045e-17
1.692037999999999931e+00 1.381690704190690051e-14 1.121419000000000026e-17
1.692272999999999916e+00 1.350141699009469303e-14 1.098461000000000059e-17
1.692507999999999901e+00 1.316965678535985792e-14 1.105049000000000012e-17
1.692743000000000109e+00 1.334341069796735265e-14 1.125068000000000029e-17
1.692978000000000094e+00 1.397912102959728302e-14 1.163696000000000005e-17
1.693213000000000079e+00 1.428369213436973681e-14 1.136206999999999982e-17
1.693448000000000064e+00 1.412566011365380417e-14 1.085443000000000057e-17
1.693683000000000050e+00 1.403985764110927230e-14 1.125691000000000029e-17
1.693918000000000035e+00 1.379391606150418167e-14 1.152192999999999952e-17
1.694153000000000020e+00 1.353727104736871874e-14 1.134533999999999975e-17
1.694388000000000005e+00 1.341524747993087377e-14 1.133731000000000027e-17
1.694622999999999990e+00 1.329322775863636130e-14 1.103322000000000021e-17
1.694857999999999976e+00 1.350233697718815872e-14 1.094845999999999944e-17
1.695092999999999961e+00 1.384297869732814646e-14 1.107760000000000028e-17
1.695327999999999946e+00 1.381090167163336189e-14 1.133602999999999961e-17
1.695562999999999931e+00 1.374210828788045606e-14 1.234031999999999998e-17
1.695797999999999917e+00 1.354326490073736940e-14 1.267977999999999987e-17
1.696032999999999902e+00 1.400071710325905002e-14 1.240663000000000067e-17
1.696268000000000109e+00 1.397664892536605732e-14 1.174192000000000015e-17
1.696503000000000094e+00 1.370199913153545065e-14 1.348323000000000001e-17
1.696738000000000079e+00 1.339910483766744426e-14 1.122408000000000075e-17
1.696973000000000065e+00 1.344594777525282076e-14 1.069056000000000022e-17
1.697208000000000050e+00 1.324468830117188342e-14 1.034539000000000069e-17
1.697443000000000035e+00 1.320988538248854200e-14 1.034810999999999940e-17
1.697678000000000020e+00 1.319091502628243252e-14 1.062652000000000068e-17
1.697913000000000006e+00 1.324650987163457894e-14 1.124796999999999978e-17
1.698147999999999991e+00 1.393026217121894203e-14 1.178880999999999975e-17
1.698382999999999976e+00 1.415949853217261296e-14 1.212154000000000029e-17
1.698617999999999961e+00 1.371553402368983210e-14 1.193268000000000020e-17
1.698852999999999946e+00 1.378665947965484571e-14 1.197962000000000005e-17
1.699087999999999932e+00 1.396643710905982013e-14 1.235744000000000071e-17
1.699322999999999917e+00 1.369093986752835441e-14 1.202834999999999963e-17
1.699557999999999902e+00 1.336179606359891857e-14 1.176839999999999972e-17
1.699793000000000109e+00 1.362901615883301739e-14 1.233857000000000074e-17
1.700028000000000095e+00 1.368536831803047668e-14 1.273416000000000066e-17
1.700263000000000080e+00 1.358060795432943429e-14 1.271815000000000038e-17
1.700498000000000065e+00 1.369005156973550576e-14 1.346253999999999955e-17
1.700733000000000050e+00 1.339844367084704194e-14 1.498820999999999984e-17
1.700968000000000035e+00 1.255493431944468204e-14 1.546658000000000110e-17
1.701203000000000021e+00 1.238659115196339095e-14 1.659449000000000082e-17
1.701438000000000006e+00 1.305218354739022721e-14 1.933129000000000000e-17
1.701672999999999991e+00 1.336589172499953578e-14 2.024860999999999999e-17
1.701907999999999976e+00 1.375436414108789418e-14 1.873216999999999883e-17
1.702142999999999962e+00 1.404290578459084705e-14 1.758460000000000117e-17
1.702377999999999947e+00 1.409197389950988169e-14 1.743577000000000009e-17
1.702612999999999932e+00 1.359056575823705626e-14 1.652493000000000132e-17
1.702847999999999917e+00 1.355986445641844547e-14 1.647862999999999873e-17
1.703082999999999902e+00 1.382433658092997072e-14 1.695879000000000126e-17
1.703318000000000110e+00 1.377437707522026350e-14 1.713166999999999876e-17
1.703553000000000095e+00 1.335501756617124493e-14 1.668772999999999864e-17
1.703788000000000080e+00 1.308891834564336103e-14 1.643680999999999998e-17
1.704023000000000065e+00 1.295414304769680832e-14 1.611550999999999846e-17
1.704258000000000051e+00 1.303639459370406756e-14 1.575835999999999879e-17
1.704493000000000036e+00 1.311549692092605643e-14 1.473589999999999876e-17
1.704728000000000021e+00 1.343454064895912709e-14 1.483629999999999862e-17
1.704963000000000006e+00 1.355588841989635448e-14 1.462503000000000113e-17
1.705197999999999992e+00 1.326488482431971497e-14 1.443144999999999881e-17
1.705432999999999977e+00 1.277302864221725081e-14 1.429552999999999992e-17
1.705667999999999962e+00 1.288943984902065511e-14 1.426728999999999983e-17
1.705902999999999947e+00 1.345857201281122745e-14 1.357173000000000074e-17
1.706137999999999932e+00 1.379831116477458197e-14 1.184049999999999951e-17
1.706372999999999918e+00 1.363426160005856869e-14 1.190075000000000040e-17
1.706607999999999903e+00 1.316307979788672224e-14 1.153421999999999932e-17
1.706843000000000110e+00 1.308440650886795599e-14 1.158619999999999925e-17
1.707078000000000095e+00 1.325555130806377992e-14 1.137410000000000021e-17
1.707313000000000081e+00 1.290016062722125960e-14 1.091419000000000032e-17
1.707548000000000066e+00 1.258940243493349841e-14 1.084571000000000051e-17
1.707783000000000051e+00 1.300612144144590054e-14 1.095409999999999936e-17
1.708018000000000036e+00 1.337909749833462200e-14 1.107808000000000014e-17
1.708253000000000021e+00 1.267174391908174024e-14 1.079747000000000052e-17
1.708488000000000007e+00 1.229880163510860158e-14 1.057345999999999951e-17
1.708722999999999992e+00 1.236890373950413505e-14 1.065929000000000023e-17
1.708957999999999977e+00 1.303419166456024100e-14 1.097563999999999932e-17
1.709192999999999962e+00 1.337431637175762768e-14 1.126943000000000028e-17
1.709427999999999948e+00 1.344969548953469043e-14 1.129616999999999927e-17
1.709662999999999933e+00 1.355585047702877777e-14 1.144127999999999987e-17
1.709897999999999918e+00 1.354931041272238659e-14 1.183049000000000059e-17
1.710132999999999903e+00 1.360447677825013013e-14 1.274439999999999976e-17
1.710368000000000110e+00 1.353892498388980943e-14 1.407949000000000149e-17
1.710603000000000096e+00 1.319286826061274895e-14 1.394305000000000070e-17
1.710838000000000081e+00 1.272514414285419182e-14 1.342569999999999937e-17
1.711073000000000066e+00 1.251904428169801838e-14 1.336483000000000071e-17
1.711308000000000051e+00 1.271825321899836649e-14 1.361768999999999984e-17
1.711543000000000037e+00 1.278773907354024521e-14 1.516600999999999901e-17
1.711778000000000022e+00 1.287615827232571665e-14 1.522186999999999988e-17
1.712013000000000007e+00 1.306183229952592128e-14 1.568323000000000063e-17
1.712247999999999992e+00 1.262651042408296031e-14 1.487740000000000066e-17
1.712482999999999977e+00 1.274568636490549338e-14 1.454113000000000114e-17
1.712717999999999963e+00 1.327086170454040978e-14 1.452937000000000144e-17
1.712952999999999948e+00 1.342512180814660640e-14 1.402673000000000024e-17
1.713187999999999933e+00 1.338284597639170531e-14 1.375539000000000027e-17
1.713422999999999918e+00 1.331197050029223426e-14 1.274277000000000049e-17
1.713657999999999904e+00 1.301769944555717660e-14 1.186581000000000019e-17
1.713893000000000111e+00 1.247626713966135070e-14 1.113932999999999972e-17
1.714128000000000096e+00 1.235879951200125065e-14 1.081107999999999995e-17
1.714363000000000081e+00 1.215619903679668196e-14 1.072830999999999989e-17
1.714598000000000066e+00 1.186470025008060625e-14 1.068374000000000013e-17
1.714833000000000052e+00 1.251394467682611746e-14 1.129714000000000027e-17
1.715068000000000037e+00 1.264912608527873653e-14 1.104670999999999967e-17
1.715303000000000022e+00 1.300643890152082304e-14 1.103909000000000032e-17
1.715538000000000007e+00 1.311573963608654040e-14 1.116281999999999989e-17
1.715772999999999993e+00 1.280016754551158136e-14 1.086744000000000016e-17
1.716007999999999978e+00 1.225197752166056996e-14 1.087632000000000069e-17
1.716242999999999963e+00 1.240333910187702143e-14 1.061414000000000013e-17
1.716477999999999948e+00 1.328072345990034985e-14 1.125614000000000026e-17
1.716712999999999933e+00 1.318840445823948519e-14 1.117433999999999966e-17
1.716947999999999919e+00 1.268943098745308586e-14 1.082235000000000004e-17
1.717182999999999904e+00 1.284465705483167018e-14 1.109857999999999938e-17
1.717417999999999889e+00 1.230693937709741990e-14 1.078631000000000066e-17
1.717653000000000096e+00 1.189674535583936372e-14 1.061498999999999963e-17
1.717888000000000082e+00 1.225988556658538374e-14 1.079000000000000036e-17
1.718123000000000067e+00 1.228897007217064206e-14 1.097092000000000017e-17
1.718358000000000052e+00 1.176561837605399466e-14 1.068083999999999994e-17
1.718593000000000037e+00 1.165540935297029394e-14 1.064323999999999946e-17
1.718828000000000022e+00 1.169418987140569179e-14 1.085802999999999953e-17
1.719063000000000008e+00 1.178687542926093395e-14 1.137945999999999969e-17
1.719297999999999993e+00 1.154934267775204653e-14 1.061210000000000072e-17
1.719532999999999978e+00 1.132636902383880036e-14 1.052515999999999954e-17
1.719767999999999963e+00 1.201189737681583541e-14 1.109220000000000019e-17
1.720002999999999949e+00 1.217275587546052296e-14 1.092216999999999956e-17
1.720237999999999934e+00 1.225475073366974273e-14 1.104740999999999998e-17
1.720472999999999919e+00 1.310679481994931416e-14 1.167517000000000010e-17
1.720707999999999904e+00 1.321927540915073498e-14 1.195685999999999941e-17
1.720942999999999889e+00 1.229818551076972667e-14 1.143843999999999967e-17
1.721178000000000097e+00 1.163192982870045864e-14 1.159194999999999940e-17
1.721413000000000082e+00 1.177173735868563106e-14 1.164344999999999947e-17
1.721648000000000067e+00 1.195646214396765465e-14 1.128445000000000007e-17
1.721883000000000052e+00 1.286350389903613835e-14 1.183342000000000001e-17
1.722118000000000038e+00 1.336956672833706527e-14 1.334438999999999991e-17
1.722353000000000023e+00 1.271924463085360620e-14 1.579196999999999964e-17
1.722588000000000008e+00 1.216948500656760445e-14 1.681086000000000147e-17
1.722822999999999993e+00 1.211062640490309631e-14 1.819061999999999881e-17
1.723057999999999979e+00 1.201105626617786464e-14 1.812740000000000109e-17
1.723292999999999964e+00 1.192502151989591255e-14 1.811263000000000097e-17
1.723527999999999949e+00 1.128542146022773074e-14 1.698585000000000118e-17
1.723762999999999934e+00 1.109563143623347370e-14 1.541999000000000141e-17
1.723997999999999919e+00 1.192783785179056808e-14 1.550458000000000043e-17
1.724232999999999905e+00 1.251431315755395674e-14 1.603601000000000131e-17
1.724467999999999890e+00 1.254267875439027121e-14 1.557660000000000076e-17
1.724703000000000097e+00 1.242197764375294224e-14 1.392176000000000041e-17
1.724938000000000082e+00 1.219844302342756959e-14 1.310543000000000038e-17
1.725173000000000068e+00 1.243839633489470068e-14 1.398957000000000066e-17
1.725408000000000053e+00 1.256235829556747773e-14 1.364616000000000012e-17
1.725643000000000038e+00 1.241213553396890731e-14 1.319326000000000001e-17
1.725878000000000023e+00 1.230293745648846926e-14 1.326932000000000020e-17
1.726113000000000008e+00 1.182012786007543032e-14 1.275116999999999961e-17
1.726347999999999994e+00 1.155067542956969551e-14 1.269578000000000040e-17
1.726582999999999979e+00 1.126289454907306187e-14 1.248468000000000004e-17
1.726817999999999964e+00 1.114918476609512608e-14 1.304645000000000040e-17
1.727052999999999949e+00 1.110351420742422052e-14 1.312132000000000068e-17
1.727287999999999935e+00 1.118138253056074738e-14 1.337436999999999950e-17
1.727522999999999920e+00 1.185350346152567592e-14 1.357560000000000039e-17
1.727757999999999905e+00 1.242850868417624612e-14 1.381139000000000059e-17
1.727992999999999890e+00 1.256411070027562211e-14 1.347482999999999935e-17
1.728228000000000097e+00 1.250749408082162396e-14 1.340878999999999935e-17
1.728463000000000083e+00 1.232041200503385692e-14 1.290042000000000057e-17
1.728698000000000068e+00 1.250139836855905037e-14 1.307653000000000048e-17
1.728933000000000053e+00 1.206801152402249875e-14 1.275710999999999944e-17
1.729168000000000038e+00 1.159180276704338072e-14 1.247625000000000015e-17
1.729403000000000024e+00 1.135167885341084454e-14 1.221628000000000076e-17
1.729638000000000009e+00 1.123615673027283596e-14 1.207599999999999953e-17
1.729872999999999994e+00 1.160256027342164837e-14 1.230038999999999992e-17
1.730107999999999979e+00 1.192837572224234497e-14 1.219086999999999960e-17
1.730342999999999964e+00 1.230331383671133674e-14 1.226810999999999997e-17
1.730577999999999950e+00 1.276407985586592843e-14 1.234801000000000060e-17
1.730812999999999935e+00 1.302950414228041392e-14 1.247018000000000062e-17
1.731047999999999920e+00 1.252090822861798402e-14 1.239171999999999957e-17
1.731282999999999905e+00 1.161351676931702318e-14 1.175460000000000061e-17
1.731517999999999891e+00 1.149816300857842937e-14 1.172413999999999962e-17
1.731753000000000098e+00 1.089605396467382899e-14 1.144424000000000005e-17
1.731988000000000083e+00 1.032554429732849036e-14 1.113840000000000076e-17
1.732223000000000068e+00 1.092951261760537791e-14 1.154216999999999934e-17
1.732458000000000053e+00 1.165054221549532949e-14 1.363526999999999940e-17
1.732693000000000039e+00 1.191237978161046166e-14 1.350546000000000055e-17
1.732928000000000024e+00 1.188761656320992424e-14 1.353855999999999924e-17
1.733163000000000009e+00 1.203008588659788012e-14 1.375381999999999943e-17
1.733397999999999994e+00 1.206049799437255168e-14 1.370356999999999926e-17
1.733632999999999980e+00 1.193979632742802270e-14 1.348815000000000014e-17
1.733867999999999965e+00 1.191496094862352733e-14 1.400371000000000019e-17
1.734102999999999950e+00 1.154682762419467513e-14 1.570983000000000017e-17
1.734337999999999935e+00 1.095034538845942188e-14 1.580963000000000021e-17
1.734572999999999920e+00 1.079886658010329908e-14 2.092754000000000104e-17
1.734807999999999906e+00 1.107145041176736673e-14 2.528847999999999966e-17
1.735042999999999891e+00 1.102249672353001385e-14 2.616675999999999958e-17
1.735278000000000098e+00 1.101784368389415359e-14 2.752370000000000092e-17
1.735513000000000083e+00 1.092408302180247859e-14 2.777858999999999973e-17
1.735748000000000069e+00 1.119431223071491058e-14 2.849898999999999784e-17
1.735983000000000054e+00 1.142883952458400035e-14 2.889577000000000228e-17
1.736218000000000039e+00 1.163916326679468359e-14 2.915904000000000227e-17
1.736453000000000024e+00 1.177662733456617730e-14 2.941344000000000301e-17
1.736688000000000009e+00 1.169257117041552261e-14 2.909397999999999994e-17
1.736922999999999995e+00 1.140064511901133450e-14 2.840699000000000171e-17
1.737157999999999980e+00 1.106540148880534750e-14 2.751211000000000144e-17
1.737392999999999965e+00 1.145380879059812860e-14 2.836031999999999794e-17
1.737627999999999950e+00 1.230513536310768939e-14 2.942539000000000240e-17
1.737862999999999936e+00 1.184674458003091118e-14 1.566139999999999896e-17
1.738097999999999921e+00 1.116640180840489390e-14 1.082662999999999984e-17
1.738332999999999906e+00 1.141350672298499460e-14 1.000994999999999965e-17
1.738567999999999891e+00 1.171525009642327111e-14 1.012850999999999943e-17
1.738803000000000099e+00 1.210123664963527490e-14 1.034827999999999960e-17
1.739038000000000084e+00 1.183687295323594023e-14 1.019576000000000036e-17
1.739273000000000069e+00 1.182636932779975082e-14 1.035229999999999999e-17
1.739508000000000054e+00 1.163041562227567691e-14 1.012872999999999988e-17
1.739743000000000039e+00 1.150301493963868418e-14 1.004158999999999927e-17
1.739978000000000025e+00 1.117101698618009369e-14 1.008969999999999955e-17
1.740213000000000010e+00 1.121965562880040187e-14 1.019690999999999977e-17
1.740447999999999995e+00 1.085587056439269871e-14 1.052579999999999987e-17
1.740682999999999980e+00 1.041825545106965263e-14 1.039980000000000070e-17
1.740917999999999966e+00 1.065775797027392270e-14 1.079596999999999942e-17
1.741152999999999951e+00 1.110760627225252579e-14 1.170321000000000076e-17
1.741387999999999936e+00 1.158476999476043389e-14 1.231556000000000043e-17
1.741622999999999921e+00 1.180627660371654347e-14 1.272676000000000022e-17
1.741857999999999906e+00 1.205768094027012230e-14 1.318393000000000038e-17
1.742092999999999892e+00 1.236802023525420344e-14 1.384378000000000077e-17
1.742328000000000099e+00 1.180697967590168623e-14 1.340556999999999977e-17
1.742563000000000084e+00 1.084742461986795476e-14 1.295811999999999989e-17
1.742798000000000069e+00 1.073586100164464630e-14 1.278527999999999981e-17
1.743033000000000055e+00 1.125183243894149777e-14 1.351562999999999993e-17
1.743268000000000040e+00 1.135245777742507072e-14 1.347029999999999988e-17
1.743503000000000025e+00 1.154184100558444617e-14 1.361210999999999990e-17
1.743738000000000010e+00 1.108008203285982077e-14 1.346596999999999985e-17
1.743972999999999995e+00 1.063386872350847032e-14 1.317039000000000068e-17
1.744207999999999981e+00 1.112225898241899423e-14 1.384604000000000063e-17
1.744442999999999966e+00 1.169176638577927952e-14 1.472440999999999975e-17
1.744677999999999951e+00 1.205712141915900517e-14 1.876112999999999872e-17
1.744912999999999936e+00 1.180120431486368894e-14 1.916035999999999963e-17
1.745147999999999922e+00 1.120867263866359654e-14 1.785662000000000044e-17
1.745382999999999907e+00 1.202733858734151959e-14 1.981601000000000123e-17
1.745617999999999892e+00 1.141129243716736896e-14 1.639102999999999929e-17
1.745853000000000099e+00 1.132482112087230097e-14 1.548277999999999952e-17
1.746088000000000084e+00 1.186359643914799747e-14 1.603887000000000100e-17
1.746323000000000070e+00 1.203540804154471116e-14 1.622028999999999861e-17
1.746558000000000055e+00 1.140698844617602662e-14 1.554197999999999994e-17
1.746793000000000040e+00 1.111953100040370280e-14 1.525938999999999935e-17
1.747028000000000025e+00 1.094632354471990242e-14 1.504114000000000130e-17
1.747263000000000011e+00 1.053103575288255613e-14 1.428789000000000109e-17
1.747497999999999996e+00 1.046259430955030382e-14 1.434355999999999920e-17
1.747732999999999981e+00 1.082602121700741171e-14 1.474321999999999973e-17
1.747967999999999966e+00 1.079111822315460234e-14 1.482208999999999938e-17
1.748202999999999951e+00 1.025535896800442295e-14 1.415218000000000137e-17
1.748437999999999937e+00 1.051475446373214503e-14 1.447844000000000044e-17
1.748672999999999922e+00 1.154779620268726997e-14 1.603769000000000083e-17
1.748907999999999907e+00 1.187308068335739194e-14 1.606405000000000043e-17
1.749142999999999892e+00 1.137188185893641372e-14 1.560152000000000078e-17
1.749378000000000100e+00 1.098214123367636988e-14 1.564388999999999912e-17
1.749613000000000085e+00 1.098153422090451345e-14 1.624359999999999883e-17
1.749848000000000070e+00 1.132625272785757220e-14 1.682081999999999860e-17
1.750083000000000055e+00 1.135467658311863928e-14 1.722163999999999983e-17
1.750318000000000040e+00 1.063188007512407470e-14 1.644564999999999846e-17
1.750553000000000026e+00 9.644527177200445718e-15 1.542484000000000027e-17
1.750788000000000011e+00 9.345735922880666237e-15 1.490538000000000134e-17
1.751022999999999996e+00 1.029770427034128262e-14 1.655812000000000076e-17
1.751257999999999981e+00 1.083837308600651520e-14 1.686216999999999877e-17
1.751492999999999967e+00 1.095352534081505224e-14 1.676854999999999849e-17
1.751727999999999952e+00 1.084221766602316534e-14 1.657857000000000129e-17
1.751962999999999937e+00 1.043646325146386886e-14 1.581428000000000118e-17
1.752197999999999922e+00 1.036502535047274262e-14 1.449728999999999938e-17
1.752432999999999907e+00 1.085482249636650853e-14 1.451883999999999908e-17
1.752667999999999893e+00 1.138566281348439782e-14 1.434718000000000072e-17
1.752903000000000100e+00 1.195062687631542128e-14 1.412692000000000094e-17
1.753138000000000085e+00 1.162301993432099280e-14 1.245323000000000010e-17
1.753373000000000070e+00 1.097619503825381188e-14 1.152879999999999985e-17
1.753608000000000056e+00 1.046273916155730239e-14 1.119155999999999933e-17
1.753843000000000041e+00 1.067981540392662625e-14 1.070848000000000020e-17
1.754078000000000026e+00 1.063680646625214395e-14 1.035211000000000030e-17
1.754313000000000011e+00 nan nan
1.754547999999999996e+00 1.011158335397638228e-14 9.849175999999999337e-18
1.754782999999999982e+00 1.071612016457239582e-14 1.007388000000000051e-17
1.755017999999999967e+00 1.125031452427175394e-14 1.014438999999999999e-17
1.755252999999999952e+00 1.113378748591202366e-14 1.001698000000000045e-17
1.755487999999999937e+00 1.087977619273291646e-14 9.953030999999999621e-18
1.755722999999999923e+00 1.047080755964905934e-14 9.645493999999999869e-18
1.755957999999999908e+00 9.960626786458723019e-15 9.416119999999999782e-18
1.756192999999999893e+00 9.829095480688528386e-15 9.708459999999999877e-18
1.756428000000000100e+00 9.904753707577491770e-15 9.988128999999999741e-18
1.756663000000000086e+00 9.923934787398590986e-15 9.882719000000000546e-18
1.756898000000000071e+00 9.866945773404623381e-15 9.531137000000000501e-18
1.757133000000000056e+00 1.032227544696197616e-14 9.676265000000000026e-18
1.757368000000000041e+00 1.109826025645224221e-14 1.010192999999999937e-17
1.757603000000000026e+00 1.110894591646729463e-14 1.003072999999999932e-17
1.757838000000000012e+00 1.055241720193685242e-14 9.720077999999999564e-18
1.758072999999999997e+00 1.031719406068905973e-14 9.620393999999999902e-18
1.758307999999999982e+00 1.035534021733193113e-14 9.569824999999999844e-18
1.758542999999999967e+00 1.036520854213849042e-14 9.613088999999999308e-18
1.758777999999999953e+00 1.005962939248808371e-14 9.372873999999999235e-18
1.759012999999999938e+00 1.012279560425047282e-14 9.411264000000000769e-18
1.759247999999999923e+00 1.051844696848354518e-14 9.569947000000000374e-18
1.759482999999999908e+00 1.078781269764876376e-14 9.626709999999999522e-18
1.759717999999999893e+00 1.080689700788460666e-14 9.639532999999999504e-18
1.759953000000000101e+00 1.067545363485104934e-14 9.697442000000000018e-18
1.760188000000000086e+00 1.092092834321248857e-14 1.006622000000000066e-17
1.760423000000000071e+00 1.127323249347360455e-14 1.060484999999999947e-17
1.760658000000000056e+00 1.037740195870841205e-14 1.007489000000000048e-17
1.760893000000000042e+00 9.519842606714799819e-15 9.510482999999999409e-18
1.761128000000000027e+00 9.754419667187824971e-15 1.029819999999999964e-17
1.761363000000000012e+00 1.045918219557914390e-14 1.115593000000000008e-17
1.761597999999999997e+00 1.091370064512204911e-14 1.156361000000000036e-17
1.761832999999999982e+00 nan nan
1.762067999999999968e+00 1.031628780336395519e-14 1.118708999999999984e-17
1.762302999999999953e+00 9.790446380414096978e-15 1.103808000000000036e-17
1.762537999999999938e+00 9.823192222841651097e-15 1.142102000000000057e-17
1.762772999999999923e+00 9.638554409709131598e-15 1.116289999999999936e-17
1.763007999999999909e+00 9.606481241280755546e-15 1.104365000000000055e-17
1.763242999999999894e+00 9.654020739887983822e-15 1.089381999999999925e-17
1.763478000000000101e+00 1.023131863035940367e-14 1.043465000000000017e-17
1.763713000000000086e+00 1.136920907725778398e-14 1.096761999999999958e-17
1.763948000000000071e+00 1.127192473642855797e-14 1.084396999999999947e-17
1.764183000000000057e+00 1.038005333993197387e-14 1.027576999999999967e-17
1.764418000000000042e+00 9.698103949201050779e-15 9.919900000000000656e-18
1.764653000000000027e+00 9.765358517093140705e-15 9.665426000000000604e-18
1.764888000000000012e+00 1.050828447826609203e-14 9.898721000000000101e-18
1.765122999999999998e+00 1.091095478800147558e-14 9.894236999999999748e-18
1.765357999999999983e+00 1.079271302821923452e-14 9.916192000000000491e-18
1.765592999999999968e+00 1.085630057456220745e-14 1.074652999999999978e-17
1.765827999999999953e+00 1.096758062085692354e-14 1.087123000000000035e-17
1.766062999999999938e+00 1.123368306628688791e-14 1.007045000000000021e-17
1.766297999999999924e+00 1.165089955118419553e-14 1.024040999999999958e-17
1.766532999999999909e+00 1.141628414561582372e-14 1.025813000000000013e-17
1.766767999999999894e+00 1.095273700271430897e-14 1.010794000000000047e-17
1.767003000000000101e+00 9.983872935513016485e-15 9.657855000000000446e-18
1.767238000000000087e+00 9.542521325891386845e-15 9.398342999999999326e-18
1.767473000000000072e+00 9.766602382434306570e-15 9.549193000000000338e-18
1.767708000000000057e+00 9.717045119022314673e-15 9.703072999999999707e-18
1.767943000000000042e+00 9.543121118361284394e-15 9.663668000000000647e-18
1.768178000000000027e+00 9.538787165820724034e-15 9.716226999999999876e-18
1.768413000000000013e+00 9.387153933300765586e-15 9.910568999999999978e-18
1.768647999999999998e+00 9.514986389796548316e-15 1.042664999999999991e-17
1.768882999999999983e+00 9.880579730238927984e-15 1.077143000000000032e-17
1.769117999999999968e+00 1.021723341496356404e-14 1.109237000000000040e-17
1.769352999999999954e+00 1.039584830763692911e-14 1.130897999999999943e-17
1.769587999999999939e+00 1.069321788142944222e-14 1.236067000000000003e-17
1.769822999999999924e+00 1.109457999518680830e-14 1.369691999999999938e-17
1.770057999999999909e+00 1.067292663882479631e-14 1.346132000000000041e-17
1.770292999999999894e+00 1.008355328970159022e-14 1.347339999999999950e-17
1.770528000000000102e+00 1.027945682905892343e-14 1.322996000000000074e-17
1.770763000000000087e+00 1.037763146049666634e-14 1.342300000000000014e-17
1.770998000000000072e+00 9.871040353248975994e-15 1.294411000000000007e-17
1.771233000000000057e+00 9.873188431372595977e-15 1.298678999999999960e-17
1.771468000000000043e+00 9.793660764318070504e-15 1.302101999999999976e-17
1.771703000000000028e+00 9.722925977404329256e-15 1.290378999999999934e-17
1.771938000000000013e+00 1.026431781933383922e-14 1.347033000000000065e-17
1.772172999999999998e+00 9.866772786079336335e-15 1.308064000000000006e-17
1.772407999999999983e+00 9.060038829412862472e-15 1.215284999999999924e-17
1.772642999999999969e+00 9.110598308649618121e-15 1.226903000000000073e-17
1.772877999999999954e+00 9.373143952094364934e-15 1.249132999999999992e-17
1.773112999999999939e+00 9.329883986943597993e-15 1.234647000000000053e-17
1.773347999999999924e+00 9.694937881736861979e-15 1.258542000000000032e-17
1.773582999999999910e+00 1.020282324242712444e-14 1.307197000000000025e-17
1.773817999999999895e+00 1.056393190663231504e-14 1.320342999999999939e-17
1.774053000000000102e+00 1.063659874903713960e-14 1.315789999999999991e-17
1.774288000000000087e+00 1.003238282722623984e-14 1.249977999999999929e-17
1.774523000000000073e+00 9.364380823445158287e-15 1.188272999999999994e-17
1.774758000000000058e+00 9.201858840310239481e-15 1.167984000000000055e-17
1.774993000000000043e+00 9.035508498942528251e-15 1.144511000000000057e-17
1.775228000000000028e+00 8.895502953524883501e-15 1.132265000000000038e-17
1.775463000000000013e+00 9.164542837831918253e-15 1.129578000000000015e-17
1.775697999999999999e+00 9.886757115656354630e-15 1.199878000000000018e-17
1.775932999999999984e+00 9.770495382313839229e-15 1.233330000000000046e-17
1.776167999999999969e+00 9.461193113812504454e-15 1.211443000000000003e-17
1.776402999999999954e+00 9.058218506002209293e-15 1.172217999999999967e-17
1.776637999999999940e+00 8.552890829880781696e-15 1.155525999999999994e-17
1.776872999999999925e+00 8.934081457066817888e-15 1.612452000000000023e-17
1.777107999999999910e+00 9.891929551920021841e-15 1.274919999999999992e-17
1.777342999999999895e+00 1.005778954824492546e-14 1.116012000000000067e-17
1.777578000000000102e+00 9.600062671691695994e-15 1.057028000000000043e-17
1.777813000000000088e+00 9.340508369736305387e-15 1.030466999999999957e-17
1.778048000000000073e+00 9.638348818601557415e-15 1.056015000000000000e-17
1.778283000000000058e+00 9.639421630468826797e-15 1.092561999999999934e-17
1.778518000000000043e+00 9.688452587068804499e-15 1.158457999999999972e-17
1.778753000000000029e+00 9.919533163020684787e-15 1.185055000000000047e-17
1.778988000000000014e+00 9.472450579840140709e-15 1.133880999999999983e-17
1.779222999999999999e+00 9.288216736879034217e-15 1.187856000000000037e-17
1.779457999999999984e+00 9.072872566378003311e-15 1.164153999999999976e-17
1.779692999999999969e+00 8.593288612055844791e-15 9.834742000000000050e-18
1.779927999999999955e+00 9.143536749318157606e-15 1.018801999999999950e-17
1.780162999999999940e+00 1.029227015722651600e-14 1.159786000000000001e-17
1.780397999999999925e+00 1.030195941208976667e-14 1.196610999999999957e-17
1.780632999999999910e+00 1.018011862897021752e-14 1.193239000000000003e-17
1.780867999999999896e+00 1.000993231782102193e-14 1.187999000000000022e-17
1.781103000000000103e+00 9.098319733912267254e-15 1.114277999999999950e-17
1.781338000000000088e+00 8.610264279427902718e-15 1.066593000000000038e-17
1.781573000000000073e+00 8.743070990475296695e-15 1.088269000000000014e-17
1.781808000000000058e+00 9.144972139459327737e-15 1.120842000000000064e-17
1.782043000000000044e+00 9.708023126428537715e-15 1.183907999999999941e-17
1.782278000000000029e+00 9.524270766367645299e-15 1.155086000000000018e-17
1.782513000000000014e+00 9.289821280022310287e-15 1.108151000000000044e-17
1.782747999999999999e+00 9.259034329340648075e-15 1.112056999999999998e-17
1.782982999999999985e+00 9.230939898363680112e-15 1.100781000000000059e-17
1.783217999999999970e+00 9.803236022119245879e-15 1.202922000000000015e-17
1.783452999999999955e+00 1.050193430355140905e-14 1.379598000000000014e-17
1.783687999999999940e+00 1.041968467562836447e-14 1.322754000000000041e-17
1.783922999999999925e+00 1.042899353676279650e-14 1.176103000000000004e-17
1.784157999999999911e+00 1.038875974539191918e-14 1.112568999999999954e-17
1.784392999999999896e+00 1.001075568868845344e-14 1.034328999999999976e-17
1.784628000000000103e+00 9.728948898150629058e-15 9.846769999999999875e-18
1.784863000000000088e+00 9.197900020967451744e-15 9.410930000000000506e-18
1.785098000000000074e+00 9.271366477080278728e-15 9.617767000000000478e-18
1.785333000000000059e+00 9.330230277502942158e-15 9.578071999999999705e-18
1.785568000000000044e+00 8.854011989435249857e-15 9.424136999999999453e-18
1.785803000000000029e+00 8.498249645377787515e-15 9.323108000000000050e-18
1.786038000000000014e+00 8.688342991877790835e-15 9.425805999999999717e-18
1.786273000000000000e+00 9.048949317141598571e-15 9.681911999999999608e-18
1.786507999999999985e+00 9.374425739147333204e-15 9.894213000000000679e-18
1.786742999999999970e+00 9.150757893882312684e-15 9.672352999999999303e-18
1.786977999999999955e+00 8.329517459493337687e-15 9.184154999999999646e-18
1.787212999999999941e+00 8.155828860930259537e-15 9.226294999999999331e-18
1.787447999999999926e+00 8.329001854848937784e-15 9.448967999999999779e-18
1.787682999999999911e+00 8.750129757577279672e-15 9.210494000000000257e-18
1.787917999999999896e+00 9.143746689027547627e-15 1.013058999999999934e-17
1.788153000000000103e+00 9.077074897916997498e-15 1.015273000000000067e-17
1.788388000000000089e+00 9.185819831738713994e-15 1.017066000000000039e-17
1.788623000000000074e+00 9.068964238144212388e-15 9.666626999999999770e-18
1.788858000000000059e+00 8.910921209157870304e-15 9.446189000000000604e-18
1.789093000000000044e+00 9.283675282846342949e-15 9.513482000000000574e-18
1.789328000000000030e+00 9.690649197941832658e-15 9.742722999999999338e-18
1.789563000000000015e+00 9.826514187230278239e-15 9.802118000000000092e-18
1.789798000000000000e+00 9.651326797506631134e-15 9.979635999999999797e-18
1.790032999999999985e+00 9.529233903521403019e-15 1.005705999999999970e-17
1.790267999999999970e+00 9.257567990297991259e-15 1.001496000000000052e-17
1.790502999999999956e+00 8.454789665705583553e-15 9.443833999999999356e-18
1.790737999999999941e+00 9.005479543036854788e-15 9.856269000000000197e-18
1.790972999999999926e+00 9.527039881483185816e-15 1.028851999999999986e-17
1.791207999999999911e+00 9.272735482048783104e-15 1.016626000000000063e-17
1.791442999999999897e+00 8.825103225888627334e-15 9.934463000000000137e-18
1.791678000000000104e+00 8.904518447497517916e-15 9.844932000000000456e-18
1.791913000000000089e+00 8.735142755240921747e-15 9.612680999999999734e-18
1.792148000000000074e+00 8.624050186597729838e-15 9.763661999999999963e-18
1.792383000000000060e+00 8.993374402382976463e-15 1.004327000000000033e-17
1.792618000000000045e+00 9.135555338987372130e-15 1.023891000000000001e-17
1.792853000000000030e+00 8.945468809036885249e-15 1.045267000000000063e-17
1.793088000000000015e+00 9.002182377633836409e-15 1.071899999999999974e-17
1.793323000000000000e+00 8.680580394164802456e-15 1.051543999999999926e-17
1.793557999999999986e+00 8.272032227687148995e-15 1.002544999999999930e-17
1.793792999999999971e+00 8.312107698959406192e-15 9.814321000000000765e-18
1.794027999999999956e+00 8.563359077373446345e-15 9.770065999999999763e-18
1.794262999999999941e+00 8.731213085786926195e-15 9.776162999999999986e-18
1.794497999999999927e+00 8.835312129641200817e-15 9.969596000000000118e-18
1.794732999999999912e+00 8.932861834731673136e-15 1.158604000000000033e-17
1.794967999999999897e+00 8.521122932324953905e-15 9.879444999999999588e-18
1.795203000000000104e+00 8.455721181974709605e-15 9.756008999999999777e-18
1.795438000000000089e+00 9.102421760737467982e-15 1.016177000000000013e-17
1.795673000000000075e+00 nan nan
1.795908000000000060e+00 nan nan
1.796143000000000045e+00 8.482515248834483746e-15 9.094490000000000670e-18
1.796378000000000030e+00 7.465648465210473232e-15 8.142325000000000314e-18
1.796613000000000016e+00 8.672105442749554621e-15 8.890769999999999724e-18
1.796848000000000001e+00 9.401586510213459085e-15 9.282467000000000421e-18
1.797082999999999986e+00 9.404657884847751076e-15 9.261146999999999367e-18
1.797317999999999971e+00 9.687219101396059594e-15 9.531397999999999424e-18
1.797552999999999956e+00 9.322393785176495515e-15 9.494086999999999608e-18
1.797787999999999942e+00 9.288251881107980253e-15 9.339522999999999819e-18
1.798022999999999927e+00 9.591395737378182514e-15 9.149882999999999956e-18
1.798257999999999912e+00 9.444668561104316084e-15 8.925302999999999877e-18
1.798492999999999897e+00 9.747402362885921556e-15 9.096148000000000142e-18
1.798728000000000105e+00 9.976704991692525204e-15 9.155102000000000483e-18
1.798963000000000090e+00 9.350841396170770609e-15 9.035725000000000506e-18
1.799198000000000075e+00 8.443440982852488310e-15 8.858053000000000485e-18
1.799433000000000060e+00 8.173040927601272591e-15 8.337173999999999422e-18
1.799668000000000045e+00 8.196946908087772540e-15 7.991502999999999500e-18
1.799903000000000031e+00 8.329240602359806718e-15 8.103881000000000490e-18
1.800138000000000016e+00 8.615945428010311305e-15 8.312795999999999813e-18
1.800373000000000001e+00 8.599515330386484859e-15 8.058141000000000300e-18
1.800607999999999986e+00 8.596731779819941750e-15 8.090446000000000376e-18
1.800842999999999972e+00 8.276432605362986252e-15 7.892080000000000302e-18
1.801077999999999957e+00 7.406196289543352288e-15 7.573500000000000569e-18
1.801312999999999942e+00 7.658862750116251543e-15 9.567558000000000317e-18
1.801547999999999927e+00 8.158119386496862223e-15 8.886250999999999509e-18
1.801782999999999912e+00 8.457899889268761101e-15 8.281686999999999804e-18
1.802017999999999898e+00 8.724195003859006729e-15 8.391797999999999726e-18
1.802253000000000105e+00 8.519729652862772439e-15 8.328030999999999409e-18
1.802488000000000090e+00 8.118287892250990938e-15 8.081230000000000563e-18
1.802723000000000075e+00 7.884698659879432033e-15 7.790373000000000632e-18
1.802958000000000061e+00 8.312961357505751036e-15 8.188520999999999756e-18
1.803193000000000046e+00 8.763989569410327977e-15 8.746996999999999680e-18
1.803428000000000031e+00 8.940184464663438845e-15 9.150450000000000487e-18
1.803663000000000016e+00 8.713972867094050354e-15 9.162147000000000125e-18
1.803898000000000001e+00 8.648082635009689007e-15 9.252851999999999828e-18
1.804132999999999987e+00 9.266197503629160346e-15 9.752266999999999262e-18
1.804367999999999972e+00 9.606720474497198152e-15 9.984485000000000687e-18
1.804602999999999957e+00 9.463740834966693577e-15 9.844490000000000531e-18
1.804837999999999942e+00 8.978877523185803846e-15 8.727526000000000379e-18
1.805072999999999928e+00 8.679410494337428103e-15 8.642928000000000638e-18
1.805307999999999913e+00 8.844543572997008098e-15 8.623301000000000458e-18
1.805542999999999898e+00 8.567864923539444794e-15 8.485297000000000525e-18
1.805778000000000105e+00 8.136192269147507766e-15 8.330806000000000536e-18
1.806013000000000090e+00 8.194076227827572429e-15 8.538019999999999810e-18
1.806248000000000076e+00 8.370811014511814858e-15 8.433523000000000172e-18
1.806483000000000061e+00 8.801393461832130429e-15 8.429982999999999650e-18
1.806718000000000046e+00 9.152505671776880087e-15 8.570890999999999363e-18
1.806953000000000031e+00 8.638195445232883433e-15 8.348572000000000199e-18
1.807188000000000017e+00 7.949773575080399863e-15 8.146242999999999648e-18
1.807423000000000002e+00 7.486381599572514389e-15 7.762279000000000141e-18
1.807657999999999987e+00 7.673980227089322630e-15 7.820611000000000610e-18
1.807892999999999972e+00 8.550676410789173484e-15 8.337576999999999897e-18
1.808127999999999957e+00 9.049496718454282892e-15 8.682300999999999913e-18
1.808362999999999943e+00 9.117741018944360082e-15 8.934820000000000656e-18
1.808597999999999928e+00 8.378441459503684470e-15 8.533364999999999737e-18
1.808832999999999913e+00 7.952478504139175724e-15 8.257883999999999901e-18
1.809067999999999898e+00 8.480390666766389346e-15 8.549276000000000576e-18
1.809303000000000106e+00 8.983332937649288613e-15 8.829290999999999467e-18
1.809538000000000091e+00 8.791950650784102784e-15 8.774665000000000140e-18
1.809773000000000076e+00 8.842895476438451777e-15 8.862397999999999363e-18
1.810008000000000061e+00 9.095870932282845779e-15 9.232735999999999557e-18
1.810243000000000047e+00 9.093450347565328545e-15 9.187594000000000171e-18
1.810478000000000032e+00 8.158569868535443822e-15 8.622892999999999342e-18
1.810713000000000017e+00 7.206306391489701504e-15 7.998593999999999796e-18
1.810948000000000002e+00 7.008842583661979138e-15 7.911992999999999528e-18
1.811182999999999987e+00 7.500715106493074890e-15 8.242068000000000446e-18
1.811417999999999973e+00 8.138405379716614824e-15 8.672940000000000013e-18
1.811652999999999958e+00 8.603891263912272866e-15 8.827273999999999611e-18
1.811887999999999943e+00 8.870268924781358390e-15 8.942093999999999436e-18
1.812122999999999928e+00 8.530335878341707524e-15 8.897773999999999351e-18
1.812357999999999913e+00 7.789366127292242540e-15 8.448210000000000747e-18
1.812592999999999899e+00 7.391240583558200963e-15 8.076077000000000171e-18
1.812828000000000106e+00 7.561501422732313664e-15 8.204764999999999806e-18
1.813063000000000091e+00 8.315828931578136231e-15 8.605697000000000285e-18
1.813298000000000076e+00 8.588154027332342797e-15 8.819809999999999602e-18
1.813533000000000062e+00 8.372684833538747311e-15 8.843577000000000132e-18
1.813768000000000047e+00 8.646890906420243294e-15 8.944712999999999684e-18
1.814003000000000032e+00 9.109400354771033129e-15 9.169479999999999375e-18
1.814238000000000017e+00 9.500007367135017334e-15 9.358130999999999805e-18
1.814473000000000003e+00 1.003107736791348280e-14 9.611039999999999667e-18
1.814707999999999988e+00 9.847495365094807691e-15 9.806599000000000368e-18
1.814942999999999973e+00 8.777457132732664830e-15 1.033358000000000075e-17
1.815177999999999958e+00 8.415353573285620573e-15 1.065086000000000035e-17
1.815412999999999943e+00 8.856804977661720588e-15 1.081495999999999934e-17
1.815647999999999929e+00 8.750863898233659630e-15 1.068742000000000010e-17
1.815882999999999914e+00 8.708455342999375734e-15 1.095445999999999926e-17
1.816117999999999899e+00 8.760825002370320460e-15 1.134451999999999947e-17
1.816353000000000106e+00 8.801672826588341834e-15 1.148731999999999998e-17
1.816588000000000092e+00 9.245487912034901279e-15 1.175004000000000038e-17
1.816823000000000077e+00 8.827819975344595688e-15 1.095583000000000066e-17
1.817058000000000062e+00 7.710914097992633530e-15 1.035172999999999938e-17
1.817293000000000047e+00 7.659469151005431575e-15 1.295524000000000072e-17
1.817528000000000032e+00 8.310504493854303807e-15 1.346424000000000009e-17
1.817763000000000018e+00 8.057860235436043166e-15 1.055043999999999946e-17
1.817998000000000003e+00 8.071576469757556959e-15 9.811071000000000417e-18
1.818232999999999988e+00 8.136072293485021101e-15 1.001665999999999952e-17
1.818467999999999973e+00 7.973838274471458983e-15 9.446133000000000210e-18
1.818702999999999959e+00 7.968507219715663264e-15 8.886625999999999786e-18
1.818937999999999944e+00 8.328695503824579746e-15 9.172477999999999488e-18
1.819172999999999929e+00 8.601686639171806653e-15 9.953054000000000719e-18
1.819407999999999914e+00 8.097094544985890401e-15 9.556945999999999467e-18
1.819642999999999899e+00 7.711062400505338650e-15 8.742202000000000161e-18
1.819878000000000107e+00 8.101784075353590863e-15 8.739484000000000481e-18
1.820113000000000092e+00 8.381676656043806514e-15 8.697221000000000755e-18
1.820348000000000077e+00 8.206735448656702155e-15 8.938583999999999676e-18
1.820583000000000062e+00 8.242026853908524276e-15 8.914319000000000368e-18
1.820818000000000048e+00 8.267154110573929729e-15 8.945766000000000228e-18
1.821053000000000033e+00 7.978788943757194431e-15 8.719645000000000567e-18
1.821288000000000018e+00 7.986327911425207514e-15 8.862160999999999509e-18
1.821523000000000003e+00 7.845399882244305395e-15 8.809410999999999539e-18
1.821757999999999988e+00 7.548675883907936636e-15 8.647899000000000517e-18
1.821992999999999974e+00 7.316367945816694066e-15 8.548396999999999828e-18
1.822227999999999959e+00 7.335113138263091990e-15 8.671103999999999617e-18
1.822462999999999944e+00 7.592664036546029980e-15 9.219474999999999239e-18
1.822697999999999929e+00 8.012682971636400567e-15 8.686302999999999839e-18
1.822932999999999915e+00 8.634236601128108446e-15 8.800156000000000277e-18
1.823167999999999900e+00 8.887407288426401055e-15 9.051926999999999489e-18
1.823403000000000107e+00 9.134549754812811335e-15 1.011212999999999952e-17
1.823638000000000092e+00 9.357336086791648097e-15 1.115961999999999979e-17
1.823873000000000077e+00 9.137949656716503127e-15 1.037848999999999938e-17
1.824108000000000063e+00 9.233985933909764186e-15 9.628817999999999635e-18
1.824343000000000048e+00 9.370334298407884800e-15 9.535947999999999912e-18
1.824578000000000033e+00 8.929970825038885402e-15 9.307076999999999245e-18
1.824813000000000018e+00 8.274598404278457612e-15 8.895563000000000219e-18
1.825048000000000004e+00 7.946429358220289710e-15 8.860904999999999459e-18
1.825282999999999989e+00 7.762788858404108628e-15 8.914489000000000576e-18
1.825517999999999974e+00 8.022379782579514468e-15 9.063937000000000399e-18
1.825752999999999959e+00 8.775217701113525538e-15 9.441667000000000314e-18
1.825987999999999944e+00 8.592449872229038750e-15 9.349691999999999692e-18
1.826222999999999930e+00 7.164966612262146966e-15 8.701208999999999812e-18
1.826457999999999915e+00 6.576724964136934892e-15 8.439829000000000052e-18
1.826692999999999900e+00 7.577186764691298375e-15 9.096198999999999896e-18
1.826928000000000107e+00 8.206896022949958792e-15 9.193771999999999369e-18
1.827163000000000093e+00 8.238073363340978537e-15 9.090505000000000148e-18
1.827398000000000078e+00 8.393141993725181234e-15 9.149361000000000569e-18
1.827633000000000063e+00 7.936372241756224084e-15 8.901847000000000054e-18
1.827868000000000048e+00 8.522917108562873499e-15 9.627756000000000403e-18
1.828103000000000034e+00 9.166163904219889848e-15 1.038900000000000073e-17
1.828338000000000019e+00 8.860104542540944360e-15 1.009657999999999963e-17
1.828573000000000004e+00 8.815460943680465757e-15 1.018932999999999938e-17
1.828807999999999989e+00 8.562731605777837277e-15 9.666440999999999669e-18
1.829042999999999974e+00 8.230827866840631860e-15 9.467158000000000450e-18
1.829277999999999960e+00 8.561176147449309685e-15 9.773970999999999281e-18
1.829512999999999945e+00 9.147993453208966989e-15 1.008037999999999967e-17
1.829747999999999930e+00 9.333525772065713533e-15 1.021185000000000009e-17
1.829982999999999915e+00 8.752825980879068542e-15 9.722678999999999354e-18
1.830217999999999900e+00 8.132096937829818708e-15 9.324575999999999833e-18
1.830453000000000108e+00 7.934180133312937190e-15 9.555244999999999418e-18
1.830688000000000093e+00 8.299576728270282498e-15 9.844825999999999818e-18
1.830923000000000078e+00 8.768617672828624573e-15 1.023477999999999940e-17
1.831158000000000063e+00 8.461857771930321545e-15 9.900674999999999898e-18
1.831393000000000049e+00 8.302630926388466595e-15 9.533287999999999651e-18
1.831628000000000034e+00 8.822405104905657571e-15 1.000128999999999957e-17
1.831863000000000019e+00 8.659556914545024085e-15 9.699306000000000611e-18
1.832098000000000004e+00 7.775325686700294286e-15 9.082485999999999914e-18
1.832332999999999990e+00 7.527231153552458808e-15 8.984365999999999391e-18
1.832567999999999975e+00 7.372625777855192930e-15 8.908701000000000495e-18
1.832802999999999960e+00 7.680763023015266235e-15 9.103145999999999617e-18
1.833037999999999945e+00 8.068107966661246046e-15 9.445357000000000022e-18
1.833272999999999930e+00 8.152111714690942774e-15 9.477949000000000195e-18
1.833507999999999916e+00 8.391340262416188999e-15 9.678537000000000194e-18
1.833742999999999901e+00 8.352467001818495929e-15 9.349088999999999788e-18
1.833978000000000108e+00 8.013417426913009418e-15 8.999697999999999395e-18
1.834213000000000093e+00 8.191308577973615558e-15 9.285592999999999676e-18
1.834448000000000079e+00 8.582056947687454476e-15 9.502131999999999475e-18
1.834683000000000064e+00 8.273388116735065310e-15 8.995095999999999641e-18
1.834918000000000049e+00 7.623528868242970554e-15 8.595892999999999409e-18
1.835153000000000034e+00 7.520365718132862031e-15 8.564647999999999542e-18
1.835388000000000019e+00 8.488007616566371760e-15 9.057793000000000010e-18
1.835623000000000005e+00 8.817372266072302892e-15 9.137679999999999283e-18
1.835857999999999990e+00 8.368533357021501540e-15 8.900083999999999457e-18
1.836092999999999975e+00 8.198012139640836833e-15 8.981076000000000081e-18
1.836327999999999960e+00 7.917534553705254293e-15 8.760263000000000638e-18
1.836562999999999946e+00 8.538873328839934325e-15 9.215405999999999665e-18
1.836797999999999931e+00 9.235113037844771800e-15 9.701545999999999453e-18
1.837032999999999916e+00 8.754566453158495360e-15 9.414317000000000224e-18
1.837267999999999901e+00 8.501880590806068235e-15 9.392499999999999904e-18
1.837503000000000108e+00 8.044925531056749755e-15 9.176673000000000721e-18
1.837738000000000094e+00 6.998175904460855777e-15 8.358166000000000366e-18
1.837973000000000079e+00 7.063916699291853386e-15 8.589516000000000294e-18
1.838208000000000064e+00 8.078616506887297012e-15 9.408125000000000157e-18
1.838443000000000049e+00 8.324988513330574572e-15 9.588300000000000048e-18
1.838678000000000035e+00 8.493833204591870608e-15 9.733355999999999286e-18
1.838913000000000020e+00 8.282373832344936986e-15 9.530806000000000314e-18
1.839148000000000005e+00 7.721987083892111525e-15 8.967328999999999749e-18
1.839382999999999990e+00 7.673649126302282074e-15 9.074394999999999392e-18
1.839617999999999975e+00 7.440338992400036639e-15 8.950901999999999675e-18
1.839852999999999961e+00 7.159867519478742582e-15 8.961830000000000330e-18
1.840087999999999946e+00 7.836935073369645389e-15 9.662188000000000560e-18
1.840322999999999931e+00 8.226833969490427888e-15 1.007655000000000051e-17
1.840557999999999916e+00 8.286314732234654682e-15 1.069630000000000062e-17
1.840792999999999902e+00 8.405408081916429294e-15 1.130484000000000062e-17
1.841028000000000109e+00 8.852607943531460946e-15 1.168399000000000064e-17
1.841263000000000094e+00 9.413976896574358650e-15 1.229168999999999934e-17
1.841498000000000079e+00 9.022510879304112460e-15 1.239870999999999987e-17
1.841733000000000064e+00 8.003181355294200712e-15 1.140791000000000049e-17
1.841968000000000050e+00 7.092669784526503770e-15 1.012647999999999975e-17
1.842203000000000035e+00 7.090156757743015912e-15 1.011455999999999959e-17
1.842438000000000020e+00 7.201762368076758758e-15 1.018924000000000018e-17
1.842673000000000005e+00 7.227869982862241031e-15 1.013701000000000057e-17
1.842907999999999991e+00 7.364427065055035842e-15 9.950856999999999374e-18
1.843142999999999976e+00 7.578523232054264936e-15 9.390776000000000297e-18
1.843377999999999961e+00 7.575732783543431479e-15 8.891394000000000160e-18
1.843612999999999946e+00 7.429036869157754796e-15 8.619748000000000119e-18
1.843847999999999931e+00 7.491939408459749992e-15 8.591040999999999984e-18
1.844082999999999917e+00 7.185576892660635420e-15 8.287171000000000383e-18
1.844317999999999902e+00 7.009390818512781778e-15 8.230272999999999347e-18
1.844553000000000109e+00 7.088955137459374856e-15 8.155925999999999507e-18
1.844788000000000094e+00 7.258607819010470458e-15 8.107694999999999752e-18
1.845023000000000080e+00 7.737673117787074368e-15 8.270498999999999737e-18
1.845258000000000065e+00 8.208937941982820035e-15 8.571183999999999612e-18
1.845493000000000050e+00 7.849859596237765550e-15 8.876368999999999734e-18
1.845728000000000035e+00 7.339046521590741017e-15 8.881534999999999942e-18
1.845963000000000021e+00 7.860686451793073135e-15 8.573487999999999566e-18
1.846198000000000006e+00 8.122719959788293781e-15 8.580254999999999339e-18
1.846432999999999991e+00 8.077122981777165613e-15 8.612160000000000557e-18
1.846667999999999976e+00 7.497295584580032318e-15 8.208126999999999403e-18
1.846902999999999961e+00 6.920013412910254987e-15 7.830327999999999277e-18
1.847137999999999947e+00 6.799397904355476569e-15 7.606100999999999430e-18
1.847372999999999932e+00 7.140197762186336628e-15 7.762497999999999538e-18
1.847607999999999917e+00 7.400950122987299168e-15 7.873927000000000057e-18
1.847842999999999902e+00 7.395748790325208445e-15 8.024217000000000202e-18
1.848078000000000110e+00 6.685838940801515796e-15 7.357353999999999963e-18
1.848313000000000095e+00 6.034316445330832147e-15 6.889399000000000206e-18
1.848548000000000080e+00 6.142647632249061537e-15 6.972836999999999253e-18
1.848783000000000065e+00 6.625931796125151956e-15 7.188314999999999333e-18
1.849018000000000050e+00 7.426523054986917600e-15 7.577338000000000440e-18
1.849253000000000036e+00 7.704576233483452915e-15 7.854476000000000236e-18
1.849488000000000021e+00 7.157015838288229074e-15 7.413127000000000167e-18
1.849723000000000006e+00 7.237447222000303358e-15 7.313560000000000395e-18
1.849957999999999991e+00 7.613503679673643993e-15 7.522495000000000739e-18
1.850192999999999977e+00 7.355524709065718107e-15 7.437685999999999236e-18
1.850427999999999962e+00 7.056642841477567736e-15 7.290312000000000717e-18
1.850662999999999947e+00 7.337170861045322651e-15 7.484485999999999634e-18
1.850897999999999932e+00 7.722831858602598151e-15 7.583294999999999676e-18
1.851132999999999917e+00 7.994195731333966546e-15 7.717966999999999232e-18
1.851367999999999903e+00 7.926826349949990294e-15 7.859864999999999430e-18
1.851603000000000110e+00 8.097908955375247001e-15 7.904940000000000710e-18
1.851838000000000095e+00 8.494044907107415257e-15 8.110310999999999923e-18
1.852073000000000080e+00 8.299974201152830169e-15 8.002055999999999878e-18
1.852308000000000066e+00 8.048463588109381222e-15 7.919370999999999921e-18
1.852543000000000051e+00 8.317635424836035296e-15 8.079246999999999516e-18
1.852778000000000036e+00 8.215674672520807774e-15 8.037914000000000292e-18
1.853013000000000021e+00 7.312846625664948521e-15 7.645181999999999507e-18
1.853248000000000006e+00 6.856037709731637895e-15 7.422292999999999737e-18
1.853482999999999992e+00 7.185765104805572711e-15 7.664180000000000151e-18
1.853717999999999977e+00 7.129873263290272014e-15 7.634042000000000659e-18
1.853952999999999962e+00 6.901119814233504528e-15 7.538212000000000761e-18
1.854187999999999947e+00 7.295411259909612834e-15 8.005091000000000417e-18
1.854422999999999933e+00 7.746764936996746954e-15 8.616867999999999407e-18
1.854657999999999918e+00 7.579219004526511787e-15 8.403737999999999371e-18
1.854892999999999903e+00 6.984326891847073834e-15 8.116787000000000011e-18
1.855128000000000110e+00 6.730521720123408655e-15 8.029371000000000106e-18
1.855363000000000095e+00 7.144078644206008506e-15 8.300234999999999807e-18
1.855598000000000081e+00 7.948723679666704336e-15 8.799060000000000695e-18
1.855833000000000066e+00 7.799919628956506636e-15 8.603586000000000097e-18
1.856068000000000051e+00 7.394117176899305741e-15 8.249324999999999822e-18
1.856303000000000036e+00 6.910275389978293690e-15 8.193787999999999961e-18
1.856538000000000022e+00 6.301202518147923663e-15 7.900652999999999710e-18
1.856773000000000007e+00 5.777906148685109239e-15 7.309114999999999491e-18
1.857007999999999992e+00 6.378809922373418219e-15 7.675282000000000603e-18
1.857242999999999977e+00 6.847121485667207164e-15 7.862354999999999484e-18
1.857477999999999962e+00 7.162072083292404528e-15 8.013195000000000755e-18
1.857712999999999948e+00 6.959372455361795742e-15 7.806718000000000679e-18
1.857947999999999933e+00 6.221280531461819896e-15 7.388601999999999906e-18
1.858182999999999918e+00 6.083077088971220427e-15 7.294533999999999553e-18
1.858417999999999903e+00 6.205222230227706155e-15 7.361719999999999374e-18
1.858653000000000111e+00 6.547080100072242957e-15 7.647898000000000164e-18
1.858888000000000096e+00 6.717815837657826937e-15 7.633535000000000111e-18
1.859123000000000081e+00 6.514664342560574701e-15 7.534274000000000405e-18
1.859358000000000066e+00 6.666705356225466881e-15 7.652581000000000434e-18
1.859593000000000051e+00 6.920574123048292258e-15 7.912868000000000688e-18
1.859828000000000037e+00 7.108064987456297959e-15 7.901819000000000555e-18
1.860063000000000022e+00 6.895416312855320908e-15 7.671884000000000091e-18
1.860298000000000007e+00 6.689877275020669981e-15 7.543282000000000073e-18
1.860532999999999992e+00 6.548916031296248204e-15 7.368263000000000650e-18
1.860767999999999978e+00 6.594366462674251634e-15 7.337344000000000329e-18
1.861002999999999963e+00 6.698050163831794045e-15 7.559276000000000451e-18
1.861237999999999948e+00 6.525331580055179620e-15 7.439703000000000633e-18
1.861472999999999933e+00 6.478452791946652805e-15 7.378325999999999885e-18
1.861707999999999918e+00 6.940446166912173690e-15 7.528470999999999944e-18
1.861942999999999904e+00 7.401613204210998084e-15 7.970757000000000180e-18
1.862178000000000111e+00 7.838850332764809073e-15 8.282352000000000254e-18
1.862413000000000096e+00 7.512320493587819538e-15 7.933575000000000558e-18
1.862648000000000081e+00 6.997647782245999832e-15 7.690640000000000240e-18
1.862883000000000067e+00 6.709982864581019113e-15 7.485697999999999594e-18
1.863118000000000052e+00 6.918663337054239242e-15 7.774571000000000506e-18
1.863353000000000037e+00 7.425453268767244890e-15 8.002765000000000419e-18
1.863588000000000022e+00 7.499170320319740192e-15 8.018753000000000645e-18
1.863823000000000008e+00 7.711873866969473799e-15 8.079940999999999676e-18
1.864057999999999993e+00 7.472728902803710703e-15 8.047102999999999420e-18
1.864292999999999978e+00 7.062516152704679164e-15 7.820880999999999762e-18
1.864527999999999963e+00 7.058474020758226832e-15 7.781416000000000719e-18
1.864762999999999948e+00 7.250564928235998079e-15 7.915426999999999412e-18
1.864997999999999934e+00 7.340826685057700852e-15 7.949117999999999243e-18
1.865232999999999919e+00 6.580252758486539470e-15 7.474534999999999648e-18
1.865467999999999904e+00 6.540569990996027317e-15 7.825431999999999761e-18
1.865702999999999889e+00 6.741488503010883373e-15 7.974256000000000688e-18
1.865938000000000097e+00 7.183193932861367279e-15 8.242381000000000176e-18
1.866173000000000082e+00 7.394139708444271568e-15 8.032262999999999582e-18
1.866408000000000067e+00 7.772794770772606980e-15 8.219862000000000520e-18
1.866643000000000052e+00 7.769875897472458006e-15 8.273909000000000553e-18
1.866878000000000037e+00 7.459279677837816717e-15 8.092991999999999284e-18
1.867113000000000023e+00 7.274914122201302712e-15 7.942706999999999779e-18
1.867348000000000008e+00 7.383039187021958089e-15 8.256372999999999539e-18
1.867582999999999993e+00 7.455442237044823613e-15 8.324885000000000674e-18
1.867817999999999978e+00 6.779209615131923613e-15 8.021181999999999664e-18
1.868052999999999964e+00 5.876993459344846522e-15 7.394157999999999232e-18
1.868287999999999949e+00 6.271150482387769216e-15 7.762642000000000113e-18
1.868522999999999934e+00 7.263452630149839832e-15 8.377598000000000217e-18
1.868757999999999919e+00 7.463992115827062715e-15 8.663910999999999812e-18
1.868992999999999904e+00 7.341463060262987514e-15 8.586839000000000628e-18
1.869227999999999890e+00 7.407441414067390557e-15 8.650575000000000672e-18
1.869463000000000097e+00 7.533023624728833424e-15 8.884612999999999518e-18
1.869698000000000082e+00 7.500129542292368199e-15 8.877794000000000479e-18
1.869933000000000067e+00 7.488010006230992955e-15 8.797400000000000659e-18
1.870168000000000053e+00 7.629565631171489054e-15 9.177504999999999762e-18
1.870403000000000038e+00 7.753693058263494116e-15 9.219186000000000118e-18
1.870638000000000023e+00 7.911926036804029325e-15 9.323341999999999828e-18
1.870873000000000008e+00 7.377654144546197833e-15 9.123693000000000560e-18
1.871107999999999993e+00 6.957623485822370735e-15 8.889746000000000429e-18
1.871342999999999979e+00 6.814102758090575909e-15 8.589222000000000533e-18
1.871577999999999964e+00 6.801563684434733980e-15 8.770741000000000653e-18
1.871812999999999949e+00 6.998500920123423066e-15 9.024089999999999874e-18
1.872047999999999934e+00 7.489541775677413290e-15 9.258261999999999555e-18
1.872282999999999920e+00 7.621675383812838955e-15 9.348009999999999611e-18
1.872517999999999905e+00 7.321669321521617860e-15 8.894786000000000519e-18
1.872752999999999890e+00 7.373831121261378282e-15 9.083223000000000652e-18
1.872988000000000097e+00 6.728503015837997303e-15 8.761302999999999825e-18
1.873223000000000082e+00 5.991466770744694259e-15 8.333684000000000684e-18
1.873458000000000068e+00 5.950652664055406990e-15 8.349639000000000072e-18
1.873693000000000053e+00 6.509043150488469755e-15 8.989638999999999748e-18
1.873928000000000038e+00 7.055807863530221336e-15 9.793735999999999885e-18
1.874163000000000023e+00 7.375650087655713487e-15 1.141310999999999951e-17
1.874398000000000009e+00 7.585365466870183771e-15 1.272289000000000056e-17
1.874632999999999994e+00 7.442804356036670685e-15 1.757584000000000061e-17
1.874867999999999979e+00 7.269750587545263004e-15 2.338053000000000050e-17
1.875102999999999964e+00 7.286754134684264311e-15 2.352753999999999953e-17
1.875337999999999949e+00 7.267191655579421647e-15 2.322464000000000094e-17
1.875572999999999935e+00 7.597686956228713538e-15 2.399795999999999922e-17
1.875807999999999920e+00 7.921540715667217373e-15 2.461791999999999850e-17
1.876042999999999905e+00 7.915368706523766200e-15 2.430059000000000021e-17
1.876277999999999890e+00 7.661499394406948238e-15 2.324718999999999933e-17
1.876513000000000098e+00 7.452822681720678190e-15 2.060931999999999966e-17
1.876748000000000083e+00 7.195361842110233587e-15 1.445557000000000111e-17
1.876983000000000068e+00 6.919453801549947754e-15 1.334782999999999995e-17
1.877218000000000053e+00 6.830391058540466858e-15 1.220932999999999942e-17
1.877453000000000038e+00 7.123206003900551900e-15 1.016925000000000003e-17
1.877688000000000024e+00 7.369130533802662775e-15 9.427368999999999344e-18
1.877923000000000009e+00 6.960236130867651128e-15 8.435805999999999592e-18
1.878157999999999994e+00 6.891962910233313052e-15 8.049610999999999930e-18
1.878392999999999979e+00 6.833754270244982610e-15 7.910682999999999648e-18
1.878627999999999965e+00 6.241058541804088559e-15 7.430071000000000529e-18
1.878862999999999950e+00 6.275951075035414682e-15 7.373194000000000027e-18
1.879097999999999935e+00 6.944796549011152000e-15 7.816114999999999952e-18
1.879332999999999920e+00 7.112021036741767562e-15 7.938710000000000492e-18
1.879567999999999905e+00 6.924247021221142676e-15 7.729285000000000546e-18
1.879802999999999891e+00 6.928560465127617809e-15 7.758217000000000231e-18
1.880038000000000098e+00 7.148337563242257130e-15 7.722034999999999294e-18
1.880273000000000083e+00 7.348686886185008385e-15 7.615520999999999800e-18
1.880508000000000068e+00 7.714471763624104881e-15 8.071665999999999618e-18
1.880743000000000054e+00 8.368828919498580433e-15 8.581045000000000395e-18
1.880978000000000039e+00 7.942360090543772795e-15 8.136820000000000743e-18
1.881213000000000024e+00 7.335212408023310889e-15 7.724543999999999316e-18
1.881448000000000009e+00 6.858958925431248098e-15 7.616589000000000726e-18
1.881682999999999995e+00 6.923832212994873286e-15 7.595293999999999792e-18
1.881917999999999980e+00 7.396290427922175923e-15 8.235232999999999974e-18
1.882152999999999965e+00 7.599622601994715801e-15 1.031669000000000022e-17
1.882387999999999950e+00 8.051557321543179084e-15 1.232141999999999926e-17
1.882622999999999935e+00 8.306878033558449148e-15 1.057716000000000050e-17
1.882857999999999921e+00 8.231921489890210666e-15 9.156037000000000086e-18
1.883092999999999906e+00 8.201325364601536433e-15 1.062702000000000002e-17
1.883327999999999891e+00 8.011203031329033353e-15 1.064476000000000005e-17
1.883563000000000098e+00 7.930711915032967575e-15 1.064940999999999948e-17
1.883798000000000084e+00 7.821932841012308083e-15 1.074723000000000009e-17
1.884033000000000069e+00 7.727727266014891983e-15 1.106837999999999934e-17
1.884268000000000054e+00 7.791023685164207967e-15 1.075475000000000049e-17
1.884503000000000039e+00 7.800982882496016131e-15 1.080148999999999937e-17
1.884738000000000024e+00 7.551577352495126039e-15 1.078839000000000057e-17
1.884973000000000010e+00 7.152963173423212592e-15 1.090652000000000073e-17
1.885207999999999995e+00 6.645922424222859282e-15 1.040469999999999980e-17
1.885442999999999980e+00 6.872966259887463489e-15 1.066821999999999946e-17
1.885677999999999965e+00 7.154346857346879100e-15 1.028395999999999963e-17
1.885912999999999951e+00 7.212566263884281929e-15 9.683470000000000136e-18
1.886147999999999936e+00 7.635823794867138078e-15 1.109440999999999981e-17
1.886382999999999921e+00 8.006588914268099588e-15 1.130190999999999967e-17
1.886617999999999906e+00 7.537688535395051173e-15 9.953078999999999299e-18
1.886852999999999891e+00 7.021744553838250416e-15 9.585544000000000430e-18
1.887088000000000099e+00 7.257505115153816005e-15 1.090488999999999991e-17
1.887323000000000084e+00 7.861443615224003703e-15 1.248686000000000044e-17
1.887558000000000069e+00 7.977963313284768065e-15 1.284977000000000000e-17
1.887793000000000054e+00 7.853124110420948946e-15 1.309755000000000008e-17
1.888028000000000040e+00 7.903266009893382552e-15 1.362155999999999949e-17
1.888263000000000025e+00 7.896441142746439724e-15 1.453858000000000110e-17
1.888498000000000010e+00 7.410686570477640636e-15 1.393478000000000128e-17
1.888732999999999995e+00 6.613604874627519537e-15 1.259120999999999943e-17
1.888967999999999980e+00 6.505850679422980270e-15 1.412875000000000118e-17
1.889202999999999966e+00 6.864581269449623363e-15 2.042330000000000133e-17
1.889437999999999951e+00 7.557893202348560840e-15 2.821249999999999991e-17
1.889672999999999936e+00 nan nan
1.889907999999999921e+00 nan nan
