9.701174999999999660e-01 nan nan
9.703524999999999512e-01 nan nan
9.705875000000000474e-01 nan nan
9.708225000000000326e-01 nan nan
9.710575000000000179e-01 nan nan
9.712925000000000031e-01 nan nan
9.715274999999999883e-01 1.862073911261767545e-14 1.680629000000000088e-16
9.717624999999999735e-01 1.898778477861915676e-14 1.375057000000000001e-16
9.719974999999999588e-01 1.873748116798791393e-14 1.099034999999999946e-16
9.722325000000000550e-01 1.817697803204345676e-14 9.181867999999999713e-17
9.724675000000000402e-01 1.781588199152362324e-14 8.139945999999999997e-17
9.727025000000000254e-01 1.740667643105436834e-14 7.182925999999999831e-17
9.729375000000000107e-01 1.671918561203682645e-14 6.009378000000000350e-17
9.731724999999999959e-01 1.561009063026854116e-14 5.544476000000000048e-17
9.734074999999999811e-01 1.542625153445602112e-14 5.545680000000000215e-17
9.736424999999999663e-01 1.576881058335042937e-14 5.614828999999999754e-17
9.738774999999999515e-01 1.596325412806598290e-14 5.679208000000000203e-17
9.741125000000000478e-01 1.599285010442702855e-14 5.647862999999999543e-17
9.743475000000000330e-01 1.548397740025216499e-14 5.376497000000000243e-17
9.745825000000000182e-01 1.477736864905969673e-14 5.800258999999999544e-17
9.748175000000000034e-01 1.470873205862706876e-14 6.766649000000000147e-17
9.750524999999999887e-01 1.485431705042102304e-14 7.432545999999999586e-17
9.752874999999999739e-01 1.482918598074107468e-14 7.738897999999999756e-17
9.755224999999999591e-01 1.486630632257961603e-14 8.021878999999999591e-17
9.757575000000000554e-01 1.503835239886385557e-14 8.443229000000000512e-17
9.759925000000000406e-01 1.532646769575630813e-14 9.268065000000000303e-17
9.762275000000000258e-01 1.544196780755293685e-14 1.039928999999999977e-16
9.764625000000000110e-01 1.539653836120204200e-14 1.103547000000000003e-16
9.766974999999999962e-01 1.568568927955355563e-14 1.280556999999999895e-16
9.769324999999999815e-01 1.574918639336769660e-14 1.476941999999999979e-16
9.771674999999999667e-01 nan nan
9.774024999999999519e-01 nan nan
9.776375000000000481e-01 nan nan
9.778725000000000334e-01 nan nan
9.781075000000000186e-01 nan nan
9.783425000000000038e-01 nan nan
9.785774999999999890e-01 nan nan
9.788124999999999742e-01 nan nan
9.790474999999999595e-01 nan nan
9.792824999999999447e-01 1.543940636822948336e-14 1.451257999999999955e-16
9.795175000000000409e-01 1.583559632561863918e-14 1.482190000000000030e-16
9.797525000000000261e-01 1.594003663594499539e-14 1.441300000000000119e-16
9.799875000000000114e-01 1.601206406947824282e-14 1.380728999999999889e-16
9.802224999999999966e-01 1.603941897848156030e-14 1.308688999999999955e-16
9.804574999999999818e-01 1.612050254751184857e-14 1.224193000000000031e-16
9.806924999999999670e-01 1.617332307915335673e-14 1.138762000000000073e-16
9.809274999999999523e-01 1.609619583998138514e-14 1.090945999999999988e-16
9.811625000000000485e-01 1.628594563165228366e-14 1.043825000000000006e-16
9.813975000000000337e-01 1.621184548983623422e-14 9.540711999999999466e-17
9.816325000000000189e-01 1.538318229506419948e-14 8.590137999999999858e-17
9.818675000000000042e-01 1.521064578896524911e-14 7.603296999999999518e-17
9.821024999999999894e-01 1.575407089513201022e-14 6.769649999999999720e-17
9.823374999999999746e-01 1.628669719112753060e-14 6.927602000000000279e-17
9.825724999999999598e-01 1.653360736529013017e-14 6.645690000000000265e-17
9.828074999999999450e-01 1.652913360087123513e-14 5.386438000000000181e-17
9.830425000000000413e-01 1.650309035387895179e-14 4.026971000000000202e-17
9.832775000000000265e-01 1.619407155311233296e-14 2.994581000000000105e-17
9.835125000000000117e-01 1.609276394591516473e-14 2.423608000000000054e-17
9.837474999999999969e-01 nan 2.056000000000000153e-17
9.839824999999999822e-01 nan 2.086047000000000006e-17
9.842174999999999674e-01 1.670390676489861588e-14 2.064784000000000090e-17
9.844524999999999526e-01 1.690497600356237235e-14 2.077792999999999865e-17
9.846875000000000488e-01 1.708381904220587771e-14 2.098818000000000105e-17
9.849225000000000341e-01 1.730285653232630775e-14 2.126391000000000105e-17
9.851575000000000193e-01 1.730400498304083262e-14 2.139108999999999886e-17
9.853925000000000045e-01 1.714541371911518875e-14 2.510462999999999890e-17
9.856274999999999897e-01 1.741625645373235355e-14 3.327662000000000005e-17
9.858624999999999750e-01 1.784296206596339989e-14 4.333650999999999868e-17
9.860974999999999602e-01 1.789181376047073386e-14 5.869739999999999706e-17
9.863324999999999454e-01 1.798758063421608860e-14 7.022473999999999477e-17
9.865675000000000416e-01 1.812319324525192545e-14 7.913095000000000494e-17
9.868025000000000269e-01 1.811145472371215659e-14 8.915501000000000182e-17
9.870375000000000121e-01 1.779154078673275057e-14 9.816199000000000071e-17
9.872724999999999973e-01 1.779210618240832786e-14 1.038793000000000016e-16
9.875074999999999825e-01 1.832151904639849709e-14 1.083745999999999965e-16
9.877424999999999677e-01 1.877218043245762554e-14 1.138737999999999957e-16
9.879774999999999530e-01 1.861549704393879532e-14 1.131049999999999910e-16
9.882125000000000492e-01 1.823481443556797056e-14 1.133456999999999931e-16
9.884475000000000344e-01 1.839922631554163236e-14 1.198288999999999926e-16
9.886825000000000196e-01 1.888846265300459091e-14 1.258300999999999973e-16
9.889175000000000049e-01 1.910253618903556201e-14 1.283575000000000105e-16
9.891524999999999901e-01 1.903884543048644138e-14 1.301103000000000032e-16
9.893874999999999753e-01 1.888352774829007596e-14 1.336336000000000067e-16
9.896224999999999605e-01 1.848175004364942615e-14 1.359201000000000045e-16
9.898574999999999458e-01 1.747023140303732554e-14 1.351277999999999906e-16
9.900925000000000420e-01 1.666071275548127181e-14 1.297826999999999927e-16
9.903275000000000272e-01 1.619337048135472720e-14 1.273314000000000095e-16
9.905625000000000124e-01 1.557042909440182515e-14 1.212131999999999922e-16
9.907974999999999977e-01 1.491374662197275853e-14 1.150567999999999993e-16
9.910324999999999829e-01 1.466586642393692559e-14 1.129169999999999917e-16
9.912674999999999681e-01 1.505677964503674766e-14 1.163912000000000097e-16
9.915024999999999533e-01 1.509636659149345513e-14 1.136281000000000063e-16
9.917375000000000496e-01 1.440848170593393546e-14 1.060012999999999969e-16
9.919725000000000348e-01 1.417111966994594870e-14 1.040443999999999947e-16
9.922075000000000200e-01 1.517672249238279200e-14 1.117829000000000094e-16
9.924425000000000052e-01 1.490220064114755570e-14 1.032969999999999951e-16
9.926774999999999904e-01 1.486041309734364407e-14 9.931220000000000377e-17
9.929124999999999757e-01 1.527436870735504876e-14 9.533157999999999945e-17
9.931474999999999609e-01 1.591368789993866491e-14 9.495154000000000097e-17
9.933824999999999461e-01 1.622500971761600534e-14 8.950440999999999473e-17
9.936175000000000423e-01 1.565514317421954286e-14 8.002250999999999591e-17
9.938525000000000276e-01 1.600204990360478962e-14 7.902328999999999946e-17
9.940875000000000128e-01 1.695418566158563910e-14 7.971226000000000482e-17
9.943224999999999980e-01 1.756182250301791658e-14 7.936907000000000318e-17
9.945574999999999832e-01 1.741301785148920480e-14 7.555711000000000424e-17
9.947924999999999685e-01 1.747623949808663075e-14 7.379361000000000280e-17
9.950274999999999537e-01 1.760706782829433083e-14 7.203657999999999514e-17
9.952625000000000499e-01 1.789062933716046707e-14 6.716634999999999390e-17
9.954975000000000351e-01 1.821125238254317457e-14 6.598727999999999760e-17
9.957325000000000204e-01 1.793677292633556995e-14 5.921750999999999606e-17
9.959675000000000056e-01 1.750765658272590729e-14 5.499637000000000036e-17
9.962024999999999908e-01 1.735895339318017162e-14 5.189793999999999766e-17
9.964374999999999760e-01 1.756356977695902403e-14 4.644819999999999910e-17
9.966724999999999612e-01 1.803002514911283452e-14 4.152599000000000101e-17
9.969074999999999465e-01 1.797033085953395213e-14 3.645215999999999879e-17
9.971425000000000427e-01 1.679386321394428611e-14 3.085766999999999798e-17
9.973775000000000279e-01 1.593894414481516935e-14 2.564699999999999919e-17
9.976125000000000131e-01 1.618489294645014925e-14 2.531059000000000023e-17
9.978474999999999984e-01 1.673512070582630688e-14 2.578367999999999992e-17
9.980824999999999836e-01 1.727121317170599640e-14 2.563419999999999877e-17
9.983174999999999688e-01 1.704890031276188540e-14 2.198591000000000075e-17
9.985524999999999540e-01 1.709654172923802072e-14 2.172356000000000153e-17
9.987875000000000503e-01 1.631527212283310812e-14 2.109306999999999988e-17
9.990225000000000355e-01 1.606587980544714598e-14 2.108059999999999859e-17
9.992575000000000207e-01 1.559041939793589173e-14 2.109329999999999853e-17
9.994925000000000059e-01 1.616506390252336183e-14 2.546613000000000117e-17
9.997274999999999912e-01 1.661793679328197394e-14 2.758778000000000097e-17
9.999624999999999764e-01 1.670063112296095861e-14 2.971567000000000206e-17
1.000197999999999920e+00 1.735634036736643427e-14 3.629825000000000020e-17
1.000432999999999906e+00 1.761179222495179918e-14 4.020787999999999748e-17
1.000667999999999891e+00 1.756283640732587699e-14 4.142574999999999699e-17
1.000903000000000098e+00 1.722549767538802804e-14 4.171409000000000080e-17
1.001138000000000083e+00 1.684274970020538571e-14 4.296216999999999702e-17
1.001373000000000069e+00 1.663175682520834692e-14 4.415646000000000177e-17
1.001608000000000054e+00 1.702356334469468663e-14 4.782800999999999978e-17
1.001843000000000039e+00 1.757672481734082137e-14 4.944417000000000305e-17
1.002078000000000024e+00 1.746587320860463144e-14 4.828670999999999873e-17
1.002313000000000009e+00 1.724236962861089980e-14 4.634933999999999931e-17
1.002547999999999995e+00 1.744613996928230375e-14 4.517863000000000163e-17
1.002782999999999980e+00 1.715459645255439371e-14 4.577511000000000048e-17
1.003017999999999965e+00 1.669607462104215853e-14 4.354907000000000119e-17
1.003252999999999950e+00 1.663345075101618497e-14 4.103170999999999843e-17
1.003487999999999936e+00 nan 4.282423000000000128e-17
1.003722999999999921e+00 nan 4.209097999999999942e-17
1.003957999999999906e+00 1.589142231365768312e-14 4.313433000000000088e-17
1.004192999999999891e+00 1.651399420877498972e-14 4.475447000000000249e-17
1.004428000000000099e+00 1.733097644771267857e-14 4.690504999999999833e-17
1.004663000000000084e+00 1.768109088712645520e-14 4.917154999999999779e-17
1.004898000000000069e+00 1.759508997682299771e-14 5.364189999999999804e-17
1.005133000000000054e+00 1.732733523855060113e-14 5.406272999999999891e-17
1.005368000000000039e+00 1.656892515180353966e-14 5.182317999999999760e-17
1.005603000000000025e+00 1.573476848223443842e-14 4.942915999999999992e-17
1.005838000000000010e+00 1.564690659449240656e-14 4.930586999999999817e-17
1.006072999999999995e+00 1.622239285141258403e-14 5.136225999999999774e-17
1.006307999999999980e+00 1.640282894719710318e-14 5.223541999999999811e-17
1.006542999999999966e+00 1.632913856950329253e-14 5.248680000000000024e-17
1.006777999999999951e+00 1.656580478256595018e-14 5.350225000000000202e-17
1.007012999999999936e+00 1.740539360677834841e-14 5.711153000000000074e-17
1.007247999999999921e+00 1.743608812208206587e-14 5.693755000000000408e-17
1.007482999999999906e+00 1.692834936996644419e-14 5.055822000000000214e-17
1.007717999999999892e+00 1.736980103682159162e-14 5.072517999999999928e-17
1.007953000000000099e+00 1.768327914553898668e-14 4.815946000000000120e-17
1.008188000000000084e+00 1.776654221126364055e-14 4.705062999999999906e-17
1.008423000000000069e+00 1.780892587494572361e-14 4.653299999999999730e-17
1.008658000000000055e+00 1.824406838682386076e-14 4.597998999999999903e-17
1.008893000000000040e+00 1.755612152533285504e-14 4.440577999999999884e-17
1.009128000000000025e+00 1.745023424126250521e-14 4.095711999999999858e-17
1.009363000000000010e+00 1.739261431967560623e-14 3.745206000000000223e-17
1.009597999999999995e+00 1.779197071224051262e-14 3.599784000000000012e-17
1.009832999999999981e+00 1.834907948457750469e-14 2.830022000000000240e-17
1.010067999999999966e+00 1.907773813498538102e-14 2.710122999999999950e-17
1.010302999999999951e+00 1.966842178852172347e-14 2.382238000000000096e-17
1.010537999999999936e+00 1.957782642087943822e-14 2.126030000000000080e-17
1.010772999999999922e+00 1.912624800195048688e-14 2.035007000000000006e-17
1.011007999999999907e+00 1.880991712283296665e-14 2.012791000000000031e-17
1.011242999999999892e+00 1.828874865264695953e-14 1.954692999999999957e-17
1.011478000000000099e+00 1.809437506199850938e-14 1.931965000000000027e-17
1.011713000000000084e+00 1.810962568565146813e-14 1.909297999999999900e-17
1.011948000000000070e+00 1.805872796625845270e-14 1.899596999999999892e-17
1.012183000000000055e+00 1.850268782817103595e-14 1.961537999999999862e-17
1.012418000000000040e+00 1.950529487521130998e-14 2.154839999999999852e-17
1.012653000000000025e+00 1.987725273427757026e-14 2.222491000000000079e-17
1.012888000000000011e+00 1.963464461136476945e-14 2.200854000000000014e-17
1.013122999999999996e+00 1.964709169448359037e-14 2.308171999999999893e-17
1.013357999999999981e+00 1.960283558360904540e-14 2.415935000000000080e-17
1.013592999999999966e+00 1.883829548930796159e-14 2.381723999999999885e-17
1.013827999999999951e+00 1.755647895674629532e-14 2.291944000000000043e-17
1.014062999999999937e+00 nan 2.398879999999999980e-17
1.014297999999999922e+00 nan 2.496054000000000108e-17
1.014532999999999907e+00 1.819615259962778938e-14 2.427253999999999981e-17
1.014767999999999892e+00 1.794298831735506496e-14 2.375832000000000040e-17
1.015003000000000100e+00 1.769111027625117559e-14 2.384451999999999921e-17
1.015238000000000085e+00 1.849121269061454126e-14 2.630318999999999909e-17
1.015473000000000070e+00 1.895622609681312805e-14 2.867653999999999887e-17
1.015708000000000055e+00 1.832210920644099564e-14 3.191597000000000105e-17
1.015943000000000040e+00 1.794149587361765390e-14 2.946309999999999848e-17
1.016178000000000026e+00 1.809636319554142905e-14 3.324602999999999781e-17
1.016413000000000011e+00 1.830929142393809886e-14 3.572826000000000220e-17
1.016647999999999996e+00 1.849203994949824564e-14 3.611272999999999812e-17
1.016882999999999981e+00 1.873616143078729193e-14 3.696139000000000297e-17
1.017117999999999967e+00 1.841297937934732547e-14 3.686928000000000201e-17
1.017352999999999952e+00 1.796698697813601423e-14 3.604094999999999772e-17
1.017587999999999937e+00 1.892700843165775821e-14 3.882037000000000261e-17
1.017822999999999922e+00 1.953695973256071616e-14 4.173966000000000089e-17
1.018057999999999907e+00 1.894158265388441415e-14 4.054869000000000237e-17
1.018292999999999893e+00 1.793159482553494697e-14 3.796982999999999728e-17
1.018528000000000100e+00 1.854890284689085068e-14 3.949812999999999861e-17
1.018763000000000085e+00 1.818795334089364869e-14 3.638399999999999992e-17
1.018998000000000070e+00 1.871899372288799080e-14 3.496101000000000191e-17
1.019233000000000056e+00 1.912495365083807105e-14 3.414430000000000096e-17
1.019468000000000041e+00 1.926807927123683277e-14 3.357319000000000123e-17
1.019703000000000026e+00 1.921755612965444632e-14 3.234509999999999901e-17
1.019938000000000011e+00 1.931291884578679022e-14 3.171853999999999855e-17
1.020172999999999996e+00 1.917164694297212378e-14 3.154919000000000029e-17
1.020407999999999982e+00 1.909921905165724109e-14 3.133477999999999806e-17
1.020642999999999967e+00 1.937453605496390664e-14 3.133446999999999841e-17
1.020877999999999952e+00 1.958758500197528972e-14 3.069732000000000022e-17
1.021112999999999937e+00 1.949895872003097093e-14 2.992743000000000069e-17
1.021347999999999923e+00 1.890726727503395786e-14 2.747694999999999923e-17
1.021582999999999908e+00 1.819439993500113280e-14 2.551017000000000082e-17
1.021817999999999893e+00 1.788926281930104735e-14 2.421311000000000073e-17
1.022053000000000100e+00 1.762571415769678002e-14 2.327862999999999952e-17
1.022288000000000086e+00 1.773966012977917100e-14 2.068642999999999879e-17
1.022523000000000071e+00 1.850944769555033527e-14 1.974317000000000062e-17
1.022758000000000056e+00 1.898491021209166099e-14 1.759634999999999959e-17
1.022993000000000041e+00 1.888792525046908046e-14 1.652736000000000140e-17
1.023228000000000026e+00 1.842151774206286814e-14 1.652170000000000046e-17
1.023463000000000012e+00 1.834064594851931072e-14 1.610920999999999873e-17
1.023697999999999997e+00 1.878128156141675265e-14 1.621182999999999950e-17
1.023932999999999982e+00 1.937539521498927318e-14 1.648892000000000116e-17
1.024167999999999967e+00 1.958644147701900680e-14 1.633024999999999983e-17
1.024402999999999953e+00 1.964879362842850198e-14 1.629312000000000101e-17
1.024637999999999938e+00 1.893803851103766827e-14 1.611858000000000040e-17
1.024872999999999923e+00 1.832180159290382238e-14 1.571541000000000010e-17
1.025107999999999908e+00 1.866430982904163950e-14 1.573151999999999932e-17
1.025342999999999893e+00 1.814284462191783874e-14 1.506557000000000018e-17
1.025578000000000101e+00 1.786372927263106392e-14 1.495745000000000048e-17
1.025813000000000086e+00 1.824968095000603340e-14 1.537931999999999899e-17
1.026048000000000071e+00 1.771601887882917550e-14 1.529529999999999903e-17
1.026283000000000056e+00 1.686567431205460025e-14 1.485902999999999850e-17
1.026518000000000042e+00 1.681553897899086357e-14 1.510630000000000104e-17
1.026753000000000027e+00 1.736007278287762652e-14 1.541164999999999919e-17
1.026988000000000012e+00 1.834190285947884574e-14 1.669338000000000138e-17
1.027222999999999997e+00 1.866639888046699221e-14 1.785027999999999867e-17
1.027457999999999982e+00 1.841310430262502319e-14 1.881989999999999952e-17
1.027692999999999968e+00 1.788473637297137975e-14 1.892125999999999911e-17
1.027927999999999953e+00 1.758715309130882483e-14 1.917185999999999992e-17
1.028162999999999938e+00 1.755776943213701062e-14 2.358824999999999927e-17
1.028397999999999923e+00 1.703690438940780173e-14 2.649879999999999954e-17
1.028632999999999909e+00 1.696580331986817571e-14 2.747492999999999930e-17
1.028867999999999894e+00 1.817272508984181432e-14 3.215145999999999825e-17
1.029103000000000101e+00 1.860019861783332079e-14 3.339065999999999701e-17
1.029338000000000086e+00 1.832662675231257962e-14 3.020265999999999826e-17
1.029573000000000071e+00 1.826806859193947420e-14 2.943590000000000220e-17
1.029808000000000057e+00 1.820840934823200465e-14 3.110471999999999699e-17
1.030043000000000042e+00 1.823930664619763676e-14 3.157572000000000011e-17
1.030278000000000027e+00 1.795510866750858028e-14 3.148337999999999741e-17
1.030513000000000012e+00 1.807741139433413530e-14 3.266392000000000022e-17
1.030747999999999998e+00 1.867901202996009489e-14 3.506779999999999763e-17
1.030982999999999983e+00 1.860903351877608185e-14 3.540348000000000169e-17
1.031217999999999968e+00 1.838820011079676694e-14 3.454679999999999863e-17
1.031452999999999953e+00 1.876914953231499613e-14 3.539393999999999981e-17
1.031687999999999938e+00 1.876497749051991489e-14 3.549340000000000251e-17
1.031922999999999924e+00 1.823624191496340823e-14 3.646618000000000143e-17
1.032157999999999909e+00 1.818378433739774807e-14 3.734900999999999876e-17
1.032392999999999894e+00 1.791863719089475298e-14 3.649904999999999993e-17
1.032628000000000101e+00 1.757710938984285642e-14 3.613161999999999911e-17
1.032863000000000087e+00 1.838837030113885108e-14 4.256695999999999956e-17
1.033098000000000072e+00 1.909909816891694309e-14 4.423533999999999962e-17
1.033333000000000057e+00 1.999098971636900293e-14 5.797034999999999445e-17
1.033568000000000042e+00 1.888680015505716867e-14 4.564126999999999996e-17
1.033803000000000027e+00 1.850758382982756070e-14 4.390093999999999930e-17
1.034038000000000013e+00 1.789845105024003557e-14 4.311808999999999734e-17
1.034272999999999998e+00 1.803065565031759560e-14 4.430075000000000057e-17
1.034507999999999983e+00 1.751820764465134948e-14 4.267947999999999902e-17
1.034742999999999968e+00 1.729662466518533869e-14 4.129394999999999897e-17
1.034977999999999954e+00 1.808893543238100553e-14 4.342803999999999930e-17
1.035212999999999939e+00 1.806667432553759982e-14 4.330455000000000274e-17
1.035447999999999924e+00 1.790261586164127931e-14 4.228961999999999977e-17
1.035682999999999909e+00 1.841305857492807771e-14 4.191873999999999763e-17
1.035917999999999894e+00 1.866373403230309294e-14 4.102315999999999704e-17
1.036153000000000102e+00 1.941358707195085510e-14 4.284108999999999796e-17
1.036388000000000087e+00 1.967333547564020750e-14 4.318933000000000251e-17
1.036623000000000072e+00 1.941699964361564755e-14 4.225539999999999781e-17
1.036858000000000057e+00 1.947590178601832602e-14 4.249593999999999792e-17
1.037093000000000043e+00 1.980259603008843080e-14 4.283608999999999838e-17
1.037328000000000028e+00 2.055249719240839066e-14 4.479326999999999954e-17
1.037563000000000013e+00 2.057197884053536959e-14 4.465904999999999965e-17
1.037797999999999998e+00 1.977975338755591700e-14 4.213588999999999959e-17
1.038032999999999983e+00 1.878889523778471582e-14 3.898513000000000142e-17
1.038267999999999969e+00 1.781827091109918671e-14 3.616008000000000273e-17
1.038502999999999954e+00 1.843318072604876943e-14 3.775601999999999795e-17
1.038737999999999939e+00 1.919727589852807801e-14 3.833944000000000004e-17
1.038972999999999924e+00 1.934141811315192666e-14 3.802693000000000293e-17
1.039207999999999910e+00 1.922754324583323931e-14 3.749153000000000191e-17
1.039442999999999895e+00 1.898701774756618291e-14 3.555667999999999868e-17
1.039678000000000102e+00 1.881996870748545207e-14 3.355682000000000261e-17
1.039913000000000087e+00 1.868802703994511325e-14 3.180636000000000152e-17
1.040148000000000073e+00 1.909944357335825615e-14 3.105877999999999737e-17
1.040383000000000058e+00 1.966959495159913632e-14 3.144300000000000132e-17
1.040618000000000043e+00 1.996621379674939370e-14 3.161632999999999792e-17
1.040853000000000028e+00 2.045686262260134653e-14 3.209071000000000263e-17
1.041088000000000013e+00 2.015337912490833227e-14 3.056442000000000303e-17
1.041322999999999999e+00 1.946984101196595169e-14 2.936988000000000014e-17
1.041557999999999984e+00 1.876696986430495414e-14 2.792396000000000129e-17
1.041792999999999969e+00 1.935906921298813034e-14 3.130687999999999838e-17
1.042027999999999954e+00 2.036441236386209446e-14 2.590956000000000067e-17
1.042262999999999940e+00 2.033148406464272218e-14 2.427664000000000119e-17
1.042497999999999925e+00 1.967973024787803748e-14 2.265531999999999941e-17
1.042732999999999910e+00 1.885479393986094407e-14 2.138776000000000059e-17
1.042967999999999895e+00 1.817630733098546891e-14 2.079361000000000132e-17
1.043203000000000102e+00 1.870134945640153383e-14 2.062210000000000061e-17
1.043438000000000088e+00 1.996302349211061715e-14 1.886364000000000080e-17
1.043673000000000073e+00 2.062773956220459750e-14 1.739017000000000089e-17
1.043908000000000058e+00 2.056491597974106235e-14 1.746281000000000053e-17
1.044143000000000043e+00 2.056876611623297999e-14 1.721737999999999952e-17
1.044378000000000029e+00 2.051156866345679240e-14 1.693497999999999861e-17
1.044613000000000014e+00 2.042577112833549440e-14 1.692591999999999968e-17
1.044847999999999999e+00 2.045325822960095559e-14 1.739830000000000086e-17
1.045082999999999984e+00 2.069624705583424953e-14 1.740819000000000135e-17
1.045317999999999969e+00 2.145868946298007365e-14 1.841227000000000102e-17
1.045552999999999955e+00 2.209567204750660947e-14 2.132166999999999881e-17
1.045787999999999940e+00 2.184352181608781007e-14 2.315864999999999964e-17
1.046022999999999925e+00 2.086142380397761160e-14 2.256415999999999996e-17
1.046257999999999910e+00 1.918255953648178443e-14 2.086225000000000006e-17
1.046492999999999896e+00 1.885108247182918758e-14 2.163961000000000129e-17
1.046728000000000103e+00 1.932375185108587467e-14 2.480376999999999971e-17
1.046963000000000088e+00 1.904118248013038476e-14 2.568139000000000137e-17
1.047198000000000073e+00 1.900989814893499070e-14 2.575850000000000049e-17
1.047433000000000058e+00 1.927483396498799289e-14 2.416856000000000046e-17
1.047668000000000044e+00 1.946251390887015562e-14 2.464170999999999859e-17
1.047903000000000029e+00 1.904136455685583138e-14 2.550825999999999958e-17
1.048138000000000014e+00 1.821922694612742718e-14 2.429458000000000065e-17
1.048372999999999999e+00 1.832590269506257497e-14 2.462078999999999947e-17
1.048607999999999985e+00 1.896321733620802472e-14 2.633118000000000105e-17
1.048842999999999970e+00 1.890607501904281023e-14 2.677528000000000010e-17
1.049077999999999955e+00 1.884028266642440556e-14 2.637156000000000021e-17
1.049312999999999940e+00 1.908760208437576411e-14 2.647158000000000070e-17
1.049547999999999925e+00 1.924924270268886147e-14 2.653287999999999898e-17
1.049782999999999911e+00 1.872802386475925963e-14 2.611397000000000065e-17
1.050017999999999896e+00 1.854263580868202116e-14 2.737100000000000019e-17
1.050253000000000103e+00 1.902551052249626760e-14 2.754450000000000007e-17
1.050488000000000088e+00 1.936068068652051554e-14 2.786030999999999778e-17
1.050723000000000074e+00 1.902837636301997179e-14 2.984773000000000257e-17
1.050958000000000059e+00 1.852957155792678122e-14 3.082059999999999761e-17
1.051193000000000044e+00 1.810723372862774718e-14 3.047735999999999881e-17
1.051428000000000029e+00 1.797440110240428490e-14 3.013531999999999967e-17
1.051663000000000014e+00 1.804711001238845064e-14 3.205878999999999949e-17
1.051898000000000000e+00 1.826223085401579109e-14 3.447593999999999899e-17
1.052132999999999985e+00 1.840989882914255380e-14 3.492265999999999780e-17
1.052367999999999970e+00 nan 3.454833000000000050e-17
1.052602999999999955e+00 nan 3.531695999999999885e-17
1.052837999999999941e+00 1.880185702005388506e-14 3.502570000000000307e-17
1.053072999999999926e+00 1.820422785874330038e-14 3.110521000000000121e-17
1.053307999999999911e+00 1.802886788642626152e-14 2.705357999999999961e-17
1.053542999999999896e+00 1.828284276775719251e-14 3.024318999999999815e-17
1.053778000000000103e+00 1.868752011120657890e-14 3.502681999999999864e-17
1.054013000000000089e+00 1.876565612537123836e-14 3.555457000000000263e-17
1.054248000000000074e+00 1.839423274772642499e-14 3.466604000000000232e-17
1.054483000000000059e+00 1.848650710432437104e-14 3.582212000000000241e-17
1.054718000000000044e+00 1.781560090220965309e-14 3.706293999999999917e-17
1.054953000000000030e+00 1.719171142487175724e-14 3.763637000000000029e-17
1.055188000000000015e+00 1.783956802534279246e-14 3.973616000000000073e-17
1.055423000000000000e+00 1.840508748324083458e-14 4.175468000000000222e-17
1.055657999999999985e+00 1.827937558703836298e-14 4.339807000000000253e-17
1.055892999999999970e+00 nan 4.440235000000000009e-17
1.056127999999999956e+00 1.742318154534637676e-14 4.406362000000000281e-17
1.056362999999999941e+00 1.715540862826789918e-14 4.401910000000000022e-17
1.056597999999999926e+00 1.711512867066295431e-14 4.438743999999999744e-17
1.056832999999999911e+00 1.736056546473778227e-14 4.550133999999999889e-17
1.057067999999999897e+00 1.740247506107408740e-14 4.570109000000000278e-17
1.057303000000000104e+00 1.756035263997794284e-14 4.462652999999999977e-17
1.057538000000000089e+00 1.818680882122758393e-14 4.423061999999999892e-17
1.057773000000000074e+00 1.823905843669863810e-14 4.783676000000000214e-17
1.058008000000000060e+00 1.795549127170558589e-14 4.985913000000000072e-17
1.058243000000000045e+00 1.796640037115110047e-14 4.497048000000000016e-17
1.058478000000000030e+00 1.801568436223500004e-14 4.115141999999999762e-17
1.058713000000000015e+00 1.747518102401732614e-14 3.988752000000000236e-17
1.058948000000000000e+00 1.734868735055211544e-14 3.867329000000000077e-17
1.059182999999999986e+00 1.722100615586816436e-14 3.537839000000000146e-17
1.059417999999999971e+00 1.741863382997523105e-14 3.561978000000000261e-17
1.059652999999999956e+00 1.766307318411245447e-14 3.624974000000000106e-17
1.059887999999999941e+00 1.788080966827502587e-14 3.658613000000000055e-17
1.060122999999999927e+00 1.737959931415494494e-14 3.653517999999999698e-17
1.060357999999999912e+00 1.774454584360360254e-14 3.813716000000000176e-17
1.060592999999999897e+00 nan 3.587683999999999899e-17
1.060828000000000104e+00 1.689179167433889472e-14 3.475213000000000245e-17
1.061063000000000089e+00 1.672129521756060290e-14 3.466208000000000038e-17
1.061298000000000075e+00 1.715542027825664319e-14 3.526551999999999722e-17
1.061533000000000060e+00 1.790225731936170939e-14 3.552359000000000281e-17
1.061768000000000045e+00 1.831691047185918145e-14 3.485212000000000218e-17
1.062003000000000030e+00 1.811355602234703944e-14 3.369324000000000084e-17
1.062238000000000016e+00 1.790807641521638726e-14 3.237785000000000063e-17
1.062473000000000001e+00 1.789803101288063690e-14 3.038629999999999985e-17
1.062707999999999986e+00 1.829485487147051106e-14 3.040337000000000187e-17
1.062942999999999971e+00 1.866507565270404081e-14 3.275019999999999696e-17
1.063177999999999956e+00 1.856665753083494684e-14 3.195172999999999692e-17
1.063412999999999942e+00 1.878849074277794686e-14 2.945107999999999937e-17
1.063647999999999927e+00 1.880692892612140433e-14 2.906594999999999902e-17
1.063882999999999912e+00 1.898376577887384307e-14 2.913896999999999803e-17
1.064117999999999897e+00 1.925151579982962346e-14 2.915501000000000061e-17
1.064353000000000105e+00 1.949359182365345562e-14 2.676158000000000147e-17
1.064588000000000090e+00 1.896393563878040236e-14 2.311341000000000034e-17
1.064823000000000075e+00 1.936286445463587288e-14 2.304809999999999987e-17
1.065058000000000060e+00 1.956854634914781595e-14 2.237518999999999965e-17
1.065293000000000045e+00 1.941646431582454974e-14 2.182624000000000074e-17
1.065528000000000031e+00 nan 2.098202999999999897e-17
1.065763000000000016e+00 nan 2.068286000000000058e-17
1.065998000000000001e+00 1.858144142917520707e-14 2.040870999999999962e-17
1.066232999999999986e+00 1.796681666817212896e-14 1.981456000000000036e-17
1.066467999999999972e+00 1.748346763878345235e-14 1.944760999999999940e-17
1.066702999999999957e+00 1.790278642666439614e-14 1.979330999999999903e-17
1.066937999999999942e+00 1.820789472337281194e-14 1.993123999999999965e-17
1.067172999999999927e+00 1.828988693475038788e-14 1.969629999999999896e-17
1.067407999999999912e+00 1.870210944217424325e-14 1.998006000000000152e-17
1.067642999999999898e+00 1.934659201012253604e-14 2.045450999999999979e-17
1.067878000000000105e+00 1.928208415843592349e-14 2.118364999999999898e-17
1.068113000000000090e+00 1.930831547793814377e-14 2.298482999999999882e-17
1.068348000000000075e+00 1.958391446861955410e-14 2.330171999999999930e-17
1.068583000000000061e+00 2.010450830607541234e-14 2.371127999999999853e-17
1.068818000000000046e+00 2.020538481249680402e-14 2.588060000000000079e-17
1.069053000000000031e+00 1.999791236438631625e-14 2.999250000000000122e-17
1.069288000000000016e+00 2.003794680927955968e-14 3.011694999999999751e-17
1.069523000000000001e+00 1.971481125284622784e-14 3.343911000000000079e-17
1.069757999999999987e+00 1.902952541499806871e-14 3.940833000000000083e-17
1.069992999999999972e+00 1.928850424633366656e-14 3.676937000000000020e-17
1.070227999999999957e+00 1.941266217100790370e-14 2.912864000000000280e-17
1.070462999999999942e+00 1.930557768687174807e-14 2.735330000000000066e-17
1.070697999999999928e+00 1.950591623353714692e-14 2.647690000000000123e-17
1.070932999999999913e+00 1.996886131932183421e-14 2.638989000000000033e-17
1.071167999999999898e+00 1.973916414300733844e-14 2.587452000000000151e-17
1.071403000000000105e+00 1.974091167859401600e-14 2.580702000000000090e-17
1.071638000000000090e+00 2.004527042209144060e-14 2.592821999999999992e-17
1.071873000000000076e+00 2.006930571217192053e-14 2.622101000000000066e-17
1.072108000000000061e+00 2.002443041753528317e-14 2.664350999999999976e-17
1.072343000000000046e+00 1.992113068143918227e-14 2.648650999999999974e-17
1.072578000000000031e+00 1.961180189479719269e-14 2.588974000000000072e-17
1.072813000000000017e+00 1.937296739326538342e-14 2.561950000000000146e-17
1.073048000000000002e+00 1.962751894607879419e-14 2.558883000000000130e-17
1.073282999999999987e+00 1.981045363835491895e-14 2.524346999999999900e-17
1.073517999999999972e+00 1.943809665325903749e-14 2.484409000000000044e-17
1.073752999999999957e+00 1.948180311012522831e-14 2.704455000000000144e-17
1.073987999999999943e+00 1.987283294934354879e-14 3.123817999999999813e-17
1.074222999999999928e+00 2.025098889521095555e-14 3.363741999999999893e-17
1.074457999999999913e+00 2.039462905158858286e-14 3.506757000000000206e-17
1.074692999999999898e+00 2.031546860942651923e-14 3.409237000000000127e-17
1.074928000000000106e+00 2.031719535906726874e-14 3.370149000000000078e-17
1.075163000000000091e+00 2.021806109435986227e-14 3.018378999999999984e-17
1.075398000000000076e+00 1.991334159410978543e-14 2.851164999999999881e-17
1.075633000000000061e+00 1.999442873715856049e-14 2.842288999999999868e-17
1.075868000000000047e+00 2.053544428621268656e-14 2.908616000000000270e-17
1.076103000000000032e+00 2.095032118264155496e-14 3.097958000000000167e-17
1.076338000000000017e+00 nan 3.107458000000000001e-17
1.076573000000000002e+00 2.057938461121210479e-14 3.111456999999999852e-17
1.076807999999999987e+00 2.076776130359479045e-14 3.288559000000000190e-17
1.077042999999999973e+00 2.078071960226013761e-14 3.246384999999999848e-17
1.077277999999999958e+00 2.074666799083892705e-14 2.973100000000000304e-17
1.077512999999999943e+00 2.047584983560760437e-14 2.737765999999999981e-17
1.077747999999999928e+00 1.980166618794060570e-14 2.715072999999999913e-17
1.077982999999999913e+00 1.992536782105002848e-14 3.127057000000000293e-17
1.078217999999999899e+00 nan nan
1.078453000000000106e+00 2.049698461583844118e-14 3.015825000000000051e-17
1.078688000000000091e+00 2.091482059222963726e-14 3.138463000000000246e-17
1.078923000000000076e+00 2.038328658577650553e-14 2.716316000000000145e-17
1.079158000000000062e+00 2.010083275203743600e-14 2.494433999999999957e-17
1.079393000000000047e+00 1.984326820974434972e-14 2.513171000000000138e-17
1.079628000000000032e+00 1.991706215583589423e-14 2.940793000000000280e-17
1.079863000000000017e+00 2.033968737943394917e-14 3.746936999999999802e-17
1.080098000000000003e+00 2.059172311749265875e-14 3.873408000000000151e-17
1.080332999999999988e+00 2.064560670805133649e-14 3.889339000000000163e-17
1.080567999999999973e+00 2.046198480844042787e-14 4.195210000000000036e-17
1.080802999999999958e+00 2.087108238974668679e-14 3.897281999999999906e-17
1.081037999999999943e+00 2.109047604888200366e-14 3.919493999999999984e-17
1.081272999999999929e+00 2.108950575371818916e-14 3.875938000000000091e-17
1.081507999999999914e+00 2.121517999284485186e-14 3.944231000000000287e-17
1.081742999999999899e+00 2.150782709865620187e-14 4.048297999999999996e-17
1.081978000000000106e+00 2.164373709451647231e-14 3.767765999999999893e-17
1.082213000000000092e+00 2.143220325806229025e-14 3.282182999999999971e-17
1.082448000000000077e+00 2.104856226043638463e-14 3.140416999999999735e-17
1.082683000000000062e+00 2.084624744916852753e-14 3.041131000000000216e-17
1.082918000000000047e+00 2.133919155138611624e-14 2.916886000000000304e-17
1.083153000000000032e+00 2.157940384428860885e-14 2.754058000000000018e-17
1.083388000000000018e+00 2.072378441027455916e-14 2.500987000000000049e-17
1.083623000000000003e+00 2.043524200198163828e-14 2.376600000000000127e-17
1.083857999999999988e+00 2.108226046236473072e-14 2.413328000000000137e-17
1.084092999999999973e+00 2.155777476913339840e-14 2.456093999999999898e-17
1.084327999999999959e+00 2.183027710291021589e-14 2.489124999999999919e-17
1.084562999999999944e+00 2.173084444563757109e-14 2.453408000000000003e-17
1.084797999999999929e+00 2.129906443195860695e-14 2.405763000000000131e-17
1.085032999999999914e+00 2.141075044262044860e-14 2.416594000000000070e-17
1.085267999999999899e+00 2.174478055088134360e-14 2.440203999999999900e-17
1.085503000000000107e+00 nan 2.433201000000000092e-17
1.085738000000000092e+00 nan 2.471023999999999864e-17
1.085973000000000077e+00 2.212948017827152843e-14 2.747095000000000095e-17
1.086208000000000062e+00 2.241180798586888097e-14 3.575432000000000035e-17
1.086443000000000048e+00 2.245609337729147389e-14 3.703749000000000213e-17
1.086678000000000033e+00 2.212629222320605186e-14 3.632506999999999710e-17
1.086913000000000018e+00 2.192324780691841922e-14 3.648218999999999708e-17
1.087148000000000003e+00 2.206228625548233686e-14 3.840868999999999989e-17
1.087382999999999988e+00 2.210716504076016448e-14 3.871739999999999707e-17
1.087617999999999974e+00 2.172747580669251859e-14 3.783316000000000092e-17
1.087852999999999959e+00 2.177764929595342450e-14 3.761014000000000193e-17
1.088087999999999944e+00 2.198868919980171084e-14 3.564543999999999882e-17
1.088322999999999929e+00 2.186301681897857403e-14 2.250151999999999950e-17
1.088557999999999915e+00 2.180145019927483493e-14 1.951350000000000021e-17
1.088792999999999900e+00 2.194190878275673067e-14 1.840274000000000043e-17
1.089028000000000107e+00 nan 1.737136999999999911e-17
1.089263000000000092e+00 2.180374650276348702e-14 1.815965999999999848e-17
1.089498000000000077e+00 2.170823048255516429e-14 1.780366999999999950e-17
1.089733000000000063e+00 2.174475301941358923e-14 1.663974000000000141e-17
1.089968000000000048e+00 2.211083880251179031e-14 1.706616999999999861e-17
1.090203000000000033e+00 2.226629102674144889e-14 1.885972000000000090e-17
1.090438000000000018e+00 2.228717095848485088e-14 1.985242000000000025e-17
1.090673000000000004e+00 2.243146276265263684e-14 1.912831999999999961e-17
1.090907999999999989e+00 2.222976369670788649e-14 2.573645000000000144e-17
1.091142999999999974e+00 nan nan
1.091377999999999959e+00 2.175744498363122090e-14 2.491840000000000139e-17
1.091612999999999944e+00 2.171780012455484774e-14 2.034486999999999950e-17
1.091847999999999930e+00 2.215901950367284506e-14 2.080582000000000012e-17
1.092082999999999915e+00 2.225556746667593827e-14 2.138439999999999847e-17
1.092317999999999900e+00 2.227056886120681629e-14 2.463300999999999955e-17
1.092553000000000107e+00 2.203799972553479051e-14 2.821982999999999908e-17
1.092788000000000093e+00 2.175229238028593946e-14 2.898800000000000014e-17
1.093023000000000078e+00 2.164702164531885143e-14 2.914553000000000025e-17
1.093258000000000063e+00 2.159361377028740763e-14 2.942900999999999776e-17
1.093493000000000048e+00 2.175119982174453488e-14 2.888560000000000290e-17
1.093728000000000034e+00 2.191915953779004352e-14 2.544575999999999856e-17
1.093963000000000019e+00 2.248060230250879035e-14 2.255525999999999996e-17
1.094198000000000004e+00 2.297337652284729564e-14 2.205069000000000111e-17
1.094432999999999989e+00 2.244272154303326413e-14 2.101404999999999951e-17
1.094667999999999974e+00 2.170060145476754613e-14 2.005212999999999901e-17
1.094902999999999960e+00 2.154384995546280972e-14 1.797560999999999983e-17
1.095137999999999945e+00 2.196167530163412536e-14 1.820365000000000097e-17
1.095372999999999930e+00 2.252274835258814268e-14 2.115824999999999910e-17
1.095607999999999915e+00 2.256538480032989195e-14 2.378557000000000000e-17
1.095842999999999900e+00 2.194332265743025768e-14 2.273786999999999902e-17
1.096078000000000108e+00 2.166286036086292102e-14 2.214279999999999900e-17
1.096313000000000093e+00 2.189351808051907953e-14 2.138466000000000096e-17
1.096548000000000078e+00 2.192291926910919244e-14 2.118326999999999960e-17
1.096783000000000063e+00 nan 2.718216000000000112e-17
1.097018000000000049e+00 nan 2.720499999999999969e-17
1.097253000000000034e+00 2.065582831678490009e-14 2.064421999999999938e-17
1.097488000000000019e+00 nan 2.104583000000000013e-17
1.097723000000000004e+00 nan 2.285325999999999945e-17
1.097957999999999990e+00 2.169956504591726242e-14 2.464211000000000053e-17
1.098192999999999975e+00 2.195097018853138807e-14 2.609524999999999987e-17
1.098427999999999960e+00 2.187614084745248688e-14 2.634638999999999898e-17
1.098662999999999945e+00 2.132653997028971275e-14 2.583475000000000037e-17
1.098897999999999930e+00 2.108856423882581021e-14 2.469219000000000050e-17
1.099132999999999916e+00 2.092742728656247849e-14 2.423053000000000137e-17
1.099367999999999901e+00 2.136341061106937005e-14 2.479502999999999863e-17
1.099603000000000108e+00 2.183781323738064491e-14 2.473477999999999928e-17
1.099838000000000093e+00 2.147726099367252583e-14 2.391809999999999909e-17
1.100073000000000079e+00 2.117536156692138347e-14 2.365220999999999935e-17
1.100308000000000064e+00 2.104472691471602867e-14 2.357939000000000130e-17
1.100543000000000049e+00 2.095170322213646987e-14 2.529349999999999872e-17
1.100778000000000034e+00 2.107093980313404342e-14 2.642254000000000146e-17
1.101013000000000019e+00 2.116902444361688167e-14 2.641967999999999869e-17
1.101248000000000005e+00 nan 2.642626999999999859e-17
1.101482999999999990e+00 nan 2.621154999999999978e-17
1.101717999999999975e+00 2.220233627293629181e-14 2.390597000000000130e-17
1.101952999999999960e+00 2.153321364898613824e-14 2.240380000000000092e-17
1.102187999999999946e+00 2.116867527904492130e-14 2.235476999999999988e-17
1.102422999999999931e+00 2.101383149802416045e-14 2.367815999999999881e-17
1.102657999999999916e+00 nan 2.483873000000000095e-17
1.102892999999999901e+00 nan 2.649494000000000117e-17
1.103128000000000108e+00 2.181776521163292196e-14 2.673468000000000048e-17
1.103363000000000094e+00 2.042372689383492662e-14 2.495491999999999910e-17
1.103598000000000079e+00 1.894600832563592196e-14 2.306430000000000137e-17
1.103833000000000064e+00 1.874246186328102960e-14 2.144869999999999897e-17
1.104068000000000049e+00 1.945390141827059264e-14 2.010295000000000133e-17
1.104303000000000035e+00 1.979005860997196449e-14 1.868009000000000150e-17
1.104538000000000020e+00 1.958316552799263287e-14 1.767405000000000034e-17
1.104773000000000005e+00 1.972633597277352146e-14 1.771415000000000061e-17
1.105007999999999990e+00 1.997863470895190217e-14 1.796326999999999979e-17
1.105242999999999975e+00 1.961126015997231558e-14 1.777186000000000121e-17
1.105477999999999961e+00 1.884835325068110063e-14 1.724277000000000120e-17
1.105712999999999946e+00 1.861420769950141349e-14 1.681641000000000064e-17
1.105947999999999931e+00 1.923472022649787514e-14 1.679941000000000142e-17
1.106182999999999916e+00 1.959332935557447310e-14 1.707795999999999907e-17
1.106417999999999902e+00 1.964784567016304646e-14 1.726788999999999910e-17
1.106653000000000109e+00 1.957501501854628242e-14 1.681776000000000102e-17
1.106888000000000094e+00 1.969641712023341014e-14 1.713108000000000021e-17
1.107123000000000079e+00 1.928424482237070715e-14 1.687499999999999996e-17
1.107358000000000064e+00 1.933852558651161123e-14 1.716551000000000135e-17
1.107593000000000050e+00 1.957650475717205517e-14 1.838971000000000135e-17
1.107828000000000035e+00 1.944716464002612175e-14 1.820478000000000090e-17
1.108063000000000020e+00 1.893659826824339728e-14 1.871037999999999920e-17
1.108298000000000005e+00 1.933319647835870873e-14 1.770082000000000008e-17
1.108532999999999991e+00 2.013621990743776131e-14 2.082827000000000111e-17
1.108767999999999976e+00 2.013337013074023156e-14 2.117782999999999911e-17
1.109002999999999961e+00 2.022555057350395976e-14 2.103263000000000084e-17
1.109237999999999946e+00 1.999173598552805802e-14 1.842420999999999913e-17
1.109472999999999931e+00 2.018386958647624474e-14 1.900582999999999865e-17
1.109707999999999917e+00 2.045193052349685642e-14 1.930433999999999877e-17
1.109942999999999902e+00 2.046925918573607051e-14 1.908857999999999923e-17
1.110178000000000109e+00 nan 1.891923999999999918e-17
1.110413000000000094e+00 nan 1.771129999999999912e-17
1.110648000000000080e+00 1.890207912873036608e-14 1.630587999999999940e-17
1.110883000000000065e+00 1.914537104896711083e-14 1.559601999999999877e-17
1.111118000000000050e+00 1.927794538128371182e-14 1.490504999999999912e-17
1.111353000000000035e+00 1.903856479459314716e-14 1.453807000000000048e-17
1.111588000000000021e+00 1.943801893133598530e-14 1.424127999999999884e-17
1.111823000000000006e+00 1.969913463340490060e-14 1.403017000000000028e-17
1.112057999999999991e+00 1.974179501521190614e-14 1.374470000000000052e-17
1.112292999999999976e+00 1.940711801353991792e-14 1.374634999999999927e-17
1.112527999999999961e+00 1.937171216014106863e-14 1.403335000000000091e-17
1.112762999999999947e+00 2.001732437231501333e-14 1.482944999999999931e-17
1.112997999999999932e+00 2.058584569078010673e-14 1.563496999999999963e-17
1.113232999999999917e+00 2.041124670837279719e-14 1.573759000000000040e-17
1.113467999999999902e+00 2.014570432454655089e-14 1.573861999999999984e-17
1.113703000000000110e+00 1.982339582814026060e-14 1.668128000000000127e-17
1.113938000000000095e+00 1.945550247769075036e-14 1.748636000000000068e-17
1.114173000000000080e+00 1.958704678621862841e-14 1.765907000000000105e-17
1.114408000000000065e+00 2.027701601619270544e-14 1.840046999999999928e-17
1.114643000000000050e+00 2.087101530809832352e-14 1.900032999999999972e-17
1.114878000000000036e+00 2.080743021766917213e-14 1.929798999999999880e-17
1.115113000000000021e+00 2.042165494639318588e-14 1.914558999999999952e-17
1.115348000000000006e+00 2.025105803298958968e-14 1.731466000000000028e-17
1.115582999999999991e+00 2.046586189556858064e-14 1.632324999999999979e-17
1.115817999999999977e+00 2.044131367866987892e-14 1.616265000000000081e-17
1.116052999999999962e+00 2.025095980960008031e-14 1.597458999999999998e-17
1.116287999999999947e+00 1.958850401484187792e-14 1.599288000000000114e-17
1.116522999999999932e+00 1.906864750893074006e-14 1.579602000000000079e-17
1.116757999999999917e+00 1.912968043795469862e-14 1.589399999999999878e-17
1.116992999999999903e+00 1.932755045653680654e-14 1.629673999999999946e-17
1.117228000000000110e+00 1.877407538987004780e-14 1.608688999999999899e-17
1.117463000000000095e+00 1.827368033839091061e-14 1.598391000000000141e-17
1.117698000000000080e+00 1.874811211651295838e-14 1.631641999999999996e-17
1.117933000000000066e+00 1.939024314853087784e-14 1.736397000000000021e-17
1.118168000000000051e+00 2.008175141522395989e-14 1.819321000000000089e-17
1.118403000000000036e+00 2.021858194258698189e-14 1.815475999999999938e-17
1.118638000000000021e+00 2.040067791237622850e-14 1.778381000000000059e-17
1.118873000000000006e+00 1.995328610502642404e-14 1.804064999999999960e-17
1.119107999999999992e+00 1.925187863158350673e-14 1.812425000000000122e-17
1.119342999999999977e+00 1.885245562101623849e-14 1.836847999999999950e-17
1.119577999999999962e+00 1.873724502088161342e-14 1.870700999999999888e-17
1.119812999999999947e+00 1.893971144284098867e-14 1.857981999999999979e-17
1.120047999999999933e+00 1.938820760163799787e-14 1.896212999999999942e-17
1.120282999999999918e+00 1.940143751458114525e-14 1.920831999999999918e-17
1.120517999999999903e+00 1.956140358800779376e-14 1.949262000000000005e-17
1.120753000000000110e+00 2.034567688019357885e-14 2.017066999999999931e-17
1.120988000000000095e+00 2.032847161001435971e-14 1.975111000000000090e-17
1.121223000000000081e+00 1.985051608611309504e-14 1.916828999999999864e-17
1.121458000000000066e+00 1.980333747795501074e-14 1.968095999999999978e-17
1.121693000000000051e+00 1.975699288533105679e-14 1.989082999999999972e-17
1.121928000000000036e+00 1.964598004733808648e-14 1.983042999999999964e-17
1.122163000000000022e+00 1.964238244381832566e-14 2.080371999999999918e-17
1.122398000000000007e+00 1.973596445594931020e-14 2.132989000000000106e-17
1.122632999999999992e+00 1.965648703207495798e-14 2.145175999999999963e-17
1.122867999999999977e+00 2.016036108191631736e-14 2.232485000000000027e-17
1.123102999999999962e+00 2.058488041831466893e-14 2.261299000000000004e-17
1.123337999999999948e+00 2.017212470403197226e-14 2.206209000000000091e-17
1.123572999999999933e+00 1.939155582334261256e-14 2.111586999999999948e-17
1.123807999999999918e+00 1.941266578951739770e-14 2.106229000000000104e-17
1.124042999999999903e+00 2.013100740781645055e-14 2.170554999999999926e-17
1.124278000000000111e+00 2.055712587522928752e-14 2.189006999999999957e-17
1.124513000000000096e+00 2.083485117380200379e-14 2.229123000000000122e-17
1.124748000000000081e+00 2.112838005761992340e-14 2.276978000000000088e-17
1.124983000000000066e+00 2.100852218198868802e-14 2.332042000000000059e-17
1.125218000000000051e+00 1.995563911474558717e-14 2.327142000000000031e-17
1.125453000000000037e+00 1.954345034401266881e-14 2.281353999999999856e-17
1.125688000000000022e+00 1.973208065186411701e-14 2.275480999999999979e-17
1.125923000000000007e+00 2.011622615395004723e-14 2.292137000000000116e-17
1.126157999999999992e+00 2.008224350488112859e-14 2.244144000000000036e-17
1.126392999999999978e+00 1.956530154144638510e-14 2.224252000000000111e-17
1.126627999999999963e+00 1.992738496045281315e-14 2.281508999999999991e-17
1.126862999999999948e+00 2.066212462303849946e-14 2.278517999999999850e-17
1.127097999999999933e+00 2.073021950742914050e-14 2.364108000000000024e-17
1.127332999999999918e+00 nan nan
1.127567999999999904e+00 2.084409113731904166e-14 2.492910000000000088e-17
1.127803000000000111e+00 2.016999686469751972e-14 2.463899999999999963e-17
1.128038000000000096e+00 1.983652288010606886e-14 2.340528000000000031e-17
1.128273000000000081e+00 2.003096734262529147e-14 2.345361999999999924e-17
1.128508000000000067e+00 2.026464775270871924e-14 2.413224000000000064e-17
1.128743000000000052e+00 2.028964161346678591e-14 2.315185000000000057e-17
1.128978000000000037e+00 2.036550902398150410e-14 2.310309000000000022e-17
1.129213000000000022e+00 2.072735700981228086e-14 2.136246999999999939e-17
1.129448000000000008e+00 nan 1.963546999999999926e-17
1.129682999999999993e+00 nan 2.403757999999999963e-17
1.129917999999999978e+00 2.050129826113094962e-14 2.898882000000000041e-17
1.130152999999999963e+00 2.050546796253484463e-14 2.889219999999999792e-17
1.130387999999999948e+00 2.032382237814861460e-14 2.835849999999999898e-17
1.130622999999999934e+00 2.020009147537194020e-14 2.793287999999999769e-17
1.130857999999999919e+00 2.000948823086267342e-14 2.869214000000000054e-17
1.131092999999999904e+00 1.985251970953620762e-14 2.863247000000000154e-17
1.131327999999999889e+00 2.007648014947739144e-14 2.851800000000000187e-17
1.131563000000000097e+00 2.020426677655534126e-14 2.932338000000000274e-17
1.131798000000000082e+00 2.029198104901847032e-14 3.029185000000000110e-17
1.132033000000000067e+00 2.038173286443560182e-14 2.949233999999999725e-17
1.132268000000000052e+00 2.052437875148341453e-14 2.932606999999999914e-17
1.132503000000000037e+00 2.048826476390323926e-14 2.920041999999999704e-17
1.132738000000000023e+00 2.022192009165706014e-14 3.322760000000000029e-17
1.132973000000000008e+00 2.041398487323618073e-14 3.392974999999999928e-17
1.133207999999999993e+00 2.072704590406658958e-14 2.978820000000000301e-17
1.133442999999999978e+00 nan 2.863573000000000008e-17
1.133677999999999964e+00 1.960160563335390783e-14 2.753744999999999979e-17
1.133912999999999949e+00 1.899760475013886637e-14 2.721076000000000111e-17
1.134147999999999934e+00 1.866254063809437042e-14 2.730050999999999865e-17
1.134382999999999919e+00 1.815075866889518864e-14 2.618281000000000035e-17
1.134617999999999904e+00 1.789929409094457323e-14 2.443352999999999944e-17
1.134852999999999890e+00 1.800598204895274573e-14 2.004577000000000084e-17
1.135088000000000097e+00 1.866545686764319281e-14 1.556178999999999861e-17
1.135323000000000082e+00 1.941362942263290135e-14 1.523799000000000037e-17
1.135558000000000067e+00 1.976929631111656267e-14 1.537604000000000096e-17
1.135793000000000053e+00 1.945704311973521623e-14 1.548147000000000118e-17
1.136028000000000038e+00 1.891005333617294375e-14 1.548294000000000152e-17
1.136263000000000023e+00 1.894693595108282373e-14 1.609424999999999893e-17
1.136498000000000008e+00 nan 1.635991000000000003e-17
1.136732999999999993e+00 nan 1.665340999999999927e-17
1.136967999999999979e+00 1.925901362119944948e-14 1.612174999999999975e-17
1.137202999999999964e+00 1.902287558800602981e-14 1.585892000000000066e-17
1.137437999999999949e+00 1.936617013108309386e-14 1.595773000000000021e-17
1.137672999999999934e+00 1.955739106152048549e-14 1.661667000000000112e-17
1.137907999999999920e+00 1.889972137894349744e-14 1.621949999999999909e-17
1.138142999999999905e+00 1.734330142967243237e-14 1.517134999999999901e-17
1.138377999999999890e+00 1.512537569608272229e-14 1.315956999999999969e-17
1.138613000000000097e+00 1.539640958033481675e-14 1.337510000000000058e-17
1.138848000000000082e+00 1.762157845314398597e-14 1.496731000000000021e-17
1.139083000000000068e+00 1.923156608507591223e-14 1.598763999999999854e-17
1.139318000000000053e+00 1.942591417886832163e-14 1.601999000000000130e-17
1.139553000000000038e+00 1.923434414398168166e-14 1.565846999999999954e-17
1.139788000000000023e+00 1.931470367267674921e-14 1.568094000000000001e-17
1.140023000000000009e+00 1.933299921888385740e-14 1.676818999999999860e-17
1.140257999999999994e+00 1.846058068553423216e-14 1.719680000000000082e-17
1.140492999999999979e+00 1.552810120826215580e-14 1.543208000000000024e-17
1.140727999999999964e+00 1.388431925794365902e-14 1.434942999999999930e-17
1.140962999999999949e+00 1.533407511601032746e-14 1.538841999999999997e-17
1.141197999999999935e+00 1.763318155673565691e-14 1.796196000000000145e-17
1.141432999999999920e+00 1.904096051423149642e-14 2.258045999999999887e-17
1.141667999999999905e+00 1.978987025718940989e-14 2.610974999999999929e-17
1.141902999999999890e+00 1.999473725640482408e-14 2.716429000000000139e-17
1.142138000000000098e+00 2.028910790055596159e-14 2.803147000000000296e-17
1.142373000000000083e+00 1.999696843805552087e-14 2.762769999999999975e-17
1.142608000000000068e+00 2.003827301167054782e-14 2.797718000000000292e-17
1.142843000000000053e+00 2.001846664967934014e-14 2.770127000000000144e-17
1.143078000000000038e+00 1.988135272131806885e-14 2.768874999999999990e-17
1.143313000000000024e+00 1.971418462587057620e-14 2.744418999999999941e-17
1.143548000000000009e+00 1.982141312491831010e-14 2.759593000000000042e-17
1.143782999999999994e+00 1.961472222590800311e-14 2.748043999999999951e-17
1.144017999999999979e+00 nan 2.751855999999999881e-17
1.144252999999999965e+00 nan 2.733644000000000089e-17
1.144487999999999950e+00 1.946873810704629300e-14 2.737955999999999978e-17
1.144722999999999935e+00 1.966222259506169816e-14 2.737957999999999926e-17
1.144957999999999920e+00 1.969162811713169820e-14 2.691309999999999895e-17
1.145192999999999905e+00 2.021053791431859617e-14 2.728568000000000009e-17
1.145427999999999891e+00 1.981157672739446950e-14 2.491043000000000035e-17
1.145663000000000098e+00 2.005140926793694955e-14 2.306509000000000089e-17
1.145898000000000083e+00 1.999874768253019072e-14 2.318413999999999873e-17
1.146133000000000068e+00 1.997297393513543252e-14 2.324124000000000130e-17
1.146368000000000054e+00 2.000520505661851304e-14 2.293366000000000096e-17
1.146603000000000039e+00 2.010206888942528237e-14 2.132664000000000071e-17
1.146838000000000024e+00 2.072320794787401722e-14 2.063410000000000024e-17
1.147073000000000009e+00 2.084746493979903260e-14 2.092422999999999917e-17
1.147307999999999995e+00 2.003841388358273233e-14 2.003553999999999993e-17
1.147542999999999980e+00 2.030966150165141886e-14 2.037122000000000091e-17
1.147777999999999965e+00 nan nan
1.148012999999999950e+00 2.049155348286166315e-14 1.998785000000000108e-17
1.148247999999999935e+00 nan nan
1.148482999999999921e+00 nan 2.038861000000000078e-17
1.148717999999999906e+00 nan 1.987824999999999975e-17
1.148952999999999891e+00 2.083811680536363023e-14 1.990354000000000094e-17
1.149188000000000098e+00 2.105553618297452277e-14 2.050236999999999886e-17
1.149423000000000084e+00 2.064661728494554485e-14 2.235762000000000137e-17
1.149658000000000069e+00 2.034762268364088516e-14 1.973504999999999885e-17
1.149893000000000054e+00 nan 3.760888999999999895e-17
1.150128000000000039e+00 2.147428551566206388e-14 2.649989999999999871e-17
1.150363000000000024e+00 2.066498164055771173e-14 2.003630999999999997e-17
1.150598000000000010e+00 2.059263065504699184e-14 2.167776000000000135e-17
1.150832999999999995e+00 2.066279501968778357e-14 2.164940999999999950e-17
1.151067999999999980e+00 2.063786878933249553e-14 2.186172999999999900e-17
1.151302999999999965e+00 2.065925367838154370e-14 2.246680999999999948e-17
1.151537999999999951e+00 2.062775231835121794e-14 2.238297999999999921e-17
1.151772999999999936e+00 2.060515718653158947e-14 2.229195000000000101e-17
1.152007999999999921e+00 2.057187155085274292e-14 2.203489999999999975e-17
1.152242999999999906e+00 2.061544964943925106e-14 2.191493000000000115e-17
1.152477999999999891e+00 1.996674996890874868e-14 2.109724999999999919e-17
1.152713000000000099e+00 1.950315406813458757e-14 2.019823999999999985e-17
1.152948000000000084e+00 1.958955502739127610e-14 1.951464000000000142e-17
1.153183000000000069e+00 1.988999116235138864e-14 1.954141000000000116e-17
1.153418000000000054e+00 1.997160187345190959e-14 1.972034000000000025e-17
1.153653000000000040e+00 2.012292248105673397e-14 1.982310000000000047e-17
1.153888000000000025e+00 2.018070214828174138e-14 1.909643000000000031e-17
1.154123000000000010e+00 2.034222844415073158e-14 1.719692999999999898e-17
1.154357999999999995e+00 2.048485606227437557e-14 1.572295999999999973e-17
1.154592999999999980e+00 2.018289928957297301e-14 1.498653999999999853e-17
1.154827999999999966e+00 1.996526411998811953e-14 1.447356999999999901e-17
1.155062999999999951e+00 2.018952253262825684e-14 1.446112000000000029e-17
1.155297999999999936e+00 2.054897673137793911e-14 1.426277000000000010e-17
1.155532999999999921e+00 2.077519270828765135e-14 1.438521000000000082e-17
1.155767999999999907e+00 2.029412962015275735e-14 1.437564000000000126e-17
1.156002999999999892e+00 2.029790893194213326e-14 1.493609999999999866e-17
1.156238000000000099e+00 2.028216312663952516e-14 1.482131000000000114e-17
1.156473000000000084e+00 2.028104628317741257e-14 1.506235999999999879e-17
1.156708000000000069e+00 2.046655601027135251e-14 1.542494999999999895e-17
1.156943000000000055e+00 2.033960122950949180e-14 1.542056999999999867e-17
1.157178000000000040e+00 1.973538146886963150e-14 1.531709999999999995e-17
1.157413000000000025e+00 1.999001755847223695e-14 1.563358999999999849e-17
1.157648000000000010e+00 2.031350703693418395e-14 1.623373999999999910e-17
1.157882999999999996e+00 2.003750046910436461e-14 1.687854000000000048e-17
1.158117999999999981e+00 2.039540992608295046e-14 1.755841999999999998e-17
1.158352999999999966e+00 2.052790941726913041e-14 1.749288000000000086e-17
1.158587999999999951e+00 2.069574198380868292e-14 1.691826000000000137e-17
1.158822999999999936e+00 2.059922927366546131e-14 1.793102000000000060e-17
1.159057999999999922e+00 2.030366616255995337e-14 1.786074000000000131e-17
1.159292999999999907e+00 1.992960156884412705e-14 1.730617999999999861e-17
1.159527999999999892e+00 1.939402838118303301e-14 1.637983999999999866e-17
1.159763000000000099e+00 1.938431676165127914e-14 1.729311000000000058e-17
1.159998000000000085e+00 1.975151493158356062e-14 1.763463000000000090e-17
1.160233000000000070e+00 1.955275163708489011e-14 1.793249999999999914e-17
1.160468000000000055e+00 1.977038161984776060e-14 1.809690000000000113e-17
1.160703000000000040e+00 2.001234090584280196e-14 1.768379000000000010e-17
1.160938000000000025e+00 1.988896460485071637e-14 1.713508999999999932e-17
1.161173000000000011e+00 1.961304903527110511e-14 1.624167999999999938e-17
1.161407999999999996e+00 1.978709667790178995e-14 1.602011999999999946e-17
1.161642999999999981e+00 2.044737767297811182e-14 1.713508999999999932e-17
1.161877999999999966e+00 2.043764462889082575e-14 1.878799000000000074e-17
1.162112999999999952e+00 2.000243596375923461e-14 1.803407999999999918e-17
1.162347999999999937e+00 1.962327002456887476e-14 1.669951000000000090e-17
1.162582999999999922e+00 1.980170508708493389e-14 1.857720000000000003e-17
1.162817999999999907e+00 2.041995203496259819e-14 1.937370000000000038e-17
1.163052999999999892e+00 2.091565224262423511e-14 1.947185999999999986e-17
1.163288000000000100e+00 2.112158611479934695e-14 1.984641999999999889e-17
1.163523000000000085e+00 2.070047444596824954e-14 1.952183999999999935e-17
1.163758000000000070e+00 1.999040597936560879e-14 1.890208000000000104e-17
1.163993000000000055e+00 1.962236733291061026e-14 1.788149000000000021e-17
1.164228000000000041e+00 1.975318064253215784e-14 2.148364999999999893e-17
1.164463000000000026e+00 2.023588769118869148e-14 2.664835000000000042e-17
1.164698000000000011e+00 2.066434662258027294e-14 2.944060999999999853e-17
1.164932999999999996e+00 2.064472704128744175e-14 2.982302999999999992e-17
1.165167999999999981e+00 2.049836943101617229e-14 2.858389000000000268e-17
1.165402999999999967e+00 2.040051724338023913e-14 2.824047999999999751e-17
1.165637999999999952e+00 1.955975112752266414e-14 2.823515000000000187e-17
1.165872999999999937e+00 1.903195430710408725e-14 2.955167000000000201e-17
1.166107999999999922e+00 1.985846986821014979e-14 2.966953999999999967e-17
1.166342999999999908e+00 2.053968459791040219e-14 3.323002000000000216e-17
1.166577999999999893e+00 2.058635935567518015e-14 3.524486000000000060e-17
1.166813000000000100e+00 2.073276440593804759e-14 3.646717000000000192e-17
1.167048000000000085e+00 2.061771755698689423e-14 3.670450999999999884e-17
1.167283000000000071e+00 2.020547325872984948e-14 3.571002000000000129e-17
1.167518000000000056e+00 2.012776242374154900e-14 3.523994999999999713e-17
1.167753000000000041e+00 1.994951993773175748e-14 3.047543000000000116e-17
1.167988000000000026e+00 1.989657441136713912e-14 2.955914000000000063e-17
1.168223000000000011e+00 2.136839343461967229e-14 6.031397000000000047e-17
1.168457999999999997e+00 1.971310961718132172e-14 2.446522999999999905e-17
1.168692999999999982e+00 1.938153287744296761e-14 2.431864999999999963e-17
1.168927999999999967e+00 1.904254390116621378e-14 2.363942000000000020e-17
1.169162999999999952e+00 1.716572509003750153e-14 1.709628000000000098e-17
1.169397999999999938e+00 1.589193694184281122e-14 1.512203000000000088e-17
1.169632999999999923e+00 1.804475348227445064e-14 1.727111999999999997e-17
1.169867999999999908e+00 1.919847495359167862e-14 1.728174000000000154e-17
1.170102999999999893e+00 1.968623965256107425e-14 1.650246000000000086e-17
1.170338000000000100e+00 2.013343422088104905e-14 1.650131000000000145e-17
1.170573000000000086e+00 2.046929898932932161e-14 1.710270999999999888e-17
1.170808000000000071e+00 nan 1.777821999999999938e-17
1.171043000000000056e+00 2.048492704124583332e-14 1.624547000000000112e-17
1.171278000000000041e+00 2.022438252376473240e-14 1.513018999999999853e-17
1.171513000000000027e+00 2.002429335491137977e-14 1.459592000000000052e-17
1.171748000000000012e+00 1.965186453143177049e-14 1.460276999999999984e-17
1.171982999999999997e+00 1.974540049098518398e-14 1.495990000000000003e-17
1.172217999999999982e+00 2.016493568359358391e-14 1.492746999999999935e-17
1.172452999999999967e+00 2.022004162775722900e-14 1.486114000000000072e-17
1.172687999999999953e+00 1.972921665365727488e-14 1.447960000000000113e-17
1.172922999999999938e+00 2.006891872438671878e-14 1.479564000000000057e-17
1.173157999999999923e+00 2.056461586708285235e-14 1.848854999999999858e-17
1.173392999999999908e+00 2.057266420167897145e-14 1.598157000000000054e-17
1.173627999999999894e+00 1.981930725721965924e-14 1.607517000000000134e-17
1.173863000000000101e+00 2.016045541922397175e-14 1.687053000000000047e-17
1.174098000000000086e+00 1.946937193549959342e-14 1.926933999999999857e-17
1.174333000000000071e+00 2.014662264095414649e-14 2.666995000000000036e-17
1.174568000000000056e+00 2.047554580420545412e-14 3.061198000000000064e-17
1.174803000000000042e+00 2.037190121895368738e-14 3.095019999999999729e-17
1.175038000000000027e+00 2.020664961836704250e-14 3.099830000000000245e-17
1.175273000000000012e+00 1.952113326741406144e-14 2.999243000000000150e-17
1.175507999999999997e+00 1.913400842625436118e-14 2.950447000000000121e-17
1.175742999999999983e+00 1.943403046102922592e-14 2.954063999999999722e-17
1.175977999999999968e+00 1.962423332039828402e-14 3.105020000000000138e-17
1.176212999999999953e+00 1.957618233868466565e-14 3.623462999999999745e-17
1.176447999999999938e+00 1.956156896026703480e-14 3.794366000000000044e-17
1.176682999999999923e+00 1.958500645054112995e-14 3.666432999999999756e-17
1.176917999999999909e+00 1.897411034184496750e-14 2.660854000000000032e-17
1.177152999999999894e+00 1.713265612451349934e-14 2.005534000000000040e-17
1.177388000000000101e+00 1.462032622818285709e-14 1.697604999999999989e-17
1.177623000000000086e+00 1.358528202591002853e-14 1.530999999999999942e-17
1.177858000000000072e+00 1.567398304821089994e-14 1.500349999999999878e-17
1.178093000000000057e+00 1.802044736970762770e-14 1.496938999999999858e-17
1.178328000000000042e+00 1.881705649855474565e-14 1.420504000000000003e-17
1.178563000000000027e+00 1.913600526895639932e-14 1.418154000000000011e-17
1.178798000000000012e+00 1.952355185882668572e-14 1.541720000000000144e-17
1.179032999999999998e+00 1.968260038317561313e-14 1.582722999999999925e-17
1.179267999999999983e+00 1.958483254674898067e-14 1.576191999999999879e-17
1.179502999999999968e+00 1.954598205627099472e-14 1.484801999999999936e-17
1.179737999999999953e+00 1.947026681672357719e-14 1.465110000000000056e-17
1.179972999999999939e+00 1.943710541026469050e-14 1.458671999999999906e-17
1.180207999999999924e+00 1.941004612697143897e-14 1.465611999999999963e-17
1.180442999999999909e+00 1.958152993065395397e-14 1.493516000000000150e-17
1.180677999999999894e+00 2.010727917805975535e-14 1.557557999999999952e-17
1.180913000000000102e+00 1.959448980486258068e-14 1.499241999999999992e-17
1.181148000000000087e+00 1.964512485411052928e-14 1.513028000000000081e-17
1.181383000000000072e+00 1.964062041947822606e-14 1.559421999999999929e-17
1.181618000000000057e+00 1.892276692068736940e-14 1.550139999999999981e-17
1.181853000000000042e+00 1.869970308384147016e-14 1.592887999999999901e-17
1.182088000000000028e+00 1.918206083331909419e-14 2.113169999999999981e-17
1.182323000000000013e+00 1.950249535884396312e-14 2.257961999999999911e-17
1.182557999999999998e+00 1.958725716841078766e-14 2.454842000000000053e-17
1.182792999999999983e+00 1.925059079659490177e-14 2.595933999999999918e-17
1.183027999999999968e+00 1.888653127962487319e-14 2.768659999999999873e-17
1.183262999999999954e+00 1.907596078799659219e-14 3.046424999999999873e-17
1.183497999999999939e+00 1.910414955609734684e-14 3.121471000000000206e-17
1.183732999999999924e+00 1.875219571998683044e-14 3.040205999999999737e-17
1.183967999999999909e+00 1.851491001187554770e-14 3.016708000000000080e-17
1.184202999999999895e+00 1.901842879228466849e-14 3.095782999999999792e-17
1.184438000000000102e+00 nan nan
1.184673000000000087e+00 nan nan
1.184908000000000072e+00 nan 6.618573000000000134e-17
1.185143000000000058e+00 1.861323528529299828e-14 2.898474000000000159e-17
1.185378000000000043e+00 1.877967751369689522e-14 2.847453999999999948e-17
1.185613000000000028e+00 1.940028417371877768e-14 2.690246999999999919e-17
1.185848000000000013e+00 1.930195164386531677e-14 2.189605000000000145e-17
1.186082999999999998e+00 1.893079025477288542e-14 1.831750000000000133e-17
1.186317999999999984e+00 1.901230092167738172e-14 1.751754000000000147e-17
1.186552999999999969e+00 1.929923767085667497e-14 1.801148000000000055e-17
1.186787999999999954e+00 1.933947330783211682e-14 1.814116999999999944e-17
1.187022999999999939e+00 1.879202322212487872e-14 1.754517000000000045e-17
1.187257999999999925e+00 1.874947447424963524e-14 1.758436000000000124e-17
1.187492999999999910e+00 1.922898983847874734e-14 1.825017000000000094e-17
1.187727999999999895e+00 1.940466758753069366e-14 1.869074000000000074e-17
1.187963000000000102e+00 1.930498197778212665e-14 2.048743999999999982e-17
1.188198000000000087e+00 1.859271007662248959e-14 2.114029000000000016e-17
1.188433000000000073e+00 1.783958042312558306e-14 2.081540999999999916e-17
1.188668000000000058e+00 1.684608285912600569e-14 2.155670999999999998e-17
1.188903000000000043e+00 1.792644927377886084e-14 2.420368999999999882e-17
1.189138000000000028e+00 1.888897074670762236e-14 2.546250000000000145e-17
1.189373000000000014e+00 1.903130527541906310e-14 2.565276000000000062e-17
1.189607999999999999e+00 1.893764358967041308e-14 2.575321999999999893e-17
1.189842999999999984e+00 1.944335119262437110e-14 2.672828999999999847e-17
1.190077999999999969e+00 1.946163242612155690e-14 2.627843999999999928e-17
1.190312999999999954e+00 1.941265504011827341e-14 2.434464999999999934e-17
1.190547999999999940e+00 1.940365040712725137e-14 2.374810999999999897e-17
1.190782999999999925e+00 1.920662147614750648e-14 2.590704000000000139e-17
1.191017999999999910e+00 1.909862957299628715e-14 2.439515999999999893e-17
1.191252999999999895e+00 1.918613582237823869e-14 2.341445999999999921e-17
1.191488000000000103e+00 1.901614040395253839e-14 2.333825000000000137e-17
1.191723000000000088e+00 1.892295639482885031e-14 2.332389999999999959e-17
1.191958000000000073e+00 1.914982069712723039e-14 2.369573000000000018e-17
1.192193000000000058e+00 1.934020847471733599e-14 2.396560999999999954e-17
1.192428000000000043e+00 nan nan
1.192663000000000029e+00 1.930764453657627097e-14 2.781464999999999705e-17
1.192898000000000014e+00 1.975547636027352920e-14 2.764909000000000053e-17
1.193132999999999999e+00 1.977213849426408875e-14 2.335768999999999885e-17
1.193367999999999984e+00 1.994751105173059792e-14 2.684107999999999862e-17
1.193602999999999970e+00 1.947824699231544035e-14 2.971191000000000109e-17
1.193837999999999955e+00 1.898915849364712305e-14 2.948873999999999829e-17
1.194072999999999940e+00 1.872431366938589947e-14 2.895017999999999921e-17
1.194307999999999925e+00 1.879191192942989905e-14 2.822133999999999839e-17
1.194542999999999910e+00 1.910376802722956188e-14 3.003917999999999703e-17
1.194777999999999896e+00 1.891675056655015928e-14 2.839150999999999693e-17
1.195013000000000103e+00 1.866875174997260125e-14 3.028572999999999978e-17
1.195248000000000088e+00 1.773992967060298356e-14 2.205937000000000067e-17
1.195483000000000073e+00 1.843770905823573522e-14 1.911936000000000116e-17
1.195718000000000059e+00 1.925769743660353353e-14 1.780313000000000119e-17
1.195953000000000044e+00 1.923768144173793274e-14 1.738673999999999905e-17
1.196188000000000029e+00 1.876948678379300043e-14 1.791202999999999913e-17
1.196423000000000014e+00 1.839556693163584253e-14 1.709970999999999974e-17
1.196657999999999999e+00 1.856442961914197756e-14 1.840176000000000122e-17
1.196892999999999985e+00 1.877204492431082147e-14 1.967390000000000129e-17
1.197127999999999970e+00 1.869953151681512012e-14 1.931807999999999944e-17
1.197362999999999955e+00 1.787092386309264536e-14 1.893130000000000033e-17
1.197597999999999940e+00 1.661704234286636584e-14 1.746416000000000091e-17
1.197832999999999926e+00 1.669162948294798535e-14 1.770203000000000102e-17
1.198067999999999911e+00 1.743875311109539475e-14 1.833917999999999920e-17
1.198302999999999896e+00 1.795325414052454797e-14 1.871749999999999920e-17
1.198538000000000103e+00 1.854858393941377521e-14 1.921112000000000043e-17
1.198773000000000089e+00 1.905755799595347247e-14 1.985949000000000001e-17
1.199008000000000074e+00 1.876184521158833143e-14 1.988526000000000107e-17
1.199243000000000059e+00 1.807310795325359952e-14 1.940471999999999916e-17
1.199478000000000044e+00 1.832228091036321270e-14 3.384222999999999776e-17
1.199713000000000029e+00 nan 3.369238999999999980e-17
1.199948000000000015e+00 1.858045782328063051e-14 1.923467000000000059e-17
1.200183000000000000e+00 1.860696561518001835e-14 1.833025999999999971e-17
1.200417999999999985e+00 1.806652709043963008e-14 1.704947000000000085e-17
1.200652999999999970e+00 1.819709786302614557e-14 1.720806000000000117e-17
1.200887999999999955e+00 1.901839591121384937e-14 1.809101999999999974e-17
1.201122999999999941e+00 1.886257694454844052e-14 1.794055000000000119e-17
1.201357999999999926e+00 1.857840705105772938e-14 1.775042000000000019e-17
1.201592999999999911e+00 1.893656524451914041e-14 1.797815999999999987e-17
1.201827999999999896e+00 1.915857459134865553e-14 1.825594999999999876e-17
1.202063000000000104e+00 1.876311609996398475e-14 1.984109000000000017e-17
1.202298000000000089e+00 1.843052738245989216e-14 2.098830000000000102e-17
1.202533000000000074e+00 1.886557502197999757e-14 2.264665000000000113e-17
1.202768000000000059e+00 1.891475602912256465e-14 2.342799999999999891e-17
1.203003000000000045e+00 1.812796725231839506e-14 2.235192999999999967e-17
1.203238000000000030e+00 1.789950491392997937e-14 2.206392999999999935e-17
1.203473000000000015e+00 1.857458356767664995e-14 2.274154000000000079e-17
1.203708000000000000e+00 1.938574241950819225e-14 2.454578999999999949e-17
1.203942999999999985e+00 1.956041826547217147e-14 2.541200000000000006e-17
1.204177999999999971e+00 1.966830116919231797e-14 2.572223000000000091e-17
1.204412999999999956e+00 1.949878150598815854e-14 2.471230999999999882e-17
1.204647999999999941e+00 1.917817764731965732e-14 2.156283000000000130e-17
1.204882999999999926e+00 1.887156372040729702e-14 1.963479999999999971e-17
1.205117999999999912e+00 1.890895418951355894e-14 1.891666000000000146e-17
1.205352999999999897e+00 1.935893085376129574e-14 1.746072999999999907e-17
1.205588000000000104e+00 1.947693977779510039e-14 1.563825000000000074e-17
1.205823000000000089e+00 1.989529189146749226e-14 1.541359999999999940e-17
1.206058000000000074e+00 2.046123681498084422e-14 1.519018999999999975e-17
1.206293000000000060e+00 2.021320614357714346e-14 1.488231999999999925e-17
1.206528000000000045e+00 2.002736074790754128e-14 1.505920999999999893e-17
1.206763000000000030e+00 1.964415902606863543e-14 1.590085000000000118e-17
1.206998000000000015e+00 1.899023807382839509e-14 1.587727000000000026e-17
1.207233000000000001e+00 1.897411820135108867e-14 1.568275999999999897e-17
1.207467999999999986e+00 1.954665100502652351e-14 1.606028999999999946e-17
1.207702999999999971e+00 2.007483340285692350e-14 1.579222999999999905e-17
1.207937999999999956e+00 2.029716122879834794e-14 1.542006000000000113e-17
1.208172999999999941e+00 1.999204853486432518e-14 1.600094999999999959e-17
1.208407999999999927e+00 1.975018316860480918e-14 1.673542000000000058e-17
1.208642999999999912e+00 1.982521026062032561e-14 1.744530000000000069e-17
1.208877999999999897e+00 1.945333527643569682e-14 1.885938000000000049e-17
1.209113000000000104e+00 1.846556913806627016e-14 1.908599000000000024e-17
1.209348000000000090e+00 1.828914727583552350e-14 1.898874000000000023e-17
1.209583000000000075e+00 1.906261726088726205e-14 2.002816999999999872e-17
1.209818000000000060e+00 2.014374561162938194e-14 2.122275000000000057e-17
1.210053000000000045e+00 2.087997732136851848e-14 2.178388000000000060e-17
1.210288000000000030e+00 2.019331311165768883e-14 2.059394999999999972e-17
1.210523000000000016e+00 1.933847030778119814e-14 1.993397999999999937e-17
1.210758000000000001e+00 1.955446490546286507e-14 2.853991000000000147e-17
1.210992999999999986e+00 1.888238994144404731e-14 1.759215000000000080e-17
1.211227999999999971e+00 1.858693429829809500e-14 1.729066000000000102e-17
1.211462999999999957e+00 1.881173849398158150e-14 1.739133999999999978e-17
1.211697999999999942e+00 1.892488150376767985e-14 1.719641000000000016e-17
1.211932999999999927e+00 1.888391960471892044e-14 1.702428000000000013e-17
1.212167999999999912e+00 1.944188058780574334e-14 1.707448000000000007e-17
1.212402999999999897e+00 1.999783866499391019e-14 1.741353999999999956e-17
1.212638000000000105e+00 2.031831460473131888e-14 1.822167999999999963e-17
1.212873000000000090e+00 1.974361302478084341e-14 1.845340999999999894e-17
1.213108000000000075e+00 1.872591498982582080e-14 1.833642000000000000e-17
1.213343000000000060e+00 1.861698430604891033e-14 1.815028999999999989e-17
1.213578000000000046e+00 1.908874205694571030e-14 1.814015999999999947e-17
1.213813000000000031e+00 1.994119241702319992e-14 1.900756999999999969e-17
1.214048000000000016e+00 2.054713509802779698e-14 1.829547999999999997e-17
1.214283000000000001e+00 2.076210246994190180e-14 1.683409999999999889e-17
1.214517999999999986e+00 2.072950082287406517e-14 1.831499000000000026e-17
1.214752999999999972e+00 2.030273085377858843e-14 2.003685999999999955e-17
1.214987999999999957e+00 2.022467281791508404e-14 2.036526999999999980e-17
1.215222999999999942e+00 2.049091740368855439e-14 2.107682999999999942e-17
1.215457999999999927e+00 nan 2.233014000000000003e-17
1.215692999999999913e+00 nan 2.263279000000000050e-17
1.215927999999999898e+00 1.973641534748125212e-14 2.051715000000000025e-17
1.216163000000000105e+00 1.972513988165605817e-14 2.054917999999999900e-17
1.216398000000000090e+00 2.001741936155056635e-14 1.974022999999999992e-17
1.216633000000000076e+00 1.988280955754427149e-14 1.815782000000000004e-17
1.216868000000000061e+00 1.973091449408750739e-14 1.783630000000000115e-17
1.217103000000000046e+00 1.997072147796434301e-14 1.847647000000000103e-17
1.217338000000000031e+00 2.020674657492030243e-14 1.843262000000000107e-17
1.217573000000000016e+00 2.009074323885190264e-14 1.848452000000000000e-17
1.217808000000000002e+00 2.013945242478371629e-14 1.991256000000000092e-17
1.218042999999999987e+00 2.040587385961592542e-14 2.000348000000000043e-17
1.218277999999999972e+00 2.060851126083403093e-14 1.910711000000000032e-17
1.218512999999999957e+00 2.085677782184985207e-14 1.869088000000000019e-17
1.218747999999999942e+00 2.064845911317034405e-14 1.820800000000000049e-17
1.218982999999999928e+00 2.007620723902225679e-14 1.789071000000000116e-17
1.219217999999999913e+00 2.003521173789288280e-14 1.795779999999999854e-17
1.219452999999999898e+00 2.036833290562998635e-14 1.823687999999999937e-17
1.219688000000000105e+00 2.048005845212292766e-14 1.807556999999999880e-17
1.219923000000000091e+00 2.037569455326455368e-14 1.831665999999999849e-17
1.220158000000000076e+00 2.040293569840281399e-14 1.861398000000000023e-17
1.220393000000000061e+00 2.074281463099588785e-14 1.805596999999999930e-17
1.220628000000000046e+00 2.064441173767074166e-14 1.838181000000000003e-17
1.220863000000000032e+00 2.042435558561749866e-14 1.861461999999999902e-17
1.221098000000000017e+00 2.037854280917472478e-14 1.731187999999999851e-17
1.221333000000000002e+00 1.990193550547193459e-14 1.588175000000000102e-17
1.221567999999999987e+00 1.953796545587039981e-14 1.454253999999999997e-17
1.221802999999999972e+00 1.961612586638502387e-14 1.420204000000000089e-17
1.222037999999999958e+00 1.945516178177638544e-14 1.446979999999999984e-17
1.222272999999999943e+00 1.976333762140924422e-14 1.511799999999999921e-17
1.222507999999999928e+00 1.959193265983036409e-14 1.361966999999999927e-17
1.222742999999999913e+00 1.977189107967483243e-14 1.375719999999999949e-17
1.222977999999999899e+00 2.036908820553918185e-14 1.397261000000000041e-17
1.223213000000000106e+00 2.098451504414463157e-14 1.408132999999999994e-17
1.223448000000000091e+00 2.116392794422741518e-14 1.422554999999999900e-17
1.223683000000000076e+00 2.093793010116638508e-14 1.414573999999999912e-17
1.223918000000000061e+00 2.075983985822008539e-14 1.405091000000000099e-17
1.224153000000000047e+00 2.083301906642343287e-14 1.409745999999999863e-17
1.224388000000000032e+00 2.071352687340213160e-14 1.415163999999999999e-17
1.224623000000000017e+00 2.080645290395285870e-14 1.407749999999999924e-17
1.224858000000000002e+00 2.091674394623940702e-14 1.432435000000000036e-17
1.225092999999999988e+00 2.094946245267675866e-14 1.435396000000000031e-17
1.225327999999999973e+00 2.072538118556453226e-14 1.440910999999999959e-17
1.225562999999999958e+00 2.066735725902468505e-14 1.454671999999999928e-17
1.225797999999999943e+00 2.037041120776866847e-14 1.462092999999999975e-17
1.226032999999999928e+00 2.014229582174885720e-14 1.556758000000000079e-17
1.226267999999999914e+00 2.046517133387385309e-14 1.729768000000000054e-17
1.226502999999999899e+00 2.065383989804924045e-14 1.756468999999999894e-17
1.226738000000000106e+00 2.075204610456640729e-14 1.754058000000000100e-17
1.226973000000000091e+00 2.099688631379185811e-14 1.722928999999999994e-17
1.227208000000000077e+00 2.086654897643561405e-14 1.637748000000000139e-17
1.227443000000000062e+00 2.013482186505405011e-14 1.656202999999999938e-17
1.227678000000000047e+00 2.003817747869290698e-14 1.605756999999999921e-17
1.227913000000000032e+00 2.078933338665891286e-14 1.793109999999999852e-17
1.228148000000000017e+00 2.108504341324367547e-14 2.078144000000000149e-17
1.228383000000000003e+00 2.090848970065084173e-14 2.053115000000000033e-17
1.228617999999999988e+00 2.059743793185047604e-14 2.015488000000000103e-17
1.228852999999999973e+00 2.041817867773375984e-14 1.981480000000000029e-17
1.229087999999999958e+00 2.049265076500197655e-14 1.936449000000000072e-17
1.229322999999999944e+00 2.036608543247433994e-14 1.843507000000000062e-17
1.229557999999999929e+00 1.998134927272015855e-14 1.786261000000000051e-17
1.229792999999999914e+00 1.976106365259349877e-14 1.765311999999999994e-17
1.230027999999999899e+00 1.997771264057922790e-14 1.781915999999999941e-17
1.230263000000000106e+00 2.033340156519092874e-14 1.798332000000000147e-17
1.230498000000000092e+00 2.070256102967107095e-14 1.816281000000000143e-17
1.230733000000000077e+00 2.078918012976133791e-14 1.949426000000000061e-17
1.230968000000000062e+00 2.060130822737718402e-14 1.790807000000000027e-17
1.231203000000000047e+00 2.038088697665210143e-14 1.759648999999999903e-17
1.231438000000000033e+00 2.024447228418083990e-14 1.725333999999999944e-17
1.231673000000000018e+00 2.005686197770061435e-14 1.689981000000000129e-17
1.231908000000000003e+00 2.009589663240136165e-14 1.680967000000000001e-17
1.232142999999999988e+00 2.006519244177212959e-14 1.696997000000000061e-17
1.232377999999999973e+00 1.995728794418697401e-14 1.724039000000000137e-17
1.232612999999999959e+00 2.021937878105514823e-14 1.754157000000000149e-17
1.232847999999999944e+00 2.048380795816524267e-14 1.769128000000000128e-17
1.233082999999999929e+00 2.063459850400303832e-14 1.800677000000000114e-17
1.233317999999999914e+00 2.032349686725555486e-14 1.766506999999999933e-17
1.233552999999999900e+00 2.012617788288002898e-14 1.721484000000000076e-17
1.233788000000000107e+00 2.055052792795088908e-14 1.761786999999999853e-17
1.234023000000000092e+00 2.043653614088531145e-14 1.890287000000000055e-17
1.234258000000000077e+00 2.058567293539623315e-14 1.914750000000000077e-17
1.234493000000000062e+00 1.992178677946641648e-14 1.883189000000000095e-17
1.234728000000000048e+00 1.957424406502089929e-14 1.857136999999999889e-17
1.234963000000000033e+00 1.987784599584981154e-14 2.099691999999999905e-17
1.235198000000000018e+00 2.032946652443623347e-14 2.488982000000000088e-17
1.235433000000000003e+00 2.053875358723465643e-14 2.455790999999999908e-17
1.235667999999999989e+00 2.060693879614535953e-14 2.142403000000000016e-17
1.235902999999999974e+00 2.034174287957902927e-14 2.121207999999999876e-17
1.236137999999999959e+00 2.031390415462942692e-14 2.131880000000000092e-17
1.236372999999999944e+00 2.052701697878388193e-14 2.179988000000000113e-17
1.236607999999999929e+00 2.025894454240564175e-14 2.152631999999999871e-17
1.236842999999999915e+00 2.016234222329662819e-14 2.119266999999999895e-17
1.237077999999999900e+00 2.064134683837379619e-14 2.197485999999999956e-17
1.237313000000000107e+00 2.068428694802941881e-14 2.244936999999999936e-17
1.237548000000000092e+00 2.023724941201397347e-14 2.233871999999999911e-17
1.237783000000000078e+00 2.009633565725722635e-14 2.125590999999999924e-17
1.238018000000000063e+00 2.030815463861518152e-14 2.009914000000000012e-17
1.238253000000000048e+00 2.075831066694384965e-14 2.028219000000000008e-17
1.238488000000000033e+00 2.088470040661165571e-14 2.062516000000000127e-17
1.238723000000000019e+00 2.055024413044993477e-14 2.004223999999999852e-17
1.238958000000000004e+00 1.979472045406689099e-14 1.956387000000000035e-17
1.239192999999999989e+00 1.888668650185486036e-14 1.810085999999999999e-17
1.239427999999999974e+00 1.872128832214098078e-14 1.793975999999999859e-17
1.239662999999999959e+00 1.958598875062020206e-14 1.877483000000000042e-17
1.239897999999999945e+00 1.943823228897957519e-14 1.790124999999999864e-17
1.240132999999999930e+00 1.912685113994154400e-14 1.672094999999999884e-17
1.240367999999999915e+00 2.111836589075230666e-14 4.056452999999999781e-17
1.240602999999999900e+00 1.948302989842007865e-14 1.768606000000000125e-17
1.240838000000000108e+00 1.916972910128855396e-14 1.741516999999999883e-17
1.241073000000000093e+00 1.959445452024124106e-14 1.836298000000000057e-17
1.241308000000000078e+00 2.015920185821535479e-14 2.152504999999999934e-17
1.241543000000000063e+00 1.994030978028560475e-14 2.554344000000000126e-17
1.241778000000000048e+00 1.941178054554553514e-14 2.525450000000000070e-17
1.242013000000000034e+00 1.897565987889435504e-14 2.367604000000000148e-17
1.242248000000000019e+00 1.872161848440481961e-14 2.098806000000000109e-17
1.242483000000000004e+00 1.876044365344910591e-14 2.065897000000000001e-17
1.242717999999999989e+00 1.890718895808105765e-14 2.082598000000000048e-17
1.242952999999999975e+00 1.901842109564310634e-14 2.081946999999999850e-17
1.243187999999999960e+00 nan 2.127490999999999891e-17
1.243422999999999945e+00 1.691449001972216955e-14 2.131041000000000153e-17
1.243657999999999930e+00 1.655509285343025363e-14 2.187682000000000005e-17
1.243892999999999915e+00 1.759241743943929747e-14 2.234059999999999959e-17
1.244127999999999901e+00 1.852481581215687381e-14 2.127623999999999981e-17
1.244363000000000108e+00 1.876075856447906016e-14 2.000384999999999853e-17
1.244598000000000093e+00 1.905587445480845367e-14 1.755133999999999893e-17
1.244833000000000078e+00 1.924825654260190460e-14 1.448205999999999888e-17
1.245068000000000064e+00 1.959873037212761426e-14 1.385497999999999960e-17
1.245303000000000049e+00 1.971523305645734571e-14 1.403931000000000022e-17
1.245538000000000034e+00 1.961174806914642763e-14 1.384297000000000023e-17
1.245773000000000019e+00 1.953000794795077285e-14 1.385056000000000035e-17
1.246008000000000004e+00 1.949937878362478782e-14 1.410873000000000027e-17
1.246242999999999990e+00 1.921738207236451463e-14 1.482937999999999959e-17
1.246477999999999975e+00 1.908903697588175205e-14 1.708372000000000049e-17
1.246712999999999960e+00 1.934823126042916302e-14 1.615028000000000001e-17
1.246947999999999945e+00 1.975701688094011699e-14 1.508006000000000140e-17
1.247182999999999931e+00 1.997250394438401511e-14 1.487635999999999993e-17
1.247417999999999916e+00 1.989677680731562036e-14 1.544483000000000042e-17
1.247652999999999901e+00 1.997669554735904888e-14 1.782747000000000087e-17
1.247888000000000108e+00 1.960684135449368330e-14 1.974719000000000100e-17
1.248123000000000093e+00 1.944806997879546196e-14 2.022055999999999959e-17
1.248358000000000079e+00 1.948953018136555940e-14 2.055037999999999865e-17
1.248593000000000064e+00 1.935991843217629322e-14 2.073453999999999906e-17
1.248828000000000049e+00 1.941139732805990263e-14 2.095850999999999958e-17
1.249063000000000034e+00 1.993023351925931225e-14 2.108062000000000116e-17
1.249298000000000020e+00 2.006238851155478101e-14 2.136371999999999929e-17
1.249533000000000005e+00 2.018070966407963891e-14 1.965287000000000041e-17
1.249767999999999990e+00 1.972983272064764225e-14 1.882970999999999901e-17
1.250002999999999975e+00 1.979740202474806448e-14 1.864780000000000026e-17
1.250237999999999960e+00 1.977789240059249722e-14 1.913396999999999927e-17
1.250472999999999946e+00 2.001671798800599821e-14 2.120781000000000024e-17
1.250707999999999931e+00 2.025918140431350970e-14 2.179725000000000009e-17
1.250942999999999916e+00 1.951481066780856053e-14 2.111850000000000053e-17
1.251177999999999901e+00 1.977010154104534606e-14 2.107357000000000087e-17
1.251413000000000109e+00 1.957445317887340113e-14 2.085429000000000030e-17
1.251648000000000094e+00 2.005219609093969528e-14 2.543233000000000063e-17
1.251883000000000079e+00 1.934755386933792589e-14 2.017436999999999876e-17
1.252118000000000064e+00 1.905055063605443979e-14 2.059256000000000038e-17
1.252353000000000049e+00 1.719537158374970724e-14 1.777374999999999989e-17
1.252588000000000035e+00 1.591003354327566489e-14 1.679719999999999872e-17
1.252823000000000020e+00 1.767669974113739653e-14 1.940377000000000071e-17
1.253058000000000005e+00 1.929414316309911994e-14 2.111595000000000049e-17
1.253292999999999990e+00 1.995337036263508748e-14 2.256424000000000097e-17
1.253527999999999976e+00 1.994248178584235381e-14 2.378387999999999920e-17
1.253762999999999961e+00 1.955443235035253690e-14 2.804239000000000290e-17
1.253997999999999946e+00 1.984735391017825440e-14 2.923545000000000108e-17
1.254232999999999931e+00 2.055182346835125517e-14 2.996851999999999837e-17
1.254467999999999916e+00 2.054953822651138980e-14 2.969484999999999726e-17
1.254702999999999902e+00 2.031238521379907719e-14 2.963496000000000089e-17
1.254938000000000109e+00 2.003277647574707685e-14 2.996104000000000155e-17
1.255173000000000094e+00 1.996419936533641267e-14 2.876759999999999783e-17
1.255408000000000079e+00 2.011034187434029906e-14 2.908935999999999973e-17
1.255643000000000065e+00 2.075758596607671907e-14 3.186395999999999727e-17
1.255878000000000050e+00 2.099878230304131792e-14 3.261651000000000025e-17
1.256113000000000035e+00 2.080985133226530409e-14 3.219967000000000209e-17
1.256348000000000020e+00 2.061646603564081482e-14 3.127730999999999739e-17
1.256583000000000006e+00 2.033712038304326065e-14 2.913067999999999913e-17
1.256817999999999991e+00 1.963392216201127479e-14 2.720097999999999930e-17
1.257052999999999976e+00 1.950989451322839310e-14 2.658346000000000137e-17
1.257287999999999961e+00 1.990553131388961951e-14 2.570010999999999906e-17
1.257522999999999946e+00 2.001589746071699229e-14 2.457330999999999979e-17
1.257757999999999932e+00 1.988001320023289421e-14 2.425669000000000000e-17
1.257992999999999917e+00 1.997418133272302364e-14 2.430416000000000149e-17
1.258227999999999902e+00 2.034498785781703223e-14 2.486267999999999996e-17
1.258463000000000109e+00 2.052983295980556512e-14 2.524414999999999983e-17
1.258698000000000095e+00 2.042205420826389763e-14 2.551849000000000048e-17
1.258933000000000080e+00 1.989084418696807191e-14 2.478791999999999991e-17
1.259168000000000065e+00 2.008535046252002917e-14 2.296007999999999901e-17
1.259403000000000050e+00 1.978302161324713988e-14 2.309436999999999862e-17
1.259638000000000035e+00 1.949538145002488601e-14 2.473347999999999914e-17
1.259873000000000021e+00 1.985773575727175679e-14 2.626696999999999975e-17
1.260108000000000006e+00 2.003753189498810010e-14 2.899857000000000146e-17
1.260342999999999991e+00 1.995930669881607391e-14 3.010583000000000276e-17
1.260577999999999976e+00 1.992262486755867212e-14 3.007048000000000087e-17
1.260812999999999962e+00 2.053711669275205814e-14 3.129988000000000143e-17
1.261047999999999947e+00 2.050873525986756574e-14 3.110349000000000274e-17
1.261282999999999932e+00 2.059819897043558010e-14 2.730512000000000066e-17
1.261517999999999917e+00 2.073032623436458441e-14 2.652835999999999926e-17
1.261752999999999902e+00 2.061623736045729674e-14 2.578734999999999860e-17
1.261988000000000110e+00 2.030088982900937850e-14 2.237585000000000100e-17
1.262223000000000095e+00 1.996460104612382233e-14 2.139342000000000152e-17
1.262458000000000080e+00 1.989016763192583741e-14 2.124630999999999892e-17
1.262693000000000065e+00 2.046371777747665953e-14 2.476982999999999972e-17
1.262928000000000051e+00 2.084465671490351716e-14 2.578410999999999954e-17
1.263163000000000036e+00 2.044179835649426159e-14 2.503210999999999922e-17
1.263398000000000021e+00 2.033092752456585165e-14 2.454878000000000043e-17
1.263633000000000006e+00 1.969739455980669392e-14 2.260978999999999993e-17
1.263867999999999991e+00 1.958065174407739765e-14 1.994270000000000097e-17
1.264102999999999977e+00 1.984076735763525181e-14 2.294446999999999914e-17
1.264337999999999962e+00 2.002767823197824620e-14 2.024660000000000134e-17
1.264572999999999947e+00 2.010454628914754541e-14 1.968640000000000026e-17
1.264807999999999932e+00 2.019150504361505046e-14 1.943379999999999900e-17
1.265042999999999918e+00 2.034858876609494270e-14 1.940057999999999881e-17
1.265277999999999903e+00 2.077457332057305346e-14 1.938984000000000036e-17
1.265513000000000110e+00 2.089286502154352778e-14 1.953279000000000005e-17
1.265748000000000095e+00 nan nan
1.265983000000000080e+00 2.039977646122215950e-14 2.239709999999999925e-17
1.266218000000000066e+00 2.020140527843979198e-14 1.925151000000000088e-17
1.266453000000000051e+00 2.044405065063812580e-14 1.827882999999999936e-17
1.266688000000000036e+00 2.065236176985475638e-14 1.782756000000000007e-17
1.266923000000000021e+00 2.066921123601213007e-14 1.591557999999999925e-17
1.267158000000000007e+00 2.088572699737317130e-14 1.494223999999999946e-17
1.267392999999999992e+00 2.105103658912950187e-14 1.550557000000000092e-17
1.267627999999999977e+00 2.099675179666584775e-14 1.650804000000000079e-17
1.267862999999999962e+00 2.070288760747838273e-14 1.646082000000000052e-17
1.268097999999999947e+00 2.026775187555741552e-14 1.634205999999999977e-17
1.268332999999999933e+00 2.006456219718392511e-14 1.514609999999999986e-17
1.268567999999999918e+00 2.059292882869492601e-14 1.543827999999999948e-17
1.268802999999999903e+00 2.071955585517596108e-14 1.586890999999999856e-17
1.269038000000000110e+00 2.087579011517258692e-14 1.732683000000000012e-17
1.269273000000000096e+00 2.095104543927839062e-14 1.702669000000000073e-17
1.269508000000000081e+00 2.089285847965509062e-14 1.600983000000000011e-17
1.269743000000000066e+00 2.085522443636534910e-14 1.621655000000000020e-17
1.269978000000000051e+00 2.055528521084049781e-14 1.639429999999999912e-17
1.270213000000000036e+00 2.042786848579286422e-14 1.613569999999999958e-17
1.270448000000000022e+00 2.052858665364529386e-14 1.645733000000000024e-17
1.270683000000000007e+00 2.053088231240157897e-14 1.816824000000000063e-17
1.270917999999999992e+00 2.071383612809851041e-14 2.029699999999999916e-17
1.271152999999999977e+00 2.076811708487179753e-14 2.093812000000000057e-17
1.271387999999999963e+00 2.063281317653642841e-14 2.134040000000000086e-17
1.271622999999999948e+00 2.040162492604860468e-14 2.118092000000000054e-17
1.271857999999999933e+00 2.080062382227206619e-14 2.149305000000000136e-17
1.272092999999999918e+00 2.087853613549656048e-14 1.867220000000000145e-17
1.272327999999999903e+00 2.084308475911701477e-14 1.726766999999999865e-17
1.272563000000000111e+00 2.088680403424394168e-14 1.746082000000000136e-17
1.272798000000000096e+00 2.102136720312727651e-14 1.744107999999999933e-17
1.273033000000000081e+00 nan nan
1.273268000000000066e+00 nan nan
1.273503000000000052e+00 2.068121134062120865e-14 1.759165000000000145e-17
1.273738000000000037e+00 2.047933462278003238e-14 1.720320999999999923e-17
1.273973000000000022e+00 2.023960840263898766e-14 1.719719000000000147e-17
1.274208000000000007e+00 1.990488465736156326e-14 1.591045000000000149e-17
1.274442999999999993e+00 2.010133464027449238e-14 1.561915000000000059e-17
1.274677999999999978e+00 2.045578897347123847e-14 1.570005999999999964e-17
1.274912999999999963e+00 2.076399535775319616e-14 1.602367999999999947e-17
1.275147999999999948e+00 2.113134210097137053e-14 1.632468999999999938e-17
1.275382999999999933e+00 2.088461888593021763e-14 1.567147000000000094e-17
1.275617999999999919e+00 2.059073356452554135e-14 1.594619999999999917e-17
1.275852999999999904e+00 2.065228699172839969e-14 1.730617999999999861e-17
1.276087999999999889e+00 2.100079091936645796e-14 1.706927999999999951e-17
1.276323000000000096e+00 2.116213885041646154e-14 1.591169000000000011e-17
1.276558000000000082e+00 nan nan
1.276793000000000067e+00 nan 3.526482999999999819e-17
1.277028000000000052e+00 2.098613704633071171e-14 1.574142000000000109e-17
1.277263000000000037e+00 2.124341849921473576e-14 1.566805999999999858e-17
1.277498000000000022e+00 2.143004169100177163e-14 1.550646000000000092e-17
1.277733000000000008e+00 2.141037223571264476e-14 1.556104000000000113e-17
1.277967999999999993e+00 2.103924685150012889e-14 1.527619999999999888e-17
1.278202999999999978e+00 2.090045908775664267e-14 1.654450000000000006e-17
1.278437999999999963e+00 2.087502547234752654e-14 1.579496000000000058e-17
1.278672999999999949e+00 2.035282089840556686e-14 1.606266999999999929e-17
1.278907999999999934e+00 2.053999219164903158e-14 1.691927000000000134e-17
1.279142999999999919e+00 2.105034712597567490e-14 1.672373999999999881e-17
1.279377999999999904e+00 2.136031690076717327e-14 1.706061999999999943e-17
1.279612999999999889e+00 2.149842218319869842e-14 1.724698999999999947e-17
1.279848000000000097e+00 2.144537524434873682e-14 1.730014999999999958e-17
1.280083000000000082e+00 2.119204063748877589e-14 1.759350000000000118e-17
1.280318000000000067e+00 2.107160462817791928e-14 1.744463000000000114e-17
1.280553000000000052e+00 2.115257143559401091e-14 1.950417999999999878e-17
1.280788000000000038e+00 2.120649333785231255e-14 2.247137000000000125e-17
1.281023000000000023e+00 2.128330237751439761e-14 2.426333000000000015e-17
1.281258000000000008e+00 2.125416366532032955e-14 2.625661000000000068e-17
1.281492999999999993e+00 2.098295521207127003e-14 2.405974999999999865e-17
1.281727999999999978e+00 2.113377490715645400e-14 2.574893000000000093e-17
1.281962999999999964e+00 2.147044702445336966e-14 2.655029999999999962e-17
1.282197999999999949e+00 2.177451143809220324e-14 3.122998999999999971e-17
1.282432999999999934e+00 2.126843971446045206e-14 3.554858000000000255e-17
1.282667999999999919e+00 2.054020493592055202e-14 3.544155999999999894e-17
1.282902999999999905e+00 2.092067826479158383e-14 3.883290000000000235e-17
1.283137999999999890e+00 2.098305605839264043e-14 4.060597999999999846e-17
1.283373000000000097e+00 2.028349951473255883e-14 3.935185000000000065e-17
1.283608000000000082e+00 2.039476346321456980e-14 3.846500999999999806e-17
1.283843000000000067e+00 2.106620129312546019e-14 3.801951000000000147e-17
1.284078000000000053e+00 2.078219799548914456e-14 3.250426999999999968e-17
1.284313000000000038e+00 2.079309446858318885e-14 2.663926000000000072e-17
1.284548000000000023e+00 nan 2.335230999999999989e-17
1.284783000000000008e+00 nan 2.218683999999999865e-17
1.285017999999999994e+00 2.063411977102469024e-14 2.131147999999999994e-17
1.285252999999999979e+00 2.092275921281011596e-14 2.109050000000000037e-17
1.285487999999999964e+00 2.112870331204667019e-14 2.122602000000000040e-17
1.285722999999999949e+00 2.062459023737113532e-14 2.060591999999999859e-17
1.285957999999999934e+00 2.016251600184690722e-14 2.004199000000000039e-17
1.286192999999999920e+00 1.967833861724708098e-14 1.971209999999999852e-17
1.286427999999999905e+00 2.046313903723771994e-14 2.570614000000000118e-17
1.286662999999999890e+00 2.052081658305508341e-14 2.083661000000000025e-17
1.286898000000000097e+00 2.061987934543628448e-14 2.058429999999999916e-17
1.287133000000000083e+00 2.113010940106624631e-14 2.095554999999999940e-17
1.287368000000000068e+00 2.149589377394428798e-14 2.109337000000000134e-17
1.287603000000000053e+00 2.120518098890165652e-14 2.059735999999999900e-17
1.287838000000000038e+00 2.066667394773372519e-14 1.992490999999999916e-17
1.288073000000000023e+00 2.026255932006583534e-14 1.969323000000000010e-17
1.288308000000000009e+00 2.006066970719742282e-14 1.929379000000000001e-17
1.288542999999999994e+00 2.031962046908292331e-14 1.919130000000000049e-17
1.288777999999999979e+00 2.055245585326515153e-14 1.951981999999999941e-17
1.289012999999999964e+00 2.083023403117197448e-14 2.035982000000000111e-17
1.289247999999999950e+00 2.115744796917908792e-14 2.091808000000000017e-17
1.289482999999999935e+00 2.137644014687391925e-14 2.173462000000000091e-17
1.289717999999999920e+00 2.149486914377950429e-14 2.149155000000000025e-17
1.289952999999999905e+00 2.123842445690286511e-14 2.054188000000000058e-17
1.290187999999999890e+00 2.028416307372230298e-14 2.019688000000000126e-17
1.290423000000000098e+00 2.009183492175094663e-14 1.985808000000000119e-17
1.290658000000000083e+00 2.061343126663199538e-14 2.039200000000000058e-17
1.290893000000000068e+00 2.083742337712742875e-14 2.107925999999999949e-17
1.291128000000000053e+00 2.057523290341459303e-14 2.177257000000000000e-17
1.291363000000000039e+00 2.097035892265456391e-14 2.543986000000000077e-17
1.291598000000000024e+00 nan 2.040776000000000118e-17
1.291833000000000009e+00 2.062311798145304244e-14 2.030836000000000000e-17
1.292067999999999994e+00 2.039064350630193496e-14 2.111773000000000049e-17
1.292302999999999980e+00 2.078016027850809715e-14 2.191216999999999886e-17
1.292537999999999965e+00 2.104687498195361428e-14 2.214868000000000039e-17
1.292772999999999950e+00 2.071424898224339369e-14 1.994927999999999959e-17
1.293007999999999935e+00 2.070122284549226443e-14 1.755941999999999866e-17
1.293242999999999920e+00 2.074283363063508470e-14 1.953701999999999960e-17
1.293477999999999906e+00 2.065956045655064328e-14 2.215508000000000060e-17
1.293712999999999891e+00 2.118140244494403836e-14 2.212598000000000127e-17
1.293948000000000098e+00 2.121742457346272537e-14 2.081071000000000103e-17
1.294183000000000083e+00 2.118747663774604050e-14 1.994167000000000153e-17
1.294418000000000069e+00 2.097073497917945979e-14 1.918974000000000094e-17
1.294653000000000054e+00 2.061616832520925265e-14 2.043506999999999922e-17
1.294888000000000039e+00 2.089756357798239797e-14 2.074151000000000142e-17
1.295123000000000024e+00 2.165876620034614960e-14 2.184036000000000078e-17
1.295358000000000009e+00 2.181948625539534294e-14 2.225224999999999960e-17
1.295592999999999995e+00 2.117961568853323225e-14 2.068510000000000097e-17
1.295827999999999980e+00 2.103826370455582135e-14 1.876641000000000028e-17
1.296062999999999965e+00 2.089212156468410112e-14 1.861333000000000017e-17
1.296297999999999950e+00 2.072220647597110688e-14 1.856006000000000137e-17
1.296532999999999936e+00 2.099715672865511008e-14 1.805632000000000100e-17
1.296767999999999921e+00 2.085752813713420941e-14 1.687272000000000061e-17
1.297002999999999906e+00 2.078299661842977010e-14 1.677624999999999884e-17
1.297237999999999891e+00 2.070699834779374235e-14 1.687724999999999854e-17
1.297473000000000098e+00 2.084794418498050660e-14 1.711747999999999899e-17
1.297708000000000084e+00 2.098951575435648544e-14 1.822987999999999933e-17
1.297943000000000069e+00 2.077932300773263827e-14 1.947122999999999927e-17
1.298178000000000054e+00 2.075596033721893367e-14 1.851330000000000148e-17
1.298413000000000039e+00 2.077622768511883163e-14 1.708962999999999956e-17
1.298648000000000025e+00 2.100445641535962156e-14 1.646968999999999976e-17
1.298883000000000010e+00 2.136400523723382285e-14 1.668226000000000047e-17
1.299117999999999995e+00 2.153046266675098595e-14 1.755215999999999921e-17
1.299352999999999980e+00 2.114044091449112068e-14 1.839156999999999927e-17
1.299587999999999965e+00 2.125180828350996127e-14 2.012219000000000093e-17
1.299822999999999951e+00 2.156982317758533476e-14 2.080941000000000089e-17
1.300057999999999936e+00 2.109657088402097412e-14 2.068993999999999855e-17
1.300292999999999921e+00 2.061262227907657643e-14 2.019187000000000040e-17
1.300527999999999906e+00 2.073713876986999354e-14 2.008734999999999966e-17
1.300762999999999892e+00 2.108719735501658073e-14 1.998542000000000100e-17
1.300998000000000099e+00 2.076983541254869827e-14 1.902769000000000109e-17
1.301233000000000084e+00 2.023590639351969004e-14 1.768649999999999907e-17
1.301468000000000069e+00 2.047376688735747251e-14 1.752934000000000013e-17
1.301703000000000054e+00 2.112802377427519837e-14 1.821642000000000063e-17
1.301938000000000040e+00 2.140720654154370776e-14 1.867237999999999986e-17
1.302173000000000025e+00 2.089081310146762699e-14 1.854781999999999873e-17
1.302408000000000010e+00 2.041914947025689708e-14 1.772928999999999882e-17
1.302642999999999995e+00 2.080143719090402074e-14 1.727683000000000115e-17
1.302877999999999981e+00 2.110151847736427141e-14 1.696665000000000054e-17
1.303112999999999966e+00 2.098362367406253121e-14 1.727466000000000049e-17
1.303347999999999951e+00 2.096210777718087199e-14 1.741966000000000088e-17
1.303582999999999936e+00 2.090220810548484066e-14 1.735681999999999945e-17
1.303817999999999921e+00 2.124700363004024065e-14 1.952394999999999848e-17
1.304052999999999907e+00 nan nan
1.304287999999999892e+00 2.096351704904129028e-14 1.921122000000000092e-17
1.304523000000000099e+00 2.088749521069523690e-14 1.964986000000000000e-17
1.304758000000000084e+00 nan 2.060676999999999963e-17
1.304993000000000070e+00 2.102249742521063138e-14 2.124736000000000093e-17
1.305228000000000055e+00 2.114883830854653900e-14 2.017225999999999962e-17
1.305463000000000040e+00 2.134224248872374830e-14 2.118812999999999975e-17
1.305698000000000025e+00 2.120196828338767439e-14 2.265013000000000013e-17
1.305933000000000010e+00 2.073778165024004288e-14 2.256205000000000083e-17
1.306167999999999996e+00 2.074552337158345495e-14 2.325545000000000054e-17
1.306402999999999981e+00 2.090198667986887246e-14 2.332396999999999931e-17
1.306637999999999966e+00 2.100148926229192072e-14 2.332162000000000025e-17
1.306872999999999951e+00 2.079430055789975347e-14 2.324963999999999888e-17
1.307107999999999937e+00 2.058172481468695022e-14 2.303762999999999903e-17
1.307342999999999922e+00 2.079997693015518765e-14 2.330524999999999854e-17
1.307577999999999907e+00 2.105443012476814985e-14 2.423522000000000130e-17
1.307812999999999892e+00 2.071797025507450243e-14 2.487705999999999942e-17
1.308048000000000100e+00 2.011514502157204555e-14 2.309275000000000063e-17
1.308283000000000085e+00 2.021213879906983175e-14 2.122879999999999908e-17
1.308518000000000070e+00 2.070368114729371898e-14 1.733353999999999998e-17
1.308753000000000055e+00 2.088813265569953265e-14 2.393183999999999976e-17
1.308988000000000040e+00 2.103489157301722043e-14 2.311315999999999912e-17
1.309223000000000026e+00 2.089479381453217291e-14 1.794548999999999926e-17
1.309458000000000011e+00 2.072103476267519349e-14 1.776057000000000009e-17
1.309692999999999996e+00 2.035427641266616501e-14 1.709373999999999915e-17
1.309927999999999981e+00 1.988677486731148573e-14 1.549205000000000070e-17
1.310162999999999967e+00 nan 1.845087000000000018e-17
1.310397999999999952e+00 2.167204013590230877e-14 3.723793999999999708e-17
1.310632999999999937e+00 nan 2.327833000000000115e-17
1.310867999999999922e+00 2.157721295247936427e-14 1.105824000000000010e-16
1.311102999999999907e+00 2.042995744079020437e-14 1.698893999999999952e-17
1.311337999999999893e+00 nan nan
1.311573000000000100e+00 nan nan
1.311808000000000085e+00 nan nan
1.312043000000000070e+00 nan nan
1.312278000000000056e+00 nan nan
1.312513000000000041e+00 nan nan
1.312748000000000026e+00 nan nan
1.312983000000000011e+00 nan nan
1.313217999999999996e+00 nan nan
1.313452999999999982e+00 2.086093974854344896e-14 1.585493000000000104e-17
1.313687999999999967e+00 2.107493099172574928e-14 1.666278999999999914e-17
1.313922999999999952e+00 2.107698859826521875e-14 1.792857000000000104e-17
1.314157999999999937e+00 2.065312917934848032e-14 1.942679999999999897e-17
1.314392999999999923e+00 2.091262205532959065e-14 1.982318999999999967e-17
1.314627999999999908e+00 2.017865383016458156e-14 1.744867999999999920e-17
1.314862999999999893e+00 2.024108615919583915e-14 1.591814999999999876e-17
1.315098000000000100e+00 2.137189015186485795e-14 2.265581999999999875e-17
1.315333000000000085e+00 1.989354599853695956e-14 1.802031000000000084e-17
1.315568000000000071e+00 1.989234500216831200e-14 1.554372999999999918e-17
1.315803000000000056e+00 1.996755903009595543e-14 1.547562999999999875e-17
1.316038000000000041e+00 2.040258154505015422e-14 1.622259999999999871e-17
1.316273000000000026e+00 2.027309116056830844e-14 2.190547000000000028e-17
1.316508000000000012e+00 2.024519128808108173e-14 2.365263000000000077e-17
1.316742999999999997e+00 2.166877111966087922e-14 3.049761000000000146e-17
1.316977999999999982e+00 nan 2.622888999999999941e-17
1.317212999999999967e+00 2.038425012808637869e-14 1.952907999999999932e-17
1.317447999999999952e+00 2.038547904800510039e-14 2.142098999999999898e-17
1.317682999999999938e+00 2.038429482847024613e-14 2.167658000000000118e-17
1.317917999999999923e+00 2.004906869615757927e-14 2.169428999999999891e-17
1.318152999999999908e+00 1.999745162756217650e-14 2.274178999999999892e-17
1.318387999999999893e+00 2.055132150031787639e-14 2.370197999999999966e-17
1.318623000000000101e+00 nan nan
1.318858000000000086e+00 nan nan
1.319093000000000071e+00 2.122555155016224902e-14 2.418234000000000009e-17
1.319328000000000056e+00 2.089613249187425951e-14 2.501618000000000150e-17
1.319563000000000041e+00 2.051349915643355067e-14 2.773100000000000135e-17
1.319798000000000027e+00 2.084036424141890529e-14 2.880931000000000097e-17
1.320033000000000012e+00 2.039160287873732137e-14 2.823581999999999833e-17
1.320267999999999997e+00 1.967092307633447339e-14 2.695423999999999995e-17
1.320502999999999982e+00 1.989249751227054142e-14 2.706836000000000100e-17
1.320737999999999968e+00 2.012950024651001799e-14 2.606396000000000040e-17
1.320972999999999953e+00 2.013259473912613298e-14 2.262721999999999876e-17
1.321207999999999938e+00 1.999287228136079983e-14 1.948147000000000146e-17
1.321442999999999923e+00 1.999965369429607733e-14 1.595062999999999969e-17
1.321677999999999908e+00 2.041815652528652955e-14 1.448729000000000020e-17
1.321912999999999894e+00 2.059159082509040389e-14 1.429571000000000141e-17
1.322148000000000101e+00 2.037050832100787005e-14 1.420204000000000089e-17
1.322383000000000086e+00 2.057510930556323889e-14 1.437265999999999852e-17
1.322618000000000071e+00 2.128048132625586931e-14 1.502697000000000102e-17
1.322853000000000057e+00 2.134583811552330283e-14 1.499967999999999937e-17
1.323088000000000042e+00 2.035679113045999090e-14 1.439320999999999954e-17
1.323323000000000027e+00 1.986568424373627463e-14 1.415569000000000113e-17
1.323558000000000012e+00 1.982808931476031885e-14 1.419109000000000019e-17
1.323792999999999997e+00 1.971502167176528959e-14 1.437403000000000147e-17
1.324027999999999983e+00 1.957690335371459854e-14 1.406279999999999885e-17
1.324262999999999968e+00 2.053518422424878842e-14 1.465358999999999908e-17
1.324497999999999953e+00 2.107579824388282953e-14 1.501506999999999879e-17
1.324732999999999938e+00 2.065046565051304877e-14 1.431964999999999914e-17
1.324967999999999924e+00 1.977655799436381287e-14 1.347820999999999940e-17
1.325202999999999909e+00 1.918853336749613223e-14 1.334292999999999930e-17
1.325437999999999894e+00 1.891483020213189630e-14 1.341115999999999944e-17
1.325673000000000101e+00 1.941630816047944095e-14 1.369731999999999977e-17
1.325908000000000087e+00 nan 3.917799999999999907e-17
1.326143000000000072e+00 2.104511333673330993e-14 3.867503000000000181e-17
1.326378000000000057e+00 nan nan
1.326613000000000042e+00 2.152562108816418371e-14 1.467612999999999927e-17
1.326848000000000027e+00 2.014521682419139250e-14 1.405279999999999967e-17
1.327083000000000013e+00 1.925796854684466316e-14 3.708406999999999746e-17
1.327317999999999998e+00 1.990139500882470969e-14 1.404810000000000154e-17
1.327552999999999983e+00 2.041133233025369438e-14 1.438487999999999860e-17
1.327787999999999968e+00 2.012323890043566676e-14 1.407222999999999896e-17
1.328022999999999954e+00 1.950003336406343125e-14 1.383388000000000053e-17
1.328257999999999939e+00 1.919396834988853560e-14 1.400369000000000071e-17
1.328492999999999924e+00 nan 1.782054999999999875e-17
1.328727999999999909e+00 1.997489980551374059e-14 1.475037999999999870e-17
1.328962999999999894e+00 1.955955036395111991e-14 1.535742000000000067e-17
1.329198000000000102e+00 1.886569546497286998e-14 1.493588999999999949e-17
1.329433000000000087e+00 1.834769297013571801e-14 1.456578000000000047e-17
1.329668000000000072e+00 1.797670198214679350e-14 1.403118000000000025e-17
1.329903000000000057e+00 1.801118755763831252e-14 1.410777999999999874e-17
1.330138000000000043e+00 1.846446411678107706e-14 1.452078000000000109e-17
1.330373000000000028e+00 1.871703530893605401e-14 1.489864999999999891e-17
1.330608000000000013e+00 1.889114769400661402e-14 1.519746999999999868e-17
1.330842999999999998e+00 1.898427694260876446e-14 1.567765999999999890e-17
1.331077999999999983e+00 1.861242813725756345e-14 1.539969999999999980e-17
1.331312999999999969e+00 1.790380047315222218e-14 1.521125000000000139e-17
1.331547999999999954e+00 1.731869493508445673e-14 1.473488000000000059e-17
1.331782999999999939e+00 1.701647297135534078e-14 1.460432999999999939e-17
1.332017999999999924e+00 1.613546082742287933e-14 1.401606999999999972e-17
1.332252999999999910e+00 1.519452444094388689e-14 1.306131999999999946e-17
1.332487999999999895e+00 1.488257318933061463e-14 1.262708999999999988e-17
1.332723000000000102e+00 1.605637645518733854e-14 1.350890000000000059e-17
1.332958000000000087e+00 1.772640380576438134e-14 1.486923999999999993e-17
1.333193000000000072e+00 1.778301282290064914e-14 1.498350000000000043e-17
1.333428000000000058e+00 1.722027008834271531e-14 1.795628999999999923e-17
1.333663000000000043e+00 nan 2.507513000000000071e-17
1.333898000000000028e+00 1.765581740699165161e-14 1.539252000000000135e-17
1.334133000000000013e+00 1.579361406325503330e-14 1.392131000000000131e-17
1.334367999999999999e+00 1.519408497267611365e-14 1.353041999999999953e-17
1.334602999999999984e+00 1.419986605709759540e-14 1.280110000000000039e-17
1.334837999999999969e+00 1.245507805552966960e-14 1.120553000000000019e-17
1.335072999999999954e+00 1.238508780467349191e-14 1.101657999999999935e-17
1.335307999999999939e+00 1.335551985275316850e-14 1.211866999999999932e-17
1.335542999999999925e+00 1.376401570446202521e-14 1.253824000000000055e-17
1.335777999999999910e+00 1.374538398289174575e-14 1.255574000000000065e-17
1.336012999999999895e+00 1.442574721343394808e-14 1.334060999999999946e-17
1.336248000000000102e+00 1.549708785087822221e-14 1.419006000000000074e-17
1.336483000000000088e+00 1.487042723979541941e-14 1.359266999999999933e-17
1.336718000000000073e+00 1.476126330674103867e-14 1.357599999999999925e-17
1.336953000000000058e+00 1.450565742722478141e-14 1.335294999999999950e-17
1.337188000000000043e+00 1.308688397836479887e-14 1.222649000000000064e-17
1.337423000000000028e+00 1.293199407496372008e-14 1.169865000000000053e-17
1.337658000000000014e+00 1.424807903372402573e-14 1.327681999999999958e-17
1.337892999999999999e+00 1.473875284199786539e-14 1.363137000000000052e-17
1.338127999999999984e+00 1.483543943889163823e-14 1.378613000000000015e-17
1.338362999999999969e+00 1.495102831588283377e-14 1.401264000000000096e-17
1.338597999999999955e+00 1.508739117201836669e-14 1.397316000000000000e-17
1.338832999999999940e+00 1.549282877888508155e-14 1.445976999999999990e-17
1.339067999999999925e+00 1.534928675918099315e-14 1.771973999999999874e-17
1.339302999999999910e+00 1.442843123477485024e-14 1.681093000000000119e-17
1.339537999999999895e+00 nan nan
1.339773000000000103e+00 1.589361407904919066e-14 1.363544999999999935e-17
1.340008000000000088e+00 1.545796135743538380e-14 3.519554999999999758e-17
1.340243000000000073e+00 1.487590342965147136e-14 3.508723000000000000e-17
1.340478000000000058e+00 1.529686447252127185e-14 3.519184999999999814e-17
1.340713000000000044e+00 1.479774677740838296e-14 1.415105000000000144e-17
1.340948000000000029e+00 1.486243928440419653e-14 1.377831999999999957e-17
1.341183000000000014e+00 1.486340270551042890e-14 1.374481000000000074e-17
1.341417999999999999e+00 1.482901369420867160e-14 1.369109999999999951e-17
1.341652999999999984e+00 1.405071298218291238e-14 1.330202999999999978e-17
1.341887999999999970e+00 1.328997827319211793e-14 1.285967000000000023e-17
1.342122999999999955e+00 nan 1.266243000000000050e-17
1.342357999999999940e+00 1.313024077699758041e-14 1.295016000000000012e-17
1.342592999999999925e+00 1.334196820991013816e-14 1.308917000000000043e-17
1.342827999999999911e+00 1.292014336703892020e-14 1.277027999999999951e-17
1.343062999999999896e+00 1.218573312014067238e-14 1.225400999999999940e-17
1.343298000000000103e+00 nan 1.419615000000000130e-17
1.343533000000000088e+00 nan 1.851365000000000009e-17
1.343768000000000074e+00 1.476027936623868618e-14 1.366236999999999982e-17
1.344003000000000059e+00 1.421859147875697560e-14 1.320173000000000040e-17
1.344238000000000044e+00 1.427301399224333153e-14 1.361560999999999992e-17
1.344473000000000029e+00 1.372336057505299775e-14 1.634185999999999880e-17
1.344708000000000014e+00 1.216623772291231578e-14 1.228248999999999942e-17
1.344943000000000000e+00 1.290822477260068160e-14 1.224184999999999931e-17
1.345177999999999985e+00 1.435893142960029654e-14 1.509384000000000103e-17
1.345412999999999970e+00 1.420769980010432147e-14 1.519047999999999992e-17
1.345647999999999955e+00 1.396172978565264022e-14 1.303180000000000025e-17
1.345882999999999940e+00 1.487327893722127568e-14 1.264552000000000049e-17
1.346117999999999926e+00 1.568074055661775095e-14 1.339281999999999958e-17
1.346352999999999911e+00 1.452172169120832203e-14 1.282229000000000020e-17
1.346587999999999896e+00 1.292896576062089497e-14 1.149420000000000005e-17
1.346823000000000103e+00 1.268138086752472017e-14 1.069832000000000056e-17
1.347058000000000089e+00 1.385712444338717844e-14 1.109148000000000040e-17
1.347293000000000074e+00 1.421291556183534705e-14 1.147009000000000057e-17
1.347528000000000059e+00 1.377371105570187887e-14 1.162100999999999977e-17
1.347763000000000044e+00 1.281678365014594805e-14 1.097521999999999944e-17
1.347998000000000030e+00 1.262114738925615235e-14 1.073269000000000017e-17
1.348233000000000015e+00 1.315277361673223075e-14 1.106376000000000067e-17
1.348468000000000000e+00 1.369856511463556021e-14 1.147051000000000045e-17
1.348702999999999985e+00 1.487900357150342683e-14 1.211407000000000013e-17
1.348937999999999970e+00 1.443246754544246385e-14 1.176296000000000077e-17
1.349172999999999956e+00 1.429322657186608791e-14 1.172458000000000052e-17
1.349407999999999941e+00 1.475489020394948595e-14 1.220013999999999924e-17
1.349642999999999926e+00 1.504902824119768751e-14 1.227364999999999940e-17
1.349877999999999911e+00 1.436741972089230297e-14 1.180201000000000057e-17
1.350112999999999897e+00 1.303567151551914896e-14 1.115308999999999987e-17
1.350348000000000104e+00 1.184314998741271054e-14 1.039390999999999957e-17
1.350583000000000089e+00 1.120907341343920784e-14 1.020100999999999962e-17
1.350818000000000074e+00 1.220458936078339558e-14 1.163418999999999957e-17
1.351053000000000059e+00 1.390525356594426280e-14 1.249786999999999958e-17
1.351288000000000045e+00 nan nan
1.351523000000000030e+00 1.331853102683845346e-14 1.277433000000000065e-17
1.351758000000000015e+00 1.271004088197232343e-14 1.311252999999999936e-17
1.351993000000000000e+00 1.271001084454639144e-14 1.286224999999999949e-17
1.352227999999999986e+00 1.265513179199782877e-14 1.228453000000000038e-17
1.352462999999999971e+00 1.230796253914272835e-14 1.146963999999999993e-17
1.352697999999999956e+00 1.227286576164130179e-14 1.090276999999999949e-17
1.352932999999999941e+00 1.285649450361308231e-14 1.126883000000000046e-17
1.353167999999999926e+00 1.352954420237813497e-14 1.175094999999999986e-17
1.353402999999999912e+00 1.402167783413732369e-14 1.210302000000000048e-17
1.353637999999999897e+00 1.329050759247159226e-14 1.194628999999999962e-17
1.353873000000000104e+00 1.237817956133632997e-14 1.150126999999999982e-17
1.354108000000000089e+00 1.221671854249312203e-14 1.139669000000000064e-17
1.354343000000000075e+00 1.220405009704331221e-14 1.147527000000000011e-17
1.354578000000000060e+00 1.212587588780599213e-14 1.145490000000000058e-17
1.354813000000000045e+00 1.197989193253317944e-14 1.315458999999999958e-17
1.355048000000000030e+00 nan 1.614394999999999952e-17
1.355283000000000015e+00 1.327449811783041418e-14 1.227501999999999926e-17
1.355518000000000001e+00 1.346570550855946748e-14 1.245410000000000062e-17
1.355752999999999986e+00 1.230749808275159344e-14 1.267932999999999923e-17
1.355987999999999971e+00 1.243319123143785062e-14 1.315746000000000055e-17
1.356222999999999956e+00 1.353605462314401331e-14 1.413739999999999998e-17
1.356457999999999942e+00 1.333235050958296996e-14 1.406351999999999864e-17
1.356692999999999927e+00 1.360268948407685866e-14 1.410171999999999895e-17
1.356927999999999912e+00 1.356151275105403655e-14 1.412559000000000004e-17
1.357162999999999897e+00 1.333509799841264349e-14 1.440982999999999938e-17
1.357398000000000104e+00 1.329405623337059873e-14 1.459571999999999955e-17
1.357633000000000090e+00 nan 1.382507999999999947e-17
1.357868000000000075e+00 nan 1.379932999999999943e-17
1.358103000000000060e+00 1.338562812084171151e-14 1.451500000000000019e-17
1.358338000000000045e+00 1.299788548716469063e-14 1.363377999999999957e-17
1.358573000000000031e+00 nan 1.304775000000000054e-17
1.358808000000000016e+00 1.236268288503595572e-14 1.301088999999999934e-17
1.359043000000000001e+00 1.254120209156342367e-14 1.271361999999999938e-17
1.359277999999999986e+00 1.254082185789909754e-14 1.263081000000000035e-17
1.359512999999999971e+00 1.146579196401168048e-14 1.170751999999999978e-17
1.359747999999999957e+00 nan nan
1.359982999999999942e+00 nan 1.284727000000000020e-17
1.360217999999999927e+00 1.362495257143987249e-14 1.336956999999999934e-17
1.360452999999999912e+00 1.380230029989195861e-14 1.377508000000000051e-17
1.360687999999999898e+00 1.348980016645851387e-14 1.399077000000000032e-17
1.360923000000000105e+00 1.325265016508053843e-14 1.408341999999999959e-17
1.361158000000000090e+00 1.290944621880809808e-14 1.364189000000000006e-17
1.361393000000000075e+00 1.246722433712315906e-14 1.336022000000000024e-17
1.361628000000000061e+00 1.177529534508966697e-14 1.292267000000000059e-17
1.361863000000000046e+00 1.126711877269238876e-14 1.286259999999999964e-17
1.362098000000000031e+00 1.137828729731292385e-14 1.265260999999999973e-17
1.362333000000000016e+00 1.112398058606269943e-14 1.160836000000000007e-17
1.362568000000000001e+00 nan nan
1.362802999999999987e+00 nan nan
1.363037999999999972e+00 1.222631761880869133e-14 1.445860000000000101e-17
1.363272999999999957e+00 1.254190219172609643e-14 1.189257999999999993e-17
1.363507999999999942e+00 1.323056898711961574e-14 1.221221000000000013e-17
1.363742999999999927e+00 1.359965409029881032e-14 1.149295000000000016e-17
1.363977999999999913e+00 1.371543017424040945e-14 1.110672000000000063e-17
1.364212999999999898e+00 1.304909620939665440e-14 1.065074000000000038e-17
1.364448000000000105e+00 1.215999326952415596e-14 1.036399999999999970e-17
1.364683000000000090e+00 1.156920956104439522e-14 1.007071999999999937e-17
1.364918000000000076e+00 1.156549704140310235e-14 1.042505999999999959e-17
1.365153000000000061e+00 1.263272210115177589e-14 1.195159000000000067e-17
1.365388000000000046e+00 1.335176382209490291e-14 1.269745999999999992e-17
1.365623000000000031e+00 1.344636772160445595e-14 1.377734000000000037e-17
1.365858000000000017e+00 1.383872530542961602e-14 1.561978000000000118e-17
1.366093000000000002e+00 1.368782613247847919e-14 1.595762999999999973e-17
1.366327999999999987e+00 1.296673076421191517e-14 1.547784000000000145e-17
1.366562999999999972e+00 1.255476411371642604e-14 1.486365999999999999e-17
1.366797999999999957e+00 1.241682298095585008e-14 1.434728999999999941e-17
1.367032999999999943e+00 1.263660956069648542e-14 1.454810000000000042e-17
1.367267999999999928e+00 1.290732650491305617e-14 1.489258000000000092e-17
1.367502999999999913e+00 1.272430792813582608e-14 1.384172000000000033e-17
1.367737999999999898e+00 1.249969001766963801e-14 1.267475999999999926e-17
1.367973000000000106e+00 1.264442941943110305e-14 1.247151999999999972e-17
1.368208000000000091e+00 1.305081727678697883e-14 1.287903999999999953e-17
1.368443000000000076e+00 1.306051320218290820e-14 1.322310999999999989e-17
1.368678000000000061e+00 1.240984958160939730e-14 1.277857999999999968e-17
1.368913000000000046e+00 1.252311463835170751e-14 1.295189999999999962e-17
1.369148000000000032e+00 1.281171937946381200e-14 1.469698999999999994e-17
1.369383000000000017e+00 1.267599763242769470e-14 1.235123000000000018e-17
1.369618000000000002e+00 1.252404354216082810e-14 1.187245000000000033e-17
1.369852999999999987e+00 1.273192545490855625e-14 1.194837999999999928e-17
1.370087999999999973e+00 1.264217310483908137e-14 1.205191999999999927e-17
1.370322999999999958e+00 1.251350936672273042e-14 1.210719999999999980e-17
1.370557999999999943e+00 1.257771730333108122e-14 1.222332999999999950e-17
1.370792999999999928e+00 1.205158184070465844e-14 1.200544999999999955e-17
1.371027999999999913e+00 1.133167696223202367e-14 1.207537000000000048e-17
1.371262999999999899e+00 1.143622632963236314e-14 1.248695999999999938e-17
1.371498000000000106e+00 1.149625734300823592e-14 1.246509000000000028e-17
1.371733000000000091e+00 1.194270583106559757e-14 1.259791999999999929e-17
1.371968000000000076e+00 1.278607180604561895e-14 1.285588999999999978e-17
1.372203000000000062e+00 1.296874715607336958e-14 1.229505999999999966e-17
1.372438000000000047e+00 1.252699408446646863e-14 1.164912999999999989e-17
1.372673000000000032e+00 1.270863250105521380e-14 1.217731000000000042e-17
1.372908000000000017e+00 1.263089824064453222e-14 1.258473999999999949e-17
1.373143000000000002e+00 1.213582420306612887e-14 1.158178999999999975e-17
1.373377999999999988e+00 1.235231256460112360e-14 1.141563000000000032e-17
1.373612999999999973e+00 1.235496929072024322e-14 1.173711000000000025e-17
1.373847999999999958e+00 1.165576144194322674e-14 1.151508999999999995e-17
1.374082999999999943e+00 1.143633735881378636e-14 1.147826999999999924e-17
1.374317999999999929e+00 1.162129258660941852e-14 1.157824999999999923e-17
1.374552999999999914e+00 1.166846142197453938e-14 1.146016999999999932e-17
1.374787999999999899e+00 1.212544725490042479e-14 1.180524999999999964e-17
1.375023000000000106e+00 1.248062125694038032e-14 1.435563999999999983e-17
1.375258000000000091e+00 1.256387572796242447e-14 1.632590999999999851e-17
1.375493000000000077e+00 1.291177533102113882e-14 1.703643999999999869e-17
1.375728000000000062e+00 nan 1.648663999999999873e-17
1.375963000000000047e+00 nan 1.586647000000000028e-17
1.376198000000000032e+00 1.215044654879634566e-14 1.600729000000000136e-17
1.376433000000000018e+00 1.247913767142249124e-14 1.643723000000000140e-17
1.376668000000000003e+00 1.238768926354016721e-14 1.694392999999999886e-17
1.376902999999999988e+00 1.219568166980164477e-14 1.677910000000000033e-17
1.377137999999999973e+00 1.251946611795164830e-14 1.739566999999999982e-17
1.377372999999999958e+00 nan 2.133282000000000048e-17
1.377607999999999944e+00 1.274357910392736655e-14 3.219547000000000022e-17
1.377842999999999929e+00 1.299788607993645587e-14 1.636352999999999847e-17
1.378077999999999914e+00 1.258150142068269558e-14 1.588067000000000133e-17
1.378312999999999899e+00 1.217456060476882299e-14 1.486586000000000142e-17
1.378548000000000107e+00 1.180262321429243071e-14 1.246070000000000026e-17
1.378783000000000092e+00 1.182690198980417099e-14 1.051665999999999994e-17
1.379018000000000077e+00 1.181490763529967382e-14 1.025344999999999993e-17
1.379253000000000062e+00 1.250063726383415985e-14 1.268305999999999944e-17
1.379488000000000048e+00 1.274812187868616934e-14 1.053944000000000006e-17
1.379723000000000033e+00 1.272114098329619345e-14 1.069183999999999934e-17
1.379958000000000018e+00 1.290064594898544070e-14 1.100328999999999933e-17
1.380193000000000003e+00 1.348640717967178603e-14 1.080908999999999924e-17
1.380427999999999988e+00 1.335854802783966542e-14 1.029563999999999986e-17
1.380662999999999974e+00 1.277013923832903701e-14 1.017059000000000067e-17
1.380897999999999959e+00 1.308549850451883548e-14 1.028900999999999946e-17
1.381132999999999944e+00 nan 1.057521000000000029e-17
1.381367999999999929e+00 nan 1.095710000000000004e-17
1.381602999999999914e+00 1.352194705553921098e-14 1.074304999999999924e-17
1.381837999999999900e+00 1.396435623789339060e-14 1.100981999999999924e-17
1.382073000000000107e+00 1.382284956894445466e-14 1.118346000000000012e-17
1.382308000000000092e+00 1.304185328831463940e-14 1.119649000000000073e-17
1.382543000000000077e+00 nan 1.071850000000000040e-17
1.382778000000000063e+00 1.130693724645383079e-14 1.025855999999999975e-17
1.383013000000000048e+00 1.206366825799314434e-14 1.082253999999999973e-17
1.383248000000000033e+00 1.285690687679890645e-14 1.107749000000000006e-17
1.383483000000000018e+00 1.297677524884584786e-14 1.154805000000000073e-17
1.383718000000000004e+00 1.220639617517721485e-14 2.739756000000000076e-17
1.383952999999999989e+00 1.312207968453567379e-14 1.372005999999999939e-17
1.384187999999999974e+00 1.332558809324416287e-14 1.425277000000000093e-17
1.384422999999999959e+00 1.295915954347704862e-14 1.391284999999999912e-17
1.384657999999999944e+00 1.310613027066428694e-14 1.411574999999999979e-17
1.384892999999999930e+00 1.297084746196228617e-14 1.399467999999999894e-17
1.385127999999999915e+00 1.280160284813112686e-14 1.348537999999999965e-17
1.385362999999999900e+00 1.347558524319317740e-14 1.409558000000000123e-17
1.385598000000000107e+00 1.317979822028492752e-14 1.405028999999999860e-17
1.385833000000000093e+00 1.214454417729494385e-14 1.287962999999999962e-17
1.386068000000000078e+00 1.277967448866795041e-14 1.832676999999999943e-17
1.386303000000000063e+00 1.290873309547448924e-14 1.382857999999999949e-17
1.386538000000000048e+00 1.281483421783900395e-14 1.333054000000000056e-17
1.386773000000000033e+00 1.287342271048272800e-14 1.296376999999999954e-17
1.387008000000000019e+00 1.315349120977116926e-14 1.260265999999999947e-17
1.387243000000000004e+00 1.361464908566105107e-14 1.253943000000000046e-17
1.387477999999999989e+00 nan 1.395267999999999870e-17
1.387712999999999974e+00 nan 1.409067000000000084e-17
1.387947999999999960e+00 1.248078257230913508e-14 1.193131000000000034e-17
1.388182999999999945e+00 1.141584501356041840e-14 1.155193000000000013e-17
1.388417999999999930e+00 nan 2.705605999999999992e-17
1.388652999999999915e+00 1.272711168329081445e-14 1.272349000000000039e-17
1.388887999999999900e+00 1.331713572434967497e-14 1.304404999999999955e-17
1.389123000000000108e+00 nan 1.756430000000000136e-17
1.389358000000000093e+00 nan 1.484171999999999963e-17
1.389593000000000078e+00 1.301305872792244124e-14 1.251352999999999970e-17
1.389828000000000063e+00 1.213510761312946774e-14 1.194362999999999936e-17
1.390063000000000049e+00 1.221059519035701728e-14 1.188343000000000025e-17
1.390298000000000034e+00 1.229891209925466422e-14 1.173434999999999950e-17
1.390533000000000019e+00 1.199381298962051155e-14 1.132640999999999981e-17
1.390768000000000004e+00 1.116219017211392005e-14 1.064393999999999977e-17
1.391002999999999989e+00 nan nan
1.391237999999999975e+00 nan nan
1.391472999999999960e+00 1.216988719169588996e-14 1.111145999999999927e-17
1.391707999999999945e+00 1.179221654380963136e-14 1.070849999999999968e-17
1.391942999999999930e+00 1.165715748620428368e-14 1.050204000000000055e-17
1.392177999999999916e+00 1.196975323164358884e-14 1.051482999999999969e-17
1.392412999999999901e+00 1.171408895369881455e-14 1.013384999999999943e-17
1.392648000000000108e+00 1.130242713765515657e-14 9.942855999999999596e-18
1.392883000000000093e+00 1.146248765751848128e-14 1.011198000000000033e-17
1.393118000000000078e+00 1.231936209925110860e-14 1.088689000000000047e-17
1.393353000000000064e+00 1.244396997325167691e-14 1.069435000000000041e-17
1.393588000000000049e+00 1.206757476141405734e-14 1.028411000000000035e-17
1.393823000000000034e+00 1.173905599610689907e-14 1.047618000000000029e-17
1.394058000000000019e+00 1.223063451644096694e-14 1.103340999999999990e-17
1.394293000000000005e+00 1.275273455008598192e-14 1.144752999999999936e-17
1.394527999999999990e+00 1.299845370919622228e-14 1.159656999999999961e-17
1.394762999999999975e+00 1.271089318809571853e-14 1.141939999999999950e-17
1.394997999999999960e+00 1.251549338237003669e-14 1.131971999999999942e-17
1.395232999999999945e+00 1.210206689899471551e-14 1.135583999999999981e-17
1.395467999999999931e+00 1.149820525364977502e-14 1.069280000000000060e-17
1.395702999999999916e+00 1.161108552169108183e-14 9.871835999999999492e-18
1.395937999999999901e+00 1.292037554115292528e-14 1.104471000000000076e-17
1.396173000000000108e+00 1.356278469692967902e-14 1.163584999999999960e-17
1.396408000000000094e+00 1.283123394455159107e-14 1.139016000000000072e-17
1.396643000000000079e+00 1.246966091755371926e-14 1.067811999999999969e-17
1.396878000000000064e+00 1.173118786694631156e-14 1.562286000000000132e-17
1.397113000000000049e+00 1.158047123582100461e-14 1.467535000000000103e-17
1.397348000000000035e+00 1.178298717244382158e-14 1.063054999999999926e-17
1.397583000000000020e+00 nan 1.181514999999999987e-17
1.397818000000000005e+00 1.193437454790162434e-14 1.174074999999999972e-17
1.398052999999999990e+00 1.165339019386087912e-14 1.056109999999999999e-17
1.398287999999999975e+00 1.137007026657897347e-14 1.047510000000000060e-17
1.398522999999999961e+00 1.121647105220082373e-14 1.039715000000000018e-17
1.398757999999999946e+00 1.113061461119952335e-14 1.029534999999999969e-17
1.398992999999999931e+00 1.173830226343193487e-14 1.070672999999999942e-17
1.399227999999999916e+00 1.228438550079360515e-14 1.114554999999999999e-17
1.399462999999999901e+00 1.184240769019674694e-14 1.078320999999999949e-17
1.399698000000000109e+00 1.155775394700872996e-14 1.053790999999999973e-17
1.399933000000000094e+00 1.138817092588313260e-14 1.046456999999999978e-17
1.400168000000000079e+00 1.187628221676821296e-14 1.075552000000000053e-17
1.400403000000000064e+00 1.217959443692170733e-14 1.096928999999999935e-17
1.400638000000000050e+00 1.133558526646203627e-14 1.060178000000000061e-17
1.400873000000000035e+00 1.100476435348070298e-14 1.031858000000000045e-17
1.401108000000000020e+00 1.088475319053926318e-14 1.025040000000000055e-17
1.401343000000000005e+00 1.121183540443505136e-14 1.043032999999999987e-17
1.401577999999999991e+00 1.138776336979875652e-14 1.045466999999999954e-17
1.401812999999999976e+00 1.208726864201343960e-14 1.092001000000000018e-17
1.402047999999999961e+00 nan 1.312152000000000011e-17
1.402282999999999946e+00 nan nan
1.402517999999999931e+00 nan 1.228835999999999953e-17
1.402752999999999917e+00 nan 1.074966000000000016e-17
1.402987999999999902e+00 nan 1.293821000000000074e-17
1.403223000000000109e+00 1.190997087256477019e-14 1.322650999999999943e-17
1.403458000000000094e+00 1.240585380443544255e-14 1.340350999999999933e-17
1.403693000000000080e+00 1.216246158193954128e-14 1.314579999999999980e-17
1.403928000000000065e+00 1.129871298853216927e-14 1.243939000000000049e-17
1.404163000000000050e+00 1.096098439103338814e-14 1.237228000000000054e-17
1.404398000000000035e+00 1.084556120243060198e-14 1.208941999999999926e-17
1.404633000000000020e+00 1.168330233900221788e-14 1.282963000000000066e-17
1.404868000000000006e+00 1.141325743864359713e-14 1.256905999999999989e-17
1.405102999999999991e+00 1.107225618828041544e-14 1.327183999999999948e-17
1.405337999999999976e+00 1.128919614400863733e-14 1.361281999999999995e-17
1.405572999999999961e+00 1.172943832400338493e-14 1.350739999999999948e-17
1.405807999999999947e+00 nan 1.296320000000000048e-17
1.406042999999999932e+00 1.280849114695760309e-14 1.259320000000000014e-17
1.406277999999999917e+00 1.299723321877282529e-14 1.212512999999999951e-17
1.406512999999999902e+00 1.255127809113528232e-14 1.192950999999999932e-17
1.406748000000000109e+00 1.171717069721993990e-14 1.214690999999999941e-17
1.406983000000000095e+00 1.120693277196006411e-14 1.216460000000000074e-17
1.407218000000000080e+00 1.121726359536051704e-14 1.111437000000000074e-17
1.407453000000000065e+00 1.157632132111201550e-14 1.084300000000000000e-17
1.407688000000000050e+00 1.187790486601268432e-14 1.077635000000000044e-17
1.407923000000000036e+00 nan 1.117088999999999988e-17
1.408158000000000021e+00 nan 1.332345999999999952e-17
1.408393000000000006e+00 1.120147780007336046e-14 1.101185000000000046e-17
1.408627999999999991e+00 1.091992658778958468e-14 1.057872999999999979e-17
1.408862999999999976e+00 1.075437951291843699e-14 1.026583000000000048e-17
1.409097999999999962e+00 1.093812055385100066e-14 9.989072999999999572e-18
1.409332999999999947e+00 1.124912700712735866e-14 1.055599999999999991e-17
1.409567999999999932e+00 1.124058992615049517e-14 1.082086000000000021e-17
1.409802999999999917e+00 1.166971303997924063e-14 1.110675999999999959e-17
1.410037999999999903e+00 1.194849599599925714e-14 1.115245999999999928e-17
1.410273000000000110e+00 1.141971466854598369e-14 1.019452999999999994e-17
1.410508000000000095e+00 1.082804772574170765e-14 9.558072999999999323e-18
1.410743000000000080e+00 1.114852875013297509e-14 9.603230000000000630e-18
1.410978000000000065e+00 1.165475011861646841e-14 1.021264999999999935e-17
1.411213000000000051e+00 1.129876158999030522e-14 1.118797999999999984e-17
1.411448000000000036e+00 1.004366350497687035e-14 1.079922999999999950e-17
1.411683000000000021e+00 1.002747736067255034e-14 3.856622999999999820e-17
1.411918000000000006e+00 1.105737260228242740e-14 1.105465999999999969e-17
1.412152999999999992e+00 nan 1.162307999999999994e-17
1.412387999999999977e+00 9.961769413128050686e-15 1.028886000000000027e-17
1.412622999999999962e+00 1.069035973689954440e-14 1.184234999999999924e-17
1.412857999999999947e+00 1.164325783715331830e-14 1.268012000000000029e-17
1.413092999999999932e+00 1.197156376365606356e-14 1.327405000000000064e-17
1.413327999999999918e+00 1.167336895871330790e-14 1.314359000000000018e-17
1.413562999999999903e+00 1.138728389942321884e-14 1.261061999999999923e-17
1.413798000000000110e+00 1.180093001705887632e-14 1.313842000000000038e-17
1.414033000000000095e+00 1.156030515111541498e-14 1.347896999999999970e-17
1.414268000000000081e+00 1.041203708477655358e-14 1.244404999999999966e-17
1.414503000000000066e+00 1.004983229211779554e-14 1.315891999999999962e-17
1.414738000000000051e+00 9.491094763855563294e-15 1.256537999999999993e-17
1.414973000000000036e+00 1.000699635397896330e-14 1.330634000000000033e-17
1.415208000000000022e+00 1.087015850864975115e-14 1.521873000000000130e-17
1.415443000000000007e+00 1.143934842432611664e-14 1.777931999999999855e-17
1.415677999999999992e+00 1.144894017048252668e-14 1.831843999999999849e-17
1.415912999999999977e+00 1.104508908073337553e-14 1.910471999999999921e-17
1.416147999999999962e+00 1.071021432164112745e-14 2.661840000000000005e-17
1.416382999999999948e+00 1.101529717271336859e-14 3.027775999999999873e-17
1.416617999999999933e+00 1.070453008544476018e-14 3.111442000000000087e-17
1.416852999999999918e+00 9.964030549903671620e-15 3.021791999999999952e-17
1.417087999999999903e+00 9.968831290156493912e-15 3.079129999999999731e-17
1.417323000000000111e+00 1.043699667299675991e-14 3.649124999999999909e-17
1.417558000000000096e+00 1.012784946492742162e-14 3.728943000000000204e-17
1.417793000000000081e+00 9.870179231281074534e-15 3.878557999999999850e-17
1.418028000000000066e+00 9.833852728415247606e-15 4.297570999999999980e-17
1.418263000000000051e+00 1.000084019409388378e-14 4.455703000000000179e-17
1.418498000000000037e+00 1.060116248645261638e-14 5.070364999999999906e-17
1.418733000000000022e+00 1.083264848594651327e-14 5.507319999999999751e-17
1.418968000000000007e+00 9.964690995353597070e-15 6.452492999999999860e-17
1.419202999999999992e+00 nan nan
1.419437999999999978e+00 nan nan
1.419672999999999963e+00 nan nan
1.419907999999999948e+00 nan nan
1.420142999999999933e+00 nan nan
1.420377999999999918e+00 nan nan
1.420612999999999904e+00 nan nan
1.420848000000000111e+00 nan nan
1.421083000000000096e+00 nan nan
1.421318000000000081e+00 nan nan
1.421553000000000067e+00 nan nan
1.421788000000000052e+00 nan nan
1.422023000000000037e+00 nan nan
1.422258000000000022e+00 nan nan
1.422493000000000007e+00 nan nan
1.422727999999999993e+00 nan nan
1.422962999999999978e+00 nan nan
1.423197999999999963e+00 nan nan
1.423432999999999948e+00 nan nan
1.423667999999999934e+00 nan nan
1.423902999999999919e+00 nan nan
1.424137999999999904e+00 nan nan
1.424372999999999889e+00 nan nan
1.424608000000000096e+00 nan nan
1.424843000000000082e+00 nan nan
1.425078000000000067e+00 nan nan
1.425313000000000052e+00 nan nan
1.425548000000000037e+00 nan nan
1.425783000000000023e+00 nan nan
1.426018000000000008e+00 nan nan
1.426252999999999993e+00 nan nan
1.426487999999999978e+00 nan nan
1.426722999999999963e+00 nan nan
1.426957999999999949e+00 nan nan
1.427192999999999934e+00 nan nan
1.427427999999999919e+00 nan nan
1.427662999999999904e+00 nan nan
1.427897999999999890e+00 nan nan
1.428133000000000097e+00 nan nan
1.428368000000000082e+00 nan nan
1.428603000000000067e+00 nan nan
1.428838000000000052e+00 nan nan
1.429073000000000038e+00 nan nan
1.429308000000000023e+00 nan nan
1.429543000000000008e+00 nan nan
1.429777999999999993e+00 nan nan
1.430012999999999979e+00 nan nan
1.430247999999999964e+00 nan nan
1.430482999999999949e+00 nan nan
1.430717999999999934e+00 nan nan
1.430952999999999919e+00 nan nan
1.431187999999999905e+00 nan nan
1.431422999999999890e+00 nan nan
1.431658000000000097e+00 nan nan
1.431893000000000082e+00 nan nan
1.432128000000000068e+00 nan nan
1.432363000000000053e+00 nan nan
1.432598000000000038e+00 nan nan
1.432833000000000023e+00 nan nan
1.433068000000000008e+00 nan nan
1.433302999999999994e+00 nan nan
1.433537999999999979e+00 nan nan
1.433772999999999964e+00 nan nan
1.434007999999999949e+00 nan nan
1.434242999999999935e+00 nan nan
1.434477999999999920e+00 nan nan
1.434712999999999905e+00 nan nan
1.434947999999999890e+00 nan nan
1.435183000000000098e+00 nan nan
1.435418000000000083e+00 nan nan
1.435653000000000068e+00 nan nan
1.435888000000000053e+00 nan nan
1.436123000000000038e+00 nan nan
1.436358000000000024e+00 nan nan
1.436593000000000009e+00 nan nan
1.436827999999999994e+00 nan nan
1.437062999999999979e+00 nan nan
1.437297999999999965e+00 nan nan
1.437532999999999950e+00 nan nan
1.437767999999999935e+00 nan nan
1.438002999999999920e+00 nan nan
1.438237999999999905e+00 nan nan
1.438472999999999891e+00 nan nan
1.438708000000000098e+00 nan nan
1.438943000000000083e+00 nan nan
1.439178000000000068e+00 nan nan
1.439413000000000054e+00 nan nan
1.439648000000000039e+00 nan nan
1.439883000000000024e+00 nan nan
1.440118000000000009e+00 nan nan
1.440352999999999994e+00 nan nan
1.440587999999999980e+00 nan nan
1.440822999999999965e+00 nan nan
1.441057999999999950e+00 nan nan
1.441292999999999935e+00 nan nan
1.441527999999999921e+00 nan nan
1.441762999999999906e+00 nan nan
1.441997999999999891e+00 nan nan
1.442233000000000098e+00 nan nan
1.442468000000000083e+00 nan nan
1.442703000000000069e+00 nan nan
1.442938000000000054e+00 nan nan
1.443173000000000039e+00 nan nan
1.443408000000000024e+00 nan nan
1.443643000000000010e+00 nan nan
1.443877999999999995e+00 nan nan
1.444112999999999980e+00 nan nan
1.444347999999999965e+00 nan nan
1.444582999999999950e+00 nan nan
1.444817999999999936e+00 nan nan
1.445052999999999921e+00 nan nan
1.445287999999999906e+00 nan nan
1.445522999999999891e+00 nan nan
1.445758000000000099e+00 nan nan
1.445993000000000084e+00 nan nan
1.446228000000000069e+00 nan nan
1.446463000000000054e+00 nan nan
1.446698000000000039e+00 nan nan
1.446933000000000025e+00 nan nan
1.447168000000000010e+00 nan nan
1.447402999999999995e+00 nan nan
1.447637999999999980e+00 nan nan
1.447872999999999966e+00 nan nan
1.448107999999999951e+00 nan nan
1.448342999999999936e+00 nan nan
1.448577999999999921e+00 nan nan
1.448812999999999906e+00 nan nan
1.449047999999999892e+00 nan nan
1.449283000000000099e+00 nan nan
1.449518000000000084e+00 nan nan
1.449753000000000069e+00 nan nan
1.449988000000000055e+00 nan nan
1.450223000000000040e+00 nan nan
1.450458000000000025e+00 nan nan
1.450693000000000010e+00 nan nan
1.450927999999999995e+00 nan nan
1.451162999999999981e+00 nan nan
1.451397999999999966e+00 nan nan
1.451632999999999951e+00 nan nan
1.451867999999999936e+00 nan nan
1.452102999999999922e+00 nan nan
1.452337999999999907e+00 nan nan
1.452572999999999892e+00 nan nan
1.452808000000000099e+00 nan nan
1.453043000000000085e+00 nan nan
1.453278000000000070e+00 nan nan
1.453513000000000055e+00 nan nan
1.453748000000000040e+00 nan nan
1.453983000000000025e+00 nan nan
1.454218000000000011e+00 nan nan
1.454452999999999996e+00 nan nan
1.454687999999999981e+00 nan nan
1.454922999999999966e+00 nan nan
1.455157999999999952e+00 nan nan
1.455392999999999937e+00 nan nan
1.455627999999999922e+00 nan nan
1.455862999999999907e+00 nan nan
1.456097999999999892e+00 nan nan
1.456333000000000100e+00 nan nan
1.456568000000000085e+00 nan nan
1.456803000000000070e+00 nan nan
1.457038000000000055e+00 nan nan
1.457273000000000041e+00 nan nan
1.457508000000000026e+00 nan nan
1.457743000000000011e+00 nan nan
1.457977999999999996e+00 nan nan
1.458212999999999981e+00 nan nan
1.458447999999999967e+00 nan nan
1.458682999999999952e+00 nan nan
1.458917999999999937e+00 nan nan
1.459152999999999922e+00 nan nan
1.459387999999999908e+00 nan nan
1.459622999999999893e+00 nan nan
1.459858000000000100e+00 nan nan
1.460093000000000085e+00 nan nan
1.460328000000000070e+00 nan nan
1.460563000000000056e+00 nan nan
1.460798000000000041e+00 nan nan
1.461033000000000026e+00 nan nan
1.461268000000000011e+00 nan nan
1.461502999999999997e+00 nan nan
1.461737999999999982e+00 nan nan
1.461972999999999967e+00 nan nan
1.462207999999999952e+00 nan nan
1.462442999999999937e+00 nan nan
1.462677999999999923e+00 nan nan
1.462912999999999908e+00 nan nan
1.463147999999999893e+00 nan nan
1.463383000000000100e+00 nan nan
1.463618000000000086e+00 nan nan
1.463853000000000071e+00 nan nan
1.464088000000000056e+00 nan nan
1.464323000000000041e+00 nan nan
1.464558000000000026e+00 nan nan
1.464793000000000012e+00 nan nan
1.465027999999999997e+00 nan nan
1.465262999999999982e+00 nan nan
1.465497999999999967e+00 nan nan
1.465732999999999953e+00 nan nan
1.465967999999999938e+00 nan nan
1.466202999999999923e+00 nan nan
1.466437999999999908e+00 nan nan
1.466672999999999893e+00 nan nan
1.466908000000000101e+00 nan nan
1.467143000000000086e+00 nan nan
1.467378000000000071e+00 nan nan
1.467613000000000056e+00 nan nan
1.467848000000000042e+00 nan nan
1.468083000000000027e+00 nan nan
1.468318000000000012e+00 nan nan
1.468552999999999997e+00 nan nan
1.468787999999999982e+00 nan nan
1.469022999999999968e+00 nan nan
1.469257999999999953e+00 nan nan
1.469492999999999938e+00 nan nan
1.469727999999999923e+00 nan nan
1.469962999999999909e+00 nan nan
1.470197999999999894e+00 nan nan
1.470433000000000101e+00 nan nan
1.470668000000000086e+00 nan nan
1.470903000000000072e+00 nan nan
1.471138000000000057e+00 nan nan
1.471373000000000042e+00 nan nan
1.471608000000000027e+00 nan nan
1.471843000000000012e+00 nan nan
1.472077999999999998e+00 nan nan
1.472312999999999983e+00 nan nan
1.472547999999999968e+00 nan nan
1.472782999999999953e+00 nan nan
1.473017999999999939e+00 nan nan
1.473252999999999924e+00 nan nan
1.473487999999999909e+00 nan nan
1.473722999999999894e+00 nan nan
1.473958000000000101e+00 nan nan
1.474193000000000087e+00 nan nan
1.474428000000000072e+00 nan nan
1.474663000000000057e+00 nan nan
1.474898000000000042e+00 nan nan
1.475133000000000028e+00 nan nan
1.475368000000000013e+00 nan nan
1.475602999999999998e+00 nan nan
1.475837999999999983e+00 nan nan
1.476072999999999968e+00 nan nan
1.476307999999999954e+00 nan nan
1.476542999999999939e+00 nan nan
1.476777999999999924e+00 nan nan
1.477012999999999909e+00 nan nan
1.477247999999999895e+00 nan nan
1.477483000000000102e+00 nan nan
1.477718000000000087e+00 nan nan
1.477953000000000072e+00 nan nan
1.478188000000000057e+00 nan nan
1.478423000000000043e+00 nan nan
1.478658000000000028e+00 nan nan
1.478893000000000013e+00 nan nan
1.479127999999999998e+00 nan nan
1.479362999999999984e+00 nan nan
1.479597999999999969e+00 nan nan
1.479832999999999954e+00 nan nan
1.480067999999999939e+00 nan nan
1.480302999999999924e+00 nan 3.578260999999999760e-17
1.480537999999999910e+00 nan 3.280107000000000260e-17
1.480772999999999895e+00 1.071758132706554379e-14 2.509254000000000007e-17
1.481008000000000102e+00 1.082658303350866669e-14 1.833650000000000100e-17
1.481243000000000087e+00 1.114630512822937444e-14 1.745052000000000073e-17
1.481478000000000073e+00 1.105420797963836623e-14 1.485835000000000075e-17
1.481713000000000058e+00 1.024273463639054074e-14 1.151877999999999966e-17
1.481948000000000043e+00 9.987435098485016033e-15 1.048402000000000009e-17
1.482183000000000028e+00 1.002992227286446821e-14 9.430643999999999814e-18
1.482418000000000013e+00 1.076018687347929231e-14 9.447710000000000706e-18
1.482652999999999999e+00 1.125251210891487757e-14 9.491482000000000229e-18
1.482887999999999984e+00 1.112214904170111116e-14 9.306621999999999504e-18
1.483122999999999969e+00 1.078537477864509698e-14 9.217567000000000096e-18
1.483357999999999954e+00 1.109174766508525699e-14 9.683817999999999727e-18
1.483592999999999940e+00 1.173488277547233656e-14 9.969937999999999558e-18
1.483827999999999925e+00 1.216613592592729738e-14 9.792309000000000115e-18
1.484062999999999910e+00 1.190477550632812560e-14 9.688210999999999824e-18
1.484297999999999895e+00 1.081854264897097866e-14 9.378310000000000135e-18
1.484533000000000103e+00 1.059760490507567225e-14 9.204201000000000194e-18
1.484768000000000088e+00 1.078020193733211735e-14 9.519183999999999498e-18
1.485003000000000073e+00 1.066701175213144560e-14 9.210059999999999509e-18
1.485238000000000058e+00 1.095530478338329927e-14 9.331733000000000264e-18
1.485473000000000043e+00 1.128943362027285541e-14 9.901432000000000116e-18
1.485708000000000029e+00 1.120367333778033185e-14 1.014066999999999952e-17
1.485943000000000014e+00 1.083335049179988311e-14 1.015721999999999964e-17
1.486177999999999999e+00 1.083073611562906181e-14 1.057162999999999927e-17
1.486412999999999984e+00 1.121824127502019840e-14 1.086610999999999926e-17
1.486647999999999969e+00 1.169898508946093950e-14 1.117521000000000018e-17
1.486882999999999955e+00 1.205541487075324847e-14 1.177845000000000068e-17
1.487117999999999940e+00 1.185478414906648071e-14 1.540645999999999991e-17
1.487352999999999925e+00 1.083037843109641980e-14 1.412529999999999986e-17
1.487587999999999910e+00 1.103730387567302910e-14 1.410907000000000068e-17
1.487822999999999896e+00 1.119752305335398888e-14 1.396025999999999909e-17
1.488058000000000103e+00 1.141295742338999686e-14 1.291847000000000026e-17
1.488293000000000088e+00 1.119342206041083401e-14 1.273258999999999982e-17
1.488528000000000073e+00 1.049040479867225968e-14 1.244830000000000024e-17
1.488763000000000059e+00 1.030285028273358183e-14 1.190543000000000060e-17
1.488998000000000044e+00 1.083876983873967799e-14 1.239934000000000046e-17
1.489233000000000029e+00 1.145849958940658056e-14 1.307292999999999997e-17
1.489468000000000014e+00 1.134632745501190508e-14 1.271333000000000074e-17
1.489702999999999999e+00 1.095003225490349682e-14 1.098522000000000016e-17
1.489937999999999985e+00 1.086116812961873571e-14 1.056325999999999937e-17
1.490172999999999970e+00 1.102698566374971121e-14 1.055601999999999939e-17
1.490407999999999955e+00 1.110555637128022778e-14 1.038314000000000036e-17
1.490642999999999940e+00 1.100697019648972815e-14 1.049054000000000026e-17
1.490877999999999926e+00 1.083565907947988351e-14 1.016201999999999980e-17
1.491112999999999911e+00 nan 1.075152999999999937e-17
1.491347999999999896e+00 1.203936660298616556e-14 1.083904999999999934e-17
1.491583000000000103e+00 1.120496082105832356e-14 1.035218000000000002e-17
1.491818000000000088e+00 1.101873207768247605e-14 1.022228000000000043e-17
1.492053000000000074e+00 1.122874369736472380e-14 1.034576000000000033e-17
1.492288000000000059e+00 1.115542114622691372e-14 1.032093999999999926e-17
1.492523000000000044e+00 1.069941171847001032e-14 1.000823999999999937e-17
1.492758000000000029e+00 1.034724380801862338e-14 9.936397000000000454e-18
1.492993000000000015e+00 1.080425271841090744e-14 9.997517000000000326e-18
1.493228000000000000e+00 1.142963239737186243e-14 1.050841000000000000e-17
1.493462999999999985e+00 1.139456714447668369e-14 1.034462000000000066e-17
1.493697999999999970e+00 1.120348308959712224e-14 1.038916999999999939e-17
1.493932999999999955e+00 1.074339205637332090e-14 1.058247999999999948e-17
1.494167999999999941e+00 1.028782890670116589e-14 9.897461000000000463e-18
1.494402999999999926e+00 1.066987999237527413e-14 1.005704000000000022e-17
1.494637999999999911e+00 1.116400581024648246e-14 1.067738000000000042e-17
1.494872999999999896e+00 1.124118181083392522e-14 1.073475000000000060e-17
1.495108000000000104e+00 1.102368121048329866e-14 1.045332000000000070e-17
1.495343000000000089e+00 1.102028008815674924e-14 1.013123999999999941e-17
1.495578000000000074e+00 1.142908662666944535e-14 1.042391999999999992e-17
1.495813000000000059e+00 1.112811913108970092e-14 1.017516000000000064e-17
1.496048000000000044e+00 1.111301656035587636e-14 1.031520000000000039e-17
1.496283000000000030e+00 1.099000335330378427e-14 1.008531999999999927e-17
1.496518000000000015e+00 1.079627318761221352e-14 9.988671000000000150e-18
1.496753000000000000e+00 1.127612976356813593e-14 9.956306999999999603e-18
1.496987999999999985e+00 1.174435549280597254e-14 1.014350999999999973e-17
1.497222999999999971e+00 1.172126257489653321e-14 1.007228000000000046e-17
1.497457999999999956e+00 1.123763378025407125e-14 1.000589000000000030e-17
1.497692999999999941e+00 1.129282442057340362e-14 1.026165999999999937e-17
1.497927999999999926e+00 1.174873525438786144e-14 1.061289000000000023e-17
1.498162999999999911e+00 1.141872866910338731e-14 1.010059000000000027e-17
1.498397999999999897e+00 1.127791512034130081e-14 9.727427999999999759e-18
1.498633000000000104e+00 1.169072829254162155e-14 9.757592999999999938e-18
1.498868000000000089e+00 1.202394526901124976e-14 9.904474999999999831e-18
1.499103000000000074e+00 1.184338275554017317e-14 9.670890000000000161e-18
1.499338000000000060e+00 1.128300819296638348e-14 9.317689999999999606e-18
1.499573000000000045e+00 1.091042095085378191e-14 9.118483000000000262e-18
1.499808000000000030e+00 1.108674367553360139e-14 1.006756999999999950e-17
1.500043000000000015e+00 1.136432142515426548e-14 9.728983999999999723e-18
1.500278000000000000e+00 1.150548148482928249e-14 9.593986000000000620e-18
1.500512999999999986e+00 1.114762579991881993e-14 9.334715000000000484e-18
1.500747999999999971e+00 1.074599381589709677e-14 9.069268999999999686e-18
1.500982999999999956e+00 1.082678620654674329e-14 9.109596999999999584e-18
1.501217999999999941e+00 1.128794411521627274e-14 9.554313999999999403e-18
1.501452999999999927e+00 1.138431604243250180e-14 9.808907999999999421e-18
1.501687999999999912e+00 1.096331714097931298e-14 9.511033000000000535e-18
1.501922999999999897e+00 1.061348862160641414e-14 9.489682000000000747e-18
1.502158000000000104e+00 1.046417205197010618e-14 1.022433999999999932e-17
1.502393000000000089e+00 1.062587388563181776e-14 1.202769999999999956e-17
1.502628000000000075e+00 1.126618212777832156e-14 1.606788999999999933e-17
1.502863000000000060e+00 nan 1.794707000000000137e-17
1.503098000000000045e+00 1.195311818258847114e-14 1.960072999999999847e-17
1.503333000000000030e+00 1.204483942475947198e-14 2.204035999999999972e-17
1.503568000000000016e+00 1.139511283010222708e-14 2.293368000000000045e-17
1.503803000000000001e+00 1.085260564967180728e-14 2.295025000000000004e-17
1.504037999999999986e+00 1.122464421539512557e-14 2.386982999999999989e-17
1.504272999999999971e+00 1.173152928176547236e-14 2.490798999999999899e-17
1.504507999999999956e+00 1.180897948885027915e-14 2.477068000000000076e-17
1.504742999999999942e+00 1.171790801577385982e-14 2.262618000000000112e-17
1.504977999999999927e+00 1.169069181195059459e-14 2.107366000000000008e-17
1.505212999999999912e+00 1.141876530347539143e-14 1.965634999999999941e-17
1.505447999999999897e+00 1.122691687248477891e-14 1.876654999999999972e-17
1.505683000000000105e+00 1.131557925321180467e-14 1.657032000000000136e-17
1.505918000000000090e+00 1.133530477384669891e-14 1.159275000000000019e-17
1.506153000000000075e+00 1.113270241166321224e-14 9.515143999999999634e-18
1.506388000000000060e+00 1.129840400968578567e-14 9.271617000000000206e-18
1.506623000000000046e+00 1.174963291622770368e-14 9.457107999999999491e-18
1.506858000000000031e+00 1.179911499621482374e-14 9.543674999999999409e-18
1.507093000000000016e+00 1.181136185370172345e-14 9.467556999999999796e-18
1.507328000000000001e+00 1.180618681669702444e-14 9.479752999999999265e-18
1.507562999999999986e+00 1.134074001635402349e-14 9.348617000000000643e-18
1.507797999999999972e+00 1.108078331570284860e-14 9.210289000000000188e-18
1.508032999999999957e+00 1.119509271769832846e-14 9.322312999999999893e-18
1.508267999999999942e+00 1.151503362169643336e-14 9.363931999999999702e-18
1.508502999999999927e+00 1.134205383912489438e-14 9.565005999999999716e-18
1.508737999999999913e+00 1.113779214751749919e-14 9.270115999999999585e-18
1.508972999999999898e+00 1.167047529885385327e-14 9.556881000000000385e-18
1.509208000000000105e+00 1.248584421499496253e-14 9.858012999999999285e-18
1.509443000000000090e+00 1.253524223008414714e-14 9.910370000000000061e-18
1.509678000000000075e+00 1.181877677894133419e-14 1.009933000000000063e-17
1.509913000000000061e+00 1.154783609482216967e-14 1.008982999999999926e-17
1.510148000000000046e+00 1.128712029883732575e-14 1.003403999999999965e-17
1.510383000000000031e+00 1.124519596916886692e-14 9.915246000000000095e-18
1.510618000000000016e+00 1.163727372864507301e-14 1.044840000000000058e-17
1.510853000000000002e+00 1.141742297693434957e-14 1.017239999999999989e-17
1.511087999999999987e+00 1.130521995272313082e-14 1.022650999999999998e-17
1.511322999999999972e+00 1.139495640486494932e-14 9.933882999999999791e-18
1.511557999999999957e+00 1.175345710844532833e-14 1.010000999999999992e-17
1.511792999999999942e+00 1.143397866510497127e-14 1.011286000000000059e-17
1.512027999999999928e+00 1.166439339774542486e-14 1.023279000000000023e-17
1.512262999999999913e+00 1.232569757605942317e-14 1.069124999999999925e-17
1.512497999999999898e+00 nan nan
1.512733000000000105e+00 1.121397027231483366e-14 1.159884000000000075e-17
1.512968000000000091e+00 1.145850155864785221e-14 1.025456000000000038e-17
1.513203000000000076e+00 1.106062780191772838e-14 1.046498999999999966e-17
1.513438000000000061e+00 1.045238874431877962e-14 9.739170000000000540e-18
1.513673000000000046e+00 1.039410526982187645e-14 9.879819000000000353e-18
1.513908000000000031e+00 1.052917014713181519e-14 9.789929000000000287e-18
1.514143000000000017e+00 1.145298179722515401e-14 1.027911000000000077e-17
1.514378000000000002e+00 1.213007280622898040e-14 1.036988999999999929e-17
1.514612999999999987e+00 1.257585757450248795e-14 1.044057000000000052e-17
1.514847999999999972e+00 1.209259313690794033e-14 1.048819999999999940e-17
1.515082999999999958e+00 1.161308634443851031e-14 1.050384999999999977e-17
1.515317999999999943e+00 1.163403186702757201e-14 1.057270000000000076e-17
1.515552999999999928e+00 1.213568450981947233e-14 1.071056999999999985e-17
1.515787999999999913e+00 1.228573896007851781e-14 1.066962000000000008e-17
1.516022999999999898e+00 1.211883666369419709e-14 1.082372999999999964e-17
1.516258000000000106e+00 1.122975013214719328e-14 1.061160999999999957e-17
1.516493000000000091e+00 1.082971160000144157e-14 1.015914000000000063e-17
1.516728000000000076e+00 1.113809129827761064e-14 1.020704999999999993e-17
1.516963000000000061e+00 1.133896531953130360e-14 1.026567999999999975e-17
1.517198000000000047e+00 1.082712335849196468e-14 9.885231000000000645e-18
1.517433000000000032e+00 1.014610335407898273e-14 9.857354000000000527e-18
1.517668000000000017e+00 1.006302503544604469e-14 9.870385000000000654e-18
1.517903000000000002e+00 1.060625159633415197e-14 1.057689999999999955e-17
1.518137999999999987e+00 1.170368837697988090e-14 1.122529999999999989e-17
1.518372999999999973e+00 1.249116509733102707e-14 1.163878000000000056e-17
1.518607999999999958e+00 1.194818148501795817e-14 1.117432000000000018e-17
1.518842999999999943e+00 1.143563919256376868e-14 1.081529999999999976e-17
1.519077999999999928e+00 1.144805528449452964e-14 1.082074000000000025e-17
1.519312999999999914e+00 1.159298592084236126e-14 1.083328999999999946e-17
1.519547999999999899e+00 1.165613660067678027e-14 1.090345000000000033e-17
1.519783000000000106e+00 1.164899996619001144e-14 1.072960000000000028e-17
1.520018000000000091e+00 1.145933074669667793e-14 1.053522999999999999e-17
1.520253000000000076e+00 1.129238447565434817e-14 1.054253999999999968e-17
1.520488000000000062e+00 1.149775884954570398e-14 1.055154000000000017e-17
1.520723000000000047e+00 1.192147263087669066e-14 1.076169000000000055e-17
1.520958000000000032e+00 1.219034651961803868e-14 1.043927000000000038e-17
1.521193000000000017e+00 1.243086202995400452e-14 1.106674000000000033e-17
1.521428000000000003e+00 1.255788907723042177e-14 1.071933000000000042e-17
1.521662999999999988e+00 nan 1.197546000000000022e-17
1.521897999999999973e+00 nan 1.226739999999999991e-17
1.522132999999999958e+00 1.196738044875583218e-14 9.945326999999999681e-18
1.522367999999999943e+00 1.208800920610907682e-14 9.804554999999999827e-18
1.522602999999999929e+00 1.163424952532312152e-14 9.519659000000000261e-18
1.522837999999999914e+00 1.137474553513794151e-14 1.167192999999999949e-17
1.523072999999999899e+00 nan 9.850957000000000391e-18
1.523308000000000106e+00 1.246387581705049253e-14 1.002359999999999957e-17
1.523543000000000092e+00 1.239712268257646556e-14 1.006807000000000038e-17
1.523778000000000077e+00 1.237390045385931431e-14 9.909214000000000496e-18
1.524013000000000062e+00 1.202544583648862999e-14 9.670296000000000486e-18
1.524248000000000047e+00 1.154144267716299227e-14 9.694143000000000479e-18
1.524483000000000033e+00 1.143009695052788664e-14 9.817201999999999448e-18
1.524718000000000018e+00 1.131836905989223166e-14 9.411271000000000433e-18
1.524953000000000003e+00 1.123191730347463271e-14 9.314884999999999258e-18
1.525187999999999988e+00 1.149015890398208143e-14 9.518179999999999685e-18
1.525422999999999973e+00 1.169747089201850038e-14 9.760509000000000023e-18
1.525657999999999959e+00 1.194087265555953650e-14 1.028000000000000077e-17
1.525892999999999944e+00 1.161856054556910941e-14 1.026633999999999956e-17
1.526127999999999929e+00 1.087826322880200624e-14 9.946175000000000156e-18
1.526362999999999914e+00 1.109581442388146459e-14 9.967640999999999269e-18
1.526597999999999900e+00 1.175116736533969858e-14 1.041242999999999938e-17
1.526833000000000107e+00 1.158788513940349644e-14 1.034198999999999962e-17
1.527068000000000092e+00 1.147863475882048418e-14 1.021675000000000074e-17
1.527303000000000077e+00 1.179640832214491816e-14 1.040220000000000001e-17
1.527538000000000062e+00 nan 1.040108999999999956e-17
1.527773000000000048e+00 1.156772077508662561e-14 1.000835999999999934e-17
1.528008000000000033e+00 1.163030204417439247e-14 9.980497000000000088e-18
1.528243000000000018e+00 1.170872341219414803e-14 1.052199000000000020e-17
1.528478000000000003e+00 1.192394625404716164e-14 1.079414000000000071e-17
1.528712999999999989e+00 1.197352963220944517e-14 1.091658999999999963e-17
1.528947999999999974e+00 1.236279739816759930e-14 1.117555000000000060e-17
1.529182999999999959e+00 1.217651304127593338e-14 1.104349999999999982e-17
1.529417999999999944e+00 1.162528606606540313e-14 1.036226999999999994e-17
1.529652999999999929e+00 1.198083947510416843e-14 1.019215999999999985e-17
1.529887999999999915e+00 1.242229721273858628e-14 1.044350999999999968e-17
1.530122999999999900e+00 1.217077646205189425e-14 1.010129000000000058e-17
1.530358000000000107e+00 1.218466148783746878e-14 1.040026999999999928e-17
1.530593000000000092e+00 1.220191576668127327e-14 1.033438999999999975e-17
1.530828000000000078e+00 1.226707301443678508e-14 1.036766000000000019e-17
1.531063000000000063e+00 1.231417205747752408e-14 1.098152000000000071e-17
1.531298000000000048e+00 1.206291185981896340e-14 1.114377999999999972e-17
1.531533000000000033e+00 1.186730381276954577e-14 1.124887999999999927e-17
1.531768000000000018e+00 1.174435875114582522e-14 1.083813000000000012e-17
1.532003000000000004e+00 1.131014008588403106e-14 1.096012000000000019e-17
1.532237999999999989e+00 1.074000557290733184e-14 1.053637999999999940e-17
1.532472999999999974e+00 1.085919599238322468e-14 1.131826000000000036e-17
1.532707999999999959e+00 1.119100664837954185e-14 1.063163000000000049e-17
1.532942999999999945e+00 1.108394268089645553e-14 1.051912000000000077e-17
1.533177999999999930e+00 1.153101020050953350e-14 1.068621000000000070e-17
1.533412999999999915e+00 1.247668385085377462e-14 1.125758999999999958e-17
1.533647999999999900e+00 1.262723900027947827e-14 1.157127999999999995e-17
1.533883000000000107e+00 1.240915519254135480e-14 1.127619000000000039e-17
1.534118000000000093e+00 1.225843701738472593e-14 1.111056999999999927e-17
1.534353000000000078e+00 1.226011630919243599e-14 1.122224000000000077e-17
1.534588000000000063e+00 1.195398810298350701e-14 1.130135000000000034e-17
1.534823000000000048e+00 1.168237323255693876e-14 1.107695999999999995e-17
1.535058000000000034e+00 1.145676810158926338e-14 1.099299000000000024e-17
1.535293000000000019e+00 1.176331188403863207e-14 1.132403999999999972e-17
1.535528000000000004e+00 1.199382289270332928e-14 1.167962999999999984e-17
1.535762999999999989e+00 1.159648787717324357e-14 1.146647000000000059e-17
1.535997999999999974e+00 1.196740080714950892e-14 1.194242999999999971e-17
1.536232999999999960e+00 1.260579566419157676e-14 1.213519000000000021e-17
1.536467999999999945e+00 1.203199338426197988e-14 1.194347000000000044e-17
1.536702999999999930e+00 1.168684101387908566e-14 1.182301000000000069e-17
1.536937999999999915e+00 1.192557529952061955e-14 1.201242000000000037e-17
1.537172999999999901e+00 1.202677739793321424e-14 1.196520999999999983e-17
1.537408000000000108e+00 1.180129492787339786e-14 1.244415000000000015e-17
1.537643000000000093e+00 1.156588346055302884e-14 1.307179000000000030e-17
1.537878000000000078e+00 1.160040310444430582e-14 1.320864999999999943e-17
1.538113000000000063e+00 1.143816325423184499e-14 1.294238000000000031e-17
1.538348000000000049e+00 1.155176352895528304e-14 1.327052999999999960e-17
1.538583000000000034e+00 1.173079901021539749e-14 1.327448000000000026e-17
1.538818000000000019e+00 1.213626209530003943e-14 1.364129999999999998e-17
1.539053000000000004e+00 1.263962336168083408e-14 1.394827999999999894e-17
1.539287999999999990e+00 1.247651200907781145e-14 1.381077999999999948e-17
1.539522999999999975e+00 1.177154585050283346e-14 1.304836000000000011e-17
1.539757999999999960e+00 1.154590121618048528e-14 1.288430999999999981e-17
1.539992999999999945e+00 1.180143621675016229e-14 1.307365999999999950e-17
1.540227999999999930e+00 1.198977083763131874e-14 1.317710000000000055e-17
1.540462999999999916e+00 1.160213887496962869e-14 1.283309999999999992e-17
1.540697999999999901e+00 1.126436167716084975e-14 1.247864999999999946e-17
1.540933000000000108e+00 1.102200307797433838e-14 1.214032999999999925e-17
1.541168000000000093e+00 1.119447659468252633e-14 1.191790000000000035e-17
1.541403000000000079e+00 1.229600440289752419e-14 1.307150000000000013e-17
1.541638000000000064e+00 1.265664037147458972e-14 1.305075999999999942e-17
1.541873000000000049e+00 1.220700010199925727e-14 1.283080999999999929e-17
1.542108000000000034e+00 1.189066347687382548e-14 1.290868999999999999e-17
1.542343000000000020e+00 1.138047881223743209e-14 1.273436000000000008e-17
1.542578000000000005e+00 1.115743824826245540e-14 1.227343000000000049e-17
1.542812999999999990e+00 1.158725767785293291e-14 1.235739000000000046e-17
1.543047999999999975e+00 1.198976912882362551e-14 1.273677000000000068e-17
1.543282999999999960e+00 1.180704012363930274e-14 1.264831000000000045e-17
1.543517999999999946e+00 1.152753257675526374e-14 1.250573000000000040e-17
1.543752999999999931e+00 1.149508946811245513e-14 1.292765000000000069e-17
1.543987999999999916e+00 1.147354818744642803e-14 1.288352000000000030e-17
1.544222999999999901e+00 1.159390198548424991e-14 1.277496999999999944e-17
1.544458000000000109e+00 1.187233926051491721e-14 1.275307999999999932e-17
1.544693000000000094e+00 1.209515680132310875e-14 1.264475000000000045e-17
1.544928000000000079e+00 1.200224711270383048e-14 1.218517999999999944e-17
1.545163000000000064e+00 1.197915050952969821e-14 1.176795000000000062e-17
1.545398000000000049e+00 1.233999575741304280e-14 1.156487000000000000e-17
1.545633000000000035e+00 1.260596781467446748e-14 1.134107999999999944e-17
1.545868000000000020e+00 1.246427973819383267e-14 1.125051999999999982e-17
1.546103000000000005e+00 1.257711372026360013e-14 1.140259999999999971e-17
1.546337999999999990e+00 1.260907300840240269e-14 1.134354000000000027e-17
1.546572999999999976e+00 nan 1.112152999999999971e-17
1.546807999999999961e+00 nan 1.100087000000000054e-17
1.547042999999999946e+00 1.192828879008645426e-14 1.095579999999999990e-17
1.547277999999999931e+00 1.178688129348824285e-14 1.082585000000000006e-17
1.547512999999999916e+00 1.157206167724732769e-14 1.103268000000000037e-17
1.547747999999999902e+00 1.147580455022625793e-14 1.140133000000000033e-17
1.547983000000000109e+00 1.176531617341083807e-14 1.207872999999999951e-17
1.548218000000000094e+00 1.207424316349011369e-14 1.262571000000000028e-17
1.548453000000000079e+00 1.222692588445427157e-14 1.290002999999999991e-17
1.548688000000000065e+00 1.226480069628067851e-14 1.306654999999999924e-17
1.548923000000000050e+00 1.204404236083678059e-14 1.296086999999999935e-17
1.549158000000000035e+00 1.196269788084908935e-14 1.281148000000000049e-17
1.549393000000000020e+00 1.227010636566624192e-14 1.290406000000000004e-17
1.549628000000000005e+00 1.266876470586279485e-14 1.315998999999999957e-17
1.549862999999999991e+00 1.293260756284737507e-14 1.348151999999999974e-17
1.550097999999999976e+00 1.249522857485296616e-14 1.289798000000000076e-17
1.550332999999999961e+00 1.171774019458831887e-14 1.168687999999999955e-17
1.550567999999999946e+00 1.143501061832662910e-14 1.095166999999999929e-17
1.550802999999999932e+00 1.124836121207620243e-14 1.079529000000000013e-17
1.551037999999999917e+00 1.132591460952420745e-14 1.075686999999999937e-17
1.551272999999999902e+00 1.207931056698432689e-14 1.113599000000000017e-17
1.551508000000000109e+00 1.269543296272430190e-14 1.139972000000000054e-17
1.551743000000000094e+00 1.243786654575247088e-14 1.096123000000000065e-17
1.551978000000000080e+00 1.217531789643859316e-14 1.089431000000000039e-17
1.552213000000000065e+00 1.259173177953303425e-14 1.125235000000000006e-17
1.552448000000000050e+00 1.284456391368718231e-14 1.124804999999999925e-17
1.552683000000000035e+00 1.257981583185088869e-14 1.119027000000000047e-17
1.552918000000000021e+00 1.224768472409661483e-14 1.108850000000000074e-17
1.553153000000000006e+00 1.229565894658525553e-14 1.099170999999999958e-17
1.553387999999999991e+00 1.246412490277970462e-14 1.143505999999999961e-17
1.553622999999999976e+00 1.222794309386409462e-14 1.125170999999999973e-17
1.553857999999999961e+00 1.214021567362259273e-14 1.201177000000000030e-17
1.554092999999999947e+00 1.258128205809074009e-14 1.364653999999999949e-17
1.554327999999999932e+00 1.259549810133993468e-14 1.455910000000000136e-17
1.554562999999999917e+00 1.197447055125888455e-14 1.488707000000000070e-17
1.554797999999999902e+00 1.167740032721947665e-14 1.593868999999999850e-17
1.555033000000000110e+00 1.210003041066632186e-14 1.533154000000000093e-17
1.555268000000000095e+00 1.256680577582156269e-14 1.707881000000000011e-17
1.555503000000000080e+00 1.252364573962092538e-14 1.548190999999999900e-17
1.555738000000000065e+00 1.200162651126969526e-14 1.529721999999999848e-17
1.555973000000000050e+00 1.209545105897625611e-14 1.771105000000000099e-17
1.556208000000000036e+00 1.235825289869640999e-14 1.856224000000000023e-17
1.556443000000000021e+00 1.249108685967296881e-14 1.803031000000000001e-17
1.556678000000000006e+00 1.239991570313759064e-14 1.862734000000000153e-17
1.556912999999999991e+00 1.239715659188096181e-14 2.254189999999999867e-17
1.557147999999999977e+00 1.211209606958063015e-14 2.384213000000000119e-17
1.557382999999999962e+00 1.181776990686597352e-14 2.090823999999999992e-17
1.557617999999999947e+00 1.160876808892338457e-14 1.596372999999999849e-17
1.557852999999999932e+00 1.171741165066937226e-14 1.600904000000000060e-17
1.558087999999999917e+00 1.171420601250025502e-14 1.589171000000000124e-17
1.558322999999999903e+00 1.166580245389467641e-14 1.468874000000000000e-17
1.558558000000000110e+00 1.194799768133635691e-14 1.381732000000000068e-17
1.558793000000000095e+00 1.225333605651824757e-14 1.361966999999999927e-17
1.559028000000000080e+00 1.237035923855722414e-14 1.382852999999999925e-17
1.559263000000000066e+00 1.242281573413634341e-14 1.380519999999999954e-17
1.559498000000000051e+00 1.257453531154727125e-14 1.390861000000000137e-17
1.559733000000000036e+00 1.291875045549141011e-14 1.442485999999999891e-17
1.559968000000000021e+00 1.254936820699462865e-14 1.388768999999999917e-17
1.560203000000000007e+00 1.195444958215739347e-14 1.349782000000000018e-17
1.560437999999999992e+00 1.179893605476724413e-14 1.339731000000000009e-17
1.560672999999999977e+00 1.207576403032044287e-14 1.360238999999999962e-17
1.560907999999999962e+00 1.236562504952449736e-14 1.393480000000000076e-17
1.561142999999999947e+00 1.225893544198768217e-14 1.470936000000000075e-17
1.561377999999999933e+00 1.232513024458909805e-14 1.485527000000000061e-17
1.561612999999999918e+00 1.231516488193366633e-14 1.457512999999999957e-17
1.561847999999999903e+00 1.220870521196053433e-14 1.501328999999999879e-17
1.562083000000000110e+00 1.224843362105609016e-14 1.829688999999999879e-17
1.562318000000000096e+00 nan 1.942540000000000142e-17
1.562553000000000081e+00 nan 1.853329999999999983e-17
1.562788000000000066e+00 1.226367895849948392e-14 1.769462999999999904e-17
1.563023000000000051e+00 1.190866902431356526e-14 1.765791000000000036e-17
1.563258000000000036e+00 1.217651777312682267e-14 1.942100999999999986e-17
1.563493000000000022e+00 1.255297641167201728e-14 2.228317999999999917e-17
1.563728000000000007e+00 1.242912410918449488e-14 2.188813999999999884e-17
1.563962999999999992e+00 nan 3.728827999999999954e-17
1.564197999999999977e+00 1.268873794469601240e-14 2.311940999999999861e-17
1.564432999999999963e+00 1.270613921778989214e-14 2.287860000000000089e-17
1.564667999999999948e+00 1.228209991531124877e-14 2.137290999999999947e-17
1.564902999999999933e+00 1.187766013068603505e-14 2.065761000000000143e-17
1.565137999999999918e+00 1.185043628866441117e-14 1.992738000000000127e-17
1.565372999999999903e+00 1.202005148884556111e-14 1.798053000000000150e-17
1.565608000000000111e+00 1.148162916201399238e-14 1.690787999999999974e-17
1.565843000000000096e+00 1.104038980189282476e-14 1.641118999999999965e-17
1.566078000000000081e+00 1.143909524073576910e-14 1.693675999999999862e-17
1.566313000000000066e+00 1.205797246494552218e-14 1.709578999999999984e-17
1.566548000000000052e+00 1.246968183441798393e-14 1.541453999999999964e-17
1.566783000000000037e+00 1.265222785790611515e-14 1.331784000000000062e-17
1.567018000000000022e+00 1.276472099558316887e-14 1.280164999999999998e-17
1.567253000000000007e+00 1.277992225181761598e-14 1.159085000000000023e-17
1.567487999999999992e+00 1.290263691927752403e-14 1.200164999999999961e-17
1.567722999999999978e+00 1.294623123487972427e-14 1.280575999999999957e-17
1.567957999999999963e+00 1.284862098591736313e-14 1.267979999999999935e-17
1.568192999999999948e+00 1.292655508941717068e-14 1.336455000000000027e-17
1.568427999999999933e+00 1.296627804813299510e-14 1.566834999999999875e-17
1.568662999999999919e+00 1.287172849907750062e-14 1.585817000000000011e-17
1.568897999999999904e+00 1.246180207036445876e-14 1.560891999999999968e-17
1.569132999999999889e+00 1.213061868381505295e-14 1.706352999999999937e-17
1.569368000000000096e+00 1.211318308350220122e-14 2.191223000000000038e-17
1.569603000000000081e+00 1.266663915879274662e-14 3.020334999999999729e-17
1.569838000000000067e+00 1.210155399159293545e-14 2.551130999999999895e-17
1.570073000000000052e+00 1.200200393207989317e-14 2.399044999999999856e-17
1.570308000000000037e+00 1.223876118039635753e-14 2.438589000000000082e-17
1.570543000000000022e+00 1.248272835293043397e-14 2.485516000000000110e-17
1.570778000000000008e+00 1.262229844938731570e-14 2.498565000000000078e-17
1.571012999999999993e+00 1.249080559771341323e-14 2.460791000000000113e-17
1.571247999999999978e+00 1.232170915487246541e-14 2.419813000000000145e-17
1.571482999999999963e+00 1.244721764410215162e-14 2.399076999999999949e-17
1.571717999999999948e+00 1.269024509435641884e-14 2.456064000000000061e-17
1.571952999999999934e+00 1.257861421647609870e-14 2.336143999999999855e-17
1.572187999999999919e+00 1.230746097206999590e-14 1.863219999999999859e-17
1.572422999999999904e+00 1.217533411860097473e-14 1.626026000000000071e-17
1.572657999999999889e+00 1.229730497993327928e-14 1.568972000000000005e-17
1.572893000000000097e+00 1.256828623719301640e-14 1.585611000000000121e-17
1.573128000000000082e+00 1.280529673824755717e-14 1.604279999999999910e-17
1.573363000000000067e+00 1.272072321744665206e-14 1.596692999999999859e-17
1.573598000000000052e+00 1.259316098190603342e-14 1.568790000000000109e-17
1.573833000000000037e+00 1.269468698236348343e-14 1.567061999999999990e-17
1.574068000000000023e+00 1.296836905920649341e-14 1.625297000000000050e-17
1.574303000000000008e+00 1.316741427438261057e-14 1.742212999999999991e-17
1.574537999999999993e+00 1.311045313843536786e-14 1.769207999999999900e-17
1.574772999999999978e+00 1.272758607563255731e-14 1.829022999999999916e-17
1.575007999999999964e+00 1.243507817764202340e-14 2.132181000000000133e-17
1.575242999999999949e+00 1.283255759726583576e-14 2.278690000000000006e-17
1.575477999999999934e+00 1.316381817154529305e-14 2.339672000000000072e-17
1.575712999999999919e+00 1.283634616267930643e-14 2.285228000000000025e-17
1.575947999999999904e+00 1.254430644658896422e-14 2.224896999999999849e-17
1.576182999999999890e+00 1.251687273319320137e-14 2.230272000000000022e-17
1.576418000000000097e+00 1.242327937606950400e-14 2.206974000000000102e-17
1.576653000000000082e+00 1.231052568257687733e-14 2.096829000000000138e-17
1.576888000000000067e+00 1.244209732682704806e-14 1.778372000000000139e-17
1.577123000000000053e+00 1.279084034061350199e-14 1.716765999999999944e-17
1.577358000000000038e+00 1.292194361604308359e-14 1.719322000000000133e-17
1.577593000000000023e+00 1.293445960014509205e-14 1.688133999999999864e-17
1.577828000000000008e+00 1.266311348204710445e-14 1.500193999999999923e-17
1.578062999999999994e+00 1.258499382437052638e-14 1.414243000000000033e-17
1.578297999999999979e+00 1.278508784910106701e-14 1.501783000000000108e-17
1.578532999999999964e+00 1.276351822760409680e-14 1.433972999999999850e-17
1.578767999999999949e+00 1.271905099097129178e-14 1.384743999999999971e-17
1.579002999999999934e+00 1.290385582815827225e-14 1.407169999999999886e-17
1.579237999999999920e+00 1.308465196870733127e-14 1.397627000000000090e-17
1.579472999999999905e+00 1.310477656122023426e-14 1.407605000000000146e-17
1.579707999999999890e+00 1.291048793988697443e-14 1.698116000000000125e-17
1.579943000000000097e+00 1.280567539691711452e-14 1.607226000000000141e-17
1.580178000000000083e+00 1.256779435902745111e-14 1.312229999999999989e-17
1.580413000000000068e+00 1.185619012388724687e-14 1.794011000000000029e-17
1.580648000000000053e+00 1.187487943158815952e-14 1.780445999999999901e-17
1.580883000000000038e+00 1.272302340323490557e-14 1.280958000000000052e-17
1.581118000000000023e+00 1.314735760696641996e-14 1.318350000000000076e-17
1.581353000000000009e+00 1.319258491144547105e-14 1.351552999999999945e-17
1.581587999999999994e+00 1.280615496487619295e-14 1.332279999999999971e-17
1.581822999999999979e+00 1.257311532432794448e-14 1.312005999999999950e-17
1.582057999999999964e+00 1.275225269740601472e-14 1.311691999999999938e-17
1.582292999999999950e+00 1.328980494680620020e-14 1.311962000000000014e-17
1.582527999999999935e+00 1.337264960296222018e-14 1.316333000000000066e-17
1.582762999999999920e+00 1.312013089690487298e-14 1.313171000000000052e-17
1.582997999999999905e+00 1.270346257106144890e-14 1.401084000000000148e-17
1.583232999999999890e+00 1.244172863302903475e-14 1.317478000000000070e-17
1.583468000000000098e+00 1.243774621415668058e-14 1.392617999999999965e-17
1.583703000000000083e+00 1.235222970243715895e-14 1.450916000000000084e-17
1.583938000000000068e+00 1.221947603773279506e-14 1.431762000000000101e-17
1.584173000000000053e+00 1.251878281294485538e-14 1.473226999999999903e-17
1.584408000000000039e+00 1.279702350895568304e-14 1.530910999999999942e-17
1.584643000000000024e+00 1.258633734834751134e-14 1.518864000000000148e-17
1.584878000000000009e+00 1.264465496449295568e-14 1.497607999999999897e-17
1.585112999999999994e+00 1.246679440503000352e-14 1.487473000000000066e-17
1.585347999999999979e+00 1.252283435315920097e-14 1.481272000000000079e-17
1.585582999999999965e+00 1.270933829451111949e-14 1.522955999999999895e-17
1.585817999999999950e+00 1.269150221461387550e-14 1.536396999999999853e-17
1.586052999999999935e+00 1.292097356250725708e-14 1.580001000000000041e-17
1.586287999999999920e+00 1.327539879017940407e-14 1.625600000000000040e-17
1.586522999999999906e+00 1.294988226678333613e-14 1.621175999999999978e-17
1.586757999999999891e+00 1.267226927855795561e-14 1.691845000000000106e-17
1.586993000000000098e+00 1.274390567456228241e-14 2.477326999999999976e-17
1.587228000000000083e+00 1.304075379871612143e-14 3.142613999999999847e-17
1.587463000000000068e+00 nan 3.586816000000000251e-17
1.587698000000000054e+00 1.305190555808426818e-14 4.391278999999999820e-17
1.587933000000000039e+00 1.266030168646460699e-14 4.611762000000000128e-17
1.588168000000000024e+00 nan nan
1.588403000000000009e+00 1.277570330924025980e-14 4.730277999999999814e-17
1.588637999999999995e+00 1.330499742868610672e-14 4.889560000000000042e-17
1.588872999999999980e+00 1.336317906845363355e-14 4.891734999999999802e-17
1.589107999999999965e+00 1.302909594042028713e-14 4.760565999999999726e-17
1.589342999999999950e+00 1.291580325200796967e-14 4.603495999999999991e-17
1.589577999999999935e+00 1.284641338469519816e-14 2.665047999999999903e-17
1.589812999999999921e+00 1.256118225951017803e-14 1.517567999999999905e-17
1.590047999999999906e+00 1.259337337384570317e-14 1.392658999999999979e-17
1.590282999999999891e+00 1.251636150334642867e-14 1.375760999999999963e-17
1.590518000000000098e+00 1.277758066122263849e-14 1.422790000000000115e-17
1.590753000000000084e+00 1.339089772917769725e-14 1.432919000000000102e-17
1.590988000000000069e+00 1.332219050435602084e-14 1.309102000000000016e-17
1.591223000000000054e+00 1.327250053144233525e-14 1.247619000000000017e-17
1.591458000000000039e+00 1.327483755954466457e-14 1.247813000000000064e-17
1.591693000000000024e+00 1.286004435202584985e-14 1.346343999999999929e-17
1.591928000000000010e+00 1.247562899819114247e-14 1.358871000000000047e-17
1.592162999999999995e+00 1.238085354906267484e-14 1.381867999999999926e-17
1.592397999999999980e+00 1.260848544991566360e-14 1.466393999999999995e-17
1.592632999999999965e+00 1.305101404013423011e-14 1.528613999999999961e-17
1.592867999999999951e+00 1.319639815041850960e-14 1.527809000000000065e-17
1.593102999999999936e+00 1.272757532359202220e-14 1.479985999999999884e-17
1.593337999999999921e+00 1.251743007200953830e-14 1.504900000000000058e-17
1.593572999999999906e+00 1.301216416589099990e-14 1.572242000000000142e-17
1.593807999999999891e+00 1.326368416667071770e-14 1.637543999999999889e-17
1.594043000000000099e+00 1.312339067094838625e-14 1.644759000000000047e-17
1.594278000000000084e+00 1.302818655996860237e-14 1.673246999999999860e-17
1.594513000000000069e+00 1.279809834625110868e-14 1.813224999999999995e-17
1.594748000000000054e+00 1.269757570352612455e-14 1.882047999999999987e-17
1.594983000000000040e+00 1.278119478921446932e-14 2.049445999999999934e-17
1.595218000000000025e+00 1.290338916204740109e-14 2.121765999999999869e-17
1.595453000000000010e+00 1.332850304277536391e-14 2.192068000000000129e-17
1.595687999999999995e+00 1.356442855250439087e-14 2.227819999999999906e-17
1.595922999999999981e+00 1.355453910832918602e-14 2.228680000000000069e-17
1.596157999999999966e+00 1.351099570936798321e-14 2.217112000000000009e-17
1.596392999999999951e+00 1.363716602677184530e-14 2.189008999999999905e-17
1.596627999999999936e+00 1.350551742035452817e-14 2.137408999999999964e-17
1.596862999999999921e+00 1.305770639136991178e-14 1.846738000000000134e-17
1.597097999999999907e+00 1.279467676393908430e-14 1.677552000000000085e-17
1.597332999999999892e+00 1.287171786511453198e-14 1.707090999999999878e-17
1.597568000000000099e+00 1.297271079056480230e-14 1.638414000000000101e-17
1.597803000000000084e+00 1.320174248154791882e-14 1.622719999999999944e-17
1.598038000000000070e+00 1.338591175854132943e-14 1.632626000000000021e-17
1.598273000000000055e+00 1.336155138048112242e-14 1.636687999999999930e-17
1.598508000000000040e+00 1.330611375616340151e-14 1.624915999999999929e-17
1.598743000000000025e+00 1.315991668214017024e-14 1.621023000000000099e-17
1.598978000000000010e+00 1.300663979481501479e-14 1.604335999999999996e-17
1.599212999999999996e+00 1.286479507334343669e-14 1.665166000000000003e-17
1.599447999999999981e+00 1.289012076658668836e-14 1.730324999999999920e-17
1.599682999999999966e+00 1.291716051904348737e-14 1.781919000000000017e-17
1.599917999999999951e+00 1.314752770319631105e-14 1.829847000000000090e-17
1.600152999999999937e+00 1.349786261421326105e-14 1.873765000000000136e-17
1.600387999999999922e+00 1.362786850017299067e-14 1.959153000000000009e-17
1.600622999999999907e+00 1.349507356513691347e-14 2.110898000000000121e-17
1.600857999999999892e+00 1.306224283930636102e-14 2.222729000000000062e-17
1.601093000000000099e+00 1.348737841796178513e-14 2.581428000000000036e-17
1.601328000000000085e+00 1.350866574325224262e-14 2.691937999999999920e-17
1.601563000000000070e+00 1.329046547210544532e-14 2.657554999999999877e-17
1.601798000000000055e+00 1.311416757340921811e-14 2.634660000000000123e-17
1.602033000000000040e+00 1.297997177505336629e-14 2.608333000000000125e-17
1.602268000000000026e+00 1.272970414775641903e-14 2.546343000000000041e-17
1.602503000000000011e+00 1.313265690723514474e-14 2.489923999999999971e-17
1.602737999999999996e+00 1.342056956021303302e-14 2.341067999999999875e-17
1.602972999999999981e+00 1.357974058257334153e-14 2.317456999999999917e-17
1.603207999999999966e+00 1.331871497055523474e-14 2.258558000000000150e-17
1.603442999999999952e+00 1.330945687926303243e-14 2.256215000000000131e-17
1.603677999999999937e+00 1.348769376340154434e-14 2.285679999999999997e-17
1.603912999999999922e+00 1.346474175362847306e-14 2.283627999999999972e-17
1.604147999999999907e+00 1.315440546557167875e-14 2.243149000000000142e-17
1.604382999999999893e+00 1.294333116267540857e-14 2.183991999999999988e-17
1.604618000000000100e+00 1.274542448353874908e-14 2.130191999999999858e-17
1.604853000000000085e+00 1.284944778945244393e-14 2.139252000000000024e-17
1.605088000000000070e+00 1.318646659942346623e-14 2.206734999999999991e-17
1.605323000000000055e+00 1.321626552344661189e-14 2.226090000000000147e-17
1.605558000000000041e+00 1.293931551171155188e-14 2.187250000000000129e-17
1.605793000000000026e+00 1.276479512440927685e-14 2.158881999999999973e-17
1.606028000000000011e+00 1.298417524667217091e-14 2.187264000000000074e-17
1.606262999999999996e+00 1.302662197277665460e-14 2.191620000000000053e-17
1.606497999999999982e+00 1.328243452278150771e-14 2.218137999999999868e-17
1.606732999999999967e+00 1.312035116499145278e-14 2.159672999999999925e-17
1.606967999999999952e+00 1.323129139560202810e-14 2.170126000000000127e-17
1.607202999999999937e+00 1.313303689026136607e-14 2.163081999999999997e-17
1.607437999999999922e+00 1.300006011629278767e-14 2.149988999999999939e-17
1.607672999999999908e+00 1.298150719673195467e-14 2.162732999999999969e-17
1.607907999999999893e+00 1.295425300868948951e-14 1.912867000000000131e-17
1.608143000000000100e+00 1.331814221882130011e-14 1.712433999999999959e-17
1.608378000000000085e+00 1.345272877198118769e-14 1.735173999999999885e-17
1.608613000000000071e+00 1.347904428813754815e-14 1.737872999999999905e-17
1.608848000000000056e+00 1.357938849727646584e-14 1.738779999999999926e-17
1.609083000000000041e+00 1.367929992968463831e-14 1.804513000000000037e-17
1.609318000000000026e+00 1.333934112559128372e-14 2.667953000000000120e-17
1.609553000000000011e+00 1.305953100827932480e-14 3.750273999999999894e-17
1.609787999999999997e+00 1.302234615915190647e-14 4.064270000000000022e-17
1.610022999999999982e+00 1.313963696216618564e-14 4.376148999999999809e-17
1.610257999999999967e+00 1.340506374498062978e-14 4.991732999999999938e-17
1.610492999999999952e+00 1.315063265575038499e-14 5.916417999999999575e-17
1.610727999999999938e+00 nan nan
1.610962999999999923e+00 nan nan
1.611197999999999908e+00 1.267311636051330567e-14 6.408841999999999813e-17
1.611432999999999893e+00 1.280131205256053065e-14 6.496827000000000197e-17
1.611668000000000101e+00 nan nan
1.611903000000000086e+00 1.274072908756723424e-14 6.420894000000000556e-17
1.612138000000000071e+00 nan nan
1.612373000000000056e+00 1.314451619179711897e-14 5.587306999999999817e-17
1.612608000000000041e+00 1.321925773964428741e-14 3.996475000000000145e-17
1.612843000000000027e+00 1.310376977257880245e-14 3.576294999999999967e-17
1.613078000000000012e+00 1.289920956590808786e-14 2.680711999999999915e-17
1.613312999999999997e+00 1.280123646616396936e-14 1.756218000000000095e-17
1.613547999999999982e+00 1.293661099196413824e-14 1.710323000000000078e-17
1.613782999999999967e+00 1.293131762946127830e-14 1.554321999999999856e-17
1.614017999999999953e+00 1.305168632938096936e-14 1.420974000000000124e-17
1.614252999999999938e+00 1.315644027260243754e-14 1.360051000000000067e-17
1.614487999999999923e+00 1.317394725971471942e-14 1.307021999999999947e-17
1.614722999999999908e+00 1.318210821665044558e-14 1.307824000000000075e-17
1.614957999999999894e+00 1.314564592614177369e-14 1.298961000000000033e-17
1.615193000000000101e+00 1.302108840268849381e-14 1.292372999999999926e-17
1.615428000000000086e+00 nan 1.299937999999999931e-17
1.615663000000000071e+00 1.256316867495951450e-14 1.326177000000000058e-17
1.615898000000000057e+00 1.320455433205385969e-14 1.406130999999999902e-17
1.616133000000000042e+00 1.377876468780079525e-14 1.738829000000000040e-17
1.616368000000000027e+00 nan nan
1.616603000000000012e+00 nan nan
1.616837999999999997e+00 1.315921204901104209e-14 1.656269999999999893e-17
1.617072999999999983e+00 1.317415142722371551e-14 1.687802999999999985e-17
1.617307999999999968e+00 1.344757781723256658e-14 1.750986999999999880e-17
1.617542999999999953e+00 1.397308126550419179e-14 2.189290999999999978e-17
1.617777999999999938e+00 1.398871344291555441e-14 2.488655999999999926e-17
1.618012999999999924e+00 1.395825223222082366e-14 2.476287999999999993e-17
1.618247999999999909e+00 1.348158125182108602e-14 2.374055000000000114e-17
1.618482999999999894e+00 1.303379476337258612e-14 2.214645999999999948e-17
1.618718000000000101e+00 1.288152779576860266e-14 2.049255999999999937e-17
1.618953000000000086e+00 1.312477715259602446e-14 2.106693999999999893e-17
1.619188000000000072e+00 1.303851648510540143e-14 1.994462000000000042e-17
1.619423000000000057e+00 1.284551176426099158e-14 1.837927000000000127e-17
1.619658000000000042e+00 1.283993882269851049e-14 1.751972000000000033e-17
1.619893000000000027e+00 1.287380919735338762e-14 1.749642000000000138e-17
1.620128000000000013e+00 1.308348758139738147e-14 1.737360999999999949e-17
1.620362999999999998e+00 1.343468436392356224e-14 1.758198999999999961e-17
1.620597999999999983e+00 1.349083861759806052e-14 1.751780999999999908e-17
1.620832999999999968e+00 1.306992760195586721e-14 1.669160999999999958e-17
1.621067999999999953e+00 1.256482198744544293e-14 1.576810999999999983e-17
1.621302999999999939e+00 1.269139284971936668e-14 1.577016000000000052e-17
1.621537999999999924e+00 1.340043316782020153e-14 1.636358999999999999e-17
1.621772999999999909e+00 1.366658789771172658e-14 1.631852000000000090e-17
1.622007999999999894e+00 1.366803093032449595e-14 1.599182999999999913e-17
1.622243000000000102e+00 1.368432321980645542e-14 1.591400000000000022e-17
1.622478000000000087e+00 1.368663054184367088e-14 1.562772000000000146e-17
1.622713000000000072e+00 1.357519905446484579e-14 1.530092000000000101e-17
1.622948000000000057e+00 1.334373259407662166e-14 1.509398000000000048e-17
1.623183000000000042e+00 1.343127666666846508e-14 1.500996999999999872e-17
1.623418000000000028e+00 1.366463117346661880e-14 1.420979000000000149e-17
1.623653000000000013e+00 1.368285070834980015e-14 1.415177000000000123e-17
1.623887999999999998e+00 1.351567187384418569e-14 1.503096000000000064e-17
1.624122999999999983e+00 1.363298309656510747e-14 1.513969999999999964e-17
1.624357999999999969e+00 1.393021463812595793e-14 1.548604000000000115e-17
1.624592999999999954e+00 1.388670039776269792e-14 1.555358999999999891e-17
1.624827999999999939e+00 1.353253704041822815e-14 1.390190000000000150e-17
1.625062999999999924e+00 1.312493793172387192e-14 1.166067000000000068e-17
1.625297999999999909e+00 1.294165307487740097e-14 1.153960999999999957e-17
1.625532999999999895e+00 1.278478690329721434e-14 1.132224000000000024e-17
1.625768000000000102e+00 1.246984874000299758e-14 1.133702999999999983e-17
1.626003000000000087e+00 1.231675930837435914e-14 1.057680000000000060e-17
1.626238000000000072e+00 nan 1.106419000000000029e-17
1.626473000000000058e+00 nan 1.228597999999999970e-17
1.626708000000000043e+00 1.325176326527557357e-14 1.304575000000000009e-17
1.626943000000000028e+00 1.325697885632580590e-14 1.364575999999999972e-17
1.627178000000000013e+00 1.377652398832357605e-14 1.415961999999999923e-17
1.627412999999999998e+00 1.389445555750396420e-14 1.411138999999999899e-17
1.627647999999999984e+00 1.330500119830583407e-14 1.349538000000000037e-17
1.627882999999999969e+00 1.334905425732559061e-14 1.371750999999999936e-17
1.628117999999999954e+00 1.356128843727161038e-14 1.373146000000000073e-17
1.628352999999999939e+00 1.362908308154779126e-14 1.363512000000000021e-17
1.628587999999999925e+00 1.375566517937709395e-14 1.382422999999999997e-17
1.628822999999999910e+00 nan 1.391370000000000016e-17
1.629057999999999895e+00 nan 1.431283999999999879e-17
1.629293000000000102e+00 1.306372844088307383e-14 1.472557000000000045e-17
1.629528000000000088e+00 1.307083217870616698e-14 1.523720999999999906e-17
1.629763000000000073e+00 1.350125722499434004e-14 1.581185999999999931e-17
1.629998000000000058e+00 1.367654548537440381e-14 1.540228999999999880e-17
1.630233000000000043e+00 1.343280082668681252e-14 1.562728000000000056e-17
1.630468000000000028e+00 1.312604760708208872e-14 1.552607999999999989e-17
1.630703000000000014e+00 1.315169489136928941e-14 1.524519999999999958e-17
1.630937999999999999e+00 1.310401680978824140e-14 1.573310000000000143e-17
1.631172999999999984e+00 1.316254795572313030e-14 1.591126999999999869e-17
1.631407999999999969e+00 1.352509138687625951e-14 1.863980000000000153e-17
1.631642999999999954e+00 1.371149592224975359e-14 1.810500999999999854e-17
1.631877999999999940e+00 1.375064426896199528e-14 1.814628000000000079e-17
1.632112999999999925e+00 1.347117838144116133e-14 1.733624999999999895e-17
1.632347999999999910e+00 1.332308185667829527e-14 1.619931000000000105e-17
1.632582999999999895e+00 1.360164703556774890e-14 1.629389000000000105e-17
1.632818000000000103e+00 1.353851953536846809e-14 1.619460999999999983e-17
1.633053000000000088e+00 1.337506273665191768e-14 1.639254999999999988e-17
1.633288000000000073e+00 1.380859768414415140e-14 1.692386999999999899e-17
1.633523000000000058e+00 1.408170184325095071e-14 1.677153000000000123e-17
1.633758000000000044e+00 1.331110652929268532e-14 2.258589000000000116e-17
1.633993000000000029e+00 1.320832606478821502e-14 2.142812000000000027e-17
1.634228000000000014e+00 1.368265305090257543e-14 1.397069000000000096e-17
1.634462999999999999e+00 nan nan
1.634697999999999984e+00 nan nan
1.634932999999999970e+00 1.391231572970870878e-14 1.392573000000000055e-17
1.635167999999999955e+00 1.371868230073551288e-14 1.355164000000000010e-17
1.635402999999999940e+00 1.342975463985247286e-14 1.314460000000000015e-17
1.635637999999999925e+00 1.344684939931534100e-14 1.339866000000000047e-17
1.635872999999999911e+00 1.356847215690887672e-14 1.372305000000000033e-17
1.636107999999999896e+00 1.350004181213511005e-14 1.377000999999999965e-17
1.636343000000000103e+00 1.361574131769635222e-14 1.369095000000000032e-17
1.636578000000000088e+00 1.369973003025209061e-14 1.362029999999999986e-17
1.636813000000000073e+00 1.367193646049502452e-14 1.353643000000000062e-17
1.637048000000000059e+00 1.352323005169708853e-14 1.335335999999999964e-17
1.637283000000000044e+00 1.361161787288492949e-14 1.335306999999999947e-17
1.637518000000000029e+00 1.412720938745337513e-14 1.351887000000000054e-17
1.637753000000000014e+00 1.428565925787947920e-14 1.392905000000000062e-17
1.637988000000000000e+00 1.366926142814344950e-14 1.356477999999999940e-17
1.638222999999999985e+00 1.375831533698362303e-14 1.460588000000000074e-17
1.638457999999999970e+00 1.392245047445825014e-14 1.662619999999999863e-17
1.638692999999999955e+00 1.391649912542494575e-14 1.708921999999999942e-17
1.638927999999999940e+00 1.377730882928204905e-14 1.697955999999999965e-17
1.639162999999999926e+00 1.364155118746756317e-14 1.907852999999999982e-17
1.639397999999999911e+00 1.352140828727921012e-14 2.501125999999999983e-17
1.639632999999999896e+00 1.343234131802472131e-14 3.020487999999999916e-17
1.639868000000000103e+00 1.337000169220954143e-14 4.094944000000000079e-17
1.640103000000000089e+00 1.337855046594787036e-14 4.602311999999999921e-17
1.640338000000000074e+00 1.336928486166700203e-14 5.187289000000000255e-17
1.640573000000000059e+00 nan 5.402886000000000172e-17
1.640808000000000044e+00 nan 5.435400999999999725e-17
1.641043000000000029e+00 1.340230974330289661e-14 5.516882000000000132e-17
1.641278000000000015e+00 1.332600880645300605e-14 5.649165000000000555e-17
1.641513000000000000e+00 1.333685800015398792e-14 5.661755000000000578e-17
1.641747999999999985e+00 1.345034299399003501e-14 5.628001999999999583e-17
1.641982999999999970e+00 1.383409028524937381e-14 5.767880000000000158e-17
1.642217999999999956e+00 1.410582907125005193e-14 5.536217999999999703e-17
1.642452999999999941e+00 1.403431107862862967e-14 4.653346000000000076e-17
1.642687999999999926e+00 nan nan
1.642922999999999911e+00 nan nan
1.643157999999999896e+00 1.372452704375697957e-14 2.501197999999999962e-17
1.643393000000000104e+00 1.379508543338579093e-14 2.134295999999999910e-17
1.643628000000000089e+00 1.395127677867711375e-14 1.851005999999999933e-17
1.643863000000000074e+00 nan 2.347507999999999974e-17
1.644098000000000059e+00 1.391955333581713342e-14 1.742827000000000071e-17
1.644333000000000045e+00 1.372670702007738400e-14 1.733663999999999960e-17
1.644568000000000030e+00 1.395241364688392289e-14 1.758505000000000027e-17
1.644803000000000015e+00 1.379991087334303995e-14 1.653938000000000050e-17
1.645038000000000000e+00 1.400582907740790405e-14 1.649479999999999947e-17
1.645272999999999985e+00 1.405201239684543803e-14 1.669323999999999885e-17
1.645507999999999971e+00 1.400791744857391886e-14 1.709243000000000081e-17
1.645742999999999956e+00 nan 1.851522999999999912e-17
1.645977999999999941e+00 1.519608984238954607e-14 3.974126999999999900e-17
1.646212999999999926e+00 1.396186955093284922e-14 1.787906000000000014e-17
1.646447999999999912e+00 1.363899911767947051e-14 1.732760000000000015e-17
1.646682999999999897e+00 1.372474260923956981e-14 1.766455999999999870e-17
1.646918000000000104e+00 1.373157188032367718e-14 1.915099000000000105e-17
1.647153000000000089e+00 1.368951310485699184e-14 2.108945999999999964e-17
1.647388000000000075e+00 1.368255775486545743e-14 2.152884000000000107e-17
1.647623000000000060e+00 1.360705731251329148e-14 2.158565999999999858e-17
1.647858000000000045e+00 1.359968972764156539e-14 2.261054000000000048e-17
1.648093000000000030e+00 1.374984822652862419e-14 2.449611000000000146e-17
1.648328000000000015e+00 1.393925987199312102e-14 2.592577000000000037e-17
1.648563000000000001e+00 1.401011816470261689e-14 2.629888999999999981e-17
1.648797999999999986e+00 1.387978240202694147e-14 2.672680999999999992e-17
1.649032999999999971e+00 1.344724465976431471e-14 2.686588999999999995e-17
1.649267999999999956e+00 1.303151885230418086e-14 2.651993999999999911e-17
1.649502999999999941e+00 1.328537028457740003e-14 3.163268999999999835e-17
1.649737999999999927e+00 1.323357835071981691e-14 2.788373000000000285e-17
1.649972999999999912e+00 1.357395137556984646e-14 2.780641000000000148e-17
1.650207999999999897e+00 1.385501936883412608e-14 2.841747000000000075e-17
1.650443000000000104e+00 1.395816705591284056e-14 2.833080999999999847e-17
1.650678000000000090e+00 1.355760685031590369e-14 2.743193000000000037e-17
1.650913000000000075e+00 1.345537258445121737e-14 2.719943999999999923e-17
1.651148000000000060e+00 1.367164765468463947e-14 2.682337000000000089e-17
1.651383000000000045e+00 1.362418400632103723e-14 2.664362000000000152e-17
1.651618000000000031e+00 1.348600740698852712e-14 2.569866999999999947e-17
1.651853000000000016e+00 1.350837368608544654e-14 2.502804999999999988e-17
1.652088000000000001e+00 nan 2.375796000000000050e-17
1.652322999999999986e+00 nan 2.268521000000000134e-17
1.652557999999999971e+00 1.394010683725977155e-14 2.082514999999999892e-17
1.652792999999999957e+00 1.388065688188516614e-14 2.041726999999999921e-17
1.653027999999999942e+00 1.386091841501379551e-14 1.998561000000000069e-17
1.653262999999999927e+00 1.385826279825961111e-14 1.940711000000000027e-17
1.653497999999999912e+00 1.400636724396733705e-14 1.957104999999999879e-17
1.653732999999999898e+00 1.416734195829282298e-14 1.926585999999999957e-17
1.653968000000000105e+00 1.404702264582262528e-14 1.805223999999999909e-17
1.654203000000000090e+00 1.378994383383762164e-14 1.841489000000000078e-17
1.654438000000000075e+00 1.360529846842613799e-14 1.639809999999999905e-17
1.654673000000000060e+00 1.331186074802953431e-14 1.591677000000000070e-17
1.654908000000000046e+00 1.314375578193530180e-14 1.570188999999999989e-17
1.655143000000000031e+00 1.281514837544916427e-14 1.480967999999999961e-17
1.655378000000000016e+00 1.310889825083749102e-14 1.480966000000000013e-17
1.655613000000000001e+00 1.389834891894345819e-14 1.495801999999999954e-17
1.655847999999999987e+00 1.402668249140011976e-14 1.723971000000000054e-17
1.656082999999999972e+00 1.406400119373598169e-14 1.818227000000000147e-17
1.656317999999999957e+00 1.427224063389245512e-14 1.520016999999999945e-17
1.656552999999999942e+00 1.422405587799519855e-14 1.490576999999999892e-17
1.656787999999999927e+00 1.424768962807258272e-14 1.485840999999999919e-17
1.657022999999999913e+00 1.458536917310034005e-14 1.464531000000000146e-17
1.657257999999999898e+00 1.438422916120328424e-14 1.430973999999999917e-17
1.657493000000000105e+00 1.394873363658334944e-14 1.403540999999999980e-17
1.657728000000000090e+00 1.371512286441440072e-14 1.376653000000000066e-17
1.657963000000000076e+00 1.380693885919085480e-14 1.370206999999999969e-17
1.658198000000000061e+00 1.412676354452842543e-14 1.392049999999999923e-17
1.658433000000000046e+00 1.412159153861976764e-14 1.377926999999999956e-17
1.658668000000000031e+00 1.384232702346575783e-14 1.333202000000000065e-17
1.658903000000000016e+00 1.397663301907068195e-14 1.310758999999999975e-17
1.659138000000000002e+00 1.394561792832792567e-14 1.286376000000000034e-17
1.659372999999999987e+00 1.400614998099039339e-14 1.275222999999999982e-17
1.659607999999999972e+00 1.403943728157638519e-14 1.282044000000000048e-17
1.659842999999999957e+00 1.382912402089471287e-14 1.227214000000000009e-17
1.660077999999999943e+00 1.401709012268850731e-14 1.221190000000000048e-17
1.660312999999999928e+00 1.375289331638971448e-14 1.188271000000000046e-17
1.660547999999999913e+00 1.378950160868671091e-14 1.179407000000000029e-17
1.660782999999999898e+00 1.352198562554464402e-14 1.154049999999999957e-17
1.661018000000000105e+00 1.311387246838177076e-14 1.143207999999999995e-17
1.661253000000000091e+00 1.387357490450729113e-14 1.205857000000000069e-17
1.661488000000000076e+00 1.391108190197936253e-14 1.160455000000000039e-17
1.661723000000000061e+00 1.407256131962294007e-14 1.176149000000000042e-17
1.661958000000000046e+00 1.404477769808421878e-14 1.169841000000000060e-17
1.662193000000000032e+00 1.375981167660671514e-14 1.152191999999999978e-17
1.662428000000000017e+00 1.355815515562055062e-14 1.141974999999999965e-17
1.662663000000000002e+00 1.412125823693529564e-14 1.175040000000000028e-17
1.662897999999999987e+00 1.473839610671906965e-14 1.205669999999999995e-17
1.663132999999999972e+00 1.455708801749194337e-14 1.177127000000000069e-17
1.663367999999999958e+00 1.432062157643916794e-14 1.161909000000000032e-17
1.663602999999999943e+00 1.411177967039230287e-14 1.182577999999999964e-17
1.663837999999999928e+00 1.422405133996025504e-14 1.179081000000000020e-17
1.664072999999999913e+00 1.419198643537689441e-14 1.204593000000000074e-17
1.664307999999999899e+00 1.439547056337299440e-14 1.373150999999999944e-17
1.664543000000000106e+00 1.488344593421771586e-14 1.446067999999999939e-17
1.664778000000000091e+00 1.468297558629861672e-14 1.437001000000000108e-17
1.665013000000000076e+00 1.445431475267796694e-14 1.428875999999999853e-17
1.665248000000000062e+00 1.426816219076485735e-14 1.413164999999999984e-17
1.665483000000000047e+00 1.412720092878335985e-14 1.402483000000000028e-17
1.665718000000000032e+00 1.437655244831389031e-14 1.413738000000000050e-17
1.665953000000000017e+00 1.423703916226824732e-14 1.531206000000000140e-17
1.666188000000000002e+00 1.375405123138165447e-14 1.561466999999999982e-17
1.666422999999999988e+00 1.368764496715517744e-14 1.609915999999999931e-17
1.666657999999999973e+00 1.382764123689997521e-14 1.554220999999999859e-17
1.666892999999999958e+00 1.375203265580866985e-14 1.589543000000000017e-17
1.667127999999999943e+00 1.363127433018832036e-14 1.527882999999999992e-17
1.667362999999999928e+00 1.347238549988457507e-14 1.500352999999999954e-17
1.667597999999999914e+00 1.325796193702375346e-14 1.528526999999999909e-17
1.667832999999999899e+00 1.299895014635619735e-14 1.455248999999999890e-17
1.668068000000000106e+00 1.312061198366467746e-14 1.460764000000000126e-17
1.668303000000000091e+00 1.358008091204723625e-14 1.491536000000000104e-17
1.668538000000000077e+00 1.398859382507530040e-14 1.520889999999999925e-17
1.668773000000000062e+00 1.417375088931281168e-14 1.537306000000000131e-17
1.669008000000000047e+00 1.432150247193725784e-14 1.554607000000000005e-17
1.669243000000000032e+00 1.415196600616920094e-14 1.562651999999999872e-17
1.669478000000000018e+00 1.398561228237456132e-14 1.561682999999999920e-17
1.669713000000000003e+00 1.393237447758347490e-14 1.530092999999999921e-17
1.669947999999999988e+00 1.364427457740875710e-14 1.499770000000000148e-17
1.670182999999999973e+00 1.360115230687081215e-14 1.499288999999999850e-17
1.670417999999999958e+00 1.394008171116646140e-14 1.521344999999999973e-17
1.670652999999999944e+00 1.428650894684793634e-14 1.552984999999999907e-17
1.670887999999999929e+00 1.437362768269649662e-14 1.548026000000000024e-17
1.671122999999999914e+00 1.416375050972294235e-14 1.445653000000000084e-17
1.671357999999999899e+00 1.415379615278574678e-14 1.433953999999999881e-17
1.671593000000000107e+00 1.427262053166361800e-14 1.446144000000000122e-17
1.671828000000000092e+00 1.414857862649107125e-14 1.476250999999999957e-17
1.672063000000000077e+00 1.388898086405742104e-14 1.470063000000000095e-17
1.672298000000000062e+00 1.354973987028256286e-14 1.440060000000000024e-17
1.672533000000000047e+00 1.362475216894648491e-14 1.464105999999999935e-17
1.672768000000000033e+00 1.386828293798675762e-14 1.449466000000000142e-17
1.673003000000000018e+00 1.383952956758670603e-14 1.433869000000000085e-17
1.673238000000000003e+00 1.386689722766100087e-14 1.419973000000000079e-17
1.673472999999999988e+00 1.403649895744361281e-14 1.426756000000000052e-17
1.673707999999999974e+00 1.416600378180444314e-14 1.484757000000000026e-17
1.673942999999999959e+00 1.414049520646337977e-14 1.481255000000000058e-17
1.674177999999999944e+00 1.395814128965176979e-14 1.468588000000000031e-17
1.674412999999999929e+00 1.371799907385417818e-14 1.502254000000000049e-17
1.674647999999999914e+00 1.374200350048454264e-14 1.523075000000000040e-17
1.674882999999999900e+00 1.441070132296397624e-14 1.585707999999999913e-17
1.675118000000000107e+00 1.469877304798648131e-14 1.688641000000000104e-17
1.675353000000000092e+00 1.410627691617481257e-14 1.658179000000000088e-17
1.675588000000000077e+00 1.388582385928724108e-14 1.545927000000000140e-17
1.675823000000000063e+00 1.419149774519947607e-14 1.377233999999999924e-17
1.676058000000000048e+00 nan 1.541589000000000002e-17
1.676293000000000033e+00 1.412479168317709410e-14 1.721724000000000007e-17
1.676528000000000018e+00 1.368104379152615521e-14 1.624085999999999911e-17
1.676763000000000003e+00 1.372868111241246549e-14 1.440027999999999931e-17
1.676997999999999989e+00 1.370480581078188767e-14 1.329383999999999982e-17
1.677232999999999974e+00 1.388355302741947900e-14 1.294676000000000059e-17
1.677467999999999959e+00 1.401037384106869098e-14 1.319665999999999954e-17
1.677702999999999944e+00 1.396735648941730047e-14 1.310318999999999999e-17
1.677937999999999930e+00 1.419809352786575229e-14 1.270034000000000063e-17
1.678172999999999915e+00 1.438982159304288392e-14 1.198990999999999940e-17
1.678407999999999900e+00 1.407989584628173078e-14 1.263492999999999968e-17
1.678643000000000107e+00 1.392464973242480343e-14 1.318123999999999936e-17
1.678878000000000092e+00 1.414937249024063822e-14 1.693115000000000100e-17
1.679113000000000078e+00 1.434266808991902141e-14 1.994804999999999918e-17
1.679348000000000063e+00 1.428195840778638308e-14 2.325158999999999909e-17
1.679583000000000048e+00 1.426803143178270079e-14 2.461219000000000092e-17
1.679818000000000033e+00 1.423442257585178933e-14 2.505991999999999969e-17
1.680053000000000019e+00 1.390671830730803267e-14 3.236563000000000055e-17
1.680288000000000004e+00 1.400894964875611135e-14 3.681352999999999982e-17
1.680522999999999989e+00 1.444336610482980026e-14 3.789642000000000069e-17
1.680757999999999974e+00 1.450485702751572489e-14 3.788625000000000130e-17
1.680992999999999959e+00 1.413359758881069238e-14 3.690921999999999719e-17
1.681227999999999945e+00 1.392458193334101605e-14 3.638955999999999729e-17
1.681462999999999930e+00 1.386737038285953113e-14 3.612244000000000021e-17
1.681697999999999915e+00 1.377316896258460012e-14 3.625519999999999795e-17
1.681932999999999900e+00 1.390197003130805263e-14 3.380709999999999940e-17
1.682168000000000108e+00 1.418955365516299102e-14 3.022325999999999952e-17
1.682403000000000093e+00 1.427417712659640527e-14 2.751002999999999998e-17
1.682638000000000078e+00 1.416093646507643506e-14 2.626371000000000121e-17
1.682873000000000063e+00 1.409688122727459856e-14 2.120791000000000073e-17
1.683108000000000049e+00 1.418646939300847298e-14 1.754623999999999886e-17
1.683343000000000034e+00 1.435364384746965801e-14 1.654099999999999850e-17
1.683578000000000019e+00 1.440522684222197165e-14 1.562878999999999987e-17
1.683813000000000004e+00 1.440873977421985044e-14 1.536408999999999849e-17
1.684047999999999989e+00 1.434620690743785849e-14 1.538236000000000017e-17
1.684282999999999975e+00 1.417986378397717492e-14 1.514502000000000017e-17
1.684517999999999960e+00 1.372255786757343296e-14 1.329660000000000057e-17
1.684752999999999945e+00 1.341603486344232267e-14 1.219131000000000050e-17
1.684987999999999930e+00 1.364009329097545623e-14 1.219707000000000038e-17
1.685222999999999915e+00 1.386962055763644556e-14 1.211848999999999937e-17
1.685457999999999901e+00 1.386339003852413811e-14 1.196229999999999990e-17
1.685693000000000108e+00 1.402545503354037366e-14 1.192748999999999939e-17
1.685928000000000093e+00 1.421769518249944893e-14 1.193626999999999943e-17
1.686163000000000078e+00 1.438589780375233929e-14 1.190343000000000015e-17
1.686398000000000064e+00 1.425876940822561800e-14 1.205971000000000037e-17
1.686633000000000049e+00 1.382283381678260943e-14 1.193840999999999932e-17
1.686868000000000034e+00 1.335760221766640779e-14 1.177835000000000019e-17
1.687103000000000019e+00 1.340420786158057880e-14 1.208261000000000045e-17
1.687338000000000005e+00 1.342337887279680558e-14 1.316668999999999969e-17
1.687572999999999990e+00 1.356885994672344352e-14 1.507779000000000026e-17
1.687807999999999975e+00 1.395302489426212355e-14 1.644915000000000002e-17
1.688042999999999960e+00 1.371810022567063684e-14 1.749728000000000062e-17
1.688277999999999945e+00 1.354365422453925546e-14 1.957453999999999907e-17
1.688512999999999931e+00 1.344321439519564241e-14 2.088990999999999980e-17
1.688747999999999916e+00 1.339737695564526272e-14 2.084944999999999963e-17
1.688982999999999901e+00 1.333918631801078270e-14 2.061498999999999880e-17
1.689218000000000108e+00 1.322436854910909542e-14 1.852715999999999903e-17
1.689453000000000094e+00 1.301841398049743137e-14 1.867660999999999942e-17
1.689688000000000079e+00 1.324308644622564160e-14 2.113548999999999846e-17
1.689923000000000064e+00 1.376454278340859275e-14 1.937436999999999993e-17
1.690158000000000049e+00 1.416496959571169174e-14 1.742613999999999901e-17
1.690393000000000034e+00 1.405930588032968630e-14 1.716539999999999958e-17
1.690628000000000020e+00 1.406738653856912054e-14 1.670615000000000104e-17
1.690863000000000005e+00 1.400477160547343042e-14 1.559659999999999912e-17
1.691097999999999990e+00 1.389977024822742620e-14 1.418583999999999939e-17
1.691332999999999975e+00 1.427698805312630749e-14 1.345066999999999963e-17
1.691567999999999961e+00 1.460718830638692882e-14 1.286550999999999958e-17
1.691802999999999946e+00 1.428080949409778956e-14 1.235800000000000003e-17
1.692037999999999931e+00 1.379840346951580714e-14 1.188705999999999998e-17
1.692272999999999916e+00 1.348344003009702244e-14 1.167286999999999973e-17
1.692507999999999901e+00 1.318953745377181043e-14 1.173083999999999974e-17
1.692743000000000109e+00 1.335488880149579681e-14 1.188075000000000051e-17
1.692978000000000094e+00 1.398809148206618942e-14 1.229606999999999962e-17
1.693213000000000079e+00 1.428718361724000654e-14 1.205414000000000017e-17
1.693448000000000064e+00 1.413733019397726124e-14 1.155589000000000053e-17
1.693683000000000050e+00 1.404263463579498160e-14 1.191856999999999990e-17
1.693918000000000035e+00 1.380171251985597720e-14 1.224531000000000036e-17
1.694153000000000020e+00 1.355808109001602908e-14 1.209679000000000048e-17
1.694388000000000005e+00 1.341797135513662237e-14 1.208471999999999959e-17
1.694622999999999990e+00 1.330355634372572166e-14 1.171314000000000021e-17
1.694857999999999976e+00 1.351167215745044033e-14 1.162871999999999986e-17
1.695092999999999961e+00 1.384719133863370223e-14 1.175277000000000036e-17
1.695327999999999946e+00 1.381737025541174189e-14 1.202115000000000016e-17
1.695562999999999931e+00 1.371454200828105338e-14 1.297189999999999952e-17
1.695797999999999917e+00 1.354991318453821378e-14 1.332581999999999986e-17
1.696032999999999902e+00 1.400969940625939568e-14 1.309322999999999978e-17
1.696268000000000109e+00 1.398629712811041448e-14 1.243221000000000050e-17
1.696503000000000094e+00 1.369064018493953254e-14 1.435163000000000072e-17
1.696738000000000079e+00 1.341137951140139947e-14 1.190400000000000075e-17
1.696973000000000065e+00 1.344531590033211328e-14 1.143842000000000018e-17
1.697208000000000050e+00 1.325433175703823892e-14 1.106699999999999974e-17
1.697443000000000035e+00 1.322252048110682712e-14 1.128776000000000040e-17
1.697678000000000020e+00 1.319606457550655842e-14 1.132805000000000036e-17
1.697913000000000006e+00 1.325098935987749671e-14 1.191668999999999941e-17
1.698147999999999991e+00 1.390617096501457651e-14 1.246724999999999966e-17
1.698382999999999976e+00 1.415759075886475937e-14 1.280000999999999942e-17
1.698617999999999961e+00 1.372746874518907499e-14 1.261806999999999991e-17
1.698852999999999946e+00 1.377167503847115510e-14 1.265958000000000055e-17
1.699087999999999932e+00 1.399649545142033161e-14 1.350576000000000046e-17
1.699322999999999917e+00 1.369574505432238529e-14 1.270025999999999963e-17
1.699557999999999902e+00 1.335669398415076972e-14 1.252453000000000064e-17
1.699793000000000109e+00 1.361342769036478312e-14 1.316883999999999933e-17
1.700028000000000095e+00 1.368948557942270283e-14 1.337100000000000073e-17
1.700263000000000080e+00 1.357728082356311694e-14 1.336167999999999930e-17
1.700498000000000065e+00 1.368471869867956584e-14 1.408682000000000067e-17
1.700733000000000050e+00 nan 1.557987000000000059e-17
1.700968000000000035e+00 1.256672014179329934e-14 1.599516999999999868e-17
1.701203000000000021e+00 1.238185341524151924e-14 1.708704999999999876e-17
1.701438000000000006e+00 1.306023614331624670e-14 1.981495999999999922e-17
1.701672999999999991e+00 1.335748827013965713e-14 2.069879999999999959e-17
1.701907999999999976e+00 1.375465689179915261e-14 1.921252999999999926e-17
1.702142999999999962e+00 1.406004404260588412e-14 1.816093000000000094e-17
1.702377999999999947e+00 1.404764788915925708e-14 1.796035999999999986e-17
1.702612999999999932e+00 1.357502659555091111e-14 1.705282999999999988e-17
1.702847999999999917e+00 1.355268337495684314e-14 1.702460000000000107e-17
1.703082999999999902e+00 1.381670581469982147e-14 1.749909000000000139e-17
1.703318000000000110e+00 1.377480667025289154e-14 1.785083000000000133e-17
1.703553000000000095e+00 1.335776807155147529e-14 1.738185000000000123e-17
1.703788000000000080e+00 1.308721133255381380e-14 1.698221000000000017e-17
1.704023000000000065e+00 1.294969866408288532e-14 1.664299999999999996e-17
1.704258000000000051e+00 1.302329348620725263e-14 1.631450000000000051e-17
1.704493000000000036e+00 1.311549502494688396e-14 1.551163000000000071e-17
1.704728000000000021e+00 1.341547011876741216e-14 1.541330000000000102e-17
1.704963000000000006e+00 1.355243437264307690e-14 1.525048000000000115e-17
1.705197999999999992e+00 1.327563184774548325e-14 1.507068999999999973e-17
1.705432999999999977e+00 1.277274073332744135e-14 1.491589000000000114e-17
1.705667999999999962e+00 1.288358091008792962e-14 1.487399999999999959e-17
1.705902999999999947e+00 1.344778118804314923e-14 1.420789999999999972e-17
1.706137999999999932e+00 1.379174901545417434e-14 1.261296999999999984e-17
1.706372999999999918e+00 1.363608030767101877e-14 1.270891999999999970e-17
1.706607999999999903e+00 1.317442306747698089e-14 1.231243000000000005e-17
1.706843000000000110e+00 1.306395448739444882e-14 1.235179999999999925e-17
1.707078000000000095e+00 1.324787454338418451e-14 1.214002999999999933e-17
1.707313000000000081e+00 1.289124720303484128e-14 1.165964999999999943e-17
1.707548000000000066e+00 1.258360448074585022e-14 1.165323999999999948e-17
1.707783000000000051e+00 1.300058655126500939e-14 1.173573000000000065e-17
1.708018000000000036e+00 1.337282729545236963e-14 1.186945999999999939e-17
1.708253000000000021e+00 1.267084189857357488e-14 1.160749999999999929e-17
1.708488000000000007e+00 1.228340494338661918e-14 1.130416999999999953e-17
1.708722999999999992e+00 1.235812956200413070e-14 1.139851999999999934e-17
1.708957999999999977e+00 1.302411003165054090e-14 1.177558999999999945e-17
1.709192999999999962e+00 1.335999623380308269e-14 1.202045999999999959e-17
1.709427999999999948e+00 1.343215889255296563e-14 1.202382000000000017e-17
1.709662999999999933e+00 1.353912862166799493e-14 1.215323000000000016e-17
1.709897999999999918e+00 1.354862122565609821e-14 1.252989000000000012e-17
1.710132999999999903e+00 1.360362572347766068e-14 1.341147000000000064e-17
1.710368000000000110e+00 1.355626594443771930e-14 1.481931000000000069e-17
1.710603000000000096e+00 1.318530033982056948e-14 1.462515000000000110e-17
1.710838000000000081e+00 1.274016263853256434e-14 1.404988000000000154e-17
1.711073000000000066e+00 1.253110077520409517e-14 1.399867999999999984e-17
1.711308000000000051e+00 1.271365658453410093e-14 1.426927000000000080e-17
1.711543000000000037e+00 1.277029629357276754e-14 1.576146999999999969e-17
1.711778000000000022e+00 1.286990724071756427e-14 1.583085000000000078e-17
1.712013000000000007e+00 1.304664201047405863e-14 1.628196000000000115e-17
1.712247999999999992e+00 1.261638312018209310e-14 1.549624999999999949e-17
1.712482999999999977e+00 1.274149979528196896e-14 1.518582000000000075e-17
1.712717999999999963e+00 1.327497807908968583e-14 1.522060000000000050e-17
1.712952999999999948e+00 1.342888943732420164e-14 1.472119000000000017e-17
1.713187999999999933e+00 1.339490278059332702e-14 1.441056999999999866e-17
1.713422999999999918e+00 1.333606990222646425e-14 1.339863999999999945e-17
1.713657999999999904e+00 1.301477486561475987e-14 1.253535000000000009e-17
1.713893000000000111e+00 1.248810455568681415e-14 1.183188999999999968e-17
1.714128000000000096e+00 1.236830273769094865e-14 1.153539999999999949e-17
1.714363000000000081e+00 1.217076175185053699e-14 1.165047000000000053e-17
1.714598000000000066e+00 1.186811505426201132e-14 1.137462000000000057e-17
1.714833000000000052e+00 1.249568274494355290e-14 1.218699000000000020e-17
1.715068000000000037e+00 1.263499634778860701e-14 1.173775000000000058e-17
1.715303000000000022e+00 1.298996324455210960e-14 1.180025999999999979e-17
1.715538000000000007e+00 1.312819533623411833e-14 1.188651000000000039e-17
1.715772999999999993e+00 1.281443832017517320e-14 1.159024000000000066e-17
1.716007999999999978e+00 1.226471075499159816e-14 1.159204000000000014e-17
1.716242999999999963e+00 1.240679027128644571e-14 1.133505000000000040e-17
1.716477999999999948e+00 1.326781330703241959e-14 1.197029000000000042e-17
1.716712999999999933e+00 1.318530704085709837e-14 1.188385999999999987e-17
1.716947999999999919e+00 1.268949124401401380e-14 1.152903999999999978e-17
1.717182999999999904e+00 1.285036905335080973e-14 1.183288999999999990e-17
1.717417999999999889e+00 1.232045830160236833e-14 1.149337000000000003e-17
1.717653000000000096e+00 1.189305815169416435e-14 1.132478000000000053e-17
1.717888000000000082e+00 1.223719320364193629e-14 1.161369000000000033e-17
1.718123000000000067e+00 1.227776327512611711e-14 1.169037999999999957e-17
1.718358000000000052e+00 1.176825280423594065e-14 1.140236999999999952e-17
1.718593000000000037e+00 1.165116511992678863e-14 1.136413000000000025e-17
1.718828000000000022e+00 1.170035213066859877e-14 1.153550999999999972e-17
1.719063000000000008e+00 1.179002591952197352e-14 1.206635000000000051e-17
1.719297999999999993e+00 1.156251038720115714e-14 1.130128000000000062e-17
1.719532999999999978e+00 1.135829586743501161e-14 1.124866000000000036e-17
1.719767999999999963e+00 1.201531108385937319e-14 1.183223000000000009e-17
1.720002999999999949e+00 1.219239173911148682e-14 1.164168000000000075e-17
1.720237999999999934e+00 1.227327040206446701e-14 1.175476999999999928e-17
1.720472999999999919e+00 1.310682463630507591e-14 1.262914000000000058e-17
1.720707999999999904e+00 1.322747880851658212e-14 1.264899999999999949e-17
1.720942999999999889e+00 1.232252218680050649e-14 1.209544999999999984e-17
1.721178000000000097e+00 1.165000161864548252e-14 1.226998000000000071e-17
1.721413000000000082e+00 1.178386076461953042e-14 1.233308000000000001e-17
1.721648000000000067e+00 1.196625218523508089e-14 1.198330000000000002e-17
1.721883000000000052e+00 1.286589826115788510e-14 1.253807000000000034e-17
1.722118000000000038e+00 1.338840757750487694e-14 1.397899999999999934e-17
1.722353000000000023e+00 1.274859897417333679e-14 1.643215000000000081e-17
1.722588000000000008e+00 1.217834369817515324e-14 1.735252000000000017e-17
1.722822999999999993e+00 1.211335162833065910e-14 1.867044000000000093e-17
1.723057999999999979e+00 1.201124357596515717e-14 1.858435999999999900e-17
1.723292999999999964e+00 1.192333334764742490e-14 1.860845999999999874e-17
1.723527999999999949e+00 1.129636575537765943e-14 1.750151000000000018e-17
1.723762999999999934e+00 1.109602963714371121e-14 1.591211999999999973e-17
1.723997999999999919e+00 1.190914222492624513e-14 1.600928999999999873e-17
1.724232999999999905e+00 1.250309927870981415e-14 1.653450000000000088e-17
1.724467999999999890e+00 1.254888919858597671e-14 1.611902999999999950e-17
1.724703000000000097e+00 1.243270128599758011e-14 1.451938000000000047e-17
1.724938000000000082e+00 1.220311463731860376e-14 1.375712000000000003e-17
1.725173000000000068e+00 1.241926139007256369e-14 1.456145999999999863e-17
1.725408000000000053e+00 1.254316226170554062e-14 1.428084000000000081e-17
1.725643000000000038e+00 1.241272280316294072e-14 1.378759000000000076e-17
1.725878000000000023e+00 1.230673753635560986e-14 1.385014000000000048e-17
1.726113000000000008e+00 1.182931634721326224e-14 1.336677999999999937e-17
1.726347999999999994e+00 1.154715122054279041e-14 1.328325000000000056e-17
1.726582999999999979e+00 1.128086529449555648e-14 1.305044000000000002e-17
1.726817999999999964e+00 1.114979738027814953e-14 1.360830000000000023e-17
1.727052999999999949e+00 1.110556897394165446e-14 1.370581999999999938e-17
1.727287999999999935e+00 1.117174474919632380e-14 1.403768999999999914e-17
1.727522999999999920e+00 1.184889563933708992e-14 1.416221999999999951e-17
1.727757999999999905e+00 1.241801413686453197e-14 1.437530000000000085e-17
1.727992999999999890e+00 1.256319121783130019e-14 1.403325000000000042e-17
1.728228000000000097e+00 1.250074785303251369e-14 1.397304000000000003e-17
1.728463000000000083e+00 1.231041220936578422e-14 1.351210000000000069e-17
1.728698000000000068e+00 1.248527375807976697e-14 1.364873999999999937e-17
1.728933000000000053e+00 1.207423482943436039e-14 1.333255000000000075e-17
1.729168000000000038e+00 1.159700545365580104e-14 1.304848999999999981e-17
1.729403000000000024e+00 1.133913311526929931e-14 1.276527000000000018e-17
1.729638000000000009e+00 1.123260624809911737e-14 1.264756999999999964e-17
1.729872999999999994e+00 1.159161023790508499e-14 1.288317000000000014e-17
1.730107999999999979e+00 1.191571723452721987e-14 1.276503000000000025e-17
1.730342999999999964e+00 1.228706642804123801e-14 1.287136000000000020e-17
1.730577999999999950e+00 1.273682354425756150e-14 1.293845000000000067e-17
1.730812999999999935e+00 1.301236796978767102e-14 1.308710000000000026e-17
1.731047999999999920e+00 1.253113716544940070e-14 1.300338000000000021e-17
1.731282999999999905e+00 1.161959475434206779e-14 1.237058000000000001e-17
1.731517999999999891e+00 1.149027076909216024e-14 1.242340999999999944e-17
1.731753000000000098e+00 1.091861385737238581e-14 1.201247000000000061e-17
1.731988000000000083e+00 1.032064856531419821e-14 1.168913999999999942e-17
1.732223000000000068e+00 1.089221373564281244e-14 1.216075000000000056e-17
1.732458000000000053e+00 1.163104972525431099e-14 1.434961999999999899e-17
1.732693000000000039e+00 1.190466358557638813e-14 1.406537000000000145e-17
1.732928000000000024e+00 1.187751466125133687e-14 1.413724000000000105e-17
1.733163000000000009e+00 1.200740213451426584e-14 1.429325999999999878e-17
1.733397999999999994e+00 1.204822071542989985e-14 1.424139999999999881e-17
1.733632999999999980e+00 1.193200355030852032e-14 1.403326999999999990e-17
1.733867999999999965e+00 1.191785620579323262e-14 1.455195000000000060e-17
1.734102999999999950e+00 1.153907895678353555e-14 1.619178999999999910e-17
1.734337999999999935e+00 1.095298423390674762e-14 1.627510999999999875e-17
1.734572999999999920e+00 1.079670900362285756e-14 2.134478999999999934e-17
1.734807999999999906e+00 1.106300777265271231e-14 2.570626000000000114e-17
1.735042999999999891e+00 1.101989513935820322e-14 2.653913999999999975e-17
1.735278000000000098e+00 1.100950238196376183e-14 2.787077000000000042e-17
1.735513000000000083e+00 1.092581236818738885e-14 2.812386000000000282e-17
1.735748000000000069e+00 1.117850537173476067e-14 2.883718999999999809e-17
1.735983000000000054e+00 1.142292236259719142e-14 2.924172999999999825e-17
1.736218000000000039e+00 1.163791520826801611e-14 2.950882999999999893e-17
1.736453000000000024e+00 1.179010661874408534e-14 2.977030000000000251e-17
1.736688000000000009e+00 1.170156183924660908e-14 2.946175000000000118e-17
1.736922999999999995e+00 1.141708024350293733e-14 2.879452999999999958e-17
1.737157999999999980e+00 1.107682964826536097e-14 2.789055000000000140e-17
1.737392999999999965e+00 1.145944941314993321e-14 2.875211999999999920e-17
1.737627999999999950e+00 1.230579124806506353e-14 2.987098000000000127e-17
1.737862999999999936e+00 1.187857084764153221e-14 1.617641999999999916e-17
1.738097999999999921e+00 1.118121940450140519e-14 1.146352999999999989e-17
1.738332999999999906e+00 1.141204803006104766e-14 1.075281000000000002e-17
1.738567999999999891e+00 1.171940622385048288e-14 1.094943000000000045e-17
1.738803000000000099e+00 1.209873894111634077e-14 1.109333999999999986e-17
1.739038000000000084e+00 1.185026200264214587e-14 1.095821000000000049e-17
1.739273000000000069e+00 1.183148435787254422e-14 1.111504000000000029e-17
1.739508000000000054e+00 1.166158193376133939e-14 1.099436999999999984e-17
1.739743000000000039e+00 1.150095776453940328e-14 1.081114999999999967e-17
1.739978000000000025e+00 1.118133975814215172e-14 1.075792999999999958e-17
1.740213000000000010e+00 1.121920804721917764e-14 1.089443000000000035e-17
1.740447999999999995e+00 1.087458161937457746e-14 1.120502999999999930e-17
1.740682999999999980e+00 1.043749741571359033e-14 1.106254999999999973e-17
1.740917999999999966e+00 1.066377496449997738e-14 1.163452000000000024e-17
1.741152999999999951e+00 1.112338657736258093e-14 1.232635000000000067e-17
1.741387999999999936e+00 1.158674820853961919e-14 1.289148999999999980e-17
1.741622999999999921e+00 1.182382892555643850e-14 1.332990999999999997e-17
1.741857999999999906e+00 1.207786432391725942e-14 1.377040000000000031e-17
1.742092999999999892e+00 1.239352367997310261e-14 1.442942999999999888e-17
1.742328000000000099e+00 1.183813589225336014e-14 1.397795999999999861e-17
1.742563000000000084e+00 1.087991252714617741e-14 1.358670000000000028e-17
1.742798000000000069e+00 1.076642443333162261e-14 1.337992000000000022e-17
1.743033000000000055e+00 1.126782262327304983e-14 1.415143999999999902e-17
1.743268000000000040e+00 1.137028443552858397e-14 1.402864999999999969e-17
1.743503000000000025e+00 1.154427596324471176e-14 1.416074999999999916e-17
1.743738000000000010e+00 1.109690280731964669e-14 1.401858000000000079e-17
1.743972999999999995e+00 1.064586633701166575e-14 1.374815000000000030e-17
1.744207999999999981e+00 1.113096540099230216e-14 1.443397000000000117e-17
1.744442999999999966e+00 1.170241724794062679e-14 1.527158999999999995e-17
1.744677999999999951e+00 nan 1.579022000000000040e-17
1.744912999999999936e+00 1.177625724919811015e-14 1.972908000000000133e-17
1.745147999999999922e+00 1.119885456163210756e-14 1.851466000000000006e-17
1.745382999999999907e+00 1.201985338542444271e-14 2.034185999999999909e-17
1.745617999999999892e+00 1.143527889980027867e-14 1.687645999999999902e-17
1.745853000000000099e+00 1.134964632528502650e-14 1.598391000000000141e-17
1.746088000000000084e+00 1.183905159667498626e-14 1.697512999999999913e-17
1.746323000000000070e+00 1.204650639437533896e-14 1.674841000000000069e-17
1.746558000000000055e+00 1.142752279851601325e-14 1.608101999999999888e-17
1.746793000000000040e+00 1.113052007161292872e-14 1.576737000000000056e-17
1.747028000000000025e+00 1.096215715586374624e-14 1.558742000000000022e-17
1.747263000000000011e+00 1.056112540146790186e-14 1.478696999999999921e-17
1.747497999999999996e+00 1.046200539424893797e-14 1.485162000000000141e-17
1.747732999999999981e+00 1.083318522620519457e-14 1.530434999999999977e-17
1.747967999999999966e+00 1.079684206314374260e-14 1.542708999999999885e-17
1.748202999999999951e+00 1.025799346072598577e-14 1.480702999999999909e-17
1.748437999999999937e+00 1.051882595247110099e-14 1.501646000000000122e-17
1.748672999999999922e+00 1.155634551707115839e-14 1.663529000000000141e-17
1.748907999999999907e+00 1.189096991127489156e-14 1.657678000000000001e-17
1.749142999999999892e+00 1.139941513551161835e-14 1.609607999999999917e-17
1.749378000000000100e+00 nan 1.615086000000000036e-17
1.749613000000000085e+00 nan 1.672174999999999963e-17
1.749848000000000070e+00 1.132496758011427552e-14 1.729285000000000116e-17
1.750083000000000055e+00 1.134760213970338322e-14 1.771131999999999860e-17
1.750318000000000040e+00 1.063172537901196566e-14 1.690231999999999928e-17
1.750553000000000026e+00 9.641992702630710526e-15 1.588466000000000096e-17
1.750788000000000011e+00 9.349859179096539090e-15 1.540962000000000106e-17
1.751022999999999996e+00 1.027219029753308061e-14 1.708439000000000004e-17
1.751257999999999981e+00 1.084062277102320241e-14 1.747855999999999985e-17
1.751492999999999967e+00 1.095691661625626137e-14 1.724900000000000120e-17
1.751727999999999952e+00 1.083662769904440462e-14 1.704933000000000140e-17
1.751962999999999937e+00 1.044416306908611010e-14 1.630650999999999999e-17
1.752197999999999922e+00 1.036884909098190446e-14 1.501802999999999897e-17
1.752432999999999907e+00 1.084875557395104851e-14 1.503392999999999901e-17
1.752667999999999893e+00 1.138872937689689502e-14 1.492419000000000132e-17
1.752903000000000100e+00 1.192559958872655726e-14 1.473495999999999851e-17
1.753138000000000085e+00 1.162358793611600979e-14 1.308586999999999984e-17
1.753373000000000070e+00 1.097893490844680408e-14 1.213735999999999933e-17
1.753608000000000056e+00 1.047022837065381584e-14 1.180262000000000014e-17
1.753843000000000041e+00 1.065884150211452666e-14 1.129832000000000044e-17
1.754078000000000026e+00 1.063530500952804243e-14 1.098394999999999924e-17
1.754313000000000011e+00 nan nan
1.754547999999999996e+00 1.011078966561766983e-14 1.050518000000000067e-17
1.754782999999999982e+00 1.070919145583474156e-14 1.075027999999999947e-17
1.755017999999999967e+00 1.124184811370034277e-14 1.082898000000000044e-17
1.755252999999999952e+00 1.112434953080706021e-14 1.070007999999999954e-17
1.755487999999999937e+00 1.087914422045905033e-14 1.066694000000000034e-17
1.755722999999999923e+00 1.046428375129876859e-14 1.030568999999999928e-17
1.755957999999999908e+00 9.961276455485696008e-15 1.005415999999999951e-17
1.756192999999999893e+00 9.819981132300414312e-15 1.032488000000000018e-17
1.756428000000000100e+00 9.915294576304574978e-15 1.073904000000000014e-17
1.756663000000000086e+00 9.921373424717253225e-15 1.056008000000000028e-17
1.756898000000000071e+00 9.864907273865816115e-15 1.021397000000000051e-17
1.757133000000000056e+00 1.031291194177569930e-14 1.037613000000000058e-17
1.757368000000000041e+00 1.108211234506323441e-14 1.075999000000000001e-17
1.757603000000000026e+00 1.110004081449898287e-14 1.073145000000000001e-17
1.757838000000000012e+00 1.054984081905030309e-14 1.037644999999999997e-17
1.758072999999999997e+00 1.030658214729852763e-14 1.028585999999999959e-17
1.758307999999999982e+00 1.034069012958575532e-14 1.022374999999999924e-17
1.758542999999999967e+00 1.034698714405151018e-14 1.043631999999999995e-17
1.758777999999999953e+00 1.005742067989616452e-14 1.008501999999999936e-17
1.759012999999999938e+00 1.010989298643474880e-14 1.009133000000000037e-17
1.759247999999999923e+00 1.051179386117203556e-14 1.022467999999999974e-17
1.759482999999999908e+00 1.079320744076239993e-14 1.031313000000000022e-17
1.759717999999999893e+00 1.081462858612753529e-14 1.037762000000000041e-17
1.759953000000000101e+00 1.068411052843216565e-14 1.035136999999999949e-17
1.760188000000000086e+00 1.091468939491818879e-14 1.071673999999999988e-17
1.760423000000000071e+00 1.126640371555509651e-14 1.132509000000000019e-17
1.760658000000000056e+00 1.037930920022682155e-14 1.072824000000000016e-17
1.760893000000000042e+00 9.521485906076689405e-15 1.013567999999999967e-17
1.761128000000000027e+00 9.740837523429087228e-15 1.099582000000000071e-17
1.761363000000000012e+00 1.043180458263350602e-14 1.172334000000000036e-17
1.761597999999999997e+00 1.092099673782020965e-14 1.223232999999999999e-17
1.761832999999999982e+00 1.127042453285078377e-14 1.298243000000000034e-17
1.762067999999999968e+00 1.032029667473934921e-14 1.185530000000000039e-17
1.762302999999999953e+00 9.788812243613976312e-15 1.162673000000000069e-17
1.762537999999999938e+00 9.808609002818567701e-15 1.197240999999999930e-17
1.762772999999999923e+00 9.629354423355834962e-15 1.174430999999999972e-17
1.763007999999999909e+00 9.623472927383268334e-15 1.164200999999999988e-17
1.763242999999999894e+00 9.650307712799836206e-15 1.145799000000000046e-17
1.763478000000000101e+00 1.021144969746485423e-14 1.104444000000000007e-17
1.763713000000000086e+00 1.132830077791656683e-14 1.168402999999999960e-17
1.763948000000000071e+00 1.125201857869556685e-14 1.158664000000000016e-17
1.764183000000000057e+00 1.035951609733281540e-14 1.091508000000000032e-17
1.764418000000000042e+00 9.677406253894971818e-15 1.056533999999999928e-17
1.764653000000000027e+00 9.741530201894609124e-15 1.032067999999999984e-17
1.764888000000000012e+00 1.047484175970913684e-14 1.055649999999999926e-17
1.765122999999999998e+00 1.088307074829503593e-14 1.057662000000000066e-17
1.765357999999999983e+00 1.077268311446410942e-14 1.060803999999999983e-17
1.765592999999999968e+00 nan 2.722569000000000015e-17
1.765827999999999953e+00 nan 4.517842000000000246e-17
1.766062999999999938e+00 1.121913050244542192e-14 1.079371999999999929e-17
1.766297999999999924e+00 1.162766820327485685e-14 1.094056999999999940e-17
1.766532999999999909e+00 1.140303598663512321e-14 1.096766999999999982e-17
1.766767999999999894e+00 1.092364325481011206e-14 1.101618000000000050e-17
1.767003000000000101e+00 9.971755430917642627e-15 1.040966000000000043e-17
1.767238000000000087e+00 9.534955197145883008e-15 1.031022000000000029e-17
1.767473000000000072e+00 9.756533549588288908e-15 1.041548000000000029e-17
1.767708000000000057e+00 9.707742680335331911e-15 1.058008000000000017e-17
1.767943000000000042e+00 9.517480437454891069e-15 1.032601999999999985e-17
1.768178000000000027e+00 9.519701587634490296e-15 1.038755999999999960e-17
1.768413000000000013e+00 9.363705773378409662e-15 1.052255999999999927e-17
1.768647999999999998e+00 9.494705696369864852e-15 1.104706999999999957e-17
1.768882999999999983e+00 9.845226083912899929e-15 1.136876000000000020e-17
1.769117999999999968e+00 1.018662524301783363e-14 1.168580999999999961e-17
1.769352999999999954e+00 1.036421855087974920e-14 1.206631000000000001e-17
1.769587999999999939e+00 1.064297166316241001e-14 1.303564000000000069e-17
1.769822999999999924e+00 1.105266103070349021e-14 1.425676000000000055e-17
1.770057999999999909e+00 1.065028413832779949e-14 1.401295999999999881e-17
1.770292999999999894e+00 1.005059427096430900e-14 1.444362999999999993e-17
1.770528000000000102e+00 1.026069005388667260e-14 1.375753999999999991e-17
1.770763000000000087e+00 1.038027269527902292e-14 1.396864000000000027e-17
1.770998000000000072e+00 9.870771961268382331e-15 1.355146999999999989e-17
1.771233000000000057e+00 9.856164751497898094e-15 1.350154000000000065e-17
1.771468000000000043e+00 9.789714727134577357e-15 1.354398999999999999e-17
1.771703000000000028e+00 9.701280370053926995e-15 1.338830999999999960e-17
1.771938000000000013e+00 1.025239346042376060e-14 1.394829000000000022e-17
1.772172999999999998e+00 9.875717728956730548e-15 1.357100999999999940e-17
1.772407999999999983e+00 9.060751811489885334e-15 1.263728000000000029e-17
1.772642999999999969e+00 9.101360063944437087e-15 1.277738999999999977e-17
1.772877999999999954e+00 9.366965445839112988e-15 1.301104999999999980e-17
1.773112999999999939e+00 9.336834496492094786e-15 1.291503000000000022e-17
1.773347999999999924e+00 9.683857229508862348e-15 1.307679999999999963e-17
1.773582999999999910e+00 1.022107924134757575e-14 1.359359000000000010e-17
1.773817999999999895e+00 1.056344539846111474e-14 1.374763999999999967e-17
1.774053000000000102e+00 1.061677935735685117e-14 1.365180999999999978e-17
1.774288000000000087e+00 1.003028236493631026e-14 1.301727000000000007e-17
1.774523000000000073e+00 9.349735580820698893e-15 1.242404000000000003e-17
1.774758000000000058e+00 9.191727765455797894e-15 1.219320000000000072e-17
1.774993000000000043e+00 9.028639451810452361e-15 1.199956999999999970e-17
1.775228000000000028e+00 8.890959210460060288e-15 1.190456999999999982e-17
1.775463000000000013e+00 9.172387550354122405e-15 1.180774999999999944e-17
1.775697999999999999e+00 9.865217950418742524e-15 1.253049999999999969e-17
1.775932999999999984e+00 9.754422754658769485e-15 1.286847999999999949e-17
1.776167999999999969e+00 9.456495487051606882e-15 1.261231000000000003e-17
1.776402999999999954e+00 9.069528746359379219e-15 1.226461999999999969e-17
1.776637999999999940e+00 8.560165063249440067e-15 1.205153000000000015e-17
1.776872999999999925e+00 8.968407547627211878e-15 1.674497000000000066e-17
1.777107999999999910e+00 9.618614617177994743e-15 1.702402000000000072e-17
1.777342999999999895e+00 1.005202246311796242e-14 1.170898000000000038e-17
1.777578000000000102e+00 9.598963568052050218e-15 1.110176999999999975e-17
1.777813000000000088e+00 9.345485625834616738e-15 1.086076999999999926e-17
1.778048000000000073e+00 9.642822184617367328e-15 1.112852999999999975e-17
1.778283000000000058e+00 9.652013040292811632e-15 1.145407000000000056e-17
1.778518000000000043e+00 9.678277668986875784e-15 1.209753999999999949e-17
1.778753000000000029e+00 9.921359324380610950e-15 1.236819000000000044e-17
1.778988000000000014e+00 9.485603258683370990e-15 1.184653000000000009e-17
1.779222999999999999e+00 9.281678608255678691e-15 1.243205999999999978e-17
1.779457999999999984e+00 9.094065302749441304e-15 1.224528999999999934e-17
1.779692999999999969e+00 8.606587719751191405e-15 1.039085000000000045e-17
1.779927999999999955e+00 9.136592178941248507e-15 1.075881999999999958e-17
1.780162999999999940e+00 1.028444811758406817e-14 1.253772999999999992e-17
1.780397999999999925e+00 1.031132790921055992e-14 1.251534000000000046e-17
1.780632999999999910e+00 1.019167054134166712e-14 1.267079000000000066e-17
1.780867999999999896e+00 1.001687189257184379e-14 1.242586000000000053e-17
1.781103000000000103e+00 9.116607231864121066e-15 1.168152000000000007e-17
1.781338000000000088e+00 8.612818412086601473e-15 1.119885999999999928e-17
1.781573000000000073e+00 8.741460744044511671e-15 1.146350000000000067e-17
1.781808000000000058e+00 9.134525351954302507e-15 1.173882000000000053e-17
1.782043000000000044e+00 9.691113854408982164e-15 1.246854000000000006e-17
1.782278000000000029e+00 9.543504477369636148e-15 1.212564000000000014e-17
1.782513000000000014e+00 9.292029191776258962e-15 1.163191999999999996e-17
1.782747999999999999e+00 9.262864880459940533e-15 1.163717000000000076e-17
1.782982999999999985e+00 9.244995558350648197e-15 1.154528999999999999e-17
1.783217999999999970e+00 9.802692211667965466e-15 1.255546000000000021e-17
1.783452999999999955e+00 1.051911612486258471e-14 1.453548000000000148e-17
1.783687999999999940e+00 nan 1.408654999999999997e-17
1.783922999999999925e+00 1.044698405718018126e-14 1.256626999999999993e-17
1.784157999999999911e+00 nan 1.184303000000000007e-17
1.784392999999999896e+00 1.003316512435673263e-14 1.094630000000000006e-17
1.784628000000000103e+00 9.719267599382439745e-15 1.046206999999999998e-17
1.784863000000000088e+00 9.196326757523243272e-15 1.008005000000000053e-17
1.785098000000000074e+00 9.283537136345851038e-15 1.033704000000000027e-17
1.785333000000000059e+00 9.316136036921455997e-15 1.019965999999999924e-17
1.785568000000000044e+00 8.848039726966660363e-15 1.007273999999999930e-17
1.785803000000000029e+00 8.490571555067929551e-15 9.956356999999999845e-18
1.786038000000000014e+00 8.667953728986738229e-15 1.013721999999999974e-17
1.786273000000000000e+00 9.027684967636081159e-15 1.042719999999999949e-17
1.786507999999999985e+00 9.367439635597472094e-15 1.052420999999999956e-17
1.786742999999999970e+00 9.156338665623338408e-15 1.031533000000000010e-17
1.786977999999999955e+00 8.331513164799754551e-15 9.816668999999999268e-18
1.787212999999999941e+00 8.156919473897215171e-15 9.878109999999999587e-18
1.787447999999999926e+00 8.329338381866224089e-15 1.037177999999999952e-17
1.787682999999999911e+00 8.744647183189912431e-15 9.893219000000000605e-18
1.787917999999999896e+00 9.147685027975170225e-15 1.071430000000000007e-17
1.788153000000000103e+00 9.081601825808619071e-15 1.075542000000000004e-17
1.788388000000000089e+00 9.181845969609052202e-15 1.080003000000000030e-17
1.788623000000000074e+00 9.075345953099542748e-15 1.032581000000000068e-17
1.788858000000000059e+00 8.898870561929870974e-15 1.013941999999999962e-17
1.789093000000000044e+00 9.287805147682586818e-15 1.021695000000000017e-17
1.789328000000000030e+00 9.685654018422891119e-15 1.044158000000000049e-17
1.789563000000000015e+00 9.822284304964478328e-15 1.049814999999999987e-17
1.789798000000000000e+00 9.659047775145843269e-15 1.067198000000000043e-17
1.790032999999999985e+00 9.524212898258276051e-15 1.072047000000000009e-17
1.790267999999999970e+00 9.254365382178656901e-15 1.062821999999999967e-17
1.790502999999999956e+00 8.477485027822561411e-15 1.016225999999999973e-17
1.790737999999999941e+00 8.992919889589758626e-15 1.048034000000000012e-17
1.790972999999999926e+00 9.533504814416137934e-15 1.091849999999999933e-17
1.791207999999999911e+00 9.264256759066427472e-15 1.079263999999999960e-17
1.791442999999999897e+00 nan 1.099506000000000041e-17
1.791678000000000104e+00 nan 1.047526999999999927e-17
1.791913000000000089e+00 8.737842341502115387e-15 1.023506999999999957e-17
1.792148000000000074e+00 8.616431904952341681e-15 1.034926000000000035e-17
1.792383000000000060e+00 8.984102130761925840e-15 1.069124999999999925e-17
1.792618000000000045e+00 9.130163922801202597e-15 1.081428999999999979e-17
1.792853000000000030e+00 8.944728877213643793e-15 1.103421000000000070e-17
1.793088000000000015e+00 8.991063184206533749e-15 1.127064999999999942e-17
1.793323000000000000e+00 8.671848357787146742e-15 1.105296000000000070e-17
1.793557999999999986e+00 8.264514612244585990e-15 1.058724000000000068e-17
1.793792999999999971e+00 8.311624615794671567e-15 1.034933999999999981e-17
1.794027999999999956e+00 8.560175480709539579e-15 1.033599999999999954e-17
1.794262999999999941e+00 8.721883922076445712e-15 1.035224999999999975e-17
1.794497999999999927e+00 8.835334248004086420e-15 1.053352999999999945e-17
1.794732999999999912e+00 8.890178720426802016e-15 1.217176999999999944e-17
1.794967999999999897e+00 8.511900453363952223e-15 1.038979999999999998e-17
1.795203000000000104e+00 8.456444238476151704e-15 1.030149000000000049e-17
1.795438000000000089e+00 9.090269963154217043e-15 1.074826999999999928e-17
1.795673000000000075e+00 nan nan
1.795908000000000060e+00 nan nan
1.796143000000000045e+00 8.502979569972435671e-15 9.661475000000000431e-18
1.796378000000000030e+00 7.480249634223117240e-15 8.725965999999999287e-18
1.796613000000000016e+00 8.645392087619583297e-15 9.437999000000000650e-18
1.796848000000000001e+00 9.393376767416038175e-15 1.006541999999999986e-17
1.797082999999999986e+00 9.398455318394690278e-15 9.856010000000000298e-18
1.797317999999999971e+00 9.683813151314848997e-15 1.016444999999999987e-17
1.797552999999999956e+00 9.346570044938998106e-15 1.009013000000000071e-17
1.797787999999999942e+00 9.286424917368127147e-15 9.918361999999999610e-18
1.798022999999999927e+00 9.572851789807424668e-15 9.767922000000000278e-18
1.798257999999999912e+00 9.453524974259534649e-15 9.548729000000000369e-18
1.798492999999999897e+00 9.748758295132957559e-15 9.707625000000000759e-18
1.798728000000000105e+00 9.994641674191053049e-15 9.795000000000000651e-18
1.798963000000000090e+00 9.368711998242992563e-15 9.662662999999999781e-18
1.799198000000000075e+00 8.456141724148914405e-15 9.487430000000000060e-18
1.799433000000000060e+00 8.181718374486464419e-15 8.973514000000000152e-18
1.799668000000000045e+00 8.217680360053170590e-15 8.642399999999999558e-18
1.799903000000000031e+00 8.334447090572522214e-15 8.799294999999999985e-18
1.800138000000000016e+00 8.619028701341936207e-15 9.177643000000000185e-18
1.800373000000000001e+00 8.619706203207421361e-15 8.732339000000000355e-18
1.800607999999999986e+00 8.599976543510854253e-15 8.811471999999999485e-18
1.800842999999999972e+00 8.288083568955645702e-15 8.533425999999999231e-18
1.801077999999999957e+00 7.418322753783221211e-15 8.157263999999999584e-18
1.801312999999999942e+00 7.645961557102069584e-15 1.037280000000000077e-17
1.801547999999999927e+00 8.166584220334515971e-15 9.458372000000000257e-18
1.801782999999999912e+00 8.464568377057702355e-15 8.906988999999999653e-18
1.802017999999999898e+00 8.727847688799418819e-15 9.003177000000000423e-18
1.802253000000000105e+00 8.531739610205279101e-15 8.982322000000000390e-18
1.802488000000000090e+00 8.121758491435130406e-15 8.791945999999999301e-18
1.802723000000000075e+00 7.890532085307573384e-15 8.422240000000000261e-18
1.802958000000000061e+00 8.310545446483655028e-15 8.788128000000000451e-18
1.803193000000000046e+00 8.765121139440430706e-15 9.380266000000000497e-18
1.803428000000000031e+00 8.938868391468188014e-15 9.743510999999999830e-18
1.803663000000000016e+00 8.715166864686451206e-15 9.755516999999999611e-18
1.803898000000000001e+00 8.670915103773121896e-15 9.990766999999999957e-18
1.804132999999999987e+00 9.288937251724848638e-15 1.053184000000000019e-17
1.804367999999999972e+00 9.639651430687074280e-15 1.067839000000000039e-17
1.804602999999999957e+00 9.490677671761928969e-15 1.049204999999999957e-17
1.804837999999999942e+00 8.992672303336210926e-15 9.411899000000000458e-18
1.805072999999999928e+00 8.681882535441789043e-15 9.641229999999999966e-18
1.805307999999999913e+00 8.851636708581528894e-15 9.302230999999999972e-18
1.805542999999999898e+00 8.583549797599052584e-15 9.225927999999999770e-18
1.805778000000000105e+00 8.141541498211067668e-15 9.073162999999999952e-18
1.806013000000000090e+00 8.187842611348393304e-15 9.188026000000000355e-18
1.806248000000000076e+00 8.370607496715215739e-15 9.367926000000000453e-18
1.806483000000000061e+00 8.792302131569689745e-15 9.367160000000000006e-18
1.806718000000000046e+00 9.141293205107994366e-15 9.459771999999999340e-18
1.806953000000000031e+00 8.632235640786749934e-15 9.072284000000000744e-18
1.807188000000000017e+00 7.937885965647437107e-15 8.855042000000000556e-18
1.807423000000000002e+00 7.484913303379603746e-15 8.521185000000000161e-18
1.807657999999999987e+00 7.672129098031032027e-15 8.570899000000000080e-18
1.807892999999999972e+00 8.582582159684922967e-15 9.134172999999999599e-18
1.808127999999999957e+00 9.083099274014583900e-15 9.468525999999999748e-18
1.808362999999999943e+00 9.092855090958739833e-15 9.681867000000000006e-18
1.808597999999999928e+00 8.376040443618531244e-15 9.310262000000000511e-18
1.808832999999999913e+00 7.948808875788973797e-15 8.963020999999999756e-18
1.809067999999999898e+00 8.471255814300186783e-15 9.354399000000000571e-18
1.809303000000000106e+00 8.787323839852383882e-15 1.129145000000000011e-17
1.809538000000000091e+00 nan 1.131950000000000051e-17
1.809773000000000076e+00 nan 1.137982999999999933e-17
1.810008000000000061e+00 9.081285102016481305e-15 1.049679999999999949e-17
1.810243000000000047e+00 9.088147961186903891e-15 1.017875999999999960e-17
1.810478000000000032e+00 8.176024837859024202e-15 9.333708000000000594e-18
1.810713000000000017e+00 7.218419606647680689e-15 8.653354999999999358e-18
1.810948000000000002e+00 7.018215508677501415e-15 8.542119000000000145e-18
1.811182999999999987e+00 7.498481962800126430e-15 8.915278000000000580e-18
1.811417999999999973e+00 nan 9.669523999999999886e-18
1.811652999999999958e+00 8.587528433012948146e-15 9.564355000000000134e-18
1.811887999999999943e+00 8.854988325811518816e-15 9.683950999999999509e-18
1.812122999999999928e+00 8.525225850234235527e-15 9.557831999999999880e-18
1.812357999999999913e+00 7.798100948074688789e-15 9.106553000000000357e-18
1.812592999999999899e+00 7.382056362676951910e-15 8.698414000000000745e-18
1.812828000000000106e+00 7.539757284271891409e-15 8.821791000000000085e-18
1.813063000000000091e+00 8.307709122629171255e-15 9.263818000000000421e-18
1.813298000000000076e+00 8.583794707276014125e-15 9.461218000000000619e-18
1.813533000000000062e+00 8.370551050103473421e-15 9.562061999999999433e-18
1.813768000000000047e+00 8.649854070663009967e-15 9.655877999999999551e-18
1.814003000000000032e+00 9.096618263280842732e-15 9.789860999999999587e-18
1.814238000000000017e+00 9.496105418710025889e-15 9.994624999999999309e-18
1.814473000000000003e+00 1.004534744755201186e-14 1.028604999999999928e-17
1.814707999999999988e+00 9.857035641604469445e-15 1.046843999999999943e-17
1.814942999999999973e+00 8.792008018776534537e-15 1.090109999999999972e-17
1.815177999999999958e+00 8.408460105716957167e-15 1.117895999999999987e-17
1.815412999999999943e+00 8.870195119061765661e-15 1.136241000000000023e-17
1.815647999999999929e+00 8.768657688940894678e-15 1.125092000000000022e-17
1.815882999999999914e+00 8.732327117005632474e-15 1.150471999999999959e-17
1.816117999999999899e+00 8.783721149287332471e-15 1.187715999999999975e-17
1.816353000000000106e+00 8.805611824329663461e-15 1.202348999999999949e-17
1.816588000000000092e+00 9.272736182310659555e-15 1.235448000000000053e-17
1.816823000000000077e+00 8.868184688009138730e-15 1.154370999999999941e-17
1.817058000000000062e+00 7.725329524095924118e-15 1.093851000000000051e-17
1.817293000000000047e+00 nan nan
1.817528000000000032e+00 nan nan
1.817763000000000018e+00 8.058236865134138242e-15 1.112310000000000054e-17
1.817998000000000003e+00 8.085811254365725174e-15 1.038178999999999998e-17
1.818232999999999988e+00 8.148607184011320043e-15 1.063246000000000051e-17
1.818467999999999973e+00 7.985066053515526403e-15 1.001005999999999987e-17
1.818702999999999959e+00 7.977646590990768665e-15 9.484839999999999522e-18
1.818937999999999944e+00 8.340184128148122809e-15 9.836446000000000176e-18
1.819172999999999929e+00 8.618871598635281752e-15 1.053986999999999968e-17
1.819407999999999914e+00 8.120310670082384180e-15 1.014555000000000068e-17
1.819642999999999899e+00 7.717719327862446905e-15 9.358903000000000405e-18
1.819878000000000107e+00 8.105453934982345371e-15 9.476096999999999906e-18
1.820113000000000092e+00 8.393397238006846659e-15 9.371382000000000383e-18
1.820348000000000077e+00 8.218477307323887073e-15 9.550557000000000048e-18
1.820583000000000062e+00 8.252298260142391687e-15 9.509701000000000610e-18
1.820818000000000048e+00 8.276117371260464584e-15 9.576165000000000074e-18
1.821053000000000033e+00 7.976973863031504130e-15 9.586753999999999825e-18
1.821288000000000018e+00 8.004400965504782121e-15 9.493843999999999601e-18
1.821523000000000003e+00 7.861071224733445020e-15 9.465010999999999348e-18
1.821757999999999988e+00 7.562172465820204640e-15 9.304543000000000642e-18
1.821992999999999974e+00 7.329422984830348504e-15 9.141188999999999531e-18
1.822227999999999959e+00 7.340692406818801778e-15 9.271888999999999922e-18
1.822462999999999944e+00 7.615971914414764832e-15 9.827543000000000093e-18
1.822697999999999929e+00 8.005642512897398542e-15 9.288122000000000720e-18
1.822932999999999915e+00 8.625660080036873538e-15 9.461657000000000467e-18
1.823167999999999900e+00 8.886073586283293475e-15 9.685424999999999445e-18
1.823403000000000107e+00 9.128094789517346806e-15 1.074224000000000024e-17
1.823638000000000092e+00 9.365395480963914974e-15 1.174267000000000070e-17
1.823873000000000077e+00 9.146890095855719824e-15 1.097962000000000075e-17
1.824108000000000063e+00 9.222358580521426504e-15 1.026033999999999975e-17
1.824343000000000048e+00 9.370148155216486857e-15 1.015910999999999986e-17
1.824578000000000033e+00 8.932475613383448434e-15 9.940329000000000658e-18
1.824813000000000018e+00 8.269579207765892973e-15 9.496361000000000340e-18
1.825048000000000004e+00 7.937407899324700470e-15 9.437804999999999833e-18
1.825282999999999989e+00 7.751634677082936779e-15 9.516175999999999645e-18
1.825517999999999974e+00 7.998819281336150721e-15 9.678661999999999260e-18
1.825752999999999959e+00 8.745438773137260175e-15 1.015909000000000038e-17
1.825987999999999944e+00 8.582241397058008084e-15 1.002694000000000067e-17
1.826222999999999930e+00 7.166270120967199053e-15 9.320011000000000504e-18
1.826457999999999915e+00 6.554012725943046608e-15 9.011387999999999369e-18
1.826692999999999900e+00 7.554295679547100454e-15 9.695880999999999414e-18
1.826928000000000107e+00 8.200557990358076238e-15 9.832235000000000592e-18
1.827163000000000093e+00 8.233970321780859711e-15 9.774607999999999535e-18
1.827398000000000078e+00 8.384159788296729579e-15 9.829023000000000181e-18
1.827633000000000063e+00 7.929817640372954871e-15 9.535755999999999660e-18
1.827868000000000048e+00 8.469450828952247809e-15 1.024294999999999987e-17
1.828103000000000034e+00 9.126731538487964683e-15 1.103142000000000073e-17
1.828338000000000019e+00 8.850644794225057469e-15 1.070426000000000039e-17
1.828573000000000004e+00 8.807161978245127398e-15 1.081072999999999979e-17
1.828807999999999989e+00 8.558852636308643869e-15 1.029390000000000036e-17
1.829042999999999974e+00 8.207639416938868935e-15 1.005600999999999923e-17
1.829277999999999960e+00 8.514017055884063781e-15 1.039545999999999938e-17
1.829512999999999945e+00 9.110819257716415843e-15 1.070268999999999955e-17
1.829747999999999930e+00 9.322674322414275368e-15 1.080545999999999951e-17
1.829982999999999915e+00 8.748126368260243284e-15 1.034584999999999953e-17
1.830217999999999900e+00 8.134900162823309991e-15 9.931193000000000308e-18
1.830453000000000108e+00 7.935919069139199666e-15 1.027710000000000057e-17
1.830688000000000093e+00 8.295972982050286610e-15 1.064516000000000045e-17
1.830923000000000078e+00 8.779417221731413105e-15 1.098275999999999933e-17
1.831158000000000063e+00 8.486974356451344655e-15 1.081685999999999931e-17
1.831393000000000049e+00 8.309801552654910561e-15 1.017839999999999970e-17
1.831628000000000034e+00 8.818676559064247457e-15 1.060501999999999967e-17
1.831863000000000019e+00 8.665643482359610270e-15 1.031024999999999951e-17
1.832098000000000004e+00 7.784009261409775079e-15 9.698746999999999257e-18
1.832332999999999990e+00 7.521110507141413770e-15 9.573653999999999487e-18
1.832567999999999975e+00 7.391297113474475288e-15 9.580185999999999969e-18
1.832802999999999960e+00 7.683545748942172987e-15 9.690157000000000445e-18
1.833037999999999945e+00 8.065246546342324618e-15 1.011935999999999975e-17
1.833272999999999930e+00 8.152726012296757657e-15 1.014357999999999945e-17
1.833507999999999916e+00 8.400555255922422394e-15 1.031569000000000000e-17
1.833742999999999901e+00 8.367895298420233670e-15 1.000469000000000065e-17
1.833978000000000108e+00 8.030237521359571554e-15 9.669091000000000191e-18
1.834213000000000093e+00 8.197157858904844575e-15 9.978432000000000554e-18
1.834448000000000079e+00 8.592415609232449484e-15 1.017844999999999995e-17
1.834683000000000064e+00 8.291950049154416211e-15 9.724455999999999279e-18
1.834918000000000049e+00 7.653456739133780356e-15 9.356808000000000109e-18
1.835153000000000034e+00 7.507394984163697580e-15 9.336347000000000323e-18
1.835388000000000019e+00 8.478461617158440803e-15 9.748970000000000288e-18
1.835623000000000005e+00 8.834593060935573346e-15 9.838649999999999644e-18
1.835857999999999990e+00 8.403582390982090349e-15 9.685899000000000695e-18
1.836092999999999975e+00 8.226019578432357051e-15 9.797352000000000282e-18
1.836327999999999960e+00 7.943300743784087844e-15 9.443756000000000457e-18
1.836562999999999946e+00 8.539465060811653464e-15 9.964859000000000018e-18
1.836797999999999931e+00 9.249801316504610483e-15 1.045251000000000017e-17
1.837032999999999916e+00 8.787966455389707286e-15 1.011100999999999933e-17
1.837267999999999901e+00 8.511970722161150728e-15 1.013695000000000059e-17
1.837503000000000108e+00 8.064382612578367243e-15 9.841321000000000699e-18
1.837738000000000094e+00 7.024208014687020389e-15 8.996742999999999861e-18
1.837973000000000079e+00 7.067917970284969148e-15 9.269102000000000031e-18
1.838208000000000064e+00 8.072401973155466127e-15 1.006197000000000009e-17
1.838443000000000049e+00 8.332895137645392453e-15 1.020712999999999940e-17
1.838678000000000035e+00 8.494151520758296397e-15 1.038150999999999954e-17
1.838913000000000020e+00 8.291197473828749786e-15 1.016380999999999954e-17
1.839148000000000005e+00 7.733780187043647498e-15 9.646400999999999274e-18
1.839382999999999990e+00 7.680943889878900995e-15 9.777254999999999980e-18
1.839617999999999975e+00 7.447059621363077523e-15 9.576846000000000417e-18
1.839852999999999961e+00 7.164505292406241314e-15 9.582723000000000189e-18
1.840087999999999946e+00 7.828866186879692682e-15 1.027515000000000036e-17
1.840322999999999931e+00 8.227500114320571120e-15 1.067965999999999976e-17
1.840557999999999916e+00 8.261724239452486057e-15 1.124457000000000025e-17
1.840792999999999902e+00 8.367444642354231613e-15 1.182035000000000043e-17
1.841028000000000109e+00 8.846143374046892726e-15 1.226513000000000031e-17
1.841263000000000094e+00 9.411007258935851445e-15 1.290062000000000000e-17
1.841498000000000079e+00 9.032747636636591670e-15 1.293081000000000030e-17
1.841733000000000064e+00 8.006965858822311901e-15 1.193560999999999962e-17
1.841968000000000050e+00 7.099289935412483777e-15 1.067738000000000042e-17
1.842203000000000035e+00 7.092476881498461994e-15 1.069015999999999982e-17
1.842438000000000020e+00 7.205505946701838575e-15 1.071351000000000055e-17
1.842673000000000005e+00 7.219626038568611154e-15 1.066376999999999946e-17
1.842907999999999991e+00 7.352068105028470697e-15 1.212073999999999949e-17
1.843142999999999976e+00 7.564337976339106116e-15 1.124013999999999973e-17
1.843377999999999961e+00 7.562038314022129222e-15 1.126435999999999943e-17
1.843612999999999946e+00 7.427482807733567944e-15 9.427084999999999323e-18
1.843847999999999931e+00 7.479672083179182747e-15 9.270042999999999785e-18
1.844082999999999917e+00 7.169898569774917742e-15 8.919622999999999458e-18
1.844317999999999902e+00 7.001259276879419128e-15 8.913504000000000731e-18
1.844553000000000109e+00 7.079933342145238641e-15 8.811831999999999381e-18
1.844788000000000094e+00 7.242652844121043824e-15 8.801367000000000724e-18
1.845023000000000080e+00 7.716368255234934525e-15 8.893354999999999622e-18
1.845258000000000065e+00 8.187532440699394905e-15 9.241811000000000412e-18
1.845493000000000050e+00 7.881952084763735996e-15 9.639324999999999359e-18
1.845728000000000035e+00 7.324708885916595689e-15 9.845814999999999251e-18
1.845963000000000021e+00 7.838497915454749370e-15 9.219697999999999766e-18
1.846198000000000006e+00 8.117643809405676148e-15 9.308265000000000136e-18
1.846432999999999991e+00 8.062942609402099785e-15 9.302142000000000280e-18
1.846667999999999976e+00 7.499033748187076167e-15 8.995782000000000625e-18
1.846902999999999961e+00 6.910667137478063415e-15 8.482255000000000322e-18
1.847137999999999947e+00 6.787134136488176188e-15 8.258243000000000285e-18
1.847372999999999932e+00 7.122839313961723086e-15 8.374590000000000364e-18
1.847607999999999917e+00 7.390409087929350057e-15 8.512550999999999718e-18
1.847842999999999902e+00 nan 8.891325999999999461e-18
1.848078000000000110e+00 6.692060969190066987e-15 8.108189000000000483e-18
1.848313000000000095e+00 6.034853822012265781e-15 7.580230999999999428e-18
1.848548000000000080e+00 6.142413934358861617e-15 7.679250999999999692e-18
1.848783000000000065e+00 6.622326753601001197e-15 7.842994999999999920e-18
1.849018000000000050e+00 7.422918395993118117e-15 8.300033999999999326e-18
1.849253000000000036e+00 7.703859631657133856e-15 8.557637000000000250e-18
1.849488000000000021e+00 7.168891275114365295e-15 8.120385999999999463e-18
1.849723000000000006e+00 7.241482129279065436e-15 8.061803999999999323e-18
1.849957999999999991e+00 7.609288106307443652e-15 8.240560000000000161e-18
1.850192999999999977e+00 7.361421378452083882e-15 8.250862999999999328e-18
1.850427999999999962e+00 7.058786875659640201e-15 8.050478999999999886e-18
1.850662999999999947e+00 7.327190042352728585e-15 8.418043999999999517e-18
1.850897999999999932e+00 7.725723130154917162e-15 8.308689000000000302e-18
1.851132999999999917e+00 8.008231301804352211e-15 8.438193000000000626e-18
1.851367999999999903e+00 7.948116572852396482e-15 8.615238999999999645e-18
1.851603000000000110e+00 8.104657407222875839e-15 8.656383999999999745e-18
1.851838000000000095e+00 8.492299851987422628e-15 8.833361000000000093e-18
1.852073000000000080e+00 8.305714111269605236e-15 8.727795000000000019e-18
1.852308000000000066e+00 8.050869126886257899e-15 8.619120999999999606e-18
1.852543000000000051e+00 8.314350952810637772e-15 8.749249999999999879e-18
1.852778000000000036e+00 8.224743757955491564e-15 8.806351000000000420e-18
1.853013000000000021e+00 7.331447167975224562e-15 8.348967999999999469e-18
1.853248000000000006e+00 6.834593887181937773e-15 8.626129000000000363e-18
1.853482999999999992e+00 7.189033414150213952e-15 8.372611999999999958e-18
1.853717999999999977e+00 7.145763818651693614e-15 8.319678000000000452e-18
1.853952999999999962e+00 6.897785854487879754e-15 8.210924000000000576e-18
1.854187999999999947e+00 7.304778601693550850e-15 8.640054000000000079e-18
1.854422999999999933e+00 7.760147146432646552e-15 9.244449000000000629e-18
1.854657999999999918e+00 7.592384815827771909e-15 9.021649000000000551e-18
1.854892999999999903e+00 6.988010955728979612e-15 8.741136999999999312e-18
1.855128000000000110e+00 6.734222495067361961e-15 8.632985999999999339e-18
1.855363000000000095e+00 7.189432995273530427e-15 8.918930999999999862e-18
1.855598000000000081e+00 7.958261685421762668e-15 9.404757999999999919e-18
1.855833000000000066e+00 7.808543003789398201e-15 9.253164999999999558e-18
1.856068000000000051e+00 7.405667129953276576e-15 8.856078999999999667e-18
1.856303000000000036e+00 6.913436445664483997e-15 8.799670000000000262e-18
1.856538000000000022e+00 6.298726071663958916e-15 8.463484999999999304e-18
1.856773000000000007e+00 5.781460909183868676e-15 7.930324000000000697e-18
1.857007999999999992e+00 6.354730900739426597e-15 8.342749999999999769e-18
1.857242999999999977e+00 6.830455192315224952e-15 8.509109000000000657e-18
1.857477999999999962e+00 7.154186413673002889e-15 8.656098000000000700e-18
1.857712999999999948e+00 6.962357720861843369e-15 8.440106999999999921e-18
1.857947999999999933e+00 6.234843548949837904e-15 8.059463000000000485e-18
1.858182999999999918e+00 6.087706123322183159e-15 7.965457000000000678e-18
1.858417999999999903e+00 6.197487858803429001e-15 7.988671999999999518e-18
1.858653000000000111e+00 6.547674492895141744e-15 8.325514999999999722e-18
1.858888000000000096e+00 6.722043185999183929e-15 8.300489000000000607e-18
1.859123000000000081e+00 6.529021671496444124e-15 8.244530000000000303e-18
1.859358000000000066e+00 6.656765519130641669e-15 8.369717000000000405e-18
1.859593000000000051e+00 6.913667122186067589e-15 8.560133000000000456e-18
1.859828000000000037e+00 7.089546364598962109e-15 8.520459999999999727e-18
1.860063000000000022e+00 6.882307096970491846e-15 8.371245000000000171e-18
1.860298000000000007e+00 6.678092645380071537e-15 8.215864000000000181e-18
1.860532999999999992e+00 6.541248630497472048e-15 8.064552999999999277e-18
1.860767999999999978e+00 6.590831877843650597e-15 8.059792000000000108e-18
1.861002999999999963e+00 6.686120716983809001e-15 8.246448000000000727e-18
1.861237999999999948e+00 6.518567875674820140e-15 8.182158999999999481e-18
1.861472999999999933e+00 6.483560010666879327e-15 8.123897000000000276e-18
1.861707999999999918e+00 6.936507503535680135e-15 8.249573000000000469e-18
1.861942999999999904e+00 7.393055835078289942e-15 8.622790999999999834e-18
1.862178000000000111e+00 7.801110916816456462e-15 8.926937999999999792e-18
1.862413000000000096e+00 7.506262001165401820e-15 8.714783999999999372e-18
1.862648000000000081e+00 7.002560831227976962e-15 8.495423999999999331e-18
1.862883000000000067e+00 6.712182334398593463e-15 8.433230999999999434e-18
1.863118000000000052e+00 6.920655309853857191e-15 8.755713999999999662e-18
1.863353000000000037e+00 7.435782583545888584e-15 8.817461000000000047e-18
1.863588000000000022e+00 7.500519260856697404e-15 8.686098999999999282e-18
1.863823000000000008e+00 7.700399999976123008e-15 8.758584000000000634e-18
1.864057999999999993e+00 7.465996118665902240e-15 8.697275000000000585e-18
1.864292999999999978e+00 7.065861344008430000e-15 8.461514000000000103e-18
1.864527999999999963e+00 7.059166658077671102e-15 8.459794000000000084e-18
1.864762999999999948e+00 7.252833159700802594e-15 8.578433999999999323e-18
1.864997999999999934e+00 7.341043044155544233e-15 8.738711000000000370e-18
1.865232999999999919e+00 6.590789480379136066e-15 8.145799000000000701e-18
1.865467999999999904e+00 6.513784477641326299e-15 8.517345999999999237e-18
1.865702999999999889e+00 6.724783767378484754e-15 8.655920999999999287e-18
1.865938000000000097e+00 7.162482491989466899e-15 8.974789000000000170e-18
1.866173000000000082e+00 7.398980611225587779e-15 8.797019000000000229e-18
1.866408000000000067e+00 7.772165631344821112e-15 9.011730000000000350e-18
1.866643000000000052e+00 7.783742725835506295e-15 8.996184999999999559e-18
1.866878000000000037e+00 7.475941718366587998e-15 8.786405000000000356e-18
1.867113000000000023e+00 7.286033257001067164e-15 8.644778999999999874e-18
1.867348000000000008e+00 7.396606672875824684e-15 8.946864999999999886e-18
1.867582999999999993e+00 7.465939570609998591e-15 9.013223999999999766e-18
1.867817999999999978e+00 6.796163044761187172e-15 8.698750999999999544e-18
1.868052999999999964e+00 5.892269620266121304e-15 8.047358999999999243e-18
1.868287999999999949e+00 6.267241065593999106e-15 8.434122000000000488e-18
1.868522999999999934e+00 7.262421313802435726e-15 9.050458999999999706e-18
1.868757999999999919e+00 7.473045825572340852e-15 9.386575999999999965e-18
1.868992999999999904e+00 7.352868077434387141e-15 9.252807000000000226e-18
1.869227999999999890e+00 7.406810701847458619e-15 9.312863999999999814e-18
1.869463000000000097e+00 7.530759595449415829e-15 9.538093000000000451e-18
1.869698000000000082e+00 7.499121444290133260e-15 9.555704000000000287e-18
1.869933000000000067e+00 7.486569736540556735e-15 9.435737000000000223e-18
1.870168000000000053e+00 7.639005860104541634e-15 9.961538000000000434e-18
1.870403000000000038e+00 7.759152741624459621e-15 9.835316999999999756e-18
1.870638000000000023e+00 7.916748886692086242e-15 9.976458999999999247e-18
1.870873000000000008e+00 7.420189196348844595e-15 9.770996999999999778e-18
1.871107999999999993e+00 6.974882674562027345e-15 9.490942999999999897e-18
1.871342999999999979e+00 6.810051631216373812e-15 9.183194000000000410e-18
1.871577999999999964e+00 6.807581213702004175e-15 9.500006999999999959e-18
1.871812999999999949e+00 6.991802402236143084e-15 9.591932999999999850e-18
1.872047999999999934e+00 7.480036889997221362e-15 9.875751000000000291e-18
1.872282999999999920e+00 7.616635104509892496e-15 9.941050999999999474e-18
1.872517999999999905e+00 7.322711897088579334e-15 9.482332000000000551e-18
1.872752999999999890e+00 7.355448322738434732e-15 9.794673000000000051e-18
1.872988000000000097e+00 6.720060561888066475e-15 9.324367000000000175e-18
1.873223000000000082e+00 5.988333624926999759e-15 8.855750000000000044e-18
1.873458000000000068e+00 5.947502097913481172e-15 8.892268999999999780e-18
1.873693000000000053e+00 6.483445699236960144e-15 9.534236000000000611e-18
1.873928000000000038e+00 7.041278093802768140e-15 1.030108000000000035e-17
1.874163000000000023e+00 7.360084182460135618e-15 1.184398000000000005e-17
1.874398000000000009e+00 7.588886595053988027e-15 1.314533999999999942e-17
1.874632999999999994e+00 7.457231368599833856e-15 1.789610000000000140e-17
1.874867999999999979e+00 7.271107219307322973e-15 2.365506000000000084e-17
1.875102999999999964e+00 7.291644234297427383e-15 2.381052000000000078e-17
1.875337999999999949e+00 7.265428067278499060e-15 2.349746999999999920e-17
1.875572999999999935e+00 7.595749913079044449e-15 2.427786999999999853e-17
1.875807999999999920e+00 7.924067604048980684e-15 2.489194000000000130e-17
1.876042999999999905e+00 7.923932513753967872e-15 2.461063000000000137e-17
1.876277999999999890e+00 7.662875388435668737e-15 2.354384000000000152e-17
1.876513000000000098e+00 7.458706044377603721e-15 2.090880999999999899e-17
1.876748000000000083e+00 7.211560879747617977e-15 1.484272000000000140e-17
1.876983000000000068e+00 6.916519490745876582e-15 1.378825000000000057e-17
1.877218000000000053e+00 6.827559731353885786e-15 1.273429000000000036e-17
1.877453000000000038e+00 7.128321312432382782e-15 1.069533999999999936e-17
1.877688000000000024e+00 7.366060136417222935e-15 9.952123000000000704e-18
1.877923000000000009e+00 6.968560362422124550e-15 8.979882000000000579e-18
1.878157999999999994e+00 6.879019759848520907e-15 8.639849999999999521e-18
1.878392999999999979e+00 6.830794870387551408e-15 8.517492999999999888e-18
1.878627999999999965e+00 6.251958000250777594e-15 7.986389000000000098e-18
1.878862999999999950e+00 6.274408470742778420e-15 7.989983999999999962e-18
1.879097999999999935e+00 6.941383597720220521e-15 8.384815000000000631e-18
1.879332999999999920e+00 7.115940536188245523e-15 8.533548999999999273e-18
1.879567999999999905e+00 6.918424648918296637e-15 8.338448999999999441e-18
1.879802999999999891e+00 6.924545216219837067e-15 8.391750999999999560e-18
1.880038000000000098e+00 7.136712003692372717e-15 8.359482999999999910e-18
1.880273000000000083e+00 7.353734203108903703e-15 8.417758999999999984e-18
1.880508000000000068e+00 7.714694183842189609e-15 8.836526000000000338e-18
1.880743000000000054e+00 8.335718156088685663e-15 9.217658000000000353e-18
1.880978000000000039e+00 7.948864743876170103e-15 8.862733000000000679e-18
1.881213000000000024e+00 7.340474729492099673e-15 8.383537000000000537e-18
1.881448000000000009e+00 6.851175244098303093e-15 8.288554000000000062e-18
1.881682999999999995e+00 6.912492892179508994e-15 8.228407999999999242e-18
1.881917999999999980e+00 7.396122110195719134e-15 8.890409000000000315e-18
1.882152999999999965e+00 7.601878482554580753e-15 1.090232000000000039e-17
1.882387999999999950e+00 8.040458418749105619e-15 1.281486000000000054e-17
1.882622999999999935e+00 8.292471121211207788e-15 1.112366999999999961e-17
1.882857999999999921e+00 8.224794716312400297e-15 9.838733000000000725e-18
1.883092999999999906e+00 8.192616938982109060e-15 1.140086999999999995e-17
1.883327999999999891e+00 8.008497195504180314e-15 1.119673000000000066e-17
1.883563000000000098e+00 7.920031721019544266e-15 1.116197000000000040e-17
1.883798000000000084e+00 7.822823414366316471e-15 1.127026000000000030e-17
1.884033000000000069e+00 7.726590639514769166e-15 1.206030000000000045e-17
1.884268000000000054e+00 7.772361454132328417e-15 1.132023000000000005e-17
1.884503000000000039e+00 7.795435490926665773e-15 1.133737999999999999e-17
1.884738000000000024e+00 7.551827163155729983e-15 1.132468999999999979e-17
1.884973000000000010e+00 7.139562995485979978e-15 1.148447000000000003e-17
1.885207999999999995e+00 6.641055470801081059e-15 1.096528000000000025e-17
1.885442999999999980e+00 6.849766160153868873e-15 1.129295999999999942e-17
1.885677999999999965e+00 nan 1.099271999999999954e-17
1.885912999999999951e+00 7.196227048640099573e-15 1.025055999999999948e-17
1.886147999999999936e+00 7.633448008072573570e-15 1.181032000000000049e-17
1.886382999999999921e+00 8.008747473540021483e-15 1.194006999999999936e-17
1.886617999999999906e+00 7.536459480293802065e-15 1.054662999999999979e-17
1.886852999999999891e+00 7.018853080273883326e-15 1.020175000000000043e-17
1.887088000000000099e+00 7.256977031959650771e-15 1.141144999999999947e-17
1.887323000000000084e+00 7.857875401959672326e-15 1.294017000000000069e-17
1.887558000000000069e+00 8.003153062713346380e-15 1.332393999999999938e-17
1.887793000000000054e+00 7.876206488920549643e-15 1.359544999999999956e-17
1.888028000000000040e+00 7.909741322422148873e-15 1.408548999999999977e-17
1.888263000000000025e+00 7.908475790058510842e-15 1.499257000000000064e-17
1.888498000000000010e+00 7.431231607643234230e-15 1.437051999999999863e-17
1.888732999999999995e+00 6.615725697407240515e-15 1.300047000000000028e-17
1.888967999999999980e+00 6.498297001874710243e-15 1.448304999999999937e-17
1.889202999999999966e+00 6.864274752156715487e-15 2.072590999999999975e-17
1.889437999999999951e+00 7.559739463956884639e-15 2.849712999999999991e-17
1.889672999999999936e+00 nan nan
1.889907999999999921e+00 nan nan
