1.660198000000000063e+00 nan nan
1.660593999999999903e+00 1.350345004611309747e-14 3.146011000000000231e-17
1.660989999999999966e+00 1.330096860484515204e-14 2.071745999999999884e-17
1.661386000000000029e+00 1.353680671995541256e-14 1.870253999999999940e-17
1.661782000000000092e+00 1.371390612539584599e-14 1.877762999999999859e-17
1.662177999999999933e+00 1.362123579969332520e-14 1.852705000000000034e-17
1.662573999999999996e+00 1.387229442714967874e-14 1.821363999999999887e-17
1.662970000000000059e+00 1.411350144211179485e-14 1.675933999999999883e-17
1.663365999999999900e+00 1.404061790804742267e-14 1.379331999999999988e-17
1.663761999999999963e+00 1.400020648527155294e-14 1.177561000000000047e-17
1.664158000000000026e+00 1.432630043688334390e-14 1.160324000000000051e-17
1.664554000000000089e+00 1.444293923304419106e-14 1.118250000000000039e-17
1.664949999999999930e+00 1.434569195126176196e-14 1.109375999999999974e-17
1.665345999999999993e+00 1.419404144619313746e-14 1.081119999999999991e-17
1.665742000000000056e+00 1.408155799906971404e-14 1.088209000000000031e-17
1.666137999999999897e+00 1.385941387386897956e-14 1.075559999999999999e-17
1.666533999999999960e+00 1.366488629881730911e-14 1.080874000000000062e-17
1.666930000000000023e+00 1.352896850950894167e-14 1.078750000000000057e-17
1.667326000000000086e+00 1.327387143144955579e-14 1.084802000000000061e-17
1.667721999999999927e+00 1.309165718683983025e-14 1.074090999999999934e-17
1.668117999999999990e+00 1.326188309131292200e-14 1.102335000000000074e-17
1.668514000000000053e+00 1.372160037025493725e-14 1.141811000000000064e-17
1.668909999999999894e+00 1.393305286757213201e-14 1.237343999999999970e-17
1.669305999999999957e+00 1.488514079381950297e-14 2.946671000000000180e-17
1.669702000000000019e+00 1.368819256303607793e-14 1.284891000000000076e-17
1.670098000000000082e+00 1.364335106286386340e-14 1.274183000000000025e-17
1.670493999999999923e+00 1.398144651835850417e-14 1.289734000000000043e-17
1.670889999999999986e+00 1.413503910193089207e-14 1.318614999999999974e-17
1.671286000000000049e+00 1.431427012167909256e-14 1.350970999999999958e-17
1.671681999999999890e+00 1.423420058923416036e-14 1.459287999999999934e-17
1.672077999999999953e+00 1.390644657046370981e-14 1.520600999999999879e-17
1.672474000000000016e+00 1.370308725517853784e-14 1.493463000000000140e-17
1.672870000000000079e+00 1.381559206362086185e-14 1.512133999999999877e-17
1.673265999999999920e+00 1.396813212665802041e-14 1.523686000000000044e-17
1.673661999999999983e+00 1.409938219660852323e-14 1.577959000000000064e-17
1.674058000000000046e+00 1.402174687867480132e-14 1.587911999999999998e-17
1.674454000000000109e+00 1.398138824174151152e-14 1.770150000000000091e-17
1.674849999999999950e+00 1.437195235297143386e-14 1.939258000000000008e-17
1.675246000000000013e+00 1.423772136164075604e-14 1.879345999999999891e-17
1.675642000000000076e+00 1.416224519307663110e-14 2.061125999999999859e-17
1.676037999999999917e+00 1.414455314837329711e-14 2.277846999999999863e-17
1.676433999999999980e+00 1.394383084586902561e-14 2.334775999999999940e-17
1.676830000000000043e+00 1.379869934120938460e-14 2.475954000000000037e-17
1.677226000000000106e+00 1.399795366932320737e-14 2.691769999999999968e-17
1.677621999999999947e+00 1.415553924128206601e-14 2.895626999999999977e-17
1.678018000000000010e+00 1.432028382255934419e-14 3.042683999999999794e-17
1.678414000000000073e+00 1.425560454843446917e-14 3.379279999999999787e-17
1.678809999999999913e+00 1.429531688564821599e-14 3.771981000000000298e-17
1.679205999999999976e+00 1.471126859731691049e-14 4.651062000000000220e-17
1.679602000000000039e+00 1.464357467697600405e-14 4.776126999999999793e-17
1.679998000000000102e+00 1.429115495571268160e-14 4.624240999999999798e-17
1.680393999999999943e+00 nan nan
1.680790000000000006e+00 nan nan
1.681186000000000069e+00 nan nan
1.681581999999999910e+00 nan nan
1.681977999999999973e+00 nan nan
1.682374000000000036e+00 nan nan
1.682770000000000099e+00 nan nan
1.683165999999999940e+00 1.424310316940033562e-14 4.648211999999999961e-17
1.683562000000000003e+00 1.430380389296955754e-14 3.361499999999999870e-17
1.683958000000000066e+00 1.420310868699338998e-14 2.133482000000000093e-17
1.684353999999999907e+00 1.378695536382242033e-14 1.620540999999999981e-17
1.684749999999999970e+00 1.355324512942379468e-14 1.597491999999999912e-17
1.685146000000000033e+00 1.369062097197381658e-14 1.589895000000000121e-17
1.685542000000000096e+00 1.380195360051744731e-14 1.555180999999999891e-17
1.685937999999999937e+00 1.401267197927201570e-14 1.549299000000000094e-17
1.686334000000000000e+00 1.388564878428826420e-14 1.547221000000000127e-17
1.686730000000000063e+00 1.345731000572443084e-14 1.529770000000000142e-17
1.687125999999999904e+00 1.345334619840467779e-14 1.546151999999999999e-17
1.687521999999999966e+00 1.364884892487347174e-14 1.572239999999999886e-17
1.687918000000000029e+00 1.353448031572755273e-14 1.566678999999999920e-17
1.688314000000000092e+00 1.346117161232803334e-14 1.526676000000000057e-17
1.688709999999999933e+00 1.324365133384331407e-14 1.428563000000000123e-17
1.689105999999999996e+00 1.321938927831324081e-14 1.343216999999999930e-17
1.689502000000000059e+00 1.323858231162417805e-14 1.253444000000000061e-17
1.689897999999999900e+00 1.366442622153911510e-14 1.263466000000000053e-17
1.690293999999999963e+00 1.401611306323848299e-14 1.264302000000000069e-17
1.690690000000000026e+00 1.404196273078134089e-14 1.195601999999999965e-17
1.691086000000000089e+00 1.410109406542503884e-14 1.173072999999999952e-17
1.691481999999999930e+00 1.426220916761492839e-14 1.165487000000000029e-17
1.691877999999999993e+00 1.387722235608145639e-14 1.136876000000000020e-17
1.692274000000000056e+00 1.342010814721651120e-14 1.070613999999999933e-17
1.692669999999999897e+00 1.353193894152774564e-14 1.038479000000000065e-17
1.693065999999999960e+00 1.406702133644411649e-14 1.015867000000000050e-17
1.693462000000000023e+00 1.405625983617024299e-14 9.755068999999999534e-18
1.693858000000000086e+00 1.378475764574096444e-14 9.386005999999999359e-18
1.694253999999999927e+00 1.352314996410740907e-14 9.132676000000000106e-18
1.694649999999999990e+00 1.352623629617431742e-14 9.158404000000000098e-18
1.695046000000000053e+00 1.361934001792667016e-14 9.405263999999999414e-18
1.695441999999999894e+00 1.359218010039432701e-14 9.900280999999999652e-18
1.695837999999999957e+00 1.372979262824804693e-14 9.726490999999999593e-18
1.696234000000000020e+00 1.373046124855904541e-14 1.044741000000000009e-17
1.696630000000000082e+00 1.354168367984864255e-14 1.121829000000000011e-17
1.697025999999999923e+00 1.324703120692557239e-14 1.129241999999999957e-17
1.697421999999999986e+00 1.307256514864769068e-14 1.075664000000000072e-17
1.697818000000000049e+00 1.324841511533055571e-14 9.972799999999999812e-18
1.698213999999999890e+00 1.352229595960014415e-14 9.787758999999999627e-18
1.698609999999999953e+00 1.359289415210426588e-14 9.951713000000000566e-18
1.699006000000000016e+00 1.353533100608504229e-14 1.002271999999999931e-17
1.699402000000000079e+00 1.344775273724074871e-14 1.038043999999999959e-17
1.699797999999999920e+00 1.336691080431477881e-14 1.037211999999999993e-17
1.700193999999999983e+00 1.339967753382725620e-14 9.871611999999999454e-18
1.700590000000000046e+00 1.309281231149520482e-14 9.593754999999999377e-18
1.700986000000000109e+00 1.276281171905081662e-14 9.577248999999999351e-18
1.701381999999999950e+00 1.284594280195235829e-14 9.551008000000000201e-18
1.701778000000000013e+00 1.339590064336390139e-14 9.873403000000000248e-18
1.702174000000000076e+00 1.364636673376020324e-14 1.000779000000000027e-17
1.702569999999999917e+00 1.339814625417728757e-14 1.203832999999999933e-17
1.702965999999999980e+00 1.345078587482005624e-14 1.005890999999999943e-17
1.703362000000000043e+00 1.338842449869738703e-14 1.014941000000000060e-17
1.703758000000000106e+00 1.301870669436998678e-14 1.024028999999999961e-17
1.704153999999999947e+00 1.282360952147707679e-14 1.026200999999999952e-17
1.704550000000000010e+00 1.299112839664375226e-14 1.061639000000000025e-17
1.704946000000000073e+00 1.306727595060381262e-14 1.214345999999999963e-17
1.705341999999999913e+00 1.280441548665681846e-14 1.433371999999999895e-17
1.705737999999999976e+00 1.290911707659361021e-14 1.566767999999999920e-17
1.706134000000000039e+00 1.318895091503107530e-14 1.615683999999999915e-17
1.706530000000000102e+00 1.300952406348914923e-14 1.598030000000000116e-17
1.706925999999999943e+00 1.282963702303186511e-14 1.585341999999999865e-17
1.707322000000000006e+00 1.258667448967519190e-14 1.454969999999999893e-17
1.707718000000000069e+00 1.269611208545218370e-14 1.408160999999999883e-17
1.708113999999999910e+00 1.255281385765967279e-14 1.491983999999999872e-17
1.708509999999999973e+00 1.224089069803176588e-14 1.515960000000000059e-17
1.708906000000000036e+00 1.270127926951155834e-14 1.619452000000000063e-17
1.709302000000000099e+00 1.308630644286246708e-14 1.634731999999999877e-17
1.709697999999999940e+00 1.334485373797573244e-14 1.514118000000000127e-17
1.710094000000000003e+00 1.341225652985420961e-14 1.450351999999999938e-17
1.710490000000000066e+00 1.314590294263984921e-14 1.415461999999999964e-17
1.710885999999999907e+00 1.270668046129293507e-14 1.364778999999999939e-17
1.711281999999999970e+00 1.262253347173166387e-14 1.321670999999999968e-17
1.711678000000000033e+00 1.269279886684699562e-14 1.226189999999999944e-17
1.712074000000000096e+00 1.265976421400203620e-14 1.182748000000000018e-17
1.712469999999999937e+00 1.292813179935818767e-14 1.194454000000000038e-17
1.712866000000000000e+00 1.320813034385360471e-14 1.195424999999999939e-17
1.713262000000000063e+00 1.327898475401307683e-14 1.204977999999999937e-17
1.713657999999999904e+00 1.275700067673117922e-14 1.055227999999999944e-17
1.714053999999999967e+00 1.234452764347397764e-14 9.618648999999999762e-18
1.714450000000000029e+00 1.204081250541947802e-14 9.001079999999999563e-18
1.714846000000000092e+00 1.224084802974720525e-14 8.888316000000000584e-18
1.715241999999999933e+00 1.274124704260672366e-14 9.017083999999999682e-18
1.715637999999999996e+00 1.265877860460558654e-14 8.869071999999999857e-18
1.716034000000000059e+00 1.253069437990608384e-14 8.924112000000000451e-18
1.716429999999999900e+00 1.271836672645227855e-14 8.921530000000000629e-18
1.716825999999999963e+00 1.283942933367636692e-14 8.912931000000000048e-18
1.717222000000000026e+00 1.239603747691778617e-14 8.663008999999999507e-18
1.717618000000000089e+00 1.213215423529982292e-14 8.330252999999999334e-18
1.718013999999999930e+00 1.201514277372515199e-14 8.226411000000000407e-18
1.718409999999999993e+00 1.188100992265732388e-14 8.322917999999999519e-18
1.718806000000000056e+00 1.159797150421190185e-14 8.259361999999999424e-18
1.719201999999999897e+00 1.149774627983163992e-14 8.284816000000000675e-18
1.719597999999999960e+00 1.218895843484321414e-14 2.028699999999999998e-17
1.719994000000000023e+00 1.186242721026714880e-14 8.552146999999999519e-18
1.720390000000000086e+00 1.256710540797151759e-14 8.785237000000000487e-18
1.720785999999999927e+00 1.245390816799877978e-14 8.864215999999999302e-18
1.721181999999999990e+00 1.183851590677892520e-14 8.713681000000000126e-18
1.721578000000000053e+00 1.208430817175424488e-14 8.970553000000000465e-18
1.721973999999999894e+00 1.265198292746663908e-14 9.159850999999999347e-18
1.722369999999999957e+00 1.248064908414218471e-14 9.078347000000000617e-18
1.722766000000000020e+00 1.199143146673538337e-14 9.009801000000000674e-18
1.723162000000000083e+00 1.167542636901593896e-14 9.091745000000000305e-18
1.723557999999999923e+00 1.139670158176088712e-14 8.800313000000000668e-18
1.723953999999999986e+00 1.174699048465567041e-14 9.053636999999999768e-18
1.724350000000000049e+00 1.222610118108739289e-14 9.231327000000000245e-18
1.724745999999999890e+00 1.219786070594184829e-14 9.318090000000000004e-18
1.725141999999999953e+00 1.215782969799939021e-14 9.388330000000000333e-18
1.725538000000000016e+00 1.219620846702553578e-14 9.455225999999999981e-18
1.725934000000000079e+00 1.197137063439319734e-14 9.514801000000000683e-18
1.726329999999999920e+00 1.151362589388510845e-14 9.216115000000000206e-18
1.726725999999999983e+00 1.128200744383166323e-14 9.401345000000000568e-18
1.727122000000000046e+00 1.131120613305852275e-14 9.461428999999999300e-18
1.727518000000000109e+00 1.196221476590118987e-14 1.067312000000000010e-17
1.727913999999999950e+00 1.243218890132101304e-14 1.131333000000000049e-17
1.728310000000000013e+00 1.239403484251496023e-14 1.118033999999999947e-17
1.728706000000000076e+00 1.219393886747692040e-14 1.056679999999999989e-17
1.729101999999999917e+00 1.176154835970679843e-14 1.053097999999999941e-17
1.729497999999999980e+00 1.147836739683693210e-14 1.132271000000000036e-17
1.729894000000000043e+00 1.170289842816181406e-14 1.284227000000000061e-17
1.730290000000000106e+00 1.228014596740470571e-14 1.418980000000000133e-17
1.730685999999999947e+00 1.271663999964274924e-14 1.485448000000000110e-17
1.731082000000000010e+00 1.230239119022007059e-14 1.443416000000000085e-17
1.731478000000000073e+00 1.140066264508959297e-14 1.283048999999999990e-17
1.731873999999999914e+00 1.085624307692979764e-14 1.239786000000000037e-17
1.732269999999999976e+00 1.127049188987346859e-14 1.363067999999999995e-17
1.732666000000000039e+00 1.174161329456184111e-14 1.435673000000000080e-17
1.733062000000000102e+00 1.202282599804485212e-14 1.802332000000000125e-17
1.733457999999999943e+00 1.200146457121544921e-14 2.020321999999999995e-17
1.733854000000000006e+00 1.169940071007148088e-14 2.155886000000000116e-17
1.734250000000000069e+00 1.124553411326262495e-14 2.261920999999999876e-17
1.734645999999999910e+00 1.101411380020575812e-14 2.254791000000000130e-17
1.735041999999999973e+00 1.102500321724847218e-14 2.232353000000000065e-17
1.735438000000000036e+00 1.105425872638459300e-14 2.226436000000000099e-17
1.735834000000000099e+00 1.129808327427668098e-14 2.151496999999999916e-17
1.736229999999999940e+00 1.163354059228032393e-14 2.112276000000000084e-17
1.736626000000000003e+00 1.158293658586022782e-14 1.661917000000000091e-17
1.737022000000000066e+00 1.142476631630865983e-14 1.363301999999999928e-17
1.737417999999999907e+00 1.157378476665977678e-14 1.371091999999999946e-17
1.737813999999999970e+00 1.168122184546288680e-14 1.381023999999999963e-17
1.738210000000000033e+00 1.147760991002008752e-14 1.326516000000000037e-17
1.738606000000000096e+00 1.161815928977583134e-14 1.310378999999999982e-17
1.739001999999999937e+00 1.174876750652662636e-14 1.152778000000000015e-17
1.739398000000000000e+00 1.161830979022534767e-14 1.011663999999999950e-17
1.739794000000000063e+00 1.113231778413833258e-14 1.097201999999999934e-17
1.740189999999999904e+00 1.078420372378409132e-14 1.044614000000000072e-17
1.740585999999999967e+00 1.053601324139504214e-14 1.020508000000000024e-17
1.740982000000000030e+00 1.099174909643759383e-14 8.770878999999999535e-18
1.741378000000000092e+00 nan nan
1.741773999999999933e+00 1.185332949199799511e-14 9.457841000000000641e-18
1.742169999999999996e+00 1.174057773995761053e-14 9.712019999999999880e-18
1.742566000000000059e+00 1.104981591090410964e-14 9.573161999999999320e-18
1.742961999999999900e+00 1.108485127375013038e-14 9.617755999999999685e-18
1.743357999999999963e+00 1.122115369872375938e-14 9.824039000000000485e-18
1.743754000000000026e+00 1.091932067112933799e-14 9.635726999999999418e-18
1.744150000000000089e+00 nan nan
1.744545999999999930e+00 1.153993502216413224e-14 1.064939000000000000e-17
1.744941999999999993e+00 1.132499897746978881e-14 1.088958999999999969e-17
1.745338000000000056e+00 1.123792832523883501e-14 1.354599000000000044e-17
1.745733999999999897e+00 1.133774435249656600e-14 1.417842999999999921e-17
1.746129999999999960e+00 1.194391248257181119e-14 1.315079999999999939e-17
1.746526000000000023e+00 1.159254955729289234e-14 1.284833000000000041e-17
1.746922000000000086e+00 1.108259274100853066e-14 1.236826000000000016e-17
1.747317999999999927e+00 1.076803594437642486e-14 1.213471000000000035e-17
1.747713999999999990e+00 1.073530931757255570e-14 1.203315999999999953e-17
1.748110000000000053e+00 1.063673832343723860e-14 1.196913999999999947e-17
1.748505999999999894e+00 1.123650941220660502e-14 1.259256999999999955e-17
1.748901999999999957e+00 1.157202272313540985e-14 1.090472999999999944e-17
1.749298000000000020e+00 1.136210378538391561e-14 9.429599999999999498e-18
1.749694000000000083e+00 1.135085734041939208e-14 9.262231000000000185e-18
1.750089999999999923e+00 1.097760169638127457e-14 8.836463000000000279e-18
1.750485999999999986e+00 1.012353335221139803e-14 8.252711000000000028e-18
1.750882000000000049e+00 1.020075605994065048e-14 8.414066000000000199e-18
1.751277999999999890e+00 1.078053463337646433e-14 8.648972000000000542e-18
1.751673999999999953e+00 1.087028095205950621e-14 8.661162999999999371e-18
1.752070000000000016e+00 1.081368006997123519e-14 9.191148000000000022e-18
1.752466000000000079e+00 1.118512801776044513e-14 9.569385000000000484e-18
1.752861999999999920e+00 1.155496649050342020e-14 1.016563000000000004e-17
1.753257999999999983e+00 1.128051144736188160e-14 1.016252000000000068e-17
1.753654000000000046e+00 1.090246984539018546e-14 9.589793999999999464e-18
1.754050000000000109e+00 1.064053183836823474e-14 9.272295000000000473e-18
1.754445999999999950e+00 1.059262781627469028e-14 8.908834000000000277e-18
1.754842000000000013e+00 1.085595583687889368e-14 9.113159000000000151e-18
1.755238000000000076e+00 1.101758621178248714e-14 9.392389999999999678e-18
1.755633999999999917e+00 1.052639987309185517e-14 9.141626999999999867e-18
1.756029999999999980e+00 1.002258993592328856e-14 9.131372999999999891e-18
1.756426000000000043e+00 9.890212313718490539e-15 9.201206999999999669e-18
1.756822000000000106e+00 1.006167302687031773e-14 9.278332000000000713e-18
1.757217999999999947e+00 1.056149058546953658e-14 9.623701999999999669e-18
1.757614000000000010e+00 1.073780627578699596e-14 9.820556999999999382e-18
1.758010000000000073e+00 1.046033324585663305e-14 9.941081000000000236e-18
1.758405999999999914e+00 1.027410472588437163e-14 9.953639000000000165e-18
1.758801999999999977e+00 1.021059779590352529e-14 9.489270999999999556e-18
1.759198000000000039e+00 1.044622326993107305e-14 9.435455000000000766e-18
1.759594000000000102e+00 1.072637593123245920e-14 9.659922000000000544e-18
1.759989999999999943e+00 1.092770487951988541e-14 1.015376000000000012e-17
1.760386000000000006e+00 1.072192445621433666e-14 1.031003000000000060e-17
1.760782000000000069e+00 1.009897846991236717e-14 1.008060999999999986e-17
1.761177999999999910e+00 1.020110384702279490e-14 1.036322999999999967e-17
1.761573999999999973e+00 1.069950309033011526e-14 1.077749000000000011e-17
1.761970000000000036e+00 1.051627384999582465e-14 1.062172000000000052e-17
1.762366000000000099e+00 9.947849173557886011e-15 1.007385999999999949e-17
1.762761999999999940e+00 9.787113099558252909e-15 9.818279000000000602e-18
1.763158000000000003e+00 9.825043054680865772e-15 1.186892999999999929e-17
1.763554000000000066e+00 1.063115582567274742e-14 1.318934999999999985e-17
1.763949999999999907e+00 1.086183402096138961e-14 1.081835000000000068e-17
1.764345999999999970e+00 1.024058477729871265e-14 1.002714999999999984e-17
1.764742000000000033e+00 1.035882200926093693e-14 1.044171000000000019e-17
1.765138000000000096e+00 1.067434368203231311e-14 1.092877000000000074e-17
1.765533999999999937e+00 1.070785645693912686e-14 1.240321000000000012e-17
1.765930000000000000e+00 1.108144269938919838e-14 1.355673000000000043e-17
1.766326000000000063e+00 1.131378230068377062e-14 1.399532999999999901e-17
1.766721999999999904e+00 1.074831234372060496e-14 1.336707999999999929e-17
1.767117999999999967e+00 9.981710749442644629e-15 1.248961999999999964e-17
1.767514000000000030e+00 9.714640838005929501e-15 1.210576999999999995e-17
1.767910000000000093e+00 9.660563039501393743e-15 1.192710000000000027e-17
1.768305999999999933e+00 9.560351013565006643e-15 1.178781999999999927e-17
1.768701999999999996e+00 9.824828376543289846e-15 1.206659000000000044e-17
1.769098000000000059e+00 1.033755392656314938e-14 1.252859999999999973e-17
1.769493999999999900e+00 1.070338284615341904e-14 1.288131000000000068e-17
1.769889999999999963e+00 1.061741613117145014e-14 1.352439000000000049e-17
1.770286000000000026e+00 1.046881347219414006e-14 1.359499000000000072e-17
1.770682000000000089e+00 1.034001488635999430e-14 1.265395000000000037e-17
1.771077999999999930e+00 1.003766965252796683e-14 1.166049000000000073e-17
1.771473999999999993e+00 9.991333644527958968e-15 1.160947000000000052e-17
1.771870000000000056e+00 9.890759437811882780e-15 1.150172000000000046e-17
1.772265999999999897e+00 9.589225067721175616e-15 1.189851999999999976e-17
1.772661999999999960e+00 9.360380544654444963e-15 1.191055999999999989e-17
1.773058000000000023e+00 9.573051555713563480e-15 1.214100000000000034e-17
1.773454000000000086e+00 1.022426248466763846e-14 1.293283000000000023e-17
1.773849999999999927e+00 1.042363703183247463e-14 1.327004999999999974e-17
1.774245999999999990e+00 9.972152464286964887e-15 1.267981000000000063e-17
1.774642000000000053e+00 9.248049334943940574e-15 1.177206000000000021e-17
1.775037999999999894e+00 9.047345136289904990e-15 1.161589999999999995e-17
1.775433999999999957e+00 9.313303225766328970e-15 1.196394000000000045e-17
1.775830000000000020e+00 9.556553042829746319e-15 1.212089000000000022e-17
1.776226000000000083e+00 9.249902652646103156e-15 1.178796999999999999e-17
1.776621999999999924e+00 9.111392675879303258e-15 1.171980999999999958e-17
1.777017999999999986e+00 9.465264822312847306e-15 1.180735000000000058e-17
1.777414000000000049e+00 9.658826232762108005e-15 9.755809000000000348e-18
1.777809999999999890e+00 9.529465441772182181e-15 7.859656999999999285e-18
1.778205999999999953e+00 9.637973070729601023e-15 7.606272000000000690e-18
1.778602000000000016e+00 9.705618505238424924e-15 7.611083000000000102e-18
1.778998000000000079e+00 9.425731573511121222e-15 7.426360999999999799e-18
1.779393999999999920e+00 9.091435188736925765e-15 7.312888999999999792e-18
1.779789999999999983e+00 9.203717195017788918e-15 7.577511000000000724e-18
1.780186000000000046e+00 9.888884198265215887e-15 8.210386999999999267e-18
1.780582000000000109e+00 1.004347758425963205e-14 8.456583000000000726e-18
1.780977999999999950e+00 9.347479809233359948e-15 8.566512000000000135e-18
1.781374000000000013e+00 8.883592986077374073e-15 8.957248999999999568e-18
1.781770000000000076e+00 9.121385297515517046e-15 9.298831000000000437e-18
1.782165999999999917e+00 9.363411576774824372e-15 9.992262999999999938e-18
1.782561999999999980e+00 9.292142696814150393e-15 9.989276000000000617e-18
1.782958000000000043e+00 9.512052474797612179e-15 9.857264999999999294e-18
1.783354000000000106e+00 1.012277914886996005e-14 1.070873999999999961e-17
1.783749999999999947e+00 1.041200121116066619e-14 1.121217000000000033e-17
1.784146000000000010e+00 1.022451131634186889e-14 1.132611999999999963e-17
1.784542000000000073e+00 9.755814864490807019e-15 1.089098000000000058e-17
1.784937999999999914e+00 9.437505402408944381e-15 1.069343999999999939e-17
1.785333999999999977e+00 9.106906220944156255e-15 1.011419999999999969e-17
1.785730000000000040e+00 8.762961138279758337e-15 8.864429999999999600e-18
1.786126000000000102e+00 8.942767643790054999e-15 7.885210999999999480e-18
1.786521999999999943e+00 9.073495523199387550e-15 7.341879999999999948e-18
1.786918000000000006e+00 8.640173122045485136e-15 6.871435999999999649e-18
1.787314000000000069e+00 8.451737164570141871e-15 6.620822999999999795e-18
1.787709999999999910e+00 8.830295296930692881e-15 6.711432000000000142e-18
1.788105999999999973e+00 9.061203374440524051e-15 6.833384999999999789e-18
1.788502000000000036e+00 9.029691438999901808e-15 6.755359000000000263e-18
1.788898000000000099e+00 9.288206667918603242e-15 6.885503999999999658e-18
1.789293999999999940e+00 9.558465125694551184e-15 6.780328999999999754e-18
1.789690000000000003e+00 9.599618410258210611e-15 6.794701000000000034e-18
1.790086000000000066e+00 9.253632543684148442e-15 6.504246000000000296e-18
1.790481999999999907e+00 8.972764827903314410e-15 6.315612000000000041e-18
1.790877999999999970e+00 9.094924153449724162e-15 6.428391000000000171e-18
1.791274000000000033e+00 9.010745287538144183e-15 6.358620999999999963e-18
1.791670000000000096e+00 8.779009213385585887e-15 6.474565000000000338e-18
1.792065999999999937e+00 8.785379299939526034e-15 6.746846000000000068e-18
1.792462000000000000e+00 8.947460731119195141e-15 9.221597000000000221e-18
1.792858000000000063e+00 9.058933223528107108e-15 9.610183000000000504e-18
1.793253999999999904e+00 8.659805697508168046e-15 9.369540999999999346e-18
1.793649999999999967e+00 8.341222794706615304e-15 7.403953999999999391e-18
1.794046000000000030e+00 8.476206256263948851e-15 7.214675000000000477e-18
1.794442000000000093e+00 8.589502089128394748e-15 7.247836000000000204e-18
1.794837999999999933e+00 8.515418747280970857e-15 7.394913999999999939e-18
1.795233999999999996e+00 8.825973842057728898e-15 7.786934000000000107e-18
1.795630000000000059e+00 9.367773873636982127e-15 8.242298000000000637e-18
1.796025999999999900e+00 8.847656282056340053e-15 7.886494000000000215e-18
1.796421999999999963e+00 8.320745537592151359e-15 7.450639999999999976e-18
1.796818000000000026e+00 8.921864468109228373e-15 7.909451000000000208e-18
1.797214000000000089e+00 9.269937426439499756e-15 8.137285999999999735e-18
1.797609999999999930e+00 9.208674224846092285e-15 7.985003000000000343e-18
1.798005999999999993e+00 9.297696944469304232e-15 7.535135000000000697e-18
1.798402000000000056e+00 9.466065480700864687e-15 7.465641999999999305e-18
1.798797999999999897e+00 9.235345182267734261e-15 7.380544999999999734e-18
1.799193999999999960e+00 8.498712036103508363e-15 6.999181000000000505e-18
1.799590000000000023e+00 8.166949101775689685e-15 6.830678999999999644e-18
1.799986000000000086e+00 8.351824709563474387e-15 6.976313999999999716e-18
1.800381999999999927e+00 8.416999598289225138e-15 7.254993000000000635e-18
1.800777999999999990e+00 8.069366381732432691e-15 7.163425999999999588e-18
1.801174000000000053e+00 7.777948165532937503e-15 7.093111000000000436e-18
1.801569999999999894e+00 8.000421669712201888e-15 8.151712999999999358e-18
1.801965999999999957e+00 8.293121821454222299e-15 8.950399999999999768e-18
1.802362000000000020e+00 8.107869045612107863e-15 8.545489999999999971e-18
1.802758000000000083e+00 8.112546557304049203e-15 8.058889999999999802e-18
1.803153999999999924e+00 8.488218446697609723e-15 7.956741999999999720e-18
1.803549999999999986e+00 8.632767683911655624e-15 8.226384999999999233e-18
1.803946000000000049e+00 8.982134520744576474e-15 8.600391000000000631e-18
1.804341999999999890e+00 9.269138551087154501e-15 8.745872999999999901e-18
1.804737999999999953e+00 9.001796245113525313e-15 8.537827999999999557e-18
1.805134000000000016e+00 8.650051853743436750e-15 7.899499000000000709e-18
1.805530000000000079e+00 8.392158546555246909e-15 7.735093000000000107e-18
1.805925999999999920e+00 8.442235188146022031e-15 8.281888999999999797e-18
1.806321999999999983e+00 8.546748178297517296e-15 8.540452999999999957e-18
1.806718000000000046e+00 8.585609117077072791e-15 8.554013000000000677e-18
1.807114000000000109e+00 7.966240007765144284e-15 8.122903000000000203e-18
1.807509999999999950e+00 7.798651232061319181e-15 7.558904999999999762e-18
1.807906000000000013e+00 8.395618716614754070e-15 7.930733999999999296e-18
1.808302000000000076e+00 8.572566091076120164e-15 8.457751000000000595e-18
1.808697999999999917e+00 8.288777015782220576e-15 8.628203000000000125e-18
1.809093999999999980e+00 8.473465274529319113e-15 8.808323000000000674e-18
1.809490000000000043e+00 8.778638330658932854e-15 8.707827999999999422e-18
1.809886000000000106e+00 8.893747518914335959e-15 8.704995999999999929e-18
1.810281999999999947e+00 8.510702396017143435e-15 8.611760000000000158e-18
1.810678000000000010e+00 7.601875778414413594e-15 8.500352999999999685e-18
1.811074000000000073e+00 7.621543190879238932e-15 8.710449999999999746e-18
1.811469999999999914e+00 8.340507154914059950e-15 9.436472000000000396e-18
1.811865999999999977e+00 8.394864586186476841e-15 9.031733000000000319e-18
1.812262000000000040e+00 7.803719906336420837e-15 8.964418999999999816e-18
1.812658000000000103e+00 7.626240739150540094e-15 8.135278000000000108e-18
1.813053999999999943e+00 8.205715662207793240e-15 7.450651000000000769e-18
1.813450000000000006e+00 8.547058794804147047e-15 7.544961000000000077e-18
1.813846000000000069e+00 8.898723912933983203e-15 7.339876999999999420e-18
1.814241999999999910e+00 9.487985868413416650e-15 7.479221999999999506e-18
1.814637999999999973e+00 9.508221513419055925e-15 7.456550000000000587e-18
1.815034000000000036e+00 8.806419835168660885e-15 7.023047000000000468e-18
1.815430000000000099e+00 8.722532523595832813e-15 7.065456999999999304e-18
1.815825999999999940e+00 8.787751359902374335e-15 6.970289999999999293e-18
1.816222000000000003e+00 8.863443768281117473e-15 6.770869999999999934e-18
1.816618000000000066e+00 8.764725940867421862e-15 6.591305000000000381e-18
1.817013999999999907e+00 8.092983227931715002e-15 6.141934000000000001e-18
1.817409999999999970e+00 7.924485767065834510e-15 6.053686000000000284e-18
1.817806000000000033e+00 8.073494025433233172e-15 6.313997999999999889e-18
1.818202000000000096e+00 8.066952896666232926e-15 6.483934999999999696e-18
1.818597999999999937e+00 8.130290536060061548e-15 7.236885999999999504e-18
1.818994000000000000e+00 8.280564664413714380e-15 9.090470999999999798e-18
1.819390000000000063e+00 8.093869360303185310e-15 9.658717999999999761e-18
1.819785999999999904e+00 8.100595012715607951e-15 9.782711999999999873e-18
1.820181999999999967e+00 8.284269079266608816e-15 1.012226999999999968e-17
1.820578000000000030e+00 8.186361404155938266e-15 9.832325999999999307e-18
1.820974000000000093e+00 8.049332239847640762e-15 9.447206999999999747e-18
1.821369999999999933e+00 7.823933679581733562e-15 9.243295000000000088e-18
1.821765999999999996e+00 7.453931478294264744e-15 9.041697999999999634e-18
1.822162000000000059e+00 7.394253301066423188e-15 9.021305000000000547e-18
1.822557999999999900e+00 7.848668804356567193e-15 9.499290999999999754e-18
1.822953999999999963e+00 8.527336494727944037e-15 1.003195999999999973e-17
1.823350000000000026e+00 8.967555587722505046e-15 1.041743000000000050e-17
1.823746000000000089e+00 9.049228803069386727e-15 1.043952999999999979e-17
1.824141999999999930e+00 9.057938608296794158e-15 8.900831999999999447e-18
1.824537999999999993e+00 8.645358887110639884e-15 7.983991999999999324e-18
1.824934000000000056e+00 8.017256037123518462e-15 6.970023000000000217e-18
1.825329999999999897e+00 7.907979282489124859e-15 6.687006000000000085e-18
1.825725999999999960e+00 8.176166867152996519e-15 6.824129999999999756e-18
1.826122000000000023e+00 7.440020757813792314e-15 6.389726000000000385e-18
1.826518000000000086e+00 7.193640212269129837e-15 6.173101999999999710e-18
1.826913999999999927e+00 7.884903221122341801e-15 6.602735000000000173e-18
1.827309999999999990e+00 8.113478100377734803e-15 6.797388999999999723e-18
1.827706000000000053e+00 8.742048288333636691e-15 1.448116000000000068e-17
1.828101999999999894e+00 8.967353198060363279e-15 1.477575000000000090e-17
1.828497999999999957e+00 9.142822182694457893e-15 1.535456999999999918e-17
1.828894000000000020e+00 8.370940337110479257e-15 6.795592999999999829e-18
1.829290000000000083e+00 8.564250421508288050e-15 7.125076000000000096e-18
1.829685999999999924e+00 8.739509958669397445e-15 8.055150999999999363e-18
1.830081999999999987e+00 8.171708190149743100e-15 9.756181000000000549e-18
1.830478000000000049e+00 8.127767589198034906e-15 1.006280999999999984e-17
1.830873999999999890e+00 8.298992174150388114e-15 1.023206000000000070e-17
1.831269999999999953e+00 8.377465778338624223e-15 1.036770000000000069e-17
1.831666000000000016e+00 8.224123150749698139e-15 1.021469000000000030e-17
1.832062000000000079e+00 7.808805560271575607e-15 9.818242000000000176e-18
1.832457999999999920e+00 7.495359917822973059e-15 9.446329999999999562e-18
1.832853999999999983e+00 7.675283583690517420e-15 8.999954000000000760e-18
1.833250000000000046e+00 8.043494709655348261e-15 8.160590999999999320e-18
1.833646000000000109e+00 8.133838191355124967e-15 7.879835999999999615e-18
1.834041999999999950e+00 8.146717168507886650e-15 7.584440999999999500e-18
1.834438000000000013e+00 7.991227828068962264e-15 8.562850000000000624e-18
1.834834000000000076e+00 7.687030898617361550e-15 8.334019999999999971e-18
1.835229999999999917e+00 7.874191833567812701e-15 8.264029999999999313e-18
1.835625999999999980e+00 8.223879064198687717e-15 7.622435999999999736e-18
1.836022000000000043e+00 8.189360016592080866e-15 6.633432999999999761e-18
1.836418000000000106e+00 8.356673676308558027e-15 6.570966000000000354e-18
1.836813999999999947e+00 8.614532545387316026e-15 6.781485000000000089e-18
1.837210000000000010e+00 8.311572086368116638e-15 6.661720000000000017e-18
1.837606000000000073e+00 7.564956616703885502e-15 6.280198999999999627e-18
1.838001999999999914e+00 7.622734257844131437e-15 6.411880000000000274e-18
1.838397999999999977e+00 8.170147281039318071e-15 6.947757000000000308e-18
1.838794000000000040e+00 8.169638554803550980e-15 7.232144000000000303e-18
1.839190000000000103e+00 7.765356003722605777e-15 7.108872000000000548e-18
1.839585999999999943e+00 7.510814209060384122e-15 6.916099999999999738e-18
1.839982000000000006e+00 7.790545689057144311e-15 7.077581000000000027e-18
1.840378000000000069e+00 8.209145418769610218e-15 7.284424000000000152e-18
1.840773999999999910e+00 8.586552707237473965e-15 7.251633000000000062e-18
1.841169999999999973e+00 8.952315119133902101e-15 7.599626999999999906e-18
1.841566000000000036e+00 8.388346342941240066e-15 7.523856000000000373e-18
1.841962000000000099e+00 7.503391892112318141e-15 7.123703000000000158e-18
1.842357999999999940e+00 7.254323253510126643e-15 6.930301999999999811e-18
1.842754000000000003e+00 7.415778621448433254e-15 7.113436999999999876e-18
1.843150000000000066e+00 7.505959497808480788e-15 7.174661999999999333e-18
1.843545999999999907e+00 7.468132726541455932e-15 7.146111000000000077e-18
1.843941999999999970e+00 7.268840767310138000e-15 6.966911000000000291e-18
1.844338000000000033e+00 7.140207202741170780e-15 6.839433000000000052e-18
1.844734000000000096e+00 7.522023832014671080e-15 7.042110000000000194e-18
1.845129999999999937e+00 7.711674467581028362e-15 8.637803999999999956e-18
1.845526000000000000e+00 7.615722311623840398e-15 8.436105999999999506e-18
1.845922000000000063e+00 7.789132838064737140e-15 7.149232999999999744e-18
1.846317999999999904e+00 7.782422817071395145e-15 7.489064000000000320e-18
1.846713999999999967e+00 7.274841635172894840e-15 7.082375000000000034e-18
1.847110000000000030e+00 7.020318000841578132e-15 6.877717000000000179e-18
1.847506000000000093e+00 7.160218386382878408e-15 6.622911999999999939e-18
1.847901999999999934e+00 6.823070994053947192e-15 6.198758000000000185e-18
1.848297999999999996e+00 6.283480178031501014e-15 5.887644999999999766e-18
1.848694000000000059e+00 6.635525655929482423e-15 6.016849999999999689e-18
1.849089999999999900e+00 7.261227718973275715e-15 6.071153000000000316e-18
1.849485999999999963e+00 7.330703149489354565e-15 6.178872999999999616e-18
1.849882000000000026e+00 7.364964666957307102e-15 7.096125000000000442e-18
1.850278000000000089e+00 7.227060876230724950e-15 7.470200000000000510e-18
1.850673999999999930e+00 7.392184208168208355e-15 7.535814000000000476e-18
1.851069999999999993e+00 7.826754336997373363e-15 7.446767999999999755e-18
1.851466000000000056e+00 8.074732713926781233e-15 7.454064000000000121e-18
1.851861999999999897e+00 8.209860433675487920e-15 7.449860000000000201e-18
1.852257999999999960e+00 8.158842774555675039e-15 7.118540999999999537e-18
1.852654000000000023e+00 7.898242419019164161e-15 6.938712999999999727e-18
1.853050000000000086e+00 7.295599085408635303e-15 6.487472999999999653e-18
1.853445999999999927e+00 7.083392044590400283e-15 6.411493999999999975e-18
1.853841999999999990e+00 7.173767982750364514e-15 6.811644999999999626e-18
1.854238000000000053e+00 7.426225913037579049e-15 6.989602000000000720e-18
1.854633999999999894e+00 7.290471375578488332e-15 6.467679999999999623e-18
1.855029999999999957e+00 7.140258058525085048e-15 6.276183000000000372e-18
1.855426000000000020e+00 7.567537566269692477e-15 6.544755999999999936e-18
1.855822000000000083e+00 7.682059794256082939e-15 6.625259999999999982e-18
1.856217999999999924e+00 6.930630761880960171e-15 6.116933999999999749e-18
1.856613999999999987e+00 6.291156480695204279e-15 5.736498999999999970e-18
1.857010000000000050e+00 6.482338532570246688e-15 5.767049999999999677e-18
1.857405999999999890e+00 6.807780913905644218e-15 5.542407000000000310e-18
1.857801999999999953e+00 6.520019825662971940e-15 5.091388000000000198e-18
1.858198000000000016e+00 6.301502736129239241e-15 4.950138000000000276e-18
1.858594000000000079e+00 6.437962882376855724e-15 5.095038000000000175e-18
1.858989999999999920e+00 6.607836592572334529e-15 5.188996999999999815e-18
1.859385999999999983e+00 6.775914755433076773e-15 5.216430999999999726e-18
1.859782000000000046e+00 6.908995032277376115e-15 5.399657000000000048e-18
1.860178000000000109e+00 6.758896517328570738e-15 5.350735000000000210e-18
1.860573999999999950e+00 6.605214137759912653e-15 5.326064999999999863e-18
1.860970000000000013e+00 6.582463328068923199e-15 5.314819000000000377e-18
1.861366000000000076e+00 6.688136396886857177e-15 5.372134999999999957e-18
1.861761999999999917e+00 7.137294253820800151e-15 5.651437999999999772e-18
1.862157999999999980e+00 7.386783789501360041e-15 5.922947999999999955e-18
1.862554000000000043e+00 7.097136241112440481e-15 5.924860999999999738e-18
1.862950000000000106e+00 6.971379618292341125e-15 6.325236999999999710e-18
1.863345999999999947e+00 7.285403878014825720e-15 6.775387999999999866e-18
1.863742000000000010e+00 7.465265797068915405e-15 7.415250000000000660e-18
1.864138000000000073e+00 7.243340831835249127e-15 7.663094999999999822e-18
1.864533999999999914e+00 7.079570773438770746e-15 7.660904000000000170e-18
1.864929999999999977e+00 6.933284065909235342e-15 7.727326999999999620e-18
1.865326000000000040e+00 6.574771235700877589e-15 8.460838999999999912e-18
1.865722000000000103e+00 6.690559547754935468e-15 8.858704999999999579e-18
1.866117999999999943e+00 7.249070724173672877e-15 9.599762999999999908e-18
1.866514000000000006e+00 7.517287508492175976e-15 1.004673999999999959e-17
1.866910000000000069e+00 7.387843806644022280e-15 9.947574999999999240e-18
1.867305999999999910e+00 7.232988647977836582e-15 9.636577000000000458e-18
1.867701999999999973e+00 6.792181179982534268e-15 8.030447999999999719e-18
1.868098000000000036e+00 6.509531138981153485e-15 7.273580999999999600e-18
1.868494000000000099e+00 7.089198346037721675e-15 7.352717000000000347e-18
1.868889999999999940e+00 7.334462128846718566e-15 7.716973000000000699e-18
1.869286000000000003e+00 7.676078449082648807e-15 9.648549999999999400e-18
1.869682000000000066e+00 7.489875771193620810e-15 7.642513000000000558e-18
1.870077999999999907e+00 7.588781137522133483e-15 7.428275000000000635e-18
1.870473999999999970e+00 7.714738329977889718e-15 7.921869000000000691e-18
1.870870000000000033e+00 7.372722498112139068e-15 7.899537000000000647e-18
1.871266000000000096e+00 6.895337656995059375e-15 7.731425999999999955e-18
1.871661999999999937e+00 6.964182471148507170e-15 9.108333999999999870e-18
1.872058000000000000e+00 7.315699973473632382e-15 1.010811000000000067e-17
1.872454000000000063e+00 7.280993393870837308e-15 9.848035999999999665e-18
1.872849999999999904e+00 6.741593877563964443e-15 9.232422999999999827e-18
1.873245999999999967e+00 6.227217096425718545e-15 9.796903000000000694e-18
1.873642000000000030e+00 nan nan
1.874038000000000093e+00 7.106933173926568484e-15 1.743484000000000113e-17
1.874433999999999934e+00 7.450860094492934141e-15 1.576898000000000035e-17
1.874829999999999997e+00 7.374690663320227801e-15 1.546381000000000061e-17
1.875226000000000059e+00 7.410531028709766665e-15 1.536466000000000064e-17
1.875621999999999900e+00 7.746333123725259174e-15 1.594297000000000138e-17
1.876017999999999963e+00 7.857341673147458466e-15 1.585404000000000104e-17
1.876414000000000026e+00 7.580327512309720351e-15 1.518478000000000002e-17
1.876810000000000089e+00 7.105450041063806848e-15 1.415785000000000051e-17
1.877205999999999930e+00 6.975374194144528092e-15 1.301312999999999972e-17
1.877601999999999993e+00 7.014537295799378276e-15 9.769313000000000673e-18
1.877998000000000056e+00 6.914923222408370423e-15 6.503962000000000275e-18
1.878393999999999897e+00 6.612802783545334952e-15 5.508371999999999705e-18
1.878789999999999960e+00 6.570959070988743226e-15 5.435151999999999720e-18
1.879186000000000023e+00 6.850950012973069061e-15 5.439735999999999787e-18
1.879582000000000086e+00 7.002527933742787832e-15 5.554020000000000126e-18
1.879977999999999927e+00 7.198699614846976837e-15 5.734870999999999719e-18
1.880373999999999990e+00 7.425494625919130875e-15 5.705858999999999800e-18
1.880770000000000053e+00 7.673480168016545106e-15 5.768403999999999647e-18
1.881165999999999894e+00 7.466505585229803780e-15 5.782389000000000116e-18
1.881561999999999957e+00 7.074806139526937651e-15 5.634353999999999964e-18
1.881958000000000020e+00 7.436957758167016670e-15 5.921172000000000312e-18
1.882354000000000083e+00 7.918699902523056322e-15 6.310431999999999734e-18
1.882749999999999924e+00 8.260909013023998632e-15 6.686616999999999709e-18
1.883145999999999987e+00 8.065163784632444063e-15 6.581346999999999960e-18
1.883542000000000050e+00 7.882344909920568916e-15 6.514347000000000239e-18
1.883937999999999890e+00 7.763226313148289840e-15 6.517768999999999819e-18
1.884333999999999953e+00 7.687181152325280520e-15 6.581807999999999853e-18
1.884730000000000016e+00 7.419154286762569163e-15 7.342735000000000087e-18
1.885126000000000079e+00 7.049517952670846949e-15 7.237655999999999539e-18
1.885521999999999920e+00 6.986915002936971410e-15 6.374478000000000202e-18
1.885917999999999983e+00 7.304473025092892705e-15 6.669371999999999921e-18
1.886314000000000046e+00 7.586760376597329122e-15 6.846098000000000316e-18
1.886710000000000109e+00 7.321079331844721602e-15 6.587952000000000242e-18
1.887105999999999950e+00 7.476527089769362865e-15 6.359345999999999626e-18
1.887502000000000013e+00 7.882559544753144244e-15 6.321168999999999648e-18
1.887898000000000076e+00 7.890746922463369285e-15 6.229226999999999864e-18
1.888293999999999917e+00 7.549078740383266712e-15 5.931049000000000217e-18
1.888689999999999980e+00 6.890618503371329815e-15 5.598430000000000185e-18
1.889086000000000043e+00 7.021768233252215586e-15 5.673375000000000058e-18
1.889482000000000106e+00 7.641365705653317782e-15 5.983564999999999638e-18
1.889877999999999947e+00 7.726253391908468952e-15 6.040162999999999990e-18
1.890274000000000010e+00 7.546197584658374983e-15 6.176492999999999787e-18
1.890670000000000073e+00 7.617545360961877178e-15 5.951091999999999919e-18
1.891065999999999914e+00 7.544235887223671537e-15 6.130859000000000235e-18
1.891461999999999977e+00 7.089025817954754946e-15 6.179959999999999740e-18
1.891858000000000040e+00 6.649965996465146816e-15 5.730731999999999652e-18
1.892254000000000103e+00 6.559659697931652297e-15 5.650820000000000258e-18
1.892649999999999944e+00 6.866414272535377950e-15 6.232374999999999934e-18
1.893046000000000006e+00 7.040630954247709117e-15 6.216507999999999955e-18
1.893442000000000069e+00 7.109523615568122383e-15 6.229501000000000145e-18
1.893837999999999910e+00 7.116289481792523516e-15 6.434689000000000104e-18
1.894233999999999973e+00 6.961351884171968858e-15 6.799108999999999741e-18
1.894630000000000036e+00 6.762503222468042012e-15 6.532177999999999756e-18
1.895026000000000099e+00 6.971498472506321597e-15 6.264342000000000159e-18
1.895421999999999940e+00 7.477409969693340734e-15 6.362985999999999863e-18
1.895818000000000003e+00 7.364206946473409515e-15 6.133103000000000205e-18
1.896214000000000066e+00 7.164423547432850899e-15 6.228314999999999819e-18
1.896609999999999907e+00 7.571561882107988560e-15 6.831328000000000201e-18
1.897005999999999970e+00 7.870600605842737371e-15 7.347219000000000440e-18
1.897402000000000033e+00 7.683064907416763495e-15 7.088617999999999855e-18
1.897798000000000096e+00 7.191359512578215419e-15 6.462760999999999781e-18
1.898193999999999937e+00 6.866048501553838147e-15 6.059165999999999734e-18
1.898590000000000000e+00 7.064867123708031696e-15 5.948194999999999802e-18
1.898986000000000063e+00 7.621091702796283772e-15 6.113944999999999864e-18
1.899381999999999904e+00 7.900814915636537182e-15 6.246504999999999720e-18
1.899777999999999967e+00 7.921467222042941704e-15 6.262887000000000192e-18
1.900174000000000030e+00 7.861827933197901469e-15 6.351715999999999768e-18
1.900570000000000093e+00 7.772649043467552463e-15 6.678923000000000279e-18
1.900965999999999934e+00 7.450404530754473380e-15 6.553723999999999872e-18
1.901361999999999997e+00 7.315615255550841461e-15 6.590344000000000375e-18
1.901758000000000060e+00 7.621958307511225110e-15 6.991910999999999773e-18
1.902153999999999900e+00 7.946595179821546519e-15 7.278844999999999728e-18
1.902549999999999963e+00 7.606242223143519113e-15 6.807514000000000276e-18
1.902946000000000026e+00 7.126820879587425696e-15 6.342088000000000022e-18
1.903342000000000089e+00 7.057628273908572854e-15 5.991771999999999767e-18
1.903737999999999930e+00 7.171996178755852444e-15 6.354426999999999784e-18
1.904133999999999993e+00 7.298659473966611396e-15 6.508742999999999695e-18
1.904530000000000056e+00 7.782985188093924263e-15 7.039879999999999552e-18
1.904925999999999897e+00 7.809501390013481768e-15 7.148488999999999341e-18
1.905321999999999960e+00 7.525946408433411979e-15 7.642725999999999803e-18
1.905718000000000023e+00 7.209516776807071523e-15 7.512251000000000503e-18
1.906114000000000086e+00 7.041270545359797911e-15 7.310858000000000607e-18
1.906509999999999927e+00 7.221317595987174232e-15 6.975309000000000391e-18
1.906905999999999990e+00 7.127781189496005260e-15 6.862377999999999740e-18
1.907302000000000053e+00 7.437300624325079268e-15 6.878247999999999795e-18
1.907697999999999894e+00 7.649512307587591079e-15 6.763854000000000001e-18
1.908093999999999957e+00 7.779848042470611332e-15 6.923661999999999667e-18
1.908490000000000020e+00 7.762299173583414156e-15 7.231428999999999610e-18
1.908886000000000083e+00 7.627962264221220530e-15 7.191871999999999259e-18
1.909281999999999924e+00 7.432844168754600380e-15 6.855243999999999636e-18
1.909677999999999987e+00 7.451484303589367762e-15 6.306301000000000384e-18
1.910074000000000050e+00 7.525906671536435059e-15 7.288211999999999780e-18
1.910469999999999891e+00 7.172746467354242854e-15 5.970902000000000124e-18
1.910865999999999953e+00 6.772936760620165917e-15 5.680821999999999892e-18
1.911262000000000016e+00 6.313165068274542776e-15 5.267569000000000109e-18
1.911658000000000079e+00 6.331106013863428506e-15 5.087317000000000060e-18
1.912053999999999920e+00 7.153380669517902024e-15 5.439162999999999875e-18
1.912449999999999983e+00 7.565692829255867866e-15 5.496777000000000345e-18
1.912846000000000046e+00 7.811779708562140224e-15 5.520064000000000243e-18
1.913242000000000109e+00 7.808274052594536922e-15 5.392713999999999915e-18
1.913637999999999950e+00 7.826445357671753605e-15 5.412369000000000293e-18
1.914034000000000013e+00 8.062468017139094755e-15 5.484486999999999774e-18
1.914430000000000076e+00 7.799028136773174309e-15 5.099092999999999650e-18
1.914825999999999917e+00 7.664595725630893801e-15 4.966319999999999779e-18
1.915221999999999980e+00 7.899359992301910161e-15 5.168070000000000265e-18
1.915618000000000043e+00 7.820565672416551514e-15 5.148944999999999992e-18
1.916014000000000106e+00 7.128866651972621660e-15 4.786424000000000039e-18
1.916409999999999947e+00 6.699682401856529311e-15 4.530073999999999859e-18
1.916806000000000010e+00 6.816226290211812114e-15 4.502363000000000361e-18
1.917202000000000073e+00 7.223568483574795206e-15 4.679832000000000106e-18
1.917597999999999914e+00 7.304166360404430435e-15 4.703898000000000267e-18
1.917993999999999977e+00 7.122694797022026124e-15 4.735432000000000026e-18
1.918390000000000040e+00 7.290747353782180275e-15 4.882836000000000077e-18
1.918786000000000103e+00 7.696787298351314504e-15 4.906444999999999934e-18
1.919181999999999944e+00 7.818723994840639291e-15 5.015629999999999711e-18
1.919578000000000007e+00 7.588228510356376709e-15 5.000183000000000382e-18
1.919974000000000069e+00 7.543175617223221875e-15 5.029176999999999844e-18
1.920369999999999910e+00 7.237007084641689283e-15 4.996609000000000281e-18
1.920765999999999973e+00 6.753758364108641427e-15 4.987217000000000108e-18
1.921162000000000036e+00 6.952948874697387150e-15 5.001692999999999691e-18
1.921558000000000099e+00 7.417384304094207678e-15 5.251280999999999968e-18
1.921953999999999940e+00 7.346002861338981075e-15 5.302454999999999724e-18
1.922350000000000003e+00 7.255420037798820769e-15 5.799875999999999629e-18
1.922746000000000066e+00 nan nan
1.923141999999999907e+00 nan nan
1.923537999999999970e+00 6.982880797042536244e-15 1.357121000000000037e-17
1.923934000000000033e+00 7.106555138734731143e-15 6.088189999999999958e-18
1.924330000000000096e+00 7.027020194354282155e-15 5.995197999999999706e-18
1.924725999999999937e+00 7.325130144574001646e-15 6.688718000000000157e-18
1.925122000000000000e+00 7.415312537617982161e-15 6.665941999999999624e-18
1.925518000000000063e+00 7.397181457164682211e-15 6.653091000000000215e-18
1.925913999999999904e+00 7.186091781527115258e-15 6.488753000000000312e-18
1.926309999999999967e+00 7.508234197017003110e-15 1.433338999999999981e-17
1.926706000000000030e+00 6.678553467401695498e-15 6.149440000000000306e-18
1.927102000000000093e+00 6.743202036969685523e-15 6.076798999999999615e-18
1.927497999999999934e+00 7.454629252240464705e-15 6.896713000000000258e-18
1.927893999999999997e+00 7.955019537798922394e-15 7.502748000000000593e-18
1.928290000000000060e+00 7.797742918023365272e-15 7.098246999999999883e-18
1.928685999999999900e+00 7.496323723531568181e-15 7.343714999999999292e-18
1.929081999999999963e+00 7.486384586654257038e-15 6.712658999999999712e-18
1.929478000000000026e+00 7.358886953458774551e-15 6.497713000000000301e-18
1.929874000000000089e+00 7.258208328802398277e-15 6.729047999999999849e-18
1.930269999999999930e+00 6.733158562384890798e-15 7.219655000000000585e-18
1.930665999999999993e+00 6.806153991689149635e-15 7.245377000000000424e-18
1.931062000000000056e+00 6.281517292356897135e-15 6.830782999999999716e-18
1.931457999999999897e+00 6.247903375938614120e-15 6.940807000000000511e-18
1.931853999999999960e+00 6.654232241115777927e-15 6.081371999999999660e-18
1.932250000000000023e+00 7.221825060950344826e-15 6.260720000000000379e-18
1.932646000000000086e+00 7.343326114382443456e-15 6.273633000000000335e-18
1.933041999999999927e+00 7.479501646210900556e-15 6.323246999999999769e-18
1.933437999999999990e+00 7.288886960780415117e-15 6.099823000000000025e-18
1.933834000000000053e+00 7.028447782037819861e-15 5.907609999999999798e-18
1.934229999999999894e+00 7.357001475361650881e-15 6.081301999999999937e-18
1.934625999999999957e+00 7.629658729717527491e-15 6.092624000000000068e-18
1.935022000000000020e+00 7.735885779024868066e-15 6.292513000000000038e-18
1.935418000000000083e+00 7.671359801607468291e-15 6.425983999999999656e-18
1.935813999999999924e+00 7.644183884364939745e-15 6.553100999999999717e-18
1.936209999999999987e+00 7.391430826543230577e-15 7.809008999999999275e-18
1.936606000000000050e+00 7.447185022353924196e-15 8.167248999999999920e-18
1.937001999999999891e+00 7.686290363516597200e-15 6.823348000000000187e-18
1.937397999999999954e+00 7.764587882859889590e-15 6.814680999999999677e-18
1.937794000000000016e+00 7.539485186950391384e-15 6.564496999999999930e-18
1.938190000000000079e+00 7.103284839696920076e-15 6.385731999999999634e-18
1.938585999999999920e+00 6.717588491733847481e-15 6.392772999999999687e-18
1.938981999999999983e+00 6.686145044712382196e-15 6.241096999999999787e-18
1.939378000000000046e+00 6.774844155075679665e-15 5.965530000000000335e-18
1.939774000000000109e+00 7.068705712108694246e-15 6.419881000000000052e-18
1.940169999999999950e+00 7.142044732455647799e-15 6.620445999999999724e-18
1.940566000000000013e+00 7.183194820861027278e-15 6.861414999999999940e-18
1.940962000000000076e+00 7.187027218911461154e-15 6.696813000000000267e-18
1.941357999999999917e+00 7.560429222501703359e-15 6.806181000000000069e-18
1.941753999999999980e+00 7.708503505220970872e-15 6.942556000000000239e-18
1.942150000000000043e+00 7.564579508266178824e-15 6.908867000000000202e-18
1.942546000000000106e+00 7.492891811177071810e-15 6.808699999999999832e-18
1.942941999999999947e+00 7.273290988557149068e-15 6.680752999999999753e-18
1.943338000000000010e+00 6.740773521384033813e-15 6.818019999999999717e-18
1.943734000000000073e+00 6.963293115757744113e-15 7.559978999999999299e-18
1.944129999999999914e+00 7.358667748890384830e-15 8.202043000000000538e-18
1.944525999999999977e+00 7.022873096490899682e-15 8.594017999999999563e-18
1.944922000000000040e+00 6.650331205457559748e-15 8.209715000000000692e-18
1.945318000000000103e+00 6.531267295452197770e-15 8.251505000000000221e-18
1.945713999999999944e+00 5.979137587140696346e-15 7.608252999999999632e-18
1.946110000000000007e+00 6.182368831575019695e-15 7.781171000000000148e-18
1.946506000000000070e+00 7.086320155926012572e-15 8.921645999999999466e-18
1.946901999999999910e+00 7.405460373368677624e-15 9.217087999999999746e-18
1.947297999999999973e+00 7.362793487782426837e-15 8.713987000000000192e-18
1.947694000000000036e+00 7.074430355694908356e-15 8.071857000000000359e-18
1.948090000000000099e+00 7.144215929483994939e-15 1.709178999999999894e-17
1.948485999999999940e+00 6.695893563316444783e-15 7.450229999999999838e-18
1.948882000000000003e+00 7.013499155971543961e-15 7.754872000000000038e-18
1.949278000000000066e+00 6.822338114992092344e-15 7.037401000000000291e-18
1.949673999999999907e+00 7.323326400904193631e-15 7.547381999999999920e-18
1.950069999999999970e+00 7.229073643851774968e-15 7.232081000000000244e-18
1.950466000000000033e+00 6.826838813065237900e-15 6.557847000000000046e-18
1.950862000000000096e+00 6.562173137044647912e-15 6.153320999999999985e-18
1.951257999999999937e+00 6.649938754495829102e-15 5.872039999999999764e-18
1.951654000000000000e+00 7.049594342164848344e-15 6.098559000000000029e-18
1.952050000000000063e+00 7.482851461515527456e-15 6.452448000000000104e-18
1.952445999999999904e+00 7.274184044169386524e-15 5.881051999999999789e-18
1.952841999999999967e+00 6.878896152867701595e-15 5.248812999999999960e-18
1.953238000000000030e+00 6.876776422046711793e-15 5.379409000000000278e-18
1.953634000000000093e+00 7.511271030929392617e-15 5.931120999999999734e-18
1.954029999999999934e+00 7.597618978303161745e-15 5.613123999999999654e-18
1.954425999999999997e+00 7.554731086046576435e-15 5.592733000000000361e-18
1.954822000000000060e+00 7.447650756570775200e-15 5.645595999999999861e-18
1.955217999999999900e+00 7.095241889273292807e-15 5.715102999999999810e-18
1.955613999999999963e+00 6.714277158499045039e-15 5.589636000000000045e-18
1.956010000000000026e+00 6.753293101807903501e-15 5.524025000000000156e-18
1.956406000000000089e+00 6.736138228476918012e-15 5.500077999999999678e-18
1.956801999999999930e+00 7.072653418631764576e-15 5.666952000000000289e-18
1.957197999999999993e+00 7.483270668871559414e-15 5.960124000000000196e-18
1.957594000000000056e+00 7.736077480684557453e-15 6.194669999999999872e-18
1.957989999999999897e+00 7.468397803545951889e-15 6.108480000000000025e-18
1.958385999999999960e+00 7.514785036606480610e-15 6.491676000000000062e-18
1.958782000000000023e+00 7.949446924410554838e-15 6.891493999999999732e-18
1.959178000000000086e+00 7.923394872710378026e-15 6.912328000000000002e-18
1.959573999999999927e+00 7.525666093852949489e-15 8.632644999999999412e-18
1.959969999999999990e+00 7.170757570490657514e-15 8.597763000000000155e-18
1.960366000000000053e+00 6.948734057040604552e-15 8.796650999999999616e-18
1.960761999999999894e+00 6.680885830338041433e-15 9.298602999999999270e-18
1.961157999999999957e+00 6.671978943665643545e-15 7.497351000000000683e-18
1.961554000000000020e+00 6.935894763717997601e-15 7.175281000000000670e-18
1.961950000000000083e+00 7.146792795475686879e-15 7.321233000000000061e-18
1.962345999999999924e+00 7.286391823195602286e-15 7.509951000000000138e-18
1.962741999999999987e+00 7.493898663060756642e-15 7.780177999999999586e-18
1.963138000000000050e+00 7.389016849030590217e-15 7.696880999999999497e-18
1.963533999999999891e+00 6.995254513158589006e-15 7.450085999999999263e-18
1.963929999999999954e+00 6.950206017672466404e-15 7.425028999999999874e-18
1.964326000000000016e+00 7.297184592752147893e-15 7.864187000000000292e-18
1.964722000000000079e+00 7.064530711947326325e-15 8.133362000000000248e-18
1.965117999999999920e+00 6.996426324875971192e-15 8.826562000000000535e-18
1.965513999999999983e+00 7.201191619152680042e-15 8.035535999999999487e-18
1.965910000000000046e+00 7.204364342663577991e-15 8.133366999999999348e-18
1.966306000000000109e+00 7.279794760994815763e-15 8.197054999999999714e-18
1.966701999999999950e+00 7.364288784719286827e-15 8.272315000000000652e-18
1.967098000000000013e+00 7.159137485325799030e-15 7.684450000000000738e-18
1.967494000000000076e+00 6.924287146249038251e-15 7.578797999999999507e-18
1.967889999999999917e+00 6.682169688380413666e-15 7.188117000000000468e-18
1.968285999999999980e+00 6.963551867659479454e-15 6.960936000000000598e-18
1.968682000000000043e+00 7.318516931148879085e-15 6.849698000000000051e-18
1.969078000000000106e+00 7.337619761681311422e-15 7.238080000000000547e-18
1.969473999999999947e+00 nan nan
1.969870000000000010e+00 nan nan
1.970266000000000073e+00 nan nan
1.970661999999999914e+00 7.299574846899029119e-15 7.532588000000000736e-18
1.971057999999999977e+00 6.723726133254623955e-15 6.283881000000000159e-18
1.971454000000000040e+00 6.988957673978763843e-15 6.442978000000000261e-18
1.971850000000000103e+00 7.004232380677763444e-15 5.934300000000000078e-18
1.972245999999999944e+00 7.247214783770709774e-15 5.915133000000000278e-18
1.972642000000000007e+00 7.457170089128476359e-15 6.116712999999999787e-18
1.973038000000000070e+00 6.929530343377225899e-15 5.856652000000000135e-18
1.973433999999999910e+00 6.938796062728110354e-15 6.145292000000000010e-18
1.973829999999999973e+00 6.973937528960437057e-15 6.184491999999999771e-18
1.974226000000000036e+00 7.026735587956574424e-15 6.215212000000000174e-18
1.974622000000000099e+00 7.394125646856508512e-15 6.739224999999999668e-18
1.975017999999999940e+00 7.348308245196315142e-15 6.654221000000000147e-18
1.975414000000000003e+00 6.789388256797508700e-15 6.617726999999999762e-18
1.975810000000000066e+00 6.076299280861863554e-15 6.078395000000000080e-18
1.976205999999999907e+00 6.088738226384955696e-15 6.078109999999999777e-18
1.976601999999999970e+00 6.636653602356701855e-15 6.246070000000000230e-18
1.976998000000000033e+00 7.063374250072877591e-15 6.018659000000000170e-18
1.977394000000000096e+00 6.995833680409952132e-15 5.797535000000000020e-18
1.977789999999999937e+00 6.279860256566947747e-15 5.289028000000000327e-18
1.978186000000000000e+00 5.758112887794071444e-15 4.956968999999999620e-18
1.978582000000000063e+00 6.279113277577310132e-15 5.579227000000000242e-18
1.978977999999999904e+00 7.039023251518692088e-15 6.199015000000000290e-18
1.979373999999999967e+00 7.171009854979492545e-15 6.138635999999999974e-18
1.979770000000000030e+00 6.937167368616494516e-15 5.883650999999999786e-18
1.980166000000000093e+00 6.499422244345133234e-15 5.697807999999999780e-18
1.980561999999999934e+00 6.351623192288108285e-15 5.626260999999999648e-18
1.980957999999999997e+00 6.653036811908623236e-15 5.714630999999999895e-18
1.981354000000000060e+00 6.883584693900470354e-15 5.372313000000000111e-18
1.981749999999999901e+00 6.950582248196243329e-15 5.000253000000000105e-18
1.982145999999999963e+00 6.866127189881376541e-15 4.953875999999999662e-18
1.982542000000000026e+00 6.583175879721359899e-15 4.756845999999999872e-18
1.982938000000000089e+00 6.539638667825942086e-15 4.718509999999999709e-18
1.983333999999999930e+00 6.975114469494546683e-15 4.958940999999999874e-18
1.983729999999999993e+00 6.926608036952993509e-15 5.039012999999999736e-18
1.984126000000000056e+00 6.814854876336738807e-15 5.123946000000000022e-18
1.984521999999999897e+00 6.893912011498792796e-15 4.989402000000000378e-18
1.984917999999999960e+00 6.811197814017653918e-15 4.935783999999999682e-18
1.985314000000000023e+00 6.761526853899350320e-15 4.932788000000000133e-18
1.985710000000000086e+00 6.692874905576489425e-15 4.999923000000000200e-18
1.986105999999999927e+00 6.641863614352047356e-15 4.935333000000000300e-18
1.986501999999999990e+00 6.435443183807499995e-15 4.794995999999999935e-18
1.986898000000000053e+00 6.298037217585967092e-15 4.733776000000000348e-18
1.987293999999999894e+00 6.589752252834009456e-15 4.993535999999999804e-18
1.987689999999999957e+00 6.658159812628664532e-15 5.080045999999999816e-18
1.988086000000000020e+00 6.617820922543643092e-15 5.113095999999999806e-18
1.988482000000000083e+00 6.811359150086046248e-15 5.105675000000000375e-18
1.988877999999999924e+00 7.081304604367134042e-15 5.312381999999999872e-18
1.989273999999999987e+00 6.765749029389331846e-15 5.084034999999999926e-18
1.989670000000000050e+00 6.579893843845200536e-15 4.855621000000000334e-18
1.990065999999999891e+00 6.455783932676042039e-15 4.753538999999999617e-18
1.990461999999999954e+00 6.254940259607201486e-15 4.606689999999999790e-18
1.990858000000000017e+00 6.275800819097885281e-15 4.455480999999999935e-18
1.991254000000000079e+00 6.616625876152851927e-15 4.541214999999999759e-18
1.991649999999999920e+00 6.594359618629576045e-15 4.618849999999999886e-18
1.992045999999999983e+00 6.415510156256310656e-15 4.692511000000000283e-18
1.992442000000000046e+00 6.581686436957243300e-15 4.773621999999999820e-18
1.992838000000000109e+00 6.814856082926195495e-15 4.777347000000000160e-18
1.993233999999999950e+00 6.964641290943936039e-15 5.673444000000000270e-18
1.993630000000000013e+00 7.112384245986620288e-15 4.966453999999999843e-18
1.994026000000000076e+00 6.949330379539871228e-15 4.855254000000000003e-18
1.994421999999999917e+00 6.838550956044540671e-15 4.847294000000000240e-18
1.994817999999999980e+00 6.748382338399189601e-15 4.970905999999999640e-18
1.995214000000000043e+00 6.575084097234249321e-15 5.103679999999999794e-18
1.995610000000000106e+00 6.641631965717426641e-15 5.132467000000000163e-18
1.996005999999999947e+00 6.983494091158821937e-15 5.303855999999999860e-18
1.996402000000000010e+00 7.130278662578962033e-15 5.520067999999999831e-18
1.996798000000000073e+00 7.123759290556297359e-15 5.620942999999999689e-18
1.997193999999999914e+00 6.637105927255183161e-15 5.386949999999999674e-18
1.997589999999999977e+00 6.140520872866683135e-15 5.025160000000000307e-18
1.997986000000000040e+00 6.494616836647470909e-15 5.053424999999999748e-18
1.998382000000000103e+00 6.741839231535746575e-15 4.995112000000000018e-18
1.998777999999999944e+00 6.954555681744837197e-15 5.124192999999999617e-18
1.999174000000000007e+00 6.928099527131452461e-15 5.058633999999999764e-18
1.999570000000000070e+00 6.661454388805667154e-15 4.956346000000000235e-18
1.999965999999999910e+00 6.394650223800608627e-15 4.776195000000000184e-18
2.000361999999999973e+00 6.506339675966498963e-15 4.928849000000000265e-18
2.000757999999999814e+00 6.328673208995664658e-15 6.973753999999999940e-18
2.001154000000000099e+00 6.422626999184330985e-15 7.087837000000000567e-18
2.001549999999999940e+00 6.772651374830424748e-15 5.174032999999999653e-18
2.001945999999999781e+00 6.603783330394483687e-15 5.143675999999999993e-18
2.002342000000000066e+00 6.285088528779507545e-15 4.908281999999999842e-18
2.002737999999999907e+00 6.579092910257766267e-15 4.974559999999999975e-18
2.003134000000000192e+00 6.929375538972532154e-15 5.202409000000000372e-18
2.003530000000000033e+00 6.892452610650843115e-15 5.266286999999999656e-18
2.003925999999999874e+00 6.847676996913472669e-15 5.242404000000000289e-18
2.004322000000000159e+00 6.815621015287600459e-15 5.441378999999999648e-18
2.004718000000000000e+00 6.808865216644382740e-15 5.880139000000000232e-18
2.005113999999999841e+00 6.603265979374239682e-15 5.547129000000000029e-18
2.005510000000000126e+00 6.581955951322489914e-15 5.407670000000000131e-18
2.005905999999999967e+00 6.565526811302491195e-15 5.585129999999999647e-18
2.006301999999999808e+00 6.488408129933555426e-15 5.282962000000000378e-18
2.006698000000000093e+00 6.470490968538082748e-15 5.092606000000000310e-18
2.007093999999999934e+00 6.592921770957887300e-15 5.259065999999999654e-18
2.007490000000000219e+00 6.918414229277463728e-15 5.625130999999999716e-18
2.007886000000000060e+00 7.090280657687711810e-15 5.640509999999999887e-18
2.008281999999999901e+00 6.670562929803332570e-15 5.552713999999999834e-18
2.008678000000000186e+00 6.210888245788369203e-15 5.519158999999999861e-18
2.009074000000000026e+00 6.148954138638381015e-15 5.427633999999999880e-18
2.009469999999999867e+00 6.414389676113370422e-15 5.557520999999999658e-18
2.009866000000000152e+00 6.627513372829027643e-15 5.836084999999999711e-18
2.010261999999999993e+00 6.681726818619693382e-15 6.157461999999999846e-18
2.010657999999999834e+00 6.526251028722803929e-15 6.026033000000000204e-18
2.011054000000000119e+00 6.437473719325254314e-15 5.941398000000000038e-18
2.011449999999999960e+00 6.403962126560711253e-15 5.847559999999999875e-18
2.011845999999999801e+00 6.543548368825750465e-15 5.734883000000000024e-18
2.012242000000000086e+00 6.656209936049797310e-15 6.014046999999999905e-18
2.012637999999999927e+00 6.651287399052573049e-15 6.316940999999999889e-18
2.013034000000000212e+00 6.613046660481239325e-15 5.722566999999999819e-18
2.013430000000000053e+00 6.365486422468774001e-15 5.437294999999999694e-18
2.013825999999999894e+00 6.428831019479693966e-15 5.536038999999999883e-18
2.014222000000000179e+00 6.825921617692345189e-15 5.617737000000000201e-18
2.014618000000000020e+00 7.068370377373632024e-15 5.503804000000000300e-18
2.015013999999999861e+00 6.906546311081375317e-15 5.317914000000000128e-18
2.015410000000000146e+00 6.668467738316448238e-15 5.230493000000000353e-18
2.015805999999999987e+00 6.701734275255623432e-15 5.157494999999999842e-18
2.016201999999999828e+00 6.528630355695340342e-15 4.941658999999999660e-18
2.016598000000000113e+00 6.334952483182069717e-15 4.909154000000000156e-18
2.016993999999999954e+00 6.272390936070701162e-15 4.813040999999999749e-18
2.017389999999999795e+00 6.587239043578949417e-15 4.806289000000000357e-18
2.017786000000000080e+00 6.992893105916055411e-15 5.057995999999999999e-18
2.018181999999999920e+00 6.828200504417862371e-15 4.926766999999999786e-18
2.018578000000000205e+00 6.665662801651773579e-15 4.872479000000000310e-18
2.018974000000000046e+00 6.559244704575094673e-15 4.774451999999999838e-18
2.019369999999999887e+00 6.263734019876806538e-15 4.684976000000000269e-18
2.019766000000000172e+00 6.060392303594251674e-15 4.564646999999999744e-18
2.020162000000000013e+00 6.002292425648771351e-15 4.486463999999999826e-18
2.020557999999999854e+00 6.207666649637446593e-15 4.510310999999999820e-18
2.020954000000000139e+00 6.887422177255419402e-15 4.709046000000000018e-18
2.021349999999999980e+00 7.237964790876839113e-15 4.786162000000000063e-18
2.021745999999999821e+00 7.238854570192731778e-15 5.095314999999999762e-18
2.022142000000000106e+00 6.886584689484213472e-15 5.013803999999999826e-18
2.022537999999999947e+00 6.790896679681041223e-15 5.016691999999999714e-18
2.022933999999999788e+00 6.687047432135977506e-15 4.710385000000000378e-18
2.023330000000000073e+00 6.594183980693564407e-15 4.471560999999999930e-18
2.023725999999999914e+00 6.846220677104694426e-15 4.511336999999999679e-18
2.024122000000000199e+00 7.068290148427422643e-15 4.552350999999999790e-18
2.024518000000000040e+00 6.969020001996912032e-15 4.555105999999999896e-18
2.024913999999999881e+00 6.867097822780772063e-15 4.484350000000000332e-18
2.025310000000000166e+00 6.599125976942691013e-15 4.365980999999999756e-18
2.025706000000000007e+00 6.253418539477109883e-15 4.228128000000000063e-18
2.026101999999999848e+00 6.214513424902374771e-15 4.190606000000000025e-18
2.026498000000000133e+00 6.273742975179079626e-15 4.259404000000000204e-18
2.026893999999999973e+00 6.161989508779636772e-15 4.244615000000000120e-18
2.027289999999999814e+00 6.287665900946495647e-15 4.385855000000000303e-18
2.027686000000000099e+00 6.508092440023550620e-15 4.569920000000000101e-18
2.028081999999999940e+00 6.673260162316415759e-15 4.590312999999999958e-18
2.028477999999999781e+00 6.800042300584151828e-15 4.660029999999999847e-18
2.028874000000000066e+00 6.190075912795247901e-15 4.428381000000000287e-18
2.029269999999999907e+00 5.831112723517157356e-15 4.545282000000000309e-18
2.029666000000000192e+00 6.327083619741338419e-15 5.053692999999999876e-18
2.030062000000000033e+00 6.591200678917227045e-15 5.171362999999999651e-18
2.030457999999999874e+00 6.457895488522463033e-15 5.079408000000000051e-18
2.030854000000000159e+00 6.222943169957762340e-15 4.770241999999999766e-18
2.031250000000000000e+00 6.400401420701764520e-15 4.603355000000000108e-18
2.031645999999999841e+00 6.935342147603106891e-15 4.770386000000000341e-18
2.032042000000000126e+00 7.148960125671656771e-15 4.842969000000000072e-18
2.032437999999999967e+00 7.000890582581276680e-15 5.073960999999999898e-18
2.032833999999999808e+00 6.733006728116741241e-15 4.990063999999999982e-18
2.033230000000000093e+00 6.617374062010870881e-15 4.647156000000000111e-18
2.033625999999999934e+00 6.516790667201709025e-15 4.640088000000000142e-18
2.034022000000000219e+00 6.455922162238830439e-15 4.698823000000000315e-18
2.034418000000000060e+00 6.571476541178351386e-15 4.849025999999999793e-18
2.034813999999999901e+00 6.531650578388656383e-15 4.740022999999999757e-18
2.035210000000000186e+00 6.368011586389795837e-15 4.567182000000000170e-18
2.035606000000000027e+00 6.026384640518611233e-15 4.399578000000000025e-18
2.036001999999999867e+00 6.123633425101224903e-15 4.575877000000000107e-18
2.036398000000000152e+00 6.706304824219896290e-15 4.867376999999999673e-18
2.036793999999999993e+00 7.034693917385354464e-15 4.988926999999999616e-18
2.037189999999999834e+00 6.813112940236818656e-15 4.981634000000000097e-18
2.037586000000000119e+00 6.972198255781098013e-15 5.208447000000000124e-18
2.037981999999999960e+00 6.976255173028247261e-15 5.163628000000000208e-18
2.038377999999999801e+00 6.584330244077095257e-15 4.970608000000000291e-18
2.038774000000000086e+00 6.448240216694630204e-15 4.968205999999999647e-18
2.039169999999999927e+00 6.376523556846070080e-15 4.916695999999999834e-18
2.039566000000000212e+00 6.335768121705295161e-15 4.968724999999999729e-18
2.039962000000000053e+00 6.415898067801904897e-15 4.955197999999999847e-18
2.040357999999999894e+00 6.344246745927243960e-15 4.993011999999999852e-18
2.040754000000000179e+00 6.349478538911222314e-15 4.916138000000000303e-18
2.041150000000000020e+00 6.257060487290731239e-15 4.863510000000000093e-18
2.041545999999999861e+00 6.554716276686911226e-15 5.010242000000000029e-18
2.041942000000000146e+00 6.754765669466785938e-15 5.177349999999999649e-18
2.042337999999999987e+00 6.739059892076007690e-15 5.282626999999999832e-18
2.042733999999999828e+00 7.071836277013274824e-15 5.541615999999999741e-18
2.043130000000000113e+00 7.132636770645342320e-15 5.516291999999999736e-18
2.043525999999999954e+00 6.636842955638420638e-15 5.296121999999999929e-18
2.043921999999999795e+00 6.336406743578727988e-15 5.155964000000000000e-18
2.044318000000000080e+00 6.185613279289188348e-15 4.964771000000000250e-18
2.044713999999999920e+00 6.085615377773980184e-15 4.966392000000000066e-18
2.045110000000000205e+00 6.209021366105459793e-15 5.074907999999999805e-18
2.045506000000000046e+00 6.307995825251177168e-15 5.337751999999999760e-18
2.045901999999999887e+00 6.330805533064384652e-15 5.563314999999999891e-18
2.046298000000000172e+00 6.562254374364808104e-15 5.521773000000000239e-18
2.046694000000000013e+00 6.786139962276529777e-15 5.562661000000000233e-18
2.047089999999999854e+00 6.673304606896226518e-15 5.813245999999999890e-18
2.047486000000000139e+00 6.938576359786364531e-15 6.232420000000000306e-18
2.047881999999999980e+00 7.024193165313271337e-15 6.563800999999999976e-18
2.048277999999999821e+00 6.697112600909174815e-15 6.436074999999999860e-18
2.048674000000000106e+00 6.490190131821422867e-15 6.387454000000000217e-18
2.049069999999999947e+00 6.292587678563860168e-15 6.194311999999999769e-18
2.049465999999999788e+00 6.182816220194049176e-15 6.232433999999999635e-18
2.049862000000000073e+00 6.258972875527387725e-15 6.351207999999999709e-18
2.050257999999999914e+00 6.428503868509070567e-15 6.087735000000000217e-18
2.050654000000000199e+00 6.787178126798336543e-15 5.995593999999999746e-18
2.051050000000000040e+00 6.970595149336704642e-15 5.998181000000000208e-18
2.051445999999999881e+00 6.794696059139208852e-15 5.844648999999999660e-18
2.051842000000000166e+00 6.546515102703882108e-15 5.665505000000000269e-18
2.052238000000000007e+00 6.505786195468146594e-15 5.589364999999999841e-18
2.052633999999999848e+00 6.809956047728515892e-15 5.775122999999999742e-18
2.053030000000000133e+00 6.991328412980136088e-15 5.943624999999999834e-18
2.053425999999999974e+00 6.574107623908009314e-15 5.721652999999999980e-18
2.053821999999999814e+00 6.400738662176341214e-15 5.487492999999999833e-18
2.054218000000000099e+00 6.078262065134361067e-15 4.934737000000000060e-18
2.054613999999999940e+00 5.893254198818007992e-15 4.801191000000000078e-18
2.055009999999999781e+00 6.365018475520951627e-15 5.335689000000000020e-18
2.055406000000000066e+00 6.599063046614488086e-15 5.332141999999999834e-18
2.055801999999999907e+00 6.376448162487452025e-15 5.094880999999999784e-18
2.056198000000000192e+00 6.399410230555554057e-15 5.199900000000000349e-18
2.056594000000000033e+00 6.806303844447674578e-15 5.464766000000000031e-18
2.056989999999999874e+00 6.964874036716669378e-15 5.561097000000000323e-18
2.057386000000000159e+00 6.764153889434170746e-15 5.345496000000000202e-18
2.057782000000000000e+00 6.939611233273313389e-15 6.965687000000000027e-18
2.058177999999999841e+00 6.984848807045420984e-15 5.599162000000000282e-18
2.058574000000000126e+00 6.952937189032137331e-15 5.439852000000000165e-18
2.058969999999999967e+00 6.817938114307501661e-15 5.255667999999999913e-18
2.059365999999999808e+00 6.739840706524772038e-15 5.195333999999999969e-18
2.059762000000000093e+00 6.846916520701957890e-15 5.277774000000000125e-18
2.060157999999999934e+00 6.891968184939369907e-15 5.331152999999999631e-18
2.060554000000000219e+00 6.642568541945549947e-15 5.184710999999999867e-18
2.060950000000000060e+00 6.328669503221355748e-15 4.927896999999999718e-18
2.061345999999999901e+00 6.365932687530699700e-15 4.833215999999999720e-18
2.061742000000000186e+00 6.668875033586042276e-15 4.832226000000000005e-18
2.062138000000000027e+00 6.677652765064932171e-15 5.308979999999999772e-18
2.062533999999999867e+00 6.708852299738689553e-15 5.290226000000000188e-18
2.062930000000000152e+00 6.710324483046631824e-15 4.785556000000000083e-18
2.063325999999999993e+00 6.614613093979874117e-15 4.747339999999999886e-18
2.063721999999999834e+00 6.302681002804570034e-15 4.695209999999999994e-18
2.064118000000000119e+00 6.024430132855950935e-15 4.517108999999999866e-18
2.064513999999999960e+00 6.231832485409878402e-15 4.609892999999999973e-18
2.064909999999999801e+00 6.467950545567484856e-15 4.732406999999999997e-18
2.065306000000000086e+00 6.678241701663177451e-15 5.028329999999999652e-18
2.065701999999999927e+00 6.777599134080725877e-15 5.083679999999999900e-18
2.066098000000000212e+00 6.530063056927235799e-15 4.855440000000000104e-18
2.066494000000000053e+00 7.055547740987079217e-15 6.025817000000000112e-18
2.066889999999999894e+00 7.221333467186262038e-15 6.087200999999999754e-18
2.067286000000000179e+00 6.567324268614781165e-15 4.814651000000000313e-18
2.067682000000000020e+00 6.452882468535378358e-15 5.425003000000000098e-18
2.068077999999999861e+00 6.813482360903609400e-15 4.987146000000000102e-18
2.068474000000000146e+00 6.812953557643742437e-15 5.038384999999999711e-18
2.068869999999999987e+00 6.578904844728010609e-15 5.102191999999999760e-18
2.069265999999999828e+00 6.368429637788437220e-15 4.974460999999999773e-18
2.069662000000000113e+00 6.498676777788974256e-15 5.052346999999999853e-18
2.070057999999999954e+00 6.951626937974506812e-15 5.409644999999999691e-18
2.070453999999999795e+00 7.196950875113221426e-15 5.661863999999999750e-18
2.070850000000000080e+00 nan nan
2.071245999999999921e+00 6.695171856962031126e-15 5.456901999999999623e-18
2.071642000000000206e+00 6.333743937155028690e-15 5.131779999999999667e-18
2.072038000000000046e+00 6.256226326726277895e-15 4.825203999999999921e-18
2.072433999999999887e+00 nan nan
2.072830000000000172e+00 6.676545642617800192e-15 5.374533999999999755e-18
2.073226000000000013e+00 6.463295212705209150e-15 5.324567000000000088e-18
2.073621999999999854e+00 6.372885336892046747e-15 5.229045000000000051e-18
2.074018000000000139e+00 6.448644938150653362e-15 5.324319999999999723e-18
2.074413999999999980e+00 6.594860971035878362e-15 5.392489000000000365e-18
2.074809999999999821e+00 6.606104143817255958e-15 5.366764999999999962e-18
2.075206000000000106e+00 6.475010142407379692e-15 5.289879000000000108e-18
2.075601999999999947e+00 6.677295190456157174e-15 5.435364000000000224e-18
2.075997999999999788e+00 6.806670759710374141e-15 5.507765000000000213e-18
2.076394000000000073e+00 6.503574560879676995e-15 5.292312000000000255e-18
2.076789999999999914e+00 6.390743424932842262e-15 5.324250000000000000e-18
2.077186000000000199e+00 6.639884253955298243e-15 5.286775000000000128e-18
2.077582000000000040e+00 6.617676798762079697e-15 5.252612000000000381e-18
2.077977999999999881e+00 6.640248523959171442e-15 5.713030999999999842e-18
2.078374000000000166e+00 6.638205473212836674e-15 5.665284000000000307e-18
2.078770000000000007e+00 6.570043716308754048e-15 5.531825999999999734e-18
2.079165999999999848e+00 6.636825409776476506e-15 5.717303999999999973e-18
2.079562000000000133e+00 6.602119242526005412e-15 5.701760999999999747e-18
2.079957999999999974e+00 6.706664030268077878e-15 5.779823999999999699e-18
2.080353999999999814e+00 6.776452581940184687e-15 5.662974999999999713e-18
2.080750000000000099e+00 6.835899444691923596e-15 5.817179000000000376e-18
2.081145999999999940e+00 6.486439084402291049e-15 5.609954999999999821e-18
2.081541999999999781e+00 6.377287182776397189e-15 5.423780000000000117e-18
2.081938000000000066e+00 6.594544830496081476e-15 5.414599000000000165e-18
2.082333999999999907e+00 6.678559059412506461e-15 5.434136000000000372e-18
2.082730000000000192e+00 6.700160847334843134e-15 5.443062000000000011e-18
2.083126000000000033e+00 6.725192286225083938e-15 5.397368999999999988e-18
2.083521999999999874e+00 6.708050745750843800e-15 5.345280000000000111e-18
2.083918000000000159e+00 6.690361582199937254e-15 5.145721000000000046e-18
2.084314000000000000e+00 6.713810253508144203e-15 4.899866000000000055e-18
2.084709999999999841e+00 6.660089787183220435e-15 4.897211999999999946e-18
2.085106000000000126e+00 6.631480632695084232e-15 4.930266999999999806e-18
2.085501999999999967e+00 6.738205356059614080e-15 5.067779000000000342e-18
2.085897999999999808e+00 6.791479812983619956e-15 5.117894000000000171e-18
2.086294000000000093e+00 6.899670157703294906e-15 5.261214999999999780e-18
2.086689999999999934e+00 6.625134485931439248e-15 5.142451000000000217e-18
2.087086000000000219e+00 6.452303549416894231e-15 5.132383999999999853e-18
2.087482000000000060e+00 6.641747151684511507e-15 5.363457000000000195e-18
2.087877999999999901e+00 6.844117225468706615e-15 5.850483999999999907e-18
2.088274000000000186e+00 6.610464920064498489e-15 5.858293000000000202e-18
2.088670000000000027e+00 6.579249083139376039e-15 6.538230999999999888e-18
2.089065999999999867e+00 6.582891029460216183e-15 7.566595000000000374e-18
2.089462000000000153e+00 6.535156755571980233e-15 7.811582000000000409e-18
2.089857999999999993e+00 6.465123629737645139e-15 8.005018000000000618e-18
2.090253999999999834e+00 6.548730179239392330e-15 8.112009999999999409e-18
2.090650000000000119e+00 6.864062868976880569e-15 8.931422000000000145e-18
2.091045999999999960e+00 7.124032956474579211e-15 9.639064000000000435e-18
2.091441999999999801e+00 6.995334819568960028e-15 9.233581999999999468e-18
2.091838000000000086e+00 6.637214832426449710e-15 8.240541000000000192e-18
2.092233999999999927e+00 6.687028703097096662e-15 7.824081999999999380e-18
2.092630000000000212e+00 7.187895245918891980e-15 8.500800999999999761e-18
2.093026000000000053e+00 7.175209457887982887e-15 8.249886999999999711e-18
2.093421999999999894e+00 6.900313719579349017e-15 7.784226999999999679e-18
2.093818000000000179e+00 6.643481341864445321e-15 7.340968999999999414e-18
2.094214000000000020e+00 6.561768444953270653e-15 7.108204999999999533e-18
2.094609999999999861e+00 6.553174584980218434e-15 6.311068999999999987e-18
2.095006000000000146e+00 6.575299057061984139e-15 5.736546000000000136e-18
2.095401999999999987e+00 6.643827177790646965e-15 5.349534999999999785e-18
2.095797999999999828e+00 6.605513632964049066e-15 5.043279999999999714e-18
2.096194000000000113e+00 6.515412536931981333e-15 4.985708999999999823e-18
2.096589999999999954e+00 6.447130746197077656e-15 4.893841999999999632e-18
2.096985999999999795e+00 6.529400603886144027e-15 4.897246999999999808e-18
2.097382000000000080e+00 6.693233901441906968e-15 4.894027000000000221e-18
2.097777999999999921e+00 6.787553919374464566e-15 4.890874000000000281e-18
2.098174000000000206e+00 6.896560424409056519e-15 4.921251999999999704e-18
2.098570000000000046e+00 6.902130451806060675e-15 4.819390999999999719e-18
2.098965999999999887e+00 6.769851793661034655e-15 4.803774999999999694e-18
2.099362000000000172e+00 6.612170115248264287e-15 4.615067000000000127e-18
2.099758000000000013e+00 6.629681017420837311e-15 4.586962000000000384e-18
2.100153999999999854e+00 6.777163741519047106e-15 4.658416999999999978e-18
2.100550000000000139e+00 6.925202724028883138e-15 4.694929000000000049e-18
2.100945999999999980e+00 7.083562207232065237e-15 4.843082999999999885e-18
2.101341999999999821e+00 6.787686992437298779e-15 4.712293999999999803e-18
2.101738000000000106e+00 6.618491996500899801e-15 4.638633999999999688e-18
2.102133999999999947e+00 6.645805018141642420e-15 4.613924000000000379e-18
2.102529999999999788e+00 6.774249434301031456e-15 4.922515999999999700e-18
2.102926000000000073e+00 6.882975617143455456e-15 5.087717999999999971e-18
2.103321999999999914e+00 6.887575098659260570e-15 5.072692000000000032e-18
2.103718000000000199e+00 6.889885158926337142e-15 5.069392999999999723e-18
2.104114000000000040e+00 6.950444325492835527e-15 5.062829999999999738e-18
2.104509999999999881e+00 6.927608812134503772e-15 5.101694999999999723e-18
2.104906000000000166e+00 6.737976447267959853e-15 5.136303999999999752e-18
2.105302000000000007e+00 6.584820422957497418e-15 5.068519999999999898e-18
2.105697999999999848e+00 6.847167384322464791e-15 5.230291000000000360e-18
2.106094000000000133e+00 7.075593617812468596e-15 5.343683000000000134e-18
2.106489999999999974e+00 7.087473947308129750e-15 5.393535999999999987e-18
2.106885999999999814e+00 7.073729659789605206e-15 5.419664000000000377e-18
2.107282000000000100e+00 6.867225369238954538e-15 5.325573999999999978e-18
2.107677999999999940e+00 6.733329657857328512e-15 5.253338000000000327e-18
2.108073999999999781e+00 6.670644105404538039e-15 5.302033000000000051e-18
2.108470000000000066e+00 6.485316892260571649e-15 5.201791000000000088e-18
2.108865999999999907e+00 6.539154382845905417e-15 5.164837000000000092e-18
2.109262000000000192e+00 6.812734836979104183e-15 5.394391999999999638e-18
2.109658000000000033e+00 6.871457850947307789e-15 5.452976999999999854e-18
2.110053999999999874e+00 6.916385817249079048e-15 5.503541000000000042e-18
2.110450000000000159e+00 6.988096797692217280e-15 5.625411999999999661e-18
2.110846000000000000e+00 7.167885439665264069e-15 5.489108000000000267e-18
2.111241999999999841e+00 7.030235275123342829e-15 5.148537999999999929e-18
2.111638000000000126e+00 6.688881371325393297e-15 4.859970999999999853e-18
2.112033999999999967e+00 6.583895759527693523e-15 4.795407000000000356e-18
2.112429999999999808e+00 6.676233497064785221e-15 4.852602999999999970e-18
2.112826000000000093e+00 6.828480921889234215e-15 4.987261000000000198e-18
2.113221999999999934e+00 7.025725997226091133e-15 5.440701999999999663e-18
2.113618000000000219e+00 7.044603654013203105e-15 5.638915999999999986e-18
2.114014000000000060e+00 7.089314548166497916e-15 5.484025999999999881e-18
2.114409999999999901e+00 7.277982849911605240e-15 5.498726999999999784e-18
2.114806000000000186e+00 7.193555574709225962e-15 5.485936000000000358e-18
2.115202000000000027e+00 7.016431190257015702e-15 5.244383000000000207e-18
2.115597999999999868e+00 6.854370416419604221e-15 5.116164999999999924e-18
2.115994000000000153e+00 6.973288850788472359e-15 5.261312000000000189e-18
2.116389999999999993e+00 7.072171852331850315e-15 5.219070000000000225e-18
2.116785999999999834e+00 6.895747641956040286e-15 5.063755999999999882e-18
2.117182000000000119e+00 6.600827049215214502e-15 4.993068999999999759e-18
2.117577999999999960e+00 6.524808777450436893e-15 5.277985000000000346e-18
2.117973999999999801e+00 6.635128496318107367e-15 5.619148000000000077e-18
2.118370000000000086e+00 6.877136008716214361e-15 5.625955999999999864e-18
2.118765999999999927e+00 6.961538077241189592e-15 5.528598999999999713e-18
2.119162000000000212e+00 6.798882508359119709e-15 5.481183000000000365e-18
2.119558000000000053e+00 6.796035369410567009e-15 5.238095000000000014e-18
2.119953999999999894e+00 6.880253726715370789e-15 5.130013000000000253e-18
2.120350000000000179e+00 6.772413876499939364e-15 4.978658000000000029e-18
2.120746000000000020e+00 6.779617184796179663e-15 5.017775999999999761e-18
2.121141999999999861e+00 7.000946125368825018e-15 6.305503999999999663e-18
2.121538000000000146e+00 6.798804822334466488e-15 5.446061999999999918e-18
2.121933999999999987e+00 6.848093836759898699e-15 5.475547000000000035e-18
2.122329999999999828e+00 6.970782929922090033e-15 5.683564000000000182e-18
2.122726000000000113e+00 7.091868954429780567e-15 5.586977000000000066e-18
2.123121999999999954e+00 7.004535185489443327e-15 5.597739000000000101e-18
2.123517999999999795e+00 6.807370043410422406e-15 5.529302000000000101e-18
2.123914000000000080e+00 6.907312233034952425e-15 5.640634999999999723e-18
2.124309999999999921e+00 7.050376042613149787e-15 6.331379000000000305e-18
2.124706000000000206e+00 7.089893095174857285e-15 5.936337000000000185e-18
2.125102000000000046e+00 7.260850047483217015e-15 5.551582000000000109e-18
2.125497999999999887e+00 6.995284443497072788e-15 5.427737999999999953e-18
2.125894000000000172e+00 6.878060155001656961e-15 5.411911999999999988e-18
2.126290000000000013e+00 6.894438513099157153e-15 5.465518999999999891e-18
2.126685999999999854e+00 6.907508840483617798e-15 5.483165000000000359e-18
2.127082000000000139e+00 6.879224666883297078e-15 5.491458999999999616e-18
2.127477999999999980e+00 6.738738405398822646e-15 5.402847999999999926e-18
2.127873999999999821e+00 6.728112432139938976e-15 5.450773999999999898e-18
2.128270000000000106e+00 6.793737665285316253e-15 5.551765000000000133e-18
2.128665999999999947e+00 6.725070212332522266e-15 5.637877000000000311e-18
2.129061999999999788e+00 6.672918236488341397e-15 5.609104000000000040e-18
2.129458000000000073e+00 6.843575731929286198e-15 5.477778000000000189e-18
2.129853999999999914e+00 6.941140367124806858e-15 5.521416999999999931e-18
2.130250000000000199e+00 6.992109450719671528e-15 5.420938000000000113e-18
2.130646000000000040e+00 7.063938972493244934e-15 5.472279000000000000e-18
2.131041999999999881e+00 7.112386217920734901e-15 5.484993000000000039e-18
2.131438000000000166e+00 7.051991544551288968e-15 5.374249000000000222e-18
2.131834000000000007e+00 7.090670541466933796e-15 5.562571999999999771e-18
2.132229999999999848e+00 6.987855288923480153e-15 5.656324000000000318e-18
2.132626000000000133e+00 6.938229191933020111e-15 5.453707000000000158e-18
2.133021999999999974e+00 7.079795318999400585e-15 5.558405000000000276e-18
2.133417999999999815e+00 7.120516996420694052e-15 5.519988000000000368e-18
2.133814000000000100e+00 7.049586986419984325e-15 5.323593999999999778e-18
2.134209999999999940e+00 6.915245894218730751e-15 5.259898999999999748e-18
2.134605999999999781e+00 6.921757410100307963e-15 5.198043999999999702e-18
2.135002000000000066e+00 7.062338283849594486e-15 5.254181000000000161e-18
2.135397999999999907e+00 7.223206172601145756e-15 5.534261999999999957e-18
2.135794000000000192e+00 7.251790723338565172e-15 5.747245000000000113e-18
2.136190000000000033e+00 7.265211457350288114e-15 6.171589000000000326e-18
2.136585999999999874e+00 7.261371261472616810e-15 6.509125999999999919e-18
2.136982000000000159e+00 7.031422949894806620e-15 6.425146999999999974e-18
2.137378000000000000e+00 6.928528865001833316e-15 6.339178000000000089e-18
2.137773999999999841e+00 6.986715253080753608e-15 6.281236000000000278e-18
2.138170000000000126e+00 6.784246545395686691e-15 6.036606000000000063e-18
2.138565999999999967e+00 6.661167879724274687e-15 5.897309999999999938e-18
2.138961999999999808e+00 6.797795869333559356e-15 5.965797999999999692e-18
2.139358000000000093e+00 7.169604233403050901e-15 7.662994999999999337e-18
2.139753999999999934e+00 7.252540380479090255e-15 7.732104999999999734e-18
2.140150000000000219e+00 6.920338943335797092e-15 6.152228999999999991e-18
2.140546000000000060e+00 6.719187283474007670e-15 6.027011000000000385e-18
2.140941999999999901e+00 6.868651777728350159e-15 6.004165999999999641e-18
2.141338000000000186e+00 6.867154439638212968e-15 5.820533000000000027e-18
2.141734000000000027e+00 6.921344881388293904e-15 5.903355999999999636e-18
2.142129999999999868e+00 6.893773417776773993e-15 5.857750999999999793e-18
2.142526000000000153e+00 6.819973684790646167e-15 5.727109000000000361e-18
2.142921999999999993e+00 6.734383700325184746e-15 5.344159999999999919e-18
2.143317999999999834e+00 6.932718231886973325e-15 5.193320000000000189e-18
2.143714000000000119e+00 7.256716805114770479e-15 5.425356000000000331e-18
2.144109999999999960e+00 7.456425580494333732e-15 5.634772000000000049e-18
2.144505999999999801e+00 7.330535710927279348e-15 5.618764999999999854e-18
2.144902000000000086e+00 7.458238463064821410e-15 5.586418000000000252e-18
2.145297999999999927e+00 7.328327451806081433e-15 5.532194000000000347e-18
2.145694000000000212e+00 7.272374189457196164e-15 5.205944999999999765e-18
2.146090000000000053e+00 7.261816720737393976e-15 5.168190999999999743e-18
2.146485999999999894e+00 7.329629135214078019e-15 5.143049000000000250e-18
2.146882000000000179e+00 7.266359156133238290e-15 5.176661000000000130e-18
2.147278000000000020e+00 7.206228931608375907e-15 5.101150000000000008e-18
2.147673999999999861e+00 7.136018909412485329e-15 5.101656000000000273e-18
2.148070000000000146e+00 7.059215187189941410e-15 4.939247000000000046e-18
2.148465999999999987e+00 7.039835325674161790e-15 4.953512000000000178e-18
2.148861999999999828e+00 6.933507020541254698e-15 5.286134000000000287e-18
2.149258000000000113e+00 6.919675186381804003e-15 5.344172999999999736e-18
2.149653999999999954e+00 6.898387570809122903e-15 5.284124000000000095e-18
2.150049999999999795e+00 6.746428841103914267e-15 4.785860000000000355e-18
2.150446000000000080e+00 6.865098038699734598e-15 5.254304000000000203e-18
2.150841999999999921e+00 7.021498381539879070e-15 4.767085999999999750e-18
2.151238000000000206e+00 7.414317305380604718e-15 5.404844000000000019e-18
2.151634000000000047e+00 7.115911832090279215e-15 6.566991999999999854e-18
2.152029999999999887e+00 6.949745363821819494e-15 5.943503000000000074e-18
2.152426000000000172e+00 6.868255427338631934e-15 5.450666000000000237e-18
2.152822000000000013e+00 6.895553375144690485e-15 4.293770000000000226e-18
2.153217999999999854e+00 6.749669851578654157e-15 4.124479000000000130e-18
2.153614000000000139e+00 7.093778421947849192e-15 4.368563999999999861e-18
2.154009999999999980e+00 7.232389573037314901e-15 4.490689000000000280e-18
2.154405999999999821e+00 7.174349689154876323e-15 4.478175999999999952e-18
2.154802000000000106e+00 7.067995754186504199e-15 5.802097000000000043e-18
2.155197999999999947e+00 7.093052363761380229e-15 6.521151999999999950e-18
2.155593999999999788e+00 7.118624271475751002e-15 6.105036999999999911e-18
2.155990000000000073e+00 7.042223629011149852e-15 6.831145000000000177e-18
2.156385999999999914e+00 6.960142878687419669e-15 7.574737000000000650e-18
2.156782000000000199e+00 6.840311994296131511e-15 1.139355000000000051e-17
2.157178000000000040e+00 6.868148285763354372e-15 1.150132000000000006e-17
2.157573999999999881e+00 7.232565205909260779e-15 8.211934000000000542e-18
2.157970000000000166e+00 7.296256441155111479e-15 8.916794999999999552e-18
2.158366000000000007e+00 7.225313583265168656e-15 9.360014000000000368e-18
2.158761999999999848e+00 7.220889357015015607e-15 9.458820999999999845e-18
2.159158000000000133e+00 7.153562943930124445e-15 9.440894000000000202e-18
2.159553999999999974e+00 7.030874972866897718e-15 9.294041000000000018e-18
2.159949999999999815e+00 7.068711915809633278e-15 9.218191000000000533e-18
2.160346000000000100e+00 7.084792441049040691e-15 7.550328000000000767e-18
2.160741999999999940e+00 7.087964704624721558e-15 6.025094999999999755e-18
2.161137999999999781e+00 7.319803502956647224e-15 6.141714000000000321e-18
2.161534000000000066e+00 7.314325317548589422e-15 6.206187000000000332e-18
2.161929999999999907e+00 7.119891996554185602e-15 6.062700000000000103e-18
2.162326000000000192e+00 7.039565855794847648e-15 6.059678999999999663e-18
2.162722000000000033e+00 7.153070458408496009e-15 6.519217999999999634e-18
2.163117999999999874e+00 7.095027480200375501e-15 9.129914000000000336e-18
2.163514000000000159e+00 7.028672342223718679e-15 1.094883000000000062e-17
2.163910000000000000e+00 7.142971836148253953e-15 1.132932999999999948e-17
2.164305999999999841e+00 7.227777185003316165e-15 1.207003000000000048e-17
2.164702000000000126e+00 7.199835015881682195e-15 1.236088000000000074e-17
2.165097999999999967e+00 7.235662169148427140e-15 1.252210000000000057e-17
2.165493999999999808e+00 7.082308797345193464e-15 1.232904000000000015e-17
2.165890000000000093e+00 7.099109452291643690e-15 1.237097000000000066e-17
2.166285999999999934e+00 7.209488010513642218e-15 1.256099999999999965e-17
2.166682000000000219e+00 7.189951198448422413e-15 1.251025000000000013e-17
2.167078000000000060e+00 7.092255704235662197e-15 1.147152000000000042e-17
2.167473999999999901e+00 7.257966824877707292e-15 1.085041000000000018e-17
2.167870000000000186e+00 7.373548751197621317e-15 8.086590999999999559e-18
2.168266000000000027e+00 7.391044330382670411e-15 6.452326999999999856e-18
2.168661999999999868e+00 7.468090777098850513e-15 6.244636000000000026e-18
2.169058000000000153e+00 7.474751619837185350e-15 6.187376000000000071e-18
2.169453999999999994e+00 7.401510586454811498e-15 6.140220000000000135e-18
2.169849999999999834e+00 7.334649559916771483e-15 5.754671999999999696e-18
2.170246000000000119e+00 7.201618817977826735e-15 5.412931000000000183e-18
2.170641999999999960e+00 6.963188063237674290e-15 5.195829000000000211e-18
2.171037999999999801e+00 7.048370878713365917e-15 5.229692000000000044e-18
2.171434000000000086e+00 7.109012688205021391e-15 5.226551999999999921e-18
2.171829999999999927e+00 7.148995375004430294e-15 5.156568999999999698e-18
2.172226000000000212e+00 7.125242151247971837e-15 5.140398000000000217e-18
2.172622000000000053e+00 7.069696660687020037e-15 4.865651999999999784e-18
2.173017999999999894e+00 7.042731292865495155e-15 4.733953000000000220e-18
2.173414000000000179e+00 7.142538867316871565e-15 4.845789000000000031e-18
2.173810000000000020e+00 7.203923788175638291e-15 5.062594999999999677e-18
2.174205999999999861e+00 7.145227166155152753e-15 5.220003000000000034e-18
2.174602000000000146e+00 7.307511230729097659e-15 4.977927000000000213e-18
2.174997999999999987e+00 7.379807155755613597e-15 5.329755999999999853e-18
2.175393999999999828e+00 7.390724418489955662e-15 6.322599000000000264e-18
2.175790000000000113e+00 7.184879839648049056e-15 6.282740000000000205e-18
2.176185999999999954e+00 6.985447027179877961e-15 6.809613000000000159e-18
2.176581999999999795e+00 6.922058678100341443e-15 5.988244000000000320e-18
2.176978000000000080e+00 7.053728953093460187e-15 6.068950999999999871e-18
2.177373999999999921e+00 7.120379285712779292e-15 6.132642999999999824e-18
2.177770000000000206e+00 7.082283071026885305e-15 6.071459000000000382e-18
2.178166000000000047e+00 7.021192045453223894e-15 5.925479000000000023e-18
2.178561999999999887e+00 6.913383975991538609e-15 5.881201999999999746e-18
2.178958000000000172e+00 6.882524988098960740e-15 5.860999999999999859e-18
2.179354000000000013e+00 7.010401263347008486e-15 5.850310000000000111e-18
2.179749999999999854e+00 7.160906657754425833e-15 5.696841999999999904e-18
2.180146000000000139e+00 7.197385005717866680e-15 5.409440999999999903e-18
2.180541999999999980e+00 7.105185124902158254e-15 5.279980999999999669e-18
2.180937999999999821e+00 7.218302532933741469e-15 5.325788999999999788e-18
2.181334000000000106e+00 7.321413782010740274e-15 5.247252000000000126e-18
2.181729999999999947e+00 7.390503916946222969e-15 5.201377999999999873e-18
2.182125999999999788e+00 7.257026476396610541e-15 5.125355999999999616e-18
2.182522000000000073e+00 7.069957966609139557e-15 5.098879999999999634e-18
2.182917999999999914e+00 7.061188609183181194e-15 5.071740000000000255e-18
2.183314000000000199e+00 7.032820389568304241e-15 5.313317000000000244e-18
2.183710000000000040e+00 7.072861114429943189e-15 5.365993999999999645e-18
2.184105999999999881e+00 7.162656808439253785e-15 5.441435000000000043e-18
2.184502000000000166e+00 7.299186561491253994e-15 5.483339999999999667e-18
2.184898000000000007e+00 7.253038097906047184e-15 5.467942000000000298e-18
2.185293999999999848e+00 7.219108157850664265e-15 5.404315999999999709e-18
2.185690000000000133e+00 7.199069811045738160e-15 5.374825000000000210e-18
2.186085999999999974e+00 7.156906560310425838e-15 5.404880000000000163e-18
2.186481999999999815e+00 7.172065924306807954e-15 5.468955000000000340e-18
2.186878000000000100e+00 7.315454792402627452e-15 5.477325000000000243e-18
2.187273999999999941e+00 7.218077609870482030e-15 5.471229999999999814e-18
2.187669999999999781e+00 7.225609128933336641e-15 5.914387000000000082e-18
2.188066000000000066e+00 7.288421075799501866e-15 5.843876999999999831e-18
2.188461999999999907e+00 7.277246117823214436e-15 5.765100999999999750e-18
2.188858000000000192e+00 7.245191113353698857e-15 5.479446999999999683e-18
2.189254000000000033e+00 7.148983362210465412e-15 5.689494999999999785e-18
2.189649999999999874e+00 7.091982717628653376e-15 5.520779000000000166e-18
2.190046000000000159e+00 7.216796185748097248e-15 5.463213000000000144e-18
2.190442000000000000e+00 7.285339744374674907e-15 5.540158999999999981e-18
2.190837999999999841e+00 7.286488665937083178e-15 5.448561000000000201e-18
2.191234000000000126e+00 7.368531013556056043e-15 5.507137000000000188e-18
2.191629999999999967e+00 7.351770175806112420e-15 5.418485999999999997e-18
2.192025999999999808e+00 7.284266335073450250e-15 5.491095999999999643e-18
2.192422000000000093e+00 7.329853538594155135e-15 5.545746000000000350e-18
2.192817999999999934e+00 6.967930022691488886e-15 5.726667999999999949e-18
2.193214000000000219e+00 6.981118859581089159e-15 5.565001999999999842e-18
2.193610000000000060e+00 7.263276353785695195e-15 6.000064000000000000e-18
2.194005999999999901e+00 7.133741519786368927e-15 5.920355000000000111e-18
2.194402000000000186e+00 7.092125516373290430e-15 6.092763000000000003e-18
2.194798000000000027e+00 7.191961607690115010e-15 5.955003000000000360e-18
2.195193999999999868e+00 7.393826371178186980e-15 5.983731000000000258e-18
2.195590000000000153e+00 7.239623018351401539e-15 5.607434000000000264e-18
2.195985999999999994e+00 7.200277722894970369e-15 5.401140000000000212e-18
2.196381999999999834e+00 7.357176253366817376e-15 5.581365000000000345e-18
2.196778000000000119e+00 7.460630167079241585e-15 6.785930000000000222e-18
2.197173999999999960e+00 7.180407572166188284e-15 6.888302999999999854e-18
2.197569999999999801e+00 7.037061014968648125e-15 5.977872999999999684e-18
2.197966000000000086e+00 7.245095533769974299e-15 6.067609000000000206e-18
2.198361999999999927e+00 nan nan
2.198758000000000212e+00 7.293354240698836199e-15 5.965907999999999918e-18
2.199154000000000053e+00 7.067673488929633378e-15 6.205433000000000190e-18
2.199549999999999894e+00 7.132370774773442530e-15 6.604007000000000115e-18
2.199946000000000179e+00 7.154750755462282365e-15 6.616664999999999759e-18
2.200342000000000020e+00 7.122113420549495513e-15 6.290090999999999913e-18
2.200737999999999861e+00 7.137283138302805316e-15 6.190205999999999770e-18
2.201134000000000146e+00 7.174562608138755166e-15 5.616713999999999648e-18
2.201529999999999987e+00 7.179444639971141612e-15 5.434772999999999855e-18
2.201925999999999828e+00 7.119127243942288080e-15 5.623203999999999834e-18
2.202322000000000113e+00 7.078894077370643174e-15 5.931159999999999954e-18
2.202717999999999954e+00 7.158585939226982747e-15 5.934756000000000101e-18
2.203113999999999795e+00 7.061983764842582548e-15 5.850840000000000215e-18
2.203510000000000080e+00 7.123654773848248511e-15 5.786921000000000147e-18
2.203905999999999921e+00 6.987325027379511350e-15 5.131534999999999866e-18
2.204302000000000206e+00 7.044126295531285412e-15 5.088388999999999803e-18
2.204698000000000047e+00 7.008515042580513752e-15 5.062412999999999935e-18
2.205093999999999888e+00 6.943983284023973839e-15 5.009588999999999884e-18
2.205490000000000173e+00 7.006679649556472183e-15 5.084109000000000008e-18
2.205886000000000013e+00 6.846108043974093381e-15 5.028299000000000148e-18
2.206281999999999854e+00 6.509238371526824838e-15 7.220823999999999966e-18
2.206678000000000139e+00 6.505716096814032438e-15 7.183834000000000597e-18
2.207073999999999980e+00 6.903111834851401417e-15 5.014586999999999678e-18
2.207469999999999821e+00 7.277595565768883571e-15 5.194653999999999908e-18
2.207866000000000106e+00 7.205644996237682493e-15 5.174177000000000228e-18
2.208261999999999947e+00 7.023181919054652279e-15 5.289828999999999865e-18
2.208657999999999788e+00 6.866534365798727955e-15 5.277236000000000074e-18
2.209054000000000073e+00 6.883301927696535718e-15 5.266816999999999760e-18
2.209449999999999914e+00 7.163739823468693935e-15 5.543012000000000007e-18
2.209846000000000199e+00 7.381959128728799471e-15 6.410158999999999974e-18
2.210242000000000040e+00 7.328250858050419960e-15 6.245581999999999651e-18
2.210637999999999881e+00 7.186324534825343397e-15 5.358944000000000133e-18
2.211034000000000166e+00 7.103466691319619183e-15 5.245860000000000219e-18
2.211430000000000007e+00 7.150236156090263265e-15 5.209927000000000211e-18
2.211825999999999848e+00 7.377384900808501853e-15 5.347407000000000192e-18
2.212222000000000133e+00 7.466925255574020253e-15 5.455425999999999894e-18
2.212617999999999974e+00 7.387757972383908010e-15 5.401837999999999960e-18
2.213013999999999815e+00 7.219899001197568772e-15 5.390875000000000213e-18
2.213410000000000100e+00 7.078405383365528937e-15 5.598646000000000277e-18
2.213805999999999941e+00 7.767220169570321656e-15 1.639806000000000009e-17
2.214201999999999781e+00 7.797831960172420917e-15 1.846466000000000109e-17
2.214598000000000066e+00 7.770231706205639526e-15 1.798100000000000008e-17
2.214993999999999907e+00 7.392418283786435158e-15 5.911773999999999987e-18
2.215390000000000192e+00 7.354418706093986324e-15 5.843289000000000308e-18
2.215786000000000033e+00 7.224997822044674669e-15 6.026421000000000298e-18
2.216181999999999874e+00 7.143535915882370957e-15 6.350475000000000099e-18
2.216578000000000159e+00 7.239011766026443467e-15 6.672559000000000211e-18
2.216974000000000000e+00 7.018792849035367560e-15 6.750467000000000336e-18
2.217369999999999841e+00 7.055109519094431523e-15 6.991623999999999676e-18
2.217766000000000126e+00 7.151517975341236247e-15 7.060115999999999789e-18
2.218161999999999967e+00 7.411286982594081056e-15 7.246400000000000207e-18
2.218557999999999808e+00 7.511532236836386535e-15 7.309129000000000360e-18
2.218954000000000093e+00 7.214298014515379145e-15 7.095788999999999614e-18
2.219349999999999934e+00 6.997802482888880996e-15 6.914292000000000309e-18
2.219746000000000219e+00 6.942234104182297603e-15 6.918961999999999993e-18
2.220142000000000060e+00 7.012676770097468481e-15 6.496485999999999961e-18
2.220537999999999901e+00 7.076370159112993181e-15 6.324005000000000270e-18
2.220934000000000186e+00 7.071148406568558427e-15 6.358417000000000176e-18
2.221330000000000027e+00 7.088279961103786096e-15 6.386450999999999915e-18
2.221725999999999868e+00 7.145125251598997658e-15 6.347003999999999789e-18
2.222122000000000153e+00 7.217117702926223950e-15 6.385480999999999680e-18
2.222517999999999994e+00 7.368712645171184491e-15 6.521459000000000298e-18
2.222913999999999835e+00 7.570166706849322190e-15 8.188776000000000068e-18
2.223310000000000120e+00 7.332884493563510451e-15 6.546668000000000208e-18
2.223705999999999960e+00 7.181200643210203880e-15 6.349618000000000166e-18
2.224101999999999801e+00 7.373034215602806336e-15 6.428757999999999731e-18
2.224498000000000086e+00 7.561746167035124030e-15 6.509777000000000271e-18
2.224893999999999927e+00 7.587490155467492117e-15 6.383471000000000259e-18
2.225290000000000212e+00 7.561823520260543042e-15 6.262335000000000043e-18
2.225686000000000053e+00 7.555606830793128939e-15 5.944912999999999668e-18
2.226081999999999894e+00 7.458608043272223711e-15 5.714977999999999975e-18
2.226478000000000179e+00 7.226315017157956971e-15 5.600087999999999656e-18
2.226874000000000020e+00 7.208330477198823595e-15 5.662441000000000021e-18
2.227269999999999861e+00 7.189655353511979769e-15 5.560649999999999759e-18
2.227666000000000146e+00 7.111988051264477155e-15 5.378071999999999712e-18
2.228061999999999987e+00 7.089644216133586608e-15 5.161583000000000155e-18
2.228457999999999828e+00 7.203989147995720484e-15 5.031068999999999865e-18
2.228854000000000113e+00 7.144284639044250989e-15 4.978631999999999625e-18
2.229249999999999954e+00 7.149368783956771559e-15 5.021105000000000062e-18
2.229645999999999795e+00 7.202595507848829905e-15 4.933094999999999711e-18
2.230042000000000080e+00 7.201357043185072126e-15 4.905599000000000023e-18
2.230437999999999921e+00 7.308075480535690439e-15 4.994635000000000233e-18
2.230834000000000206e+00 7.480620135170322598e-15 5.062720000000000283e-18
2.231230000000000047e+00 7.453051372197096381e-15 5.244165000000000322e-18
2.231625999999999888e+00 7.353715285338546727e-15 5.363285000000000193e-18
2.232022000000000173e+00 7.310734778278424179e-15 5.417603999999999942e-18
2.232418000000000013e+00 7.262542024109463902e-15 5.812619999999999659e-18
2.232813999999999854e+00 6.886494710979924936e-15 5.484544999999999962e-18
2.233210000000000139e+00 7.111600676152560993e-15 5.718959000000000139e-18
2.233605999999999980e+00 7.120981702341300204e-15 4.932920999999999915e-18
2.234001999999999821e+00 7.200078454269749412e-15 5.022121999999999692e-18
2.234398000000000106e+00 7.235453125939826687e-15 4.995536000000000256e-18
2.234793999999999947e+00 7.128960156583613568e-15 4.886153000000000073e-18
2.235189999999999788e+00 7.030412530805647199e-15 4.842453000000000067e-18
2.235586000000000073e+00 6.948702171742896554e-15 4.865335999999999978e-18
2.235981999999999914e+00 6.925835838344814913e-15 4.850901999999999920e-18
2.236378000000000199e+00 6.947237088432965864e-15 5.093605000000000254e-18
2.236774000000000040e+00 7.106611292673688127e-15 5.322941999999999914e-18
2.237169999999999881e+00 7.309056247146636831e-15 5.715716000000000225e-18
2.237566000000000166e+00 7.278461054060900685e-15 5.841760000000000261e-18
2.237962000000000007e+00 7.222787571907720878e-15 5.815226000000000090e-18
2.238357999999999848e+00 7.046205588918355512e-15 5.793193999999999960e-18
2.238754000000000133e+00 7.132625502608620349e-15 5.815120000000000224e-18
2.239149999999999974e+00 7.175016915406862257e-15 5.791999000000000175e-18
2.239545999999999815e+00 7.346054838123700885e-15 5.931742000000000095e-18
2.239942000000000100e+00 7.380701436777598597e-15 6.123785000000000114e-18
2.240337999999999941e+00 7.342530647622078690e-15 6.179803000000000119e-18
2.240733999999999781e+00 7.346312133894227304e-15 6.153764999999999703e-18
2.241130000000000067e+00 7.270509341162310817e-15 5.985773000000000235e-18
2.241525999999999907e+00 7.168453032365521110e-15 5.744507999999999694e-18
2.241922000000000192e+00 7.074042902961997117e-15 5.632528000000000078e-18
2.242318000000000033e+00 7.131086229818205788e-15 5.495980999999999907e-18
2.242713999999999874e+00 7.047578820831964505e-15 5.264116000000000255e-18
2.243110000000000159e+00 7.016612504152132873e-15 4.572640999999999857e-18
2.243506000000000000e+00 6.981977180651359710e-15 4.408200999999999675e-18
2.243901999999999841e+00 7.001862867042405872e-15 4.531871000000000035e-18
2.244298000000000126e+00 nan nan
2.244693999999999967e+00 7.206364049044610436e-15 1.070989000000000056e-17
2.245089999999999808e+00 7.422181205017133290e-15 6.936599000000000232e-18
2.245486000000000093e+00 7.415258990824162335e-15 4.548258000000000377e-18
2.245881999999999934e+00 7.297636901108747708e-15 4.481549000000000342e-18
2.246278000000000219e+00 7.141406504880175237e-15 4.461848000000000080e-18
2.246674000000000060e+00 7.002090717901989733e-15 4.471799000000000067e-18
2.247069999999999901e+00 7.138336426888749747e-15 4.584130999999999632e-18
2.247466000000000186e+00 7.101376298753580945e-15 4.538541999999999681e-18
2.247862000000000027e+00 7.120949131382453526e-15 4.697739000000000268e-18
2.248257999999999868e+00 7.150135475356033326e-15 4.761243000000000327e-18
2.248654000000000153e+00 7.313615484919112502e-15 4.804800000000000041e-18
2.249049999999999994e+00 7.350546399929920117e-15 4.844780000000000347e-18
2.249445999999999835e+00 7.190295077074115894e-15 4.808326999999999976e-18
2.249842000000000120e+00 6.991990141773682965e-15 4.821138999999999935e-18
2.250237999999999960e+00 6.869787424771280452e-15 4.845593000000000190e-18
2.250633999999999801e+00 6.955671560237015028e-15 7.866829000000000097e-18
2.251030000000000086e+00 7.422852032051605484e-15 1.253789000000000039e-17
2.251425999999999927e+00 7.624527254192130472e-15 7.493561000000000489e-18
2.251822000000000212e+00 7.446422913499223962e-15 7.515395000000000215e-18
2.252218000000000053e+00 7.126866069408352445e-15 5.078974000000000073e-18
2.252613999999999894e+00 7.078560312212075959e-15 5.065608999999999683e-18
2.253010000000000179e+00 7.151434660219055904e-15 5.188748999999999938e-18
2.253406000000000020e+00 7.205052997361098608e-15 5.242983999999999865e-18
2.253801999999999861e+00 7.141630936729502471e-15 5.334540000000000120e-18
2.254198000000000146e+00 7.079481556220829432e-15 5.670083000000000184e-18
2.254593999999999987e+00 6.914636484047342110e-15 5.634882000000000274e-18
2.254989999999999828e+00 6.902694265267773485e-15 5.654448999999999702e-18
2.255386000000000113e+00 7.054893505831441943e-15 5.683157000000000119e-18
2.255781999999999954e+00 7.084923384538559897e-15 5.336277999999999825e-18
2.256177999999999795e+00 7.093050929431229103e-15 5.677618999999999710e-18
2.256574000000000080e+00 7.222821738499161928e-15 6.328079999999999996e-18
2.256969999999999921e+00 7.288945545232443641e-15 6.495517000000000009e-18
2.257366000000000206e+00 7.113819816049388657e-15 6.312945999999999627e-18
2.257762000000000047e+00 6.890258182889025177e-15 5.678296999999999977e-18
2.258157999999999888e+00 6.943088486711937872e-15 5.610265000000000245e-18
2.258554000000000173e+00 7.191357578618572629e-15 5.784702999999999810e-18
2.258950000000000014e+00 7.251072253311207457e-15 5.819466999999999666e-18
2.259345999999999854e+00 7.196194395285913058e-15 5.668175000000000271e-18
2.259742000000000139e+00 7.131304946493783492e-15 5.019707000000000002e-18
2.260137999999999980e+00 7.090343235193093591e-15 4.879438999999999848e-18
2.260533999999999821e+00 7.028975129510545108e-15 4.759225000000000189e-18
2.260930000000000106e+00 7.041885354134202059e-15 4.935216999999999922e-18
2.261325999999999947e+00 6.994767864775032108e-15 5.513239000000000281e-18
2.261721999999999788e+00 7.001489004395224800e-15 5.629130000000000337e-18
2.262118000000000073e+00 7.061803951725647991e-15 5.235139999999999709e-18
2.262513999999999914e+00 7.036404098015194963e-15 4.899758999999999906e-18
2.262910000000000199e+00 6.970807577885144975e-15 4.803097999999999709e-18
2.263306000000000040e+00 6.918142763683147720e-15 4.752149000000000273e-18
2.263701999999999881e+00 6.902515061644711184e-15 4.768816000000000279e-18
2.264098000000000166e+00 6.823700600406471543e-15 4.509093999999999990e-18
2.264494000000000007e+00 nan nan
2.264889999999999848e+00 nan nan
2.265286000000000133e+00 nan nan
2.265681999999999974e+00 6.998022454274190793e-15 4.732875000000000325e-18
2.266077999999999815e+00 7.062964368188410805e-15 4.899836000000000064e-18
2.266474000000000100e+00 7.028280369684305579e-15 4.938284000000000246e-18
2.266869999999999941e+00 6.995386415764803129e-15 4.906831000000000234e-18
2.267265999999999782e+00 7.057809514133842842e-15 4.856036999999999855e-18
2.267662000000000067e+00 7.092568994631486960e-15 4.870546999999999788e-18
2.268057999999999907e+00 7.148481295880202630e-15 4.855534999999999948e-18
2.268454000000000192e+00 7.111053484505609447e-15 4.950845000000000252e-18
2.268850000000000033e+00 6.964551072723001651e-15 4.941129999999999838e-18
2.269245999999999874e+00 7.001211293984436040e-15 4.982483000000000083e-18
2.269642000000000159e+00 7.027140661622382297e-15 4.966597000000000136e-18
2.270038000000000000e+00 6.962817147452491570e-15 4.958405999999999899e-18
2.270433999999999841e+00 6.766677162544759827e-15 4.892692000000000220e-18
2.270830000000000126e+00 7.130447682914625050e-15 5.896555999999999795e-18
2.271225999999999967e+00 7.229602975219969951e-15 5.990062999999999771e-18
2.271621999999999808e+00 7.071473661929524428e-15 5.032334000000000143e-18
2.272018000000000093e+00 6.767409880402947857e-15 4.836668000000000062e-18
2.272413999999999934e+00 6.766484040464200780e-15 4.613762000000000118e-18
2.272810000000000219e+00 6.959697136316146964e-15 4.730483000000000192e-18
2.273206000000000060e+00 6.974022122657623564e-15 5.057760999999999938e-18
2.273601999999999901e+00 6.979240766948704207e-15 5.265083999999999925e-18
2.273998000000000186e+00 6.955591708492258409e-15 5.109549999999999902e-18
2.274394000000000027e+00 6.916095109558510644e-15 4.695609000000000111e-18
2.274789999999999868e+00 6.973674278436568794e-15 4.652950999999999856e-18
2.275186000000000153e+00 7.232496075162901946e-15 4.780934000000000078e-18
2.275581999999999994e+00 7.276924777634368503e-15 4.819710000000000372e-18
2.275977999999999835e+00 7.047995422185008411e-15 4.470364000000000351e-18
2.276374000000000120e+00 6.979290331608639435e-15 4.589028999999999712e-18
2.276769999999999960e+00 7.092810649810619796e-15 4.751586000000000102e-18
2.277165999999999801e+00 7.229755571713659279e-15 4.813490000000000108e-18
2.277562000000000086e+00 7.146610818390729504e-15 4.751455000000000114e-18
2.277957999999999927e+00 7.115675525123859551e-15 4.623056999999999882e-18
2.278354000000000212e+00 7.027420352482281836e-15 4.593604999999999833e-18
2.278750000000000053e+00 6.879933343893034035e-15 4.494494000000000083e-18
2.279145999999999894e+00 6.887185560986892415e-15 4.404829999999999849e-18
2.279542000000000179e+00 7.022376254121898629e-15 4.429956999999999731e-18
2.279938000000000020e+00 7.022412425770620875e-15 4.433227999999999842e-18
2.280333999999999861e+00 6.829089432999743783e-15 4.445820999999999634e-18
2.280730000000000146e+00 6.646434726342990080e-15 4.419236999999999991e-18
2.281125999999999987e+00 6.825405064619048725e-15 4.448034000000000101e-18
2.281521999999999828e+00 7.128098841528983040e-15 4.560698999999999647e-18
2.281918000000000113e+00 7.156232187038095048e-15 4.559967999999999832e-18
2.282313999999999954e+00 7.129709102264845501e-15 4.537286999999999914e-18
2.282709999999999795e+00 7.082915372056003810e-15 4.525071000000000194e-18
2.283106000000000080e+00 6.918006837051589326e-15 4.478385000000000380e-18
2.283501999999999921e+00 6.972501501136897782e-15 4.514372000000000217e-18
2.283898000000000206e+00 7.103193280099029219e-15 6.192272999999999868e-18
2.284294000000000047e+00 7.019829963076960173e-15 6.429134000000000291e-18
2.284689999999999888e+00 6.830932487395682506e-15 4.721799000000000277e-18
2.285086000000000173e+00 7.025741404945276123e-15 4.691981999999999691e-18
2.285482000000000014e+00 7.058177443837795199e-15 4.721913000000000090e-18
2.285877999999999854e+00 6.957273101497695598e-15 4.807353000000000153e-18
2.286274000000000139e+00 7.056453391559657579e-15 5.140483999999999833e-18
2.286669999999999980e+00 7.083800395624923362e-15 5.305222000000000135e-18
2.287065999999999821e+00 7.053218917382796228e-15 5.423246999999999936e-18
2.287462000000000106e+00 7.056754395742972999e-15 5.498079000000000279e-18
2.287857999999999947e+00 7.051454636172948389e-15 5.628434999999999895e-18
2.288253999999999788e+00 7.126498373213970428e-15 5.906457000000000310e-18
2.288650000000000073e+00 6.985706179356721371e-15 6.177208999999999992e-18
2.289045999999999914e+00 6.800121394771460183e-15 6.189473000000000161e-18
2.289442000000000199e+00 7.061683746881130451e-15 7.333494000000000153e-18
2.289838000000000040e+00 6.985746338718468081e-15 6.223602000000000328e-18
2.290233999999999881e+00 7.120347273614651706e-15 6.340475000000000153e-18
2.290630000000000166e+00 7.527808840154773479e-15 1.463941999999999879e-17
2.291026000000000007e+00 7.061828401161630129e-15 6.306516000000000193e-18
2.291421999999999848e+00 6.944991725261619168e-15 5.570482000000000062e-18
2.291818000000000133e+00 6.723464102224119810e-15 5.131679999999999953e-18
2.292213999999999974e+00 6.711887252523158187e-15 4.996406000000000005e-18
2.292609999999999815e+00 6.772006825968096363e-15 4.669810999999999626e-18
2.293006000000000100e+00 6.614505264087959586e-15 4.478158999999999777e-18
2.293401999999999941e+00 5.991917153668954469e-15 4.170402999999999856e-18
2.293797999999999782e+00 5.393571204885602130e-15 3.771909999999999676e-18
2.294194000000000067e+00 5.569899826007521391e-15 3.889804999999999772e-18
2.294589999999999907e+00 5.709807073628723206e-15 3.962997999999999842e-18
2.294986000000000193e+00 5.841260945629445930e-15 4.090693999999999967e-18
2.295382000000000033e+00 5.972858430213758504e-15 4.065770000000000361e-18
2.295777999999999874e+00 6.055495653311065250e-15 4.052124000000000025e-18
2.296174000000000159e+00 6.049929544471894859e-15 4.087378000000000254e-18
2.296570000000000000e+00 6.045333700868489399e-15 4.441938000000000161e-18
2.296965999999999841e+00 6.198085273829564477e-15 4.846398000000000087e-18
2.297362000000000126e+00 6.412307932345534170e-15 5.078922000000000037e-18
2.297757999999999967e+00 6.371575114682194940e-15 5.112903000000000041e-18
2.298153999999999808e+00 6.203609049115800537e-15 4.622158999999999935e-18
2.298550000000000093e+00 6.277588209899549450e-15 4.343023999999999764e-18
2.298945999999999934e+00 6.367196270743177659e-15 4.301338999999999820e-18
2.299342000000000219e+00 6.423897109274948324e-15 4.373777000000000235e-18
2.299738000000000060e+00 6.531958954343919308e-15 4.526543999999999847e-18
2.300133999999999901e+00 6.510078274296903052e-15 4.456088999999999709e-18
2.300530000000000186e+00 6.278897308139636447e-15 4.231767000000000018e-18
2.300926000000000027e+00 6.196151014669020125e-15 4.113269000000000018e-18
2.301321999999999868e+00 6.198826935380382764e-15 4.101121999999999739e-18
2.301718000000000153e+00 6.486175225444161909e-15 4.276786999999999644e-18
2.302113999999999994e+00 6.694025481874326073e-15 4.346837000000000284e-18
2.302509999999999835e+00 6.701935988909402291e-15 4.371992000000000363e-18
2.302906000000000120e+00 6.424063409208394532e-15 4.257881999999999820e-18
2.303301999999999961e+00 6.330208571851872500e-15 4.179542999999999794e-18
2.303697999999999801e+00 6.365885663357506181e-15 4.126814999999999869e-18
2.304094000000000086e+00 6.652957966147541275e-15 4.193777999999999934e-18
2.304489999999999927e+00 6.742024994357015782e-15 4.133092000000000040e-18
2.304886000000000212e+00 6.470995700392337229e-15 4.015135000000000168e-18
2.305282000000000053e+00 6.365734261057862695e-15 4.062963000000000218e-18
2.305677999999999894e+00 6.335256917476917619e-15 4.054552999999999814e-18
2.306074000000000179e+00 6.479699394906403299e-15 4.094282999999999679e-18
2.306470000000000020e+00 6.500378251565703169e-15 4.093968000000000155e-18
2.306865999999999861e+00 6.502854960835456004e-15 4.105151000000000352e-18
2.307262000000000146e+00 6.664231981641270334e-15 4.158114000000000337e-18
2.307657999999999987e+00 6.541024379147654662e-15 4.102951999999999983e-18
2.308053999999999828e+00 6.670966297909247512e-15 4.196350000000000016e-18
2.308450000000000113e+00 7.072174435981006802e-15 5.009014000000000177e-18
2.308845999999999954e+00 6.992642217785652018e-15 8.213655999999999584e-18
2.309241999999999795e+00 6.494071855971534954e-15 4.484481999999999832e-18
2.309638000000000080e+00 6.357925229762993470e-15 4.492057000000000348e-18
2.310033999999999921e+00 6.359072049016509590e-15 4.622373999999999745e-18
2.310430000000000206e+00 6.553167616544078058e-15 4.779116999999999651e-18
2.310826000000000047e+00 6.490506295439794398e-15 4.775946000000000024e-18
2.311221999999999888e+00 6.177840224493134956e-15 4.649060999999999948e-18
2.311618000000000173e+00 6.269193523046534837e-15 4.727879999999999837e-18
2.312014000000000014e+00 6.437608720975041084e-15 4.820632000000000158e-18
2.312409999999999854e+00 6.470877706322312673e-15 4.780566999999999747e-18
2.312806000000000139e+00 6.579357342968565795e-15 4.679559999999999619e-18
2.313201999999999980e+00 6.642826000512550381e-15 4.636121000000000077e-18
2.313597999999999821e+00 6.549168788819840520e-15 4.426440999999999818e-18
2.313994000000000106e+00 6.429787948217038942e-15 4.352815000000000053e-18
2.314389999999999947e+00 6.366376619570792357e-15 4.343922999999999993e-18
2.314785999999999788e+00 6.209731764787152419e-15 4.285905999999999819e-18
2.315182000000000073e+00 6.084059547950951730e-15 4.335564000000000113e-18
2.315577999999999914e+00 6.407374858722228878e-15 5.536046999999999829e-18
2.315974000000000199e+00 6.237832854288753653e-15 4.339764999999999957e-18
2.316370000000000040e+00 5.977135682712206266e-15 4.214685000000000003e-18
2.316765999999999881e+00 6.212585789066995483e-15 4.438556000000000312e-18
2.317162000000000166e+00 6.369514049267838962e-15 4.789193999999999755e-18
2.317558000000000007e+00 6.003050838573899070e-15 4.490927999999999928e-18
2.317953999999999848e+00 6.067293217856061678e-15 7.124952000000000543e-18
2.318350000000000133e+00 6.410558289570040134e-15 4.538372999999999756e-18
2.318745999999999974e+00 6.484394203070138248e-15 4.872973999999999783e-18
2.319141999999999815e+00 6.621184104319031691e-15 5.140401000000000293e-18
2.319538000000000100e+00 6.453086884507159814e-15 4.395727999999999849e-18
2.319933999999999941e+00 6.524045255259468229e-15 4.431845000000000163e-18
2.320329999999999782e+00 6.249766867753008951e-15 4.409399000000000306e-18
2.320726000000000067e+00 5.954791270480948419e-15 4.609247000000000261e-18
2.321121999999999908e+00 6.170415851828262207e-15 4.678219000000000236e-18
2.321518000000000193e+00 6.466684652066202179e-15 5.027767000000000250e-18
2.321914000000000033e+00 6.340815505809322752e-15 5.108792000000000171e-18
2.322309999999999874e+00 5.954014867964434956e-15 4.896817999999999700e-18
2.322706000000000159e+00 5.459248897332509361e-15 4.376733000000000052e-18
2.323102000000000000e+00 5.212721420557387588e-15 4.052308999999999844e-18
2.323497999999999841e+00 5.412378564950381501e-15 4.283402999999999948e-18
2.323894000000000126e+00 5.685715757118023291e-15 4.561310999999999779e-18
2.324289999999999967e+00 5.977289768607756533e-15 4.767546999999999643e-18
2.324685999999999808e+00 5.925008023793327566e-15 4.733636999999999644e-18
2.325082000000000093e+00 5.766211430699752768e-15 4.658988000000000096e-18
2.325477999999999934e+00 5.777678876976858456e-15 4.763164000000000057e-18
2.325874000000000219e+00 5.655581279024625610e-15 4.778156999999999927e-18
2.326270000000000060e+00 5.664693135517367701e-15 4.831858000000000163e-18
2.326665999999999901e+00 5.944989617166494914e-15 4.994277000000000130e-18
2.327062000000000186e+00 6.178547078466447220e-15 5.167421999999999990e-18
2.327458000000000027e+00 6.212969468065573981e-15 5.111282999999999737e-18
2.327853999999999868e+00 6.065953521038789441e-15 4.900945000000000233e-18
2.328250000000000153e+00 5.824174463510671748e-15 4.569689999999999910e-18
2.328645999999999994e+00 5.725464330226994491e-15 4.573185000000000060e-18
2.329041999999999835e+00 5.939205544498824576e-15 4.638182000000000023e-18
2.329438000000000120e+00 6.212560386491544327e-15 4.631262999999999729e-18
2.329833999999999961e+00 6.218251341667841452e-15 4.516040000000000200e-18
2.330229999999999801e+00 5.686537052868082934e-15 4.047407000000000176e-18
2.330626000000000086e+00 5.492219379439649268e-15 3.807479999999999711e-18
2.331021999999999927e+00 5.688394376303968267e-15 3.820600000000000301e-18
2.331418000000000212e+00 6.271269601901603559e-15 7.814750000000000730e-18
2.331814000000000053e+00 5.989800328778435048e-15 5.814883999999999881e-18
2.332209999999999894e+00 6.075145012662393162e-15 3.961482000000000381e-18
2.332606000000000179e+00 6.233476987580773659e-15 4.044257999999999824e-18
2.333002000000000020e+00 6.196076493569995684e-15 3.987117000000000322e-18
2.333397999999999861e+00 6.053366344682061305e-15 3.904876000000000083e-18
2.333794000000000146e+00 5.995226885408603882e-15 3.911134999999999796e-18
2.334189999999999987e+00 5.911995516301677924e-15 3.762165000000000041e-18
2.334585999999999828e+00 5.781551775015390596e-15 3.726582999999999702e-18
2.334982000000000113e+00 5.760028337169555381e-15 3.782663000000000254e-18
2.335377999999999954e+00 5.716614593136810311e-15 3.782000000000000368e-18
2.335773999999999795e+00 5.927087707548592901e-15 3.910220999999999957e-18
2.336170000000000080e+00 6.130606299820726936e-15 3.955920999999999644e-18
2.336565999999999921e+00 6.012323250611785348e-15 3.881471000000000013e-18
2.336962000000000206e+00 5.898765577546188408e-15 3.846371000000000100e-18
2.337358000000000047e+00 6.001430362843415323e-15 3.812596999999999959e-18
2.337753999999999888e+00 6.018923761154631751e-15 3.816352999999999803e-18
2.338150000000000173e+00 5.822243004427000598e-15 5.483522000000000180e-18
2.338546000000000014e+00 5.682929479839640675e-15 4.420125999999999710e-18
2.338941999999999855e+00 5.703634489318754643e-15 3.696323999999999962e-18
2.339338000000000140e+00 5.750373330591206864e-15 3.809439999999999661e-18
2.339733999999999980e+00 5.814303233861116819e-15 4.171212999999999623e-18
2.340129999999999821e+00 5.686861380148583554e-15 4.504247999999999947e-18
2.340526000000000106e+00 5.942215637814285483e-15 4.969371999999999722e-18
2.340921999999999947e+00 5.995940531289544675e-15 4.778122000000000066e-18
2.341317999999999788e+00 5.555436370307057072e-15 6.281298000000000055e-18
2.341714000000000073e+00 5.599043023272472527e-15 6.602014000000000098e-18
2.342109999999999914e+00 6.276402218556739119e-15 5.205897000000000087e-18
2.342506000000000199e+00 6.437708046766091339e-15 5.042263000000000084e-18
2.342902000000000040e+00 6.235245922612153976e-15 4.848943000000000253e-18
2.343297999999999881e+00 5.995765927927505364e-15 4.704114000000000359e-18
2.343694000000000166e+00 5.832413356477042483e-15 4.647269999999999924e-18
2.344090000000000007e+00 5.797603280144103961e-15 4.503637000000000097e-18
2.344485999999999848e+00 5.626224608231222487e-15 4.099923999999999879e-18
2.344882000000000133e+00 5.355822163664654056e-15 3.783845999999999734e-18
2.345277999999999974e+00 5.401731607600375867e-15 3.802959999999999985e-18
2.345673999999999815e+00 5.863183659635443791e-15 4.015365999999999870e-18
2.346070000000000100e+00 6.324206989766174547e-15 4.108929999999999752e-18
2.346465999999999941e+00 6.235115008673700335e-15 3.993574999999999953e-18
2.346861999999999782e+00 5.974404294677116300e-15 3.800870999999999841e-18
2.347258000000000067e+00 6.006760475944749012e-15 3.801984999999999880e-18
2.347653999999999908e+00 6.017526522103255837e-15 3.809963000000000101e-18
2.348050000000000193e+00 6.091951231705969781e-15 3.931454999999999855e-18
2.348446000000000033e+00 6.091588637292086929e-15 3.954053999999999745e-18
2.348841999999999874e+00 6.197052736180924273e-15 4.045513000000000361e-18
2.349238000000000159e+00 6.003483818450342296e-15 4.061915000000000315e-18
2.349634000000000000e+00 5.664372915681285963e-15 4.979660000000000048e-18
2.350029999999999841e+00 nan nan
2.350426000000000126e+00 nan nan
2.350821999999999967e+00 5.562407963087847676e-15 6.340017999999999848e-18
2.351217999999999808e+00 5.607498975641457405e-15 4.412658000000000113e-18
2.351614000000000093e+00 5.624566222260738580e-15 4.237943000000000192e-18
2.352009999999999934e+00 5.631822603320442161e-15 4.303142999999999660e-18
2.352406000000000219e+00 5.182304697981647861e-15 4.101053999999999810e-18
2.352802000000000060e+00 4.789099710295390259e-15 3.974755000000000233e-18
2.353197999999999901e+00 5.065544902487768095e-15 4.199760000000000061e-18
2.353594000000000186e+00 5.264254689025003659e-15 4.184568999999999785e-18
2.353990000000000027e+00 5.164932084617801342e-15 3.964618999999999658e-18
2.354385999999999868e+00 5.239053821351065413e-15 3.978108999999999884e-18
2.354782000000000153e+00 5.566093690680131235e-15 4.110968000000000141e-18
2.355177999999999994e+00 5.581024947539890737e-15 4.177456999999999726e-18
2.355573999999999835e+00 5.625376915666458560e-15 4.202024000000000283e-18
2.355970000000000120e+00 5.456192761597762342e-15 4.064770000000000135e-18
2.356365999999999961e+00 5.387607058457263118e-15 3.986107000000000356e-18
2.356761999999999802e+00 5.624505009401606869e-15 4.169228000000000323e-18
2.357158000000000087e+00 5.727512213766484483e-15 4.275110999999999715e-18
2.357553999999999927e+00 5.733293817547027378e-15 4.309085000000000056e-18
2.357950000000000212e+00 5.674867336446790957e-15 4.290000000000000284e-18
2.358346000000000053e+00 5.424231856945919333e-15 4.111517000000000214e-18
2.358741999999999894e+00 5.251058323919727645e-15 4.056531000000000221e-18
2.359138000000000179e+00 5.380454453250641068e-15 4.052764000000000355e-18
2.359534000000000020e+00 5.634834354704152807e-15 4.281258000000000180e-18
2.359929999999999861e+00 5.775596591118499882e-15 4.756924999999999823e-18
2.360326000000000146e+00 5.599294000964482233e-15 4.579467000000000101e-18
2.360721999999999987e+00 5.547184474938667175e-15 4.656556000000000231e-18
2.361117999999999828e+00 5.535876629259414377e-15 4.461603000000000279e-18
2.361514000000000113e+00 5.353959206527419381e-15 4.036850000000000209e-18
2.361909999999999954e+00 5.456388053117619966e-15 4.165015000000000174e-18
2.362305999999999795e+00 5.540521569408587097e-15 4.376371000000000361e-18
2.362702000000000080e+00 5.570323297982393135e-15 4.529830999999999851e-18
2.363097999999999921e+00 5.492479700189047870e-15 4.387654999999999785e-18
2.363494000000000206e+00 5.638034177282030107e-15 4.358281000000000175e-18
2.363890000000000047e+00 5.808009222841166589e-15 4.621652000000000158e-18
2.364285999999999888e+00 5.684045547499494487e-15 5.120433000000000185e-18
2.364682000000000173e+00 5.667204916866066417e-15 5.544719999999999721e-18
2.365078000000000014e+00 5.710859151273410066e-15 5.726532000000000091e-18
2.365473999999999855e+00 5.839858103131223762e-15 5.373802999999999939e-18
2.365870000000000140e+00 5.826580484468166562e-15 5.119136999999999634e-18
2.366265999999999980e+00 5.771450973593062788e-15 4.983570999999999719e-18
2.366661999999999821e+00 5.721159833659288384e-15 4.801697000000000343e-18
2.367058000000000106e+00 5.519180027959425764e-15 4.637377000000000126e-18
2.367453999999999947e+00 5.151133293186452112e-15 4.424703999999999625e-18
2.367849999999999788e+00 5.097568070173977033e-15 4.491060999999999710e-18
2.368246000000000073e+00 5.469431874155283670e-15 4.686006999999999998e-18
2.368641999999999914e+00 5.484458137533715838e-15 4.561181000000000074e-18
2.369038000000000199e+00 5.571579803801387130e-15 4.620825999999999728e-18
2.369434000000000040e+00 5.711679137338668785e-15 4.662772000000000137e-18
2.369829999999999881e+00 5.655600959105828986e-15 4.577155999999999713e-18
2.370226000000000166e+00 5.503635986653537223e-15 4.457301999999999950e-18
2.370622000000000007e+00 5.479649545182895716e-15 4.283623999999999910e-18
2.371017999999999848e+00 5.522340448332083418e-15 4.110594000000000146e-18
2.371414000000000133e+00 5.507079465150323401e-15 4.326825000000000086e-18
2.371809999999999974e+00 5.703121643423698108e-15 4.767587999999999656e-18
2.372205999999999815e+00 5.892752544267255199e-15 5.083496000000000364e-18
2.372602000000000100e+00 5.724889618463240477e-15 4.919526000000000304e-18
2.372997999999999941e+00 5.564111243503811871e-15 4.940992000000000186e-18
2.373393999999999782e+00 5.604368210371807024e-15 5.219898999999999961e-18
2.373790000000000067e+00 5.545920891441367041e-15 5.213105999999999784e-18
2.374185999999999908e+00 5.560093415562779056e-15 5.284876999999999955e-18
2.374582000000000193e+00 5.640642687184320739e-15 5.553710999999999984e-18
2.374978000000000034e+00 5.631048516800377933e-15 5.949040999999999713e-18
2.375373999999999874e+00 5.470000497261794425e-15 6.156544999999999930e-18
2.375770000000000159e+00 5.445076968176631118e-15 7.012551999999999508e-18
2.376166000000000000e+00 5.467681218698270949e-15 8.737382000000000521e-18
2.376561999999999841e+00 5.329676802696296640e-15 9.251794999999999696e-18
2.376958000000000126e+00 5.281824132736390800e-15 9.934854999999999819e-18
2.377353999999999967e+00 5.577763340299937073e-15 1.237187000000000041e-17
2.377749999999999808e+00 5.730425536852666980e-15 1.608082000000000100e-17
2.378146000000000093e+00 nan nan
2.378541999999999934e+00 nan nan
2.378938000000000219e+00 nan nan
2.379334000000000060e+00 nan nan
2.379729999999999901e+00 nan nan
2.380126000000000186e+00 nan nan
2.380522000000000027e+00 nan nan
2.380917999999999868e+00 nan nan
2.381314000000000153e+00 nan nan
2.381709999999999994e+00 nan nan
2.382105999999999835e+00 nan nan
2.382502000000000120e+00 nan nan
2.382897999999999961e+00 nan nan
2.383293999999999802e+00 nan nan
2.383690000000000087e+00 nan nan
2.384085999999999927e+00 nan nan
2.384482000000000212e+00 nan nan
2.384878000000000053e+00 nan nan
2.385273999999999894e+00 nan nan
2.385670000000000179e+00 nan nan
2.386066000000000020e+00 nan nan
2.386461999999999861e+00 nan nan
2.386858000000000146e+00 nan nan
2.387253999999999987e+00 nan nan
2.387649999999999828e+00 nan nan
2.388046000000000113e+00 nan nan
2.388441999999999954e+00 nan nan
2.388837999999999795e+00 nan nan
2.389234000000000080e+00 nan nan
2.389629999999999921e+00 nan nan
2.390026000000000206e+00 nan nan
2.390422000000000047e+00 nan nan
2.390817999999999888e+00 nan nan
2.391214000000000173e+00 nan nan
2.391610000000000014e+00 nan nan
2.392005999999999855e+00 nan nan
2.392402000000000140e+00 nan nan
2.392797999999999981e+00 nan nan
2.393193999999999821e+00 nan nan
2.393590000000000106e+00 nan nan
2.393985999999999947e+00 nan nan
2.394381999999999788e+00 nan nan
2.394778000000000073e+00 nan nan
2.395173999999999914e+00 nan nan
2.395570000000000199e+00 nan nan
2.395966000000000040e+00 nan nan
2.396361999999999881e+00 nan nan
2.396758000000000166e+00 nan nan
2.397154000000000007e+00 nan nan
2.397549999999999848e+00 nan nan
2.397946000000000133e+00 nan nan
2.398341999999999974e+00 nan nan
2.398737999999999815e+00 nan nan
2.399134000000000100e+00 nan nan
2.399529999999999941e+00 nan nan
2.399925999999999782e+00 nan nan
2.400322000000000067e+00 nan nan
2.400717999999999908e+00 nan nan
2.401114000000000193e+00 nan nan
2.401510000000000034e+00 nan nan
2.401905999999999874e+00 nan nan
2.402302000000000159e+00 nan nan
2.402698000000000000e+00 nan nan
2.403093999999999841e+00 nan nan
2.403490000000000126e+00 nan nan
2.403885999999999967e+00 nan nan
2.404281999999999808e+00 nan nan
2.404678000000000093e+00 nan nan
2.405073999999999934e+00 nan nan
2.405470000000000219e+00 nan nan
2.405866000000000060e+00 nan nan
2.406261999999999901e+00 nan nan
2.406658000000000186e+00 nan nan
2.407054000000000027e+00 nan nan
2.407449999999999868e+00 nan nan
2.407846000000000153e+00 nan nan
2.408241999999999994e+00 nan nan
2.408637999999999835e+00 nan nan
2.409034000000000120e+00 nan nan
2.409429999999999961e+00 nan nan
2.409825999999999802e+00 nan nan
2.410222000000000087e+00 nan nan
2.410617999999999927e+00 nan nan
2.411014000000000213e+00 nan nan
2.411410000000000053e+00 nan nan
2.411805999999999894e+00 nan nan
2.412202000000000179e+00 nan nan
2.412598000000000020e+00 nan nan
2.412993999999999861e+00 nan nan
2.413390000000000146e+00 nan nan
2.413785999999999987e+00 nan nan
2.414181999999999828e+00 nan nan
2.414578000000000113e+00 nan nan
2.414973999999999954e+00 nan nan
2.415369999999999795e+00 nan nan
2.415766000000000080e+00 nan nan
2.416161999999999921e+00 nan nan
2.416558000000000206e+00 nan nan
2.416954000000000047e+00 nan nan
2.417349999999999888e+00 nan nan
2.417746000000000173e+00 nan nan
2.418142000000000014e+00 nan nan
2.418537999999999855e+00 nan nan
2.418934000000000140e+00 nan nan
2.419329999999999981e+00 nan nan
2.419725999999999821e+00 nan nan
2.420122000000000106e+00 nan nan
2.420517999999999947e+00 nan nan
2.420913999999999788e+00 nan nan
2.421310000000000073e+00 nan nan
2.421705999999999914e+00 nan nan
2.422102000000000199e+00 nan nan
2.422498000000000040e+00 nan nan
2.422893999999999881e+00 nan nan
2.423290000000000166e+00 nan nan
2.423686000000000007e+00 nan nan
2.424081999999999848e+00 nan nan
2.424478000000000133e+00 nan nan
2.424873999999999974e+00 nan nan
2.425269999999999815e+00 nan nan
2.425666000000000100e+00 nan nan
2.426061999999999941e+00 nan nan
2.426457999999999782e+00 nan nan
2.426854000000000067e+00 nan nan
2.427249999999999908e+00 nan nan
2.427646000000000193e+00 nan nan
2.428042000000000034e+00 nan nan
2.428437999999999874e+00 nan nan
2.428834000000000160e+00 nan nan
2.429230000000000000e+00 nan nan
2.429625999999999841e+00 nan nan
2.430022000000000126e+00 nan nan
2.430417999999999967e+00 nan nan
2.430813999999999808e+00 nan nan
2.431210000000000093e+00 nan nan
2.431605999999999934e+00 nan nan
2.432002000000000219e+00 nan nan
2.432398000000000060e+00 nan nan
2.432793999999999901e+00 nan nan
2.433190000000000186e+00 nan nan
2.433586000000000027e+00 nan nan
2.433981999999999868e+00 nan nan
2.434378000000000153e+00 nan nan
2.434773999999999994e+00 nan nan
2.435169999999999835e+00 nan nan
2.435566000000000120e+00 nan nan
2.435961999999999961e+00 nan nan
2.436357999999999802e+00 nan nan
2.436754000000000087e+00 nan nan
2.437149999999999928e+00 nan nan
2.437546000000000213e+00 nan nan
2.437942000000000053e+00 nan nan
2.438337999999999894e+00 nan nan
2.438734000000000179e+00 nan nan
2.439130000000000020e+00 nan nan
2.439525999999999861e+00 nan nan
2.439922000000000146e+00 nan nan
2.440317999999999987e+00 nan nan
2.440713999999999828e+00 nan nan
2.441110000000000113e+00 nan nan
2.441505999999999954e+00 nan nan
2.441901999999999795e+00 nan nan
2.442298000000000080e+00 nan nan
2.442693999999999921e+00 nan nan
2.443090000000000206e+00 nan nan
2.443486000000000047e+00 nan nan
2.443881999999999888e+00 nan nan
2.444278000000000173e+00 nan nan
2.444674000000000014e+00 nan nan
2.445069999999999855e+00 nan nan
2.445466000000000140e+00 nan nan
2.445861999999999981e+00 nan nan
2.446257999999999821e+00 nan nan
2.446654000000000106e+00 nan nan
2.447049999999999947e+00 nan nan
2.447445999999999788e+00 nan nan
2.447842000000000073e+00 nan nan
2.448237999999999914e+00 nan nan
2.448634000000000199e+00 nan nan
2.449030000000000040e+00 nan nan
2.449425999999999881e+00 nan nan
2.449822000000000166e+00 nan nan
2.450218000000000007e+00 nan nan
2.450613999999999848e+00 nan nan
2.451010000000000133e+00 nan nan
2.451405999999999974e+00 nan nan
2.451801999999999815e+00 nan nan
2.452198000000000100e+00 nan nan
2.452593999999999941e+00 nan nan
2.452989999999999782e+00 nan nan
2.453386000000000067e+00 nan nan
2.453781999999999908e+00 nan nan
2.454178000000000193e+00 nan nan
2.454574000000000034e+00 nan nan
2.454969999999999875e+00 nan nan
2.455366000000000160e+00 nan nan
2.455762000000000000e+00 nan nan
2.456157999999999841e+00 nan nan
2.456554000000000126e+00 nan nan
2.456949999999999967e+00 nan nan
2.457345999999999808e+00 nan nan
2.457742000000000093e+00 nan nan
2.458137999999999934e+00 nan nan
2.458534000000000219e+00 nan nan
2.458930000000000060e+00 nan nan
2.459325999999999901e+00 nan nan
2.459722000000000186e+00 nan nan
2.460118000000000027e+00 nan nan
2.460513999999999868e+00 nan nan
2.460910000000000153e+00 nan nan
2.461305999999999994e+00 nan nan
2.461701999999999835e+00 nan nan
2.462098000000000120e+00 nan nan
2.462493999999999961e+00 nan nan
2.462889999999999802e+00 nan nan
2.463286000000000087e+00 nan nan
2.463681999999999928e+00 nan nan
2.464078000000000213e+00 nan nan
2.464474000000000053e+00 nan nan
2.464869999999999894e+00 nan nan
2.465266000000000179e+00 nan nan
2.465662000000000020e+00 nan nan
2.466057999999999861e+00 nan nan
2.466454000000000146e+00 nan nan
2.466849999999999987e+00 nan nan
2.467245999999999828e+00 nan nan
2.467642000000000113e+00 nan nan
2.468037999999999954e+00 nan nan
2.468433999999999795e+00 nan nan
2.468830000000000080e+00 nan nan
2.469225999999999921e+00 nan nan
2.469622000000000206e+00 nan nan
2.470018000000000047e+00 nan nan
2.470413999999999888e+00 nan nan
2.470810000000000173e+00 nan nan
2.471206000000000014e+00 nan nan
2.471601999999999855e+00 nan nan
2.471998000000000140e+00 nan nan
2.472393999999999981e+00 nan nan
2.472789999999999822e+00 nan nan
2.473186000000000107e+00 nan nan
2.473581999999999947e+00 nan nan
2.473977999999999788e+00 nan nan
2.474374000000000073e+00 nan nan
2.474769999999999914e+00 nan nan
2.475166000000000199e+00 nan nan
2.475562000000000040e+00 nan nan
2.475957999999999881e+00 nan nan
2.476354000000000166e+00 nan nan
2.476750000000000007e+00 nan nan
2.477145999999999848e+00 nan nan
2.477542000000000133e+00 nan nan
2.477937999999999974e+00 nan nan
2.478333999999999815e+00 nan nan
2.478730000000000100e+00 nan nan
2.479125999999999941e+00 nan nan
2.479521999999999782e+00 nan nan
2.479918000000000067e+00 nan nan
2.480313999999999908e+00 3.679349632412899292e-15 1.607209000000000120e-16
2.480710000000000193e+00 3.682787253564987599e-15 1.030755999999999941e-16
2.481106000000000034e+00 3.556550029284465858e-15 2.727121000000000143e-17
2.481501999999999875e+00 3.402683762756160508e-15 2.338380000000000033e-17
2.481898000000000160e+00 3.494048706402106665e-15 2.252568000000000077e-17
2.482294000000000000e+00 3.419263216434660389e-15 1.867010000000000052e-17
2.482689999999999841e+00 3.428066874418244940e-15 1.255404000000000011e-17
2.483086000000000126e+00 3.767296817422423105e-15 8.630418999999999899e-18
2.483481999999999967e+00 3.970283356582963480e-15 7.290322000000000457e-18
2.483877999999999808e+00 4.130831625716403061e-15 5.849290999999999916e-18
2.484274000000000093e+00 4.076168254349105786e-15 5.548391000000000231e-18
2.484669999999999934e+00 4.070969552403029711e-15 5.278659999999999767e-18
2.485066000000000219e+00 4.142937489171026193e-15 4.704231999999999760e-18
2.485462000000000060e+00 4.188418795171752126e-15 3.966153999999999858e-18
2.485857999999999901e+00 4.053346939397326088e-15 3.423999000000000142e-18
2.486254000000000186e+00 3.870255486622394930e-15 2.962861999999999912e-18
2.486650000000000027e+00 3.738381730622611132e-15 2.703428999999999900e-18
2.487045999999999868e+00 3.740098044843331168e-15 2.736051000000000064e-18
2.487442000000000153e+00 3.619998275327449031e-15 2.778910999999999927e-18
2.487837999999999994e+00 3.502164291672049569e-15 2.860554000000000132e-18
2.488233999999999835e+00 3.494024397696197519e-15 2.876242999999999957e-18
2.488630000000000120e+00 3.483297911540065143e-15 2.868385999999999984e-18
2.489025999999999961e+00 3.699372721738058877e-15 2.966676999999999841e-18
2.489421999999999802e+00 3.701168207757230261e-15 2.927268999999999935e-18
2.489818000000000087e+00 3.562350024761991976e-15 2.788532000000000008e-18
2.490213999999999928e+00 3.497651536248620151e-15 2.718015999999999990e-18
2.490610000000000213e+00 3.339661060069632874e-15 2.660474000000000193e-18
2.491006000000000054e+00 3.182799585526054305e-15 2.590909000000000055e-18
2.491401999999999894e+00 3.412926569048067592e-15 2.760530000000000055e-18
2.491798000000000179e+00 3.635993685016675208e-15 2.907838999999999877e-18
2.492194000000000020e+00 3.631753268735254908e-15 2.964147000000000056e-18
2.492589999999999861e+00 3.764387983668891872e-15 3.190556999999999993e-18
2.492986000000000146e+00 3.622051161484876378e-15 3.088704999999999852e-18
2.493381999999999987e+00 3.516260777086394238e-15 2.977954999999999882e-18
2.493777999999999828e+00 3.778590956298064662e-15 3.148039999999999852e-18
2.494174000000000113e+00 3.943885453310072494e-15 3.307234999999999874e-18
2.494569999999999954e+00 3.719894006945305605e-15 3.234552999999999940e-18
2.494965999999999795e+00 3.641923302412816295e-15 3.190034999999999836e-18
2.495362000000000080e+00 3.970517775769035335e-15 3.424292999999999903e-18
2.495757999999999921e+00 4.003498302599863857e-15 3.378272000000000154e-18
2.496154000000000206e+00 3.933698578027409389e-15 3.368449999999999976e-18
2.496550000000000047e+00 3.796143832215374146e-15 3.282753000000000192e-18
2.496945999999999888e+00 3.876574618843571482e-15 3.360488999999999930e-18
2.497342000000000173e+00 3.742975331999200710e-15 3.232186999999999825e-18
2.497738000000000014e+00 3.559660593672359555e-15 3.073229000000000043e-18
2.498133999999999855e+00 3.251586297529396827e-15 2.777609999999999890e-18
2.498530000000000140e+00 3.235571280369714260e-15 2.767213000000000006e-18
2.498925999999999981e+00 3.375443945653438691e-15 2.875075000000000088e-18
2.499321999999999822e+00 3.461449014893563781e-15 2.891057000000000162e-18
2.499718000000000107e+00 3.573513472786344407e-15 2.816601999999999891e-18
2.500113999999999947e+00 3.619322079548703947e-15 2.722110000000000070e-18
2.500509999999999788e+00 3.519965717828126955e-15 2.667760999999999944e-18
2.500906000000000073e+00 3.374756121999885402e-15 2.593029999999999984e-18
2.501301999999999914e+00 3.694141974834009614e-15 2.747558000000000014e-18
2.501698000000000199e+00 3.792534516447017906e-15 2.798375999999999846e-18
2.502094000000000040e+00 3.715899307953011283e-15 2.751913000000000173e-18
2.502489999999999881e+00 3.773982705218966635e-15 2.757930000000000161e-18
2.502886000000000166e+00 3.775688140090367137e-15 2.762833000000000111e-18
2.503282000000000007e+00 3.397550688434542247e-15 2.607288000000000066e-18
2.503677999999999848e+00 3.265766505327350900e-15 2.523298000000000099e-18
2.504074000000000133e+00 3.511802300318183467e-15 2.634837000000000072e-18
2.504469999999999974e+00 3.453062057487576792e-15 2.579417999999999998e-18
2.504865999999999815e+00 3.358884167542265492e-15 2.543603000000000162e-18
2.505262000000000100e+00 3.433587669278034374e-15 2.581533000000000159e-18
2.505657999999999941e+00 3.346560041240921280e-15 2.588515000000000127e-18
2.506053999999999782e+00 3.096481024943971540e-15 2.484946000000000043e-18
2.506450000000000067e+00 3.076823082592698264e-15 2.486777000000000184e-18
2.506845999999999908e+00 3.274024060173188455e-15 2.546386999999999977e-18
2.507242000000000193e+00 3.436953275586421220e-15 2.597409999999999879e-18
2.507638000000000034e+00 3.540893627668437160e-15 2.653083999999999880e-18
2.508033999999999875e+00 3.545195348968798411e-15 2.646908999999999988e-18
2.508430000000000160e+00 3.504609515638757295e-15 2.627995999999999833e-18
2.508826000000000001e+00 3.747824981323893309e-15 2.720234999999999839e-18
2.509221999999999841e+00 3.702389082994183851e-15 2.702220000000000016e-18
2.509618000000000126e+00 3.620980372300105263e-15 2.671163999999999941e-18
2.510013999999999967e+00 3.633797500562063057e-15 2.685826000000000010e-18
2.510409999999999808e+00 3.501427095638812769e-15 2.615713000000000081e-18
2.510806000000000093e+00 3.349893689910417167e-15 2.599678000000000073e-18
2.511201999999999934e+00 3.365550438711815730e-15 2.670781999999999999e-18
2.511598000000000219e+00 3.471219700884200351e-15 2.741540000000000128e-18
2.511994000000000060e+00 3.423096649632630790e-15 2.735266999999999930e-18
2.512389999999999901e+00 3.338142321558086492e-15 2.660393000000000062e-18
2.512786000000000186e+00 3.323772167199333135e-15 2.653153999999999988e-18
2.513182000000000027e+00 3.333811035493049743e-15 2.664943000000000165e-18
2.513577999999999868e+00 3.367040812151516980e-15 2.651108000000000038e-18
2.513974000000000153e+00 3.555973444775097577e-15 2.691114999999999874e-18
2.514369999999999994e+00 3.604476449042276710e-15 2.707344999999999826e-18
2.514765999999999835e+00 3.330004421351146037e-15 2.568468999999999965e-18
2.515162000000000120e+00 3.004880562120327879e-15 2.442420999999999955e-18
2.515557999999999961e+00 2.925070194844498934e-15 2.387486000000000101e-18
2.515953999999999802e+00 3.242747150040290092e-15 2.510048000000000189e-18
2.516350000000000087e+00 3.510000101474882967e-15 2.616895000000000049e-18
2.516745999999999928e+00 3.773040585242653777e-15 2.686409000000000047e-18
2.517142000000000213e+00 3.982004054908040589e-15 2.723808999999999941e-18
2.517538000000000054e+00 3.779011196096035088e-15 2.625814000000000024e-18
2.517933999999999894e+00 3.681643129585033756e-15 2.605489000000000096e-18
2.518330000000000179e+00 3.607724883816025574e-15 2.565685000000000149e-18
2.518726000000000020e+00 3.534066040301966664e-15 2.532164000000000141e-18
2.519121999999999861e+00 3.464424689938841528e-15 2.503479999999999948e-18
2.519518000000000146e+00 3.253065336109130817e-15 2.444481999999999902e-18
2.519913999999999987e+00 3.360559492806365585e-15 2.561284000000000106e-18
2.520309999999999828e+00 3.427021069994698486e-15 2.669034000000000169e-18
2.520706000000000113e+00 3.332849820688697801e-15 2.703367000000000123e-18
2.521101999999999954e+00 3.552404073273612969e-15 2.892674999999999902e-18
2.521497999999999795e+00 3.694169234703506602e-15 2.984255999999999892e-18
2.521894000000000080e+00 3.571248996587144738e-15 2.964854999999999929e-18
2.522289999999999921e+00 3.497086144832405414e-15 2.912762999999999975e-18
2.522686000000000206e+00 3.531837265936289065e-15 3.005103999999999876e-18
2.523082000000000047e+00 3.507610149332724045e-15 3.047520999999999917e-18
2.523477999999999888e+00 3.389414013571920818e-15 2.985344999999999810e-18
2.523874000000000173e+00 3.098153940525570832e-15 2.836842999999999997e-18
2.524270000000000014e+00 2.934689154534580073e-15 2.832463000000000102e-18
2.524665999999999855e+00 3.191805963126929089e-15 3.198787000000000064e-18
2.525062000000000140e+00 3.408965703132086474e-15 3.153138000000000131e-18
2.525457999999999981e+00 3.327720945107580701e-15 2.836629999999999982e-18
2.525853999999999822e+00 3.264317841298568543e-15 2.611304000000000091e-18
2.526250000000000107e+00 3.360661805277246481e-15 2.649029999999999917e-18
2.526645999999999948e+00 3.552644637546493916e-15 2.737340000000000181e-18
2.527041999999999788e+00 3.600328788564044474e-15 2.783692000000000117e-18
2.527438000000000073e+00 3.216297407166701824e-15 2.597794999999999896e-18
2.527833999999999914e+00 2.983308251724525152e-15 2.464330000000000044e-18
2.528230000000000199e+00 3.051216314878207155e-15 2.518823999999999872e-18
2.528626000000000040e+00 3.268905598831988982e-15 2.724298999999999928e-18
2.529021999999999881e+00 3.161796675923791254e-15 2.605202999999999896e-18
2.529418000000000166e+00 3.212628573729807885e-15 2.602398999999999829e-18
2.529814000000000007e+00 3.411646875191611455e-15 2.729287999999999879e-18
2.530209999999999848e+00 3.511977896069924857e-15 2.715782000000000145e-18
2.530606000000000133e+00 3.653975699903051608e-15 2.799552999999999944e-18
2.531001999999999974e+00 3.581705866519772415e-15 2.734177000000000115e-18
2.531397999999999815e+00 3.282115566751580624e-15 2.599769999999999841e-18
2.531794000000000100e+00 3.379785302472111103e-15 2.646917999999999831e-18
2.532189999999999941e+00 3.718876524781576277e-15 2.840219000000000079e-18
2.532585999999999782e+00 3.593971296726515242e-15 2.748141999999999948e-18
2.532982000000000067e+00 3.257413115604932112e-15 2.593943999999999823e-18
2.533377999999999908e+00 3.220818015746068461e-15 2.592984000000000099e-18
2.533774000000000193e+00 3.521187030291561091e-15 2.730333000000000092e-18
2.534170000000000034e+00 3.718777023356469634e-15 2.864993000000000113e-18
2.534565999999999875e+00 3.518629436733643963e-15 2.782806999999999987e-18
2.534962000000000160e+00 3.282845730702083116e-15 2.645071000000000183e-18
2.535358000000000001e+00 3.194124832867258771e-15 3.610440999999999692e-18
2.535753999999999841e+00 3.076590905199822805e-15 3.433456000000000168e-18
2.536150000000000126e+00 2.944629342358586433e-15 2.580342999999999860e-18
2.536545999999999967e+00 3.135530850531364219e-15 2.731066999999999983e-18
2.536941999999999808e+00 3.172326723566554357e-15 2.735042999999999892e-18
2.537338000000000093e+00 3.065928812165139513e-15 2.618465000000000110e-18
2.537733999999999934e+00 3.137306127386788994e-15 2.609296000000000079e-18
2.538130000000000219e+00 3.446826899575673502e-15 2.725314000000000150e-18
2.538526000000000060e+00 3.594559560663771881e-15 2.833513000000000185e-18
2.538921999999999901e+00 3.272604427707612374e-15 2.723352999999999918e-18
2.539318000000000186e+00 3.069301846470876184e-15 2.676113000000000160e-18
2.539714000000000027e+00 3.130698712394965542e-15 2.750295999999999945e-18
2.540109999999999868e+00 3.213963610766553109e-15 2.805523000000000152e-18
2.540506000000000153e+00 3.078162750565766906e-15 2.780615999999999950e-18
2.540901999999999994e+00 2.945347575157674036e-15 2.641250000000000101e-18
2.541297999999999835e+00 3.255110879582425151e-15 2.852733999999999815e-18
2.541694000000000120e+00 3.356767684232930920e-15 2.863558000000000013e-18
2.542089999999999961e+00 3.423809710271214291e-15 2.823488000000000117e-18
2.542485999999999802e+00 3.404422057349408261e-15 2.821219000000000026e-18
2.542882000000000087e+00 nan nan
2.543277999999999928e+00 3.018253261108203132e-15 2.617011999999999938e-18
2.543674000000000213e+00 3.026964836505749792e-15 2.660562999999999884e-18
2.544070000000000054e+00 3.081909452490806733e-15 2.686524000000000143e-18
2.544465999999999894e+00 3.259509258510306509e-15 2.758276999999999856e-18
2.544862000000000180e+00 3.466792926798506170e-15 2.878816999999999833e-18
2.545258000000000020e+00 3.491887606479064169e-15 2.845313999999999896e-18
2.545653999999999861e+00 3.318814564772505482e-15 2.746664000000000040e-18
2.546050000000000146e+00 3.288763130830050930e-15 2.708364000000000020e-18
2.546445999999999987e+00 3.360484967342135544e-15 2.754939999999999995e-18
2.546841999999999828e+00 3.278596729324535350e-15 2.684260999999999818e-18
2.547238000000000113e+00 3.340869075634114756e-15 2.694654000000000114e-18
2.547633999999999954e+00 3.482358738246648445e-15 2.779152000000000140e-18
2.548029999999999795e+00 3.418065663183697006e-15 2.756050000000000061e-18
2.548426000000000080e+00 3.176425912179655589e-15 2.629905999999999925e-18
2.548821999999999921e+00 3.009540922000139689e-15 2.635689000000000135e-18
2.549218000000000206e+00 2.972740374193815507e-15 2.606413999999999958e-18
2.549614000000000047e+00 3.193968584048001840e-15 2.704947999999999822e-18
2.550009999999999888e+00 3.065950331981163414e-15 2.556449999999999982e-18
2.550406000000000173e+00 3.191557897210091370e-15 2.625753000000000144e-18
2.550802000000000014e+00 3.419563600099716394e-15 3.030022000000000100e-18
2.551197999999999855e+00 3.650423428563928456e-15 3.226186000000000114e-18
2.551594000000000140e+00 3.759158217816158151e-15 3.046896999999999866e-18
2.551989999999999981e+00 3.391047586352039544e-15 2.784842999999999812e-18
2.552385999999999822e+00 3.174279689515907653e-15 2.616565000000000144e-18
2.552782000000000107e+00 3.038596947579699278e-15 2.602069999999999821e-18
2.553177999999999948e+00 2.997015865400644596e-15 2.585303999999999999e-18
2.553573999999999788e+00 3.216272454013801644e-15 2.694225000000000006e-18
2.553970000000000073e+00 3.457501048126527219e-15 2.801298000000000084e-18
2.554365999999999914e+00 3.586995735680807559e-15 2.841823000000000105e-18
2.554762000000000199e+00 3.446354687283465201e-15 2.706925999999999843e-18
2.555158000000000040e+00 3.160900118281878822e-15 2.574964000000000021e-18
2.555553999999999881e+00 3.138500061600817693e-15 2.593148000000000155e-18
2.555950000000000166e+00 3.209423578867996179e-15 2.761737000000000144e-18
2.556346000000000007e+00 3.105204287297362999e-15 2.820674999999999823e-18
2.556741999999999848e+00 3.168181503853373975e-15 2.921669000000000134e-18
2.557138000000000133e+00 3.232979428903852954e-15 2.931726999999999885e-18
2.557533999999999974e+00 3.264356542173440663e-15 2.926756999999999903e-18
2.557929999999999815e+00 3.279850740242378009e-15 2.931265000000000095e-18
2.558326000000000100e+00 3.276046452779388799e-15 2.947621000000000164e-18
2.558721999999999941e+00 3.418165352371714783e-15 3.083839999999999839e-18
2.559117999999999782e+00 3.262489726184370459e-15 2.840873000000000121e-18
2.559514000000000067e+00 3.112477642142590467e-15 2.710465000000000083e-18
2.559909999999999908e+00 2.992657933555687562e-15 2.615196000000000178e-18
2.560306000000000193e+00 2.961662177628245602e-15 2.695994999999999882e-18
2.560702000000000034e+00 2.953792756072342527e-15 2.718258999999999997e-18
2.561097999999999875e+00 2.889900298644736006e-15 2.674617000000000180e-18
2.561494000000000160e+00 3.054058990632625776e-15 2.790327000000000005e-18
2.561890000000000001e+00 3.302155781009751790e-15 3.024667000000000100e-18
2.562285999999999841e+00 3.220444225005967687e-15 3.066976999999999993e-18
2.562682000000000127e+00 2.981087487024072080e-15 3.376043000000000179e-18
2.563077999999999967e+00 2.978989345000956135e-15 3.610923999999999630e-18
2.563473999999999808e+00 3.069468817825526978e-15 3.664798999999999661e-18
2.563870000000000093e+00 3.229646201680176920e-15 3.825964999999999656e-18
2.564265999999999934e+00 3.195766657443585077e-15 3.494506000000000316e-18
2.564662000000000219e+00 3.024781500294148426e-15 5.007194999999999956e-18
2.565058000000000060e+00 3.118708542363315661e-15 3.422189000000000149e-18
2.565453999999999901e+00 3.218698349659948413e-15 3.405268000000000114e-18
2.565850000000000186e+00 3.049422969274483064e-15 3.246862999999999993e-18
2.566246000000000027e+00 2.859048630017704439e-15 3.070782000000000182e-18
2.566641999999999868e+00 2.891006150762225724e-15 3.109167999999999817e-18
2.567038000000000153e+00 2.935112694082373713e-15 3.053266000000000190e-18
2.567433999999999994e+00 3.001092220650030078e-15 2.797113000000000132e-18
2.567829999999999835e+00 3.149973361180293659e-15 2.652521000000000093e-18
2.568226000000000120e+00 3.170532765008739557e-15 2.468772999999999998e-18
2.568621999999999961e+00 3.069572587545338034e-15 2.362705999999999914e-18
2.569017999999999802e+00 2.971884009547585661e-15 2.364792999999999878e-18
2.569414000000000087e+00 2.877726977873118266e-15 2.222963999999999891e-18
2.569809999999999928e+00 2.827206906249970820e-15 2.154773999999999871e-18
2.570206000000000213e+00 3.088870372635374419e-15 2.233853999999999839e-18
2.570602000000000054e+00 3.486352439155260818e-15 2.370928999999999936e-18
2.570997999999999895e+00 3.706035365632697028e-15 2.475309999999999966e-18
2.571394000000000180e+00 3.773458553950492993e-15 2.569814000000000091e-18
2.571790000000000020e+00 3.618679057512384757e-15 2.522596999999999890e-18
2.572185999999999861e+00 3.482078485110528336e-15 2.454768000000000049e-18
2.572582000000000146e+00 3.456575263978784372e-15 2.433475999999999962e-18
2.572977999999999987e+00 3.350347315306043509e-15 2.416069999999999810e-18
2.573373999999999828e+00 3.133527670659106188e-15 2.359985000000000158e-18
2.573770000000000113e+00 3.045218122739602451e-15 2.324121999999999873e-18
2.574165999999999954e+00 3.091975623743765241e-15 2.363426000000000092e-18
2.574561999999999795e+00 3.053076964620111860e-15 2.320885000000000112e-18
2.574958000000000080e+00 2.969616563714806106e-15 2.289410999999999951e-18
2.575353999999999921e+00 2.973278413633832104e-15 2.292709999999999874e-18
2.575750000000000206e+00 2.898213604034838104e-15 2.314068999999999993e-18
2.576146000000000047e+00 2.819689855545288561e-15 2.324109000000000057e-18
2.576541999999999888e+00 2.881613353480930478e-15 2.331067000000000186e-18
2.576938000000000173e+00 2.897457848502430346e-15 2.311608000000000034e-18
2.577334000000000014e+00 2.808845854645647856e-15 2.268219999999999861e-18
2.577729999999999855e+00 2.802361303196362828e-15 2.267193000000000105e-18
2.578126000000000140e+00 2.805838424916322112e-15 2.282511000000000011e-18
2.578521999999999981e+00 2.875494215066195035e-15 2.302664999999999834e-18
2.578917999999999822e+00 3.043374874671784854e-15 2.361440000000000124e-18
2.579314000000000107e+00 3.254055769375412120e-15 2.455820999999999823e-18
2.579709999999999948e+00 3.492574991778848762e-15 2.550170000000000121e-18
2.580105999999999788e+00 3.674070758320150702e-15 2.607177999999999841e-18
2.580502000000000073e+00 3.587682712607758259e-15 2.603347999999999916e-18
2.580897999999999914e+00 3.296011714333168555e-15 2.496740000000000090e-18
2.581294000000000199e+00 3.084677501571827758e-15 2.415327000000000075e-18
2.581690000000000040e+00 3.049446842364344775e-15 2.368228000000000045e-18
2.582085999999999881e+00 3.208754159326422406e-15 2.425956999999999840e-18
2.582482000000000166e+00 3.207004463515328507e-15 2.449130999999999822e-18
2.582878000000000007e+00 2.944264074759926649e-15 2.361650999999999961e-18
2.583273999999999848e+00 2.885031296431654380e-15 2.305976999999999959e-18
2.583670000000000133e+00 3.136370400971652252e-15 2.522589999999999841e-18
2.584065999999999974e+00 3.346784494913153023e-15 2.707470999999999943e-18
2.584461999999999815e+00 3.346070852798887368e-15 2.873715999999999863e-18
2.584858000000000100e+00 3.162057954622545365e-15 2.971545999999999827e-18
2.585253999999999941e+00 3.129820728765687397e-15 2.785447999999999894e-18
2.585649999999999782e+00 3.382450903087836865e-15 2.941882000000000044e-18
2.586046000000000067e+00 3.525357547261601309e-15 3.034244000000000092e-18
2.586441999999999908e+00 3.534592464154399152e-15 2.971510000000000068e-18
2.586838000000000193e+00 3.358449550233448057e-15 2.758765999999999947e-18
2.587234000000000034e+00 2.960783368152434262e-15 2.534244000000000056e-18
2.587629999999999875e+00 2.889923183639859092e-15 2.464293000000000004e-18
2.588026000000000160e+00 3.042343864878895794e-15 2.588188999999999810e-18
2.588422000000000001e+00 3.076636375028668090e-15 2.588635999999999990e-18
2.588817999999999842e+00 3.208870508996744769e-15 2.615799000000000082e-18
2.589214000000000127e+00 3.152178928749843679e-15 2.517400000000000179e-18
2.589609999999999967e+00 3.050261481695000300e-15 2.427480000000000121e-18
2.590005999999999808e+00 3.117828259107592757e-15 2.468178000000000041e-18
2.590402000000000093e+00 3.106064894811842607e-15 2.479172000000000061e-18
2.590797999999999934e+00 3.140890277783121778e-15 2.513674999999999838e-18
2.591194000000000219e+00 3.254736235628960375e-15 2.588041999999999930e-18
2.591590000000000060e+00 3.323606575745833087e-15 2.606125999999999964e-18
2.591985999999999901e+00 3.279776007525024786e-15 2.593083999999999814e-18
2.592382000000000186e+00 3.096093449447495584e-15 2.554550999999999913e-18
2.592778000000000027e+00 2.947834213540269347e-15 2.517486000000000180e-18
2.593173999999999868e+00 2.888638305901770810e-15 2.448614999999999816e-18
2.593570000000000153e+00 3.094400086806134451e-15 2.556611999999999859e-18
2.593965999999999994e+00 3.191661483607925567e-15 2.616947000000000085e-18
2.594361999999999835e+00 2.982844662000173903e-15 2.559276000000000094e-18
2.594758000000000120e+00 2.861167244891203075e-15 2.538608000000000058e-18
2.595153999999999961e+00 3.043612843429917962e-15 2.700690999999999969e-18
2.595549999999999802e+00 3.183219881469778527e-15 2.863229000000000005e-18
2.595946000000000087e+00 3.125630973129047636e-15 2.747838000000000061e-18
2.596341999999999928e+00 3.139947371210920573e-15 2.689482000000000139e-18
2.596738000000000213e+00 3.215907939070589132e-15 2.769965999999999933e-18
2.597134000000000054e+00 3.118722838173057113e-15 2.851494999999999941e-18
2.597529999999999895e+00 2.814405231312690956e-15 2.800461000000000016e-18
2.597926000000000180e+00 2.677312115177223249e-15 2.761056000000000186e-18
2.598322000000000020e+00 2.836818307642539794e-15 2.806241000000000150e-18
2.598717999999999861e+00 3.200865970114395304e-15 3.031230000000000086e-18
2.599114000000000146e+00 3.235147320213785063e-15 3.145951999999999991e-18
2.599509999999999987e+00 3.190571894407946232e-15 3.101582000000000049e-18
2.599905999999999828e+00 3.334481185233232529e-15 3.240240999999999921e-18
2.600302000000000113e+00 3.394044496064213795e-15 3.225353000000000020e-18
2.600697999999999954e+00 3.264611855975982727e-15 3.104391999999999882e-18
2.601093999999999795e+00 3.059720571609820802e-15 3.022836999999999857e-18
2.601490000000000080e+00 2.756524487907362696e-15 2.795596000000000004e-18
2.601885999999999921e+00 2.901782901727044759e-15 2.900687999999999984e-18
2.602282000000000206e+00 3.326853288400597345e-15 3.219493000000000037e-18
2.602678000000000047e+00 3.373497849062009756e-15 3.059565999999999918e-18
2.603073999999999888e+00 3.234715036440902109e-15 2.928043999999999840e-18
2.603470000000000173e+00 3.189524123267782399e-15 2.903212999999999899e-18
2.603866000000000014e+00 3.124895139901054007e-15 2.805378999999999962e-18
2.604261999999999855e+00 2.910180575323167700e-15 2.652338999999999966e-18
2.604658000000000140e+00 2.935233076149995915e-15 2.770282000000000125e-18
2.605053999999999981e+00 3.127963344904759875e-15 2.809293000000000094e-18
2.605449999999999822e+00 3.154005400739679952e-15 2.788003000000000186e-18
2.605846000000000107e+00 3.108395911871823089e-15 2.768645000000000031e-18
2.606241999999999948e+00 3.160088608149545205e-15 2.805894000000000071e-18
2.606637999999999789e+00 3.320250966174155646e-15 2.911910999999999912e-18
2.607034000000000074e+00 3.446776784417258350e-15 3.065663000000000140e-18
2.607429999999999914e+00 3.152798491806762200e-15 2.930122999999999858e-18
2.607826000000000199e+00 2.938126105274636590e-15 2.853345000000000050e-18
2.608222000000000040e+00 2.825342608952385024e-15 2.893600000000000149e-18
2.608617999999999881e+00 2.793490178379014224e-15 2.934751999999999913e-18
2.609014000000000166e+00 2.941322691491191802e-15 3.039088999999999853e-18
2.609410000000000007e+00 2.984743343433169450e-15 3.044872000000000063e-18
2.609805999999999848e+00 2.935938816285621165e-15 3.415436999999999986e-18
2.610202000000000133e+00 3.178235893010042455e-15 4.171366999999999938e-18
2.610597999999999974e+00 3.421467682238914239e-15 4.887934000000000356e-18
2.610993999999999815e+00 3.450034061457543420e-15 5.327461999999999640e-18
2.611390000000000100e+00 3.358567816098508199e-15 5.564714999999999744e-18
2.611785999999999941e+00 3.396193543166208638e-15 5.737120000000000330e-18
2.612181999999999782e+00 3.386059838868680447e-15 5.666438000000000077e-18
2.612578000000000067e+00 3.244249176447553018e-15 5.447702999999999985e-18
2.612973999999999908e+00 3.137817285452557147e-15 5.445760999999999722e-18
2.613370000000000193e+00 3.177541770318260445e-15 5.556000000000000327e-18
2.613766000000000034e+00 3.192555577711000927e-15 5.373869000000000074e-18
2.614161999999999875e+00 3.172006247518472292e-15 4.997725999999999625e-18
2.614558000000000160e+00 3.136253050679674544e-15 4.604161999999999799e-18
2.614954000000000001e+00 nan nan
2.615349999999999842e+00 3.235706446430860092e-15 3.352290000000000133e-18
2.615746000000000127e+00 3.317321647685825389e-15 3.344370000000000101e-18
2.616141999999999967e+00 3.223808576425946628e-15 3.109484000000000009e-18
2.616537999999999808e+00 3.087661398086778318e-15 2.982250999999999956e-18
2.616934000000000093e+00 3.151137284514823188e-15 3.026819999999999815e-18
2.617329999999999934e+00 3.174712557179675340e-15 3.014264000000000064e-18
2.617726000000000219e+00 2.953888448271282171e-15 2.843242999999999825e-18
2.618122000000000060e+00 2.900055193386870672e-15 2.774463000000000103e-18
2.618517999999999901e+00 2.938774754417616098e-15 2.890867000000000088e-18
2.618914000000000186e+00 2.973910285021285625e-15 2.900422999999999932e-18
2.619310000000000027e+00 3.085092275553936737e-15 2.951641000000000162e-18
2.619705999999999868e+00 3.125815167938302222e-15 2.978265999999999819e-18
2.620102000000000153e+00 3.204862698945650406e-15 3.003797000000000072e-18
2.620497999999999994e+00 3.114022311504413007e-15 2.970635000000000063e-18
2.620893999999999835e+00 3.227399114842717805e-15 3.305576000000000121e-18
2.621290000000000120e+00 3.254877911972704200e-15 3.346300999999999956e-18
2.621685999999999961e+00 3.117183186724732467e-15 3.334400000000000145e-18
2.622081999999999802e+00 3.062487776705956868e-15 3.455449999999999975e-18
2.622478000000000087e+00 3.079188307610497873e-15 3.515629999999999989e-18
2.622873999999999928e+00 3.125595377544634726e-15 3.608030000000000360e-18
2.623270000000000213e+00 3.249863376816113310e-15 4.200056999999999899e-18
2.623666000000000054e+00 3.276171653692778045e-15 4.670042000000000099e-18
2.624061999999999895e+00 3.137632161576322442e-15 4.584627999999999669e-18
2.624458000000000180e+00 3.208576496606267537e-15 4.737213000000000309e-18
2.624854000000000021e+00 3.252311827023181560e-15 5.343501999999999903e-18
2.625249999999999861e+00 3.160197415072127553e-15 6.139158999999999644e-18
2.625646000000000146e+00 3.105739197138102173e-15 6.225196000000000228e-18
2.626041999999999987e+00 3.046168167242805993e-15 6.103883000000000141e-18
2.626437999999999828e+00 2.983772020159706861e-15 5.985233999999999902e-18
2.626834000000000113e+00 3.046275111450792083e-15 6.132909999999999670e-18
2.627229999999999954e+00 3.082998316384327937e-15 6.158307999999999757e-18
2.627625999999999795e+00 3.104318957887231420e-15 6.126210000000000315e-18
2.628022000000000080e+00 3.194126388423779743e-15 5.228674999999999644e-18
2.628417999999999921e+00 3.226277499313435119e-15 3.280432000000000064e-18
2.628814000000000206e+00 3.172459143922318223e-15 2.877077999999999845e-18
2.629210000000000047e+00 3.232632559470995956e-15 2.809649000000000017e-18
2.629605999999999888e+00 3.246760919606862253e-15 2.759379999999999873e-18
2.630002000000000173e+00 3.120420954982703194e-15 2.665853000000000031e-18
2.630398000000000014e+00 2.972115850856094556e-15 2.610381000000000023e-18
2.630793999999999855e+00 3.102140183920437069e-15 2.697245000000000164e-18
2.631190000000000140e+00 3.217050831812330948e-15 2.680717000000000093e-18
2.631585999999999981e+00 3.132991950698184202e-15 2.654780000000000059e-18
2.631981999999999822e+00 3.067020465437659048e-15 2.627354000000000095e-18
2.632378000000000107e+00 3.160831286070684515e-15 2.649878999999999903e-18
2.632773999999999948e+00 3.298504294778047546e-15 2.727954000000000160e-18
2.633169999999999789e+00 3.212633398839077268e-15 2.655381000000000169e-18
2.633566000000000074e+00 3.065846628531707522e-15 2.617190000000000092e-18
2.633961999999999914e+00 2.853451225715091394e-15 2.541443000000000013e-18
2.634358000000000199e+00 2.669732706410821722e-15 2.442577000000000065e-18
2.634754000000000040e+00 2.788441551797767976e-15 2.468077999999999941e-18
2.635149999999999881e+00 3.094365580981543570e-15 2.588560000000000114e-18
2.635546000000000166e+00 3.221025160034423804e-15 2.646139999999999850e-18
2.635942000000000007e+00 3.080362831180210174e-15 2.578792000000000152e-18
2.636337999999999848e+00 3.033174351627300877e-15 2.610645000000000178e-18
2.636734000000000133e+00 3.179594664094476043e-15 2.715819000000000186e-18
2.637129999999999974e+00 3.240853698913263955e-15 2.805422000000000155e-18
2.637525999999999815e+00 3.293822706363840963e-15 2.812094000000000084e-18
2.637922000000000100e+00 3.303582178792374189e-15 2.831387999999999898e-18
2.638317999999999941e+00 3.171287758585493426e-15 2.695414999999999921e-18
2.638713999999999782e+00 3.112647637758996677e-15 2.671414999999999894e-18
2.639110000000000067e+00 3.227808745989259297e-15 2.699687000000000155e-18
2.639505999999999908e+00 3.379052127787629300e-15 2.737279999999999813e-18
2.639902000000000193e+00 3.301680058782778185e-15 2.705870999999999890e-18
2.640298000000000034e+00 3.039539055226204934e-15 2.647345000000000145e-18
2.640693999999999875e+00 2.826569536604559432e-15 2.579600000000000125e-18
2.641090000000000160e+00 2.879379527098130537e-15 2.617326999999999847e-18
2.641486000000000001e+00 2.972088419885184481e-15 2.681124000000000156e-18
2.641881999999999842e+00 2.892351639545889314e-15 2.649885999999999953e-18
2.642278000000000127e+00 2.946971824691519796e-15 2.695949999999999895e-18
2.642673999999999968e+00 3.082832326949771509e-15 2.758186999999999882e-18
2.643069999999999808e+00 3.112949918944582445e-15 2.676092000000000012e-18
2.643466000000000093e+00 3.096893374173784069e-15 2.713550999999999991e-18
2.643861999999999934e+00 3.047008007154707051e-15 2.740803000000000160e-18
2.644258000000000219e+00 3.077474016896878325e-15 2.851958999999999910e-18
2.644654000000000060e+00 3.231077119937749963e-15 2.986906000000000028e-18
2.645049999999999901e+00 3.162237831410795177e-15 2.940147000000000029e-18
2.645446000000000186e+00 2.945064273486637993e-15 2.815393000000000007e-18
2.645842000000000027e+00 2.816504970582167717e-15 2.660382000000000039e-18
2.646237999999999868e+00 2.881075625018740049e-15 2.657401999999999998e-18
2.646634000000000153e+00 3.008186256516426097e-15 2.632480000000000186e-18
2.647029999999999994e+00 3.069564838190972776e-15 2.596698999999999929e-18
2.647425999999999835e+00 3.067215983596004003e-15 2.577569000000000170e-18
2.647822000000000120e+00 2.996875434913726947e-15 2.550631000000000014e-18
2.648217999999999961e+00 3.025265430394579533e-15 2.558977999999999974e-18
2.648613999999999802e+00 3.140980195114187592e-15 2.659900999999999895e-18
2.649010000000000087e+00 3.190388488143211974e-15 2.717427000000000185e-18
2.649405999999999928e+00 3.044956006158480904e-15 3.893648999999999796e-18
2.649802000000000213e+00 3.070424057388115428e-15 3.268876000000000154e-18
2.650198000000000054e+00 3.124134204523564869e-15 2.664099000000000048e-18
2.650593999999999895e+00 3.111660071355103436e-15 2.669827000000000146e-18
2.650990000000000180e+00 3.124853941439135480e-15 2.677546999999999978e-18
2.651386000000000021e+00 3.114478142358466929e-15 2.672599999999999938e-18
2.651781999999999861e+00 3.092079879456230258e-15 2.688182999999999896e-18
2.652178000000000146e+00 3.058088494363545675e-15 2.685526999999999993e-18
2.652573999999999987e+00 3.040078750158541436e-15 2.773544999999999905e-18
2.652969999999999828e+00 3.222436756772603340e-15 3.320190000000000126e-18
2.653366000000000113e+00 3.304436201321634687e-15 2.874081999999999911e-18
2.653761999999999954e+00 3.298684838223002564e-15 2.873452000000000093e-18
2.654157999999999795e+00 3.300276756208610489e-15 2.819947000000000083e-18
2.654554000000000080e+00 3.159888385944106022e-15 2.730349999999999881e-18
2.654949999999999921e+00 3.057420305495374509e-15 2.677101000000000081e-18
2.655346000000000206e+00 3.059699707422767415e-15 2.687037000000000072e-18
2.655742000000000047e+00 3.058303367980289879e-15 2.677663999999999868e-18
2.656137999999999888e+00 3.291253700571818558e-15 2.831222999999999946e-18
2.656534000000000173e+00 3.223801771164614407e-15 2.763795000000000014e-18
2.656930000000000014e+00 3.273298134414559600e-15 2.776422000000000155e-18
2.657325999999999855e+00 3.428323474400323153e-15 2.867159000000000029e-18
2.657722000000000140e+00 3.430852262080789566e-15 2.832803000000000133e-18
2.658117999999999981e+00 3.345780966275259849e-15 2.780540999999999971e-18
2.658513999999999822e+00 3.402822318589109569e-15 2.787290999999999955e-18
2.658910000000000107e+00 3.424668108532052955e-15 2.794278000000000178e-18
2.659305999999999948e+00 3.288023447603597455e-15 2.746037999999999809e-18
2.659701999999999789e+00 3.081196636960553906e-15 2.677924999999999947e-18
2.660098000000000074e+00 2.955222404155968419e-15 2.610583000000000016e-18
2.660493999999999915e+00 2.815483668099564144e-15 2.525800000000000072e-18
2.660890000000000200e+00 2.982975979153797330e-15 2.628788999999999810e-18
2.661286000000000040e+00 3.247304715512208244e-15 2.759879999999999985e-18
2.661681999999999881e+00 3.405864179507138763e-15 2.760832000000000148e-18
2.662078000000000166e+00 3.462063425658791418e-15 2.872405000000000086e-18
2.662474000000000007e+00 3.574231665159415573e-15 3.044397999999999969e-18
2.662869999999999848e+00 3.465995494389622758e-15 3.037000000000000095e-18
2.663266000000000133e+00 3.286096131521443091e-15 3.047348999999999915e-18
2.663661999999999974e+00 3.152607231046590313e-15 3.126596999999999912e-18
2.664057999999999815e+00 3.048897411724565877e-15 3.301070000000000108e-18
2.664454000000000100e+00 3.034395841107753709e-15 3.514495000000000188e-18
2.664849999999999941e+00 2.958212953178359501e-15 3.696251999999999674e-18
2.665245999999999782e+00 2.904573688267206189e-15 4.466307999999999824e-18
2.665642000000000067e+00 nan nan
2.666037999999999908e+00 2.877479562675218677e-15 4.714946000000000118e-18
2.666434000000000193e+00 2.904473300608369764e-15 4.817561999999999757e-18
2.666830000000000034e+00 2.860574066281879165e-15 4.875750999999999934e-18
2.667225999999999875e+00 2.805911400106220532e-15 4.930793999999999834e-18
2.667622000000000160e+00 3.039052969821999658e-15 5.439279000000000253e-18
2.668018000000000001e+00 3.107882903851001408e-15 5.521858999999999855e-18
2.668413999999999842e+00 3.011524372160497218e-15 5.145544000000000174e-18
2.668810000000000127e+00 3.032970952887956157e-15 5.022343999999999936e-18
2.669205999999999968e+00 3.008371832777152551e-15 4.935778000000000300e-18
2.669601999999999808e+00 2.867148073063128761e-15 4.729577000000000298e-18
2.669998000000000093e+00 2.700224152375482217e-15 4.444657999999999635e-18
2.670393999999999934e+00 2.557378037852555855e-15 4.107782000000000134e-18
2.670790000000000219e+00 2.508349532824693482e-15 3.687985999999999845e-18
2.671186000000000060e+00 2.753962616864739985e-15 3.354982000000000180e-18
2.671581999999999901e+00 3.127363862987233720e-15 3.491224999999999694e-18
2.671978000000000186e+00 3.374755119380403132e-15 3.694359999999999654e-18
2.672374000000000027e+00 3.419036115098874985e-15 3.738258000000000065e-18
2.672769999999999868e+00 3.168816447880924695e-15 3.577025999999999936e-18
2.673166000000000153e+00 2.883196112860849336e-15 3.292185000000000097e-18
2.673561999999999994e+00 2.840414595945336496e-15 3.258975000000000025e-18
2.673957999999999835e+00 2.923586330558868620e-15 3.966974000000000135e-18
2.674354000000000120e+00 3.050904190363263712e-15 8.483968000000000677e-18
2.674749999999999961e+00 3.032449368054256745e-15 9.755395000000000621e-18
2.675145999999999802e+00 2.986644651265163586e-15 9.604149000000000340e-18
2.675542000000000087e+00 3.006217961797888688e-15 9.755834999999999981e-18
2.675937999999999928e+00 2.819680909576999304e-15 9.029618000000000543e-18
2.676334000000000213e+00 2.762507055817187061e-15 8.935411000000000255e-18
2.676730000000000054e+00 2.746403376119440563e-15 8.945573000000000463e-18
2.677125999999999895e+00 2.511758578913150314e-15 7.904623999999999363e-18
2.677522000000000180e+00 2.448941382155965985e-15 6.038651000000000117e-18
2.677918000000000021e+00 2.649397973692726124e-15 5.154734999999999866e-18
2.678313999999999862e+00 2.903048719713346823e-15 4.425574999999999657e-18
2.678710000000000147e+00 3.101456863197909074e-15 4.315403999999999752e-18
2.679105999999999987e+00 3.030329713778000155e-15 3.562759000000000010e-18
2.679501999999999828e+00 2.944568610667546616e-15 3.107034999999999969e-18
2.679898000000000113e+00 3.063812668896985785e-15 3.106096999999999905e-18
2.680293999999999954e+00 3.064855953688983983e-15 3.054680000000000142e-18
2.680689999999999795e+00 3.056790620698192788e-15 2.974109000000000065e-18
2.681086000000000080e+00 3.079193499099355935e-15 2.945693000000000000e-18
2.681481999999999921e+00 2.935529103860566113e-15 2.822067000000000115e-18
2.681878000000000206e+00 2.904902679020421558e-15 2.788767999999999966e-18
2.682274000000000047e+00 3.039173184080653078e-15 2.835194999999999881e-18
2.682669999999999888e+00 3.011294999828156469e-15 2.796396999999999928e-18
2.683066000000000173e+00 3.016268040919081291e-15 2.802095999999999931e-18
2.683462000000000014e+00 2.999655998324175689e-15 2.757723999999999810e-18
2.683857999999999855e+00 3.183040589230527759e-15 2.918763000000000175e-18
2.684254000000000140e+00 3.068957365700431331e-15 2.759774000000000119e-18
2.684649999999999981e+00 2.933886081797636853e-15 2.695966000000000173e-18
2.685045999999999822e+00 3.012849555991656651e-15 2.736376999999999996e-18
2.685442000000000107e+00 3.041253515502834165e-15 2.747897000000000147e-18
2.685837999999999948e+00 2.841778632989914621e-15 2.665281999999999913e-18
2.686233999999999789e+00 2.754073255670239898e-15 2.624004000000000031e-18
2.686630000000000074e+00 2.825425643566524006e-15 2.648232000000000069e-18
2.687025999999999915e+00 2.963558882415911948e-15 2.684749999999999908e-18
2.687422000000000200e+00 3.288979055500019310e-15 2.948823999999999895e-18
2.687818000000000040e+00 3.155063783329613208e-15 2.831846999999999997e-18
2.688213999999999881e+00 2.821540009914182277e-15 2.618993999999999933e-18
2.688610000000000166e+00 2.860596461851067464e-15 2.621951999999999929e-18
2.689006000000000007e+00 3.015751928526287719e-15 2.704251999999999868e-18
2.689401999999999848e+00 3.236650589541217961e-15 2.863878000000000177e-18
2.689798000000000133e+00 3.367251143889682446e-15 2.900433999999999954e-18
2.690193999999999974e+00 3.340798851375888969e-15 2.780499999999999957e-18
2.690589999999999815e+00 3.041407785174276588e-15 2.762128999999999826e-18
2.690986000000000100e+00 2.832982113126658630e-15 2.660991000000000095e-18
2.691381999999999941e+00 2.966617790080801916e-15 2.766916000000000169e-18
2.691777999999999782e+00 2.929666246169934386e-15 2.733243000000000025e-18
2.692174000000000067e+00 3.010564838772633870e-15 2.787076000000000145e-18
2.692569999999999908e+00 3.094109760915163201e-15 2.857417999999999982e-18
2.692966000000000193e+00 2.955908277757984986e-15 2.766842999999999985e-18
2.693362000000000034e+00 2.626089975509406185e-15 2.491970999999999819e-18
2.693757999999999875e+00 2.550275745890364895e-15 2.554227000000000160e-18
2.694154000000000160e+00 2.672004629635283952e-15 2.760219000000000119e-18
2.694550000000000001e+00 2.569747017024071283e-15 2.679572000000000166e-18
2.694945999999999842e+00 2.553569772124502840e-15 2.666359999999999808e-18
2.695342000000000127e+00 2.703826834206796589e-15 2.763488000000000051e-18
2.695737999999999968e+00 2.686134993807264413e-15 2.835348999999999811e-18
2.696133999999999808e+00 2.661037538034461543e-15 2.981110000000000002e-18
2.696530000000000094e+00 2.752019097459809768e-15 3.090827000000000063e-18
2.696925999999999934e+00 2.925158973535742592e-15 3.211767999999999949e-18
2.697322000000000219e+00 2.954976651309960684e-15 3.229342000000000130e-18
2.697718000000000060e+00 2.930332933242559005e-15 4.935830999999999848e-18
2.698113999999999901e+00 2.974185427674703850e-15 3.289658000000000003e-18
2.698510000000000186e+00 2.885477694026533536e-15 3.225827000000000115e-18
2.698906000000000027e+00 2.805876697504919684e-15 3.164224999999999816e-18
2.699301999999999868e+00 3.070661313675081135e-15 3.424359000000000038e-18
2.699698000000000153e+00 3.227415831050269149e-15 3.506111000000000187e-18
2.700093999999999994e+00 3.167329457103330992e-15 3.425691999999999860e-18
2.700489999999999835e+00 3.285296792173037412e-15 3.493894000000000184e-18
2.700886000000000120e+00 3.305158536359767546e-15 3.417175000000000077e-18
2.701281999999999961e+00 2.977299817843420848e-15 2.964480999999999934e-18
2.701677999999999802e+00 2.778217178192132482e-15 2.794196000000000150e-18
2.702074000000000087e+00 2.959405844435432425e-15 2.907370999999999935e-18
2.702469999999999928e+00 3.060027476721567252e-15 2.991606999999999985e-18
2.702866000000000213e+00 nan nan
2.703262000000000054e+00 2.686430413469043122e-15 2.650918999999999861e-18
2.703657999999999895e+00 2.880376891856361529e-15 2.622976999999999890e-18
2.704054000000000180e+00 3.061409308464872249e-15 2.733171000000000122e-18
2.704450000000000021e+00 2.879796641155963825e-15 2.793667999999999840e-18
2.704845999999999862e+00 2.768700918313247394e-15 2.743462000000000140e-18
2.705242000000000147e+00 2.776352950388572078e-15 2.786231000000000131e-18
2.705637999999999987e+00 2.742224654056862126e-15 2.767912999999999933e-18
2.706033999999999828e+00 2.760508937499541433e-15 2.744495000000000048e-18
2.706430000000000113e+00 2.857814184414112831e-15 2.780798999999999974e-18
2.706825999999999954e+00 2.832962384467895326e-15 2.718579000000000162e-18
2.707221999999999795e+00 2.809265570022639125e-15 2.639425000000000113e-18
2.707618000000000080e+00 2.992481045740586832e-15 2.620583999999999860e-18
2.708013999999999921e+00 3.128879700276036361e-15 2.646116999999999908e-18
2.708410000000000206e+00 3.115572495881009131e-15 2.681584000000000152e-18
2.708806000000000047e+00 2.931410623887356980e-15 2.613033999999999850e-18
2.709201999999999888e+00 2.722328080441630518e-15 3.363562000000000022e-18
2.709598000000000173e+00 nan nan
2.709994000000000014e+00 nan nan
2.710389999999999855e+00 2.903814134361838931e-15 2.601282999999999997e-18
2.710786000000000140e+00 2.831719498225506187e-15 2.474012999999999903e-18
2.711181999999999981e+00 2.619190880464138646e-15 2.357650999999999828e-18
2.711577999999999822e+00 2.609120587811366137e-15 2.377922999999999823e-18
2.711974000000000107e+00 2.698017371767223247e-15 2.375508000000000133e-18
2.712369999999999948e+00 2.764150565159766477e-15 2.310063000000000093e-18
2.712765999999999789e+00 2.832476595993348689e-15 2.373107000000000156e-18
2.713162000000000074e+00 2.966910030969083988e-15 2.415129000000000055e-18
2.713557999999999915e+00 3.178407159324674746e-15 2.514279999999999921e-18
2.713954000000000200e+00 3.045261166606756520e-15 2.419343999999999997e-18
2.714350000000000041e+00 2.896448791506987987e-15 2.343065999999999917e-18
2.714745999999999881e+00 2.895772412555117392e-15 2.354086999999999852e-18
2.715142000000000166e+00 2.785606193177680242e-15 2.323608999999999944e-18
2.715538000000000007e+00 2.827964730799372715e-15 2.393510000000000139e-18
2.715933999999999848e+00 2.781737145825040272e-15 2.394292000000000094e-18
2.716330000000000133e+00 2.599157370594545034e-15 2.341973999999999923e-18
2.716725999999999974e+00 2.703304489493460922e-15 2.372925999999999926e-18
2.717121999999999815e+00 2.891169556874173848e-15 2.383746000000000150e-18
2.717518000000000100e+00 2.727800643022211477e-15 2.278270999999999947e-18
2.717913999999999941e+00 2.566092598801131970e-15 2.215967999999999825e-18
2.718309999999999782e+00 2.679868836897971838e-15 2.281703999999999935e-18
2.718706000000000067e+00 2.872385560084616899e-15 2.390141000000000107e-18
2.719101999999999908e+00 2.953006783634873465e-15 2.582323999999999957e-18
2.719498000000000193e+00 3.027985044068819741e-15 2.737989999999999865e-18
2.719894000000000034e+00 3.015544400107848414e-15 2.695160999999999891e-18
2.720289999999999875e+00 2.737187175733202752e-15 2.517783000000000017e-18
2.720686000000000160e+00 2.717690167740356609e-15 2.505187000000000150e-18
2.721082000000000001e+00 2.905821919336962411e-15 2.610251999999999829e-18
2.721477999999999842e+00 2.943418835091360964e-15 2.643168000000000140e-18
2.721874000000000127e+00 2.964206524338570438e-15 2.556931000000000127e-18
2.722269999999999968e+00 2.865818843672462570e-15 2.460471999999999922e-18
2.722665999999999809e+00 2.689815577351385706e-15 2.382970999999999860e-18
2.723062000000000094e+00 2.589522149402661041e-15 2.386648000000000137e-18
2.723457999999999934e+00 2.714166796020817043e-15 2.540819999999999858e-18
2.723854000000000219e+00 2.860905687800429162e-15 2.673198999999999869e-18
2.724250000000000060e+00 2.746403545066272175e-15 2.598081000000000096e-18
2.724645999999999901e+00 2.649996166444346700e-15 2.488187000000000163e-18
2.725042000000000186e+00 2.714388111561505454e-15 2.472022000000000065e-18
2.725438000000000027e+00 2.670098399934294624e-15 2.405465000000000165e-18
2.725833999999999868e+00 2.568935481786170332e-15 2.326477999999999863e-18
2.726230000000000153e+00 2.725132202334297565e-15 2.411342999999999835e-18
2.726625999999999994e+00 2.928954010886079791e-15 2.535871999999999921e-18
2.727021999999999835e+00 2.873511570886972068e-15 2.494479999999999842e-18
2.727418000000000120e+00 2.810408757390593742e-15 2.460713000000000135e-18
2.727813999999999961e+00 2.769667880601843566e-15 2.434982000000000068e-18
2.728209999999999802e+00 2.706187424439475250e-15 2.405774999999999819e-18
2.728606000000000087e+00 2.637584693396326341e-15 2.368351999999999984e-18
2.729001999999999928e+00 2.508662544747218949e-15 2.304524000000000172e-18
2.729398000000000213e+00 2.505136398486372127e-15 2.297689000000000085e-18
2.729794000000000054e+00 2.732868286239709591e-15 2.430300999999999977e-18
2.730189999999999895e+00 2.798262519650824699e-15 2.455894000000000007e-18
2.730586000000000180e+00 2.600936130091861593e-15 2.377705999999999834e-18
2.730982000000000021e+00 2.677573549581281696e-15 2.380931999999999959e-18
2.731377999999999862e+00 3.044506409524791078e-15 2.593676000000000080e-18
2.731774000000000147e+00 3.179830225561109860e-15 2.667599999999999965e-18
2.732169999999999987e+00 3.061211810859083694e-15 2.611367000000000150e-18
2.732565999999999828e+00 2.969950643876525552e-15 2.563356999999999972e-18
2.732962000000000113e+00 2.951902687489251389e-15 2.651332000000000076e-18
2.733357999999999954e+00 2.895550495176169398e-15 2.653733999999999950e-18
2.733753999999999795e+00 2.936853354107520019e-15 2.671858000000000101e-18
2.734150000000000080e+00 3.082390669331073422e-15 2.736413000000000140e-18
2.734545999999999921e+00 3.128472132472610889e-15 2.799740999999999838e-18
2.734942000000000206e+00 2.906786759488971407e-15 2.674988999999999996e-18
2.735338000000000047e+00 2.647198050605487090e-15 2.521944000000000129e-18
2.735733999999999888e+00 2.530838703729915560e-15 2.457957000000000132e-18
2.736130000000000173e+00 2.369669013333160462e-15 2.371066000000000076e-18
2.736526000000000014e+00 2.402495691709099768e-15 2.376626000000000145e-18
2.736921999999999855e+00 2.612286294222849311e-15 2.515396000000000139e-18
2.737318000000000140e+00 2.706818434607093192e-15 2.560371000000000164e-18
2.737713999999999981e+00 2.723019966195400202e-15 2.515099999999999813e-18
2.738109999999999822e+00 2.717956598637315671e-15 2.611358999999999819e-18
2.738506000000000107e+00 2.590907377454011192e-15 3.079256000000000157e-18
2.738901999999999948e+00 2.564030633564175588e-15 3.033662999999999848e-18
2.739297999999999789e+00 2.660756437808996935e-15 2.564998999999999936e-18
2.739694000000000074e+00 2.704461968794452717e-15 2.538578000000000067e-18
2.740089999999999915e+00 2.606291319278060289e-15 2.536940000000000076e-18
2.740486000000000200e+00 2.484758645083019344e-15 2.998072999999999947e-18
2.740882000000000041e+00 2.561617407982396405e-15 2.689890000000000098e-18
2.741277999999999881e+00 2.713988809482790809e-15 2.670606999999999921e-18
2.741674000000000166e+00 2.708555152010217625e-15 2.660592999999999876e-18
2.742070000000000007e+00 2.787814293895649016e-15 2.718194000000000144e-18
2.742465999999999848e+00 3.007597044899562566e-15 2.880423000000000038e-18
2.742862000000000133e+00 3.102147941903520285e-15 2.950494000000000056e-18
2.743257999999999974e+00 2.973956853778312105e-15 2.873284999999999961e-18
2.743653999999999815e+00 2.816283288851024368e-15 2.846730000000000028e-18
2.744050000000000100e+00 2.772217326874386758e-15 2.820224999999999952e-18
2.744445999999999941e+00 2.746440855415590422e-15 2.729795000000000041e-18
2.744841999999999782e+00 2.682537566269110003e-15 2.722428000000000056e-18
2.745238000000000067e+00 2.626935857509243479e-15 2.704784000000000152e-18
2.745633999999999908e+00 2.707033552939286151e-15 3.020849000000000095e-18
2.746030000000000193e+00 2.679817586157905685e-15 2.888971000000000095e-18
2.746426000000000034e+00 2.626965773875758173e-15 2.700645000000000085e-18
2.746821999999999875e+00 2.758658608166175677e-15 2.817662999999999996e-18
2.747218000000000160e+00 2.806411327890871840e-15 2.837047000000000170e-18
2.747614000000000001e+00 2.670185801538863384e-15 2.744086000000000191e-18
2.748009999999999842e+00 2.630981037705015698e-15 2.711497999999999991e-18
2.748406000000000127e+00 2.718806558970482013e-15 2.773095999999999931e-18
2.748801999999999968e+00 2.849458282525634305e-15 2.860584000000000124e-18
2.749197999999999809e+00 2.917066451779292077e-15 2.833548000000000047e-18
2.749594000000000094e+00 2.822017368413312126e-15 2.688796999999999822e-18
2.749989999999999934e+00 2.528008776634517090e-15 2.566672000000000174e-18
2.750386000000000220e+00 2.285841401676403802e-15 2.501829000000000140e-18
2.750782000000000060e+00 2.366448326176390336e-15 2.599354999999999832e-18
2.751177999999999901e+00 2.567177532681780459e-15 2.694865999999999847e-18
2.751574000000000186e+00 2.752127659733398976e-15 2.770339999999999928e-18
2.751970000000000027e+00 2.884874622142134664e-15 2.916654000000000165e-18
2.752365999999999868e+00 2.923190830405850718e-15 3.024005000000000111e-18
2.752762000000000153e+00 2.768817641206839177e-15 2.955187999999999963e-18
2.753157999999999994e+00 2.712593635008899438e-15 2.918633999999999981e-18
2.753553999999999835e+00 2.836929265465090958e-15 3.114599999999999975e-18
2.753950000000000120e+00 2.675698874071712148e-15 8.507582999999999915e-18
2.754345999999999961e+00 nan nan
2.754741999999999802e+00 2.475575937026689204e-15 3.189239000000000167e-18
2.755138000000000087e+00 2.477400383951580895e-15 3.211368999999999833e-18
2.755533999999999928e+00 2.637256864787633867e-15 3.799617999999999868e-18
2.755930000000000213e+00 2.601553045787718718e-15 4.487994000000000156e-18
2.756326000000000054e+00 2.528112462991152614e-15 5.571162000000000123e-18
2.756721999999999895e+00 2.804519000485301555e-15 8.104708999999999943e-18
2.757118000000000180e+00 nan nan
2.757514000000000021e+00 3.003421146059819630e-15 9.336987000000000652e-18
2.757909999999999862e+00 2.616635034910104134e-15 8.145718000000000185e-18
2.758306000000000147e+00 2.485475858763110144e-15 7.784801999999999385e-18
2.758701999999999988e+00 2.656025077767082259e-15 8.348739000000000331e-18
2.759097999999999828e+00 2.805784383441658931e-15 8.841519999999999774e-18
2.759494000000000113e+00 2.701962581087304102e-15 8.511834000000000001e-18
2.759889999999999954e+00 2.604837308788648102e-15 7.804469999999999580e-18
2.760285999999999795e+00 2.583876145112074647e-15 6.269518999999999619e-18
2.760682000000000080e+00 2.714800204223746097e-15 5.227882000000000052e-18
2.761077999999999921e+00 2.798496964035947060e-15 4.910039999999999798e-18
2.761474000000000206e+00 2.697567728569594991e-15 4.301382999999999910e-18
2.761870000000000047e+00 2.843300603095353093e-15 4.141630000000000356e-18
2.762265999999999888e+00 2.995185760863985349e-15 4.052425999999999733e-18
2.762662000000000173e+00 2.790121332849958639e-15 3.483676999999999864e-18
2.763058000000000014e+00 2.770991066828061981e-15 3.342210999999999849e-18
2.763453999999999855e+00 2.847738680508596221e-15 3.287078999999999872e-18
2.763850000000000140e+00 2.679382821735640375e-15 2.904304999999999893e-18
2.764245999999999981e+00 2.474559167472067494e-15 2.709568999999999930e-18
2.764641999999999822e+00 2.365321594336956546e-15 2.636864000000000054e-18
2.765038000000000107e+00 2.433868551813936851e-15 2.692893999999999978e-18
2.765433999999999948e+00 2.553137828496620742e-15 2.772882999999999915e-18
2.765829999999999789e+00 2.445941546353598322e-15 2.694141000000000185e-18
2.766226000000000074e+00 2.419537876318079934e-15 2.666268000000000040e-18
2.766621999999999915e+00 2.418700118362633221e-15 2.617446999999999813e-18
2.767018000000000200e+00 2.511844324246528399e-15 2.683706999999999875e-18
2.767414000000000041e+00 2.542214344237276377e-15 2.715267000000000037e-18
2.767809999999999881e+00 2.376257260480346262e-15 2.610879999999999854e-18
2.768206000000000166e+00 2.307380139698300156e-15 2.543141999999999884e-18
2.768602000000000007e+00 2.485831616573959447e-15 2.717091000000000128e-18
2.768997999999999848e+00 nan nan
2.769394000000000133e+00 2.627157324818157666e-15 2.759520999999999986e-18
2.769789999999999974e+00 2.554397285387906917e-15 2.726509999999999831e-18
2.770185999999999815e+00 2.450997296505528695e-15 2.643004000000000084e-18
2.770582000000000100e+00 2.410398425849437700e-15 2.556013999999999825e-18
2.770977999999999941e+00 2.507061830736299323e-15 2.584761999999999975e-18
2.771373999999999782e+00 2.593342297237088074e-15 2.604547000000000059e-18
2.771770000000000067e+00 2.493848440656148045e-15 2.538275999999999974e-18
2.772165999999999908e+00 2.437747855833275167e-15 2.912407999999999949e-18
2.772562000000000193e+00 2.644744702893360757e-15 3.078453000000000054e-18
2.772958000000000034e+00 2.773580832237802204e-15 2.777617999999999837e-18
2.773353999999999875e+00 2.722104824276198935e-15 2.712426999999999827e-18
2.773750000000000160e+00 2.786133347809304436e-15 2.713723999999999890e-18
2.774146000000000001e+00 3.040363396292495489e-15 2.832134999999999991e-18
2.774541999999999842e+00 3.075173737687644717e-15 2.857598999999999827e-18
2.774938000000000127e+00 2.829466508448619085e-15 2.729096999999999908e-18
2.775333999999999968e+00 2.651625947058067497e-15 2.624116000000000051e-18
2.775729999999999809e+00 2.511890414350587815e-15 2.551495999999999893e-18
2.776126000000000094e+00 2.445426167043572850e-15 2.737854999999999904e-18
2.776521999999999935e+00 2.560622693652050979e-15 2.584003999999999859e-18
2.776918000000000220e+00 2.629168362599929727e-15 2.617168999999999944e-18
2.777314000000000060e+00 2.629842854383704815e-15 2.575656000000000002e-18
2.777709999999999901e+00 2.561028146992988903e-15 2.557803000000000055e-18
2.778106000000000186e+00 2.339473027879805738e-15 2.425409000000000049e-18
2.778502000000000027e+00 2.286521624658280474e-15 2.386175999999999836e-18
2.778897999999999868e+00 2.366200659716863574e-15 2.401491000000000051e-18
2.779294000000000153e+00 2.486379931566480934e-15 2.473353999999999990e-18
2.779689999999999994e+00 2.579821333823645034e-15 2.517606000000000145e-18
2.780085999999999835e+00 2.519349843055275478e-15 2.468664000000000055e-18
2.780482000000000120e+00 2.607404812047899524e-15 2.489904000000000106e-18
2.780877999999999961e+00 2.675898601125821077e-15 2.527716999999999829e-18
2.781273999999999802e+00 2.638064772751692821e-15 2.492399999999999927e-18
2.781670000000000087e+00 2.678185828427079001e-15 2.483698999999999837e-18
2.782065999999999928e+00 2.678850280187695335e-15 2.520815999999999992e-18
2.782462000000000213e+00 2.610242542705130583e-15 2.441280000000000001e-18
2.782858000000000054e+00 2.626116928387341043e-15 2.463444999999999914e-18
2.783253999999999895e+00 2.681712724110476349e-15 2.587768000000000034e-18
2.783650000000000180e+00 2.815840174646095290e-15 2.552261999999999955e-18
2.784046000000000021e+00 2.731284707840533524e-15 2.492432000000000097e-18
2.784441999999999862e+00 2.705004279143330972e-15 2.506818999999999988e-18
2.784838000000000147e+00 2.634878008871174651e-15 2.536792999999999810e-18
2.785233999999999988e+00 2.455089699742654519e-15 2.408928000000000145e-18
2.785629999999999828e+00 2.408837579380218367e-15 2.324478000000000182e-18
2.786026000000000113e+00 2.449042704158739758e-15 2.343738999999999928e-18
2.786421999999999954e+00 2.291683049383805797e-15 2.263262000000000183e-18
2.786817999999999795e+00 2.334281732757460752e-15 2.285764999999999947e-18
2.787214000000000080e+00 2.569455107763140568e-15 2.393357000000000106e-18
2.787609999999999921e+00 2.596181832720448737e-15 2.382135999999999972e-18
2.788006000000000206e+00 2.406356283791649880e-15 2.288449999999999945e-18
2.788402000000000047e+00 2.393429798653540612e-15 2.285299000000000184e-18
2.788797999999999888e+00 2.482228041104552453e-15 2.300723999999999853e-18
2.789194000000000173e+00 2.437857760912906666e-15 2.278622000000000000e-18
2.789590000000000014e+00 2.495379639150562859e-15 2.283124999999999937e-18
2.789985999999999855e+00 2.727094513054818774e-15 2.373059000000000093e-18
2.790382000000000140e+00 2.786280090447131065e-15 2.412464999999999820e-18
2.790777999999999981e+00 2.629836024699422773e-15 2.329681999999999942e-18
2.791173999999999822e+00 2.514190498324492812e-15 2.263081999999999850e-18
2.791570000000000107e+00 2.458720359717470827e-15 2.258883000000000185e-18
2.791965999999999948e+00 2.418889961372413023e-15 2.235992999999999839e-18
2.792361999999999789e+00 2.300429557794151905e-15 2.157533999999999847e-18
2.792758000000000074e+00 2.362454183884599586e-15 2.156489000000000020e-18
2.793153999999999915e+00 2.595085338862536117e-15 2.322597000000000184e-18
2.793550000000000200e+00 2.731343301538183434e-15 2.380738999999999809e-18
2.793946000000000041e+00 2.816445270647694547e-15 2.480369999999999922e-18
2.794341999999999882e+00 2.739525551429051683e-15 2.544028999999999808e-18
2.794738000000000167e+00 2.668928003271801519e-15 2.497167999999999915e-18
2.795134000000000007e+00 2.741925088380549876e-15 2.476426000000000184e-18
2.795529999999999848e+00 2.721176468874008755e-15 2.360158999999999954e-18
2.795926000000000133e+00 2.619341594029102921e-15 2.324828999999999850e-18
2.796321999999999974e+00 2.664404038110851019e-15 2.385508999999999977e-18
2.796717999999999815e+00 2.668892709211568798e-15 2.366537000000000121e-18
2.797114000000000100e+00 2.622983023041378795e-15 2.321180000000000155e-18
2.797509999999999941e+00 2.601054868922668284e-15 2.291078999999999933e-18
2.797905999999999782e+00 2.588495436540737042e-15 2.282986999999999899e-18
2.798302000000000067e+00 2.584566241710365217e-15 2.284313000000000057e-18
2.798697999999999908e+00 2.595314897711584986e-15 2.272170000000000136e-18
2.799094000000000193e+00 2.640611231074594513e-15 2.268137999999999833e-18
2.799490000000000034e+00 2.858111810740833359e-15 2.382430000000000118e-18
2.799885999999999875e+00 2.896704054597476992e-15 2.406809000000000010e-18
2.800282000000000160e+00 2.676060717769922772e-15 2.305056999999999967e-18
2.800678000000000001e+00 2.431322775384233761e-15 2.198222000000000027e-18
2.801073999999999842e+00 2.363399295330105388e-15 2.133832999999999838e-18
2.801470000000000127e+00 2.544423723092087991e-15 2.220206000000000094e-18
2.801865999999999968e+00 2.675435867933981866e-15 2.280547999999999985e-18
2.802261999999999809e+00 2.534552046870119182e-15 2.229089999999999823e-18
2.802658000000000094e+00 2.401395571666845285e-15 2.146968999999999935e-18
2.803053999999999935e+00 2.413331569175808997e-15 2.182160000000000104e-18
2.803450000000000220e+00 2.319788172538380555e-15 2.129332999999999977e-18
2.803846000000000060e+00 2.139984619842511486e-15 2.067271000000000068e-18
2.804241999999999901e+00 2.139133386343431595e-15 2.033476000000000164e-18
2.804638000000000186e+00 2.260244922364923863e-15 2.123304000000000069e-18
2.805034000000000027e+00 2.204945149853578492e-15 2.115476000000000190e-18
2.805429999999999868e+00 2.106782138464232079e-15 2.035455999999999980e-18
2.805826000000000153e+00 2.244292728222964919e-15 2.091461000000000168e-18
2.806221999999999994e+00 2.490578570072219225e-15 2.222844999999999823e-18
2.806617999999999835e+00 2.617079363481961073e-15 2.275869000000000073e-18
2.807014000000000120e+00 2.675225504233989148e-15 2.320870000000000116e-18
2.807409999999999961e+00 2.786249235228506581e-15 2.381787000000000098e-18
2.807805999999999802e+00 2.836496426403818306e-15 2.431425000000000141e-18
2.808202000000000087e+00 2.738560123657898763e-15 2.391233999999999998e-18
2.808597999999999928e+00 2.701557173892734499e-15 2.362222999999999976e-18
2.808994000000000213e+00 2.503435732223814560e-15 2.287573000000000146e-18
2.809390000000000054e+00 2.318948688854718902e-15 2.197077000000000100e-18
2.809785999999999895e+00 2.444839871024453552e-15 2.264307000000000011e-18
2.810182000000000180e+00 2.592291360877714564e-15 2.349006000000000133e-18
2.810578000000000021e+00 2.523829752370795506e-15 2.334404999999999944e-18
2.810973999999999862e+00 2.464695825308183065e-15 2.292558000000000124e-18
2.811370000000000147e+00 2.606677495642651497e-15 2.377577999999999922e-18
2.811765999999999988e+00 2.832689670259636553e-15 2.491383999999999808e-18
2.812161999999999829e+00 2.957497697830472427e-15 2.559891999999999814e-18
2.812558000000000114e+00 2.811798766829012545e-15 2.528582999999999990e-18
2.812953999999999954e+00 2.551144151670184905e-15 2.379858000000000037e-18
2.813349999999999795e+00 2.372208735646453147e-15 2.291160999999999961e-18
2.813746000000000080e+00 2.194178978300368686e-15 2.229364000000000104e-18
2.814141999999999921e+00 2.250063004528291129e-15 2.228007999999999955e-18
2.814538000000000206e+00 2.477615489584775805e-15 2.347661000000000007e-18
2.814934000000000047e+00 2.499639857120803391e-15 2.345298999999999865e-18
2.815329999999999888e+00 2.563455289218385282e-15 2.385603999999999821e-18
2.815726000000000173e+00 2.750984437836281913e-15 2.528112999999999869e-18
2.816122000000000014e+00 2.719370518128132227e-15 2.605849999999999889e-18
2.816517999999999855e+00 2.554934197610988310e-15 2.485050000000000116e-18
2.816914000000000140e+00 2.429737557742243368e-15 2.401476000000000055e-18
2.817309999999999981e+00 2.316526204227870922e-15 2.307181999999999869e-18
2.817705999999999822e+00 2.284759679323823667e-15 2.317177999999999843e-18
2.818102000000000107e+00 2.323785931356181449e-15 2.347082999999999839e-18
2.818497999999999948e+00 2.468128022577220110e-15 2.425084999999999911e-18
2.818893999999999789e+00 2.450775390303946923e-15 2.409569999999999883e-18
2.819290000000000074e+00 2.266536099576819766e-15 2.314487999999999975e-18
2.819685999999999915e+00 2.305514451086515335e-15 2.419501000000000003e-18
2.820082000000000200e+00 2.282216707050847487e-15 2.399487999999999908e-18
2.820478000000000041e+00 2.087942059219580090e-15 2.232765999999999818e-18
2.820873999999999882e+00 2.082805455371513694e-15 2.301269999999999850e-18
2.821270000000000167e+00 2.274104667714863980e-15 2.424911000000000116e-18
2.821666000000000007e+00 2.398530228435519126e-15 2.507651000000000185e-18
2.822061999999999848e+00 2.359670427079040810e-15 2.416469999999999823e-18
2.822458000000000133e+00 2.341934093099887527e-15 2.457681000000000058e-18
2.822853999999999974e+00 2.343260201958322448e-15 2.439010999999999910e-18
2.823249999999999815e+00 2.475690669971495379e-15 2.501578000000000187e-18
2.823646000000000100e+00 2.623944456413278018e-15 2.559994999999999989e-18
2.824041999999999941e+00 2.539959921287160253e-15 2.511403000000000056e-18
2.824437999999999782e+00 2.396372739862207917e-15 2.410035000000000134e-18
2.824834000000000067e+00 2.485409726895253255e-15 2.516776000000000127e-18
2.825229999999999908e+00 2.486932783550775994e-15 2.467534000000000124e-18
2.825626000000000193e+00 2.411437176546223491e-15 2.380900000000000173e-18
2.826022000000000034e+00 2.509326184139587428e-15 2.446050000000000169e-18
2.826417999999999875e+00 2.691147852505682509e-15 2.552340999999999907e-18
2.826814000000000160e+00 2.555038307619506618e-15 2.489362000000000082e-18
2.827210000000000001e+00 2.287475013022344207e-15 2.351857999999999877e-18
2.827605999999999842e+00 2.097999014558162510e-15 2.302438000000000105e-18
2.828002000000000127e+00 2.369824369886838615e-15 2.922642000000000060e-18
2.828397999999999968e+00 2.692524772980959172e-15 2.565963000000000018e-18
2.828793999999999809e+00 2.739271591396245688e-15 2.661656000000000161e-18
2.829190000000000094e+00 2.821378306791642364e-15 4.248730999999999860e-18
2.829585999999999935e+00 2.753867834672556375e-15 2.605958999999999832e-18
2.829982000000000220e+00 2.641280196884714685e-15 2.694154000000000001e-18
2.830378000000000061e+00 2.482066882674644228e-15 2.653340000000000089e-18
2.830773999999999901e+00 2.539735653984841053e-15 2.663956000000000141e-18
2.831170000000000186e+00 2.687239329039865540e-15 2.761133999999999856e-18
2.831566000000000027e+00 2.609268041971762027e-15 2.699340000000000075e-18
2.831961999999999868e+00 2.479273759531647627e-15 2.624183000000000083e-18
2.832358000000000153e+00 2.539437756230799434e-15 2.647562000000000134e-18
2.832753999999999994e+00 2.752175091776423429e-15 2.799780000000000058e-18
2.833149999999999835e+00 2.747114100970493599e-15 2.817708999999999880e-18
2.833546000000000120e+00 2.445976453355925724e-15 2.682977999999999853e-18
2.833941999999999961e+00 2.360628753068279708e-15 2.789886999999999875e-18
2.834337999999999802e+00 2.406265308965411690e-15 2.839774000000000078e-18
2.834734000000000087e+00 2.320402641665208374e-15 2.704023999999999857e-18
2.835129999999999928e+00 2.328061819001321693e-15 2.550750000000000082e-18
2.835526000000000213e+00 2.250441848905974173e-15 2.432375000000000125e-18
2.835922000000000054e+00 2.207252075522523856e-15 2.391747999999999825e-18
2.836317999999999895e+00 2.328526697084952861e-15 2.447648000000000043e-18
2.836714000000000180e+00 2.494822253899386164e-15 2.588692999999999896e-18
2.837110000000000021e+00 2.497410906053072435e-15 2.599350999999999859e-18
2.837505999999999862e+00 2.358575420745736438e-15 2.460291000000000077e-18
2.837902000000000147e+00 2.282748269756739932e-15 2.389353999999999897e-18
2.838297999999999988e+00 2.279464225752349854e-15 2.401004000000000140e-18
2.838693999999999829e+00 2.232919312311433183e-15 2.378346000000000164e-18
2.839090000000000114e+00 2.397215072714223098e-15 2.517043999999999870e-18
2.839485999999999954e+00 2.584618952035332893e-15 2.692178000000000159e-18
2.839881999999999795e+00 2.605435362617135626e-15 2.698328999999999827e-18
2.840278000000000080e+00 2.546697186764998041e-15 2.640840999999999860e-18
2.840673999999999921e+00 2.443528215711241345e-15 2.673215000000000147e-18
2.841070000000000206e+00 2.277788724564627779e-15 2.747839999999999855e-18
2.841466000000000047e+00 2.317788290184650302e-15 3.180157000000000033e-18
2.841861999999999888e+00 2.478409590072396576e-15 2.860215999999999896e-18
2.842258000000000173e+00 2.568418131606687179e-15 2.927313000000000025e-18
2.842654000000000014e+00 2.519223342719775989e-15 3.124143000000000002e-18
2.843049999999999855e+00 2.335523102095777780e-15 2.490174000000000028e-18
2.843446000000000140e+00 2.377538868822708897e-15 2.509411999999999833e-18
2.843841999999999981e+00 2.427263939140093101e-15 2.532332000000000170e-18
2.844237999999999822e+00 2.400952494197733626e-15 3.058723000000000083e-18
2.844634000000000107e+00 2.427301814519262532e-15 2.521227000000000027e-18
2.845029999999999948e+00 2.330078486234591442e-15 2.403197999999999868e-18
2.845425999999999789e+00 2.308824568084067763e-15 2.367591000000000177e-18
2.845822000000000074e+00 2.387003785032248283e-15 2.408842000000000144e-18
2.846217999999999915e+00 2.413324708979555444e-15 2.385133000000000188e-18
2.846614000000000200e+00 2.411234078898918984e-15 2.390560999999999986e-18
2.847010000000000041e+00 2.514274011135578879e-15 2.782287999999999905e-18
2.847405999999999882e+00 2.537648017227101152e-15 3.736309000000000138e-18
2.847802000000000167e+00 2.510476164912856924e-15 2.436037000000000021e-18
2.848198000000000008e+00 2.478823776285412584e-15 2.420057000000000126e-18
2.848593999999999848e+00 2.511559368239312401e-15 2.480253000000000033e-18
2.848990000000000133e+00 2.500292139878284143e-15 2.431526000000000138e-18
2.849385999999999974e+00 2.317208384483532306e-15 2.318280999999999860e-18
2.849781999999999815e+00 2.226756239595634046e-15 2.308754000000000110e-18
2.850178000000000100e+00 2.267112632507803996e-15 2.277519999999999880e-18
2.850573999999999941e+00 2.277722641685281595e-15 2.279776000000000156e-18
2.850969999999999782e+00 2.420779093973478604e-15 2.367547000000000087e-18
2.851366000000000067e+00 2.467288722504827175e-15 2.404116000000000066e-18
2.851761999999999908e+00 2.365095142548997927e-15 2.332138999999999929e-18
2.852158000000000193e+00 2.363056896002761675e-15 2.332741999999999832e-18
2.852554000000000034e+00 2.343921498369735871e-15 2.327613999999999947e-18
2.852949999999999875e+00 2.377425865908083046e-15 2.316619000000000030e-18
2.853346000000000160e+00 2.309660658230047010e-15 2.253435000000000135e-18
2.853742000000000001e+00 2.226647590002625371e-15 2.217282999999999960e-18
2.854137999999999842e+00 2.188813488299959711e-15 2.216649000000000168e-18
2.854534000000000127e+00 2.075559840436890275e-15 2.146210999999999819e-18
2.854929999999999968e+00 2.118145501367598785e-15 2.170978000000000190e-18
2.855325999999999809e+00 2.222301600537120746e-15 2.280974000000000016e-18
2.855722000000000094e+00 2.113670959286191039e-15 2.267982000000000109e-18
2.856117999999999935e+00 2.126489191631202750e-15 2.340495000000000117e-18
2.856514000000000220e+00 2.244891436230976636e-15 2.266772999999999841e-18
2.856910000000000061e+00 2.284595511348638287e-15 2.238340999999999883e-18
2.857305999999999901e+00 2.268795184502212386e-15 2.266779999999999890e-18
2.857702000000000186e+00 2.328382680176455259e-15 2.272840000000000072e-18
2.858098000000000027e+00 2.546939991212778908e-15 2.438729999999999965e-18
2.858493999999999868e+00 2.716694941670092957e-15 2.493622000000000011e-18
2.858890000000000153e+00 2.764561604140875459e-15 2.465340000000000010e-18
2.859285999999999994e+00 2.767960496390655306e-15 2.496364999999999813e-18
2.859681999999999835e+00 2.625868308114945986e-15 2.442690999999999878e-18
2.860078000000000120e+00 2.451518723696417095e-15 2.356946000000000031e-18
2.860473999999999961e+00 2.464243354410949448e-15 2.365806999999999818e-18
2.860869999999999802e+00 2.508241740805878993e-15 2.386567999999999903e-18
2.861266000000000087e+00 2.434110259083945113e-15 2.311354000000000004e-18
2.861661999999999928e+00 2.403589276139073541e-15 2.291504000000000067e-18
2.862058000000000213e+00 2.389147732423901936e-15 2.305576999999999946e-18
2.862454000000000054e+00 2.470757106779789781e-15 2.374139000000000167e-18
2.862849999999999895e+00 2.649369125368349978e-15 2.503882000000000140e-18
2.863246000000000180e+00 2.665536670490311101e-15 2.445719999999999879e-18
2.863642000000000021e+00 2.383433340316482267e-15 2.280862999999999894e-18
2.864037999999999862e+00 2.151531802857021631e-15 2.166974999999999981e-18
2.864434000000000147e+00 2.294804154130530701e-15 2.628966999999999964e-18
2.864829999999999988e+00 2.431782153786324729e-15 2.374732999999999842e-18
2.865225999999999829e+00 2.479816002185460708e-15 2.449023000000000161e-18
2.865622000000000114e+00 2.379666754690338237e-15 2.362821999999999906e-18
2.866017999999999954e+00 2.361465565271990269e-15 2.317366000000000123e-18
2.866413999999999795e+00 2.299224386547922901e-15 2.265208000000000034e-18
2.866810000000000080e+00 2.236938097692111657e-15 2.247086000000000062e-18
2.867205999999999921e+00 2.347265334805809690e-15 2.344497000000000044e-18
2.867602000000000206e+00 2.554851302143923820e-15 2.992250999999999902e-18
2.867998000000000047e+00 2.298251183326829970e-15 2.382285000000000031e-18
2.868393999999999888e+00 2.342046669818993570e-15 2.915596000000000136e-18
2.868790000000000173e+00 2.435747256460543119e-15 3.277975999999999975e-18
2.869186000000000014e+00 2.468535210578881662e-15 3.535898000000000011e-18
2.869581999999999855e+00 2.508568717007166141e-15 4.216589999999999840e-18
2.869978000000000140e+00 2.370972757619358052e-15 3.829937999999999873e-18
2.870373999999999981e+00 2.348859061330316337e-15 4.070924999999999776e-18
2.870769999999999822e+00 2.540079315706165183e-15 6.173033999999999781e-18
2.871166000000000107e+00 2.484462321264692851e-15 6.951428000000000048e-18
2.871561999999999948e+00 2.347146933431624661e-15 7.073023000000000363e-18
2.871957999999999789e+00 2.300763168618032602e-15 7.300899999999999416e-18
2.872354000000000074e+00 2.260285993920298922e-15 7.188717000000000296e-18
2.872749999999999915e+00 2.127878654942781180e-15 6.875710000000000063e-18
2.873146000000000200e+00 1.993477822635173091e-15 6.452596999999999778e-18
2.873542000000000041e+00 2.185882566447798652e-15 7.006438999999999392e-18
2.873937999999999882e+00 2.355069974342929581e-15 6.104067999999999959e-18
2.874334000000000167e+00 2.405841714158625165e-15 6.198267000000000300e-18
2.874730000000000008e+00 2.313418699235731703e-15 5.551397999999999802e-18
2.875125999999999848e+00 2.655157849387880945e-15 1.505629999999999899e-17
2.875522000000000133e+00 2.528257203695267743e-15 4.214833000000000166e-18
2.875917999999999974e+00 2.704770031827963442e-15 4.328671999999999734e-18
2.876313999999999815e+00 2.626883828697695466e-15 3.816111000000000078e-18
2.876710000000000100e+00 2.513782860947850963e-15 3.428784999999999817e-18
2.877105999999999941e+00 2.469140426414794864e-15 3.296871000000000058e-18
2.877501999999999782e+00 2.425456384734869798e-15 3.054194000000000128e-18
2.877898000000000067e+00 2.293490370273219265e-15 2.708551999999999915e-18
2.878293999999999908e+00 2.413996123540527342e-15 3.271910000000000026e-18
2.878690000000000193e+00 2.470186147693164342e-15 3.316492999999999983e-18
2.879086000000000034e+00 2.350056676213115011e-15 2.610670999999999811e-18
2.879481999999999875e+00 2.385034170316816462e-15 2.565376000000000007e-18
2.879878000000000160e+00 2.436108163434158823e-15 2.568813999999999865e-18
2.880274000000000001e+00 2.436651516772645777e-15 2.514477999999999941e-18
2.880669999999999842e+00 2.446026818756683240e-15 2.551042999999999946e-18
2.881066000000000127e+00 2.405732240721396078e-15 2.514876000000000160e-18
2.881461999999999968e+00 2.387827999228969674e-15 2.518392000000000073e-18
2.881857999999999809e+00 2.461889046219693768e-15 2.591448999999999899e-18
2.882254000000000094e+00 2.468068958186468416e-15 2.606989000000000049e-18
2.882649999999999935e+00 2.316515104222723236e-15 2.537229999999999864e-18
2.883046000000000220e+00 2.297286570060288427e-15 2.529622000000000051e-18
2.883442000000000061e+00 2.448313029499624725e-15 2.614221999999999971e-18
2.883837999999999901e+00 2.401020402206683412e-15 2.482138000000000004e-18
2.884234000000000187e+00 2.319335022173551652e-15 2.423865999999999903e-18
2.884630000000000027e+00 2.414599262955337185e-15 2.485624999999999822e-18
2.885025999999999868e+00 2.496058130416977396e-15 2.549831999999999884e-18
2.885422000000000153e+00 2.443979075019793402e-15 2.511156999999999972e-18
2.885817999999999994e+00 2.249926169768816973e-15 2.402332999999999988e-18
2.886213999999999835e+00 2.125464588866801695e-15 2.337679000000000132e-18
2.886610000000000120e+00 2.274258187780693998e-15 2.450494999999999917e-18
2.887005999999999961e+00 2.556090185724295848e-15 2.555514000000000098e-18
2.887401999999999802e+00 2.587969041243385105e-15 2.563982999999999818e-18
2.887798000000000087e+00 2.368815061140805090e-15 2.408186999999999819e-18
2.888193999999999928e+00 2.237976965031618221e-15 2.354505999999999834e-18
2.888590000000000213e+00 2.145588811976549808e-15 2.288861999999999878e-18
2.888986000000000054e+00 2.181058276234671742e-15 2.327433999999999999e-18
2.889381999999999895e+00 2.238471648876890411e-15 2.359708000000000186e-18
2.889778000000000180e+00 2.177109547139694164e-15 2.407412999999999810e-18
2.890174000000000021e+00 2.249176556761913165e-15 2.521597000000000049e-18
2.890569999999999862e+00 2.329606871676021940e-15 2.503581999999999841e-18
2.890966000000000147e+00 2.267678870496873514e-15 2.388421999999999986e-18
2.891361999999999988e+00 2.094432016640523843e-15 2.232453999999999985e-18
2.891757999999999829e+00 2.200930640259577377e-15 2.272832000000000125e-18
2.892154000000000114e+00 2.352507365692154567e-15 2.343106000000000034e-18
2.892549999999999955e+00 2.448666339326668048e-15 2.411879000000000091e-18
2.892945999999999795e+00 2.507105242304683066e-15 2.468866999999999946e-18
2.893342000000000080e+00 2.431501539401785759e-15 2.419284999999999912e-18
2.893737999999999921e+00 2.462221228155187812e-15 2.412194999999999898e-18
2.894134000000000206e+00 2.627286205666574482e-15 2.485713999999999899e-18
2.894530000000000047e+00 2.742252172968949747e-15 2.528721000000000028e-18
2.894925999999999888e+00 2.662054715114496333e-15 2.502792999999999837e-18
2.895322000000000173e+00 2.528741605432211224e-15 2.431619000000000188e-18
2.895718000000000014e+00 2.443715132151145085e-15 2.368411000000000070e-18
2.896113999999999855e+00 2.392501459733407473e-15 2.307618999999999923e-18
2.896510000000000140e+00 2.406179386520301508e-15 2.310397999999999868e-18
2.896905999999999981e+00 2.425370000322384383e-15 2.346644999999999888e-18
2.897301999999999822e+00 2.514019467503703971e-15 2.504869000000000164e-18
2.897698000000000107e+00 2.639831883597693047e-15 2.715111999999999824e-18
2.898093999999999948e+00 2.670820333495768293e-15 2.773020000000000056e-18
2.898489999999999789e+00 2.464911727558272502e-15 2.602282999999999837e-18
2.898886000000000074e+00 2.243268917984362235e-15 2.417006999999999977e-18
2.899281999999999915e+00 2.153393643986956072e-15 2.379353000000000053e-18
2.899678000000000200e+00 2.114879895901096270e-15 2.344396999999999945e-18
2.900074000000000041e+00 2.198707088083445389e-15 2.445846999999999894e-18
2.900469999999999882e+00 2.244982368998685062e-15 2.484250999999999986e-18
2.900866000000000167e+00 2.133273388096286383e-15 2.341401999999999908e-18
2.901262000000000008e+00 2.169188331240892755e-15 2.296686000000000168e-18
2.901657999999999848e+00 2.357722047591051910e-15 2.407443000000000187e-18
2.902054000000000133e+00 2.343599207602968638e-15 2.392150999999999914e-18
2.902449999999999974e+00 2.251576829590601675e-15 2.346753999999999831e-18
2.902845999999999815e+00 2.312104307016589838e-15 2.380356999999999867e-18
2.903242000000000100e+00 2.499030981266783730e-15 2.493884999999999884e-18
2.903637999999999941e+00 2.515941720210772690e-15 2.484901999999999953e-18
2.904033999999999782e+00 2.259965791376023772e-15 2.334953000000000120e-18
2.904430000000000067e+00 2.148465252671336298e-15 2.785832999999999912e-18
2.904825999999999908e+00 2.277984077623713551e-15 3.619739000000000303e-18
2.905222000000000193e+00 2.286931973610428129e-15 2.321798000000000054e-18
2.905618000000000034e+00 2.397225774795423594e-15 2.374461000000000126e-18
2.906013999999999875e+00 2.472087046622247923e-15 2.399273999999999995e-18
2.906410000000000160e+00 2.395173165450302364e-15 2.352582999999999926e-18
2.906806000000000001e+00 2.340807452330002775e-15 2.308183999999999889e-18
2.907201999999999842e+00 2.295487713399323294e-15 2.302652000000000018e-18
2.907598000000000127e+00 2.159349670863787638e-15 2.301347999999999905e-18
2.907993999999999968e+00 1.923323117791813940e-15 2.186416000000000061e-18
2.908389999999999809e+00 1.815529050694837672e-15 2.152221000000000144e-18
2.908786000000000094e+00 1.931134338383432206e-15 2.243612000000000061e-18
2.909181999999999935e+00 2.056979256825878010e-15 2.310405999999999815e-18
2.909578000000000220e+00 2.133614938423068501e-15 2.374679000000000012e-18
2.909974000000000061e+00 1.994317599786901917e-15 2.272280999999999873e-18
2.910369999999999902e+00 1.843751980420430984e-15 2.159752000000000185e-18
2.910766000000000187e+00 2.001104556368915539e-15 2.205012000000000127e-18
2.911162000000000027e+00 2.367847822348522147e-15 2.373153999999999937e-18
2.911557999999999868e+00 2.507324764740269337e-15 2.405056999999999821e-18
2.911954000000000153e+00 2.442086928425087687e-15 2.483251000000000146e-18
2.912349999999999994e+00 2.438149620466221979e-15 2.531065999999999995e-18
2.912745999999999835e+00 2.413401042342936551e-15 2.545680000000000001e-18
2.913142000000000120e+00 2.409840930045859598e-15 2.540108000000000012e-18
2.913537999999999961e+00 2.415343194489551512e-15 2.485189999999999947e-18
2.913933999999999802e+00 2.397024465598982512e-15 2.392966999999999833e-18
2.914330000000000087e+00 2.373744606146143258e-15 2.363280000000000108e-18
2.914725999999999928e+00 2.322124345906013416e-15 2.293022999999999990e-18
2.915122000000000213e+00 2.286436585258598029e-15 2.310370999999999953e-18
2.915518000000000054e+00 2.253108664280294079e-15 2.314636000000000138e-18
2.915913999999999895e+00 2.299946211505017749e-15 2.337455000000000094e-18
2.916310000000000180e+00 2.337026244541427582e-15 2.424191999999999835e-18
2.916706000000000021e+00 2.294933102397967383e-15 2.377632000000000138e-18
2.917101999999999862e+00 2.201544473768654645e-15 2.279766999999999927e-18
2.917498000000000147e+00 2.279096796510398135e-15 2.380138000000000084e-18
2.917893999999999988e+00 2.404374503157832723e-15 2.468316000000000078e-18
2.918289999999999829e+00 2.293677264832991371e-15 2.367507999999999867e-18
2.918686000000000114e+00 2.302263168365662711e-15 2.523960000000000088e-18
2.919081999999999955e+00 2.361348220299458628e-15 2.461305999999999913e-18
2.919477999999999795e+00 2.369445130716968821e-15 2.423609000000000182e-18
2.919874000000000080e+00 2.298874106174149911e-15 2.415360000000000142e-18
2.920269999999999921e+00 2.186292880502175193e-15 2.349474999999999973e-18
2.920666000000000206e+00 2.198340150118829387e-15 2.424923999999999932e-18
2.921062000000000047e+00 2.196505231102794355e-15 2.454240000000000123e-18
2.921457999999999888e+00 2.153419913773564073e-15 2.446133999999999991e-18
2.921854000000000173e+00 2.090167626518998448e-15 2.361010000000000120e-18
2.922250000000000014e+00 2.158021351981223042e-15 2.415708000000000119e-18
2.922645999999999855e+00 2.230471097694657279e-15 2.439856999999999820e-18
2.923042000000000140e+00 2.203379000566082743e-15 2.434833000000000008e-18
2.923437999999999981e+00 2.082362722244047455e-15 2.330789999999999829e-18
2.923833999999999822e+00 2.161219973431833708e-15 2.409410000000000186e-18
2.924230000000000107e+00 2.223076547608954368e-15 2.484445999999999930e-18
2.924625999999999948e+00 2.060479268603963939e-15 2.285775999999999970e-18
2.925021999999999789e+00 2.285001967143363375e-15 2.544667999999999855e-18
2.925418000000000074e+00 2.450082386883479693e-15 2.687609000000000087e-18
2.925813999999999915e+00 2.261561215830842692e-15 2.494085000000000084e-18
2.926210000000000200e+00 2.221506292282271983e-15 2.423629999999999945e-18
2.926606000000000041e+00 2.379820903561633544e-15 2.425671000000000025e-18
2.927001999999999882e+00 2.378180006225167961e-15 2.829628000000000148e-18
2.927398000000000167e+00 2.198138090260259617e-15 2.368962999999999834e-18
2.927794000000000008e+00 2.049940607127442122e-15 2.218512000000000094e-18
2.928189999999999849e+00 2.218699602958371982e-15 2.367019000000000162e-18
2.928586000000000134e+00 2.324734134305467390e-15 2.855151000000000070e-18
2.928981999999999974e+00 2.139156810603866335e-15 2.367644000000000111e-18
2.929377999999999815e+00 1.859426620533283521e-15 2.104244999999999930e-18
2.929774000000000100e+00 1.899696262651163861e-15 2.148228999999999957e-18
2.930169999999999941e+00 2.148251622286164909e-15 2.308518000000000153e-18
2.930565999999999782e+00 2.317576197320275770e-15 2.474442000000000010e-18
2.930962000000000067e+00 2.322278755042584060e-15 2.515834999999999987e-18
2.931357999999999908e+00 2.518625434215031827e-15 2.918256999999999909e-18
2.931754000000000193e+00 2.399124219749066750e-15 2.474869999999999836e-18
2.932150000000000034e+00 2.278400578344014115e-15 2.586392000000000019e-18
2.932545999999999875e+00 2.347064788023484396e-15 2.725364999999999904e-18
2.932942000000000160e+00 2.559737270594843086e-15 3.315134000000000143e-18
2.933338000000000001e+00 2.469464968395882894e-15 2.981275999999999851e-18
2.933733999999999842e+00 2.279318522716048095e-15 2.363751000000000127e-18
2.934130000000000127e+00 2.273071165360829970e-15 2.354119999999999920e-18
2.934525999999999968e+00 2.391017662094661944e-15 2.435404000000000126e-18
2.934921999999999809e+00 2.391254464253047665e-15 2.450199999999999874e-18
2.935318000000000094e+00 2.278472927115551389e-15 2.409915000000000169e-18
2.935713999999999935e+00 2.442442260346095655e-15 3.774071999999999619e-18
2.936110000000000220e+00 2.334365222599188785e-15 2.468077000000000045e-18
2.936506000000000061e+00 2.308868188788997453e-15 2.358751000000000153e-18
2.936901999999999902e+00 2.329420333100500478e-15 2.320580999999999840e-18
2.937298000000000187e+00 2.337221417296849664e-15 2.365671999999999856e-18
2.937694000000000027e+00 2.307802768900079056e-15 2.333413999999999947e-18
2.938089999999999868e+00 2.309941713485157413e-15 2.350111999999999841e-18
2.938486000000000153e+00 2.346825167766343105e-15 2.382650000000000183e-18
2.938881999999999994e+00 2.393025210223180022e-15 2.372076999999999939e-18
2.939277999999999835e+00 2.403854689839636161e-15 2.368352999999999881e-18
2.939674000000000120e+00 2.382455093895346005e-15 2.340698000000000008e-18
2.940069999999999961e+00 2.186179087285071813e-15 2.242145000000000175e-18
2.940465999999999802e+00 2.014514858485573217e-15 2.118289999999999997e-18
2.940862000000000087e+00 2.154864379843312575e-15 2.277330000000000192e-18
2.941257999999999928e+00 2.175655662058183785e-15 2.774404999999999914e-18
2.941654000000000213e+00 2.025485320650885345e-15 2.262348999999999855e-18
2.942050000000000054e+00 2.144803621813844645e-15 2.314027999999999979e-18
2.942445999999999895e+00 2.319632404793205387e-15 2.448601000000000103e-18
2.942842000000000180e+00 2.388896852134708098e-15 2.492152000000000049e-18
2.943238000000000021e+00 2.389243445971594537e-15 2.497974999999999991e-18
2.943633999999999862e+00 2.223642553603040058e-15 2.384237000000000035e-18
2.944030000000000147e+00 2.179080680869758371e-15 2.433549000000000146e-18
2.944425999999999988e+00 2.113325836903679065e-15 2.483591000000000176e-18
2.944821999999999829e+00 2.067119392440748719e-15 2.520797999999999920e-18
2.945218000000000114e+00 2.191320599011584668e-15 2.591863000000000011e-18
2.945613999999999955e+00 2.320755702805333595e-15 2.627752999999999826e-18
2.946009999999999796e+00 2.341030081143055985e-15 2.616585999999999907e-18
2.946406000000000081e+00 2.259707228328193409e-15 2.585078000000000166e-18
2.946801999999999921e+00 1.997481715088176461e-15 2.366186999999999965e-18
2.947198000000000206e+00 1.910677271217992773e-15 2.335222000000000146e-18
2.947594000000000047e+00 1.964609247938564386e-15 2.406678000000000022e-18
2.947989999999999888e+00 2.026780862575899476e-15 2.450818000000000158e-18
2.948386000000000173e+00 1.959611913330697706e-15 2.311914999999999997e-18
2.948782000000000014e+00 1.838113782394742993e-15 2.208125999999999847e-18
2.949177999999999855e+00 2.088084972201008004e-15 2.395983999999999915e-18
2.949574000000000140e+00 2.334197947015931992e-15 2.559665999999999981e-18
2.949969999999999981e+00 2.387084079699419721e-15 2.534188000000000047e-18
2.950365999999999822e+00 2.399873906352392146e-15 2.541885999999999834e-18
2.950762000000000107e+00 2.358893857562596165e-15 2.523452999999999926e-18
2.951157999999999948e+00 2.319444071757263924e-15 2.501879999999999895e-18
2.951553999999999789e+00 2.388895362993300631e-15 2.583754000000000188e-18
2.951950000000000074e+00 2.291041548783376081e-15 2.519233000000000113e-18
2.952345999999999915e+00 2.228810254006067579e-15 2.439324999999999922e-18
2.952742000000000200e+00 2.297134291564719344e-15 2.532531000000000087e-18
2.953138000000000041e+00 2.278793223860148361e-15 2.510488999999999831e-18
2.953533999999999882e+00 2.140012696994246430e-15 2.461264000000000002e-18
2.953930000000000167e+00 2.126325047950331587e-15 2.551300999999999949e-18
2.954326000000000008e+00 2.167547813240961950e-15 2.504208000000000072e-18
2.954721999999999849e+00 2.142405321801870023e-15 2.494235000000000040e-18
2.955118000000000134e+00 2.111106523838118659e-15 2.529072999999999978e-18
2.955513999999999974e+00 2.094276743992993394e-15 2.619177999999999854e-18
2.955909999999999815e+00 1.929217652947594006e-15 2.733613999999999944e-18
2.956306000000000100e+00 1.934821186852116757e-15 2.878845000000000030e-18
2.956701999999999941e+00 2.092593169753720160e-15 2.962314000000000121e-18
2.957097999999999782e+00 2.302718282848044236e-15 3.205099000000000097e-18
2.957494000000000067e+00 2.404029969746974189e-15 3.264299000000000136e-18
2.957889999999999908e+00 2.436447850613534175e-15 3.260601000000000096e-18
2.958286000000000193e+00 2.325228051168299919e-15 2.908881000000000014e-18
2.958682000000000034e+00 2.220311214858920668e-15 2.586144000000000142e-18
2.959077999999999875e+00 2.242466099683299408e-15 2.598123000000000007e-18
2.959474000000000160e+00 2.148054925748940370e-15 2.513612000000000165e-18
2.959870000000000001e+00 2.106072482869094873e-15 2.511309000000000108e-18
2.960265999999999842e+00 2.196953488969917357e-15 2.771386999999999935e-18
2.960662000000000127e+00 2.271335720661216433e-15 2.871541000000000103e-18
2.961057999999999968e+00 2.146469502865622081e-15 2.493718000000000138e-18
2.961453999999999809e+00 2.138046366550162527e-15 2.487399000000000056e-18
2.961850000000000094e+00 2.247550892852270417e-15 2.565311000000000154e-18
2.962245999999999935e+00 2.190634529560665054e-15 2.547713000000000134e-18
2.962642000000000220e+00 2.034001874799965361e-15 2.439679000000000051e-18
2.963038000000000061e+00 2.081080392881412881e-15 2.462718999999999969e-18
2.963433999999999902e+00 2.073547045328109417e-15 2.442697999999999927e-18
2.963830000000000187e+00 1.974492464782415806e-15 2.395336000000000025e-18
2.964226000000000028e+00 2.079928759677692421e-15 2.456908999999999843e-18
2.964621999999999868e+00 2.300958804400404614e-15 2.604921999999999951e-18
2.965018000000000153e+00 2.368160593669367667e-15 2.650969000000000103e-18
2.965413999999999994e+00 2.355856321104904476e-15 2.631061999999999875e-18
2.965809999999999835e+00 2.221322065170726456e-15 2.544599000000000029e-18
2.966206000000000120e+00 2.023801741062124248e-15 2.412111999999999973e-18
2.966601999999999961e+00 1.971975285275522499e-15 2.385871000000000052e-18
2.966997999999999802e+00 2.120888826071717879e-15 2.505342999999999874e-18
2.967394000000000087e+00 2.202423890792275185e-15 2.519686000000000060e-18
2.967789999999999928e+00 2.234984130040791926e-15 2.526588000000000179e-18
2.968186000000000213e+00 2.074360926515054974e-15 2.441485999999999968e-18
2.968582000000000054e+00 1.841072562263550075e-15 2.183750000000000032e-18
2.968977999999999895e+00 1.862599034189102373e-15 2.179301999999999823e-18
2.969374000000000180e+00 2.035265683504869978e-15 2.273203999999999941e-18
2.969770000000000021e+00 2.156820635134040182e-15 2.329935999999999972e-18
2.970165999999999862e+00 2.212752301108032345e-15 2.368460000000000030e-18
2.970562000000000147e+00 2.177280065242693984e-15 2.325025000000000076e-18
2.970957999999999988e+00 2.147998240004086810e-15 2.296433999999999933e-18
2.971353999999999829e+00 2.099881830027740867e-15 2.261292000000000108e-18
2.971750000000000114e+00 2.043460386441559890e-15 2.186065999999999905e-18
2.972145999999999955e+00 1.984447685525433974e-15 2.133132999999999911e-18
2.972541999999999796e+00 2.061572613921095857e-15 2.161301000000000099e-18
2.972938000000000081e+00 2.123560815543957449e-15 2.184068999999999915e-18
2.973333999999999921e+00 2.114765536153544855e-15 2.186121999999999914e-18
2.973730000000000206e+00 2.314351239754519504e-15 2.655348999999999998e-18
2.974126000000000047e+00 2.334380167409301358e-15 2.290259000000000041e-18
2.974521999999999888e+00 2.200119374458845814e-15 2.217881999999999890e-18
2.974918000000000173e+00 2.059326118380367771e-15 2.114108000000000122e-18
2.975314000000000014e+00 2.104062536797304057e-15 2.145011000000000164e-18
2.975709999999999855e+00 2.269190704611533701e-15 2.223366999999999981e-18
2.976106000000000140e+00 2.268084355530111740e-15 2.242437000000000142e-18
2.976501999999999981e+00 2.220597418002433699e-15 2.170935999999999894e-18
2.976897999999999822e+00 2.263521377013680955e-15 2.177456000000000072e-18
2.977294000000000107e+00 2.384266303144435721e-15 2.214763999999999812e-18
2.977689999999999948e+00 2.432114731016751706e-15 2.272252000000000164e-18
2.978085999999999789e+00 2.303388614782272020e-15 2.208104000000000188e-18
2.978482000000000074e+00 2.197762620649441930e-15 2.174382000000000083e-18
2.978877999999999915e+00 2.126830319006286345e-15 2.587283999999999814e-18
2.979274000000000200e+00 2.133303285961535432e-15 2.546726000000000110e-18
2.979670000000000041e+00 2.131242035989547834e-15 2.498706000000000192e-18
2.980065999999999882e+00 2.096358724842009938e-15 2.082567999999999826e-18
2.980462000000000167e+00 2.187067922214860149e-15 2.132518999999999985e-18
2.980858000000000008e+00 2.322460086652842135e-15 2.484763000000000019e-18
2.981253999999999849e+00 2.201287890567833425e-15 2.353540999999999855e-18
2.981650000000000134e+00 2.163731285111612698e-15 2.387281999999999929e-18
2.982045999999999975e+00 2.143825452235182944e-15 2.089749000000000096e-18
2.982441999999999815e+00 2.061430732261975341e-15 1.967887999999999832e-18
2.982838000000000100e+00 2.003164597776733938e-15 1.883617999999999817e-18
2.983233999999999941e+00 2.141053337151182020e-15 2.758934999999999872e-18
2.983629999999999782e+00 2.082225598499591605e-15 2.101472000000000137e-18
2.984026000000000067e+00 2.096306558387636316e-15 1.944929999999999942e-18
2.984421999999999908e+00 2.168338084794295050e-15 2.043106000000000089e-18
2.984818000000000193e+00 2.198468782855738234e-15 2.029438000000000094e-18
2.985214000000000034e+00 2.145596846060950640e-15 1.963224999999999813e-18
2.985609999999999875e+00 2.169117662077211240e-15 1.958979999999999879e-18
2.986006000000000160e+00 2.227363552267742901e-15 2.004025000000000012e-18
2.986402000000000001e+00 2.077536061042280648e-15 1.952981999999999859e-18
2.986797999999999842e+00 1.996148083752228585e-15 1.916983999999999999e-18
2.987194000000000127e+00 2.016715125056479139e-15 1.912725999999999863e-18
2.987589999999999968e+00 1.949424446412922082e-15 1.874132000000000082e-18
2.987985999999999809e+00 2.002431686966534954e-15 1.896410999999999808e-18
2.988382000000000094e+00 1.996686250105097566e-15 1.895463999999999901e-18
2.988777999999999935e+00 1.810432453910836775e-15 1.794974999999999957e-18
2.989174000000000220e+00 1.753079460013859280e-15 1.783343000000000172e-18
2.989570000000000061e+00 1.871752153817065307e-15 1.838472000000000073e-18
2.989965999999999902e+00 2.023964038791601092e-15 1.937026000000000188e-18
2.990362000000000187e+00 2.067755104609403403e-15 1.959016000000000023e-18
2.990758000000000028e+00 2.005773435716161480e-15 1.937763000000000156e-18
2.991153999999999868e+00 2.043381327586110717e-15 1.980880000000000125e-18
2.991550000000000153e+00 2.121687780753067500e-15 2.099375000000000048e-18
2.991945999999999994e+00 2.061968516263970261e-15 2.066606999999999900e-18
2.992341999999999835e+00 2.090546164385329759e-15 2.088542000000000007e-18
2.992738000000000120e+00 2.152869817352486411e-15 2.075285999999999944e-18
2.993133999999999961e+00 2.114779694782359268e-15 2.047812999999999813e-18
2.993529999999999802e+00 2.132651130376734574e-15 2.036615999999999903e-18
2.993926000000000087e+00 2.210667761158563030e-15 2.128019000000000124e-18
2.994321999999999928e+00 2.259046984554338205e-15 2.171678000000000117e-18
2.994718000000000213e+00 2.226704307043381756e-15 2.165063999999999991e-18
2.995114000000000054e+00 2.154293112968411779e-15 2.088709000000000138e-18
2.995509999999999895e+00 2.196447383196266880e-15 2.154447999999999939e-18
2.995906000000000180e+00 2.211636853275571711e-15 2.162812999999999972e-18
2.996302000000000021e+00 2.111780685186965602e-15 2.121776999999999815e-18
2.996697999999999862e+00 2.021317359921064171e-15 2.177956000000000184e-18
2.997094000000000147e+00 2.087023462389525855e-15 2.206497999999999982e-18
2.997489999999999988e+00 2.173475760807438917e-15 2.206819999999999941e-18
2.997885999999999829e+00 2.157631917096003788e-15 2.231979999999999890e-18
2.998282000000000114e+00 2.118023612287104379e-15 2.221769000000000107e-18
2.998677999999999955e+00 1.977200320556993587e-15 2.172786000000000003e-18
2.999073999999999796e+00 2.022633840523622983e-15 2.231639999999999860e-18
2.999470000000000081e+00 2.233068819132560297e-15 2.368307999999999894e-18
2.999865999999999921e+00 2.301921965444898797e-15 2.437390999999999991e-18
3.000262000000000207e+00 2.232423054829010788e-15 2.444663000000000132e-18
3.000658000000000047e+00 2.108143448547278866e-15 2.394340000000000157e-18
3.001053999999999888e+00 2.052635155890666803e-15 2.394697999999999874e-18
3.001450000000000173e+00 2.111837905436520914e-15 2.445654000000000129e-18
3.001846000000000014e+00 2.073793747219400830e-15 2.446930000000000044e-18
3.002241999999999855e+00 2.069207827707861248e-15 2.445560000000000182e-18
3.002638000000000140e+00 2.149085938719749671e-15 2.512686999999999917e-18
3.003033999999999981e+00 2.106157033042257497e-15 2.485938999999999834e-18
3.003429999999999822e+00 1.959114888930059183e-15 2.354242999999999961e-18
3.003826000000000107e+00 1.971273526711228175e-15 2.369885000000000005e-18
3.004221999999999948e+00 2.084836854263161657e-15 2.430831999999999978e-18
3.004617999999999789e+00 2.048791771152636997e-15 2.464557000000000159e-18
3.005014000000000074e+00 1.998042656533800339e-15 2.443285999999999835e-18
3.005409999999999915e+00 1.994851146931409425e-15 2.416300000000000000e-18
3.005806000000000200e+00 1.990909519669192293e-15 2.374133000000000015e-18
3.006202000000000041e+00 2.044657283278661006e-15 2.416572999999999999e-18
3.006597999999999882e+00 1.979663610109888371e-15 2.378529000000000188e-18
3.006994000000000167e+00 1.879652218720018039e-15 2.290583000000000178e-18
3.007390000000000008e+00 1.853833852102452844e-15 2.256498999999999998e-18
3.007785999999999849e+00 1.774178751581444047e-15 2.196479999999999964e-18
3.008182000000000134e+00 1.734646802728833046e-15 2.169558999999999982e-18
3.008577999999999975e+00 1.839369266537234592e-15 2.228512999999999938e-18
3.008973999999999815e+00 1.920929956189645874e-15 2.645819000000000173e-18
3.009370000000000100e+00 1.828524992452420513e-15 2.216082999999999920e-18
3.009765999999999941e+00 1.817308184679708936e-15 2.183889999999999863e-18
3.010161999999999782e+00 1.788297510370322413e-15 2.163262999999999842e-18
3.010558000000000067e+00 1.894974291405002807e-15 2.196875000000000107e-18
3.010953999999999908e+00 1.944497651834163108e-15 2.224889999999999876e-18
3.011350000000000193e+00 1.950300900559163537e-15 2.205846000000000118e-18
3.011746000000000034e+00 1.994594680472468399e-15 2.225725000000000150e-18
3.012141999999999875e+00 1.999207361153818411e-15 2.193300000000000108e-18
3.012538000000000160e+00 2.010497130838781162e-15 2.213349999999999859e-18
3.012934000000000001e+00 2.021199802722818716e-15 2.202099000000000118e-18
3.013329999999999842e+00 2.069463959627704573e-15 2.189729000000000083e-18
3.013726000000000127e+00 2.108393511509404177e-15 2.227774000000000176e-18
3.014121999999999968e+00 2.116582590963190584e-15 2.221316000000000160e-18
3.014517999999999809e+00 2.229190018559361544e-15 2.302202000000000147e-18
3.014914000000000094e+00 2.388902896426972560e-15 2.373493999999999968e-18
3.015309999999999935e+00 2.304203570744098570e-15 2.320161999999999857e-18
3.015706000000000220e+00 2.159382246564645638e-15 2.246032999999999903e-18
3.016102000000000061e+00 2.133313484123084184e-15 2.202471999999999831e-18
3.016497999999999902e+00 2.166465025346162013e-15 2.296961999999999858e-18
3.016894000000000187e+00 2.121922084206905272e-15 2.193510999999999945e-18
3.017290000000000028e+00 2.055681552244573568e-15 2.096907999999999936e-18
3.017685999999999868e+00 2.008154938627620655e-15 2.031604999999999907e-18
3.018082000000000154e+00 2.108060579668460375e-15 2.140374000000000164e-18
3.018477999999999994e+00 2.170811392708382748e-15 2.144982999999999967e-18
3.018873999999999835e+00 2.203048290394500746e-15 2.141254999999999936e-18
3.019270000000000120e+00 2.163539151625606657e-15 2.098723000000000184e-18
3.019665999999999961e+00 2.100349983757657576e-15 2.067532000000000147e-18
3.020061999999999802e+00 2.175099899608214008e-15 2.408394000000000067e-18
3.020458000000000087e+00 2.071689612449190668e-15 2.373502999999999811e-18
3.020853999999999928e+00 2.100638389325574853e-15 2.069828000000000154e-18
3.021250000000000213e+00 2.203984814862774383e-15 2.140869999999999918e-18
3.021646000000000054e+00 2.051833410146609633e-15 2.063120000000000081e-18
3.022041999999999895e+00 1.851568759592083631e-15 1.985391000000000008e-18
3.022438000000000180e+00 1.783678307302311984e-15 1.893118000000000037e-18
3.022834000000000021e+00 1.894732079079043888e-15 1.948321000000000019e-18
3.023229999999999862e+00 2.074518429070612912e-15 2.071472999999999809e-18
3.023626000000000147e+00 1.947478586943150287e-15 1.978705999999999877e-18
3.024021999999999988e+00 1.870854376048400502e-15 1.977357000000000163e-18
3.024417999999999829e+00 1.958368851179424085e-15 2.030494999999999841e-18
3.024814000000000114e+00 2.007404814368906701e-15 2.376375000000000191e-18
3.025209999999999955e+00 1.990079829383418642e-15 2.409998999999999990e-18
3.025605999999999796e+00 1.986737902231924158e-15 2.447768000000000009e-18
3.026002000000000081e+00 1.905494967165885871e-15 2.173133000000000083e-18
3.026397999999999922e+00 1.825302532751166840e-15 2.131441000000000089e-18
3.026794000000000207e+00 1.905066718141868716e-15 2.174285999999999957e-18
3.027190000000000047e+00 2.106414405839543089e-15 2.280458000000000011e-18
3.027585999999999888e+00 2.208867767297057589e-15 2.375033000000000141e-18
3.027982000000000173e+00 2.113191135380603419e-15 2.286285999999999823e-18
3.028378000000000014e+00 1.989174192051617744e-15 2.222787999999999916e-18
3.028773999999999855e+00 1.979289441798411925e-15 2.289914000000000140e-18
3.029170000000000140e+00 1.902871171612348348e-15 2.186254000000000184e-18
3.029565999999999981e+00 1.851260240199825160e-15 2.141949999999999993e-18
3.029961999999999822e+00 1.855085165242216209e-15 2.206999999999999889e-18
3.030358000000000107e+00 1.912618024869758933e-15 2.232274000000000037e-18
3.030753999999999948e+00 2.037925710271669445e-15 2.333268999999999860e-18
3.031149999999999789e+00 1.993759853647893104e-15 2.258313999999999861e-18
3.031546000000000074e+00 1.905104022996589320e-15 2.204967000000000140e-18
3.031941999999999915e+00 1.952159541810219075e-15 2.257212000000000127e-18
3.032338000000000200e+00 2.128722705497089175e-15 2.349740999999999922e-18
3.032734000000000041e+00 2.182959640367841444e-15 2.293674999999999853e-18
3.033129999999999882e+00 2.136357832492881185e-15 2.265899000000000118e-18
3.033526000000000167e+00 2.109776237541845546e-15 2.311336999999999829e-18
3.033922000000000008e+00 2.035855882818110393e-15 2.355230999999999882e-18
3.034317999999999849e+00 2.054784290120180049e-15 2.332937000000000161e-18
3.034714000000000134e+00 2.151409395307689375e-15 2.377060000000000123e-18
3.035109999999999975e+00 2.071824976505040605e-15 2.402657000000000126e-18
3.035505999999999815e+00 1.986401663361992048e-15 2.382179000000000165e-18
3.035902000000000100e+00 2.031010949383864991e-15 2.404801999999999894e-18
3.036297999999999941e+00 2.085436566775323232e-15 2.469718000000000111e-18
3.036693999999999782e+00 2.067342294842205104e-15 2.481345999999999924e-18
3.037090000000000067e+00 2.059077374147235447e-15 2.715384999999999823e-18
3.037485999999999908e+00 2.139071148402046725e-15 3.110735000000000188e-18
3.037882000000000193e+00 2.158674866452236860e-15 3.244275999999999915e-18
3.038278000000000034e+00 2.082154622970912171e-15 3.203798999999999957e-18
3.038673999999999875e+00 2.011449162872660780e-15 3.119670999999999953e-18
3.039070000000000160e+00 1.988774147153928114e-15 3.070156999999999848e-18
3.039466000000000001e+00 1.985753283635402939e-15 3.000031000000000103e-18
3.039861999999999842e+00 2.120352975203913531e-15 3.162337000000000154e-18
3.040258000000000127e+00 2.171746934776371341e-15 3.224424000000000185e-18
3.040653999999999968e+00 2.140872789793077355e-15 3.096182000000000062e-18
3.041049999999999809e+00 2.081160624829004898e-15 2.497966000000000148e-18
3.041446000000000094e+00 2.067990407713399723e-15 2.246290999999999906e-18
3.041841999999999935e+00 2.136772545603761936e-15 2.267777000000000039e-18
3.042238000000000220e+00 2.153587569725810486e-15 2.253155000000000088e-18
3.042634000000000061e+00 2.039363907045108247e-15 2.167969999999999951e-18
3.043029999999999902e+00 1.940931621685654421e-15 2.124556000000000145e-18
3.043426000000000187e+00 1.905319690612257058e-15 2.094700000000000109e-18
3.043822000000000028e+00 1.916358129215644856e-15 2.103852999999999863e-18
3.044217999999999869e+00 1.926994223272859857e-15 2.124442999999999844e-18
3.044614000000000154e+00 1.846214204046542192e-15 2.087228000000000154e-18
3.045009999999999994e+00 1.826313717288958814e-15 2.072120000000000188e-18
3.045405999999999835e+00 1.918408382434712927e-15 2.142967999999999905e-18
3.045802000000000120e+00 1.903748573909935516e-15 2.120305000000000059e-18
3.046197999999999961e+00 1.828440876207908972e-15 2.064034999999999818e-18
3.046593999999999802e+00 1.961429208411222845e-15 2.298629999999999840e-18
3.046990000000000087e+00 nan nan
3.047385999999999928e+00 nan nan
3.047782000000000213e+00 1.942410166515755911e-15 2.360252000000000004e-18
3.048178000000000054e+00 1.897139369889820994e-15 2.143064999999999928e-18
3.048573999999999895e+00 1.975488504081597043e-15 2.264591999999999929e-18
3.048970000000000180e+00 2.012232352151670906e-15 2.201667999999999831e-18
3.049366000000000021e+00 1.872267907412251780e-15 2.062937000000000057e-18
3.049761999999999862e+00 1.731202461737690731e-15 1.936202999999999835e-18
3.050158000000000147e+00 1.811771261695775263e-15 1.964933999999999809e-18
3.050553999999999988e+00 1.944349484917866785e-15 2.027591000000000060e-18
3.050949999999999829e+00 1.904390442645337453e-15 1.982551000000000183e-18
3.051346000000000114e+00 1.887518533016939190e-15 1.951634000000000042e-18
3.051741999999999955e+00 1.967558347200806228e-15 1.966951999999999947e-18
3.052137999999999796e+00 1.975290285706329236e-15 2.019439000000000044e-18
3.052534000000000081e+00 1.888059196263372083e-15 1.905817000000000080e-18
3.052929999999999922e+00 1.810838350855338566e-15 1.863299000000000041e-18
3.053326000000000207e+00 1.884948139950281974e-15 1.896349000000000031e-18
3.053722000000000047e+00 2.001260868561775169e-15 1.950396000000000064e-18
3.054117999999999888e+00 2.003415525069819060e-15 1.932338000000000048e-18
3.054514000000000173e+00 2.009505932869904107e-15 1.904441000000000065e-18
3.054910000000000014e+00 2.051621661109428431e-15 1.920150000000000140e-18
3.055305999999999855e+00 2.187018765277127243e-15 2.014312999999999953e-18
3.055702000000000140e+00 2.355274850939247400e-15 2.094615000000000005e-18
3.056097999999999981e+00 2.335970699626997617e-15 2.117376000000000157e-18
3.056493999999999822e+00 2.204254916712259056e-15 2.032994000000000123e-18
3.056890000000000107e+00 2.117598210050979606e-15 1.968604000000000037e-18
3.057285999999999948e+00 2.144271956738733918e-15 1.987503999999999990e-18
3.057681999999999789e+00 2.121311447139911312e-15 1.984995999999999865e-18
3.058078000000000074e+00 2.072741221493537739e-15 1.959864000000000113e-18
3.058473999999999915e+00 2.041989924550420567e-15 1.954759000000000169e-18
3.058870000000000200e+00 1.929729300077085150e-15 1.891060000000000167e-18
3.059266000000000041e+00 1.935089233073452766e-15 1.905926999999999920e-18
3.059661999999999882e+00 2.063387611882547352e-15 1.986042999999999871e-18
3.060058000000000167e+00 2.108411247677893706e-15 2.029512000000000175e-18
3.060454000000000008e+00 2.057862471689088286e-15 2.024289999999999958e-18
3.060849999999999849e+00 2.049738478205727520e-15 2.012065999999999906e-18
3.061246000000000134e+00 2.023918473065934571e-15 2.032238000000000187e-18
3.061641999999999975e+00 2.028364246213446467e-15 2.028388999999999908e-18
3.062037999999999816e+00 2.015439976009923271e-15 2.030411999999999916e-18
3.062434000000000101e+00 2.150348780404970569e-15 2.466088000000000001e-18
3.062829999999999941e+00 2.202156829427279145e-15 2.167782999999999954e-18
3.063225999999999782e+00 2.208666677804147551e-15 2.175748999999999869e-18
3.063622000000000067e+00 2.118371666542921450e-15 2.238377000000000026e-18
3.064017999999999908e+00 1.997199700546439853e-15 2.188596000000000075e-18
3.064414000000000193e+00 1.888786796184037873e-15 2.141261000000000088e-18
3.064810000000000034e+00 1.963541170633103218e-15 2.196521999999999874e-18
3.065205999999999875e+00 1.950487986094412210e-15 2.169309999999999822e-18
3.065602000000000160e+00 1.872072087056145919e-15 2.071041999999999907e-18
3.065998000000000001e+00 1.937215115569837267e-15 2.143845999999999986e-18
3.066393999999999842e+00 1.993810570759869720e-15 2.319619999999999834e-18
3.066790000000000127e+00 2.043851846906103635e-15 2.247207999999999822e-18
3.067185999999999968e+00 2.141104814858005770e-15 2.351464999999999913e-18
3.067581999999999809e+00 2.090186202903046040e-15 2.244075000000000133e-18
3.067978000000000094e+00 2.104372114310330790e-15 2.311851999999999938e-18
3.068373999999999935e+00 2.146424876443369518e-15 2.336658000000000143e-18
3.068770000000000220e+00 2.100535713366956156e-15 2.309495999999999948e-18
3.069166000000000061e+00 1.968505415526040209e-15 2.294126999999999903e-18
3.069561999999999902e+00 1.905704595626169925e-15 2.305415999999999967e-18
3.069958000000000187e+00 1.951816788215279922e-15 2.353954999999999967e-18
3.070354000000000028e+00 1.918396864941673148e-15 2.296515000000000063e-18
3.070749999999999869e+00 1.792622551869093367e-15 2.175014999999999978e-18
3.071146000000000154e+00 1.722786565603192396e-15 2.204048999999999942e-18
3.071541999999999994e+00 1.847495772401939182e-15 2.329119000000000156e-18
3.071937999999999835e+00 1.847874546655220846e-15 2.332761000000000186e-18
3.072334000000000120e+00 1.854569853821670287e-15 2.338891999999999988e-18
3.072729999999999961e+00 1.891815352175911576e-15 2.472507000000000182e-18
3.073125999999999802e+00 1.880518015976119128e-15 2.500117999999999965e-18
3.073522000000000087e+00 1.866609493419457879e-15 2.454591000000000177e-18
3.073917999999999928e+00 1.934229205229508057e-15 2.492829000000000034e-18
3.074314000000000213e+00 1.958108207566996880e-15 2.520240000000000003e-18
3.074710000000000054e+00 1.921413258023857285e-15 2.479218999999999842e-18
3.075105999999999895e+00 1.878657985237695633e-15 2.432633000000000127e-18
3.075502000000000180e+00 1.899793778322063038e-15 2.429449999999999811e-18
3.075898000000000021e+00 2.100550563973907402e-15 2.538530000000000004e-18
3.076293999999999862e+00 2.155569578921127119e-15 2.509762999999999886e-18
3.076690000000000147e+00 2.115830807810520266e-15 2.470886999999999878e-18
3.077085999999999988e+00 2.110053417061234990e-15 2.362342999999999941e-18
3.077481999999999829e+00 2.020868095066852794e-15 2.265831000000000189e-18
3.077878000000000114e+00 2.029607917358977545e-15 2.251835999999999979e-18
3.078273999999999955e+00 2.129776986327804186e-15 2.321423000000000162e-18
3.078669999999999796e+00 2.216463745565797709e-15 2.351673999999999956e-18
3.079066000000000081e+00 2.289952644882698338e-15 2.391062999999999893e-18
3.079461999999999922e+00 2.226101567650340458e-15 2.397381000000000078e-18
3.079858000000000207e+00 2.188292581069922023e-15 2.407580999999999839e-18
3.080254000000000048e+00 2.178342804859440074e-15 2.350367000000000152e-18
3.080649999999999888e+00 2.085337942208231172e-15 2.342485000000000058e-18
3.081046000000000173e+00 2.018315014539495088e-15 2.238116999999999844e-18
3.081442000000000014e+00 2.105775683620132847e-15 2.269408999999999878e-18
3.081837999999999855e+00 2.176722698104856245e-15 2.428150999999999954e-18
3.082234000000000140e+00 2.057917988953140249e-15 2.349605000000000064e-18
3.082629999999999981e+00 1.982824848669227602e-15 2.233541000000000109e-18
3.083025999999999822e+00 1.969025651590005128e-15 2.205880999999999980e-18
3.083422000000000107e+00 1.863868793626119327e-15 2.159053000000000155e-18
3.083817999999999948e+00 1.909704867444056115e-15 2.185864999999999809e-18
3.084213999999999789e+00 2.095351469473780226e-15 2.300388000000000181e-18
3.084610000000000074e+00 2.133111943567539145e-15 2.277800999999999825e-18
3.085005999999999915e+00 2.083230506512815557e-15 2.272576999999999814e-18
3.085402000000000200e+00 2.142805098958285015e-15 2.255754000000000084e-18
3.085798000000000041e+00 2.152199357629521359e-15 2.285813999999999907e-18
3.086193999999999882e+00 2.037553561056933882e-15 2.207350000000000045e-18
3.086590000000000167e+00 2.045316077156998731e-15 2.165823000000000004e-18
3.086986000000000008e+00 2.055437075113101218e-15 2.195656999999999995e-18
3.087381999999999849e+00 2.031248810817892801e-15 2.164230999999999897e-18
3.087778000000000134e+00 2.036100319350353357e-15 2.169935000000000156e-18
3.088173999999999975e+00 2.009843645455103786e-15 2.179083999999999937e-18
3.088569999999999816e+00 1.964398992969579625e-15 2.152071000000000187e-18
3.088966000000000101e+00 1.943712753780881026e-15 2.115394000000000162e-18
3.089361999999999941e+00 1.892047242752227775e-15 2.067369999999999886e-18
3.089757999999999782e+00 1.846386510538438835e-15 2.033847000000000083e-18
3.090154000000000067e+00 1.916466225640373270e-15 2.070668999999999809e-18
3.090549999999999908e+00 2.006132383866044482e-15 2.107698000000000169e-18
3.090946000000000193e+00 1.974613597560540042e-15 2.083403999999999996e-18
3.091342000000000034e+00 1.907769939538608910e-15 2.017192999999999894e-18
3.091737999999999875e+00 1.876118965469400236e-15 1.937009000000000013e-18
3.092134000000000160e+00 1.877332978735601449e-15 1.886877000000000009e-18
3.092530000000000001e+00 1.965205440369046754e-15 1.953108999999999874e-18
3.092925999999999842e+00 2.001347964496709939e-15 1.961582999999999849e-18
3.093322000000000127e+00 1.920366836968123808e-15 1.919085999999999959e-18
3.093717999999999968e+00 1.926838902409799049e-15 1.911536999999999846e-18
3.094113999999999809e+00 2.054912376466325641e-15 2.026889999999999851e-18
3.094510000000000094e+00 2.055405679934956440e-15 2.145091999999999910e-18
3.094905999999999935e+00 1.946351545188129009e-15 2.050537999999999928e-18
3.095302000000000220e+00 1.866306626348687845e-15 1.920255000000000110e-18
3.095698000000000061e+00 1.763988752069653817e-15 1.856852000000000048e-18
3.096093999999999902e+00 1.839764541865143786e-15 1.935175000000000182e-18
3.096490000000000187e+00 1.991416287907286324e-15 2.039710000000000142e-18
3.096886000000000028e+00 1.892392660915551458e-15 1.963551000000000130e-18
3.097281999999999869e+00 1.866461881814025507e-15 1.969161000000000056e-18
3.097678000000000154e+00 1.937036858841503516e-15 2.047359999999999866e-18
3.098073999999999995e+00 1.962122307348830585e-15 2.063374000000000111e-18
3.098469999999999835e+00 1.979728592081138311e-15 2.087367999999999985e-18
3.098866000000000120e+00 1.952008588527454843e-15 2.041730999999999971e-18
3.099261999999999961e+00 1.980355654409519953e-15 2.080974999999999822e-18
3.099657999999999802e+00 2.076489232547734451e-15 2.145820000000000034e-18
3.100054000000000087e+00 2.061900528366189135e-15 2.135733000000000190e-18
3.100449999999999928e+00 2.030890076579057095e-15 2.155190000000000162e-18
3.100846000000000213e+00 2.119234527675935603e-15 2.223072999999999834e-18
3.101242000000000054e+00 2.207584385677698837e-15 2.204834999999999870e-18
3.101637999999999895e+00 2.254512286532147747e-15 2.262321000000000043e-18
3.102034000000000180e+00 2.135519807685848602e-15 2.155950999999999969e-18
3.102430000000000021e+00 2.015065717319872098e-15 2.159499999999999949e-18
3.102825999999999862e+00 1.911622383545714464e-15 2.055728999999999872e-18
3.103222000000000147e+00 1.998803529195877213e-15 2.172505999999999955e-18
3.103617999999999988e+00 1.991398364194726720e-15 2.117419999999999862e-18
3.104013999999999829e+00 2.072493666841548460e-15 2.195275999999999950e-18
3.104410000000000114e+00 2.089174285347787082e-15 2.232542000000000165e-18
3.104805999999999955e+00 2.087435923480240729e-15 2.198673000000000180e-18
3.105201999999999796e+00 2.050060447461637640e-15 2.199436000000000166e-18
3.105598000000000081e+00 1.980972468895112612e-15 2.151355999999999879e-18
3.105993999999999922e+00 1.923257968608543225e-15 2.148942999999999983e-18
3.106390000000000207e+00 1.871233689496345803e-15 2.094937999999999861e-18
3.106786000000000048e+00 1.946508153694490902e-15 2.190563000000000074e-18
3.107181999999999888e+00 2.070199120274214120e-15 2.254416999999999904e-18
3.107578000000000173e+00 2.074777523600185467e-15 2.275930999999999850e-18
3.107974000000000014e+00 1.863464279468408458e-15 2.128293000000000020e-18
3.108369999999999855e+00 1.896272822282286845e-15 2.196834999999999990e-18
3.108766000000000140e+00 1.965023992542158107e-15 2.224974000000000083e-18
3.109161999999999981e+00 1.883417962255414975e-15 2.152249999999999853e-18
3.109557999999999822e+00 1.994959506268004832e-15 2.211635000000000096e-18
3.109954000000000107e+00 2.150622993631751211e-15 2.312596999999999852e-18
3.110349999999999948e+00 2.073433139264141551e-15 2.270665999999999824e-18
3.110745999999999789e+00 1.963083210827255313e-15 2.208296999999999952e-18
3.111142000000000074e+00 1.938476901652430943e-15 2.196985999999999844e-18
3.111537999999999915e+00 1.997212975310326267e-15 2.210547000000000075e-18
3.111934000000000200e+00 2.014361648962753969e-15 2.214339000000000062e-18
3.112330000000000041e+00 1.989484938393647306e-15 2.190960000000000011e-18
3.112725999999999882e+00 2.024387887695304340e-15 2.203409999999999895e-18
3.113122000000000167e+00 1.988403616280683599e-15 2.179977000000000014e-18
3.113518000000000008e+00 1.900460256665679875e-15 2.136431999999999834e-18
3.113913999999999849e+00 1.853056959662498420e-15 2.119770999999999981e-18
3.114310000000000134e+00 1.868519384279913913e-15 2.132252000000000139e-18
3.114705999999999975e+00 1.802486137210039713e-15 2.087524000000000094e-18
3.115101999999999816e+00 1.832491266364460455e-15 2.097643000000000110e-18
3.115498000000000101e+00 1.960282603211945685e-15 2.150394999999999873e-18
3.115893999999999942e+00 2.079026763577167451e-15 2.205201999999999816e-18
3.116289999999999782e+00 2.024596993553373808e-15 2.155064999999999942e-18
3.116686000000000067e+00 1.998640698249905715e-15 2.139934999999999930e-18
3.117081999999999908e+00 2.118813008262873125e-15 2.226848000000000032e-18
3.117478000000000193e+00 2.083123970104279809e-15 2.216108000000000041e-18
3.117874000000000034e+00 1.913650332041488585e-15 2.123517999999999981e-18
3.118269999999999875e+00 1.868709425783604777e-15 2.103039000000000123e-18
3.118666000000000160e+00 1.870392555522596626e-15 2.030601999999999990e-18
3.119062000000000001e+00 1.914617544183362501e-15 2.049149999999999993e-18
3.119457999999999842e+00 1.983333656879267399e-15 2.075289000000000020e-18
3.119854000000000127e+00 2.057190897454764785e-15 2.085592999999999854e-18
3.120249999999999968e+00 2.069193422373770993e-15 2.089884000000000057e-18
3.120645999999999809e+00 2.041497362991234161e-15 2.085710000000000128e-18
3.121042000000000094e+00 1.975446260718047293e-15 2.030149999999999940e-18
3.121437999999999935e+00 1.983650488519899834e-15 2.049819999999999929e-18
3.121834000000000220e+00 2.032428714398982268e-15 2.077727999999999935e-18
3.122230000000000061e+00 2.129163098755804541e-15 2.163406000000000135e-18
3.122625999999999902e+00 2.076961539684189248e-15 2.108455000000000002e-18
3.123022000000000187e+00 2.029634623513404013e-15 2.047115000000000065e-18
3.123418000000000028e+00 2.127625228273783302e-15 2.113196000000000076e-18
3.123813999999999869e+00 2.146833811411957999e-15 2.108959000000000088e-18
3.124210000000000154e+00 2.029264392900664585e-15 2.059489999999999971e-18
3.124605999999999995e+00 1.950176248966335788e-15 2.004971000000000022e-18
3.125001999999999835e+00 2.020203304597978898e-15 2.009749000000000136e-18
3.125398000000000120e+00 2.117651270360116359e-15 2.078011999999999956e-18
3.125793999999999961e+00 2.103992150096459648e-15 2.093594999999999914e-18
3.126189999999999802e+00 2.097015849198946719e-15 2.079877999999999958e-18
3.126586000000000087e+00 2.150240806706765119e-15 2.113700000000000162e-18
3.126981999999999928e+00 2.141887824456535755e-15 2.094267000000000028e-18
3.127378000000000213e+00 2.077496093109368078e-15 2.046867000000000188e-18
3.127774000000000054e+00 2.023553590903045425e-15 2.040725999999999875e-18
3.128169999999999895e+00 1.987276957276045915e-15 2.019621000000000171e-18
3.128566000000000180e+00 1.939621268061379767e-15 1.981368999999999830e-18
3.128962000000000021e+00 1.925096203788954500e-15 2.001058000000000172e-18
3.129357999999999862e+00 1.888596451088207399e-15 2.067432000000000047e-18
3.129754000000000147e+00 1.840087619954180911e-15 2.044699000000000093e-18
3.130149999999999988e+00 1.808678050672556374e-15 2.020146999999999917e-18
3.130545999999999829e+00 1.824354341624527847e-15 2.028122000000000062e-18
3.130942000000000114e+00 1.908457843009448194e-15 2.090187000000000047e-18
3.131337999999999955e+00 1.939981846455631863e-15 2.098776000000000117e-18
3.131733999999999796e+00 1.985715148074735594e-15 2.076529000000000177e-18
3.132130000000000081e+00 2.082053568660734796e-15 2.118147999999999986e-18
3.132525999999999922e+00 2.017746844746914761e-15 2.108297999999999996e-18
3.132922000000000207e+00 1.834825651411591127e-15 1.977351999999999907e-18
3.133318000000000048e+00 1.833933477185733167e-15 1.962580999999999896e-18
3.133713999999999889e+00 1.935327716254412149e-15 1.985851000000000004e-18
3.134110000000000174e+00 2.035817602952581387e-15 2.028683999999999951e-18
3.134506000000000014e+00 2.106887522382680071e-15 2.073940999999999818e-18
3.134901999999999855e+00 2.018943186981165634e-15 2.036884999999999928e-18
3.135298000000000140e+00 1.915676461677047530e-15 1.954461000000000050e-18
3.135693999999999981e+00 1.888630012479376890e-15 1.978824999999999946e-18
3.136089999999999822e+00 2.012665702926064967e-15 2.061139999999999881e-18
3.136486000000000107e+00 2.229145044671615002e-15 2.170771999999999838e-18
3.136881999999999948e+00 2.273618511713656277e-15 2.236982999999999940e-18
3.137277999999999789e+00 2.058940930811405086e-15 2.110093999999999890e-18
3.137674000000000074e+00 1.922081344806447475e-15 2.030649000000000156e-18
3.138069999999999915e+00 1.824603977787095455e-15 1.967800000000000037e-18
3.138466000000000200e+00 1.875435536634610886e-15 2.006041999999999868e-18
3.138862000000000041e+00 1.999846446158443614e-15 2.085318000000000062e-18
3.139257999999999882e+00 2.102672866410934709e-15 2.133832999999999838e-18
3.139654000000000167e+00 2.080125771975258119e-15 2.129979999999999971e-18
3.140050000000000008e+00 2.136413541022710924e-15 2.243140000000000145e-18
3.140445999999999849e+00 2.119604678453640059e-15 2.316003999999999821e-18
3.140842000000000134e+00 1.996300748198318586e-15 2.146587999999999890e-18
3.141237999999999975e+00 1.952092280502784164e-15 2.047549999999999940e-18
3.141633999999999816e+00 1.853723967700206341e-15 1.988415000000000139e-18
3.142030000000000101e+00 1.830639743941122804e-15 1.930838999999999992e-18
3.142425999999999942e+00 2.003528726332173738e-15 2.046118999999999813e-18
3.142821999999999782e+00 2.136189666245981512e-15 2.109044000000000192e-18
3.143218000000000067e+00 1.991149162953160530e-15 2.058824999999999905e-18
3.143613999999999908e+00 1.858207462116072775e-15 1.972264000000000139e-18
3.144010000000000193e+00 1.950489407044446609e-15 2.034251000000000070e-18
3.144406000000000034e+00 2.031913961440898220e-15 2.073512000000000095e-18
3.144801999999999875e+00 2.089379662556520803e-15 2.090666999999999909e-18
3.145198000000000160e+00 2.122082811737937339e-15 2.141463000000000081e-18
3.145594000000000001e+00 2.156223454102041928e-15 2.155673000000000100e-18
3.145989999999999842e+00 2.103345519002668567e-15 2.296347999999999932e-18
3.146386000000000127e+00 2.011354346628800398e-15 2.089368999999999949e-18
3.146781999999999968e+00 2.032710816587299866e-15 2.125005000000000118e-18
3.147177999999999809e+00 2.062998723402123610e-15 2.251663000000000080e-18
3.147574000000000094e+00 2.002691327129594272e-15 2.251597999999999842e-18
3.147969999999999935e+00 1.984782593445793941e-15 2.215906000000000048e-18
3.148366000000000220e+00 2.124993855961912079e-15 2.256533999999999860e-18
3.148762000000000061e+00 2.077755317472006993e-15 2.253037999999999813e-18
3.149157999999999902e+00 2.017700792176867471e-15 2.244790999999999952e-18
3.149554000000000187e+00 1.957542218775595035e-15 2.229294999999999893e-18
3.149950000000000028e+00 1.928460097786615418e-15 2.286403999999999994e-18
3.150345999999999869e+00 1.998774071462409271e-15 2.355961000000000186e-18
3.150742000000000154e+00 2.079639316981821066e-15 2.403963999999999930e-18
3.151137999999999995e+00 2.191931406619152633e-15 2.503267999999999829e-18
3.151533999999999835e+00 2.235686548570958825e-15 2.542748000000000023e-18
3.151930000000000121e+00 2.056125358804061419e-15 2.410873999999999995e-18
3.152325999999999961e+00 1.993036623404583601e-15 2.311990999999999872e-18
3.152721999999999802e+00 2.013095019792489767e-15 2.354706000000000034e-18
3.153118000000000087e+00 1.990870952706028944e-15 2.485129999999999964e-18
3.153513999999999928e+00 2.010656607929438164e-15 2.360180000000000102e-18
3.153910000000000213e+00 1.942111923150132977e-15 2.283999999999999942e-18
3.154306000000000054e+00 1.940016053300607279e-15 2.310404000000000021e-18
3.154701999999999895e+00 1.982454712651540612e-15 2.375647999999999964e-18
3.155098000000000180e+00 2.004489634598951423e-15 2.364848999999999888e-18
3.155494000000000021e+00 1.904739373351849849e-15 2.229605999999999829e-18
3.155889999999999862e+00 1.910021333484967762e-15 2.217888000000000042e-18
3.156286000000000147e+00 1.949568441205628871e-15 2.231735000000000089e-18
3.156681999999999988e+00 1.932967704371976346e-15 2.163017000000000144e-18
3.157077999999999829e+00 1.952579854546238426e-15 2.175477000000000153e-18
3.157474000000000114e+00 1.965059080664984691e-15 2.241286999999999959e-18
3.157869999999999955e+00 1.940075424673824749e-15 2.158329000000000004e-18
3.158265999999999796e+00 1.871789777437652409e-15 2.061968000000000105e-18
3.158662000000000081e+00 1.928334320389115039e-15 2.073465999999999826e-18
3.159057999999999922e+00 2.004659299239830603e-15 2.124915000000000144e-18
3.159454000000000207e+00 2.046838991538353835e-15 2.094570000000000018e-18
3.159850000000000048e+00 2.052588441866924899e-15 2.149037999999999827e-18
3.160245999999999889e+00 2.018419073687291611e-15 2.137698000000000009e-18
3.160642000000000174e+00 2.052142031932685041e-15 2.136786999999999861e-18
3.161038000000000014e+00 2.124277103625065935e-15 2.161345000000000189e-18
3.161433999999999855e+00 2.100528501794681150e-15 2.129032000000000166e-18
3.161830000000000140e+00 2.072284462750968411e-15 2.097302000000000182e-18
3.162225999999999981e+00 2.089475596395353921e-15 2.085232999999999958e-18
3.162621999999999822e+00 2.110133580183930790e-15 2.155214000000000001e-18
3.163018000000000107e+00 2.192239754507841461e-15 2.129617999999999895e-18
3.163413999999999948e+00 2.238804547840238847e-15 2.168176999999999815e-18
3.163809999999999789e+00 2.195627264417159431e-15 2.142776000000000037e-18
3.164206000000000074e+00 2.138778574546583929e-15 2.114550000000000046e-18
3.164601999999999915e+00 2.057301003925141063e-15 2.056026999999999991e-18
3.164998000000000200e+00 2.010824161071620843e-15 2.032883999999999898e-18
3.165394000000000041e+00 1.936578057133507016e-15 1.994396999999999881e-18
3.165789999999999882e+00 1.992064300903203814e-15 2.018187999999999865e-18
3.166186000000000167e+00 2.021035631051055983e-15 2.033440000000000021e-18
3.166582000000000008e+00 1.931673219876962451e-15 1.989067999999999900e-18
3.166977999999999849e+00 1.926841980773982206e-15 2.026203000000000126e-18
3.167374000000000134e+00 2.000556535292370531e-15 2.106731999999999908e-18
3.167769999999999975e+00 1.971122079391151621e-15 2.144514000000000128e-18
3.168165999999999816e+00 1.968828722850326343e-15 2.159387000000000033e-18
3.168562000000000101e+00 2.065696926048805741e-15 2.245583000000000033e-18
3.168957999999999942e+00 2.020724108140770687e-15 2.208663999999999898e-18
3.169353999999999782e+00 1.931886804394712653e-15 2.310179000000000086e-18
3.169750000000000068e+00 nan nan
3.170145999999999908e+00 nan nan
