2.870331999999999883e+00 nan nan
2.870997000000000021e+00 nan nan
2.871662000000000159e+00 nan nan
2.872326999999999853e+00 nan nan
2.872991999999999990e+00 nan nan
2.873657000000000128e+00 nan nan
2.874321999999999822e+00 nan nan
2.874986999999999959e+00 2.403388717608790255e-15 3.554288999999999623e-18
2.875652000000000097e+00 2.551225552909170965e-15 2.893376000000000111e-18
2.876316999999999791e+00 2.580853862647248199e-15 2.850422999999999813e-18
2.876981999999999928e+00 nan nan
2.877647000000000066e+00 2.403790009539479526e-15 2.974199999999999936e-18
2.878312000000000204e+00 2.372921225981512263e-15 2.403716999999999949e-18
2.878976999999999897e+00 2.378993680585250538e-15 2.366149000000000027e-18
2.879642000000000035e+00 2.384529085121655647e-15 2.373729000000000029e-18
2.880307000000000173e+00 2.403410260079392235e-15 2.292316999999999910e-18
2.880971999999999866e+00 2.400333792620005272e-15 2.303326999999999823e-18
2.881637000000000004e+00 2.405425638258062313e-15 2.425357000000000013e-18
2.882302000000000142e+00 2.371299011931373161e-15 2.461869999999999982e-18
2.882966999999999835e+00 2.334585950395622694e-15 2.438541000000000173e-18
2.883631999999999973e+00 2.369860229913583615e-15 2.475852999999999887e-18
2.884297000000000111e+00 2.381007560934868464e-15 2.534709999999999819e-18
2.884961999999999804e+00 2.422944085761312243e-15 2.621992999999999943e-18
2.885626999999999942e+00 2.293144422592057323e-15 2.537175000000000137e-18
2.886292000000000080e+00 2.236102690189677756e-15 2.397733999999999925e-18
2.886957000000000217e+00 2.392292534003553903e-15 2.381229000000000181e-18
2.887621999999999911e+00 2.381523090211584652e-15 2.374519999999999827e-18
2.888287000000000049e+00 2.203599213342246570e-15 2.308677999999999850e-18
2.888952000000000186e+00 2.151576428528944805e-15 2.260948000000000105e-18
2.889616999999999880e+00 2.176402341006373125e-15 2.216949000000000082e-18
2.890282000000000018e+00 2.215518905407067173e-15 2.260313000000000031e-18
2.890947000000000155e+00 2.201628264192762737e-15 2.221081000000000099e-18
2.891611999999999849e+00 2.180963676425103625e-15 2.132679000000000067e-18
2.892276999999999987e+00 2.328110488334930569e-15 2.308834999999999856e-18
2.892942000000000125e+00 2.416490615728797662e-15 2.359093999999999875e-18
2.893606999999999818e+00 2.470400785858501473e-15 2.368565000000000000e-18
2.894271999999999956e+00 2.609470572966618793e-15 2.341969999999999950e-18
2.894937000000000094e+00 2.592721791707691502e-15 2.315586000000000122e-18
2.895601999999999787e+00 2.463077323927496533e-15 2.242947999999999892e-18
2.896266999999999925e+00 nan nan
2.896932000000000063e+00 2.431141251200605346e-15 2.705898000000000191e-18
2.897597000000000200e+00 2.568227038693466544e-15 2.229424999999999983e-18
2.898261999999999894e+00 2.503834384531377082e-15 2.184707000000000065e-18
2.898927000000000032e+00 2.255048954573378916e-15 2.074922999999999972e-18
2.899592000000000169e+00 2.154380760262346319e-15 2.013831999999999809e-18
2.900256999999999863e+00 nan 2.024357999999999887e-18
2.900922000000000001e+00 nan 1.991822000000000108e-18
2.901587000000000138e+00 2.282339018115297411e-15 2.080236000000000060e-18
2.902251999999999832e+00 2.293744921773855090e-15 2.099512000000000188e-18
2.902916999999999970e+00 2.364017616466444046e-15 2.101704000000000122e-18
2.903582000000000107e+00 2.388984590565292973e-15 2.069332999999999911e-18
2.904246999999999801e+00 2.239746966424158905e-15 1.930633999999999922e-18
2.904911999999999939e+00 2.258962452328271569e-15 1.955860999999999904e-18
2.905577000000000076e+00 2.379352582217974562e-15 1.955097999999999918e-18
2.906242000000000214e+00 2.371159671174620315e-15 1.969141000000000190e-18
2.906906999999999908e+00 2.309220202037191917e-15 1.926722999999999867e-18
2.907572000000000045e+00 2.108755582619675308e-15 1.817718999999999934e-18
2.908237000000000183e+00 1.931889941927338191e-15 1.746001000000000082e-18
2.908901999999999877e+00 1.987271040657082338e-15 1.761938000000000169e-18
2.909567000000000014e+00 2.039437252965859407e-15 1.770361000000000005e-18
2.910232000000000152e+00 1.982282034369234675e-15 1.750941999999999970e-18
2.910896999999999846e+00 2.173810472017925552e-15 1.872248000000000008e-18
2.911561999999999983e+00 2.425437797605315126e-15 2.003360999999999843e-18
2.912227000000000121e+00 2.436309393111919061e-15 2.008765000000000189e-18
2.912891999999999815e+00 2.408736773356340421e-15 2.030855000000000123e-18
2.913556999999999952e+00 2.390398741079413149e-15 1.995902000000000090e-18
2.914222000000000090e+00 2.357175693411061536e-15 1.962351999999999987e-18
2.914886999999999784e+00 2.298287239723255587e-15 1.958568999999999843e-18
2.915551999999999921e+00 2.278713244618496327e-15 1.914240999999999812e-18
2.916217000000000059e+00 2.307362526443853323e-15 1.905933999999999969e-18
2.916882000000000197e+00 2.268462265842289835e-15 1.932730000000000115e-18
2.917546999999999890e+00 2.287592790344542153e-15 2.011308000000000176e-18
2.918212000000000028e+00 nan 2.024247000000000150e-18
2.918877000000000166e+00 2.336683201834562451e-15 2.029857000000000076e-18
2.919541999999999859e+00 nan nan
2.920206999999999997e+00 2.229748585318544254e-15 2.023500000000000057e-18
2.920872000000000135e+00 2.183631629544468373e-15 1.911153000000000110e-18
2.921536999999999829e+00 2.151972718570653108e-15 1.837062000000000094e-18
2.922201999999999966e+00 2.179700142898107602e-15 1.832772000000000173e-18
2.922867000000000104e+00 2.200327064863657755e-15 1.865581999999999847e-18
2.923531999999999798e+00 2.154558418317995843e-15 1.859387000000000089e-18
2.924196999999999935e+00 2.177015185602416097e-15 1.870829000000000185e-18
2.924862000000000073e+00 2.240523203006975842e-15 1.923140999999999819e-18
2.925527000000000211e+00 2.301741251162565593e-15 1.993964000000000185e-18
2.926191999999999904e+00 2.293068744334957356e-15 2.050342999999999984e-18
2.926857000000000042e+00 2.314931020328607251e-15 2.012958999999999983e-18
2.927522000000000180e+00 2.203296984463385532e-15 1.905949999999999862e-18
2.928186999999999873e+00 2.196329424041444504e-15 1.921855000000000163e-18
2.928852000000000011e+00 2.119800592763045810e-15 1.911598000000000111e-18
2.929517000000000149e+00 2.004729075769928151e-15 1.834942000000000062e-18
2.930181999999999842e+00 2.165656206679931820e-15 1.891117000000000073e-18
2.930846999999999980e+00 2.357272228729627210e-15 2.001969999999999833e-18
2.931512000000000118e+00 2.389414846382586637e-15 2.020427999999999862e-18
2.932176999999999811e+00 2.364517939852382814e-15 2.056712999999999820e-18
2.932841999999999949e+00 2.436672263073714277e-15 2.062231999999999875e-18
2.933507000000000087e+00 2.388084955251519859e-15 2.080583000000000140e-18
2.934171999999999780e+00 2.357349730468381021e-15 2.068852000000000152e-18
2.934836999999999918e+00 2.373100066010039196e-15 2.027801000000000000e-18
2.935502000000000056e+00 2.320840591549538919e-15 1.980264999999999916e-18
2.936167000000000193e+00 2.327593982799928559e-15 1.955421000000000159e-18
2.936831999999999887e+00 2.338878942616308515e-15 1.959390999999999915e-18
2.937497000000000025e+00 2.322927492871625784e-15 1.945647999999999941e-18
2.938162000000000162e+00 2.324351573242177798e-15 1.947838000000000081e-18
2.938826999999999856e+00 2.352672643089315329e-15 1.944203000000000100e-18
2.939491999999999994e+00 2.325924480522894201e-15 1.941361999999999993e-18
2.940157000000000131e+00 2.194929315556027502e-15 1.879839000000000032e-18
2.940821999999999825e+00 2.145278837686736231e-15 1.818499999999999992e-18
2.941486999999999963e+00 2.140298717830520417e-15 1.780143000000000066e-18
2.942152000000000100e+00 2.212349567000236723e-15 1.790153000000000138e-18
2.942816999999999794e+00 2.317843503116550384e-15 1.880423999999999864e-18
2.943481999999999932e+00 2.283851452083781170e-15 1.840109000000000167e-18
2.944147000000000070e+00 2.155986839409208590e-15 1.777979999999999841e-18
2.944812000000000207e+00 2.144762077936937224e-15 1.767676000000000007e-18
2.945476999999999901e+00 2.248534243508912768e-15 1.814260999999999825e-18
2.946142000000000039e+00 2.239942985147474117e-15 1.805322999999999881e-18
2.946807000000000176e+00 2.092324340292402787e-15 1.994074000000000025e-18
2.947471999999999870e+00 nan nan
2.948137000000000008e+00 1.974914822155150143e-15 1.670343999999999977e-18
2.948802000000000145e+00 nan nan
2.949466999999999839e+00 nan nan
2.950131999999999977e+00 2.364188454821860364e-15 1.809196999999999896e-18
2.950797000000000114e+00 2.401468887326698455e-15 1.828642999999999846e-18
2.951461999999999808e+00 2.327518429284030522e-15 1.768090000000000119e-18
2.952126999999999946e+00 2.292547433985087272e-15 1.757583000000000010e-18
2.952792000000000083e+00 2.250137080765093758e-15 1.742670999999999885e-18
2.953457000000000221e+00 2.161182761935774378e-15 1.675096000000000073e-18
2.954121999999999915e+00 2.122696422737404349e-15 1.654914999999999949e-18
2.954787000000000052e+00 2.115107263084244456e-15 1.660198000000000046e-18
2.955452000000000190e+00 2.063552301553069271e-15 1.657631999999999925e-18
2.956116999999999884e+00 2.025425134387920799e-15 1.645573000000000018e-18
2.956782000000000021e+00 2.175742941687590406e-15 1.766988000000000000e-18
2.957447000000000159e+00 2.355612056974847462e-15 1.840070999999999844e-18
2.958111999999999853e+00 2.344234348851632538e-15 1.843775999999999933e-18
2.958776999999999990e+00 2.240295867403924721e-15 1.790801999999999925e-18
2.959442000000000128e+00 2.170029358443697734e-15 1.785473999999999841e-18
2.960106999999999822e+00 2.178113787793874664e-15 1.814417999999999831e-18
2.960771999999999959e+00 2.198921648352561761e-15 1.844960999999999978e-18
2.961437000000000097e+00 2.193551745144274375e-15 1.838552999999999819e-18
2.962101999999999791e+00 2.163174937732517839e-15 1.822449999999999882e-18
2.962766999999999928e+00 2.113487891022806618e-15 1.805452999999999972e-18
2.963432000000000066e+00 2.031929218821895016e-15 1.798317999999999971e-18
2.964097000000000204e+00 2.112542613253050694e-15 2.087491999999999924e-18
2.964761999999999897e+00 2.282096383004082914e-15 1.925428999999999879e-18
2.965427000000000035e+00 2.293956560991751329e-15 1.916263999999999821e-18
2.966092000000000173e+00 2.110313110039114092e-15 1.829644999999999866e-18
2.966756999999999866e+00 2.079100050882932363e-15 1.792673000000000183e-18
2.967422000000000004e+00 2.160895670874248846e-15 1.796011999999999838e-18
2.968087000000000142e+00 2.052414696570673435e-15 1.745557999999999876e-18
2.968751999999999835e+00 1.943202120737904154e-15 1.687835999999999937e-18
2.969416999999999973e+00 2.070420413754959520e-15 1.739372999999999858e-18
2.970082000000000111e+00 2.175733950766454528e-15 1.792105000000000141e-18
2.970746999999999804e+00 2.163398169143064683e-15 1.766243999999999983e-18
2.971411999999999942e+00 2.088862443059717855e-15 1.747463000000000098e-18
2.972077000000000080e+00 2.044311593458036851e-15 1.715188999999999910e-18
2.972742000000000218e+00 2.100977552434739628e-15 1.761334999999999880e-18
2.973406999999999911e+00 2.207526434312414685e-15 1.807374999999999984e-18
2.974072000000000049e+00 2.270518743894304445e-15 1.833843000000000019e-18
2.974737000000000187e+00 2.152547765206444356e-15 1.768188000000000040e-18
2.975401999999999880e+00 2.168634629429460544e-15 1.787257999999999816e-18
2.976067000000000018e+00 2.256506888298382680e-15 1.823439999999999982e-18
2.976732000000000156e+00 2.302915402369848992e-15 1.832534000000000036e-18
2.977396999999999849e+00 2.371127969111086985e-15 1.859035000000000139e-18
2.978061999999999987e+00 2.303699748237763217e-15 1.818915000000000001e-18
2.978727000000000125e+00 2.160154631748725715e-15 3.465461999999999841e-18
2.979391999999999818e+00 2.109788499454144331e-15 3.447354999999999865e-18
2.980056999999999956e+00 2.123391439252294081e-15 1.749416999999999895e-18
2.980722000000000094e+00 2.220277645277680113e-15 1.767592000000000185e-18
2.981386999999999787e+00 2.173893359994326212e-15 1.750773999999999941e-18
2.982051999999999925e+00 nan 1.738731000000000120e-18
2.982717000000000063e+00 2.085274929421054548e-15 1.687160000000000042e-18
2.983382000000000200e+00 2.097867858168909772e-15 1.686290999999999997e-18
2.984046999999999894e+00 2.134004301019074559e-15 1.682992999999999970e-18
2.984712000000000032e+00 2.169906329005962745e-15 1.681652999999999906e-18
2.985377000000000169e+00 2.185780761349277605e-15 1.659007000000000042e-18
2.986041999999999863e+00 2.161868556162928518e-15 1.656223000000000035e-18
2.986707000000000001e+00 2.056101120540941070e-15 1.597372999999999959e-18
2.987372000000000138e+00 1.991740185822531721e-15 1.570474999999999919e-18
2.988036999999999832e+00 1.964598532616984012e-15 1.625426999999999948e-18
2.988701999999999970e+00 1.871781241906233459e-15 1.598911999999999940e-18
2.989367000000000107e+00 1.867066975305907970e-15 1.600958000000000083e-18
2.990031999999999801e+00 2.000434957562456427e-15 1.606880000000000035e-18
2.990696999999999939e+00 2.029712971523166418e-15 1.585471000000000059e-18
2.991362000000000076e+00 2.054775230756198813e-15 1.603552999999999914e-18
2.992027000000000214e+00 2.107706942531305003e-15 1.605162000000000003e-18
2.992691999999999908e+00 2.108861678519851023e-15 1.586066000000000016e-18
2.993357000000000046e+00 2.143576672938549297e-15 1.609408999999999923e-18
2.994022000000000183e+00 2.194954997726884864e-15 1.628034999999999981e-18
2.994686999999999877e+00 2.215667099710707843e-15 1.644599000000000003e-18
2.995352000000000015e+00 2.182050149375795665e-15 1.626269000000000078e-18
2.996017000000000152e+00 2.139724022564251985e-15 1.624340999999999914e-18
2.996681999999999846e+00 2.089800246239402751e-15 1.659772999999999912e-18
2.997346999999999984e+00 2.110958980845820682e-15 1.713853000000000012e-18
2.998012000000000121e+00 2.102502325664332232e-15 1.666613999999999959e-18
2.998676999999999815e+00 nan 1.581905999999999993e-18
2.999341999999999953e+00 2.155519277589619825e-15 1.609980000000000041e-18
3.000007000000000090e+00 2.216865711611569517e-15 1.650223000000000028e-18
3.000671999999999784e+00 2.119354523006037299e-15 1.589723000000000042e-18
3.001336999999999922e+00 2.087976840352000224e-15 1.557468000000000016e-18
3.002002000000000059e+00 2.100105417755529163e-15 1.586456999999999993e-18
3.002667000000000197e+00 2.092574899243249191e-15 1.583951000000000047e-18
3.003331999999999891e+00 2.029607340461260722e-15 1.567740999999999961e-18
3.003997000000000028e+00 2.020922494622620435e-15 1.546214000000000006e-18
3.004662000000000166e+00 2.022388560211062866e-15 1.553592000000000014e-18
3.005326999999999860e+00 2.025406160996140233e-15 1.550682999999999979e-18
3.005991999999999997e+00 2.001626091170825048e-15 1.530547000000000034e-18
3.006657000000000135e+00 1.941410884230753692e-15 1.486703000000000031e-18
3.007321999999999829e+00 1.841176341690715821e-15 1.440944000000000065e-18
3.007986999999999966e+00 1.788306716415101550e-15 1.421381999999999930e-18
3.008652000000000104e+00 1.827153477046009646e-15 1.437294000000000088e-18
3.009316999999999798e+00 1.838008472291932751e-15 1.429851999999999932e-18
3.009981999999999935e+00 1.828284054761486583e-15 1.430668999999999941e-18
3.010647000000000073e+00 1.892548807938974050e-15 1.456908999999999964e-18
3.011312000000000211e+00 1.964694656034011986e-15 1.496650999999999941e-18
3.011976999999999904e+00 1.998886186745692703e-15 1.498611000000000083e-18
3.012642000000000042e+00 2.021484870175021980e-15 1.518233000000000009e-18
3.013307000000000180e+00 2.087014156565923613e-15 1.818098000000000185e-18
3.013971999999999873e+00 2.149640108437148552e-15 1.863676000000000113e-18
3.014637000000000011e+00 2.255024606544612990e-15 1.628206999999999983e-18
3.015302000000000149e+00 2.264147042365127722e-15 1.650888000000000094e-18
3.015966999999999842e+00 2.174514249612692894e-15 1.653585999999999908e-18
3.016631999999999980e+00 2.127377561193878181e-15 1.647319000000000055e-18
3.017297000000000118e+00 2.069186874845446938e-15 1.590478999999999978e-18
3.017961999999999811e+00 2.098547495935628288e-15 1.639967999999999962e-18
3.018626999999999949e+00 2.167232330450301023e-15 1.675438000000000090e-18
3.019292000000000087e+00 2.168668336088461697e-15 1.709360999999999906e-18
3.019956999999999780e+00 2.124998401164042668e-15 1.676706000000000059e-18
3.020621999999999918e+00 2.144669953980113889e-15 1.686356999999999939e-18
3.021287000000000056e+00 2.103651021584313127e-15 1.703993999999999987e-18
3.021952000000000194e+00 1.947629486575393636e-15 1.666800999999999956e-18
3.022616999999999887e+00 1.922192929471834793e-15 1.650428999999999995e-18
3.023282000000000025e+00 1.964073955552360466e-15 1.672703999999999940e-18
3.023947000000000163e+00 1.947586935729009555e-15 1.680090999999999984e-18
3.024611999999999856e+00 1.986264199815468166e-15 1.724824000000000091e-18
3.025276999999999994e+00 1.991180206134085475e-15 1.716115999999999952e-18
3.025942000000000132e+00 1.931039604799534656e-15 1.722134999999999927e-18
3.026606999999999825e+00 1.947652905812915123e-15 1.717269999999999915e-18
3.027271999999999963e+00 2.083166163071526360e-15 1.792311000000000108e-18
3.027937000000000101e+00 2.100327699962572468e-15 1.882232999999999959e-18
3.028601999999999794e+00 1.982557662309882196e-15 3.126615999999999880e-18
3.029266999999999932e+00 1.903817112675404768e-15 2.767841000000000031e-18
3.029932000000000070e+00 1.892602373753634474e-15 2.959278000000000070e-18
3.030597000000000207e+00 1.955726155869980095e-15 1.745291000000000030e-18
3.031261999999999901e+00 1.945080949357837514e-15 1.735003999999999986e-18
3.031927000000000039e+00 1.994559567672312752e-15 1.767863000000000005e-18
3.032592000000000176e+00 2.110062642248834707e-15 1.835596000000000105e-18
3.033256999999999870e+00 2.091572647524188547e-15 1.851612000000000143e-18
3.033922000000000008e+00 2.060972083415899914e-15 1.859825999999999937e-18
3.034587000000000145e+00 2.081787817948026698e-15 1.858719999999999844e-18
3.035251999999999839e+00 2.047625445674115699e-15 2.082655000000000109e-18
3.035916999999999977e+00 2.042518793668328369e-15 2.301785999999999856e-18
3.036582000000000114e+00 2.062548770891079315e-15 2.303818999999999990e-18
3.037246999999999808e+00 2.094443575837331199e-15 2.299230999999999949e-18
3.037911999999999946e+00 2.081618999620080124e-15 1.927838000000000188e-18
3.038577000000000083e+00 2.007802137611298034e-15 1.647216999999999969e-18
3.039242000000000221e+00 2.012307152898020435e-15 1.625435000000000087e-18
3.039906999999999915e+00 2.100044906834907827e-15 1.661013000000000069e-18
3.040572000000000052e+00 2.125997446196343358e-15 1.677392000000000080e-18
3.041237000000000190e+00 2.100343409585952060e-15 1.645449000000000080e-18
3.041901999999999884e+00 2.101515676470526528e-15 1.640044999999999927e-18
3.042567000000000021e+00 2.024051900656965607e-15 1.848248999999999879e-18
3.043232000000000159e+00 1.941181734392903103e-15 1.959903999999999844e-18
3.043896999999999853e+00 1.921372362182542915e-15 1.902347999999999948e-18
3.044561999999999991e+00 1.885954213485364420e-15 1.767835000000000192e-18
3.045227000000000128e+00 1.886933594582939317e-15 1.492583999999999969e-18
3.045891999999999822e+00 1.898705771463958616e-15 1.580038000000000005e-18
3.046556999999999960e+00 1.964542633488354449e-15 1.609714999999999989e-18
3.047222000000000097e+00 2.006573579821720128e-15 1.649624999999999995e-18
3.047886999999999791e+00 1.963078977094288963e-15 1.475135999999999906e-18
3.048551999999999929e+00 1.967969268811742803e-15 1.485140000000000018e-18
3.049217000000000066e+00 1.894434942009742469e-15 1.455022000000000007e-18
3.049882000000000204e+00 1.826598103133388339e-15 1.437358999999999941e-18
3.050546999999999898e+00 1.884829706587442900e-15 1.487797000000000011e-18
3.051212000000000035e+00 1.918270268265324708e-15 1.480634000000000006e-18
3.051877000000000173e+00 1.942349464952173922e-15 1.489487999999999936e-18
3.052541999999999867e+00 1.901109648884830238e-15 1.478917999999999960e-18
3.053207000000000004e+00 1.907418832224445318e-15 1.483719999999999914e-18
3.053872000000000142e+00 1.997279776733681215e-15 1.523674999999999906e-18
3.054536999999999836e+00 2.050421979417465600e-15 1.562638000000000005e-18
3.055201999999999973e+00 2.194340508488124787e-15 1.627969999999999936e-18
3.055867000000000111e+00 2.299307278581298724e-15 1.705517000000000075e-18
3.056531999999999805e+00 2.215353192896705343e-15 1.675208000000000092e-18
3.057196999999999942e+00 2.147274456621907358e-15 1.655873999999999968e-18
3.057862000000000080e+00 2.107638435014391143e-15 1.652134999999999914e-18
3.058527000000000218e+00 2.037695498280089936e-15 1.863085000000000129e-18
3.059191999999999911e+00 1.998993623856311338e-15 1.645087000000000004e-18
3.059857000000000049e+00 2.091909628602331129e-15 1.678488000000000047e-18
3.060522000000000187e+00 2.076888103957485265e-15 1.666290000000000014e-18
3.061186999999999880e+00 2.049399085038303041e-15 1.603120999999999922e-18
3.061852000000000018e+00 2.042227539036627389e-15 2.325328999999999963e-18
3.062517000000000156e+00 2.119115154812745418e-15 2.322628000000000072e-18
3.063181999999999849e+00 2.202595970988516347e-15 1.693629000000000081e-18
3.063846999999999987e+00 2.066995683883190535e-15 1.600725999999999906e-18
3.064512000000000125e+00 1.952637986266078445e-15 1.544822999999999996e-18
3.065176999999999818e+00 1.919896866275718315e-15 1.520439999999999938e-18
3.065841999999999956e+00 1.969001056868938939e-15 1.548721999999999939e-18
3.066507000000000094e+00 2.047430165715901715e-15 1.603034999999999922e-18
3.067171999999999787e+00 2.092274263025062661e-15 1.610406000000000073e-18
3.067836999999999925e+00 nan 1.608796999999999984e-18
3.068502000000000063e+00 nan 1.559423999999999992e-18
3.069167000000000201e+00 2.003049993004421801e-15 1.524362000000000017e-18
3.069831999999999894e+00 1.933745663132054593e-15 1.506146999999999995e-18
3.070497000000000032e+00 1.860798482863888974e-15 1.446518000000000040e-18
3.071162000000000170e+00 1.830662897709928432e-15 1.452972000000000083e-18
3.071826999999999863e+00 1.868498338898795332e-15 1.479807000000000064e-18
3.072492000000000001e+00 1.893894412515390370e-15 1.490730000000000079e-18
3.073157000000000139e+00 1.885905792332135014e-15 1.506861000000000020e-18
3.073821999999999832e+00 1.921009273753944268e-15 1.524941999999999978e-18
3.074486999999999970e+00 1.932224092685737025e-15 1.523735999999999979e-18
3.075152000000000108e+00 1.950380545416010780e-15 1.549929999999999926e-18
3.075816999999999801e+00 2.045336716608566687e-15 1.590570000000000042e-18
3.076481999999999939e+00 2.108652885479712165e-15 1.624816999999999996e-18
3.077147000000000077e+00 2.061830440652498940e-15 1.618798999999999917e-18
3.077812000000000214e+00 2.062870488801917739e-15 1.636972999999999925e-18
3.078476999999999908e+00 2.168264275366939709e-15 1.679959999999999996e-18
3.079142000000000046e+00 2.217466673002576900e-15 1.677005000000000076e-18
3.079807000000000183e+00 2.179006778370128241e-15 1.682183999999999908e-18
3.080471999999999877e+00 2.112664084995983862e-15 1.655396999999999990e-18
3.081137000000000015e+00 2.091333989052490959e-15 1.728545000000000073e-18
3.081802000000000152e+00 2.105675221530643384e-15 1.796652000000000168e-18
3.082466999999999846e+00 2.030920746364364261e-15 1.750531999999999831e-18
3.083131999999999984e+00 1.957344910647119437e-15 1.703702999999999916e-18
3.083797000000000121e+00 1.986023108405517762e-15 1.615195999999999914e-18
3.084461999999999815e+00 2.105085513152135607e-15 1.690477999999999935e-18
3.085126999999999953e+00 2.137488767502740675e-15 1.732618000000000005e-18
3.085792000000000090e+00 2.122866387535451784e-15 1.740524999999999835e-18
3.086456999999999784e+00 2.067400305911845871e-15 1.712024000000000051e-18
3.087121999999999922e+00 nan 1.725827999999999904e-18
3.087787000000000059e+00 nan nan
3.088452000000000197e+00 nan nan
3.089116999999999891e+00 nan nan
3.089782000000000028e+00 1.905258832680411635e-15 1.792042000000000082e-18
3.090447000000000166e+00 1.972582011108487850e-15 1.839467000000000044e-18
3.091111999999999860e+00 1.950062514291869857e-15 1.837138999999999866e-18
3.091776999999999997e+00 nan nan
3.092442000000000135e+00 1.966279646850360165e-15 1.830790000000000178e-18
3.093106999999999829e+00 1.978547423922867473e-15 1.822864999999999891e-18
3.093771999999999966e+00 2.005938144615239750e-15 1.815268999999999997e-18
3.094437000000000104e+00 2.042730167284527705e-15 1.802326999999999947e-18
3.095101999999999798e+00 1.917077619374617519e-15 1.690550999999999926e-18
3.095766999999999936e+00 1.858456726914053473e-15 1.625843999999999944e-18
3.096432000000000073e+00 1.935095344450469118e-15 1.654149000000000080e-18
3.097097000000000211e+00 1.922971900674098820e-15 1.611610000000000086e-18
3.097761999999999905e+00 1.951997934032286720e-15 1.583340000000000004e-18
3.098427000000000042e+00 1.980526182116229973e-15 1.544957999999999957e-18
3.099092000000000180e+00 1.999916527642513046e-15 1.860210000000000057e-18
3.099756999999999874e+00 2.037567438894588306e-15 1.827332000000000069e-18
3.100422000000000011e+00 2.079131948074661472e-15 1.860505999999999998e-18
3.101087000000000149e+00 2.185371391831022677e-15 1.560732000000000078e-18
3.101751999999999843e+00 2.175873580313091932e-15 1.456611000000000037e-18
3.102416999999999980e+00 2.040779456880880367e-15 1.401958999999999922e-18
3.103082000000000118e+00 2.005023160191952155e-15 1.423496000000000002e-18
3.103746999999999812e+00 2.073390194776110938e-15 1.442836000000000085e-18
3.104411999999999949e+00 2.099135585322036720e-15 1.435204999999999945e-18
3.105077000000000087e+00 2.052791375031730079e-15 1.370161000000000008e-18
3.105741999999999781e+00 1.965291992686645346e-15 1.316568000000000011e-18
3.106406999999999918e+00 1.953006983415239487e-15 1.304354999999999982e-18
3.107072000000000056e+00 2.015515351545762403e-15 1.331077999999999944e-18
3.107737000000000194e+00 1.982856397229772440e-15 1.326737000000000076e-18
3.108401999999999887e+00 1.937534203541904787e-15 1.307432000000000047e-18
3.109067000000000025e+00 1.989110950541366760e-15 1.335693999999999990e-18
3.109732000000000163e+00 2.049669217937100902e-15 1.353688000000000050e-18
3.110396999999999856e+00 2.049720086856798404e-15 1.353548999999999923e-18
3.111061999999999994e+00 1.999285247194548975e-15 1.343782999999999947e-18
3.111727000000000132e+00 2.004632748296937553e-15 1.358490000000000003e-18
3.112391999999999825e+00 2.014812734345121199e-15 1.362160999999999935e-18
3.113056999999999963e+00 1.971370286303231221e-15 1.371200999999999966e-18
3.113722000000000101e+00 1.899859855913005226e-15 1.357547999999999966e-18
3.114386999999999794e+00 1.867772442552179925e-15 1.351743999999999993e-18
3.115051999999999932e+00 1.904838469423921194e-15 1.383393999999999936e-18
3.115717000000000070e+00 2.006805332669856757e-15 1.467886000000000002e-18
3.116382000000000208e+00 2.066336423626329507e-15 1.544845999999999938e-18
3.117046999999999901e+00 nan nan
3.117712000000000039e+00 1.976356442480116644e-15 2.143977999999999871e-18
3.118377000000000177e+00 1.891874784232141767e-15 1.444233999999999953e-18
3.119041999999999870e+00 1.935849132942515320e-15 1.488507000000000064e-18
3.119707000000000008e+00 2.030229682875263416e-15 1.518506000000000007e-18
3.120372000000000146e+00 2.046667959237859546e-15 1.595162000000000056e-18
3.121036999999999839e+00 2.011320441474546724e-15 1.631091000000000090e-18
3.121701999999999977e+00 2.044206013614692081e-15 1.660349000000000093e-18
3.122367000000000115e+00 2.083574236443514561e-15 1.719060999999999939e-18
3.123031999999999808e+00 2.080894879403047344e-15 2.022502999999999907e-18
3.123696999999999946e+00 2.100284673202521094e-15 1.743720999999999968e-18
3.124362000000000084e+00 2.026358548775705941e-15 1.724796999999999983e-18
3.125027000000000221e+00 2.061914819493808795e-15 1.735935999999999897e-18
3.125691999999999915e+00 2.118351702919946836e-15 1.763668999999999825e-18
3.126357000000000053e+00 2.130123488535895215e-15 1.764190000000000086e-18
3.127022000000000190e+00 2.110964491558228535e-15 1.769164000000000041e-18
3.127686999999999884e+00 2.039530759773464877e-15 1.702367999999999915e-18
3.128352000000000022e+00 1.976698528050997079e-15 1.675887000000000064e-18
3.129017000000000159e+00 1.921669069887034423e-15 1.621608000000000046e-18
3.129681999999999853e+00 1.866559780822666891e-15 1.614151999999999983e-18
3.130346999999999991e+00 1.859783463502202999e-15 1.608583000000000071e-18
3.131012000000000128e+00 1.926066399985141819e-15 1.635130999999999955e-18
3.131676999999999822e+00 2.043563433854959514e-15 1.673969999999999922e-18
3.132341999999999960e+00 1.995795963171278175e-15 1.683015000000000015e-18
3.133007000000000097e+00 1.891900115029319017e-15 1.618229000000000081e-18
3.133671999999999791e+00 1.955864542463395044e-15 1.658672999999999972e-18
3.134336999999999929e+00 2.058519379575128079e-15 1.708679999999999948e-18
3.135002000000000066e+00 2.004289930234441264e-15 1.677991000000000010e-18
3.135667000000000204e+00 1.992413785519193612e-15 1.646652000000000003e-18
3.136331999999999898e+00 2.149747280615694865e-15 1.713462999999999932e-18
3.136997000000000035e+00 2.135824989754921380e-15 1.694385999999999914e-18
3.137662000000000173e+00 1.968418953089828081e-15 1.618766000000000042e-18
3.138326999999999867e+00 1.937910760759953324e-15 1.569079999999999935e-18
3.138992000000000004e+00 2.044005001826559670e-15 1.579325000000000068e-18
3.139657000000000142e+00 2.112940832014172343e-15 1.818013000000000081e-18
3.140321999999999836e+00 2.101650348545918015e-15 1.803788999999999963e-18
3.140986999999999973e+00 2.000037149802695410e-15 1.526875000000000012e-18
3.141652000000000111e+00 1.907618472271013304e-15 1.529429999999999919e-18
3.142316999999999805e+00 1.982592215316679269e-15 1.533596000000000094e-18
3.142981999999999942e+00 2.016893899383263032e-15 1.526213999999999920e-18
3.143647000000000080e+00 1.960365472590681108e-15 1.485562999999999974e-18
3.144312000000000218e+00 2.032185995401168434e-15 1.513949999999999944e-18
3.144976999999999911e+00 2.123536124924726199e-15 1.559083999999999962e-18
3.145642000000000049e+00 2.131993681376928199e-15 1.568862000000000050e-18
3.146307000000000187e+00 2.070968582993970168e-15 1.522292999999999932e-18
3.146971999999999881e+00 2.027097520198415672e-15 1.497708999999999971e-18
3.147637000000000018e+00 2.015701752293553993e-15 1.490502000000000067e-18
3.148302000000000156e+00 2.051619754601594912e-15 1.512225999999999953e-18
3.148966999999999850e+00 2.040360667598464203e-15 1.489289000000000018e-18
3.149631999999999987e+00 1.995407951324524863e-15 1.467467999999999917e-18
3.150297000000000125e+00 2.036130749377427501e-15 1.472809999999999908e-18
3.150961999999999819e+00 2.149316417391164253e-15 1.521067999999999963e-18
3.151626999999999956e+00 2.152731058427733540e-15 1.526076999999999972e-18
3.152292000000000094e+00 2.038110209183115463e-15 1.497577999999999983e-18
3.152956999999999788e+00 2.011587121511812620e-15 1.504482000000000089e-18
3.153621999999999925e+00 1.971228146950997996e-15 1.483094000000000068e-18
3.154287000000000063e+00 1.966702531057446475e-15 1.478766999999999914e-18
3.154952000000000201e+00 1.965650372356767939e-15 1.525362000000000050e-18
3.155616999999999894e+00 1.943950359593943215e-15 1.551023999999999906e-18
3.156282000000000032e+00 1.968661437781553196e-15 1.508955999999999931e-18
3.156947000000000170e+00 1.974043822789108970e-15 1.751030000000000150e-18
3.157611999999999863e+00 1.952026212111106346e-15 1.931280000000000019e-18
3.158277000000000001e+00 1.938044240805212669e-15 1.413475999999999997e-18
3.158942000000000139e+00 2.009276602300423716e-15 1.462508999999999958e-18
3.159606999999999832e+00 2.055999387050777233e-15 1.465561999999999991e-18
3.160271999999999970e+00 2.059255690362961455e-15 1.424488000000000089e-18
3.160937000000000108e+00 2.093325415549858213e-15 1.446804999999999945e-18
3.161601999999999801e+00 2.103265046664449634e-15 1.442647999999999998e-18
3.162266999999999939e+00 2.125178291724333843e-15 1.431268000000000064e-18
3.162932000000000077e+00 2.196232042690338154e-15 1.446490999999999932e-18
3.163597000000000214e+00 2.212140414633989064e-15 1.440034000000000006e-18
3.164261999999999908e+00 2.142787889221160233e-15 1.380736999999999943e-18
3.164927000000000046e+00 nan nan
3.165592000000000183e+00 2.026651855012239934e-15 1.610060999999999980e-18
3.166256999999999877e+00 2.004527015627753420e-15 1.319112999999999985e-18
3.166922000000000015e+00 1.987784711473286555e-15 1.295101999999999936e-18
3.167587000000000153e+00 1.999032867977015058e-15 1.285855000000000042e-18
3.168251999999999846e+00 2.034722176863304506e-15 1.296086000000000077e-18
3.168916999999999984e+00 2.041191581633033240e-15 1.294877000000000001e-18
3.169582000000000122e+00 2.042110892237497662e-15 1.284711999999999909e-18
3.170246999999999815e+00 2.071688196184279282e-15 1.298790000000000043e-18
3.170911999999999953e+00 2.063960107523785829e-15 1.305076000000000057e-18
3.171577000000000091e+00 2.009184564589890550e-15 1.286984999999999974e-18
3.172241999999999784e+00 1.968443637348727470e-15 1.351893000000000053e-18
3.172906999999999922e+00 1.991852899455299516e-15 1.357562999999999962e-18
3.173572000000000060e+00 2.035992316833906908e-15 1.388350000000000012e-18
3.174237000000000197e+00 2.032686114510961273e-15 1.331552000000000039e-18
3.174901999999999891e+00 1.988935625488686246e-15 1.329491999999999990e-18
3.175567000000000029e+00 2.024167354130459526e-15 1.345811999999999915e-18
3.176232000000000166e+00 1.982986737275322257e-15 1.331625999999999928e-18
3.176896999999999860e+00 1.913238978850447918e-15 1.317052000000000039e-18
3.177561999999999998e+00 1.963291584513194043e-15 1.358551000000000075e-18
3.178227000000000135e+00 1.960995658707394715e-15 1.350390000000000023e-18
3.178891999999999829e+00 1.954110428749479191e-15 1.352901999999999929e-18
3.179556999999999967e+00 1.969419778734513676e-15 1.374844999999999982e-18
3.180222000000000104e+00 2.045912792879842086e-15 1.432289000000000052e-18
3.180886999999999798e+00 2.000512014154391865e-15 1.512476000000000009e-18
3.181551999999999936e+00 2.035581395441804292e-15 1.509890000000000022e-18
3.182217000000000073e+00 2.150065572869090127e-15 1.644787000000000090e-18
3.182882000000000211e+00 2.196960681817042471e-15 1.584656999999999933e-18
3.183546999999999905e+00 2.174103266398185125e-15 1.596622000000000085e-18
3.184212000000000042e+00 2.126441256027204251e-15 1.845730000000000116e-18
3.184877000000000180e+00 2.060232717220981728e-15 1.660342000000000043e-18
3.185541999999999874e+00 2.037261962836930319e-15 1.699027999999999978e-18
3.186207000000000011e+00 2.029872864497838624e-15 1.635280999999999912e-18
3.186872000000000149e+00 2.057848197963131590e-15 1.606480999999999918e-18
3.187536999999999843e+00 2.140426714884753490e-15 1.676794000000000047e-18
3.188201999999999980e+00 2.147848097553537161e-15 1.685513000000000015e-18
3.188867000000000118e+00 2.017563827751918482e-15 1.660374999999999918e-18
3.189531999999999812e+00 1.915090339006805644e-15 1.606831000000000074e-18
3.190196999999999949e+00 1.960626169221484976e-15 1.587438000000000058e-18
3.190862000000000087e+00 2.120667202592377500e-15 1.652835999999999931e-18
3.191526999999999781e+00 2.123622574662353641e-15 1.641895000000000037e-18
3.192191999999999918e+00 2.091507730584141594e-15 1.602596000000000074e-18
3.192857000000000056e+00 1.995224970950099735e-15 1.553139000000000068e-18
3.193522000000000194e+00 1.964800048907349439e-15 1.554654999999999914e-18
3.194186999999999887e+00 1.931989914090800808e-15 1.789395000000000022e-18
3.194852000000000025e+00 1.919365453967556889e-15 1.803025999999999977e-18
3.195517000000000163e+00 1.990662629571099686e-15 1.589745999999999984e-18
3.196181999999999856e+00 nan 1.615729000000000094e-18
3.196846999999999994e+00 1.990233050631107501e-15 1.898899000000000068e-18
3.197512000000000132e+00 nan 1.663081999999999961e-18
3.198176999999999826e+00 1.993250745091101661e-15 1.616980999999999978e-18
3.198841999999999963e+00 1.979764208058913158e-15 1.596269000000000045e-18
3.199507000000000101e+00 1.925653897728437287e-15 1.555151999999999951e-18
3.200171999999999795e+00 1.918258556672718017e-15 1.543286000000000002e-18
3.200836999999999932e+00 1.916282070465045013e-15 1.513483999999999989e-18
3.201502000000000070e+00 1.867575899998047388e-15 1.446460000000000044e-18
3.202167000000000208e+00 1.818639985078518785e-15 1.407614999999999924e-18
3.202831999999999901e+00 1.871126615322121011e-15 1.439368999999999941e-18
3.203497000000000039e+00 1.933932421607150078e-15 1.443753000000000001e-18
3.204162000000000177e+00 1.941484720325240334e-15 1.454388999999999919e-18
3.204826999999999870e+00 1.995053181405209927e-15 1.477696999999999965e-18
3.205492000000000008e+00 2.091174040081672821e-15 1.486591000000000012e-18
3.206157000000000146e+00 2.187981920804860342e-15 1.511911000000000043e-18
3.206821999999999839e+00 2.205410792795623979e-15 1.527320999999999910e-18
3.207486999999999977e+00 2.151855835751334579e-15 1.501573999999999950e-18
3.208152000000000115e+00 2.108272373287760254e-15 1.456289000000000079e-18
3.208816999999999808e+00 2.102654030751237391e-15 1.460081000000000066e-18
3.209481999999999946e+00 2.114255458522840791e-15 1.537938000000000051e-18
3.210147000000000084e+00 2.123516604520219591e-15 1.593567999999999963e-18
3.210812000000000221e+00 2.086838484598962917e-15 1.604337000000000048e-18
3.211476999999999915e+00 2.065816738726942094e-15 1.608817999999999939e-18
3.212142000000000053e+00 1.989570611073107203e-15 1.524382999999999972e-18
3.212807000000000190e+00 1.968272010034961098e-15 1.574157999999999963e-18
3.213471999999999884e+00 2.094874317875697442e-15 1.676274999999999965e-18
3.214137000000000022e+00 2.105684046502589902e-15 1.694364999999999959e-18
3.214802000000000159e+00 1.989466121491486564e-15 1.590764999999999986e-18
3.215466999999999853e+00 2.021589707837124276e-15 1.578231999999999985e-18
3.216131999999999991e+00 2.102027401299999420e-15 1.609260000000000056e-18
3.216797000000000128e+00 2.130705339573383546e-15 1.663371000000000045e-18
3.217461999999999822e+00 2.074431545508244724e-15 1.654557999999999936e-18
3.218126999999999960e+00 1.976092786688818690e-15 1.577311999999999993e-18
3.218792000000000098e+00 1.981279600680813974e-15 1.510030000000000045e-18
3.219456999999999791e+00 2.025969092422599955e-15 1.479833999999999979e-18
3.220121999999999929e+00 2.030886140052081837e-15 1.478115999999999947e-18
3.220787000000000067e+00 2.003300685085603544e-15 1.428469000000000060e-18
3.221452000000000204e+00 2.001475750148505343e-15 1.374022000000000014e-18
3.222116999999999898e+00 2.029565298666454721e-15 1.359323999999999994e-18
3.222782000000000036e+00 2.013398393941035321e-15 1.444957000000000014e-18
3.223447000000000173e+00 1.996159673558806482e-15 1.593520999999999989e-18
3.224111999999999867e+00 1.967700528014876407e-15 1.560614999999999996e-18
3.224777000000000005e+00 2.011932286521674741e-15 1.584856000000000043e-18
3.225442000000000142e+00 2.114881145586321217e-15 1.415136999999999930e-18
3.226106999999999836e+00 2.045317084357024330e-15 1.553433000000000022e-18
3.226771999999999974e+00 2.006043113096010826e-15 1.321380000000000090e-18
3.227437000000000111e+00 2.021909164270579670e-15 1.313213000000000078e-18
3.228101999999999805e+00 2.004085441104376300e-15 1.302079000000000034e-18
3.228766999999999943e+00 1.952543787377003648e-15 1.299633000000000070e-18
3.229432000000000080e+00 1.997681017470028379e-15 1.334654999999999929e-18
3.230097000000000218e+00 2.103179618849431834e-15 1.354909000000000045e-18
3.230761999999999912e+00 2.184928101030762867e-15 1.395520000000000067e-18
3.231427000000000049e+00 2.189387836279948374e-15 1.401270999999999914e-18
3.232092000000000187e+00 2.064252478133486777e-15 1.355107000000000065e-18
3.232756999999999881e+00 2.026802478415443959e-15 1.400361999999999945e-18
3.233422000000000018e+00 2.063420627669252667e-15 1.439484999999999933e-18
3.234087000000000156e+00 2.084680803072525701e-15 1.476167999999999917e-18
3.234751999999999850e+00 2.101136402104839375e-15 1.497046000000000084e-18
3.235416999999999987e+00 2.079012733086153762e-15 1.498886999999999965e-18
3.236082000000000125e+00 2.073874268044208252e-15 1.509761000000000020e-18
3.236746999999999819e+00 2.071285182665633829e-15 1.527740000000000085e-18
3.237411999999999956e+00 nan 1.792472999999999984e-18
3.238077000000000094e+00 2.033344050080985726e-15 1.823788999999999856e-18
3.238741999999999788e+00 2.082711107562106696e-15 1.587760999999999913e-18
3.239406999999999925e+00 nan nan
3.240072000000000063e+00 1.950170028231796176e-15 1.959352000000000080e-18
3.240737000000000201e+00 1.907346186424545156e-15 1.548274999999999953e-18
3.241401999999999894e+00 1.981498968129920166e-15 1.559448000000000024e-18
3.242067000000000032e+00 2.045801747403386147e-15 1.464567999999999917e-18
3.242732000000000170e+00 2.012209658917098366e-15 1.449777000000000040e-18
3.243396999999999863e+00 2.000677085615463887e-15 1.445088000000000002e-18
3.244062000000000001e+00 1.989219202117262984e-15 1.450830000000000006e-18
3.244727000000000139e+00 1.979223481414003204e-15 1.444611000000000024e-18
3.245391999999999832e+00 2.000541213344919867e-15 1.466964000000000024e-18
3.246056999999999970e+00 2.008656165375461587e-15 1.450985000000000026e-18
3.246722000000000108e+00 2.008502593503522702e-15 1.542513000000000083e-18
3.247386999999999802e+00 nan nan
3.248051999999999939e+00 nan nan
3.248717000000000077e+00 nan nan
3.249382000000000215e+00 2.075652387695333476e-15 1.587363999999999976e-18
3.250046999999999908e+00 2.080500679668315997e-15 1.551051000000000014e-18
3.250712000000000046e+00 nan 2.060679999999999885e-18
3.251377000000000184e+00 2.068154112848706043e-15 1.591527000000000075e-18
3.252041999999999877e+00 2.095374713962195800e-15 1.585899000000000077e-18
3.252707000000000015e+00 2.088939119798960908e-15 1.615720999999999956e-18
3.253372000000000153e+00 nan nan
3.254036999999999846e+00 2.098434198108675308e-15 1.618399999999999993e-18
3.254701999999999984e+00 2.056830162129013218e-15 1.557815000000000096e-18
3.255367000000000122e+00 2.074210121636015686e-15 1.571582999999999998e-18
3.256031999999999815e+00 2.082805639786446688e-15 1.608996999999999990e-18
3.256696999999999953e+00 2.109952565437932415e-15 1.639475000000000091e-18
3.257362000000000091e+00 2.114102034450420532e-15 1.641990000000000074e-18
3.258026999999999784e+00 2.100048026690588318e-15 1.626722999999999922e-18
3.258691999999999922e+00 2.097571367177160680e-15 1.608048999999999994e-18
3.259357000000000060e+00 2.100029478583239363e-15 1.613329999999999912e-18
3.260022000000000197e+00 2.093527011551463852e-15 1.600033999999999925e-18
3.260686999999999891e+00 2.145284691214467503e-15 2.195107999999999922e-18
3.261352000000000029e+00 nan 2.672802999999999829e-18
3.262017000000000166e+00 nan nan
3.262681999999999860e+00 nan nan
3.263346999999999998e+00 2.002541593154681685e-15 1.524794999999999905e-18
3.264012000000000135e+00 2.068023976150151411e-15 1.514652000000000051e-18
3.264676999999999829e+00 2.061312186236315001e-15 1.512104000000000001e-18
3.265341999999999967e+00 1.994760195764004351e-15 1.488563999999999970e-18
3.266007000000000104e+00 2.011745239755041403e-15 1.491716999999999910e-18
3.266671999999999798e+00 2.075957391961530241e-15 1.527628999999999962e-18
3.267336999999999936e+00 2.080863797398938005e-15 1.498282999999999972e-18
3.268002000000000073e+00 2.041832966916570847e-15 1.477726000000000059e-18
3.268667000000000211e+00 1.977321357772115305e-15 1.463471999999999950e-18
3.269331999999999905e+00 1.965506989313545480e-15 1.464155999999999984e-18
3.269997000000000043e+00 nan nan
3.270662000000000180e+00 2.035985142866394990e-15 1.754445999999999963e-18
3.271326999999999874e+00 2.029953126753543534e-15 1.440520999999999917e-18
3.271992000000000012e+00 2.064555599201401957e-15 1.448524000000000066e-18
3.272657000000000149e+00 2.113106983658398346e-15 1.481602999999999958e-18
3.273321999999999843e+00 2.096386629051474384e-15 1.487580000000000022e-18
3.273986999999999981e+00 2.033855880695785802e-15 1.463637999999999992e-18
3.274652000000000118e+00 2.016098200318107461e-15 1.471513000000000037e-18
3.275316999999999812e+00 1.992055225973487827e-15 1.458535000000000036e-18
3.275981999999999950e+00 1.957917860731632264e-15 1.657152999999999960e-18
3.276647000000000087e+00 1.993647576165475334e-15 1.682489000000000077e-18
3.277311999999999781e+00 2.026883818908042973e-15 1.690698000000000000e-18
3.277976999999999919e+00 2.006752189919677117e-15 1.486720000000000013e-18
3.278642000000000056e+00 1.988007899848944691e-15 1.472408999999999997e-18
3.279307000000000194e+00 2.025734217742415293e-15 1.523857000000000034e-18
3.279971999999999888e+00 2.027220865876808716e-15 1.531676999999999966e-18
3.280637000000000025e+00 1.973274646391950360e-15 1.513485999999999975e-18
3.281302000000000163e+00 1.937574622623376665e-15 1.475271999999999957e-18
3.281966999999999857e+00 1.975508928708618747e-15 1.476028999999999983e-18
3.282631999999999994e+00 2.036526802373992650e-15 1.499125999999999999e-18
3.283297000000000132e+00 2.074850647031708168e-15 1.492267999999999970e-18
3.283961999999999826e+00 2.093529225805517370e-15 1.502519999999999960e-18
3.284626999999999963e+00 2.086030860059967175e-15 1.461411000000000004e-18
3.285292000000000101e+00 2.100313491015930343e-15 1.432040000000000085e-18
3.285956999999999795e+00 2.070661388883647979e-15 1.420274999999999940e-18
3.286621999999999932e+00 2.006532895088600280e-15 1.427048999999999955e-18
3.287287000000000070e+00 1.927783132337750015e-15 1.472992999999999932e-18
3.287952000000000208e+00 1.907917141566966649e-15 1.561250999999999967e-18
3.288616999999999901e+00 1.997186406306528267e-15 1.660772000000000048e-18
3.289282000000000039e+00 2.105092667862572668e-15 1.666888000000000047e-18
3.289947000000000177e+00 nan nan
3.290611999999999870e+00 2.015292803031271337e-15 1.493355000000000094e-18
3.291277000000000008e+00 2.008327801851428972e-15 1.501029000000000042e-18
3.291942000000000146e+00 2.039426022291464635e-15 1.641326999999999995e-18
3.292606999999999839e+00 2.022193884661140380e-15 1.684282999999999984e-18
3.293271999999999977e+00 1.960892961836930518e-15 1.656086999999999984e-18
3.293937000000000115e+00 1.943593301440088352e-15 1.645492000000000080e-18
3.294601999999999808e+00 1.960947719498351183e-15 1.639528999999999922e-18
3.295266999999999946e+00 1.965936325578840912e-15 1.636779999999999968e-18
3.295932000000000084e+00 2.016886958246021890e-15 1.590942999999999948e-18
3.296597000000000222e+00 2.052562849613372415e-15 1.503338000000000058e-18
3.297261999999999915e+00 2.026963021963211269e-15 1.401236000000000053e-18
3.297927000000000053e+00 1.970786739631827983e-15 1.323417000000000005e-18
3.298592000000000191e+00 1.986453690585953151e-15 1.317669999999999938e-18
3.299256999999999884e+00 2.056297941045206267e-15 1.353939000000000003e-18
3.299922000000000022e+00 2.037446095622678991e-15 1.331159000000000075e-18
3.300587000000000160e+00 1.997930775546067232e-15 1.321595000000000092e-18
3.301251999999999853e+00 1.999946126239138366e-15 1.333893999999999930e-18
3.301916999999999991e+00 2.068259980642111290e-15 1.362910999999999912e-18
3.302582000000000129e+00 2.065669973364367814e-15 1.374252999999999909e-18
3.303246999999999822e+00 2.049645385451294434e-15 1.355302000000000009e-18
3.303911999999999960e+00 2.061910243369955380e-15 1.364701000000000039e-18
3.304577000000000098e+00 2.044621864076954782e-15 1.343214000000000008e-18
3.305241999999999791e+00 1.996443081125517939e-15 1.337737999999999953e-18
3.305906999999999929e+00 2.016378180340941908e-15 1.372180999999999940e-18
3.306572000000000067e+00 2.053099603483596983e-15 1.408096000000000068e-18
3.307237000000000204e+00 2.056874484116024374e-15 1.439263999999999971e-18
3.307901999999999898e+00 2.017901521008109446e-15 1.479919000000000083e-18
3.308567000000000036e+00 1.961005283870681273e-15 1.445181999999999950e-18
3.309232000000000173e+00 1.955380768448927581e-15 1.662047999999999963e-18
3.309896999999999867e+00 1.974341088728900389e-15 2.121778000000000097e-18
3.310562000000000005e+00 1.964673617463440412e-15 1.666578999999999905e-18
3.311227000000000142e+00 1.960224045608200903e-15 2.149346999999999969e-18
3.311891999999999836e+00 1.903007565603764730e-15 1.471960000000000024e-18
3.312556999999999974e+00 1.912302593773667068e-15 1.472932000000000052e-18
3.313222000000000111e+00 2.015147558078985313e-15 1.545524999999999909e-18
3.313886999999999805e+00 2.041046552718408895e-15 1.573488000000000028e-18
3.314551999999999943e+00 1.972088485450274646e-15 1.547915000000000056e-18
3.315217000000000080e+00 1.896920959892424509e-15 1.480781000000000079e-18
3.315882000000000218e+00 1.902614330972864660e-15 1.463927999999999973e-18
3.316546999999999912e+00 1.941991220834274449e-15 1.468931000000000022e-18
3.317212000000000049e+00 1.941003785597414514e-15 1.438723999999999934e-18
3.317877000000000187e+00 1.979511616336655580e-15 1.462876999999999993e-18
3.318541999999999881e+00 1.989730381138958579e-15 1.476096999999999912e-18
3.319207000000000019e+00 1.935426266343698588e-15 1.457226999999999950e-18
3.319872000000000156e+00 1.869725216552133713e-15 1.498316000000000040e-18
3.320536999999999850e+00 1.852521715009353979e-15 1.501214999999999950e-18
3.321201999999999988e+00 1.882149508734015228e-15 1.494309999999999947e-18
3.321867000000000125e+00 1.923241266814088832e-15 1.697892000000000086e-18
3.322531999999999819e+00 1.964762235872192220e-15 1.475138000000000085e-18
3.323196999999999957e+00 2.042170356418525485e-15 1.534595999999999935e-18
3.323862000000000094e+00 2.066568349288541608e-15 1.563331999999999972e-18
3.324526999999999788e+00 2.057632741511290028e-15 1.564044000000000011e-18
3.325191999999999926e+00 nan 1.584024000000000039e-18
3.325857000000000063e+00 nan nan
3.326522000000000201e+00 nan nan
3.327186999999999895e+00 nan nan
3.327852000000000032e+00 1.929080084960188325e-15 1.693459000000000065e-18
3.328517000000000170e+00 1.999412587532696519e-15 2.052754000000000086e-18
3.329181999999999864e+00 2.028521763310875404e-15 1.697137000000000047e-18
3.329847000000000001e+00 2.031856235778091508e-15 1.701088000000000027e-18
3.330512000000000139e+00 2.045760367990868963e-15 1.681093000000000003e-18
3.331176999999999833e+00 2.046448511911834208e-15 1.689400000000000039e-18
3.331841999999999970e+00 2.038122345147543067e-15 1.697965999999999975e-18
3.332507000000000108e+00 2.015218256148106934e-15 1.682478999999999951e-18
3.333171999999999802e+00 1.978719240625202711e-15 1.632079999999999908e-18
3.333836999999999939e+00 1.999559293751988347e-15 1.546518000000000086e-18
3.334502000000000077e+00 2.025856311398508411e-15 1.486374999999999920e-18
3.335167000000000215e+00 2.005876070110478475e-15 1.484461000000000047e-18
3.335831999999999908e+00 1.950114738373467405e-15 1.456332999999999976e-18
3.336497000000000046e+00 1.916925735736651871e-15 1.436169000000000027e-18
3.337162000000000184e+00 1.886927661480689260e-15 1.422387000000000026e-18
3.337826999999999877e+00 1.873162419342164759e-15 1.414315000000000051e-18
3.338492000000000015e+00 1.878046607011118874e-15 1.402021000000000083e-18
3.339157000000000153e+00 1.892019846291274538e-15 1.423619000000000044e-18
3.339821999999999846e+00 1.897476324742008258e-15 1.436659000000000014e-18
3.340486999999999984e+00 1.887037539303761661e-15 1.406978999999999953e-18
3.341152000000000122e+00 1.902017086498783481e-15 1.398901999999999915e-18
3.341816999999999815e+00 1.954113362229119662e-15 1.419836000000000092e-18
3.342481999999999953e+00 1.956308855445327996e-15 1.426238999999999996e-18
3.343147000000000091e+00 1.943113014977218075e-15 1.419085999999999923e-18
3.343811999999999784e+00 1.894183151581573592e-15 1.385216000000000041e-18
3.344476999999999922e+00 1.907552066763956120e-15 1.386229000000000083e-18
3.345142000000000060e+00 1.911699456653957705e-15 1.386757000000000008e-18
3.345807000000000198e+00 1.929193379506189521e-15 1.402289000000000019e-18
3.346471999999999891e+00 1.936773537134670101e-15 1.383565000000000041e-18
3.347137000000000029e+00 1.960401745520729595e-15 1.420029999999999947e-18
3.347802000000000167e+00 1.964395891836043860e-15 1.412511000000000018e-18
3.348466999999999860e+00 1.967834497196654433e-15 1.427325000000000030e-18
3.349131999999999998e+00 1.993602143189271457e-15 1.442199999999999922e-18
3.349797000000000136e+00 1.997532405223607258e-15 1.404596999999999946e-18
3.350461999999999829e+00 2.000826993419259181e-15 1.437085000000000046e-18
3.351126999999999967e+00 2.000622599582371989e-15 1.466046000000000018e-18
3.351792000000000105e+00 2.018988722597756363e-15 1.485678999999999966e-18
3.352456999999999798e+00 2.039592969615993490e-15 1.503903999999999921e-18
3.353121999999999936e+00 2.010281286205948788e-15 1.514983999999999942e-18
3.353787000000000074e+00 1.929719601773576449e-15 1.640051999999999977e-18
3.354452000000000211e+00 1.876489122581218761e-15 1.637673000000000045e-18
3.355116999999999905e+00 1.873591763835580777e-15 1.633473999999999995e-18
3.355782000000000043e+00 1.899040868413993997e-15 1.473957000000000014e-18
3.356447000000000180e+00 1.914873393470629124e-15 1.477844999999999935e-18
3.357111999999999874e+00 1.908120937311385882e-15 1.438366000000000024e-18
3.357777000000000012e+00 1.913891267134710654e-15 1.434035999999999986e-18
3.358442000000000149e+00 1.940525581690112802e-15 1.437775999999999937e-18
3.359106999999999843e+00 2.001809045336052237e-15 1.449747999999999945e-18
3.359771999999999981e+00 2.035310033300344282e-15 1.486368000000000063e-18
3.360437000000000118e+00 2.031371041707914944e-15 1.504604000000000041e-18
3.361101999999999812e+00 1.966906575118074010e-15 1.451357999999999931e-18
3.361766999999999950e+00 1.964023014157456876e-15 1.390986000000000049e-18
3.362432000000000087e+00 1.990221245811150167e-15 1.387628000000000040e-18
3.363096999999999781e+00 1.954604814719318330e-15 1.392852999999999949e-18
3.363761999999999919e+00 1.954455401506446503e-15 1.405097999999999955e-18
3.364427000000000056e+00 1.941493823994201183e-15 1.347482999999999974e-18
3.365092000000000194e+00 1.989169704136445002e-15 1.356302999999999939e-18
3.365756999999999888e+00 2.024802803093972005e-15 2.625245999999999982e-18
3.366422000000000025e+00 nan 1.381661999999999998e-18
3.367087000000000163e+00 2.040494824505859570e-15 1.329372999999999921e-18
3.367751999999999857e+00 1.986437674565549070e-15 1.306652999999999976e-18
3.368416999999999994e+00 1.950853872676813933e-15 1.298352999999999989e-18
3.369082000000000132e+00 1.949879741550884063e-15 1.312948000000000026e-18
3.369746999999999826e+00 1.924575160331844881e-15 1.321579000000000007e-18
3.370411999999999964e+00 1.934246289646659440e-15 1.294680999999999967e-18
3.371077000000000101e+00 1.960649823096854184e-15 1.304930999999999971e-18
3.371741999999999795e+00 1.949780135492142588e-15 1.313045000000000049e-18
3.372406999999999933e+00 1.953868771353217282e-15 1.316979999999999944e-18
3.373072000000000070e+00 1.948303635553854372e-15 1.305078999999999941e-18
3.373737000000000208e+00 2.029660992987092963e-15 1.524472000000000049e-18
3.374401999999999902e+00 2.012894314741903909e-15 1.320932000000000014e-18
3.375067000000000039e+00 1.997646474101295216e-15 1.311725000000000044e-18
3.375732000000000177e+00 1.992188997744052578e-15 1.309360000000000019e-18
3.376396999999999871e+00 1.942851006381759909e-15 1.303644000000000033e-18
3.377062000000000008e+00 1.887451964848062209e-15 1.274391999999999990e-18
3.377727000000000146e+00 1.880232728269263320e-15 1.267213999999999989e-18
3.378391999999999840e+00 1.908466458655619571e-15 1.843801000000000055e-18
3.379056999999999977e+00 1.939367778279407001e-15 1.808286000000000132e-18
3.379722000000000115e+00 1.923126006268552709e-15 1.256030000000000087e-18
3.380386999999999809e+00 1.946993450318491823e-15 1.292382000000000077e-18
3.381051999999999946e+00 1.973428407711937040e-15 1.328095000000000019e-18
3.381717000000000084e+00 1.909127418085014114e-15 1.280702999999999933e-18
3.382382000000000222e+00 1.929211552480677800e-15 1.288267999999999938e-18
3.383046999999999915e+00 1.981192314503813325e-15 1.309887999999999944e-18
3.383712000000000053e+00 1.955103258702789991e-15 1.303257999999999926e-18
3.384377000000000191e+00 1.930531506360637900e-15 1.285791000000000086e-18
3.385041999999999884e+00 1.891061148592809206e-15 1.300645999999999920e-18
3.385707000000000022e+00 1.881452216202494036e-15 1.475047999999999918e-18
3.386372000000000160e+00 1.897036312508662906e-15 1.287381999999999911e-18
3.387036999999999853e+00 1.961237157091046632e-15 1.340607999999999962e-18
3.387701999999999991e+00 1.987099749158712120e-15 1.370271000000000041e-18
3.388367000000000129e+00 1.963091438375691074e-15 1.336783999999999997e-18
3.389031999999999822e+00 1.954809464158082287e-15 1.334620999999999964e-18
3.389696999999999960e+00 1.968425744063991585e-15 1.374717000000000071e-18
3.390362000000000098e+00 2.039501577642706338e-15 1.394836000000000033e-18
3.391026999999999791e+00 2.072009268178722958e-15 1.391102000000000042e-18
3.391691999999999929e+00 2.081615882189762347e-15 1.412778999999999953e-18
3.392357000000000067e+00 2.008035380478034552e-15 1.449343999999999959e-18
3.393022000000000205e+00 1.904003595848512910e-15 1.516462000000000043e-18
3.393686999999999898e+00 1.851574025940186017e-15 1.532647000000000008e-18
3.394352000000000036e+00 1.914346937242099080e-15 1.833121000000000047e-18
3.395017000000000174e+00 1.965629550297644354e-15 1.884349999999999915e-18
3.395681999999999867e+00 1.942813327219432845e-15 1.598715000000000009e-18
3.396347000000000005e+00 1.904966385457900751e-15 1.604578000000000068e-18
3.397012000000000143e+00 1.914383801242772520e-15 1.637179000000000084e-18
3.397676999999999836e+00 1.946509039363642795e-15 1.643359999999999936e-18
3.398341999999999974e+00 1.969229791580561602e-15 1.629300000000000066e-18
3.399007000000000112e+00 1.960809455571788970e-15 1.590491999999999988e-18
3.399671999999999805e+00 1.938160171848994008e-15 1.517782000000000049e-18
3.400336999999999943e+00 1.914720436188465103e-15 1.467087999999999962e-18
3.401002000000000081e+00 1.857449108942110706e-15 1.418328000000000000e-18
3.401667000000000218e+00 1.883525860089147215e-15 1.426960000000000071e-18
3.402331999999999912e+00 1.945037013913059613e-15 1.415702000000000088e-18
3.402997000000000050e+00 1.934467172805711775e-15 1.407416999999999904e-18
3.403662000000000187e+00 1.884132542179034237e-15 1.405432999999999923e-18
3.404326999999999881e+00 1.894912629930875451e-15 1.403080000000000010e-18
3.404992000000000019e+00 1.952293048074484662e-15 1.437448000000000018e-18
3.405657000000000156e+00 1.923174985750796335e-15 1.426287999999999956e-18
3.406321999999999850e+00 1.953793077574894040e-15 1.432304000000000048e-18
3.406986999999999988e+00 2.061258080454991937e-15 1.718024000000000057e-18
3.407652000000000125e+00 2.008596927287079835e-15 1.438831999999999980e-18
3.408316999999999819e+00 1.889219774835853430e-15 1.384634000000000093e-18
3.408981999999999957e+00 1.858542382653277239e-15 1.374564999999999935e-18
3.409647000000000094e+00 1.894175731759704454e-15 1.387295999999999956e-18
3.410311999999999788e+00 1.955318714518398666e-15 1.410761999999999905e-18
3.410976999999999926e+00 1.995060616691576141e-15 1.406163000000000034e-18
3.411642000000000063e+00 1.987950931891858568e-15 1.386779000000000053e-18
3.412307000000000201e+00 1.961692160870478563e-15 1.387450000000000078e-18
3.412971999999999895e+00 1.961032863917417894e-15 1.378823999999999967e-18
3.413637000000000032e+00 1.977832271712893935e-15 3.170733999999999972e-18
3.414302000000000170e+00 1.865237783066784646e-15 1.374579999999999930e-18
3.414966999999999864e+00 1.873138942388275303e-15 1.395887999999999910e-18
3.415632000000000001e+00 1.884637216949484247e-15 1.379306999999999905e-18
3.416297000000000139e+00 1.908839395725583790e-15 1.337062000000000058e-18
3.416961999999999833e+00 1.896051337772731175e-15 1.331812000000000028e-18
3.417626999999999970e+00 1.885323849133817841e-15 1.309814999999999952e-18
3.418292000000000108e+00 1.858244350921287778e-15 1.295931000000000057e-18
3.418956999999999802e+00 1.862613549171234822e-15 1.316491999999999943e-18
3.419621999999999939e+00 1.879201258317028779e-15 1.331477999999999957e-18
3.420287000000000077e+00 1.906348469683820392e-15 1.344900000000000062e-18
3.420952000000000215e+00 1.919186934969566625e-15 1.340779999999999964e-18
3.421616999999999909e+00 1.938161175808683114e-15 1.358499999999999936e-18
3.422282000000000046e+00 1.935621211483396789e-15 1.360264000000000044e-18
3.422947000000000184e+00 1.947124505688424665e-15 1.354759000000000088e-18
3.423611999999999878e+00 1.966622772876428143e-15 1.368994999999999933e-18
3.424277000000000015e+00 1.922402650566891377e-15 1.357904000000000082e-18
3.424942000000000153e+00 1.879741655479459945e-15 1.400544999999999969e-18
3.425606999999999847e+00 1.902285201997635695e-15 1.496450000000000038e-18
3.426271999999999984e+00 1.948523617766150721e-15 1.594171000000000059e-18
3.426937000000000122e+00 1.975733224281110732e-15 1.858138000000000089e-18
3.427601999999999816e+00 1.931540897810853461e-15 1.696984999999999911e-18
3.428266999999999953e+00 1.897503405860404620e-15 1.687549000000000033e-18
3.428932000000000091e+00 1.899005489666555685e-15 1.676104999999999949e-18
3.429596999999999785e+00 1.938879083422578972e-15 1.705270000000000094e-18
3.430261999999999922e+00 1.942066811859410435e-15 1.710990999999999950e-18
3.430927000000000060e+00 1.919780454554426634e-15 1.707034000000000010e-18
3.431592000000000198e+00 1.957528536456021820e-15 1.704494999999999996e-18
3.432256999999999891e+00 2.006294535059572487e-15 1.695495000000000083e-18
3.432922000000000029e+00 1.997855779049473547e-15 1.676323000000000028e-18
3.433587000000000167e+00 1.922273586419474459e-15 1.620047999999999917e-18
3.434251999999999860e+00 1.876080423301888776e-15 1.605814999999999956e-18
3.434916999999999998e+00 1.926801452768873976e-15 1.633715000000000016e-18
3.435582000000000136e+00 1.943412240486549044e-15 1.646865999999999916e-18
3.436246999999999829e+00 1.900552665473154434e-15 1.616053999999999937e-18
3.436911999999999967e+00 1.889880457890937546e-15 1.606325000000000002e-18
3.437577000000000105e+00 1.921190890981448873e-15 1.630960999999999999e-18
3.438241999999999798e+00 1.932653668500444925e-15 1.653850999999999960e-18
3.438906999999999936e+00 1.958804477516786744e-15 1.567819000000000016e-18
3.439572000000000074e+00 1.963879288767546835e-15 2.138393999999999963e-18
3.440237000000000211e+00 1.909793284237492982e-15 2.067889999999999864e-18
3.440901999999999905e+00 1.892441146698616551e-15 1.510785999999999982e-18
3.441567000000000043e+00 1.920725221102436296e-15 1.500156999999999921e-18
3.442232000000000181e+00 1.938154700778560049e-15 1.419040999999999936e-18
3.442896999999999874e+00 1.870407961057649805e-15 1.373186999999999933e-18
3.443562000000000012e+00 1.867931976034039666e-15 1.359198999999999966e-18
3.444227000000000150e+00 1.902562256884412672e-15 1.338668999999999968e-18
3.444891999999999843e+00 1.877644269327167417e-15 1.313208000000000015e-18
3.445556999999999981e+00 1.879422544263149497e-15 1.308679000000000060e-18
3.446222000000000119e+00 1.904851333392126679e-15 1.289359999999999932e-18
3.446886999999999812e+00 1.926807661982424290e-15 1.277680999999999981e-18
3.447551999999999950e+00 1.990010421440761052e-15 1.287824999999999925e-18
3.448217000000000088e+00 1.971245459445580926e-15 1.274049000000000076e-18
3.448881999999999781e+00 1.943321041360226550e-15 1.258622999999999932e-18
3.449546999999999919e+00 1.990410920778776665e-15 1.283157000000000036e-18
3.450212000000000057e+00 2.027480516600274031e-15 1.302109999999999922e-18
3.450877000000000194e+00 1.995882680495202219e-15 1.303820000000000008e-18
3.451541999999999888e+00 1.920768783410113631e-15 1.270188999999999967e-18
3.452207000000000026e+00 1.865909875935273494e-15 1.283161000000000009e-18
3.452872000000000163e+00 1.895173367173784887e-15 1.271976000000000018e-18
3.453536999999999857e+00 1.926696592099933680e-15 1.258463000000000042e-18
3.454201999999999995e+00 1.946527820706254247e-15 1.246536999999999918e-18
3.454867000000000132e+00 1.952416846814109954e-15 1.253787000000000014e-18
3.455531999999999826e+00 1.943391769325515927e-15 1.234255999999999960e-18
3.456196999999999964e+00 1.885577478865303878e-15 1.226213999999999976e-18
3.456862000000000101e+00 1.867365227612553374e-15 1.256758000000000019e-18
3.457526999999999795e+00 1.860822407148764112e-15 1.259456999999999923e-18
3.458191999999999933e+00 1.848517313532127070e-15 1.243843000000000077e-18
3.458857000000000070e+00 1.846562717439105142e-15 1.235173000000000068e-18
3.459522000000000208e+00 1.856915402101899616e-15 1.460384000000000056e-18
3.460186999999999902e+00 1.902991239893097474e-15 1.476032999999999956e-18
3.460852000000000039e+00 1.960660298821553568e-15 1.554512000000000006e-18
3.461517000000000177e+00 1.966443731578644166e-15 1.585933000000000041e-18
3.462181999999999871e+00 1.925730245557907075e-15 1.281053999999999986e-18
3.462847000000000008e+00 1.916184187218454699e-15 1.248710999999999972e-18
3.463512000000000146e+00 1.955639987846210901e-15 1.286337999999999980e-18
3.464176999999999840e+00 1.978974464874921640e-15 1.336142000000000066e-18
3.464841999999999977e+00 1.915894034495540136e-15 1.325539000000000023e-18
3.465507000000000115e+00 1.861901713754454726e-15 1.309283000000000054e-18
3.466171999999999809e+00 1.927760670974247033e-15 1.350752999999999995e-18
3.466836999999999946e+00 1.985083390123273800e-15 1.389481000000000033e-18
3.467502000000000084e+00 1.998010956266436631e-15 1.465855999999999944e-18
3.468167000000000222e+00 1.952986115973463546e-15 1.531818999999999976e-18
3.468831999999999915e+00 1.929837701247642131e-15 1.508577000000000066e-18
3.469497000000000053e+00 1.944069699180192189e-15 1.525732000000000072e-18
3.470162000000000191e+00 1.965568279056835163e-15 1.502568000000000023e-18
3.470826999999999884e+00 1.942790087003310834e-15 1.462749000000000081e-18
3.471492000000000022e+00 1.897552653230048717e-15 1.420754999999999995e-18
3.472157000000000160e+00 1.937848948804937571e-15 1.444871000000000013e-18
3.472821999999999854e+00 1.995831007789894695e-15 1.478872000000000076e-18
3.473486999999999991e+00 1.942871442242888232e-15 1.469815999999999960e-18
3.474152000000000129e+00 1.870331703162643803e-15 1.404521000000000070e-18
3.474816999999999823e+00 1.832968200674065681e-15 1.378849000000000088e-18
3.475481999999999960e+00 1.833687035169223448e-15 1.598182000000000021e-18
3.476147000000000098e+00 1.925821162097761788e-15 2.006074000000000039e-18
3.476811999999999792e+00 1.910581941266159640e-15 1.380510000000000021e-18
3.477476999999999929e+00 1.872987159753534421e-15 1.362061999999999925e-18
3.478142000000000067e+00 1.860962559109048368e-15 1.373580000000000090e-18
3.478807000000000205e+00 1.902241029413641794e-15 1.377357999999999978e-18
3.479471999999999898e+00 1.946784004952761945e-15 1.395126999999999910e-18
3.480137000000000036e+00 1.940803459181656277e-15 1.382510000000000088e-18
3.480802000000000174e+00 1.878397450755839956e-15 1.335585000000000047e-18
3.481466999999999867e+00 1.851619357033356843e-15 1.309670999999999955e-18
3.482132000000000005e+00 nan 1.553321000000000003e-18
3.482797000000000143e+00 1.905512277560087593e-15 1.536751999999999918e-18
3.483461999999999836e+00 1.924895656303795949e-15 1.325335000000000043e-18
3.484126999999999974e+00 1.949527153689599157e-15 1.359914000000000081e-18
3.484792000000000112e+00 1.853348508330762340e-15 1.330755000000000088e-18
3.485456999999999805e+00 1.853178597254720787e-15 1.330561999999999939e-18
3.486121999999999943e+00 1.887981356516210496e-15 1.354943000000000009e-18
3.486787000000000081e+00 1.861059459196833507e-15 1.328934000000000073e-18
3.487452000000000218e+00 1.866640027899570168e-15 1.326006000000000068e-18
3.488116999999999912e+00 1.881955289805132006e-15 1.332274000000000011e-18
3.488782000000000050e+00 1.935484916407177921e-15 1.345104999999999939e-18
3.489447000000000187e+00 nan 1.853828999999999814e-18
3.490111999999999881e+00 1.909485562828770209e-15 1.302137999999999927e-18
3.490777000000000019e+00 1.839405562290087718e-15 1.870773000000000176e-18
3.491442000000000156e+00 1.789271931521865361e-15 1.518838000000000091e-18
3.492106999999999850e+00 1.764823638232104026e-15 1.271237999999999961e-18
3.492771999999999988e+00 1.772574846054915135e-15 1.270003000000000059e-18
3.493437000000000126e+00 nan 1.767985000000000149e-18
3.494101999999999819e+00 1.868706999905673629e-15 1.316476999999999948e-18
3.494766999999999957e+00 1.910515681114017261e-15 1.316476000000000051e-18
3.495432000000000095e+00 1.931495180580176833e-15 1.327655000000000082e-18
3.496096999999999788e+00 1.921775296016928383e-15 1.326685999999999937e-18
3.496761999999999926e+00 1.899366287325200074e-15 1.327253999999999979e-18
3.497427000000000064e+00 1.877317879124359949e-15 1.322495999999999923e-18
3.498092000000000201e+00 1.856778057545538301e-15 1.309236000000000080e-18
3.498756999999999895e+00 1.795451566419869689e-15 1.291193999999999957e-18
3.499422000000000033e+00 1.787268293256459491e-15 1.291354999999999936e-18
3.500087000000000170e+00 1.857546030742178784e-15 1.317753000000000055e-18
3.500751999999999864e+00 1.903289386077962573e-15 1.343718999999999991e-18
3.501417000000000002e+00 1.899657030504810168e-15 1.343496999999999939e-18
3.502082000000000139e+00 1.964737435460345817e-15 1.386044000000000072e-18
3.502746999999999833e+00 2.029129825696058452e-15 1.438661999999999964e-18
3.503411999999999971e+00 2.003806736596494245e-15 1.424681999999999943e-18
3.504077000000000108e+00 1.954644763176044011e-15 1.413698999999999945e-18
3.504741999999999802e+00 1.921290514097216943e-15 1.402061000000000008e-18
3.505406999999999940e+00 1.875222149732633875e-15 1.388894000000000022e-18
3.506072000000000077e+00 1.945338291508447285e-15 1.471707000000000084e-18
3.506737000000000215e+00 1.986241068639542228e-15 1.593354999999999947e-18
3.507401999999999909e+00 1.961572117947387923e-15 1.885400999999999895e-18
3.508067000000000046e+00 1.872856385867904853e-15 1.567304999999999997e-18
3.508732000000000184e+00 1.879680817670237423e-15 1.572957999999999924e-18
3.509396999999999878e+00 1.950222527013174908e-15 1.638552999999999920e-18
3.510062000000000015e+00 1.906102392530198299e-15 1.630360999999999979e-18
3.510727000000000153e+00 1.859197881661897119e-15 1.591325999999999979e-18
3.511391999999999847e+00 1.859828129767677733e-15 1.562400000000000060e-18
3.512056999999999984e+00 1.862455957685931984e-15 1.548549000000000041e-18
3.512722000000000122e+00 1.914417064982788427e-15 1.593029999999999912e-18
3.513386999999999816e+00 1.959779374620042562e-15 1.623250999999999907e-18
3.514051999999999953e+00 1.909173995603424052e-15 1.574316999999999956e-18
3.514717000000000091e+00 1.950003647618171628e-15 1.604902000000000013e-18
3.515381999999999785e+00 1.942302964304347236e-15 1.580649999999999944e-18
3.516046999999999922e+00 1.933457700062755547e-15 1.554091000000000038e-18
3.516712000000000060e+00 1.923067727402132262e-15 1.532609000000000070e-18
3.517377000000000198e+00 nan 1.518936999999999909e-18
3.518041999999999891e+00 1.929230937290344262e-15 1.474488000000000015e-18
3.518707000000000029e+00 1.840353773007083072e-15 1.420704000000000048e-18
3.519372000000000167e+00 1.799004096227495867e-15 1.391308999999999905e-18
3.520036999999999860e+00 1.836086164205574197e-15 1.344371999999999944e-18
3.520701999999999998e+00 1.873025862797835167e-15 1.311274999999999981e-18
3.521367000000000136e+00 1.884231756474916206e-15 1.319090999999999940e-18
3.522031999999999829e+00 1.907964170074908638e-15 1.322601999999999982e-18
3.522696999999999967e+00 1.879453493456463440e-15 1.293450999999999936e-18
3.523362000000000105e+00 1.886132973128725692e-15 1.301473999999999951e-18
3.524026999999999799e+00 1.907984966750634389e-15 1.294013000000000018e-18
3.524691999999999936e+00 1.893618412075255282e-15 1.274184000000000037e-18
3.525357000000000074e+00 1.905285609852841789e-15 1.281644999999999970e-18
3.526022000000000212e+00 1.928708070130742345e-15 1.280515000000000038e-18
3.526686999999999905e+00 1.890582991638435603e-15 1.252820000000000048e-18
3.527352000000000043e+00 1.835641799524385561e-15 1.230719999999999989e-18
3.528017000000000181e+00 1.837340013496450038e-15 1.218792000000000070e-18
3.528681999999999874e+00 1.855246204413991339e-15 1.211352000000000093e-18
3.529347000000000012e+00 1.896411855582040948e-15 1.210296999999999947e-18
3.530012000000000150e+00 1.946712324203412605e-15 1.260753000000000089e-18
3.530676999999999843e+00 1.975989098140191541e-15 1.285380000000000051e-18
3.531341999999999981e+00 nan 1.269085999999999951e-18
3.532007000000000119e+00 1.950872003337036759e-15 1.269442999999999964e-18
3.532671999999999812e+00 1.970363276492756497e-15 1.277817999999999929e-18
3.533336999999999950e+00 1.956145131719835235e-15 1.482920999999999977e-18
3.534002000000000088e+00 1.961705942585148878e-15 1.269936999999999924e-18
3.534666999999999781e+00 1.987207120316070066e-15 1.275051999999999993e-18
3.535331999999999919e+00 1.956924331174168048e-15 1.265396000000000050e-18
3.535997000000000057e+00 1.931853876292145206e-15 1.233978000000000091e-18
3.536662000000000194e+00 1.907107502315993458e-15 1.203099000000000080e-18
3.537326999999999888e+00 1.884223946961228272e-15 1.207703000000000013e-18
3.537992000000000026e+00 1.881610617318451658e-15 1.220729999999999975e-18
3.538657000000000163e+00 1.877463920099244645e-15 1.222075999999999998e-18
3.539321999999999857e+00 1.896635893190698151e-15 1.227520999999999972e-18
3.539986999999999995e+00 1.916498367005897938e-15 1.227601000000000013e-18
3.540652000000000132e+00 1.968043682163160392e-15 1.249755000000000096e-18
3.541316999999999826e+00 1.931169857741511548e-15 1.228522999999999992e-18
3.541981999999999964e+00 1.897200739843356687e-15 1.221356000000000013e-18
3.542647000000000101e+00 1.938925167175172535e-15 1.240096999999999973e-18
3.543311999999999795e+00 1.914896008579877160e-15 1.228150000000000086e-18
3.543976999999999933e+00 nan 2.921979000000000173e-18
3.544642000000000071e+00 1.773476014492567495e-15 1.850866999999999844e-18
3.545307000000000208e+00 1.852125377772496643e-15 1.230746000000000007e-18
3.545971999999999902e+00 1.890542559390662224e-15 1.242772999999999935e-18
3.546637000000000040e+00 1.943342752698411571e-15 1.270082999999999908e-18
3.547302000000000177e+00 1.959636523377293656e-15 1.281480999999999914e-18
3.547966999999999871e+00 1.973453270860558454e-15 1.294383000000000040e-18
3.548632000000000009e+00 1.982422346853103240e-15 1.291247999999999980e-18
3.549297000000000146e+00 1.990509913881973166e-15 1.287695000000000026e-18
3.549961999999999840e+00 1.963074857202188521e-15 1.302559000000000088e-18
3.550626999999999978e+00 1.948820815671070397e-15 1.303462999999999995e-18
3.551292000000000115e+00 1.945111680364236269e-15 1.289540000000000073e-18
3.551956999999999809e+00 1.938666839260940458e-15 1.285374000000000091e-18
3.552621999999999947e+00 1.893412332338629143e-15 1.285490999999999980e-18
3.553287000000000084e+00 1.875130152057103249e-15 1.269687000000000060e-18
3.553952000000000222e+00 1.885252431027499585e-15 1.284116000000000055e-18
3.554616999999999916e+00 1.918790215515019799e-15 1.287190999999999940e-18
3.555282000000000053e+00 1.940327425512633555e-15 1.288426999999999931e-18
3.555947000000000191e+00 1.909730758116751013e-15 1.259142999999999911e-18
3.556611999999999885e+00 1.900701252325055966e-15 1.300265999999999965e-18
3.557277000000000022e+00 1.913593815934795936e-15 1.321515000000000051e-18
3.557942000000000160e+00 1.918499650672255015e-15 1.366488000000000089e-18
3.558606999999999854e+00 1.929735622654266952e-15 1.371937999999999933e-18
3.559271999999999991e+00 1.949000896720707734e-15 1.383879999999999950e-18
3.559937000000000129e+00 1.916945648677280350e-15 1.338777000000000014e-18
3.560601999999999823e+00 1.910331399760260602e-15 1.345205999999999936e-18
3.561266999999999960e+00 1.891569125896029482e-15 1.357037999999999920e-18
3.561932000000000098e+00 1.877879903619871354e-15 1.338018000000000001e-18
3.562596999999999792e+00 1.935086865238312736e-15 1.515946000000000038e-18
3.563261999999999929e+00 1.943071170273680721e-15 1.283830000000000047e-18
3.563927000000000067e+00 1.924092604552588857e-15 1.243032000000000028e-18
3.564592000000000205e+00 1.888664148722828524e-15 1.235048000000000040e-18
3.565256999999999898e+00 1.924985773781589461e-15 1.250088999999999974e-18
3.565922000000000036e+00 1.974247679787674248e-15 1.266931999999999954e-18
3.566587000000000174e+00 1.978249950072784013e-15 1.269059999999999933e-18
3.567251999999999867e+00 1.950375203816344215e-15 1.242172999999999915e-18
3.567917000000000005e+00 1.897414459320159067e-15 1.224925000000000051e-18
3.568582000000000143e+00 1.879768875527736487e-15 1.206532999999999965e-18
3.569246999999999836e+00 1.901808155519350887e-15 1.231293999999999990e-18
3.569911999999999974e+00 1.878802840816175571e-15 1.228930000000000054e-18
3.570577000000000112e+00 1.841291805438924632e-15 1.219656999999999950e-18
3.571241999999999805e+00 1.880973347103125324e-15 1.228930000000000054e-18
3.571906999999999943e+00 1.917134997336523508e-15 1.238148999999999943e-18
3.572572000000000081e+00 1.932688200678098704e-15 1.246134999999999918e-18
3.573237000000000219e+00 1.955532857215286615e-15 1.239545000000000017e-18
3.573901999999999912e+00 1.960491932113502017e-15 1.253957999999999926e-18
3.574567000000000050e+00 1.928228129379015912e-15 1.278338999999999997e-18
3.575232000000000188e+00 1.884220255366547011e-15 1.273969999999999932e-18
3.575896999999999881e+00 1.886805752312191902e-15 1.274492000000000090e-18
3.576562000000000019e+00 1.885815684500485713e-15 1.275472000000000065e-18
3.577227000000000157e+00 1.898226916632543153e-15 1.271473999999999918e-18
3.577891999999999850e+00 1.953949442669392330e-15 1.309569999999999958e-18
3.578556999999999988e+00 1.925096019039574460e-15 1.281992000000000050e-18
3.579222000000000126e+00 1.917464908057789451e-15 1.261350000000000033e-18
3.579886999999999819e+00 1.954453392226919052e-15 1.274894999999999987e-18
3.580551999999999957e+00 1.950943961619525307e-15 1.289035000000000090e-18
3.581217000000000095e+00 1.892634335397116681e-15 2.679266999999999997e-18
3.581881999999999788e+00 1.892139247326311518e-15 1.314000999999999993e-18
3.582546999999999926e+00 1.882165707299253396e-15 1.297040999999999930e-18
3.583212000000000064e+00 1.911752919998688736e-15 1.324520999999999918e-18
3.583877000000000201e+00 1.936473619284267514e-15 1.587202999999999997e-18
3.584541999999999895e+00 nan 1.573725999999999972e-18
3.585207000000000033e+00 1.940726369824874600e-15 1.335065999999999965e-18
3.585872000000000170e+00 1.865624689584126015e-15 1.306037999999999960e-18
3.586536999999999864e+00 1.884775572324949635e-15 1.519571000000000086e-18
3.587202000000000002e+00 1.908497983303921165e-15 1.355941999999999953e-18
3.587867000000000139e+00 1.913984198247420489e-15 1.334467000000000034e-18
3.588531999999999833e+00 1.922429358058278912e-15 1.404716000000000014e-18
3.589196999999999971e+00 1.939544378407711042e-15 1.638928000000000005e-18
3.589862000000000108e+00 1.971413148479480905e-15 1.501523000000000003e-18
3.590526999999999802e+00 1.966816829197721416e-15 1.490132999999999942e-18
3.591191999999999940e+00 1.918775916195018896e-15 1.479682999999999933e-18
3.591857000000000077e+00 1.915709996631499763e-15 1.449889000000000059e-18
3.592522000000000215e+00 1.923054511583174354e-15 1.414809000000000011e-18
3.593186999999999909e+00 1.900131553892687080e-15 1.401849999999999979e-18
3.593852000000000046e+00 1.911783401921851193e-15 1.423133999999999926e-18
3.594517000000000184e+00 1.937950575255937401e-15 1.420414000000000067e-18
3.595181999999999878e+00 1.891044365713563403e-15 1.362775999999999951e-18
3.595847000000000016e+00 1.899071167486679393e-15 1.382593000000000012e-18
3.596512000000000153e+00 1.905819543574092850e-15 1.392248000000000059e-18
3.597176999999999847e+00 1.824406833005301477e-15 1.377875999999999970e-18
3.597841999999999985e+00 nan 1.565549999999999924e-18
3.598507000000000122e+00 1.936623367255137266e-15 1.380283999999999996e-18
3.599171999999999816e+00 1.950224988851025920e-15 1.373371999999999944e-18
3.599836999999999954e+00 1.935561202320146439e-15 1.360974999999999994e-18
3.600502000000000091e+00 1.866798524107063248e-15 1.319142000000000079e-18
3.601166999999999785e+00 nan nan
3.601831999999999923e+00 1.794909361412871110e-15 1.540642000000000018e-18
3.602497000000000060e+00 1.790178107338131439e-15 1.326653999999999959e-18
3.603162000000000198e+00 1.832484328167651006e-15 1.325627000000000011e-18
3.603826999999999892e+00 1.905673822396824649e-15 1.317536000000000067e-18
3.604492000000000029e+00 1.952803901558377548e-15 1.335907000000000005e-18
3.605157000000000167e+00 1.982871268288965017e-15 1.347293000000000092e-18
3.605821999999999861e+00 1.954629411113703649e-15 1.342849999999999946e-18
3.606486999999999998e+00 nan 1.602482000000000068e-18
3.607152000000000136e+00 1.961890189863188623e-15 1.339220000000000028e-18
3.607816999999999830e+00 1.973148015286732487e-15 1.313374000000000057e-18
3.608481999999999967e+00 1.902609612207654891e-15 1.285477000000000074e-18
3.609147000000000105e+00 1.910771767524642203e-15 1.288985000000000040e-18
3.609811999999999799e+00 1.982153380979936285e-15 1.305115999999999982e-18
3.610476999999999936e+00 1.973560432196338631e-15 1.290993000000000053e-18
3.611142000000000074e+00 1.921326584944430495e-15 1.273571000000000008e-18
3.611807000000000212e+00 1.923531270702871997e-15 1.664721000000000041e-18
3.612471999999999905e+00 1.913024681489337458e-15 1.653843999999999911e-18
3.613137000000000043e+00 1.870280088880025454e-15 1.244954999999999936e-18
3.613802000000000181e+00 1.868589217791798861e-15 1.251064000000000079e-18
3.614466999999999874e+00 1.887397383375704965e-15 1.935689000000000008e-18
3.615132000000000012e+00 1.919047177451887382e-15 1.278681000000000014e-18
3.615797000000000150e+00 1.904612944135839424e-15 1.471158999999999908e-18
3.616461999999999843e+00 1.875731309693469924e-15 1.564137999999999958e-18
3.617126999999999981e+00 1.848520861325759393e-15 1.540685000000000018e-18
3.617792000000000119e+00 1.900193023947241127e-15 1.361971000000000054e-18
3.618456999999999812e+00 1.945827167412690082e-15 1.335650999999999989e-18
3.619121999999999950e+00 1.931630224825884743e-15 1.636312999999999923e-18
3.619787000000000088e+00 nan nan
3.620451999999999781e+00 1.961661975413621515e-15 1.532787000000000032e-18
3.621116999999999919e+00 1.929691473317325902e-15 1.531938000000000045e-18
3.621782000000000057e+00 1.874912668765569001e-15 1.507915999999999973e-18
3.622447000000000195e+00 1.864760219921634077e-15 1.422929000000000050e-18
3.623111999999999888e+00 1.862748430391681304e-15 1.440359000000000041e-18
3.623777000000000026e+00 1.864899962578358735e-15 1.459367999999999937e-18
3.624442000000000164e+00 1.863340786227144804e-15 1.455631000000000062e-18
3.625106999999999857e+00 1.902478330409373063e-15 1.465803999999999908e-18
3.625771999999999995e+00 1.854218540165734795e-15 1.457955000000000074e-18
3.626437000000000133e+00 1.857050256645217563e-15 1.453799999999999922e-18
3.627101999999999826e+00 1.904992043694168808e-15 1.485581000000000046e-18
3.627766999999999964e+00 1.975687671125605104e-15 1.524876000000000036e-18
3.628432000000000102e+00 1.979958628226135204e-15 1.530526000000000079e-18
3.629096999999999795e+00 1.972647961232636766e-15 1.533013999999999953e-18
3.629761999999999933e+00 1.982922578656963336e-15 1.545886000000000088e-18
3.630427000000000071e+00 1.945677286382501012e-15 2.058984000000000091e-18
3.631092000000000208e+00 1.883539031802728223e-15 1.464110999999999997e-18
3.631756999999999902e+00 1.878544441818007996e-15 1.697262999999999972e-18
3.632422000000000040e+00 1.899995176277074486e-15 1.672856000000000076e-18
3.633087000000000177e+00 1.883347641735517417e-15 1.659130999999999981e-18
3.633751999999999871e+00 1.870812735347278682e-15 1.358327999999999934e-18
3.634417000000000009e+00 1.920982031660472863e-15 1.378943000000000036e-18
3.635082000000000146e+00 1.910335739773508739e-15 1.764153999999999942e-18
3.635746999999999840e+00 1.849463049239467212e-15 1.324931999999999954e-18
3.636411999999999978e+00 1.798385717379555142e-15 1.287225999999999994e-18
3.637077000000000115e+00 1.796139591999521505e-15 1.299684000000000017e-18
3.637741999999999809e+00 nan 1.592430999999999982e-18
3.638406999999999947e+00 1.894815542714924272e-15 1.332343999999999926e-18
3.639072000000000084e+00 1.933822310638858130e-15 1.335602000000000029e-18
3.639736999999999778e+00 1.903193306315240833e-15 1.316607000000000039e-18
3.640401999999999916e+00 1.847052663609967744e-15 1.314797000000000046e-18
3.641067000000000053e+00 1.862124712978634169e-15 1.375927000000000043e-18
3.641732000000000191e+00 1.890555190259319264e-15 1.425631999999999926e-18
3.642396999999999885e+00 1.913534126094379044e-15 1.427714999999999918e-18
3.643062000000000022e+00 1.954668473124638354e-15 1.448907999999999994e-18
3.643727000000000160e+00 1.981645286466849211e-15 1.412827999999999914e-18
3.644391999999999854e+00 1.975571397181300212e-15 1.361317000000000011e-18
3.645056999999999992e+00 1.952396073548410984e-15 1.388374000000000044e-18
3.645722000000000129e+00 1.922962481003294933e-15 1.420201999999999948e-18
3.646386999999999823e+00 1.871511925642910557e-15 1.411228000000000053e-18
3.647051999999999961e+00 1.854992037229958932e-15 1.393518999999999911e-18
3.647717000000000098e+00 1.867154352325397061e-15 1.359267999999999984e-18
3.648381999999999792e+00 1.875701273678690186e-15 1.335834999999999910e-18
3.649046999999999930e+00 1.884906476596687149e-15 1.335189000000000006e-18
3.649712000000000067e+00 1.863879908534500993e-15 1.316439999999999907e-18
3.650377000000000205e+00 1.854411746078735510e-15 1.259899000000000040e-18
3.651041999999999899e+00 1.859192897866673212e-15 1.217343999999999961e-18
3.651707000000000036e+00 1.841893189303773311e-15 1.205848000000000033e-18
3.652372000000000174e+00 1.848772967952627997e-15 1.196740999999999971e-18
3.653036999999999868e+00 1.865227965487852203e-15 1.227604999999999986e-18
3.653702000000000005e+00 1.876889008292039419e-15 1.690507999999999926e-18
3.654367000000000143e+00 1.877498822202565176e-15 1.673554000000000016e-18
3.655031999999999837e+00 1.862435587731447010e-15 1.234313000000000059e-18
3.655696999999999974e+00 1.891353368823796993e-15 1.234244999999999937e-18
3.656362000000000112e+00 1.908380473193952629e-15 1.252083000000000081e-18
3.657026999999999806e+00 1.887037843929748057e-15 1.257889999999999937e-18
3.657691999999999943e+00 1.842484874754020374e-15 1.226041999999999974e-18
3.658357000000000081e+00 1.819303453874246154e-15 1.241699000000000013e-18
3.659022000000000219e+00 1.842403359690837431e-15 1.261131999999999954e-18
3.659686999999999912e+00 1.836618465945475565e-15 1.427166000000000037e-18
3.660352000000000050e+00 1.862043532762821568e-15 1.274868999999999968e-18
3.661017000000000188e+00 1.864573260044330875e-15 1.279305000000000066e-18
3.661681999999999881e+00 1.855434766721481640e-15 1.285118999999999972e-18
3.662347000000000019e+00 1.846063228560838921e-15 1.309317000000000018e-18
3.663012000000000157e+00 1.869107588159766338e-15 1.299687000000000093e-18
3.663676999999999850e+00 1.863573901130493800e-15 1.288809000000000065e-18
3.664341999999999988e+00 1.834293209258310499e-15 1.302602999999999986e-18
3.665007000000000126e+00 1.858426755562435243e-15 1.299938999999999944e-18
3.665671999999999819e+00 1.883700293422698817e-15 1.278112000000000075e-18
3.666336999999999957e+00 1.914302840344810556e-15 1.289830000000000054e-18
3.667002000000000095e+00 1.910136043215689950e-15 1.302148000000000053e-18
3.667666999999999788e+00 1.925105351934627221e-15 1.308877999999999978e-18
3.668331999999999926e+00 1.936158424285088274e-15 1.316558000000000078e-18
3.668997000000000064e+00 1.912625784862297278e-15 1.439486000000000022e-18
3.669662000000000202e+00 1.903136434182571531e-15 1.583263999999999936e-18
3.670326999999999895e+00 1.909190622793920949e-15 1.629639000000000007e-18
3.670992000000000033e+00 1.910367045532535205e-15 1.671353999999999943e-18
3.671657000000000171e+00 1.907022849830757636e-15 1.634911999999999979e-18
3.672321999999999864e+00 1.893766498442991551e-15 1.770614000000000137e-18
3.672987000000000002e+00 1.864157470226087895e-15 1.725062999999999932e-18
3.673652000000000140e+00 1.858017538050792363e-15 1.755398000000000125e-18
3.674316999999999833e+00 1.876075641198630663e-15 1.555800999999999931e-18
3.674981999999999971e+00 1.881291456781782754e-15 1.565788000000000061e-18
3.675647000000000109e+00 1.849408570403380150e-15 1.563864999999999960e-18
3.676311999999999802e+00 1.879693987809094293e-15 1.561613000000000043e-18
3.676976999999999940e+00 1.891701315856115353e-15 1.527125000000000069e-18
3.677642000000000078e+00 1.830378278364953924e-15 2.134758999999999982e-18
3.678307000000000215e+00 1.856050786736100342e-15 1.695527000000000061e-18
3.678971999999999909e+00 1.865494504766511218e-15 1.362358000000000058e-18
3.679637000000000047e+00 1.850182853442693416e-15 1.328439999999999920e-18
3.680302000000000184e+00 1.826569825812337060e-15 1.268367999999999952e-18
3.680966999999999878e+00 1.880577688046560606e-15 1.265607000000000079e-18
3.681632000000000016e+00 1.891320140970966792e-15 1.272436000000000014e-18
3.682297000000000153e+00 1.881897828346465962e-15 1.275575000000000048e-18
3.682961999999999847e+00 1.894858558688739283e-15 1.277310999999999959e-18
3.683626999999999985e+00 1.875288698848990789e-15 1.264239000000000010e-18
3.684292000000000122e+00 1.842062617148350382e-15 1.255221999999999922e-18
3.684956999999999816e+00 1.875893492561867956e-15 1.260050000000000086e-18
3.685621999999999954e+00 1.904117560634735935e-15 1.291191000000000073e-18
3.686287000000000091e+00 1.907537922541679278e-15 1.287626999999999905e-18
3.686951999999999785e+00 1.904559858806914889e-15 1.305977000000000081e-18
3.687616999999999923e+00 1.881110034662829712e-15 1.805411000000000061e-18
3.688282000000000060e+00 1.865813966783233404e-15 1.530693000000000018e-18
3.688947000000000198e+00 1.861591619509889049e-15 1.305581000000000040e-18
3.689611999999999892e+00 1.863579577307643643e-15 1.294102999999999993e-18
3.690277000000000029e+00 1.842192345672894442e-15 1.301424000000000094e-18
3.690942000000000167e+00 nan 1.530493999999999908e-18
3.691606999999999861e+00 nan 1.540485999999999909e-18
3.692271999999999998e+00 1.778644024867193798e-15 2.767822000000000062e-18
3.692937000000000136e+00 nan nan
3.693601999999999830e+00 1.851951913094185908e-15 1.611489000000000031e-18
3.694266999999999967e+00 nan 1.330742999999999976e-18
3.694932000000000105e+00 1.854113512712764292e-15 1.343823000000000064e-18
3.695596999999999799e+00 1.880436273597586476e-15 1.312892999999999913e-18
3.696261999999999937e+00 1.861581533210922916e-15 1.294495999999999957e-18
3.696927000000000074e+00 1.890107737084751778e-15 1.260574999999999935e-18
3.697592000000000212e+00 1.871690924530994661e-15 1.226999000000000007e-18
3.698256999999999906e+00 1.855996046752126046e-15 1.203587999999999978e-18
3.698922000000000043e+00 1.840444770814759123e-15 1.201981000000000068e-18
3.699587000000000181e+00 1.827397817806472927e-15 1.181801000000000033e-18
3.700251999999999875e+00 1.822797390760136147e-15 1.210382000000000051e-18
3.700917000000000012e+00 1.842338721175453738e-15 1.212491999999999957e-18
3.701582000000000150e+00 1.862582584332911128e-15 1.203623999999999929e-18
3.702246999999999844e+00 1.907936884887338993e-15 1.224028000000000001e-18
3.702911999999999981e+00 1.885209990247007852e-15 1.211659000000000056e-18
3.703577000000000119e+00 1.870486597372362671e-15 1.199038999999999964e-18
3.704241999999999813e+00 1.871811748806967018e-15 1.414160000000000031e-18
3.704906999999999950e+00 1.872534216687233167e-15 1.294691999999999990e-18
3.705572000000000088e+00 1.870248151948614929e-15 1.309909999999999989e-18
3.706236999999999782e+00 1.878207912317225056e-15 1.228272999999999935e-18
3.706901999999999919e+00 nan 1.230224999999999939e-18
3.707567000000000057e+00 nan 1.369783999999999937e-18
3.708232000000000195e+00 nan 2.315927000000000049e-18
3.708896999999999888e+00 nan 1.385205000000000018e-18
3.709562000000000026e+00 1.819956761927959374e-15 1.214439000000000090e-18
3.710227000000000164e+00 1.875991682268573486e-15 1.256451999999999953e-18
3.710891999999999857e+00 1.914955738977503184e-15 1.463333000000000016e-18
3.711556999999999995e+00 1.904841591984876309e-15 1.300985999999999950e-18
3.712222000000000133e+00 1.905394459619978851e-15 1.329448999999999989e-18
3.712886999999999826e+00 1.869037613919769504e-15 1.362425999999999987e-18
3.713551999999999964e+00 1.832799007872053924e-15 1.313155000000000082e-18
3.714217000000000102e+00 1.828456699470246708e-15 1.271705000000000006e-18
3.714881999999999795e+00 1.856000366960217308e-15 1.272955999999999993e-18
3.715546999999999933e+00 1.851960714004058464e-15 1.272798000000000089e-18
3.716212000000000071e+00 1.850197751511314296e-15 1.454575000000000020e-18
3.716877000000000209e+00 1.909232916826475619e-15 1.532061999999999983e-18
3.717541999999999902e+00 1.845923457742000827e-15 1.487767999999999917e-18
3.718207000000000040e+00 1.848545252911455352e-15 1.624874999999999992e-18
3.718872000000000178e+00 1.855941901299621907e-15 1.602114999999999929e-18
3.719536999999999871e+00 nan nan
3.720202000000000009e+00 1.867562945475291241e-15 1.528956999999999914e-18
3.720867000000000147e+00 1.864580960789562048e-15 1.475254999999999974e-18
3.721531999999999840e+00 1.870874782500466113e-15 1.408208999999999985e-18
3.722196999999999978e+00 1.863845911462697263e-15 1.354963000000000068e-18
3.722862000000000116e+00 nan 1.558831999999999919e-18
3.723526999999999809e+00 nan nan
3.724191999999999947e+00 nan nan
3.724857000000000085e+00 nan nan
3.725521999999999778e+00 nan nan
3.726186999999999916e+00 1.813055925153564658e-15 1.278626000000000094e-18
3.726852000000000054e+00 1.843471200917796805e-15 1.274848999999999910e-18
3.727517000000000191e+00 1.890354596279542645e-15 1.267256999999999989e-18
3.728181999999999885e+00 1.897358844665187258e-15 1.241564999999999949e-18
3.728847000000000023e+00 1.881215947114292937e-15 1.242845000000000030e-18
3.729512000000000160e+00 1.896136669246018471e-15 1.267772999999999995e-18
3.730176999999999854e+00 nan nan
3.730841999999999992e+00 nan nan
3.731507000000000129e+00 1.855319236529239682e-15 1.258665999999999932e-18
3.732171999999999823e+00 1.808587792176399073e-15 1.236329000000000018e-18
3.732836999999999961e+00 1.797692429281901679e-15 1.235663000000000055e-18
3.733502000000000098e+00 1.778372697246424262e-15 1.217502000000000056e-18
3.734166999999999792e+00 1.785741498107636116e-15 1.237886999999999968e-18
3.734831999999999930e+00 1.803149548859972738e-15 1.245943999999999947e-18
3.735497000000000067e+00 1.802910833675409643e-15 1.295432000000000034e-18
3.736162000000000205e+00 1.841368135422438685e-15 1.361118000000000094e-18
3.736826999999999899e+00 1.848240852806600333e-15 1.623194000000000000e-18
3.737492000000000036e+00 1.840194742077695901e-15 1.735452000000000062e-18
3.738157000000000174e+00 1.843219766109529752e-15 1.624878999999999965e-18
3.738821999999999868e+00 1.889117445108039121e-15 1.913952999999999818e-18
3.739487000000000005e+00 1.932830779500461869e-15 1.724462000000000015e-18
3.740152000000000143e+00 1.903323927791225373e-15 1.678666000000000008e-18
3.740816999999999837e+00 1.901260602083458905e-15 2.436662999999999866e-18
3.741481999999999974e+00 1.893756075789464924e-15 1.721483999999999960e-18
3.742147000000000112e+00 1.828999746066478399e-15 1.662395000000000043e-18
3.742811999999999806e+00 1.812514064447737413e-15 1.633386000000000008e-18
3.743476999999999943e+00 1.832189335688636541e-15 1.533277000000000019e-18
3.744142000000000081e+00 1.833325136400839318e-15 1.402941999999999972e-18
3.744807000000000219e+00 1.782965356417156182e-15 1.334069000000000008e-18
3.745471999999999912e+00 1.735883981159969267e-15 1.295718999999999938e-18
3.746137000000000050e+00 1.802182724091335906e-15 1.317370999999999921e-18
3.746802000000000188e+00 1.864557637704525306e-15 1.309406000000000095e-18
3.747466999999999882e+00 1.858840356498106006e-15 1.252227000000000078e-18
3.748132000000000019e+00 1.828244304561174346e-15 1.226389000000000054e-18
3.748797000000000157e+00 1.840569115328125126e-15 1.214671000000000075e-18
3.749461999999999851e+00 1.860134370968397479e-15 1.213286999999999921e-18
3.750126999999999988e+00 1.855941949134367924e-15 1.212527999999999909e-18
3.750792000000000126e+00 1.849860200393332369e-15 1.216917000000000032e-18
3.751456999999999820e+00 1.855811599655915620e-15 1.213546000000000014e-18
3.752121999999999957e+00 nan nan
3.752787000000000095e+00 nan nan
3.753451999999999789e+00 1.830347688985170553e-15 1.214088999999999934e-18
3.754116999999999926e+00 1.823783971674180074e-15 1.192421999999999956e-18
3.754782000000000064e+00 1.824787114574874125e-15 1.191942999999999991e-18
3.755447000000000202e+00 1.828673884701542644e-15 1.207402000000000010e-18
3.756111999999999895e+00 1.801174655321946352e-15 1.202669000000000075e-18
3.756777000000000033e+00 1.812216154721023673e-15 1.213372000000000025e-18
3.757442000000000171e+00 1.836303222873493386e-15 1.218162999999999956e-18
3.758106999999999864e+00 1.871987268805518229e-15 1.236789000000000014e-18
3.758772000000000002e+00 1.882409419525956383e-15 1.257967999999999992e-18
3.759437000000000140e+00 1.881370730047210078e-15 1.277217999999999909e-18
3.760101999999999833e+00 1.853954876010319396e-15 1.242759999999999926e-18
3.760766999999999971e+00 1.833201663661663933e-15 1.243007999999999996e-18
3.761432000000000109e+00 1.835360004441723835e-15 1.263571000000000061e-18
3.762096999999999802e+00 1.795734062632117391e-15 1.250711999999999936e-18
3.762761999999999940e+00 1.784874832050503574e-15 1.254665999999999992e-18
3.763427000000000078e+00 1.769739617304840456e-15 1.210919000000000012e-18
3.764092000000000215e+00 1.763240824242895362e-15 1.214927999999999988e-18
3.764756999999999909e+00 1.783447538609733893e-15 1.237413000000000065e-18
3.765422000000000047e+00 1.804873872544945126e-15 1.243963000000000042e-18
3.766087000000000184e+00 1.817672903192442461e-15 1.242903999999999923e-18
3.766751999999999878e+00 1.834754818365757888e-15 1.245150000000000073e-18
3.767417000000000016e+00 1.846423369551216163e-15 1.305497000000000026e-18
3.768082000000000154e+00 1.869137752105634084e-15 1.324796999999999993e-18
3.768746999999999847e+00 1.891105317355086776e-15 1.314776999999999987e-18
3.769411999999999985e+00 1.852407732044998513e-15 1.317106999999999959e-18
3.770077000000000123e+00 1.815335016217791145e-15 1.247233999999999961e-18
3.770741999999999816e+00 1.787934350656665814e-15 1.252401999999999963e-18
3.771406999999999954e+00 1.822636005159849942e-15 1.467527000000000003e-18
3.772072000000000092e+00 1.839221352444276531e-15 1.287106999999999926e-18
3.772736999999999785e+00 1.818072904148712831e-15 1.272967000000000015e-18
3.773401999999999923e+00 1.776982587327647956e-15 1.267834999999999964e-18
3.774067000000000061e+00 1.752941135233121646e-15 1.239539999999999954e-18
3.774732000000000198e+00 1.810698099576475928e-15 1.260912000000000082e-18
3.775396999999999892e+00 1.888287071295450712e-15 1.295608000000000009e-18
3.776062000000000030e+00 1.913634784855240299e-15 1.292846000000000046e-18
3.776727000000000167e+00 1.886878852150275690e-15 1.269812999999999985e-18
3.777391999999999861e+00 1.862165286124424294e-15 1.276467000000000035e-18
3.778056999999999999e+00 1.856515033798931807e-15 1.325466999999999928e-18
3.778722000000000136e+00 1.841480539983262343e-15 1.319591999999999950e-18
3.779386999999999830e+00 1.790788549209173570e-15 1.345104000000000042e-18
3.780051999999999968e+00 nan nan
3.780717000000000105e+00 1.814567016470551078e-15 1.308883999999999937e-18
3.781381999999999799e+00 1.841787326962717077e-15 1.251416999999999926e-18
3.782046999999999937e+00 1.836802570471032908e-15 1.236626999999999945e-18
3.782712000000000074e+00 1.865379738070310146e-15 1.243602000000000056e-18
3.783377000000000212e+00 1.879774064636859550e-15 1.226787999999999978e-18
3.784041999999999906e+00 1.835602637611905448e-15 1.207620000000000088e-18
3.784707000000000043e+00 1.831859430549086096e-15 1.221771000000000022e-18
3.785372000000000181e+00 1.848101485161422954e-15 1.225768000000000078e-18
3.786036999999999875e+00 1.825731803229318334e-15 1.220679000000000028e-18
3.786702000000000012e+00 1.794641337699202826e-15 1.215466999999999936e-18
3.787367000000000150e+00 1.799792492817327138e-15 1.207796000000000063e-18
3.788031999999999844e+00 nan nan
3.788696999999999981e+00 nan nan
3.789362000000000119e+00 nan 1.223549999999999934e-18
3.790026999999999813e+00 1.830694916382590830e-15 1.203290999999999948e-18
3.790691999999999950e+00 1.814605027139888768e-15 1.200070999999999976e-18
3.791357000000000088e+00 1.801690179239720573e-15 1.195258000000000000e-18
3.792021999999999782e+00 1.815464737204074663e-15 1.198627000000000032e-18
3.792686999999999919e+00 1.838383580353644226e-15 1.219448999999999997e-18
3.793352000000000057e+00 1.832922737247823762e-15 1.197150000000000020e-18
3.794017000000000195e+00 1.836620768802290743e-15 1.209989999999999984e-18
3.794681999999999888e+00 1.843557647951808599e-15 1.207198000000000030e-18
3.795347000000000026e+00 1.815048476027396723e-15 1.202838000000000001e-18
3.796012000000000164e+00 1.789885142834968551e-15 1.192892999999999974e-18
3.796676999999999857e+00 1.803000011036103234e-15 1.196980000000000005e-18
3.797341999999999995e+00 1.846375343159176401e-15 1.218719999999999975e-18
3.798007000000000133e+00 1.868829723028104204e-15 1.211794999999999914e-18
3.798671999999999827e+00 nan nan
3.799336999999999964e+00 nan nan
3.800002000000000102e+00 1.726615795724701476e-15 1.903891999999999992e-18
3.800666999999999796e+00 1.762021199899406789e-15 1.908008000000000117e-18
3.801331999999999933e+00 1.834267024976236224e-15 1.168254999999999990e-18
3.801997000000000071e+00 1.837107303276387910e-15 1.175466000000000059e-18
3.802662000000000209e+00 1.837890971674716395e-15 1.177383999999999905e-18
3.803326999999999902e+00 1.835471942663855748e-15 1.186963999999999973e-18
3.803992000000000040e+00 1.835536485308336230e-15 1.202886999999999961e-18
3.804657000000000178e+00 1.813255455308757628e-15 1.153485999999999965e-18
3.805321999999999871e+00 1.790335833199219662e-15 1.142497000000000007e-18
3.805987000000000009e+00 1.777591297358179298e-15 1.149426000000000042e-18
3.806652000000000147e+00 1.765591093828125393e-15 1.141939000000000091e-18
3.807316999999999840e+00 1.755633868907763096e-15 1.140472999999999909e-18
3.807981999999999978e+00 1.735709223307322517e-15 1.127596999999999994e-18
3.808647000000000116e+00 1.753715638629138249e-15 1.151720999999999959e-18
3.809311999999999809e+00 1.809753677115067828e-15 1.390171000000000027e-18
3.809976999999999947e+00 nan nan
3.810642000000000085e+00 1.798209048982248993e-15 1.190635999999999995e-18
3.811306999999999778e+00 1.749557856552189900e-15 1.162673999999999966e-18
3.811971999999999916e+00 1.757475048777352783e-15 1.169814999999999926e-18
3.812637000000000054e+00 1.799731533945864775e-15 1.193711000000000073e-18
3.813302000000000191e+00 1.852357742636478459e-15 1.245520999999999992e-18
3.813966999999999885e+00 1.873377602876414172e-15 1.244969000000000035e-18
3.814632000000000023e+00 1.850685126278514948e-15 1.272884000000000090e-18
3.815297000000000160e+00 1.795618733062912613e-15 1.303277999999999984e-18
3.815961999999999854e+00 1.793371111748124826e-15 1.333777000000000040e-18
3.816626999999999992e+00 1.813549257867519834e-15 1.340944000000000019e-18
3.817292000000000129e+00 1.829337992069423377e-15 1.346759000000000015e-18
3.817956999999999823e+00 1.813565789475838977e-15 1.334278999999999947e-18
3.818621999999999961e+00 1.798315573003481017e-15 1.351887999999999990e-18
3.819287000000000099e+00 1.825983635296609608e-15 1.405798000000000075e-18
3.819951999999999792e+00 1.815083762650505998e-15 1.398590000000000082e-18
3.820616999999999930e+00 1.812651030324229910e-15 1.392033999999999953e-18
3.821282000000000068e+00 1.824695721703518531e-15 1.403614000000000087e-18
3.821947000000000205e+00 1.857508293940942397e-15 1.961683999999999846e-18
3.822611999999999899e+00 nan 1.876915999999999897e-18
3.823277000000000037e+00 1.767698703154796308e-15 1.811653999999999882e-18
3.823942000000000174e+00 1.798185324013237748e-15 1.357622000000000047e-18
3.824606999999999868e+00 1.819099399497305514e-15 1.322749999999999953e-18
3.825272000000000006e+00 1.804121378644779530e-15 1.297904000000000016e-18
3.825937000000000143e+00 1.784075862512671420e-15 1.279169999999999912e-18
3.826601999999999837e+00 1.778314496880629289e-15 1.238314000000000089e-18
3.827266999999999975e+00 1.785453049930979892e-15 1.257736000000000007e-18
3.827932000000000112e+00 1.789568380270266807e-15 1.300527000000000044e-18
3.828596999999999806e+00 1.792227777187500978e-15 1.263427999999999961e-18
3.829261999999999944e+00 1.767931804883384848e-15 1.214004999999999920e-18
3.829927000000000081e+00 1.735731912546768758e-15 1.207781999999999965e-18
3.830592000000000219e+00 1.767205599904360850e-15 1.212753000000000036e-18
3.831256999999999913e+00 1.758248349671401592e-15 1.216027000000000031e-18
3.831922000000000050e+00 1.760387191436760559e-15 1.204672999999999922e-18
3.832587000000000188e+00 1.796485652331954211e-15 2.226196000000000168e-18
3.833251999999999882e+00 1.807754224288081696e-15 2.159008000000000168e-18
3.833917000000000019e+00 1.784895998724055157e-15 1.173925000000000092e-18
3.834582000000000157e+00 1.771603155172548983e-15 1.170468999999999969e-18
3.835246999999999851e+00 1.770518322158104657e-15 1.176556000000000066e-18
3.835911999999999988e+00 1.758368261652322347e-15 1.175651999999999967e-18
3.836577000000000126e+00 1.774194074958510648e-15 1.171801999999999984e-18
3.837241999999999820e+00 1.779258082659077346e-15 1.177181000000000015e-18
3.837906999999999957e+00 1.788644601377251518e-15 1.160519999999999969e-18
3.838572000000000095e+00 1.806972827437413884e-15 1.175300000000000017e-18
3.839236999999999789e+00 1.810290538028468155e-15 1.170618000000000029e-18
3.839901999999999926e+00 1.785049787198532983e-15 1.144851000000000011e-18
3.840567000000000064e+00 1.777521363036012339e-15 1.265721000000000085e-18
3.841232000000000202e+00 1.779652386250569756e-15 1.251154999999999950e-18
3.841896999999999895e+00 1.768279063749728417e-15 1.123462000000000093e-18
3.842562000000000033e+00 1.779973654911848879e-15 2.039498000000000023e-18
3.843227000000000171e+00 1.796688384990059473e-15 2.031982999999999875e-18
3.843891999999999864e+00 1.826946082210212490e-15 1.139658000000000080e-18
3.844557000000000002e+00 1.845817312978411969e-15 1.148579000000000042e-18
3.845222000000000140e+00 1.831711220422595268e-15 1.133325000000000092e-18
3.845886999999999833e+00 1.780524346742293179e-15 1.119254000000000007e-18
3.846551999999999971e+00 1.743419354305310504e-15 2.388784000000000061e-18
3.847217000000000109e+00 1.750538685466269730e-15 1.307118000000000035e-18
3.847881999999999802e+00 1.764533723971180051e-15 1.122460999999999970e-18
3.848546999999999940e+00 1.752659297956524548e-15 1.135120999999999986e-18
3.849212000000000078e+00 1.762448914694545042e-15 1.140812000000000043e-18
3.849877000000000216e+00 1.767418789060204616e-15 1.142927000000000012e-18
3.850541999999999909e+00 1.765569481138496392e-15 1.166512999999999927e-18
3.851207000000000047e+00 1.789671029886796450e-15 1.169380999999999949e-18
3.851872000000000185e+00 1.772716003161232746e-15 1.155080999999999955e-18
3.852536999999999878e+00 1.720826831233724200e-15 1.129980999999999989e-18
3.853202000000000016e+00 1.713222620251236403e-15 1.119184999999999989e-18
3.853867000000000154e+00 1.758975225007664286e-15 1.140116999999999986e-18
3.854531999999999847e+00 nan 1.239694999999999974e-18
3.855196999999999985e+00 1.786639464007052373e-15 1.177398000000000004e-18
3.855862000000000123e+00 1.800732571765783397e-15 1.180711999999999923e-18
3.856526999999999816e+00 1.811293279699185737e-15 1.180782999999999928e-18
3.857191999999999954e+00 1.797301661080936985e-15 1.187016999999999906e-18
3.857857000000000092e+00 1.784829676597431415e-15 1.189938000000000054e-18
3.858521999999999785e+00 1.794874482308566234e-15 1.195579000000000061e-18
3.859186999999999923e+00 1.836852580394248411e-15 1.225374999999999922e-18
3.859852000000000061e+00 1.841365376419153892e-15 2.979303000000000085e-18
3.860517000000000198e+00 1.830618352389503124e-15 2.951520999999999812e-18
3.861181999999999892e+00 1.848028584437094924e-15 1.847918000000000077e-18
3.861847000000000030e+00 1.853015020612900346e-15 1.247962999999999982e-18
3.862512000000000167e+00 1.798302541567283988e-15 1.255911000000000019e-18
3.863176999999999861e+00 1.718198187283562723e-15 1.249333000000000037e-18
3.863841999999999999e+00 1.724981076273548761e-15 1.274595000000000073e-18
3.864507000000000136e+00 1.779369764557555926e-15 1.278432000000000047e-18
3.865171999999999830e+00 1.789179619233421738e-15 1.295456000000000065e-18
3.865836999999999968e+00 1.785593964652106786e-15 1.355406000000000082e-18
3.866502000000000105e+00 1.784646027782602955e-15 1.403854999999999915e-18
3.867166999999999799e+00 1.812527380421132575e-15 1.416503000000000011e-18
3.867831999999999937e+00 1.772648113232924224e-15 1.440901000000000065e-18
3.868497000000000074e+00 1.746618719148368450e-15 1.525725999999999919e-18
3.869162000000000212e+00 1.751896502748995236e-15 1.532347999999999991e-18
3.869826999999999906e+00 1.793487971124410239e-15 1.554431999999999965e-18
3.870492000000000044e+00 1.817246394910099788e-15 1.472027000000000056e-18
3.871157000000000181e+00 1.769273454374327617e-15 1.355696000000000062e-18
3.871821999999999875e+00 1.710176701622061824e-15 1.530945999999999958e-18
3.872487000000000013e+00 1.711535275936078978e-15 1.549671999999999923e-18
3.873152000000000150e+00 1.758430903031859976e-15 1.347077000000000001e-18
3.873816999999999844e+00 1.772091204725385832e-15 1.337860999999999995e-18
3.874481999999999982e+00 1.775050572704119353e-15 1.445228999999999923e-18
3.875147000000000119e+00 1.800457608493492322e-15 1.338218000000000008e-18
3.875811999999999813e+00 1.804133846999703319e-15 1.514577999999999969e-18
3.876476999999999951e+00 1.808453376773204121e-15 1.793457999999999829e-18
3.877142000000000088e+00 1.761545779804168997e-15 2.730210000000000050e-18
3.877806999999999782e+00 nan 1.804524000000000136e-18
3.878471999999999920e+00 1.776797133649456052e-15 1.206568999999999916e-18
3.879137000000000057e+00 1.778667150453192197e-15 1.194012000000000076e-18
3.879802000000000195e+00 1.769661600077527035e-15 1.193608999999999986e-18
3.880466999999999889e+00 1.775140642271058929e-15 1.217607000000000026e-18
3.881132000000000026e+00 1.786290651004853746e-15 1.246381000000000001e-18
3.881797000000000164e+00 1.797698861111297360e-15 1.298012999999999959e-18
3.882461999999999858e+00 1.790485237214179227e-15 1.429071999999999964e-18
3.883126999999999995e+00 1.789074118193319346e-15 1.415571999999999997e-18
3.883792000000000133e+00 1.803544089663273312e-15 1.234324000000000081e-18
3.884456999999999827e+00 1.806521313004816329e-15 1.229463999999999939e-18
3.885121999999999964e+00 1.777770934342807003e-15 1.205137999999999981e-18
3.885787000000000102e+00 1.755515883730969252e-15 1.200102000000000056e-18
3.886451999999999796e+00 1.738394777019653681e-15 1.186733999999999975e-18
3.887116999999999933e+00 1.712225950710021512e-15 1.171828000000000002e-18
3.887782000000000071e+00 1.718859127108778484e-15 1.176008999999999980e-18
3.888447000000000209e+00 1.747878704568537213e-15 1.173022999999999979e-18
3.889111999999999902e+00 1.767905627903595404e-15 1.179458000000000053e-18
3.889777000000000040e+00 1.768504666613551864e-15 1.171685000000000094e-18
3.890442000000000178e+00 1.745679701436545146e-15 1.158188000000000011e-18
3.891106999999999871e+00 1.708623351556997776e-15 1.136014999999999960e-18
3.891772000000000009e+00 1.693405887271497160e-15 1.285251999999999946e-18
3.892437000000000147e+00 1.657213795590523199e-15 1.103125999999999949e-18
3.893101999999999840e+00 1.685000299563265020e-15 1.095352000000000094e-18
3.893766999999999978e+00 1.733785282043927540e-15 1.112354000000000067e-18
3.894432000000000116e+00 1.760865185156245572e-15 1.117219000000000079e-18
3.895096999999999809e+00 1.760429506387158044e-15 1.090555999999999908e-18
3.895761999999999947e+00 1.777092537024415272e-15 1.088485999999999926e-18
3.896427000000000085e+00 1.768195196916293116e-15 2.177303999999999935e-18
3.897091999999999778e+00 1.741076450474670358e-15 2.182945000000000135e-18
3.897756999999999916e+00 nan 1.573714999999999950e-18
3.898422000000000054e+00 1.688072337750601199e-15 1.088073000000000096e-18
3.899087000000000192e+00 1.707356175788318265e-15 1.164715000000000046e-18
3.899751999999999885e+00 1.735660532911619917e-15 1.454307000000000084e-18
3.900417000000000023e+00 1.768250182950557961e-15 1.222997000000000080e-18
3.901082000000000161e+00 1.747391903513418084e-15 1.239193999999999964e-18
3.901746999999999854e+00 1.741331716041567688e-15 1.241072000000000078e-18
3.902411999999999992e+00 1.759339413246363800e-15 1.253024000000000028e-18
3.903077000000000130e+00 1.764770801470326221e-15 1.226140000000000087e-18
3.903741999999999823e+00 1.745743307307693894e-15 1.193835000000000011e-18
3.904406999999999961e+00 1.721934290468235070e-15 1.182115000000000046e-18
3.905072000000000099e+00 1.733208621536739764e-15 1.202344000000000040e-18
3.905736999999999792e+00 1.732208873310102962e-15 1.260271000000000048e-18
3.906401999999999930e+00 1.733595278464684659e-15 1.536349999999999918e-18
3.907067000000000068e+00 1.771705373993085313e-15 1.645505999999999986e-18
3.907732000000000205e+00 1.761003487883509050e-15 1.710167999999999982e-18
3.908396999999999899e+00 1.730897890472989726e-15 1.650047999999999950e-18
3.909062000000000037e+00 1.735253604662154231e-15 1.526349000000000074e-18
3.909727000000000174e+00 1.713252707629905165e-15 2.332412999999999824e-18
3.910391999999999868e+00 1.703027807807353408e-15 1.617143999999999944e-18
3.911057000000000006e+00 1.695626785883304803e-15 1.663027999999999938e-18
3.911722000000000143e+00 1.708702612186385448e-15 1.605420000000000006e-18
3.912386999999999837e+00 1.707018336640978379e-15 1.546393000000000058e-18
3.913051999999999975e+00 1.719038929827521893e-15 1.446380000000000003e-18
3.913717000000000112e+00 1.702758602917094366e-15 1.432648999999999949e-18
3.914381999999999806e+00 1.678917796543611541e-15 1.423120000000000020e-18
3.915046999999999944e+00 1.682337075776232793e-15 1.336576999999999941e-18
3.915712000000000081e+00 1.731489732585587767e-15 1.279956000000000032e-18
3.916377000000000219e+00 1.760831750151477208e-15 1.269407999999999909e-18
3.917041999999999913e+00 1.747331363428978860e-15 1.338047000000000096e-18
3.917707000000000050e+00 1.730984626784310609e-15 1.525160999999999954e-18
3.918372000000000188e+00 1.754949523059523989e-15 1.819641999999999843e-18
3.919036999999999882e+00 1.733587962235221801e-15 1.822755999999999948e-18
3.919702000000000019e+00 1.688433479274163825e-15 1.491710999999999951e-18
3.920367000000000157e+00 nan 1.475531999999999946e-18
3.921031999999999851e+00 nan nan
3.921696999999999989e+00 1.745401146553905620e-15 1.237015000000000039e-18
3.922362000000000126e+00 1.738399546357151657e-15 1.225804999999999927e-18
3.923026999999999820e+00 1.751639509358898551e-15 1.234865999999999912e-18
3.923691999999999958e+00 1.718316840260165203e-15 1.215546999999999977e-18
3.924357000000000095e+00 1.721291550736509066e-15 1.222459999999999926e-18
3.925021999999999789e+00 1.752317055120655666e-15 1.228496999999999974e-18
3.925686999999999927e+00 1.747671774236659468e-15 1.235747000000000070e-18
3.926352000000000064e+00 1.706486509524484590e-15 1.232387999999999971e-18
3.927017000000000202e+00 1.705162025140001820e-15 1.820534000000000023e-18
3.927681999999999896e+00 1.730598110904394420e-15 1.232976999999999968e-18
3.928347000000000033e+00 1.764865857883870541e-15 1.244202000000000076e-18
3.929012000000000171e+00 1.775451777043575496e-15 1.247740000000000034e-18
3.929676999999999865e+00 1.740173604222071302e-15 1.234210000000000076e-18
3.930342000000000002e+00 1.700390568067934002e-15 1.258964999999999949e-18
3.931007000000000140e+00 1.691346316838992576e-15 1.208791000000000034e-18
3.931671999999999834e+00 1.695866277701365979e-15 1.215655999999999920e-18
3.932336999999999971e+00 1.707112037583330013e-15 1.204524000000000055e-18
3.933002000000000109e+00 1.693483203175756862e-15 1.212568000000000025e-18
3.933666999999999803e+00 1.701466346108282798e-15 1.208035999999999994e-18
3.934331999999999940e+00 1.740510597048768650e-15 1.761210000000000045e-18
3.934997000000000078e+00 nan nan
3.935662000000000216e+00 1.702483010149697654e-15 1.173084999999999948e-18
3.936326999999999909e+00 1.715285372826251529e-15 1.162570000000000085e-18
3.936992000000000047e+00 1.735612551212015311e-15 1.171708999999999933e-18
3.937657000000000185e+00 1.725986966041700117e-15 1.160600000000000010e-18
3.938321999999999878e+00 1.706410379022799130e-15 1.150572000000000059e-18
3.938987000000000016e+00 1.695563388327643542e-15 1.143512999999999933e-18
3.939652000000000154e+00 1.695026202686815227e-15 1.132503000000000020e-18
3.940316999999999847e+00 1.671336923218462188e-15 1.118231999999999929e-18
3.940981999999999985e+00 1.659367260654683635e-15 1.115645999999999941e-18
3.941647000000000123e+00 1.697174565384938772e-15 1.103078000000000079e-18
3.942311999999999816e+00 1.731226414763145090e-15 1.117060000000000087e-18
3.942976999999999954e+00 1.747299202215430221e-15 1.119585000000000002e-18
3.943642000000000092e+00 1.760428864572408299e-15 1.126806000000000004e-18
3.944306999999999785e+00 1.740407488613626926e-15 1.112281000000000075e-18
3.944971999999999923e+00 1.718482578553084738e-15 1.102663999999999967e-18
3.945637000000000061e+00 1.710720330166567643e-15 1.103026999999999939e-18
3.946302000000000199e+00 1.708821974622349671e-15 1.125844999999999998e-18
3.946966999999999892e+00 1.686428933303345641e-15 1.106707999999999997e-18
3.947632000000000030e+00 1.683585994550622369e-15 1.094163000000000077e-18
3.948297000000000168e+00 1.701542720316058639e-15 1.104907000000000040e-18
3.948961999999999861e+00 1.708378744205895924e-15 1.117283000000000035e-18
3.949626999999999999e+00 nan 1.260351999999999986e-18
3.950292000000000137e+00 1.686179138087502262e-15 1.254561000000000022e-18
3.950956999999999830e+00 nan nan
3.951621999999999968e+00 nan nan
3.952287000000000106e+00 1.634483927856965248e-15 1.116567000000000023e-18
3.952951999999999799e+00 1.659886294976404495e-15 1.124141000000000064e-18
3.953616999999999937e+00 1.683745255544748354e-15 1.149370000000000032e-18
3.954282000000000075e+00 1.680944435035242406e-15 1.165970000000000006e-18
3.954947000000000212e+00 1.677246671073988563e-15 1.165990000000000064e-18
3.955611999999999906e+00 1.692235944614082148e-15 1.168204999999999940e-18
3.956277000000000044e+00 1.698764563200486183e-15 1.184746999999999917e-18
3.956942000000000181e+00 1.665469139559314471e-15 1.174387000000000074e-18
3.957606999999999875e+00 1.675986701878997500e-15 1.168215000000000066e-18
3.958272000000000013e+00 1.691609515775138254e-15 1.181150999999999964e-18
3.958937000000000150e+00 1.667798740390122319e-15 1.167856000000000066e-18
3.959601999999999844e+00 1.683162394217873485e-15 1.573368999999999959e-18
3.960266999999999982e+00 1.717008975173534860e-15 1.195975999999999998e-18
3.960932000000000119e+00 1.741226258775458690e-15 1.201215000000000006e-18
3.961596999999999813e+00 1.731378961144797838e-15 1.192238999999999931e-18
3.962261999999999951e+00 1.697670171975641397e-15 1.192537999999999948e-18
3.962927000000000088e+00 1.661628288229939559e-15 1.173103000000000020e-18
3.963591999999999782e+00 1.624585160064463860e-15 1.171713999999999996e-18
3.964256999999999920e+00 1.618362793683961518e-15 1.174028000000000075e-18
3.964922000000000057e+00 1.653952982124180197e-15 1.368534000000000040e-18
3.965587000000000195e+00 nan nan
3.966251999999999889e+00 nan nan
3.966917000000000026e+00 nan 2.564939999999999850e-18
3.967582000000000164e+00 1.677521387496182345e-15 1.271177999999999978e-18
3.968246999999999858e+00 1.669981820271529315e-15 1.388653000000000002e-18
3.968911999999999995e+00 1.660377177498821923e-15 1.400243000000000069e-18
3.969577000000000133e+00 1.658645105847822279e-15 1.253798999999999933e-18
3.970241999999999827e+00 1.649744435759067455e-15 1.180896999999999934e-18
3.970906999999999965e+00 1.628915943509606266e-15 1.173148999999999904e-18
3.971572000000000102e+00 1.644978704187339354e-15 1.197602999999999967e-18
3.972236999999999796e+00 1.678556922742331529e-15 1.226922999999999939e-18
3.972901999999999934e+00 1.685672917624387492e-15 1.248000999999999920e-18
3.973567000000000071e+00 1.674580682429411309e-15 1.254961999999999933e-18
3.974232000000000209e+00 1.634890559448432917e-15 1.255208999999999913e-18
3.974896999999999903e+00 1.630714888148034772e-15 1.240008000000000089e-18
3.975562000000000040e+00 1.666113378577947023e-15 1.277692000000000003e-18
3.976227000000000178e+00 1.674436472037713007e-15 1.279526999999999925e-18
3.976891999999999872e+00 1.657683813705278541e-15 1.301232999999999931e-18
3.977557000000000009e+00 1.659051591682520324e-15 1.354408999999999932e-18
3.978222000000000147e+00 1.622664099570719127e-15 1.331384000000000010e-18
3.978886999999999841e+00 1.607963456820615998e-15 1.338300000000000036e-18
3.979551999999999978e+00 1.595798975640450732e-15 1.335882999999999974e-18
3.980217000000000116e+00 1.599520121110253472e-15 1.305476999999999968e-18
3.980881999999999810e+00 1.591986349795749048e-15 1.286876000000000031e-18
3.981546999999999947e+00 1.618077109650644649e-15 1.328166000000000025e-18
3.982212000000000085e+00 1.633968504430963742e-15 1.342591000000000046e-18
3.982876999999999779e+00 nan 1.331619999999999968e-18
3.983541999999999916e+00 1.625210063620009551e-15 1.332436999999999977e-18
3.984207000000000054e+00 1.667189030404938037e-15 1.361719999999999908e-18
3.984872000000000192e+00 1.652587415435734983e-15 1.333949999999999939e-18
3.985536999999999885e+00 1.639459670186681449e-15 1.431309999999999974e-18
3.986202000000000023e+00 1.635634143713998714e-15 1.503256000000000031e-18
3.986867000000000161e+00 1.623570590110040540e-15 1.509426000000000052e-18
3.987531999999999854e+00 1.588331298256033325e-15 1.479865000000000060e-18
3.988196999999999992e+00 1.599447813516027983e-15 1.480357999999999931e-18
3.988862000000000130e+00 1.648930410880388176e-15 1.572443999999999905e-18
3.989526999999999823e+00 1.617510502749209479e-15 1.561884999999999952e-18
3.990191999999999961e+00 1.584081824316048289e-15 1.536085999999999955e-18
3.990857000000000099e+00 1.596837699700557817e-15 1.544417999999999920e-18
3.991521999999999792e+00 1.601590522345101800e-15 1.514826999999999936e-18
3.992186999999999930e+00 1.602085671394447686e-15 1.490814999999999990e-18
3.992852000000000068e+00 1.617286685436072943e-15 1.472526000000000079e-18
3.993517000000000206e+00 1.613277559791409500e-15 1.447333000000000062e-18
3.994181999999999899e+00 1.637520854087139899e-15 1.455177000000000026e-18
3.994847000000000037e+00 1.670332147542449468e-15 1.472442000000000065e-18
3.995512000000000175e+00 1.639400560171145418e-15 1.455859000000000074e-18
3.996176999999999868e+00 1.593493444005976051e-15 1.622651000000000080e-18
3.996842000000000006e+00 1.594283221507723772e-15 1.429856999999999995e-18
3.997507000000000144e+00 1.607967242919504277e-15 1.475834000000000039e-18
3.998171999999999837e+00 1.599715332591915254e-15 1.462577000000000079e-18
3.998836999999999975e+00 1.570103802097740220e-15 1.396395999999999969e-18
3.999502000000000113e+00 1.558115368677045364e-15 1.396285999999999936e-18
4.000167000000000250e+00 nan 1.464987000000000092e-18
4.000831999999999944e+00 nan nan
4.001496999999999638e+00 1.581260620006398321e-15 1.745890999999999857e-18
4.002162000000000219e+00 1.589000380596281731e-15 1.644658000000000089e-18
4.002826999999999913e+00 1.610618453754203259e-15 1.621888000000000094e-18
4.003491999999999607e+00 1.610224770700490233e-15 1.472476999999999926e-18
4.004157000000000188e+00 1.563458593494708858e-15 1.328585000000000007e-18
4.004821999999999882e+00 1.522813492279639743e-15 1.214056999999999956e-18
4.005486999999999576e+00 1.536239539676382214e-15 1.224957000000000029e-18
4.006152000000000157e+00 1.544915215265163701e-15 1.330725999999999994e-18
4.006816999999999851e+00 1.517950398962140742e-15 1.410622000000000073e-18
4.007482000000000433e+00 1.504919049832840355e-15 1.402476999999999914e-18
4.008147000000000126e+00 1.528646277882529283e-15 1.753981999999999994e-18
4.008811999999999820e+00 1.552264059274146167e-15 2.259429000000000182e-18
4.009477000000000402e+00 1.553511504058621121e-15 2.508572999999999971e-18
4.010142000000000095e+00 1.559500276209173439e-15 2.570461000000000085e-18
4.010806999999999789e+00 1.593946474463918764e-15 2.633267999999999908e-18
4.011472000000000371e+00 nan nan
4.012137000000000064e+00 nan nan
4.012801999999999758e+00 nan nan
4.013467000000000340e+00 nan nan
4.014132000000000033e+00 nan nan
4.014796999999999727e+00 nan nan
4.015462000000000309e+00 nan nan
4.016127000000000002e+00 nan nan
4.016791999999999696e+00 nan nan
4.017457000000000278e+00 nan nan
4.018121999999999971e+00 nan nan
4.018786999999999665e+00 nan nan
4.019452000000000247e+00 nan nan
4.020116999999999940e+00 nan nan
4.020781999999999634e+00 nan nan
4.021447000000000216e+00 nan nan
4.022111999999999910e+00 nan nan
4.022776999999999603e+00 nan nan
4.023442000000000185e+00 nan nan
4.024106999999999879e+00 nan nan
4.024771999999999572e+00 nan nan
4.025437000000000154e+00 nan nan
4.026101999999999848e+00 nan nan
4.026767000000000429e+00 nan nan
4.027432000000000123e+00 nan nan
4.028096999999999817e+00 nan nan
4.028762000000000398e+00 nan nan
4.029427000000000092e+00 nan nan
4.030091999999999786e+00 nan nan
4.030757000000000367e+00 nan nan
4.031422000000000061e+00 nan nan
4.032086999999999755e+00 nan nan
4.032752000000000336e+00 nan nan
4.033417000000000030e+00 nan nan
4.034081999999999724e+00 nan nan
4.034747000000000305e+00 nan nan
4.035411999999999999e+00 nan nan
4.036076999999999693e+00 nan nan
4.036742000000000274e+00 nan nan
4.037406999999999968e+00 nan nan
4.038071999999999662e+00 nan nan
4.038737000000000243e+00 nan nan
4.039401999999999937e+00 nan nan
4.040066999999999631e+00 nan nan
4.040732000000000212e+00 nan nan
4.041396999999999906e+00 nan nan
4.042061999999999600e+00 nan nan
4.042727000000000182e+00 nan nan
4.043391999999999875e+00 nan nan
4.044056999999999569e+00 nan nan
4.044722000000000151e+00 nan nan
4.045386999999999844e+00 nan nan
4.046052000000000426e+00 nan nan
4.046717000000000120e+00 nan nan
4.047381999999999813e+00 nan nan
4.048047000000000395e+00 nan nan
4.048712000000000089e+00 nan nan
4.049376999999999782e+00 nan nan
4.050042000000000364e+00 nan nan
4.050707000000000058e+00 nan nan
4.051371999999999751e+00 nan nan
4.052037000000000333e+00 nan nan
4.052702000000000027e+00 nan nan
4.053366999999999720e+00 nan nan
4.054032000000000302e+00 nan nan
4.054696999999999996e+00 nan nan
4.055361999999999689e+00 nan nan
4.056027000000000271e+00 nan nan
4.056691999999999965e+00 nan nan
4.057356999999999658e+00 nan nan
4.058022000000000240e+00 nan nan
4.058686999999999934e+00 nan nan
4.059351999999999627e+00 nan nan
4.060017000000000209e+00 nan nan
4.060681999999999903e+00 nan nan
4.061346999999999596e+00 nan nan
4.062012000000000178e+00 nan nan
4.062676999999999872e+00 nan nan
4.063341999999999565e+00 nan nan
4.064007000000000147e+00 nan nan
4.064671999999999841e+00 nan nan
4.065337000000000423e+00 nan nan
4.066002000000000116e+00 nan nan
4.066666999999999810e+00 nan nan
4.067332000000000392e+00 nan nan
4.067997000000000085e+00 nan nan
4.068661999999999779e+00 nan nan
4.069327000000000361e+00 nan nan
4.069992000000000054e+00 nan nan
4.070656999999999748e+00 nan nan
4.071322000000000330e+00 nan nan
4.071987000000000023e+00 nan nan
4.072651999999999717e+00 nan nan
4.073317000000000299e+00 nan nan
4.073981999999999992e+00 nan nan
4.074646999999999686e+00 nan nan
4.075312000000000268e+00 nan nan
4.075976999999999961e+00 nan nan
4.076641999999999655e+00 nan nan
4.077307000000000237e+00 nan nan
4.077971999999999930e+00 nan nan
4.078636999999999624e+00 nan nan
4.079302000000000206e+00 nan nan
4.079966999999999899e+00 nan nan
4.080631999999999593e+00 nan nan
4.081297000000000175e+00 nan nan
4.081961999999999868e+00 nan nan
4.082626999999999562e+00 nan nan
4.083292000000000144e+00 nan nan
4.083956999999999837e+00 nan nan
4.084622000000000419e+00 nan nan
4.085287000000000113e+00 nan nan
4.085951999999999806e+00 nan nan
4.086617000000000388e+00 nan nan
4.087282000000000082e+00 nan nan
4.087946999999999775e+00 nan nan
4.088612000000000357e+00 nan nan
4.089277000000000051e+00 nan nan
4.089941999999999744e+00 nan nan
4.090607000000000326e+00 nan nan
4.091272000000000020e+00 nan nan
4.091936999999999713e+00 nan nan
4.092602000000000295e+00 nan nan
4.093266999999999989e+00 nan nan
4.093931999999999682e+00 nan nan
4.094597000000000264e+00 nan nan
4.095261999999999958e+00 nan nan
4.095926999999999651e+00 nan nan
4.096592000000000233e+00 nan nan
4.097256999999999927e+00 nan nan
4.097921999999999620e+00 nan nan
4.098587000000000202e+00 nan nan
4.099251999999999896e+00 nan nan
4.099916999999999589e+00 nan nan
4.100582000000000171e+00 nan nan
4.101246999999999865e+00 nan nan
4.101911999999999558e+00 nan nan
4.102577000000000140e+00 nan nan
4.103241999999999834e+00 nan nan
4.103907000000000416e+00 nan nan
4.104572000000000109e+00 nan nan
4.105236999999999803e+00 nan nan
4.105902000000000385e+00 nan nan
4.106567000000000078e+00 nan nan
4.107231999999999772e+00 nan nan
4.107897000000000354e+00 nan nan
4.108562000000000047e+00 nan nan
4.109226999999999741e+00 nan nan
4.109892000000000323e+00 nan nan
4.110557000000000016e+00 nan nan
4.111221999999999710e+00 nan nan
4.111887000000000292e+00 nan nan
4.112551999999999985e+00 nan nan
4.113216999999999679e+00 nan nan
4.113882000000000261e+00 nan nan
4.114546999999999954e+00 nan nan
4.115211999999999648e+00 nan nan
4.115877000000000230e+00 nan nan
4.116541999999999923e+00 nan nan
4.117206999999999617e+00 nan nan
4.117872000000000199e+00 nan nan
4.118536999999999892e+00 nan nan
4.119201999999999586e+00 nan nan
4.119867000000000168e+00 nan nan
4.120531999999999861e+00 nan nan
4.121197000000000443e+00 nan nan
4.121862000000000137e+00 nan nan
4.122526999999999830e+00 nan nan
4.123192000000000412e+00 nan nan
4.123857000000000106e+00 nan nan
4.124521999999999800e+00 nan nan
4.125187000000000381e+00 nan nan
4.125852000000000075e+00 nan nan
4.126516999999999769e+00 nan nan
4.127182000000000350e+00 nan nan
4.127847000000000044e+00 nan nan
4.128511999999999738e+00 nan nan
4.129177000000000319e+00 nan nan
4.129842000000000013e+00 nan nan
4.130506999999999707e+00 nan nan
4.131172000000000288e+00 nan nan
4.131836999999999982e+00 nan nan
4.132501999999999676e+00 nan nan
4.133167000000000257e+00 nan nan
4.133831999999999951e+00 nan nan
4.134496999999999645e+00 nan nan
4.135162000000000226e+00 nan nan
4.135826999999999920e+00 nan nan
4.136491999999999614e+00 nan nan
4.137157000000000195e+00 nan nan
4.137821999999999889e+00 nan nan
4.138486999999999583e+00 nan nan
4.139152000000000164e+00 nan nan
4.139816999999999858e+00 nan nan
4.140482000000000440e+00 nan nan
4.141147000000000133e+00 nan nan
4.141811999999999827e+00 nan nan
4.142477000000000409e+00 nan nan
4.143142000000000102e+00 nan nan
4.143806999999999796e+00 nan nan
4.144472000000000378e+00 nan nan
4.145137000000000072e+00 nan nan
4.145801999999999765e+00 nan nan
4.146467000000000347e+00 nan nan
4.147132000000000041e+00 nan nan
4.147796999999999734e+00 nan nan
4.148462000000000316e+00 nan nan
4.149127000000000010e+00 nan nan
4.149791999999999703e+00 nan nan
4.150457000000000285e+00 nan nan
4.151121999999999979e+00 nan nan
4.151786999999999672e+00 nan nan
4.152452000000000254e+00 nan nan
4.153116999999999948e+00 nan nan
4.153781999999999641e+00 nan nan
4.154447000000000223e+00 nan nan
4.155111999999999917e+00 nan nan
4.155776999999999610e+00 nan nan
4.156442000000000192e+00 nan nan
4.157106999999999886e+00 nan nan
4.157771999999999579e+00 nan nan
4.158437000000000161e+00 nan nan
4.159101999999999855e+00 nan nan
4.159767000000000436e+00 nan nan
4.160432000000000130e+00 nan nan
4.161096999999999824e+00 nan nan
4.161762000000000405e+00 nan nan
4.162427000000000099e+00 nan nan
4.163091999999999793e+00 nan nan
4.163757000000000374e+00 nan nan
4.164422000000000068e+00 nan nan
4.165086999999999762e+00 nan nan
4.165752000000000344e+00 nan nan
4.166417000000000037e+00 nan nan
4.167081999999999731e+00 nan nan
4.167747000000000313e+00 nan nan
4.168412000000000006e+00 nan nan
4.169076999999999700e+00 nan nan
4.169742000000000282e+00 nan nan
4.170406999999999975e+00 nan nan
4.171071999999999669e+00 nan nan
4.171737000000000251e+00 nan nan
4.172401999999999944e+00 nan nan
4.173066999999999638e+00 nan nan
4.173732000000000220e+00 nan nan
4.174396999999999913e+00 nan nan
4.175061999999999607e+00 nan nan
4.175727000000000189e+00 nan nan
4.176391999999999882e+00 nan nan
4.177056999999999576e+00 nan nan
4.177722000000000158e+00 nan nan
4.178386999999999851e+00 nan nan
4.179052000000000433e+00 nan nan
4.179717000000000127e+00 nan nan
4.180381999999999820e+00 nan nan
4.181047000000000402e+00 nan nan
4.181712000000000096e+00 nan nan
4.182376999999999789e+00 nan nan
4.183042000000000371e+00 nan nan
4.183707000000000065e+00 nan nan
4.184371999999999758e+00 nan nan
4.185037000000000340e+00 nan nan
4.185702000000000034e+00 nan nan
4.186366999999999727e+00 nan nan
4.187032000000000309e+00 nan nan
4.187697000000000003e+00 nan nan
4.188361999999999696e+00 nan nan
4.189027000000000278e+00 1.313074256938227378e-15 7.959636999999999272e-18
4.189691999999999972e+00 nan nan
4.190356999999999665e+00 1.268972146572278865e-15 4.574510000000000321e-18
4.191022000000000247e+00 1.315601688102076009e-15 4.005577000000000145e-18
4.191686999999999941e+00 1.337951535099076490e-15 3.328534999999999907e-18
4.192351999999999634e+00 1.314532824874456897e-15 2.384682000000000035e-18
4.193017000000000216e+00 1.272328452087293012e-15 1.766341000000000006e-18
4.193681999999999910e+00 1.262768498093638816e-15 1.732653999999999956e-18
4.194346999999999603e+00 1.286712523045283433e-15 1.735103000000000188e-18
4.195012000000000185e+00 1.323096288156319080e-15 1.714434000000000063e-18
4.195676999999999879e+00 1.326205817521035047e-15 1.656436000000000051e-18
4.196341999999999572e+00 1.299899401271111289e-15 1.581178999999999959e-18
4.197007000000000154e+00 1.288385144898094064e-15 1.543936000000000071e-18
4.197671999999999848e+00 1.288465303014482725e-15 1.509839000000000075e-18
4.198337000000000430e+00 1.295210970280123344e-15 1.488965000000000073e-18
4.199002000000000123e+00 1.282835816945281807e-15 1.397167000000000094e-18
4.199666999999999817e+00 1.282188626224355203e-15 1.239388999999999908e-18
4.200332000000000399e+00 1.315760821457009286e-15 1.172375000000000088e-18
4.200997000000000092e+00 1.340967203760128467e-15 1.162808000000000030e-18
4.201661999999999786e+00 1.318848240023450709e-15 1.144047999999999908e-18
4.202327000000000368e+00 1.303763880174194096e-15 1.129470000000000046e-18
4.202992000000000061e+00 1.287578427009852120e-15 1.085895999999999965e-18
4.203656999999999755e+00 1.238574174129482688e-15 1.024941000000000045e-18
4.204322000000000337e+00 1.238887092318027176e-15 1.029069999999999987e-18
4.204987000000000030e+00 1.249283201548142164e-15 1.035004000000000051e-18
4.205651999999999724e+00 1.278538158322933781e-15 1.039989999999999926e-18
4.206317000000000306e+00 1.313490560507287131e-15 1.051144000000000028e-18
4.206981999999999999e+00 1.311215076901959750e-15 1.049087000000000055e-18
4.207646999999999693e+00 1.321446372935821263e-15 1.048418000000000017e-18
4.208312000000000275e+00 1.317014301307461705e-15 1.044158000000000087e-18
4.208976999999999968e+00 1.286854620626911856e-15 1.030791999999999992e-18
4.209641999999999662e+00 1.274851144528594462e-15 1.035129999999999976e-18
4.210307000000000244e+00 nan 1.213269999999999939e-18
4.210971999999999937e+00 1.273698619090749869e-15 1.035111999999999904e-18
4.211636999999999631e+00 1.307030459645290446e-15 1.042246000000000008e-18
4.212302000000000213e+00 1.281197285431061888e-15 1.029419000000000053e-18
4.212966999999999906e+00 1.226488103024590809e-15 1.010991999999999913e-18
4.213631999999999600e+00 1.203890969049767684e-15 1.000866000000000041e-18
4.214297000000000182e+00 1.234790033582841644e-15 1.013874999999999930e-18
4.214961999999999875e+00 1.249915522240888995e-15 1.021437999999999949e-18
4.215626999999999569e+00 1.251344268223946485e-15 2.048655000000000136e-18
4.216292000000000151e+00 1.265982341774591601e-15 2.093568999999999895e-18
4.216956999999999844e+00 1.268495933298215165e-15 2.101966999999999995e-18
4.217622000000000426e+00 1.242978396750761238e-15 1.074424999999999966e-18
4.218287000000000120e+00 1.247101045451545658e-15 1.089994000000000018e-18
4.218951999999999813e+00 1.262803009715756830e-15 1.115826999999999979e-18
4.219617000000000395e+00 1.240563806639315175e-15 1.046501000000000068e-18
4.220282000000000089e+00 1.204533853749806697e-15 1.015850999999999965e-18
4.220946999999999782e+00 1.213834708488863359e-15 1.028927999999999976e-18
4.221612000000000364e+00 1.229642478798705994e-15 1.050078999999999950e-18
4.222277000000000058e+00 1.225643845166716514e-15 1.033648999999999992e-18
4.222941999999999751e+00 1.254037475777889647e-15 1.042814000000000050e-18
4.223607000000000333e+00 1.280199763044589751e-15 1.048193000000000082e-18
4.224272000000000027e+00 1.284117667322990336e-15 1.045748999999999912e-18
4.224936999999999721e+00 1.302346495476547906e-15 1.061912999999999921e-18
4.225602000000000302e+00 1.317344141977942767e-15 1.067850000000000061e-18
4.226266999999999996e+00 1.301585361752033803e-15 1.062211000000000040e-18
4.226931999999999690e+00 1.258456467762675680e-15 1.037414999999999961e-18
4.227597000000000271e+00 1.232090483802604185e-15 1.022499000000000055e-18
4.228261999999999965e+00 1.220796365059441755e-15 1.010166999999999957e-18
4.228926999999999659e+00 1.223636854254391228e-15 1.012993999999999966e-18
4.229592000000000240e+00 1.240257339297815037e-15 1.017279999999999913e-18
4.230256999999999934e+00 1.248675031879075271e-15 1.022067000000000064e-18
4.230921999999999628e+00 1.261106145191170776e-15 1.029903000000000081e-18
4.231587000000000209e+00 1.299867330627929973e-15 1.051976999999999930e-18
4.232251999999999903e+00 1.296230589945221355e-15 1.040864000000000034e-18
4.232916999999999597e+00 1.289924855811436899e-15 1.050641999999999929e-18
4.233582000000000178e+00 1.253844663157194327e-15 1.025278000000000000e-18
4.234246999999999872e+00 1.246381270142353223e-15 1.049708000000000031e-18
4.234911999999999566e+00 1.270390671409304147e-15 1.085420000000000076e-18
4.235577000000000147e+00 1.304688108678072896e-15 1.048977000000000023e-18
4.236241999999999841e+00 1.301845730055582176e-15 1.043672000000000073e-18
4.236907000000000423e+00 1.249630519507498813e-15 1.033972999999999937e-18
4.237572000000000116e+00 1.250830626516009557e-15 1.022899000000000068e-18
4.238236999999999810e+00 1.258641820761205557e-15 1.020440000000000095e-18
4.238902000000000392e+00 1.253119374174387103e-15 1.022121999999999984e-18
4.239567000000000085e+00 1.265386771081502888e-15 1.022763999999999914e-18
4.240231999999999779e+00 1.250503411465689248e-15 1.019319000000000007e-18
4.240897000000000361e+00 1.227737326010254714e-15 1.028742999999999966e-18
4.241562000000000054e+00 1.217077856717255172e-15 1.011589999999999946e-18
4.242226999999999748e+00 1.211381945024792734e-15 9.996554999999999267e-19
4.242892000000000330e+00 1.180214106854105493e-15 9.853642000000000774e-19
4.243557000000000023e+00 1.186321090548731762e-15 9.880485000000000701e-19
4.244221999999999717e+00 1.221487522145832325e-15 1.014667000000000011e-18
4.244887000000000299e+00 1.254107451185266316e-15 1.020338000000000009e-18
4.245551999999999992e+00 1.272811422829581164e-15 1.047705000000000081e-18
4.246216999999999686e+00 1.227885253287313344e-15 1.019001000000000022e-18
4.246882000000000268e+00 1.207464172474312657e-15 1.005798999999999982e-18
4.247546999999999962e+00 1.218359493273794287e-15 1.026508000000000031e-18
4.248211999999999655e+00 1.214564634370986682e-15 1.020657000000000084e-18
4.248877000000000237e+00 1.212720447371971652e-15 1.005641000000000079e-18
4.249541999999999931e+00 1.218998277886028100e-15 1.004850000000000088e-18
4.250206999999999624e+00 1.206067843169173633e-15 1.002081999999999973e-18
4.250872000000000206e+00 1.174217685569041067e-15 9.902431999999999957e-19
4.251536999999999900e+00 1.155510475334664801e-15 9.785264999999999986e-19
4.252201999999999593e+00 1.163428826533275088e-15 9.879078000000000412e-19
4.252867000000000175e+00 1.192838912226232796e-15 1.006840000000000029e-18
4.253531999999999869e+00 1.193920253851691898e-15 9.940319000000000147e-19
4.254196999999999562e+00 1.200093316431915009e-15 9.987804999999999218e-19
4.254862000000000144e+00 1.227606109624043638e-15 1.004289000000000095e-18
4.255526999999999838e+00 1.226940609216526091e-15 1.018116999999999981e-18
4.256192000000000419e+00 1.225232972808732794e-15 1.038725999999999930e-18
4.256857000000000113e+00 1.257115799772080898e-15 1.047215999999999990e-18
4.257521999999999807e+00 1.204520959658275239e-15 1.021588999999999996e-18
4.258187000000000388e+00 1.168727841138875881e-15 1.000376000000000053e-18
4.258852000000000082e+00 1.215265100683851310e-15 1.037231999999999936e-18
4.259516999999999776e+00 1.183624781378948012e-15 1.024412000000000031e-18
4.260182000000000357e+00 1.162850958138633762e-15 1.003502000000000078e-18
4.260847000000000051e+00 1.179526848147445789e-15 1.009661999999999974e-18
4.261511999999999745e+00 1.190657141793929284e-15 1.022452000000000081e-18
4.262177000000000326e+00 1.205538999207274706e-15 1.029217999999999957e-18
4.262842000000000020e+00 1.226730113788657040e-15 1.020369000000000090e-18
4.263506999999999714e+00 1.212475328637091310e-15 1.017701000000000075e-18
4.264172000000000295e+00 1.195825225809955460e-15 9.961611999999999745e-19
4.264836999999999989e+00 1.203190831457704889e-15 9.964387999999999229e-19
4.265501999999999683e+00 1.199516588135025769e-15 1.164865000000000003e-18
4.266167000000000264e+00 1.191133567319435694e-15 1.172854000000000053e-18
4.266831999999999958e+00 1.206212830399672250e-15 9.630431000000000275e-19
4.267496999999999652e+00 1.204008882210391825e-15 9.681750000000000502e-19
4.268162000000000234e+00 1.176723432435152766e-15 9.604286999999999222e-19
4.268826999999999927e+00 1.194833152030931824e-15 9.663700999999999559e-19
4.269491999999999621e+00 1.196520935357242361e-15 9.485994999999999574e-19
4.270157000000000203e+00 1.178764981485662275e-15 9.447388000000000362e-19
4.270821999999999896e+00 1.210288462592351424e-15 9.741119999999999979e-19
4.271486999999999590e+00 1.214071551258425568e-15 2.054601000000000119e-18
4.272152000000000172e+00 1.167468896136766529e-15 9.487229999999999476e-19
4.272816999999999865e+00 1.150461987781704990e-15 9.211697999999999115e-19
4.273481999999999559e+00 1.179968695101252822e-15 9.271233999999999212e-19
4.274147000000000141e+00 1.210634789251873148e-15 9.550312000000000632e-19
4.274811999999999834e+00 1.183895007210539601e-15 9.359388999999999649e-19
4.275477000000000416e+00 1.137829236933645923e-15 9.096065000000000602e-19
4.276142000000000110e+00 1.148161001286753347e-15 9.222596000000000549e-19
4.276806999999999803e+00 1.179720342572958102e-15 9.356920000000000128e-19
4.277472000000000385e+00 1.200408556351682375e-15 9.498264999999999125e-19
4.278137000000000079e+00 1.226649916576178936e-15 9.547686999999999461e-19
4.278801999999999772e+00 1.223648460386415779e-15 9.500197999999999544e-19
4.279467000000000354e+00 1.207204363705421447e-15 9.656273000000000850e-19
4.280132000000000048e+00 1.209646311396497108e-15 9.458690000000000242e-19
4.280796999999999741e+00 1.207172880940596846e-15 9.473988999999999409e-19
4.281462000000000323e+00 1.197436071817674075e-15 9.380592999999999170e-19
4.282127000000000017e+00 1.188368629665691271e-15 9.169742000000000507e-19
4.282791999999999710e+00 1.164682385200284476e-15 9.080920000000000595e-19
4.283457000000000292e+00 1.161177375534184406e-15 9.053075999999999390e-19
4.284121999999999986e+00 1.175982058195929201e-15 9.146661000000000961e-19
4.284786999999999679e+00 1.207575117389305345e-15 9.307602000000000249e-19
4.285452000000000261e+00 1.240845531314472077e-15 9.348168999999999796e-19
4.286116999999999955e+00 1.232910953007189419e-15 9.915164000000000838e-19
4.286781999999999648e+00 1.185807038860017081e-15 9.108236999999999462e-19
4.287447000000000230e+00 1.163933825507565002e-15 8.952520000000000955e-19
4.288111999999999924e+00 1.199588342659837356e-15 9.159228999999999860e-19
4.288776999999999617e+00 1.211120893793929181e-15 9.219580000000000750e-19
4.289442000000000199e+00 1.196408386338198933e-15 9.211361000000000316e-19
4.290106999999999893e+00 nan nan
4.290771999999999586e+00 1.192498131185086305e-15 9.073797999999999641e-19
4.291437000000000168e+00 1.221263313148677013e-15 9.009535000000000339e-19
4.292101999999999862e+00 1.210463130680557382e-15 8.979704999999999166e-19
4.292767000000000444e+00 1.159747754567450380e-15 8.793426000000000929e-19
4.293432000000000137e+00 1.139766480845514946e-15 8.682770000000000907e-19
4.294096999999999831e+00 1.152005719792725751e-15 8.894315999999999242e-19
4.294762000000000413e+00 1.146424200912703422e-15 8.884912999999999817e-19
4.295427000000000106e+00 1.141899035526545183e-15 8.795974999999999913e-19
4.296091999999999800e+00 1.126175665544284917e-15 8.731378999999999090e-19
4.296757000000000382e+00 1.116269875988547352e-15 8.619025999999999762e-19
4.297422000000000075e+00 1.130263010226791594e-15 8.614155000000000368e-19
4.298086999999999769e+00 1.149472770371247619e-15 8.752577000000000770e-19
4.298752000000000351e+00 1.172318644205609115e-15 8.917509999999999860e-19
4.299417000000000044e+00 1.177237966448199081e-15 9.010447999999999897e-19
4.300081999999999738e+00 1.180393127995481431e-15 9.086558999999999075e-19
4.300747000000000320e+00 1.186887639577231174e-15 9.045746999999999727e-19
4.301412000000000013e+00 1.176028057864496589e-15 9.120504000000000091e-19
4.302076999999999707e+00 1.164286882986853200e-15 9.260325000000000451e-19
4.302742000000000289e+00 1.143295470539017699e-15 1.013287000000000022e-18
4.303406999999999982e+00 nan nan
4.304071999999999676e+00 nan nan
4.304737000000000258e+00 1.144695610693731621e-15 9.743359000000000079e-19
4.305401999999999951e+00 1.122204741721536978e-15 9.075634999999999934e-19
4.306066999999999645e+00 1.124393544352336389e-15 8.822569999999999193e-19
4.306732000000000227e+00 1.147631007984151636e-15 8.954000000000000658e-19
4.307396999999999920e+00 1.151032036473079528e-15 8.999558000000000720e-19
4.308061999999999614e+00 1.164569089322691989e-15 9.129490999999999611e-19
4.308727000000000196e+00 1.167020331426125147e-15 9.021452000000000428e-19
4.309391999999999889e+00 1.154084609389713901e-15 8.882962000000000096e-19
4.310056999999999583e+00 1.138746644379958511e-15 8.966176000000000646e-19
4.310722000000000165e+00 1.136233757910217373e-15 8.965947999999999864e-19
4.311386999999999858e+00 1.163925557831501611e-15 9.201964000000000658e-19
4.312052000000000440e+00 1.170998327499075457e-15 9.234914000000000163e-19
4.312717000000000134e+00 1.180922563576857061e-15 9.269034000000000487e-19
4.313381999999999827e+00 1.201165413566694156e-15 9.634057000000000798e-19
4.314047000000000409e+00 1.200527062033418891e-15 9.460649000000000295e-19
4.314712000000000103e+00 1.196085353838187278e-15 9.429999000000000770e-19
4.315376999999999796e+00 1.159479624540607175e-15 9.284369000000000182e-19
4.316042000000000378e+00 1.135693117823874686e-15 9.220013999999999957e-19
4.316707000000000072e+00 1.128979809851016214e-15 9.240053000000000071e-19
4.317371999999999765e+00 1.105332532017282694e-15 9.065926000000000828e-19
4.318037000000000347e+00 1.116695329563374003e-15 9.093204000000000244e-19
4.318702000000000041e+00 1.133242902504033762e-15 9.210878999999999119e-19
4.319366999999999734e+00 1.116760330087140501e-15 9.206682999999999531e-19
4.320032000000000316e+00 1.124923249614587363e-15 9.318251000000000754e-19
4.320697000000000010e+00 1.156603901454323639e-15 9.379998999999999110e-19
4.321361999999999703e+00 1.171644091935420036e-15 9.471269000000000320e-19
4.322027000000000285e+00 1.151936343331497857e-15 9.440444999999999844e-19
4.322691999999999979e+00 1.184161215311334286e-15 9.468403000000000477e-19
4.323356999999999672e+00 1.208189307667408849e-15 9.593136999999999863e-19
4.324022000000000254e+00 1.147694545913974924e-15 9.217815999999999871e-19
4.324686999999999948e+00 1.125519561726424335e-15 9.118571999999999954e-19
4.325351999999999641e+00 1.155627644456942074e-15 9.326482000000000722e-19
4.326017000000000223e+00 1.149652166913399934e-15 9.247993000000000739e-19
4.326681999999999917e+00 1.144454802430755182e-15 1.029931000000000086e-18
4.327346999999999611e+00 1.152352188433275383e-15 9.572213000000000389e-19
4.328012000000000192e+00 1.152476150444994707e-15 9.537407999999999364e-19
4.328676999999999886e+00 1.122524364800346157e-15 9.380123999999999716e-19
4.329341999999999580e+00 1.131419004883780805e-15 9.445934000000000293e-19
4.330007000000000161e+00 1.160549637374885241e-15 9.560136999999999730e-19
4.330671999999999855e+00 1.136899227198015502e-15 9.509728000000000140e-19
4.331337000000000437e+00 1.134189151470315984e-15 9.538983999999999193e-19
4.332002000000000130e+00 1.165743489365663978e-15 9.677290999999999885e-19
4.332666999999999824e+00 1.168080192145536599e-15 9.654717000000000886e-19
4.333332000000000406e+00 1.104959745726737082e-15 9.433071999999999321e-19
4.333997000000000099e+00 1.093445651869112872e-15 9.361351000000000548e-19
4.334661999999999793e+00 1.166554343175015261e-15 9.666891000000000310e-19
4.335327000000000375e+00 1.188558370242986344e-15 9.747328999999999450e-19
4.335992000000000068e+00 1.136365687266540906e-15 9.531292999999999455e-19
4.336656999999999762e+00 1.059750979887085935e-15 9.248759999999999542e-19
4.337322000000000344e+00 1.106531554852015583e-15 9.418581999999999254e-19
4.337987000000000037e+00 1.146797697685264613e-15 9.722954999999999044e-19
4.338651999999999731e+00 1.105515431625959965e-15 9.467028999999999871e-19
4.339317000000000313e+00 1.107435166725559460e-15 9.489050000000000749e-19
4.339982000000000006e+00 1.110293292024412663e-15 1.109103000000000014e-18
4.340646999999999700e+00 nan 1.086292000000000005e-18
4.341312000000000282e+00 1.158807648133171336e-15 9.994800999999999284e-19
4.341976999999999975e+00 1.127217557053995053e-15 9.847402000000000258e-19
4.342641999999999669e+00 1.106765070082135149e-15 1.001328999999999920e-18
4.343307000000000251e+00 1.102762084156027907e-15 9.670191999999999643e-19
4.343971999999999944e+00 1.126043470567093190e-15 9.711614999999999996e-19
4.344636999999999638e+00 1.104706378818128216e-15 9.660723000000000853e-19
4.345302000000000220e+00 1.100175483791187893e-15 1.035456999999999998e-18
4.345966999999999913e+00 1.080384203164333342e-15 1.014003999999999932e-18
4.346631999999999607e+00 1.096803552534798376e-15 1.019249999999999988e-18
4.347297000000000189e+00 1.121994931729397886e-15 9.710375000000000610e-19
4.347961999999999883e+00 1.101484837760133806e-15 9.814407999999999893e-19
4.348626999999999576e+00 1.140256774685037130e-15 9.912067999999999649e-19
4.349292000000000158e+00 1.163018161505151586e-15 9.956852000000000858e-19
4.349956999999999852e+00 1.138455887950982032e-15 9.759517000000000899e-19
4.350622000000000433e+00 1.072995084254933476e-15 9.527986000000000355e-19
4.351287000000000127e+00 1.066939622985034290e-15 9.757631000000000260e-19
4.351951999999999821e+00 1.088140958661320785e-15 9.877113000000000593e-19
4.352617000000000402e+00 1.091033155084234296e-15 1.003119000000000047e-18
4.353282000000000096e+00 1.080960211011378331e-15 1.000210999999999908e-18
4.353946999999999790e+00 1.063181221653103021e-15 9.995024000000000581e-19
4.354612000000000371e+00 1.119967212424235671e-15 1.045981000000000089e-18
4.355277000000000065e+00 1.150358962047193653e-15 1.058438999999999919e-18
4.355941999999999759e+00 1.131754850031749693e-15 1.046531000000000059e-18
4.356607000000000340e+00 1.111892237528145374e-15 1.034413000000000067e-18
4.357272000000000034e+00 1.079026498612023043e-15 1.012479000000000050e-18
4.357936999999999728e+00 1.104540662800561997e-15 1.028415999999999944e-18
4.358602000000000309e+00 1.134806893336440027e-15 1.100717999999999923e-18
4.359267000000000003e+00 1.115015017278262867e-15 1.111098999999999915e-18
4.359931999999999697e+00 1.094653895244997160e-15 1.077500999999999941e-18
4.360597000000000278e+00 1.092844106664680586e-15 1.066005000000000014e-18
4.361261999999999972e+00 1.125904162574430460e-15 1.064533000000000066e-18
4.361926999999999666e+00 1.139836428225175426e-15 1.067723000000000046e-18
4.362592000000000247e+00 1.125548574446877927e-15 1.055807999999999944e-18
4.363256999999999941e+00 1.100926438558741437e-15 1.048248000000000002e-18
4.363921999999999635e+00 1.061275375607402194e-15 1.022733000000000026e-18
4.364587000000000216e+00 1.056198383194735186e-15 1.013309999999999965e-18
4.365251999999999910e+00 1.089080826928923660e-15 2.019349999999999967e-18
4.365916999999999604e+00 1.122875219611294595e-15 1.054315999999999937e-18
4.366582000000000185e+00 1.075376776334695777e-15 1.016368999999999957e-18
4.367246999999999879e+00 1.021891148660156943e-15 1.002513000000000067e-18
4.367911999999999573e+00 1.040949777522524665e-15 1.001143000000000012e-18
4.368577000000000155e+00 1.054926241140372446e-15 9.838920999999999078e-19
4.369241999999999848e+00 1.083877325703766343e-15 9.864767000000000782e-19
4.369907000000000430e+00 1.118071432690254693e-15 1.004213999999999924e-18
4.370572000000000124e+00 1.098921712668748790e-15 1.022673999999999940e-18
4.371236999999999817e+00 1.078860196746253568e-15 1.028084999999999949e-18
4.371902000000000399e+00 1.078664732426226512e-15 1.037205000000000021e-18
4.372567000000000093e+00 1.078235219874774659e-15 1.051776999999999923e-18
4.373231999999999786e+00 1.082560357018152634e-15 1.074665000000000090e-18
4.373897000000000368e+00 nan nan
4.374562000000000062e+00 nan nan
4.375226999999999755e+00 1.061845401290896253e-15 1.072674999999999956e-18
4.375892000000000337e+00 1.072159387862075287e-15 1.061816000000000090e-18
4.376557000000000031e+00 1.065029705913086704e-15 1.069567000000000003e-18
4.377221999999999724e+00 1.077599218482018567e-15 1.080591000000000015e-18
4.377887000000000306e+00 1.071051756813125201e-15 1.069782000000000006e-18
4.378552000000000000e+00 1.038265350518927550e-15 1.116221999999999930e-18
4.379216999999999693e+00 1.043126324957416620e-15 1.099722999999999953e-18
4.379882000000000275e+00 1.066730028136027265e-15 1.071851000000000091e-18
4.380546999999999969e+00 1.100053968148200175e-15 1.050426000000000030e-18
4.381211999999999662e+00 1.091198755521354316e-15 9.970188000000000770e-19
4.381877000000000244e+00 1.038171682810895761e-15 9.455660000000000344e-19
4.382541999999999938e+00 1.007150284836332814e-15 9.461645000000000162e-19
4.383206999999999631e+00 1.037258059863276374e-15 9.618164999999999927e-19
4.383872000000000213e+00 1.067003262459835332e-15 9.891019999999999852e-19
4.384536999999999907e+00 1.103030039023617087e-15 1.023337999999999916e-18
4.385201999999999600e+00 1.096073759343163244e-15 1.034626000000000083e-18
4.385867000000000182e+00 1.039371662144882886e-15 1.030872000000000033e-18
4.386531999999999876e+00 1.029689363596706469e-15 1.037887000000000069e-18
4.387196999999999569e+00 1.072659682977454728e-15 1.082219000000000073e-18
4.387862000000000151e+00 1.064565333512312376e-15 1.081034000000000029e-18
4.388526999999999845e+00 1.084149527275772955e-15 1.087673999999999980e-18
4.389192000000000426e+00 1.112661975324280857e-15 1.115187999999999932e-18
4.389857000000000120e+00 1.073537822414015033e-15 1.090626999999999913e-18
4.390521999999999814e+00 1.042476708799505490e-15 1.081069999999999980e-18
4.391187000000000396e+00 1.069870397246393935e-15 1.100083000000000042e-18
4.391852000000000089e+00 1.110869935524169333e-15 1.169932999999999905e-18
4.392516999999999783e+00 1.103946579624650856e-15 1.317336000000000060e-18
4.393182000000000365e+00 1.088499664919698001e-15 1.107513999999999983e-18
4.393847000000000058e+00 1.025970544785504071e-15 1.060038999999999972e-18
4.394511999999999752e+00 1.028012181525575853e-15 1.005228000000000056e-18
4.395177000000000334e+00 1.084999192641462903e-15 9.945025999999999486e-19
4.395842000000000027e+00 1.068764062095634134e-15 9.828521999999999786e-19
4.396506999999999721e+00 1.030564771659412751e-15 9.719881000000000211e-19
4.397172000000000303e+00 1.052512289252620557e-15 9.864787000000000648e-19
4.397836999999999996e+00 1.052836828408883868e-15 1.025049999999999988e-18
4.398501999999999690e+00 1.018115738384462213e-15 9.815640000000000874e-19
4.399167000000000272e+00 1.019788532318721558e-15 9.637115999999999250e-19
4.399831999999999965e+00 1.053869087619568901e-15 9.804515000000000865e-19
4.400496999999999659e+00 1.102714430563661939e-15 9.979301999999999533e-19
4.401162000000000241e+00 1.103609553713562201e-15 9.912195999999999176e-19
4.401826999999999934e+00 1.051895885230068271e-15 9.619335000000000746e-19
4.402491999999999628e+00 1.006488635630166113e-15 9.407776000000000669e-19
4.403157000000000210e+00 1.027763865565988229e-15 9.505585000000000100e-19
4.403821999999999903e+00 1.061624090715400734e-15 9.789602000000000843e-19
4.404486999999999597e+00 1.051283982689441859e-15 9.853601000000000760e-19
4.405152000000000179e+00 1.037074223058602205e-15 9.922199000000000354e-19
4.405816999999999872e+00 1.052730422106968960e-15 1.004996999999999969e-18
4.406481999999999566e+00 1.047633938148445742e-15 9.782361999999999332e-19
4.407147000000000148e+00 1.015318763173150517e-15 9.523283000000000219e-19
4.407811999999999841e+00 1.051086919153807888e-15 9.771426000000000656e-19
4.408477000000000423e+00 1.073119491766415036e-15 9.835296999999999120e-19
4.409142000000000117e+00 1.069415009134577030e-15 9.858151000000000092e-19
4.409806999999999810e+00 1.064221223013782684e-15 9.873362999999999746e-19
4.410472000000000392e+00 1.071242227729397026e-15 9.979860999999999347e-19
4.411137000000000086e+00 1.053269979053985241e-15 9.850014999999999969e-19
4.411801999999999779e+00 1.006666047062504811e-15 9.601446000000000656e-19
4.412467000000000361e+00 1.053031395621026034e-15 9.773165000000000258e-19
4.413132000000000055e+00 1.103663365390024129e-15 1.003356999999999991e-18
4.413796999999999748e+00 1.113335007527059678e-15 1.012234999999999953e-18
4.414462000000000330e+00 1.072090347708196140e-15 9.915510000000000251e-19
4.415127000000000024e+00 1.039674842628902541e-15 9.760934000000000157e-19
4.415791999999999717e+00 1.027513088032184738e-15 9.702090000000000811e-19
4.416457000000000299e+00 1.033656004199099743e-15 9.827308000000000032e-19
4.417121999999999993e+00 1.086291265068706349e-15 1.053066999999999937e-18
4.417786999999999686e+00 1.070610395234238031e-15 1.008777000000000036e-18
4.418452000000000268e+00 1.052037343413269316e-15 9.988588000000000610e-19
4.419116999999999962e+00 nan 1.013055000000000038e-18
4.419781999999999655e+00 1.060938796377746024e-15 1.007734000000000003e-18
4.420447000000000237e+00 1.018753352021553520e-15 9.884994000000000019e-19
4.421111999999999931e+00 9.944737692818680454e-16 9.658591000000000131e-19
4.421776999999999624e+00 1.018367151912121861e-15 9.773193000000000455e-19
4.422442000000000206e+00 1.032574904826214572e-15 9.991148999999999128e-19
4.423106999999999900e+00 1.031586091143530381e-15 1.003861999999999974e-18
4.423771999999999593e+00 1.031779990950730998e-15 1.003957000000000011e-18
4.424437000000000175e+00 1.034310252606378871e-15 1.003377999999999947e-18
4.425101999999999869e+00 9.985248790812397473e-16 9.908388999999999578e-19
4.425766999999999562e+00 9.829142878433418959e-16 9.692745000000000419e-19
4.426432000000000144e+00 1.038189725312385432e-15 1.008867000000000011e-18
4.427096999999999838e+00 1.063422309808399107e-15 1.011413999999999971e-18
4.427762000000000420e+00 1.075284684929044068e-15 1.021575000000000090e-18
4.428427000000000113e+00 1.062224157273795292e-15 1.011922000000000030e-18
4.429091999999999807e+00 1.004540423560864161e-15 9.845556999999999634e-19
4.429757000000000389e+00 9.618458465035152416e-16 9.674917000000000209e-19
4.430422000000000082e+00 9.822448290387653747e-16 9.802485000000000037e-19
4.431086999999999776e+00 1.038414923360558251e-15 1.007657999999999935e-18
4.431752000000000358e+00 1.056728436255829486e-15 1.022275999999999914e-18
4.432417000000000051e+00 1.039816604502861261e-15 1.009011999999999905e-18
4.433081999999999745e+00 1.027986489333104295e-15 1.002304999999999922e-18
4.433747000000000327e+00 1.023739181837814867e-15 1.007947000000000019e-18
4.434412000000000020e+00 nan 1.158885000000000055e-18
4.435076999999999714e+00 9.812310113305328247e-16 1.003145000000000065e-18
4.435742000000000296e+00 1.000746509573226821e-15 1.020683999999999999e-18
4.436406999999999989e+00 1.005290244152107220e-15 1.026072999999999964e-18
4.437071999999999683e+00 1.003937291630578049e-15 1.026068000000000093e-18
4.437737000000000265e+00 1.036948118922511023e-15 1.043070000000000067e-18
4.438401999999999958e+00 1.020894744810656267e-15 1.016697999999999965e-18
4.439066999999999652e+00 nan 1.151825999999999929e-18
4.439732000000000234e+00 nan 1.122344000000000081e-18
4.440396999999999927e+00 9.445407076482690022e-16 9.583024000000000385e-19
4.441061999999999621e+00 9.756622936259775988e-16 9.709393000000000841e-19
4.441727000000000203e+00 1.022840732621447441e-15 9.931552999999999434e-19
4.442391999999999896e+00 1.070319959739169268e-15 1.035885000000000016e-18
4.443056999999999590e+00 1.076369669969795340e-15 1.031476999999999923e-18
4.443722000000000172e+00 1.034432747912552586e-15 9.930131999999999047e-19
4.444386999999999865e+00 9.920423706716117308e-16 9.792571000000000862e-19
4.445051999999999559e+00 9.765822595876083405e-16 9.786918000000000357e-19
4.445717000000000141e+00 nan 1.111515999999999910e-18
4.446381999999999834e+00 1.032462633775585063e-15 1.151013000000000086e-18
4.447047000000000416e+00 1.043860692036730034e-15 9.821099000000000561e-19
4.447712000000000110e+00 1.102026229433516983e-15 1.028918999999999941e-18
4.448376999999999803e+00 1.080292121717586120e-15 1.033654999999999951e-18
4.449042000000000385e+00 9.998523837276809863e-16 9.822001000000000866e-19
4.449707000000000079e+00 9.936816058750365770e-16 9.801412999999999909e-19
4.450371999999999773e+00 9.778769360607108395e-16 9.592278000000000136e-19
4.451037000000000354e+00 1.001900002672626599e-15 9.638025999999999887e-19
4.451702000000000048e+00 1.037092507047841691e-15 9.816688000000000007e-19
4.452366999999999742e+00 1.016470199904443002e-15 9.614133000000000394e-19
4.453032000000000323e+00 9.996204309079023647e-16 9.556440000000000358e-19
4.453697000000000017e+00 1.031045456398570602e-15 9.702361000000000246e-19
4.454361999999999711e+00 1.039442377181211990e-15 9.710552000000000482e-19
4.455027000000000292e+00 9.964200933471473831e-16 1.055005999999999931e-18
4.455691999999999986e+00 9.564366413718104088e-16 1.044800000000000018e-18
4.456356999999999680e+00 9.980789045569763458e-16 1.053683000000000042e-18
4.457022000000000261e+00 1.012274380425957850e-15 9.413025999999999158e-19
4.457686999999999955e+00 9.887956491702855746e-16 9.280039999999999656e-19
4.458351999999999649e+00 1.000825320429285078e-15 9.328797999999999439e-19
4.459017000000000230e+00 1.000824845007689102e-15 9.257792000000000204e-19
4.459681999999999924e+00 1.011036239401225231e-15 9.357143999999999781e-19
4.460346999999999618e+00 1.021286968010953323e-15 9.414764000000000404e-19
4.461012000000000199e+00 9.796543669426881667e-16 9.125758999999999991e-19
4.461676999999999893e+00 9.751855001271971133e-16 9.049471999999999297e-19
4.462341999999999587e+00 1.020126646893143391e-15 9.298695000000000194e-19
4.463007000000000168e+00 1.050181259284021567e-15 9.493131000000000628e-19
4.463671999999999862e+00 1.049582121737118060e-15 9.455362999999999351e-19
4.464337000000000444e+00 1.049452327261802758e-15 9.549605999999999782e-19
4.465002000000000137e+00 1.042031945300431304e-15 9.627574999999999402e-19
4.465666999999999831e+00 1.006697637065836991e-15 9.522588000000000547e-19
4.466332000000000413e+00 9.507953423872524874e-16 9.345836000000000134e-19
4.466997000000000106e+00 9.437817230163926970e-16 9.135137000000000066e-19
4.467661999999999800e+00 9.594955660794458278e-16 9.189256000000000771e-19
4.468327000000000382e+00 9.830176377145798084e-16 9.382688999999999363e-19
4.468992000000000075e+00 nan 2.428342999999999821e-18
4.469656999999999769e+00 1.038136063058059198e-15 9.623542999999999869e-19
4.470322000000000351e+00 1.007336478917297439e-15 9.094435000000000943e-19
4.470987000000000045e+00 9.758154876151259387e-16 8.927573000000000636e-19
4.471651999999999738e+00 9.560524308808093302e-16 8.972182000000000612e-19
4.472317000000000320e+00 9.663757937226871750e-16 8.968485999999999596e-19
4.472982000000000014e+00 1.002236751848670963e-15 9.240975000000000242e-19
4.473646999999999707e+00 1.011807650071492291e-15 9.283473999999999926e-19
4.474312000000000289e+00 1.009265534089631584e-15 1.236009999999999943e-18
4.474976999999999983e+00 9.979691037827689734e-16 9.241415999999999499e-19
4.475641999999999676e+00 1.005767341271774984e-15 9.631855999999999865e-19
4.476307000000000258e+00 1.017984006775439438e-15 9.453375000000000745e-19
4.476971999999999952e+00 9.982595955321725166e-16 9.281491999999999161e-19
4.477636999999999645e+00 9.354744301137635881e-16 8.754898000000000898e-19
4.478302000000000227e+00 9.697856737344846018e-16 8.957884000000000798e-19
4.478966999999999921e+00 1.018984467040457390e-15 9.309214000000000607e-19
4.479631999999999614e+00 1.029548070589092420e-15 9.365255000000000554e-19
4.480297000000000196e+00 9.970454637353375690e-16 9.073236999999999263e-19
4.480961999999999890e+00 9.676151209450636714e-16 8.897796999999999293e-19
4.481626999999999583e+00 9.774716727322299813e-16 8.849176999999999933e-19
4.482292000000000165e+00 9.968963094960257203e-16 9.116236999999999727e-19
4.482956999999999859e+00 9.782104100414014900e-16 9.334544999999999506e-19
4.483622000000000440e+00 9.718503471934093487e-16 8.756189999999999551e-19
4.484287000000000134e+00 1.001988715491699736e-15 8.903305999999999608e-19
4.484951999999999828e+00 9.798176525576663661e-16 9.683874999999999249e-19
4.485617000000000409e+00 9.941769994070985163e-16 1.005965000000000024e-18
4.486282000000000103e+00 1.065434078235754882e-15 9.053622999999999669e-19
4.486946999999999797e+00 1.071371308758834309e-15 9.041918999999999981e-19
4.487612000000000378e+00 1.043354493789261472e-15 8.999867999999999603e-19
4.488277000000000072e+00 1.005404504631389463e-15 8.939212999999999598e-19
4.488941999999999766e+00 9.454156450033387380e-16 8.589291000000000359e-19
4.489607000000000347e+00 9.349661702894989207e-16 8.964853999999999306e-19
4.490272000000000041e+00 9.536804309845006471e-16 8.726333000000000388e-19
4.490936999999999735e+00 9.822132587900875886e-16 8.883463999999999233e-19
4.491602000000000317e+00 1.008587666428472988e-15 9.111231999999999113e-19
4.492267000000000010e+00 1.006811013041632588e-15 9.043541999999999591e-19
4.492931999999999704e+00 9.839976816175891039e-16 9.017474999999999081e-19
4.493597000000000286e+00 9.898617225639998526e-16 8.894275999999999511e-19
4.494261999999999979e+00 9.798245881170876034e-16 8.987703999999999149e-19
4.494926999999999673e+00 9.226388111717315452e-16 8.639732999999999632e-19
4.495592000000000255e+00 9.294769364418555358e-16 8.748378000000000335e-19
4.496256999999999948e+00 9.802023459891732037e-16 9.965424999999999110e-19
4.496921999999999642e+00 9.885580851162654598e-16 9.036159000000000098e-19
4.497587000000000224e+00 1.005609710960916239e-15 9.072474999999999944e-19
4.498251999999999917e+00 9.926310962958337250e-16 9.017201000000000727e-19
4.498916999999999611e+00 9.743480654037276708e-16 8.952582999999999473e-19
4.499582000000000193e+00 9.781011762547438576e-16 9.010210000000000145e-19
4.500246999999999886e+00 9.436815595272874264e-16 8.737282999999999163e-19
4.500911999999999580e+00 8.975826416943854646e-16 8.568455999999999999e-19
4.501577000000000162e+00 9.602817729947788576e-16 8.795113999999999622e-19
4.502241999999999855e+00 1.043811905744441870e-15 9.290125000000000862e-19
4.502907000000000437e+00 1.044600346079188531e-15 9.398665999999999182e-19
4.503572000000000131e+00 1.006531694526651606e-15 9.160223999999999446e-19
4.504236999999999824e+00 9.817595067914071633e-16 9.141280000000000173e-19
4.504902000000000406e+00 9.602845709135023697e-16 8.962138999999999702e-19
4.505567000000000100e+00 9.331817181592435605e-16 8.822607000000000004e-19
4.506231999999999793e+00 9.255939182903881432e-16 8.723827000000000057e-19
4.506897000000000375e+00 9.137316859674705035e-16 8.661722000000000147e-19
4.507562000000000069e+00 nan nan
4.508226999999999762e+00 1.033644652159253425e-15 9.239319999999999306e-19
4.508892000000000344e+00 1.028206020688741563e-15 9.229408000000000695e-19
4.509557000000000038e+00 1.000656916683566371e-15 9.175953000000000543e-19
4.510221999999999731e+00 9.822239679007869847e-16 9.102422999999999748e-19
4.510887000000000313e+00 9.409939610167229925e-16 8.891653000000000831e-19
4.511552000000000007e+00 9.569769916130694562e-16 8.904644999999999968e-19
4.512216999999999700e+00 9.765580239751028372e-16 9.053522000000000058e-19
4.512882000000000282e+00 9.503724221015617954e-16 8.941319000000000686e-19
4.513546999999999976e+00 9.278077662275060169e-16 8.857655000000000266e-19
4.514211999999999669e+00 9.957278780076533884e-16 9.187964000000000193e-19
4.514877000000000251e+00 1.026402624860404155e-15 9.256188000000000178e-19
4.515541999999999945e+00 1.016220226379937158e-15 9.317898999999999649e-19
4.516206999999999638e+00 9.700151795187690253e-16 9.197788000000000935e-19
4.516872000000000220e+00 9.732613488868008226e-16 9.038164999999999932e-19
4.517536999999999914e+00 1.002819641341516995e-15 9.411530000000000718e-19
4.518201999999999607e+00 9.916194946524655739e-16 9.344352999999999585e-19
4.518867000000000189e+00 9.799464552887930294e-16 9.249742999999999593e-19
4.519531999999999883e+00 9.254409091181128106e-16 8.999465999999999796e-19
4.520196999999999576e+00 9.425512190103395600e-16 9.186050999999999639e-19
4.520862000000000158e+00 9.694599772334105546e-16 9.373007000000000172e-19
4.521526999999999852e+00 9.266777990349220681e-16 9.050878999999999586e-19
4.522192000000000434e+00 9.183870748674094956e-16 9.219900000000000529e-19
4.522857000000000127e+00 9.701247639595597207e-16 9.409387000000000744e-19
4.523521999999999821e+00 1.003065791184967013e-15 1.011626000000000090e-18
4.524187000000000403e+00 9.870057774591032909e-16 9.517771999999999340e-19
4.524852000000000096e+00 9.670799268830610163e-16 9.382560999999999836e-19
4.525516999999999790e+00 9.366626811146309061e-16 9.260819999999999538e-19
4.526182000000000372e+00 9.220962553920068933e-16 9.257182999999999763e-19
4.526847000000000065e+00 9.516265836378325261e-16 9.457927000000000642e-19
4.527511999999999759e+00 9.202464816208478080e-16 9.269439999999999497e-19
4.528177000000000341e+00 9.250624706074935365e-16 9.395183000000000492e-19
4.528842000000000034e+00 9.531865238136648696e-16 9.497966999999999775e-19
4.529506999999999728e+00 9.682252642490486159e-16 9.602382000000000926e-19
4.530172000000000310e+00 9.811141154443577849e-16 9.833397000000000309e-19
4.530837000000000003e+00 9.752767131925622324e-16 9.801359000000000079e-19
4.531501999999999697e+00 9.271035686007709517e-16 9.695078000000000082e-19
4.532167000000000279e+00 8.688424899720005446e-16 1.390575000000000014e-18
4.532831999999999972e+00 8.735421555603899226e-16 9.295352000000000565e-19
4.533496999999999666e+00 9.208528178120963005e-16 9.565626000000000179e-19
4.534162000000000248e+00 9.679992237853992390e-16 9.782032000000000582e-19
4.534826999999999941e+00 9.799353861865853914e-16 9.803190000000000605e-19
4.535491999999999635e+00 9.881799187771822051e-16 9.935003000000000367e-19
4.536157000000000217e+00 9.822062682723856647e-16 9.977629999999999578e-19
4.536821999999999910e+00 9.776686813359089342e-16 9.945701999999999573e-19
4.537486999999999604e+00 1.010170247523746842e-15 1.002676000000000033e-18
4.538152000000000186e+00 9.766546579828281878e-16 9.938909000000000938e-19
4.538816999999999879e+00 8.946331803867052599e-16 9.630979000000000836e-19
4.539481999999999573e+00 9.247941180738330356e-16 9.786299000000000946e-19
4.540147000000000155e+00 1.000663164899163259e-15 1.021016999999999981e-18
4.540811999999999848e+00 9.967431304980934114e-16 1.016415000000000034e-18
4.541477000000000430e+00 9.542971863417856027e-16 9.990063999999999184e-19
4.542142000000000124e+00 9.489979618841816610e-16 1.000342000000000089e-18
4.542806999999999817e+00 9.682822745056039227e-16 1.015314000000000004e-18
4.543472000000000399e+00 9.760591223085186965e-16 1.034667999999999994e-18
4.544137000000000093e+00 9.592714537991015034e-16 1.033774999999999917e-18
4.544801999999999786e+00 9.180716897736624333e-16 1.050800999999999922e-18
4.545467000000000368e+00 8.743759856505199004e-16 9.834730000000000901e-19
4.546132000000000062e+00 9.137721683772141747e-16 1.006634000000000063e-18
4.546796999999999755e+00 9.734760184615261105e-16 1.038256000000000001e-18
4.547462000000000337e+00 9.781065783974119690e-16 1.063725000000000093e-18
4.548127000000000031e+00 9.402389279973019239e-16 1.024786000000000026e-18
4.548791999999999724e+00 9.366790523447829792e-16 1.011021000000000007e-18
4.549457000000000306e+00 9.625064608273744567e-16 1.031173999999999934e-18
4.550122000000000000e+00 9.662537841382220993e-16 1.028914999999999967e-18
4.550786999999999694e+00 9.330501921031268499e-16 1.015196999999999922e-18
4.551452000000000275e+00 9.156019236688468975e-16 1.004407999999999971e-18
4.552116999999999969e+00 8.848049785597632260e-16 1.016402000000000025e-18
4.552781999999999663e+00 9.027824569026043140e-16 1.010228999999999927e-18
4.553447000000000244e+00 9.609580184725117683e-16 1.030270999999999924e-18
4.554111999999999938e+00 9.558766239035552069e-16 1.037446999999999939e-18
4.554776999999999632e+00 9.730589836734213911e-16 1.039233000000000092e-18
4.555442000000000213e+00 9.979853546098959759e-16 1.045447000000000012e-18
4.556106999999999907e+00 9.826091874513495227e-16 1.047341000000000019e-18
4.556771999999999601e+00 9.280272221765580772e-16 1.024689000000000002e-18
4.557437000000000182e+00 9.187886579956848239e-16 1.021717999999999997e-18
4.558101999999999876e+00 9.367466206217201171e-16 1.030928000000000043e-18
4.558766999999999570e+00 9.116121208241098227e-16 1.011191000000000022e-18
4.559432000000000151e+00 8.759054543850215883e-16 9.947179000000000355e-19
4.560096999999999845e+00 9.429356332121675443e-16 1.037693000000000022e-18
4.560762000000000427e+00 9.949651778219952272e-16 1.060928000000000076e-18
4.561427000000000120e+00 9.779868836167731383e-16 1.049874999999999970e-18
4.562091999999999814e+00 9.294202974262909762e-16 1.028884999999999976e-18
4.562757000000000396e+00 8.943509955780177579e-16 1.037992000000000039e-18
4.563422000000000089e+00 8.989012107340250655e-16 1.010448000000000095e-18
4.564086999999999783e+00 9.590558299203299884e-16 1.037274000000000040e-18
4.564752000000000365e+00 9.643672960467553356e-16 1.029615999999999984e-18
4.565417000000000058e+00 nan 1.133228000000000069e-18
4.566081999999999752e+00 8.736938892354827439e-16 1.091372000000000020e-18
4.566747000000000334e+00 9.006538874386071385e-16 1.030096000000000038e-18
4.567412000000000027e+00 nan nan
4.568076999999999721e+00 nan nan
4.568742000000000303e+00 nan nan
4.569406999999999996e+00 nan nan
4.570071999999999690e+00 nan nan
4.570737000000000272e+00 nan nan
4.571401999999999965e+00 nan nan
4.572066999999999659e+00 9.689911300168758918e-16 2.710054999999999944e-18
4.572732000000000241e+00 8.899734991734695120e-16 9.736625999999999115e-19
4.573396999999999935e+00 8.707294236446322983e-16 9.470854000000000696e-19
4.574061999999999628e+00 9.472002085673099222e-16 9.943665000000000622e-19
4.574727000000000210e+00 9.755769187582549669e-16 1.045578000000000000e-18
4.575391999999999904e+00 9.299720446185737512e-16 9.764067000000000231e-19
4.576056999999999597e+00 8.934266073282904454e-16 9.559104999999999334e-19
4.576722000000000179e+00 9.339838291274860594e-16 9.708122000000000411e-19
4.577386999999999873e+00 9.649493004969702998e-16 9.766226000000000868e-19
4.578051999999999566e+00 9.561146396843566579e-16 9.701230000000000802e-19
4.578717000000000148e+00 9.334096418287418679e-16 9.556120000000000578e-19
4.579381999999999842e+00 9.217858939717991749e-16 9.435766000000000702e-19
4.580047000000000423e+00 8.826249361830073989e-16 9.078685999999999980e-19
4.580712000000000117e+00 8.877372675066013890e-16 8.902334000000000735e-19
4.581376999999999811e+00 9.444387414947001652e-16 9.362927000000000377e-19
4.582042000000000392e+00 9.251493450214798689e-16 9.157804000000000270e-19
4.582707000000000086e+00 9.387958596835568751e-16 9.240287000000000620e-19
4.583371999999999780e+00 9.752588546110681092e-16 9.471168000000000709e-19
4.584037000000000361e+00 9.467859132751478346e-16 9.202026999999999176e-19
4.584702000000000055e+00 9.071130265242834949e-16 8.998323000000000818e-19
4.585366999999999749e+00 9.324459956746730199e-16 9.076206999999999564e-19
4.586032000000000330e+00 9.525671421741773098e-16 9.337675000000000659e-19
4.586697000000000024e+00 9.670801131221395979e-16 9.239881999999999966e-19
4.587361999999999718e+00 9.243499127299337630e-16 8.982379999999999038e-19
4.588027000000000299e+00 8.943952407817120187e-16 8.856524000000000823e-19
4.588691999999999993e+00 9.028681043654998096e-16 8.891760000000000209e-19
4.589356999999999687e+00 8.982744694335017121e-16 8.882044999999999410e-19
4.590022000000000268e+00 9.055394840882539049e-16 9.050071000000000768e-19
4.590686999999999962e+00 9.484757173656082399e-16 9.121043000000000039e-19
4.591351999999999656e+00 9.843358104002188199e-16 9.300971999999999461e-19
4.592017000000000237e+00 9.913148329282966923e-16 9.288883999999999268e-19
4.592681999999999931e+00 9.748045898807890612e-16 9.220243999999999377e-19
4.593346999999999625e+00 9.239056397351149590e-16 8.956175000000000032e-19
4.594012000000000207e+00 8.931451551894065019e-16 8.752472000000000030e-19
4.594676999999999900e+00 8.583544920111730851e-16 8.387662000000000120e-19
4.595341999999999594e+00 8.277227961041687644e-16 8.345063000000000144e-19
4.596007000000000176e+00 8.656134548468651845e-16 8.489611999999999990e-19
4.596671999999999869e+00 9.113489618162276907e-16 9.016110999999999371e-19
4.597336999999999563e+00 9.364441875995691585e-16 9.397907000000000710e-19
4.598002000000000145e+00 9.519519128713845398e-16 9.045049999999999491e-19
4.598666999999999838e+00 9.472303531759492193e-16 8.907104000000000518e-19
4.599332000000000420e+00 9.297257630700939956e-16 9.373573000000000035e-19
4.599997000000000114e+00 9.557102904146044363e-16 9.228817999999999837e-19
4.600661999999999807e+00 9.647413893705867375e-16 9.426868999999999616e-19
4.601327000000000389e+00 9.122439785257949649e-16 8.645516999999999547e-19
4.601992000000000083e+00 8.401993450174758773e-16 8.386520999999999781e-19
4.602656999999999776e+00 8.353083482328817188e-16 8.363837999999999876e-19
4.603322000000000358e+00 9.103325390267559527e-16 8.857501999999999463e-19
4.603987000000000052e+00 9.165965689702903652e-16 8.920195000000000628e-19
4.604651999999999745e+00 8.973113991688122945e-16 8.696399000000000683e-19
4.605317000000000327e+00 9.190664265351592304e-16 8.888070999999999242e-19
4.605982000000000021e+00 nan 9.942160999999999925e-19
4.606646999999999714e+00 9.728676013030706250e-16 9.031209999999999879e-19
4.607312000000000296e+00 9.657384003379630814e-16 9.185553999999999988e-19
4.607976999999999990e+00 9.140473906428756955e-16 8.839440000000000629e-19
4.608641999999999683e+00 8.812966401798305624e-16 8.692687000000000929e-19
4.609307000000000265e+00 8.525477563206562288e-16 8.507921000000000152e-19
4.609971999999999959e+00 8.505541337858180630e-16 8.464779000000000062e-19
4.610636999999999652e+00 9.281507547532298795e-16 8.849828000000000670e-19
4.611302000000000234e+00 9.784708242012254318e-16 9.067352999999999056e-19
4.611966999999999928e+00 9.594415608531165660e-16 9.257801999999999174e-19
4.612631999999999621e+00 9.472573338705148924e-16 8.916878000000000633e-19
4.613297000000000203e+00 9.402380686878456716e-16 8.867204000000000445e-19
4.613961999999999897e+00 9.044175372457466409e-16 8.690514000000000194e-19
4.614626999999999590e+00 8.857405485936798868e-16 8.553050999999999811e-19
4.615292000000000172e+00 8.937833964703800088e-16 8.453349999999999974e-19
4.615956999999999866e+00 8.946513006658400344e-16 8.480389999999999639e-19
4.616621999999999559e+00 9.073228021133345102e-16 8.477444000000000333e-19
4.617287000000000141e+00 8.780244971785030863e-16 8.638910000000000434e-19
4.617951999999999835e+00 8.712207114828685392e-16 8.593656999999999770e-19
4.618617000000000417e+00 9.211249599825420756e-16 8.826243999999999779e-19
4.619282000000000110e+00 9.462932071718982089e-16 8.716466999999999350e-19
4.619946999999999804e+00 9.219325620764078313e-16 8.548814000000000208e-19
4.620612000000000386e+00 8.880995153619548866e-16 8.386765999999999582e-19
4.621277000000000079e+00 9.225747035993211202e-16 8.563078000000000058e-19
4.621941999999999773e+00 9.409944730394263566e-16 8.775541000000000042e-19
4.622607000000000355e+00 9.017651420428572205e-16 8.455293999999999646e-19
4.623272000000000048e+00 8.637949180697223295e-16 8.425454999999999785e-19
4.623936999999999742e+00 9.003081154515179243e-16 9.502389999999999863e-19
4.624602000000000324e+00 9.227219119058914817e-16 8.692413000000000649e-19
4.625267000000000017e+00 8.715258283379044327e-16 8.404095999999999859e-19
4.625931999999999711e+00 8.443302021189316861e-16 8.400954000000000134e-19
4.626597000000000293e+00 8.836075949908318723e-16 8.506701999999999950e-19
4.627261999999999986e+00 nan 2.069145999999999914e-18
4.627926999999999680e+00 nan 1.084463000000000043e-18
4.628592000000000262e+00 9.905927088373321236e-16 9.039410000000000729e-19
4.629256999999999955e+00 9.754456431573772179e-16 9.058411000000000679e-19
4.629921999999999649e+00 9.071119439219840104e-16 8.734179999999999850e-19
4.630587000000000231e+00 8.707137599280126122e-16 9.515397999999999664e-19
4.631251999999999924e+00 8.992823444624361230e-16 1.010239999999999949e-18
4.631916999999999618e+00 9.424060998117288548e-16 8.899831999999999607e-19
4.632582000000000200e+00 9.278488626475801845e-16 8.882942000000000230e-19
4.633246999999999893e+00 8.739919913262558949e-16 8.646776000000000442e-19
4.633911999999999587e+00 8.941567094218260137e-16 8.739555999999999228e-19
4.634577000000000169e+00 9.327053172535673266e-16 8.995776000000000473e-19
4.635241999999999862e+00 9.307345880077507178e-16 9.017010000000000756e-19
4.635906999999999556e+00 9.195603142555673857e-16 9.003480000000000028e-19
4.636572000000000138e+00 8.778607128230616149e-16 8.827255000000000027e-19
4.637236999999999831e+00 8.431300891108899009e-16 8.589065000000000142e-19
4.637902000000000413e+00 8.783594614811841061e-16 8.945553999999999724e-19
4.638567000000000107e+00 9.411963270501604114e-16 9.447383000000000877e-19
4.639231999999999800e+00 9.412058849918979206e-16 1.109572000000000046e-18
4.639897000000000382e+00 8.945916272479269038e-16 9.061032000000000721e-19
4.640562000000000076e+00 8.859739471339856553e-16 9.106404000000000297e-19
4.641226999999999769e+00 8.685426280201961099e-16 9.011079000000000768e-19
4.641892000000000351e+00 8.911435288061527725e-16 9.148835000000000053e-19
4.642557000000000045e+00 9.112029328712432274e-16 9.196089999999999421e-19
4.643221999999999738e+00 9.007878382634179566e-16 9.238707999999999944e-19
4.643887000000000320e+00 8.905653654225121651e-16 9.096753000000000225e-19
4.644552000000000014e+00 nan nan
4.645216999999999707e+00 8.874798073993905653e-16 7.520855000000000184e-18
4.645882000000000289e+00 9.052747280456345310e-16 1.013853000000000078e-18
4.646546999999999983e+00 9.058147145107638097e-16 9.608046000000000682e-19
4.647211999999999676e+00 nan 9.822474999999999805e-19
4.647877000000000258e+00 nan 9.942499000000000932e-19
4.648541999999999952e+00 nan 9.913664999999999626e-19
4.649206999999999645e+00 8.779144088105758360e-16 1.003560000000000074e-18
4.649872000000000227e+00 8.951138805707834199e-16 1.012976000000000086e-18
4.650536999999999921e+00 9.028645066519453578e-16 1.037969999999999994e-18
4.651201999999999614e+00 9.070839540486852387e-16 1.071208000000000070e-18
4.651867000000000196e+00 9.052411645062930596e-16 1.144454999999999970e-18
4.652531999999999890e+00 8.815162174105709462e-16 1.164975000000000035e-18
4.653196999999999584e+00 8.761278903879948118e-16 1.160816999999999999e-18
4.653862000000000165e+00 8.954945011275516897e-16 1.220537999999999914e-18
4.654526999999999859e+00 9.046329849016191096e-16 1.279571999999999912e-18
4.655192000000000441e+00 9.164163525649651366e-16 1.308000999999999986e-18
4.655857000000000134e+00 9.604815939837466733e-16 1.333951999999999926e-18
4.656521999999999828e+00 9.453569106903199573e-16 1.260622999999999998e-18
4.657187000000000410e+00 8.725493071328317668e-16 1.166800999999999921e-18
4.657852000000000103e+00 8.705082368731064783e-16 1.148730999999999985e-18
4.658516999999999797e+00 9.233170635193965508e-16 1.183327000000000005e-18
4.659182000000000379e+00 9.171306466040195314e-16 1.123603999999999911e-18
4.659847000000000072e+00 8.501964963489930999e-16 1.023677000000000050e-18
4.660511999999999766e+00 8.353012006144352449e-16 9.665985000000000802e-19
4.661177000000000348e+00 8.758438342244822319e-16 9.552176999999999196e-19
4.661842000000000041e+00 8.890848525624895742e-16 9.505612000000000015e-19
4.662506999999999735e+00 8.904994330837770655e-16 9.430130999999999499e-19
4.663172000000000317e+00 8.949964801164642599e-16 9.398426000000000792e-19
4.663837000000000010e+00 9.002643068158719888e-16 9.408427999999999762e-19
4.664501999999999704e+00 9.203154773838313171e-16 9.595509000000000901e-19
4.665167000000000286e+00 9.456122039695251930e-16 9.666440000000000158e-19
4.665831999999999979e+00 9.345626178732403338e-16 9.635781000000000019e-19
4.666496999999999673e+00 8.842048818601162253e-16 9.333085999999999951e-19
4.667162000000000255e+00 8.407470784900310247e-16 9.095587000000000534e-19
4.667826999999999948e+00 8.385499672662420685e-16 9.184226999999999163e-19
4.668491999999999642e+00 8.711297823759245617e-16 9.419767000000000453e-19
4.669157000000000224e+00 8.912518135613838561e-16 9.608228000000000039e-19
4.669821999999999917e+00 8.976505248067217875e-16 1.309967000000000088e-18
4.670486999999999611e+00 8.985603312782667506e-16 1.327291000000000020e-18
4.671152000000000193e+00 9.106881493281969328e-16 9.803582999999999798e-19
4.671816999999999886e+00 9.197205020059825557e-16 1.003753999999999928e-18
4.672481999999999580e+00 8.937951569891273007e-16 9.597302000000000333e-19
4.673147000000000162e+00 8.431276116806650940e-16 9.240139999999999583e-19
4.673811999999999856e+00 8.055164340401269414e-16 8.989715000000000394e-19
4.674477000000000437e+00 8.127055925115706678e-16 9.019563000000000869e-19
4.675142000000000131e+00 8.651335079573302551e-16 9.631274999999999621e-19
4.675806999999999825e+00 9.131357125810085861e-16 1.159381000000000002e-18
4.676472000000000406e+00 9.231026885750275556e-16 1.045817999999999931e-18
4.677137000000000100e+00 9.280204916488529557e-16 1.045578000000000000e-18
4.677801999999999794e+00 8.994670645718026877e-16 1.009265000000000037e-18
4.678467000000000375e+00 8.655850489780624821e-16 9.450025999999999423e-19
4.679132000000000069e+00 8.607619324746936927e-16 9.268647999999999417e-19
4.679796999999999763e+00 8.815846902375722291e-16 9.560393999999999066e-19
4.680462000000000344e+00 8.793143692447934650e-16 9.257169999999999946e-19
4.681127000000000038e+00 8.592921683492310600e-16 9.122531000000000073e-19
4.681791999999999732e+00 8.801711224284880404e-16 9.238655000000000396e-19
4.682457000000000313e+00 nan 9.083201999999999348e-19
4.683122000000000007e+00 8.292100485038454302e-16 8.728560000000000954e-19
4.683786999999999701e+00 8.700046710778379939e-16 8.915487999999999364e-19
4.684452000000000282e+00 9.040845304964458098e-16 8.994215999999999381e-19
4.685116999999999976e+00 8.834612276167381397e-16 8.726141000000000135e-19
4.685781999999999670e+00 8.803791579077572453e-16 8.701547999999999561e-19
4.686447000000000251e+00 9.082626119995720963e-16 8.852468000000000295e-19
4.687111999999999945e+00 9.136553797193534476e-16 8.891128999999999338e-19
4.687776999999999639e+00 9.089431746528459366e-16 8.913751000000000326e-19
4.688442000000000220e+00 8.942349059721103770e-16 8.774565000000000040e-19
4.689106999999999914e+00 9.057364904087280067e-16 8.744512999999999778e-19
4.689771999999999608e+00 9.162790727367489319e-16 8.781134999999999305e-19
4.690437000000000189e+00 8.715495259994887576e-16 8.519520000000000062e-19
4.691101999999999883e+00 8.192856660381555831e-16 8.297749999999999816e-19
4.691766999999999577e+00 8.257312139013996517e-16 8.371508999999999749e-19
4.692432000000000158e+00 8.724826310675846415e-16 8.598173000000000101e-19
4.693096999999999852e+00 9.128636095018084516e-16 8.796305000000000589e-19
4.693762000000000434e+00 9.310042005638383073e-16 8.956881999999999238e-19
4.694427000000000127e+00 9.096169486633595395e-16 8.869749000000000227e-19
4.695091999999999821e+00 8.795316558810170299e-16 8.706705000000000696e-19
4.695757000000000403e+00 8.470285980439604533e-16 8.538110999999999873e-19
4.696422000000000097e+00 8.584657879837438976e-16 8.604017999999999895e-19
4.697086999999999790e+00 8.994319148349667033e-16 8.817935000000000912e-19
4.697752000000000372e+00 8.927823336212520408e-16 8.826112999999999406e-19
4.698417000000000066e+00 8.634286753579436165e-16 8.527305000000000325e-19
4.699081999999999759e+00 8.326465383007409170e-16 8.330188999999999571e-19
4.699747000000000341e+00 7.942280264510772431e-16 8.159552000000000030e-19
4.700412000000000035e+00 8.176576500850010317e-16 8.252566999999999646e-19
4.701076999999999728e+00 8.997621954399377184e-16 8.603019000000000144e-19
4.701742000000000310e+00 9.246546727609243174e-16 8.839570000000000720e-19
4.702407000000000004e+00 9.027628391179187921e-16 8.710460999999999384e-19
4.703071999999999697e+00 8.725680862097230758e-16 8.563922999999999686e-19
4.703737000000000279e+00 8.760669438109933571e-16 8.588131000000000436e-19
4.704401999999999973e+00 9.080069542554682389e-16 8.677085999999999359e-19
4.705066999999999666e+00 9.029896431175090472e-16 8.645049999999999694e-19
4.705732000000000248e+00 8.802186903244619141e-16 8.590929000000000350e-19
4.706396999999999942e+00 8.659392698692737760e-16 8.503462999999999817e-19
4.707061999999999635e+00 8.451864795191533618e-16 8.407882999999999591e-19
4.707727000000000217e+00 8.370073119449926282e-16 8.314334999999999794e-19
4.708391999999999911e+00 8.279731439005129331e-16 8.306180000000000086e-19
4.709056999999999604e+00 8.310355124835319467e-16 8.328230999999999801e-19
4.709722000000000186e+00 8.950624737689598201e-16 8.630898999999999953e-19
4.710386999999999880e+00 8.956649244266252707e-16 8.848901999999999370e-19
4.711051999999999573e+00 8.472926975732426938e-16 8.612405999999999870e-19
4.711717000000000155e+00 8.539355564326392849e-16 8.591694999999999834e-19
4.712381999999999849e+00 8.719109945795907015e-16 8.905336000000000436e-19
4.713047000000000430e+00 8.740042867571035739e-16 8.864114000000000950e-19
4.713712000000000124e+00 8.702801051558719078e-16 8.674575999999999825e-19
4.714376999999999818e+00 8.889555421028816684e-16 8.697921999999999038e-19
4.715042000000000399e+00 8.886432526709238589e-16 8.732484000000000826e-19
4.715707000000000093e+00 8.797843579036898792e-16 8.856696999999999566e-19
4.716371999999999787e+00 8.727698087135088872e-16 8.722184000000000581e-19
4.717037000000000369e+00 8.484762270520495975e-16 8.544845000000000156e-19
4.717702000000000062e+00 8.079134038119874336e-16 8.389310000000000044e-19
4.718366999999999756e+00 8.110566587226780188e-16 8.533249000000000130e-19
4.719032000000000338e+00 8.380867734170337097e-16 8.686443999999999568e-19
4.719697000000000031e+00 8.772943722861908916e-16 8.952572000000000221e-19
4.720361999999999725e+00 8.898452982376471799e-16 9.228950000000000493e-19
4.721027000000000307e+00 8.662305242050640578e-16 8.826817999999999973e-19
4.721692000000000000e+00 8.883732537441715832e-16 1.004424999999999954e-18
4.722356999999999694e+00 9.132432908585822310e-16 8.962281999999999609e-19
4.723022000000000276e+00 9.077482879679628610e-16 9.016513999999999461e-19
4.723686999999999969e+00 8.962985269843459417e-16 8.930111000000000368e-19
4.724351999999999663e+00 8.945347230891241842e-16 8.997117999999999753e-19
4.725017000000000245e+00 8.796233225855325162e-16 8.882082000000000221e-19
4.725681999999999938e+00 8.521771277368260025e-16 8.848930999999999849e-19
4.726346999999999632e+00 8.164270925768220031e-16 8.666111000000000271e-19
4.727012000000000214e+00 8.079933970657587158e-16 8.559588000000000356e-19
4.727676999999999907e+00 8.329120879289540412e-16 8.723379999999999107e-19
4.728341999999999601e+00 8.416910773877392549e-16 8.837875000000000052e-19
4.729007000000000183e+00 8.411029177484478645e-16 8.867447999999999964e-19
4.729671999999999876e+00 8.330455815010367451e-16 8.766796999999999759e-19
4.730336999999999570e+00 8.494052970879122665e-16 8.907980999999999547e-19
4.731002000000000152e+00 8.726929386706469534e-16 8.990298999999999558e-19
4.731666999999999845e+00 8.977553517139273893e-16 9.114486000000000591e-19
4.732332000000000427e+00 8.838834871254440504e-16 9.149465000000000642e-19
4.732997000000000121e+00 8.500255265206278511e-16 8.874214000000000611e-19
4.733661999999999814e+00 8.476365638206156052e-16 8.990875000000000317e-19
4.734327000000000396e+00 8.473042104803948084e-16 9.075047999999999923e-19
4.734992000000000090e+00 8.364760290536588525e-16 8.943412000000000033e-19
4.735656999999999783e+00 8.031730893792904461e-16 8.882119999999999388e-19
4.736322000000000365e+00 8.141281378364086660e-16 8.857771000000000258e-19
4.736987000000000059e+00 8.602878142985773462e-16 9.085342000000000401e-19
4.737651999999999752e+00 8.759808300786399024e-16 9.272229999999999079e-19
4.738317000000000334e+00 nan 9.214592999999999437e-19
4.738982000000000028e+00 nan 9.293946000000000559e-19
4.739646999999999721e+00 8.768527046815253604e-16 9.315790999999999921e-19
4.740312000000000303e+00 8.634762727056276012e-16 9.215874000000000763e-19
4.740976999999999997e+00 8.407252520016620936e-16 9.103117999999999420e-19
4.741641999999999690e+00 8.315545397279729959e-16 9.254053000000000535e-19
4.742307000000000272e+00 8.448435686193645220e-16 9.180205000000000526e-19
4.742971999999999966e+00 8.821711074205830977e-16 9.330446000000000326e-19
4.743636999999999659e+00 9.136041748506807917e-16 9.599551999999999686e-19
4.744302000000000241e+00 8.782769065335826862e-16 9.363374999999999683e-19
4.744966999999999935e+00 8.057971535054122153e-16 9.019995999999999794e-19
4.745631999999999628e+00 8.028321504800343634e-16 9.000609000000000700e-19
4.746297000000000210e+00 8.602516060754135767e-16 9.225813999999999572e-19
4.746961999999999904e+00 8.867335415540284401e-16 1.083631999999999936e-18
4.747626999999999597e+00 8.792689340454482114e-16 9.519681000000000691e-19
4.748292000000000179e+00 8.730784290300971598e-16 9.434217999999999145e-19
4.748956999999999873e+00 8.634351247779229097e-16 9.477516999999999241e-19
4.749621999999999566e+00 8.520178407561859736e-16 9.539948999999999942e-19
4.750287000000000148e+00 8.418968390544337598e-16 9.403747000000000056e-19
4.750951999999999842e+00 8.523845365964226754e-16 9.488790000000000568e-19
4.751617000000000424e+00 8.542326539586997534e-16 9.771106999999999233e-19
4.752282000000000117e+00 8.684356600099199843e-16 9.664838999999999052e-19
4.752946999999999811e+00 8.911243896298147643e-16 9.802244999999999721e-19
4.753612000000000393e+00 8.658684505141010360e-16 9.650205000000000721e-19
4.754277000000000086e+00 7.929985469434637914e-16 9.038080999999999340e-19
4.754941999999999780e+00 7.956717002453355042e-16 9.128554999999999341e-19
4.755607000000000362e+00 nan 1.053872000000000026e-18
4.756272000000000055e+00 nan 9.979292000000000563e-19
4.756936999999999749e+00 8.877182686705978689e-16 9.625759999999999539e-19
4.757602000000000331e+00 8.866509007748665686e-16 9.565494999999999806e-19
4.758267000000000024e+00 8.767643872413724165e-16 9.611744000000000337e-19
4.758931999999999718e+00 8.526865729507531324e-16 9.393307000000000750e-19
4.759597000000000300e+00 8.771724268005150331e-16 9.548047999999999255e-19
4.760261999999999993e+00 8.945869619068158080e-16 9.713170999999999959e-19
4.760926999999999687e+00 8.736273645967577142e-16 9.500999000000000238e-19
4.761592000000000269e+00 8.508946125774162114e-16 9.306949000000000874e-19
4.762256999999999962e+00 8.209555848835558854e-16 9.146777999999999309e-19
4.762921999999999656e+00 8.182671494454357164e-16 9.124245000000000324e-19
4.763587000000000238e+00 8.150658444691500640e-16 9.333162000000000212e-19
4.764251999999999931e+00 8.074206065646877603e-16 9.144557000000000436e-19
4.764916999999999625e+00 8.375196590624037211e-16 9.164589000000000500e-19
4.765582000000000207e+00 8.346792006545103324e-16 9.085286000000000007e-19
4.766246999999999900e+00 8.318887942625485827e-16 8.994935000000000047e-19
4.766911999999999594e+00 8.234071923724251338e-16 9.086594999999999604e-19
4.767577000000000176e+00 8.125522981567394638e-16 8.883105000000000004e-19
4.768241999999999869e+00 8.307430821115380717e-16 8.957058000000000753e-19
4.768906999999999563e+00 8.794570523321830900e-16 1.052486000000000079e-18
4.769572000000000145e+00 8.893846337276401536e-16 9.333976000000000722e-19
4.770236999999999838e+00 8.771353659409609165e-16 1.008811000000000001e-18
4.770902000000000420e+00 8.758214003396053542e-16 9.256066000000000418e-19
4.771567000000000114e+00 8.681634052180457577e-16 9.145655000000000197e-19
4.772231999999999807e+00 8.297715424296705752e-16 9.049087000000000435e-19
4.772897000000000389e+00 7.943650845819838149e-16 9.038502000000000657e-19
4.773562000000000083e+00 7.878105142574830776e-16 8.700520000000000293e-19
4.774226999999999776e+00 8.393210179437795331e-16 9.161398999999999749e-19
4.774892000000000358e+00 8.521103069830412060e-16 9.185493000000000108e-19
4.775557000000000052e+00 8.257850640271254114e-16 9.020951999999999930e-19
4.776221999999999746e+00 8.353049354486043745e-16 9.044251999999999644e-19
4.776887000000000327e+00 8.395553240178824046e-16 9.108440000000000893e-19
4.777552000000000021e+00 8.451265627546762652e-16 9.381670999999999065e-19
4.778216999999999715e+00 8.357328795406958432e-16 8.889915999999999867e-19
4.778882000000000296e+00 8.118561723960551919e-16 8.808609000000000104e-19
4.779546999999999990e+00 7.977025792474812798e-16 8.788800999999999693e-19
4.780211999999999684e+00 8.137716192885399694e-16 8.835652000000000615e-19
4.780877000000000265e+00 8.371694423333828692e-16 8.973211000000000162e-19
4.781541999999999959e+00 8.570688216841200728e-16 9.040609000000000102e-19
4.782206999999999653e+00 8.685016883930845214e-16 9.239024000000000521e-19
4.782872000000000234e+00 8.367726907625385848e-16 9.052549999999999259e-19
4.783536999999999928e+00 7.874063818364121492e-16 8.759448000000000231e-19
4.784201999999999622e+00 8.059097405533696172e-16 8.722992999999999680e-19
4.784867000000000203e+00 8.323433100904367177e-16 8.823482000000000394e-19
4.785531999999999897e+00 8.319791209168196885e-16 8.849497999999999994e-19
4.786196999999999591e+00 8.061312011276794516e-16 8.721844000000000935e-19
4.786862000000000172e+00 8.088142832689245563e-16 8.816997000000000078e-19
4.787526999999999866e+00 8.351893487854299992e-16 8.956383000000000948e-19
4.788191999999999560e+00 8.714199612284440553e-16 9.153403000000000613e-19
4.788857000000000141e+00 9.046766516814175288e-16 9.328048999999999937e-19
4.789521999999999835e+00 8.918510844707783523e-16 9.311915000000000112e-19
4.790187000000000417e+00 8.646301366040892746e-16 1.220901000000000080e-18
4.790852000000000110e+00 8.363976338672046884e-16 8.970345000000000319e-19
4.791516999999999804e+00 nan 1.016473999999999927e-18
4.792182000000000386e+00 8.406762880053816319e-16 8.976640000000000947e-19
4.792847000000000079e+00 8.014758174078759588e-16 8.880958000000000827e-19
4.793511999999999773e+00 7.792284182263815751e-16 8.600836000000000439e-19
4.794177000000000355e+00 8.002103358822014709e-16 8.769961000000000877e-19
4.794842000000000048e+00 8.091834386668052877e-16 8.846035999999999527e-19
4.795506999999999742e+00 8.193627897964388380e-16 8.864916000000000000e-19
4.796172000000000324e+00 8.414792965014902835e-16 9.042394999999999485e-19
4.796837000000000018e+00 8.454077452275993648e-16 9.148512999999999709e-19
4.797501999999999711e+00 8.636539084727399730e-16 9.254506999999999609e-19
4.798167000000000293e+00 8.986126935317688587e-16 9.455935000000000907e-19
4.798831999999999987e+00 9.217087913739787243e-16 9.652737000000000686e-19
4.799496999999999680e+00 8.964658862459134065e-16 9.525824000000000797e-19
4.800162000000000262e+00 8.480216405028450099e-16 9.443772999999999091e-19
4.800826999999999956e+00 8.108874760334388566e-16 9.122705999999999381e-19
4.801491999999999649e+00 8.304281494749929558e-16 9.398751000000000056e-19
4.802157000000000231e+00 8.445749802352655635e-16 9.486389999999999332e-19
4.802821999999999925e+00 8.110208213491847267e-16 9.607610999999999267e-19
4.803486999999999618e+00 8.051440172561441322e-16 9.307816999999999289e-19
4.804152000000000200e+00 8.282873634749743705e-16 9.451284000000000037e-19
4.804816999999999894e+00 8.101681514339687195e-16 9.303052000000000917e-19
4.805481999999999587e+00 nan 1.186124999999999919e-18
4.806147000000000169e+00 8.615326744018931860e-16 1.187167999999999953e-18
4.806811999999999863e+00 8.407816578545655881e-16 1.127090000000000025e-18
4.807476999999999556e+00 nan 1.116198999999999988e-18
4.808142000000000138e+00 8.506300501556641181e-16 9.454147999999999315e-19
4.808806999999999832e+00 8.559012172397571953e-16 9.548639000000000394e-19
4.809472000000000413e+00 8.496064727249695801e-16 9.347483000000000738e-19
4.810137000000000107e+00 8.242307083173814368e-16 9.192858000000000300e-19
4.810801999999999801e+00 8.010934986929035574e-16 9.155077999999999489e-19
4.811467000000000382e+00 8.053387007076550947e-16 9.112663000000000396e-19
4.812132000000000076e+00 8.225493382063457051e-16 9.234448999999999912e-19
4.812796999999999770e+00 7.949786436156642848e-16 9.168854000000000300e-19
4.813462000000000351e+00 7.555367649233872459e-16 8.926505999999999993e-19
4.814127000000000045e+00 7.672321421673673861e-16 8.971645999999999585e-19
4.814791999999999739e+00 7.910068650207301615e-16 9.041193999999999548e-19
4.815457000000000320e+00 8.192337086239549415e-16 9.250571000000000202e-19
4.816122000000000014e+00 8.487343643885462122e-16 9.753313000000000912e-19
4.816786999999999708e+00 8.532274153318925520e-16 9.483815000000000715e-19
4.817452000000000290e+00 8.410766928606237750e-16 9.361612999999999368e-19
4.818116999999999983e+00 8.381241005461988604e-16 9.283573000000000899e-19
4.818781999999999677e+00 8.295425375702868189e-16 9.320190000000000941e-19
4.819447000000000259e+00 8.188574641643023725e-16 9.151688000000000079e-19
4.820111999999999952e+00 8.243372707367509218e-16 9.323104999999999203e-19
4.820776999999999646e+00 8.241432836429949796e-16 9.310824000000000401e-19
4.821442000000000228e+00 8.598834894327539314e-16 9.458067999999999985e-19
4.822106999999999921e+00 8.714693009976440535e-16 9.627445999999999593e-19
4.822771999999999615e+00 8.155538079491023729e-16 9.347902999999999847e-19
4.823437000000000197e+00 7.472698837776939810e-16 9.080290000000000006e-19
4.824101999999999890e+00 7.685534114335513783e-16 9.174630000000000846e-19
4.824766999999999584e+00 8.255231644177871980e-16 9.458392000000000893e-19
4.825432000000000166e+00 8.438733277555981676e-16 9.468349000000000647e-19
4.826096999999999859e+00 8.416757236991840286e-16 9.574400999999999580e-19
4.826762000000000441e+00 8.471261065316866814e-16 9.686187999999999045e-19
4.827427000000000135e+00 8.406217012583220189e-16 9.750651999999999213e-19
4.828091999999999828e+00 8.293540802371678873e-16 9.602812000000000930e-19
4.828757000000000410e+00 8.346543047122401848e-16 9.760159999999999379e-19
4.829422000000000104e+00 8.580334810824470537e-16 9.861805000000000813e-19
4.830086999999999797e+00 8.706178687263329145e-16 9.835987999999999589e-19
4.830752000000000379e+00 8.468479568545346980e-16 9.672660999999999163e-19
4.831417000000000073e+00 8.328364325377024154e-16 1.121372999999999949e-18
4.832081999999999766e+00 8.333929921386810697e-16 9.440264000000000769e-19
4.832747000000000348e+00 8.223205446261137724e-16 9.321420999999999713e-19
4.833412000000000042e+00 7.629838062629027372e-16 9.149172999999999134e-19
4.834076999999999735e+00 7.633808836429392790e-16 8.758997000000000078e-19
4.834742000000000317e+00 8.206163933864766929e-16 9.223650999999999732e-19
4.835407000000000011e+00 8.097104684081473352e-16 9.110997000000000208e-19
4.836071999999999704e+00 8.013257082771286017e-16 9.097868999999999287e-19
4.836737000000000286e+00 8.134438170872457517e-16 9.084515000000000074e-19
4.837401999999999980e+00 8.140978727119591785e-16 9.109707000000000194e-19
4.838066999999999673e+00 8.325617144576750393e-16 9.385213000000000922e-19
4.838732000000000255e+00 8.604856962535416814e-16 9.411099000000000431e-19
4.839396999999999949e+00 8.523925559306387991e-16 9.388708999999999428e-19
4.840061999999999642e+00 8.300108689934471030e-16 9.287031000000000238e-19
4.840727000000000224e+00 7.799640841192242870e-16 9.116076000000000518e-19
4.841391999999999918e+00 7.932647103057750455e-16 9.197093999999999620e-19
4.842056999999999611e+00 8.175848491546835533e-16 9.595957000000000207e-19
4.842722000000000193e+00 8.054931726822255086e-16 9.325902000000000761e-19
4.843386999999999887e+00 7.683632051606740458e-16 9.138360000000000499e-19
4.844051999999999580e+00 7.526941168779116439e-16 9.120206000000000742e-19
4.844717000000000162e+00 8.105123670413267840e-16 9.473007999999999922e-19
4.845381999999999856e+00 8.635674196301457394e-16 9.659540000000000217e-19
4.846047000000000438e+00 8.687821075641699926e-16 9.757708999999999159e-19
4.846712000000000131e+00 8.520978119509789222e-16 9.705444999999999974e-19
4.847376999999999825e+00 8.415923039695963084e-16 9.585505999999999722e-19
4.848042000000000407e+00 8.275805815416601421e-16 9.556030000000000219e-19
4.848707000000000100e+00 8.128681179383473024e-16 9.310778999999999258e-19
4.849371999999999794e+00 8.219961070967733108e-16 9.464206000000000606e-19
4.850037000000000376e+00 8.233726965252774639e-16 9.579793999999999902e-19
4.850702000000000069e+00 8.366814186474197429e-16 9.575443000000000872e-19
4.851366999999999763e+00 8.508846778050663955e-16 9.629106000000000014e-19
4.852032000000000345e+00 8.469956881884998958e-16 9.491958999999999245e-19
4.852697000000000038e+00 8.129757820846666257e-16 9.307496999999999509e-19
4.853361999999999732e+00 7.777058624492602942e-16 9.047510000000000324e-19
4.854027000000000314e+00 7.749750704710773840e-16 9.086154000000000347e-19
4.854692000000000007e+00 7.718515117264504245e-16 9.033968000000000061e-19
4.855356999999999701e+00 8.002517562404675197e-16 9.289574999999999737e-19
4.856022000000000283e+00 8.052167236616525043e-16 9.208877000000000415e-19
4.856686999999999976e+00 7.896148309196502409e-16 9.089634000000000116e-19
4.857351999999999670e+00 7.853565216806261923e-16 9.055975000000000841e-19
4.858017000000000252e+00 7.869804586534314313e-16 9.114812000000000137e-19
4.858681999999999945e+00 8.090309350070504277e-16 9.219591000000000002e-19
4.859346999999999639e+00 8.351180186774354577e-16 9.331970999999999245e-19
4.860012000000000221e+00 8.473964634969893023e-16 9.535603000000000397e-19
4.860676999999999914e+00 8.382553609257362444e-16 9.419824999999999487e-19
4.861341999999999608e+00 8.355883213523069192e-16 9.285736999999999095e-19
4.862007000000000190e+00 8.494096471392342808e-16 9.455689999999999180e-19
4.862671999999999883e+00 8.387161085568314917e-16 9.409633999999999184e-19
4.863336999999999577e+00 7.953503920925005132e-16 9.069175999999999250e-19
4.864002000000000159e+00 7.510143895469143354e-16 8.913807000000000720e-19
4.864666999999999852e+00 7.447473233063693885e-16 8.839305999999999410e-19
4.865332000000000434e+00 7.498515181101804289e-16 8.814435999999999634e-19
4.865997000000000128e+00 7.660930416378081970e-16 8.907432000000000629e-19
4.866661999999999821e+00 7.988776355458639473e-16 9.299428999999999315e-19
4.867327000000000403e+00 nan 1.062200000000000018e-18
4.867992000000000097e+00 8.028933584686084867e-16 9.241380000000000896e-19
4.868656999999999790e+00 8.189631513526225445e-16 9.281953000000000210e-19
4.869322000000000372e+00 8.186786122897783074e-16 9.898661000000000888e-19
4.869987000000000066e+00 8.192446516380488902e-16 9.470975000000000174e-19
4.870651999999999759e+00 8.169699841235042838e-16 9.431897000000000943e-19
4.871317000000000341e+00 8.061734943565809900e-16 9.208940999999999215e-19
4.871982000000000035e+00 8.098421230844453250e-16 9.241311999999999041e-19
4.872646999999999728e+00 8.105693937644068542e-16 9.254586000000000716e-19
4.873312000000000310e+00 7.857916518619003664e-16 9.100256000000000706e-19
4.873977000000000004e+00 7.660245784201064899e-16 9.065039999999999259e-19
4.874641999999999697e+00 7.852884543879074100e-16 9.132758000000000905e-19
4.875307000000000279e+00 7.926448697608209319e-16 9.056061000000000072e-19
4.875971999999999973e+00 7.491796655122730966e-16 8.895818999999999657e-19
4.876636999999999666e+00 7.460955052468971492e-16 9.080116999999999337e-19
4.877302000000000248e+00 7.748813138702739158e-16 9.097219000000000758e-19
4.877966999999999942e+00 8.138935104468199449e-16 9.453162000000000344e-19
4.878631999999999636e+00 8.215601728039464806e-16 9.481386999999999283e-19
4.879297000000000217e+00 8.269870697444146763e-16 9.546313999999999138e-19
4.879961999999999911e+00 8.399774028782241614e-16 9.611172000000000707e-19
4.880626999999999605e+00 8.309318330272584970e-16 9.591531999999999554e-19
4.881292000000000186e+00 8.203245372743098113e-16 9.291372000000000298e-19
4.881956999999999880e+00 8.133451317484996279e-16 9.239768000000000538e-19
4.882621999999999574e+00 8.195072987487282298e-16 9.335057999999999820e-19
4.883287000000000155e+00 8.206722203585076758e-16 9.222717000000000027e-19
4.883951999999999849e+00 7.853448505566123384e-16 9.014658999999999866e-19
4.884617000000000431e+00 7.629362653185935168e-16 8.939996999999999346e-19
4.885282000000000124e+00 7.679473008787662761e-16 8.944145999999999154e-19
4.885946999999999818e+00 7.831553871171273770e-16 9.068143000000000498e-19
4.886612000000000400e+00 7.714088269277465534e-16 9.002023999999999394e-19
4.887277000000000093e+00 7.691803217987070416e-16 8.841726000000000511e-19
4.887941999999999787e+00 8.100141961029423800e-16 9.183796999999999158e-19
4.888607000000000369e+00 8.381190330469116212e-16 9.305380999999999451e-19
4.889272000000000062e+00 8.364239023601437165e-16 9.293566999999999538e-19
4.889936999999999756e+00 8.099437245066334947e-16 8.968015999999999859e-19
4.890602000000000338e+00 8.122137478664008974e-16 9.094605999999999122e-19
4.891267000000000031e+00 8.238287103827095112e-16 9.264783000000000786e-19
4.891931999999999725e+00 8.195745517465383329e-16 9.128212000000000775e-19
4.892597000000000307e+00 8.029903157281754143e-16 9.033746999999999329e-19
4.893262000000000000e+00 7.931157169758198155e-16 9.049978999999999845e-19
4.893926999999999694e+00 nan 1.049454000000000001e-18
4.894592000000000276e+00 7.657806624129574527e-16 8.664344999999999790e-19
4.895256999999999969e+00 7.376862794032402753e-16 8.529462000000000398e-19
4.895921999999999663e+00 7.622405845145224067e-16 8.813294999999999294e-19
4.896587000000000245e+00 7.892504996858167825e-16 8.926281000000000058e-19
4.897251999999999938e+00 7.791721408829881898e-16 8.863649000000000698e-19
4.897916999999999632e+00 7.264264899531003393e-16 8.298451000000000218e-19
4.898582000000000214e+00 7.033205303727148485e-16 8.035997000000000151e-19
4.899246999999999908e+00 7.384414651180528936e-16 8.287612000000000025e-19
4.899911999999999601e+00 7.904505594557961728e-16 8.519627999999999723e-19
4.900577000000000183e+00 8.431702254471202586e-16 8.717550000000000656e-19
4.901241999999999877e+00 8.449953526000982380e-16 8.716842999999999524e-19
4.901906999999999570e+00 8.086923882972527053e-16 8.568512000000000394e-19
4.902572000000000152e+00 8.027672232242561887e-16 8.515352999999999990e-19
4.903236999999999846e+00 8.209389554718283323e-16 8.979827000000000851e-19
4.903902000000000427e+00 8.194618198671405151e-16 8.788150999999999238e-19
4.904567000000000121e+00 7.958285061999845709e-16 8.812653999999999453e-19
4.905231999999999815e+00 7.569178958062637344e-16 8.440489000000000247e-19
4.905897000000000396e+00 7.485834057730519414e-16 8.435077999999999660e-19
4.906562000000000090e+00 7.561923473645543955e-16 8.586504999999999979e-19
4.907226999999999784e+00 7.702830053825391797e-16 8.741781999999999512e-19
4.907892000000000365e+00 7.790904613106895546e-16 8.460438000000000002e-19
4.908557000000000059e+00 7.721510715178563778e-16 8.199794999999999631e-19
4.909221999999999753e+00 7.524352676842912386e-16 8.040546000000000164e-19
4.909887000000000334e+00 7.888989793719659882e-16 8.166951000000000186e-19
4.910552000000000028e+00 8.190679207834693319e-16 8.485501999999999632e-19
4.911216999999999722e+00 8.129004527033331118e-16 8.433626000000000155e-19
4.911882000000000303e+00 8.097409496491195466e-16 8.352427000000000053e-19
4.912546999999999997e+00 8.062469417531796561e-16 8.446858999999999891e-19
4.913211999999999691e+00 8.047588419120405664e-16 8.380013999999999997e-19
4.913877000000000272e+00 8.013280884225253946e-16 8.328069000000000309e-19
4.914541999999999966e+00 7.977625469873135834e-16 8.426809999999999844e-19
4.915206999999999660e+00 7.729133919875115344e-16 8.339389999999999773e-19
4.915872000000000241e+00 7.412960897418219477e-16 8.470370999999999724e-19
4.916536999999999935e+00 7.520909655195699068e-16 8.281334999999999661e-19
4.917201999999999629e+00 8.005452786516093474e-16 1.035696999999999929e-18
4.917867000000000210e+00 8.133420562513261180e-16 1.043794000000000025e-18
4.918531999999999904e+00 8.052267255424300958e-16 8.704910999999999055e-19
4.919196999999999598e+00 8.091780438127350741e-16 9.393175000000000094e-19
4.919862000000000180e+00 8.026246315047046171e-16 1.051738999999999986e-18
4.920526999999999873e+00 7.688948008739790758e-16 9.662377999999999863e-19
4.921191999999999567e+00 7.921821787368710751e-16 8.637575000000000240e-19
4.921857000000000149e+00 8.305184278010610939e-16 9.256784999999999158e-19
4.922521999999999842e+00 8.290622450459654419e-16 8.801085999999999624e-19
4.923187000000000424e+00 8.215902537509102059e-16 8.833269000000000325e-19
4.923852000000000118e+00 8.141987892745376941e-16 8.810741000000000825e-19
4.924516999999999811e+00 8.000345936936762847e-16 8.839934999999999716e-19
4.925182000000000393e+00 7.565514761223815020e-16 8.595952999999999584e-19
4.925847000000000087e+00 7.339050085932145255e-16 8.577716999999999799e-19
4.926511999999999780e+00 7.432255484746458945e-16 8.710604999999999573e-19
4.927177000000000362e+00 7.502488941349375127e-16 8.610094000000000355e-19
4.927842000000000056e+00 7.525021922719311418e-16 8.629130999999999871e-19
4.928506999999999749e+00 7.553168627642900847e-16 8.686385000000000252e-19
4.929172000000000331e+00 7.747227784933921137e-16 8.950572000000000155e-19
4.929837000000000025e+00 7.905830237449101390e-16 9.032878000000000632e-19
4.930501999999999718e+00 8.162607569134030670e-16 9.199449999999999995e-19
4.931167000000000300e+00 8.166657142038747687e-16 9.240023999999999591e-19
4.931831999999999994e+00 7.755363996973352055e-16 9.029188999999999665e-19
4.932496999999999687e+00 7.623881984313429685e-16 9.067065000000000602e-19
4.933162000000000269e+00 7.674979952233735715e-16 9.190835999999999803e-19
4.933826999999999963e+00 7.722230441648705265e-16 9.187090000000000085e-19
4.934491999999999656e+00 7.711217967009700535e-16 9.141925999999999499e-19
4.935157000000000238e+00 7.508800460100368718e-16 9.431805000000000019e-19
4.935821999999999932e+00 7.164727680096099422e-16 9.129278999999999492e-19
4.936486999999999625e+00 7.238342229128122911e-16 1.088150000000000061e-18
4.937152000000000207e+00 7.356836699871856301e-16 9.124453999999999597e-19
4.937816999999999901e+00 7.155319874352232293e-16 9.063993000000000408e-19
4.938481999999999594e+00 7.271069279079399489e-16 9.129056000000000121e-19
4.939147000000000176e+00 7.690373329862635806e-16 9.462694999999999860e-19
4.939811999999999870e+00 8.101365052636134754e-16 9.666827999999999866e-19
4.940476999999999563e+00 8.353310132307681255e-16 9.773207000000000554e-19
4.941142000000000145e+00 8.268924937356739476e-16 9.780662999999999461e-19
4.941806999999999839e+00 8.023463392585089891e-16 9.708123000000000693e-19
4.942472000000000421e+00 7.803988959217138792e-16 1.028916000000000057e-18
4.943137000000000114e+00 7.420837266181286864e-16 9.378790999999999124e-19
4.943801999999999808e+00 7.503502288878667681e-16 9.281490000000000523e-19
4.944467000000000390e+00 7.957677349400019265e-16 9.759044000000000316e-19
4.945132000000000083e+00 8.129394138436298607e-16 9.988179999999999110e-19
4.945796999999999777e+00 7.893795019384209763e-16 1.091282000000000045e-18
4.946462000000000359e+00 7.499973700368011888e-16 9.734564999999999169e-19
4.947127000000000052e+00 7.322183536347944523e-16 9.068293000000000455e-19
4.947791999999999746e+00 7.391801189476176352e-16 9.259266000000000139e-19
4.948457000000000328e+00 7.320503721595730572e-16 9.040420000000000695e-19
4.949122000000000021e+00 7.319012968297316943e-16 9.106365000000000848e-19
4.949786999999999715e+00 7.668869896988875257e-16 9.834170000000000805e-19
4.950452000000000297e+00 7.912389095076648228e-16 9.976108999999999862e-19
4.951116999999999990e+00 7.907489622630611602e-16 9.961564999999999964e-19
4.951781999999999684e+00 7.802487582299856860e-16 9.270769000000000886e-19
4.952447000000000266e+00 7.594267055979088382e-16 8.861561000000000837e-19
4.953111999999999959e+00 7.509313437424255657e-16 8.862432000000000098e-19
4.953776999999999653e+00 7.533122630853725530e-16 9.014803000000000056e-19
4.954442000000000235e+00 7.279815135594982481e-16 8.696313999999999809e-19
4.955106999999999928e+00 7.070351745198731498e-16 1.006159999999999968e-18
4.955771999999999622e+00 7.438754267189858006e-16 8.954351999999999837e-19
4.956437000000000204e+00 7.945730776991738197e-16 9.112343000000000617e-19
4.957101999999999897e+00 7.742527807413510681e-16 8.924057000000000339e-19
4.957766999999999591e+00 7.425897986452724431e-16 8.902327999999999042e-19
4.958432000000000173e+00 7.426839443673252219e-16 8.827809000000000356e-19
4.959096999999999866e+00 7.619095555800384492e-16 8.991543000000000073e-19
4.959761999999999560e+00 7.622498133815942116e-16 8.999401999999999070e-19
4.960427000000000142e+00 7.524875735743955878e-16 8.893568000000000023e-19
4.961091999999999835e+00 7.654760784012198257e-16 9.049159999999999849e-19
4.961757000000000417e+00 7.944229597698721740e-16 9.239589000000000101e-19
4.962422000000000111e+00 7.952188569948911208e-16 9.367680999999999497e-19
4.963086999999999804e+00 7.696340789191088024e-16 9.283415000000000611e-19
4.963752000000000386e+00 7.756358414840204952e-16 9.411059000000000700e-19
4.964417000000000080e+00 7.880402102360207177e-16 9.544102000000000878e-19
4.965081999999999773e+00 7.893636253735089836e-16 9.163337999999999936e-19
4.965747000000000355e+00 7.792518344878721473e-16 9.304922999999999249e-19
4.966412000000000049e+00 7.575806327219001242e-16 8.843302000000000340e-19
4.967076999999999742e+00 7.184669633569778336e-16 8.562109000000000106e-19
4.967742000000000324e+00 7.029931885281825965e-16 8.385967999999999735e-19
4.968407000000000018e+00 6.878818381890007899e-16 8.360785000000000228e-19
4.969071999999999711e+00 6.920217437681589206e-16 8.277680999999999904e-19
4.969737000000000293e+00 7.061914351444081685e-16 8.309467999999999602e-19
4.970401999999999987e+00 7.444931391951730638e-16 8.631746000000000146e-19
4.971066999999999680e+00 7.630813994044870400e-16 8.670978000000000462e-19
4.971732000000000262e+00 7.446215483462566260e-16 8.604330000000000306e-19
4.972396999999999956e+00 7.538488850261388234e-16 8.644298999999999627e-19
4.973061999999999649e+00 7.819575669550157729e-16 8.896083999999999324e-19
4.973727000000000231e+00 7.988059547090018299e-16 8.989048999999999276e-19
4.974391999999999925e+00 8.120927155450102462e-16 9.046413999999999201e-19
4.975056999999999618e+00 8.116614363341817108e-16 9.027535999999999293e-19
4.975722000000000200e+00 7.998019379392419389e-16 9.063954000000000959e-19
4.976386999999999894e+00 7.921865158808078666e-16 9.010056999999999342e-19
4.977051999999999587e+00 7.768358737076359712e-16 9.204133000000000265e-19
4.977717000000000169e+00 7.675095735044736494e-16 8.922011999999999130e-19
4.978381999999999863e+00 7.429364112852850127e-16 8.770882000000000766e-19
4.979046999999999557e+00 7.086472031814300786e-16 8.630863000000000387e-19
4.979712000000000138e+00 7.170999992851083700e-16 8.662169000000000134e-19
4.980376999999999832e+00 7.349237977024251844e-16 8.817405999999999934e-19
4.981042000000000414e+00 7.627949426693730842e-16 9.127694999999999332e-19
4.981707000000000107e+00 7.729249698186850909e-16 9.179129999999999551e-19
4.982371999999999801e+00 7.613715693505897819e-16 9.003678000000000048e-19
4.983037000000000383e+00 7.423478825420409710e-16 8.824962000000000097e-19
4.983702000000000076e+00 7.366523178099701979e-16 8.823827999999999807e-19
4.984366999999999770e+00 7.704310436076434303e-16 9.060630999999999270e-19
4.985032000000000352e+00 7.885304216329397460e-16 9.183514000000000190e-19
4.985697000000000045e+00 7.846120469542742788e-16 9.321206000000000674e-19
4.986361999999999739e+00 7.805651332440529842e-16 9.284319999999999837e-19
4.987027000000000321e+00 8.090646979553597207e-16 9.481728999999999492e-19
4.987692000000000014e+00 8.117806813469540865e-16 9.552165999999999944e-19
4.988356999999999708e+00 7.938448186308722586e-16 9.727477000000000105e-19
4.989022000000000290e+00 7.455960851113659014e-16 9.724672000000000142e-19
4.989686999999999983e+00 7.202930423394581875e-16 9.758950999999999110e-19
4.990351999999999677e+00 7.092316981339092760e-16 9.739180999999999792e-19
4.991017000000000259e+00 6.988718511336171976e-16 1.013079999999999967e-18
4.991681999999999952e+00 7.288103388493813300e-16 1.097826000000000062e-18
4.992346999999999646e+00 7.561952169977396715e-16 1.205141999999999954e-18
4.993012000000000228e+00 7.802644088338148706e-16 1.252111999999999982e-18
4.993676999999999921e+00 7.756069620055629385e-16 1.250808999999999959e-18
4.994341999999999615e+00 7.415172257204909952e-16 1.218779999999999958e-18
4.995007000000000197e+00 7.089206391477654346e-16 1.202361999999999920e-18
4.995671999999999890e+00 7.050495290475849323e-16 1.219710999999999973e-18
4.996336999999999584e+00 6.990618111056193570e-16 1.219671000000000048e-18
4.997002000000000166e+00 7.082925905822681392e-16 1.231669000000000075e-18
4.997666999999999859e+00 7.369627410753979130e-16 1.255247999999999940e-18
4.998332000000000441e+00 7.747758381343617075e-16 1.278056000000000066e-18
4.998997000000000135e+00 7.550626768824819490e-16 1.212938000000000047e-18
4.999661999999999829e+00 7.025422504960254447e-16 1.157279999999999939e-18
5.000327000000000410e+00 7.032596773714327037e-16 1.165216000000000056e-18
5.000992000000000104e+00 7.085162386092614068e-16 1.171715000000000086e-18
5.001656999999999798e+00 7.186714664770914922e-16 1.196118999999999906e-18
5.002322000000000379e+00 7.265940143600469506e-16 1.199601999999999944e-18
5.002987000000000073e+00 7.101656085680472231e-16 1.167376999999999909e-18
5.003651999999999767e+00 7.229292192692629948e-16 1.176997999999999991e-18
5.004317000000000348e+00 7.733805761270776734e-16 1.228711999999999976e-18
5.004982000000000042e+00 8.118032901623287371e-16 1.271284999999999934e-18
5.005646999999999736e+00 7.993576710980973993e-16 1.243462000000000032e-18
5.006312000000000317e+00 7.558850414077829762e-16 1.224299000000000013e-18
5.006977000000000011e+00 7.519864577658176913e-16 1.184751000000000083e-18
5.007641999999999705e+00 7.773873919877161663e-16 1.206384999999999994e-18
5.008307000000000286e+00 7.730524027180417165e-16 1.211423999999999995e-18
5.008971999999999980e+00 7.764766816101571614e-16 1.195132999999999971e-18
5.009636999999999674e+00 7.722642117142893919e-16 1.201955000000000050e-18
5.010302000000000255e+00 7.456529401673710017e-16 1.120699000000000041e-18
5.010966999999999949e+00 7.498198249766134849e-16 1.060300000000000051e-18
5.011631999999999643e+00 7.422164834050575539e-16 1.012120000000000050e-18
5.012297000000000224e+00 7.048503923866013764e-16 9.690572999999999966e-19
5.012961999999999918e+00 6.946512300792419974e-16 9.446987000000000837e-19
5.013626999999999612e+00 7.358570984846619209e-16 9.644053000000000001e-19
5.014292000000000193e+00 7.734289936196142207e-16 9.854421999999999394e-19
5.014956999999999887e+00 7.500886856104888707e-16 9.587395999999999563e-19
5.015621999999999581e+00 7.173448830729063329e-16 9.131230999999999495e-19
5.016287000000000162e+00 7.373043959905354314e-16 9.322440000000000293e-19
5.016951999999999856e+00 7.462907328214593498e-16 9.192143000000000762e-19
5.017617000000000438e+00 7.406438915828244888e-16 9.221486999999999610e-19
5.018282000000000131e+00 7.003839671168904203e-16 8.866257999999999280e-19
5.018946999999999825e+00 6.778531502912996935e-16 8.569870999999999656e-19
5.019612000000000407e+00 6.736243242126323087e-16 8.446679000000000135e-19
5.020277000000000100e+00 6.951275645311705583e-16 8.561143000000000037e-19
5.020941999999999794e+00 7.178014387215713125e-16 8.765949999999999567e-19
5.021607000000000376e+00 7.128178081875227632e-16 8.631436999999999618e-19
5.022272000000000070e+00 7.177512937776116517e-16 8.653915999999999736e-19
5.022936999999999763e+00 7.397926941235078350e-16 8.782105999999999822e-19
5.023602000000000345e+00 nan nan
5.024267000000000039e+00 nan nan
5.024931999999999732e+00 6.974329905093888142e-16 8.326587000000000043e-19
5.025597000000000314e+00 7.172517775345834105e-16 8.469065000000000010e-19
5.026262000000000008e+00 7.258713549305356224e-16 8.548435000000000150e-19
5.026926999999999701e+00 7.282127277861471213e-16 8.449380999999999922e-19
5.027592000000000283e+00 7.152537991008683138e-16 8.352479999999999601e-19
5.028256999999999977e+00 7.044035706354646499e-16 8.262656000000000055e-19
5.028921999999999670e+00 7.055963022415896212e-16 8.254259000000000430e-19
5.029587000000000252e+00 7.083596421669690590e-16 8.319510000000000230e-19
5.030251999999999946e+00 7.072967819343671701e-16 8.617318999999999560e-19
5.030916999999999639e+00 7.169799707951995726e-16 8.528011000000000212e-19
5.031582000000000221e+00 7.317481416008678256e-16 8.518416999999999853e-19
5.032246999999999915e+00 7.233989870591697997e-16 8.685712999999999367e-19
5.032911999999999608e+00 7.096953854388458041e-16 8.351773000000000395e-19
5.033577000000000190e+00 7.142383199632966219e-16 8.437347999999999842e-19
5.034241999999999884e+00 7.400891499426250784e-16 8.636838999999999592e-19
5.034906999999999577e+00 7.584246356184331860e-16 8.744649999999999919e-19
5.035572000000000159e+00 7.454139440091645692e-16 8.654574999999999841e-19
5.036236999999999853e+00 7.373187779538939410e-16 8.621622000000000453e-19
5.036902000000000434e+00 7.493006553385396062e-16 8.703359000000000221e-19
5.037567000000000128e+00 7.520055928954889767e-16 8.836860000000000601e-19
5.038231999999999822e+00 7.500263694622028977e-16 8.857004999999999811e-19
5.038897000000000403e+00 7.251740010187385008e-16 8.778903999999999536e-19
5.039562000000000097e+00 7.099038101898341138e-16 8.648601000000000238e-19
5.040226999999999791e+00 6.963483939535774470e-16 8.552434000000000001e-19
5.040892000000000372e+00 6.988884602292467104e-16 8.622304999999999627e-19
5.041557000000000066e+00 7.302996750367856823e-16 8.755949999999999235e-19
5.042221999999999760e+00 7.199593055457319971e-16 8.720684999999999369e-19
5.042887000000000342e+00 7.025729513619973996e-16 8.679939999999999668e-19
5.043552000000000035e+00 7.026457677060510222e-16 8.816507000000000476e-19
5.044216999999999729e+00 7.170497265628037963e-16 8.960014999999999312e-19
5.044882000000000311e+00 7.276176132537683433e-16 9.038054999999999707e-19
5.045547000000000004e+00 7.432314292377289221e-16 9.213304999999999988e-19
5.046211999999999698e+00 7.328278657284710470e-16 9.380273999999999673e-19
5.046877000000000280e+00 6.918285624774939019e-16 9.533995999999999524e-19
5.047541999999999973e+00 6.733662252515139262e-16 9.569958999999999908e-19
5.048206999999999667e+00 6.963224947190100993e-16 9.743455000000000206e-19
5.048872000000000249e+00 7.414629359084047749e-16 9.666477999999999325e-19
5.049536999999999942e+00 7.727558734766009376e-16 9.938834999999999316e-19
5.050201999999999636e+00 7.625009689011791658e-16 9.535332999999999319e-19
5.050867000000000218e+00 7.483463502360461040e-16 9.537291999999999372e-19
5.051531999999999911e+00 7.675289938845376179e-16 9.698923999999999129e-19
5.052196999999999605e+00 7.835248706806368511e-16 9.803716000000000736e-19
5.052862000000000187e+00 7.377165753578823396e-16 9.615443000000000274e-19
5.053526999999999880e+00 7.122695591243051475e-16 9.590725999999999376e-19
5.054191999999999574e+00 7.102875961707169050e-16 9.248790000000000304e-19
5.054857000000000156e+00 6.777076933480183173e-16 9.178362000000000466e-19
5.055521999999999849e+00 nan 1.003446000000000068e-18
5.056187000000000431e+00 7.228615502882163397e-16 9.359962999999999843e-19
5.056852000000000125e+00 7.557687120068543408e-16 9.687710999999999326e-19
5.057516999999999818e+00 7.582932084260385471e-16 9.559697000000000756e-19
5.058182000000000400e+00 7.356630808223183150e-16 9.438301999999999870e-19
5.058847000000000094e+00 6.978755986637867878e-16 9.196689000000000892e-19
5.059511999999999787e+00 nan 1.064352000000000028e-18
5.060177000000000369e+00 7.058563954724988434e-16 9.073604999999999106e-19
5.060842000000000063e+00 7.322876481497246192e-16 9.234685999999999381e-19
5.061506999999999756e+00 7.241716522533697276e-16 9.238977000000000740e-19
5.062172000000000338e+00 7.052158424614347679e-16 9.194866000000000698e-19
5.062837000000000032e+00 6.928481833192686721e-16 9.101351999999999902e-19
5.063501999999999725e+00 7.075346206996586220e-16 9.280988999999999742e-19
5.064167000000000307e+00 nan 9.915410999999999278e-19
5.064832000000000001e+00 7.072483481169293674e-16 9.662525999999999255e-19
5.065496999999999694e+00 7.079429737140846214e-16 9.681225000000000653e-19
5.066162000000000276e+00 6.870665052969464517e-16 8.768601000000000370e-19
5.066826999999999970e+00 6.791823270077303825e-16 8.799187999999999451e-19
5.067491999999999663e+00 6.859463897276004058e-16 8.679234999999999100e-19
5.068157000000000245e+00 7.193874162592993018e-16 8.849420999999999452e-19
5.068821999999999939e+00 7.430275823856810462e-16 9.046332999999999456e-19
5.069486999999999632e+00 7.254494720848803694e-16 8.924860999999999953e-19
5.070152000000000214e+00 7.175167647653321848e-16 8.700214000000000612e-19
5.070816999999999908e+00 7.006849681902136236e-16 8.501500999999999881e-19
5.071481999999999601e+00 7.128670320157942448e-16 8.615147000000000069e-19
5.072147000000000183e+00 7.414041323076917083e-16 8.684304000000000440e-19
5.072811999999999877e+00 7.310956391953998245e-16 8.613960999999999551e-19
5.073476999999999570e+00 7.217583585179631886e-16 8.508198000000000316e-19
5.074142000000000152e+00 7.387920202637068837e-16 8.536370999999999989e-19
5.074806999999999846e+00 7.248251528891068952e-16 8.453570000000000425e-19
5.075472000000000428e+00 6.940384118628067968e-16 8.285756000000000148e-19
5.076137000000000121e+00 6.986313668923435261e-16 8.318756000000000280e-19
5.076801999999999815e+00 7.081975291513373257e-16 8.308699999999999554e-19
5.077467000000000397e+00 6.876096846642905807e-16 8.234497000000000481e-19
5.078132000000000090e+00 6.795663613542094928e-16 8.082682000000000453e-19
5.078796999999999784e+00 6.842900154443706920e-16 8.281965999999999569e-19
5.079462000000000366e+00 6.740145346155044151e-16 8.022541000000000081e-19
5.080127000000000059e+00 6.893373280233505030e-16 8.070699000000000037e-19
5.080791999999999753e+00 7.119941233936144410e-16 8.203070000000000294e-19
5.081457000000000335e+00 7.252282647573969414e-16 8.187738999999999801e-19
5.082122000000000028e+00 7.133568438672791576e-16 8.096529000000000115e-19
5.082786999999999722e+00 6.739349592083489746e-16 7.931962000000000303e-19
5.083452000000000304e+00 6.708690723345684356e-16 7.818173999999999526e-19
5.084116999999999997e+00 7.069086470860688368e-16 8.013765999999999718e-19
5.084781999999999691e+00 7.345701753803052975e-16 8.216659999999999657e-19
5.085447000000000273e+00 7.212049574777504339e-16 8.333165999999999921e-19
5.086111999999999966e+00 6.984130975454990095e-16 8.075368999999999528e-19
5.086776999999999660e+00 7.112601579546876086e-16 8.143917000000000421e-19
5.087442000000000242e+00 7.224339322687189680e-16 8.197562000000000261e-19
5.088106999999999935e+00 7.236382422836670073e-16 8.352407000000000187e-19
5.088771999999999629e+00 7.180363337511774714e-16 8.190911999999999607e-19
5.089437000000000211e+00 7.255289689235053868e-16 8.241210999999999935e-19
5.090101999999999904e+00 7.461458763003333278e-16 8.386465999999999668e-19
5.090766999999999598e+00 7.356816995426836709e-16 8.291900999999999856e-19
5.091432000000000180e+00 7.139595274296356341e-16 8.370539000000000477e-19
5.092096999999999873e+00 6.819873568269702501e-16 8.367748999999999932e-19
5.092761999999999567e+00 6.546877986238026634e-16 1.062069999999999927e-18
5.093427000000000149e+00 6.892006097506260064e-16 3.379327000000000107e-18
5.094091999999999842e+00 6.908537810853287215e-16 9.427905999999999498e-19
5.094757000000000424e+00 6.825212922355360175e-16 9.520808000000000931e-19
5.095422000000000118e+00 6.870283451711706341e-16 9.378736999999999294e-19
5.096086999999999811e+00 7.098541901996028346e-16 8.567794000000000010e-19
5.096752000000000393e+00 7.438819827034568992e-16 8.792334000000000936e-19
5.097417000000000087e+00 7.505693259727291077e-16 8.993734000000000110e-19
5.098081999999999780e+00 7.237747961408255449e-16 9.039783000000000057e-19
5.098747000000000362e+00 6.977693921907451345e-16 8.801158999999999038e-19
5.099412000000000056e+00 7.136479959484878325e-16 9.213221999999999678e-19
5.100076999999999749e+00 7.341771288802421726e-16 1.013421999999999984e-18
5.100742000000000331e+00 7.278577735667092186e-16 9.746752000000000335e-19
5.101407000000000025e+00 7.437460223443961336e-16 9.806201000000000919e-19
5.102071999999999719e+00 7.706505309042523354e-16 9.862080999999999732e-19
5.102737000000000300e+00 7.480375829655647661e-16 9.829440000000000754e-19
5.103401999999999994e+00 7.095607133773614418e-16 9.502009000000000204e-19
5.104066999999999688e+00 7.023074800036182361e-16 1.116157000000000077e-18
5.104732000000000269e+00 6.874774685467403666e-16 1.096287999999999979e-18
5.105396999999999963e+00 6.719760408009443299e-16 1.089926999999999986e-18
5.106061999999999657e+00 6.705631223680240872e-16 9.071161000000000862e-19
5.106727000000000238e+00 6.984644510992969998e-16 9.166667999999999748e-19
5.107391999999999932e+00 7.003326980817897396e-16 9.343550000000000253e-19
5.108056999999999626e+00 6.882974348227898235e-16 9.150919999999999067e-19
5.108722000000000207e+00 6.912476753688554494e-16 8.988708999999999631e-19
5.109386999999999901e+00 6.727712632052268127e-16 8.946542999999999542e-19
5.110051999999999595e+00 6.471745441089722327e-16 8.719859999999999606e-19
5.110717000000000176e+00 6.409379832663780601e-16 8.735487999999999166e-19
5.111381999999999870e+00 6.736645195364600663e-16 8.898321000000000786e-19
5.112046999999999564e+00 7.028878685347193244e-16 9.234679999999999614e-19
5.112712000000000145e+00 7.163952912426421219e-16 9.436893999999999299e-19
5.113376999999999839e+00 7.219518956407592525e-16 9.602210000000000539e-19
5.114042000000000421e+00 7.015195487113075466e-16 9.201819000000000186e-19
5.114707000000000114e+00 6.720658696434074056e-16 2.569646999999999959e-18
5.115371999999999808e+00 6.878438845326537943e-16 2.520381000000000117e-18
5.116037000000000390e+00 7.269400146461894078e-16 2.619830000000000103e-18
5.116702000000000083e+00 7.308048804308865468e-16 9.656494999999999938e-19
5.117366999999999777e+00 7.172304799012083194e-16 9.396734999999999327e-19
5.118032000000000359e+00 6.990726019288804450e-16 9.278774000000000637e-19
5.118697000000000052e+00 6.796133512057666968e-16 9.086721000000000492e-19
5.119361999999999746e+00 6.729653815665425778e-16 9.003478999999999745e-19
5.120027000000000328e+00 6.915915447685473037e-16 9.190821999999999704e-19
5.120692000000000021e+00 nan 9.327977999999999162e-19
5.121356999999999715e+00 7.010004841424440647e-16 9.315510999999999874e-19
5.122022000000000297e+00 6.949745340420701320e-16 9.227691999999999879e-19
5.122686999999999991e+00 7.197936281512752260e-16 9.447688000000000276e-19
5.123351999999999684e+00 7.408992942764763985e-16 9.567043999999999720e-19
5.124017000000000266e+00 7.274123015588837143e-16 9.360326000000000201e-19
5.124681999999999960e+00 6.892022942897906157e-16 8.999592000000000684e-19
5.125346999999999653e+00 6.975435086166766398e-16 9.226153000000000861e-19
5.126012000000000235e+00 7.274595282507554505e-16 9.586638999999999730e-19
5.126676999999999929e+00 7.348135774587247756e-16 9.585294999999999886e-19
5.127341999999999622e+00 7.095513790776893794e-16 9.423543999999999289e-19
5.128007000000000204e+00 6.719694456471681279e-16 9.106323000000000552e-19
5.128671999999999898e+00 6.630959044587405580e-16 8.928286999999999892e-19
5.129336999999999591e+00 6.880037733318322774e-16 9.215362000000000731e-19
5.130002000000000173e+00 6.880914821425593676e-16 9.092535000000000206e-19
5.130666999999999867e+00 6.699156144150347385e-16 9.326549000000000369e-19
5.131331999999999560e+00 6.616138109363291043e-16 9.336024999999999208e-19
5.131997000000000142e+00 6.591261279780108875e-16 9.038732000000000077e-19
5.132661999999999836e+00 6.532875119858320638e-16 8.904056999999999675e-19
5.133327000000000417e+00 6.776573146942798565e-16 9.164800000000000337e-19
5.133992000000000111e+00 7.082179303159979340e-16 9.246975000000000441e-19
5.134656999999999805e+00 7.137215233997922132e-16 9.287598000000000383e-19
5.135322000000000386e+00 7.030143586431494441e-16 9.063408999999999318e-19
5.135987000000000080e+00 7.125314782916751605e-16 8.992299999999999907e-19
5.136651999999999774e+00 7.103563677046514563e-16 9.126847999999999139e-19
5.137317000000000355e+00 nan 9.279778999999999192e-19
5.137982000000000049e+00 6.922835362232962047e-16 9.088631000000000199e-19
5.138646999999999743e+00 7.258729875723596017e-16 9.545243999999999574e-19
5.139312000000000324e+00 7.071388158698948719e-16 9.576674999999999927e-19
5.139977000000000018e+00 6.703964483043114915e-16 9.287261999999999940e-19
5.140641999999999712e+00 6.859949260698402727e-16 9.304566000000000584e-19
5.141307000000000293e+00 7.089403147210253372e-16 9.417968999999999610e-19
5.141971999999999987e+00 6.913021743682354337e-16 9.077281000000000256e-19
5.142636999999999681e+00 6.848189695492531037e-16 9.185672000000000545e-19
5.143302000000000263e+00 6.962816779644227671e-16 9.226209999999999612e-19
5.143966999999999956e+00 6.733184016047197423e-16 9.084854999999999720e-19
5.144631999999999650e+00 6.502785943078732070e-16 9.379157000000000328e-19
5.145297000000000232e+00 6.429899391579308534e-16 8.950738000000000775e-19
5.145961999999999925e+00 6.429261388348068680e-16 8.886959999999999665e-19
5.146626999999999619e+00 6.519189654066855447e-16 9.023932999999999483e-19
5.147292000000000201e+00 6.637313566282998168e-16 9.183879999999999468e-19
5.147956999999999894e+00 6.558610411100792301e-16 1.001517000000000007e-18
5.148621999999999588e+00 6.746739962366601117e-16 9.114030999999999309e-19
5.149287000000000170e+00 6.922280674364294092e-16 9.277497000000000439e-19
5.149951999999999863e+00 6.832280765651086269e-16 9.041417000000000845e-19
5.150616999999999557e+00 6.975816944347575723e-16 9.052083000000000369e-19
5.151282000000000139e+00 7.104681469585293495e-16 9.172145000000000663e-19
5.151946999999999832e+00 7.214314065975612814e-16 9.366798999999999057e-19
5.152612000000000414e+00 7.312841088455246189e-16 1.072093999999999905e-18
5.153277000000000108e+00 7.293413016784550066e-16 9.479563999999999088e-19
5.153941999999999801e+00 7.310510474567092123e-16 9.235458999999999878e-19
5.154607000000000383e+00 7.390037642712869683e-16 9.261511000000000007e-19
5.155272000000000077e+00 7.304038718315969609e-16 9.298187999999999646e-19
5.155936999999999770e+00 7.017557507837118761e-16 8.979156000000000249e-19
5.156602000000000352e+00 6.904615943274502166e-16 8.949251999999999379e-19
5.157267000000000046e+00 7.031424228482965658e-16 8.963979999999999198e-19
5.157931999999999739e+00 6.927788746476957981e-16 9.028274999999999825e-19
5.158597000000000321e+00 6.657029157164167689e-16 8.732817000000000422e-19
5.159262000000000015e+00 6.714561753223179826e-16 8.736080000000000588e-19
5.159926999999999708e+00 6.640717697454615431e-16 8.827999000000000044e-19
5.160592000000000290e+00 6.615557227884008680e-16 8.659652999999999869e-19
5.161256999999999984e+00 6.721147379625994975e-16 8.687991999999999199e-19
5.161921999999999677e+00 6.652413022441102862e-16 8.641753999999999846e-19
5.162587000000000259e+00 6.741321540250571387e-16 8.610015000000000211e-19
5.163251999999999953e+00 6.973422685236970001e-16 8.871359000000000020e-19
5.163916999999999646e+00 7.074997767978976221e-16 8.945805999999999575e-19
5.164582000000000228e+00 6.964835102655236666e-16 8.891771999999999743e-19
5.165246999999999922e+00 6.913291354984071440e-16 8.773182999999999103e-19
5.165911999999999615e+00 6.945248655388651696e-16 8.633719999999999616e-19
5.166577000000000197e+00 6.909270405919035459e-16 8.609818000000000473e-19
5.167241999999999891e+00 6.757083237575485064e-16 8.600873999999999606e-19
5.167906999999999584e+00 6.666271861789933096e-16 8.547463999999999634e-19
5.168572000000000166e+00 6.572861425027672074e-16 8.377357000000000389e-19
5.169236999999999860e+00 6.632805743241468678e-16 1.016136999999999973e-18
5.169902000000000442e+00 6.734042413587711811e-16 1.062374000000000006e-18
5.170567000000000135e+00 nan 1.079701000000000014e-18
5.171231999999999829e+00 7.046493419177299742e-16 8.912361999999999339e-19
5.171897000000000411e+00 6.789837230993296388e-16 8.386816000000000210e-19
5.172562000000000104e+00 6.714500611130152736e-16 8.358416000000000037e-19
5.173226999999999798e+00 6.706655827020716674e-16 8.260474999999999951e-19
5.173892000000000380e+00 6.674488063890665601e-16 8.383179999999999754e-19
5.174557000000000073e+00 6.731680482433531047e-16 8.469053999999999795e-19
5.175221999999999767e+00 6.837957036318091837e-16 8.451901000000000353e-19
5.175887000000000349e+00 6.805674520268693304e-16 8.331666999999999672e-19
5.176552000000000042e+00 6.829360836351103225e-16 8.502404999999999788e-19
5.177216999999999736e+00 6.920238029889567532e-16 8.519184999999999902e-19
5.177882000000000318e+00 7.035135887772843437e-16 8.587970999999999583e-19
5.178547000000000011e+00 7.082471656685483155e-16 8.645680000000000283e-19
5.179211999999999705e+00 nan 8.829372000000000368e-19
5.179877000000000287e+00 6.735294637400456787e-16 8.406026999999999714e-19
5.180541999999999980e+00 6.710757123550692256e-16 8.520993999999999997e-19
5.181206999999999674e+00 6.738425611855334511e-16 8.536379000000000320e-19
5.181872000000000256e+00 6.661536680842086116e-16 8.565782000000000410e-19
5.182536999999999949e+00 6.916776241036756933e-16 8.546214000000000315e-19
5.183201999999999643e+00 7.173562889994632224e-16 8.697940000000000265e-19
5.183867000000000225e+00 7.139076343691361310e-16 8.887818999999999392e-19
5.184531999999999918e+00 6.910649807827956718e-16 8.848156000000000714e-19
5.185196999999999612e+00 6.587097484759584529e-16 8.721868000000000004e-19
5.185862000000000194e+00 6.590277162569557800e-16 8.858976999999999680e-19
5.186526999999999887e+00 6.755131375899157788e-16 9.034969999999999696e-19
5.187191999999999581e+00 6.676549831031802082e-16 8.745916999999999220e-19
5.187857000000000163e+00 6.742949165105749169e-16 9.005550000000000587e-19
5.188521999999999856e+00 6.758403433772752428e-16 8.990174000000000878e-19
5.189187000000000438e+00 6.927705252936138496e-16 1.072717000000000060e-18
5.189852000000000132e+00 7.106080760488316687e-16 8.991657999999999783e-19
5.190516999999999825e+00 7.053793949800547823e-16 8.710598999999999806e-19
5.191182000000000407e+00 6.948955706955163945e-16 8.671052000000000158e-19
5.191847000000000101e+00 6.949683077167743809e-16 8.762969000000000014e-19
5.192511999999999794e+00 6.830070864390336158e-16 9.255633999999999849e-19
5.193177000000000376e+00 6.732618116839718963e-16 8.678543000000000275e-19
5.193842000000000070e+00 6.748619644938157902e-16 8.703512999999999380e-19
5.194506999999999763e+00 6.704159865698354583e-16 8.626242999999999598e-19
5.195172000000000345e+00 6.511379889591736015e-16 8.545347999999999575e-19
5.195837000000000039e+00 6.622673431045863471e-16 8.811689000000000630e-19
5.196501999999999732e+00 6.589560163675901607e-16 8.679950000000000563e-19
5.197167000000000314e+00 6.609832913492585646e-16 8.600024999999999812e-19
5.197832000000000008e+00 6.770483198260448638e-16 8.950936000000000795e-19
5.198496999999999701e+00 nan 9.107571000000000270e-19
5.199162000000000283e+00 nan 8.965799000000000189e-19
5.199826999999999977e+00 nan 9.129095999999999853e-19
5.200491999999999670e+00 6.522366574213652942e-16 8.882420999999999584e-19
5.201157000000000252e+00 6.600812509238227207e-16 9.036893999999999502e-19
5.201821999999999946e+00 6.311578473839909808e-16 8.958665999999999982e-19
5.202486999999999639e+00 6.230088785243429313e-16 8.789993999999999298e-19
5.203152000000000221e+00 6.504536933346823587e-16 9.048047999999999989e-19
5.203816999999999915e+00 6.750789815425507455e-16 9.203186000000000743e-19
5.204481999999999609e+00 6.812145448319493062e-16 9.360376000000000828e-19
5.205147000000000190e+00 6.799950607951787024e-16 1.064365000000000037e-18
5.205811999999999884e+00 6.809166490774437773e-16 9.351168000000000577e-19
5.206476999999999578e+00 6.801489758621574283e-16 9.392370000000000198e-19
5.207142000000000159e+00 6.939820630309489572e-16 9.235574999999999870e-19
5.207806999999999853e+00 6.927392356513740173e-16 9.272077000000000202e-19
5.208472000000000435e+00 6.844995594854895941e-16 9.128731999999999213e-19
5.209137000000000128e+00 6.943606268401033492e-16 9.415938000000000425e-19
5.209801999999999822e+00 6.832162592199148465e-16 9.647585999999999318e-19
5.210467000000000404e+00 nan 9.381950999999999113e-19
5.211132000000000097e+00 6.459781338334464340e-16 9.239373999999999136e-19
5.211796999999999791e+00 6.473689033519457236e-16 9.141938000000000959e-19
5.212462000000000373e+00 6.683266368776525146e-16 9.729260000000000568e-19
5.213127000000000066e+00 6.561393885174306509e-16 9.052731000000000260e-19
5.213791999999999760e+00 6.327720486034912255e-16 8.892977999999999165e-19
5.214457000000000342e+00 6.524880009240835401e-16 8.998091000000000834e-19
5.215122000000000035e+00 6.724941624831896185e-16 9.042078000000000552e-19
5.215786999999999729e+00 6.970445943855504659e-16 9.171096999999999603e-19
5.216452000000000311e+00 7.048455783235441734e-16 9.332523999999999291e-19
5.217117000000000004e+00 6.664106605874921242e-16 9.243800000000000071e-19
5.217781999999999698e+00 6.504761852776892620e-16 9.063922999999999915e-19
5.218447000000000280e+00 6.827932394251396107e-16 9.311019999999999856e-19
5.219111999999999973e+00 nan 9.443734999999999924e-19
5.219776999999999667e+00 6.695385059378802822e-16 9.395568999999999637e-19
5.220442000000000249e+00 6.777641497567893856e-16 9.391126999999999965e-19
5.221106999999999942e+00 6.626202883535405522e-16 1.042046000000000002e-18
5.221771999999999636e+00 6.696983059080833524e-16 1.134718999999999986e-18
5.222437000000000218e+00 6.962549911014542494e-16 1.189276999999999962e-18
5.223101999999999911e+00 6.586893635980004828e-16 1.127774999999999956e-18
5.223766999999999605e+00 6.385535890208492163e-16 1.140303000000000087e-18
5.224432000000000187e+00 6.801570600011868698e-16 1.190286000000000031e-18
5.225096999999999881e+00 6.987146352028946517e-16 1.212411000000000019e-18
5.225761999999999574e+00 6.755353720636748930e-16 1.143136000000000055e-18
5.226427000000000156e+00 6.626413317677432294e-16 1.060345999999999935e-18
5.227091999999999850e+00 6.705446073013995383e-16 1.015181000000000030e-18
5.227757000000000431e+00 6.587111067929131129e-16 9.691975000000000769e-19
5.228422000000000125e+00 6.628080227633568522e-16 9.540846000000000763e-19
5.229086999999999819e+00 6.840664292378062837e-16 9.585419000000000209e-19
5.229752000000000400e+00 6.771270469367892654e-16 9.374667000000000593e-19
5.230417000000000094e+00 6.795303573488831964e-16 9.408602999999999070e-19
5.231081999999999788e+00 6.818908056725094198e-16 9.375323000000000815e-19
5.231747000000000369e+00 6.672279160033684338e-16 9.189174000000000744e-19
5.232412000000000063e+00 6.557600191445607396e-16 8.991080000000000386e-19
5.233076999999999757e+00 6.718136877695768370e-16 9.032877000000000350e-19
5.233742000000000338e+00 6.972582277081723442e-16 9.363648999999999964e-19
5.234407000000000032e+00 6.875978927000226399e-16 9.352500999999999243e-19
5.235071999999999726e+00 6.781255992426987968e-16 9.099902999999999318e-19
5.235737000000000307e+00 6.616281624249954013e-16 1.029836999999999946e-18
5.236402000000000001e+00 6.723482079104931366e-16 1.040954999999999905e-18
5.237066999999999695e+00 6.960982503961221948e-16 9.239750999999999593e-19
5.237732000000000276e+00 6.894081080979258402e-16 9.070055000000000769e-19
5.238396999999999970e+00 6.737792347878566803e-16 9.027246000000000275e-19
5.239061999999999664e+00 6.627026820772435350e-16 9.434702999999999262e-19
5.239727000000000245e+00 6.365368253515819590e-16 8.612145999999999688e-19
5.240391999999999939e+00 6.227373931549280160e-16 8.543403999999999904e-19
5.241056999999999633e+00 6.155935406595124316e-16 8.829203999999999184e-19
5.241722000000000214e+00 6.196655552348181362e-16 8.718199999999999185e-19
5.242386999999999908e+00 6.294446742004523713e-16 8.783180000000000514e-19
5.243051999999999602e+00 6.471204454123186334e-16 8.913484000000000094e-19
5.243717000000000183e+00 6.683742464883860511e-16 8.996118999999999039e-19
5.244381999999999877e+00 6.667124892507374332e-16 8.994132999999999071e-19
5.245046999999999571e+00 6.430139540049504257e-16 8.753408000000000300e-19
5.245712000000000153e+00 6.393782717787675127e-16 8.713251999999999248e-19
5.246376999999999846e+00 6.699134856930050726e-16 8.938728999999999763e-19
5.247042000000000428e+00 6.818143095244721244e-16 8.939846999999999389e-19
5.247707000000000122e+00 6.715096024785850023e-16 8.884132999999999271e-19
5.248371999999999815e+00 6.734626449184177987e-16 8.967214000000000809e-19
5.249037000000000397e+00 6.783965809625534468e-16 9.013897000000000548e-19
5.249702000000000091e+00 6.984591491450342953e-16 9.194667000000000395e-19
5.250366999999999784e+00 6.934621735049703705e-16 8.931255999999999910e-19
5.251032000000000366e+00 6.757684655584229144e-16 8.630024999999999845e-19
5.251697000000000060e+00 6.625292425755252256e-16 8.614678999999999934e-19
5.252361999999999753e+00 6.622154594046265288e-16 8.494179999999999587e-19
5.253027000000000335e+00 6.594654818190187523e-16 8.469933000000000350e-19
5.253692000000000029e+00 6.456015227626988666e-16 8.543932999999999918e-19
5.254356999999999722e+00 6.465220609549993760e-16 8.366235000000000265e-19
5.255022000000000304e+00 6.682964509020159822e-16 8.557742999999999731e-19
5.255686999999999998e+00 6.800328594733044007e-16 8.846800999999999692e-19
5.256351999999999691e+00 6.670475611803184445e-16 8.561622000000000387e-19
5.257017000000000273e+00 6.512000446054735063e-16 8.708466000000000728e-19
5.257681999999999967e+00 6.520339726798046139e-16 8.699341999999999143e-19
5.258346999999999660e+00 6.599628685379798814e-16 8.668732999999999632e-19
5.259012000000000242e+00 6.851144799870867274e-16 8.814480000000000494e-19
5.259676999999999936e+00 6.964533387056519133e-16 8.954242999999999894e-19
5.260341999999999629e+00 6.908814490115427235e-16 8.853293000000000058e-19
5.261007000000000211e+00 6.883615860043443929e-16 8.848963999999999532e-19
5.261671999999999905e+00 6.809760720701952404e-16 8.902711999999999548e-19
5.262336999999999598e+00 6.639987637551364387e-16 9.064404000000000829e-19
5.263002000000000180e+00 6.823647412500494446e-16 8.929778000000000772e-19
5.263666999999999874e+00 7.087366557261869574e-16 9.216808000000000469e-19
5.264331999999999567e+00 7.000336732075324886e-16 9.117422999999999283e-19
5.264997000000000149e+00 6.841307557142285477e-16 9.044039999999999525e-19
5.265661999999999843e+00 6.863732454965598920e-16 9.090369999999999802e-19
5.266327000000000425e+00 6.705903963102415052e-16 9.124247000000000889e-19
5.266992000000000118e+00 6.424153135268343560e-16 8.934515000000000873e-19
5.267656999999999812e+00 6.386935991277380314e-16 9.167657999999999848e-19
5.268322000000000394e+00 6.521130628423343751e-16 9.838461000000000238e-19
5.268987000000000087e+00 6.461428008570533673e-16 1.283578000000000004e-18
5.269651999999999781e+00 nan nan
5.270317000000000363e+00 nan nan
