# # g395h data
# # wave: um # flux: erg/s/cm^2/nm # err: erg/s/cm^2/nm
2.870332e+00 nan nan
2.870997e+00 nan nan
2.871662e+00 nan nan
2.872327e+00 nan nan
2.872992e+00 nan nan
2.873657e+00 nan nan
2.874322e+00 nan nan
2.874987e+00 2.304358e-15 3.554289e-18
2.875652e+00 2.446104e-15 2.893376e-18
2.876317e+00 2.474513e-15 2.850423e-18
2.876982e+00 nan nan
2.877647e+00 2.304747e-15 2.974200e-18
2.878312e+00 2.275153e-15 2.403717e-18
2.878977e+00 2.280979e-15 2.366149e-18
2.879642e+00 2.286291e-15 2.373729e-18
2.880307e+00 2.304400e-15 2.292317e-18
2.880972e+00 2.301457e-15 2.303327e-18
2.881637e+00 2.306347e-15 2.425357e-18
2.882302e+00 2.273635e-15 2.461870e-18
2.882967e+00 2.238444e-15 2.438541e-18
2.883632e+00 2.272277e-15 2.475853e-18
2.884297e+00 2.282978e-15 2.534710e-18
2.884962e+00 2.323202e-15 2.621993e-18
2.885627e+00 2.198760e-15 2.537175e-18
2.886292e+00 2.144081e-15 2.397734e-18
2.886957e+00 2.293860e-15 2.381229e-18
2.887622e+00 2.283551e-15 2.374520e-18
2.888287e+00 2.112963e-15 2.308678e-18
2.888952e+00 2.063096e-15 2.260948e-18
2.889617e+00 2.086917e-15 2.216949e-18
2.890282e+00 2.124441e-15 2.260313e-18
2.890947e+00 2.111136e-15 2.221081e-18
2.891612e+00 2.091334e-15 2.132679e-18
2.892277e+00 2.232446e-15 2.308835e-18
2.892942e+00 2.317205e-15 2.359094e-18
2.893607e+00 2.368908e-15 2.368565e-18
2.894272e+00 2.502269e-15 2.341970e-18
2.894937e+00 2.486209e-15 2.315586e-18
2.895602e+00 2.361887e-15 2.242948e-18
2.896267e+00 nan nan
2.896932e+00 2.331255e-15 2.705898e-18
2.897597e+00 2.462695e-15 2.229425e-18
2.898262e+00 2.400930e-15 2.184707e-18
2.898927e+00 2.162348e-15 2.074923e-18
2.899592e+00 2.065793e-15 2.013832e-18
2.900257e+00 2.103427e-15 2.024358e-18
2.900922e+00 2.089150e-15 1.991822e-18
2.901587e+00 2.188380e-15 2.080236e-18
2.902252e+00 2.199270e-15 2.099512e-18
2.902917e+00 2.266596e-15 2.101704e-18
2.903582e+00 2.290477e-15 2.069333e-18
2.904247e+00 2.147336e-15 1.930634e-18
2.904912e+00 2.165698e-15 1.955861e-18
2.905577e+00 2.281051e-15 1.955098e-18
2.906242e+00 2.273128e-15 1.969141e-18
2.906907e+00 2.213681e-15 1.926723e-18
2.907572e+00 2.021447e-15 1.817719e-18
2.908237e+00 1.851846e-15 1.746001e-18
2.908902e+00 1.904873e-15 1.761938e-18
2.909567e+00 1.954816e-15 1.770361e-18
2.910232e+00 1.899975e-15 1.750942e-18
2.910897e+00 2.083490e-15 1.872248e-18
2.911562e+00 2.324597e-15 2.003361e-18
2.912227e+00 2.334954e-15 2.008765e-18
2.912892e+00 2.308470e-15 2.030855e-18
2.913557e+00 2.290841e-15 1.995902e-18
2.914222e+00 2.258952e-15 1.962352e-18
2.914887e+00 2.202473e-15 1.958569e-18
2.915552e+00 2.183675e-15 1.914241e-18
2.916217e+00 2.211093e-15 1.905934e-18
2.916882e+00 2.173784e-15 1.932730e-18
2.917547e+00 2.192088e-15 2.011308e-18
2.918212e+00 2.256134e-15 2.024247e-18
2.918877e+00 2.239083e-15 2.029857e-18
2.919542e+00 nan nan
2.920207e+00 2.136598e-15 2.023500e-18
2.920872e+00 2.092394e-15 1.911153e-18
2.921537e+00 2.062047e-15 1.837062e-18
2.922202e+00 2.088607e-15 1.832772e-18
2.922867e+00 2.108365e-15 1.865582e-18
2.923532e+00 2.064504e-15 1.859387e-18
2.924197e+00 2.086018e-15 1.870829e-18
2.924862e+00 2.146868e-15 1.923141e-18
2.925527e+00 2.205524e-15 1.993964e-18
2.926192e+00 2.197211e-15 2.050343e-18
2.926857e+00 2.218156e-15 2.012959e-18
2.927522e+00 2.111185e-15 1.905950e-18
2.928187e+00 2.104504e-15 1.921855e-18
2.928852e+00 2.031169e-15 1.911598e-18
2.929517e+00 1.920902e-15 1.834942e-18
2.930182e+00 2.075091e-15 1.891117e-18
2.930847e+00 2.258682e-15 2.001970e-18
2.931512e+00 2.289466e-15 2.020428e-18
2.932177e+00 2.265594e-15 2.056713e-18
2.932842e+00 2.334710e-15 2.062232e-18
2.933507e+00 2.288134e-15 2.080583e-18
2.934172e+00 2.258661e-15 2.068852e-18
2.934837e+00 2.273725e-15 2.027801e-18
2.935502e+00 2.223625e-15 1.980265e-18
2.936167e+00 2.230064e-15 1.955421e-18
2.936832e+00 2.240842e-15 1.959391e-18
2.937497e+00 2.225523e-15 1.945648e-18
2.938162e+00 2.226849e-15 1.947838e-18
2.938827e+00 2.253941e-15 1.944203e-18
2.939492e+00 2.228273e-15 1.941362e-18
2.940157e+00 2.102736e-15 1.879839e-18
2.940822e+00 2.055129e-15 1.818500e-18
2.941487e+00 2.050315e-15 1.780143e-18
2.942152e+00 2.119291e-15 1.790153e-18
2.942817e+00 2.220299e-15 1.880424e-18
2.943482e+00 2.187689e-15 1.840109e-18
2.944147e+00 2.065162e-15 1.777980e-18
2.944812e+00 2.054364e-15 1.767676e-18
2.945477e+00 2.153714e-15 1.814261e-18
2.946142e+00 2.145437e-15 1.805323e-18
2.946807e+00 2.004002e-15 1.994074e-18
2.947472e+00 nan nan
2.948137e+00 1.891507e-15 1.670344e-18
2.948802e+00 nan nan
2.949467e+00 nan nan
2.950132e+00 2.264291e-15 1.809197e-18
2.950797e+00 2.299947e-15 1.828643e-18
2.951462e+00 2.229076e-15 1.768090e-18
2.952127e+00 2.195539e-15 1.757583e-18
2.952792e+00 2.154880e-15 1.742671e-18
2.953457e+00 2.069651e-15 1.675096e-18
2.954122e+00 2.032756e-15 1.654915e-18
2.954787e+00 2.025451e-15 1.660198e-18
2.955452e+00 1.976046e-15 1.657632e-18
2.956117e+00 1.939502e-15 1.645573e-18
2.956782e+00 2.083408e-15 1.766988e-18
2.957447e+00 2.255607e-15 1.840071e-18
2.958112e+00 2.244677e-15 1.843776e-18
2.958777e+00 2.145120e-15 1.790802e-18
2.959442e+00 2.077808e-15 1.785474e-18
2.960107e+00 2.085519e-15 1.814418e-18
2.960772e+00 2.105413e-15 1.844961e-18
2.961437e+00 2.100243e-15 1.838553e-18
2.962102e+00 2.071131e-15 1.822450e-18
2.962767e+00 2.023532e-15 1.805453e-18
2.963432e+00 1.945420e-15 1.798318e-18
2.964097e+00 2.022576e-15 2.087492e-18
2.964762e+00 2.184882e-15 1.925429e-18
2.965427e+00 2.196210e-15 1.916264e-18
2.966092e+00 2.020367e-15 1.829645e-18
2.966757e+00 1.990460e-15 1.792673e-18
2.967422e+00 2.068743e-15 1.796012e-18
2.968087e+00 1.964864e-15 1.745558e-18
2.968752e+00 1.860287e-15 1.687836e-18
2.969417e+00 1.982052e-15 1.739373e-18
2.970082e+00 2.082844e-15 1.792105e-18
2.970747e+00 2.071008e-15 1.766244e-18
2.971412e+00 1.999629e-15 1.747463e-18
2.972077e+00 1.956955e-15 1.715189e-18
2.972742e+00 2.011172e-15 1.761335e-18
2.973407e+00 2.113137e-15 1.807375e-18
2.974072e+00 2.173405e-15 1.833843e-18
2.974737e+00 2.060450e-15 1.768188e-18
2.975402e+00 2.075818e-15 1.787258e-18
2.976067e+00 2.159897e-15 1.823440e-18
2.976732e+00 2.204285e-15 1.832534e-18
2.977397e+00 2.269541e-15 1.859035e-18
2.978062e+00 2.204967e-15 1.818915e-18
2.978727e+00 2.067563e-15 3.465462e-18
2.979392e+00 2.019345e-15 3.447355e-18
2.980057e+00 2.032354e-15 1.749417e-18
2.980722e+00 2.125052e-15 1.767592e-18
2.981387e+00 2.080623e-15 1.750774e-18
2.982052e+00 2.041885e-15 1.738731e-18
2.982717e+00 1.995740e-15 1.687160e-18
2.983382e+00 2.007758e-15 1.686291e-18
2.984047e+00 2.042307e-15 1.682993e-18
2.984712e+00 2.076630e-15 1.681653e-18
2.985377e+00 2.091785e-15 1.659007e-18
2.986042e+00 2.068864e-15 1.656223e-18
2.986707e+00 1.967611e-15 1.597373e-18
2.987372e+00 1.905985e-15 1.570475e-18
2.988037e+00 1.879977e-15 1.625427e-18
2.988702e+00 1.791124e-15 1.598912e-18
2.989367e+00 1.786579e-15 1.600958e-18
2.990032e+00 1.914161e-15 1.606880e-18
2.990697e+00 1.942139e-15 1.585471e-18
2.991362e+00 1.966082e-15 1.603553e-18
2.992027e+00 2.016690e-15 1.605162e-18
2.992692e+00 2.017756e-15 1.586066e-18
2.993357e+00 2.050932e-15 1.609409e-18
2.994022e+00 2.100050e-15 1.628035e-18
2.994687e+00 2.119827e-15 1.644599e-18
2.995352e+00 2.087626e-15 1.626269e-18
2.996017e+00 2.047095e-15 1.624341e-18
2.996682e+00 1.999298e-15 1.659773e-18
2.997347e+00 2.019507e-15 1.713853e-18
2.998012e+00 2.011385e-15 1.666614e-18
2.998677e+00 1.956132e-15 1.581906e-18
2.999342e+00 2.062045e-15 1.609980e-18
3.000007e+00 2.120704e-15 1.650223e-18
3.000672e+00 2.027399e-15 1.589723e-18
3.001337e+00 1.997362e-15 1.557468e-18
3.002002e+00 2.008946e-15 1.586457e-18
3.002667e+00 2.001727e-15 1.583951e-18
3.003332e+00 1.941481e-15 1.567741e-18
3.003997e+00 1.933164e-15 1.546214e-18
3.004662e+00 1.934560e-15 1.553592e-18
3.005327e+00 1.937443e-15 1.550683e-18
3.005992e+00 1.914695e-15 1.530547e-18
3.006657e+00 1.857097e-15 1.486703e-18
3.007322e+00 1.761220e-15 1.440944e-18
3.007987e+00 1.710653e-15 1.421382e-18
3.008652e+00 1.747822e-15 1.437294e-18
3.009317e+00 1.758217e-15 1.429852e-18
3.009982e+00 1.748928e-15 1.430669e-18
3.010647e+00 1.810419e-15 1.456909e-18
3.011312e+00 1.879452e-15 1.496651e-18
3.011977e+00 1.912180e-15 1.498611e-18
3.012642e+00 1.933820e-15 1.518233e-18
3.013307e+00 1.996531e-15 1.818098e-18
3.013972e+00 2.056467e-15 1.863676e-18
3.014637e+00 2.157311e-15 1.628207e-18
3.015302e+00 2.166066e-15 1.650888e-18
3.015967e+00 2.080343e-15 1.653586e-18
3.016632e+00 2.035274e-15 1.647319e-18
3.017297e+00 1.979628e-15 1.590479e-18
3.017962e+00 2.007743e-15 1.639968e-18
3.018627e+00 2.073481e-15 1.675438e-18
3.019292e+00 2.074879e-15 1.709361e-18
3.019957e+00 2.033120e-15 1.676706e-18
3.020622e+00 2.051962e-15 1.686357e-18
3.021287e+00 2.012735e-15 1.703994e-18
3.021952e+00 1.863472e-15 1.666801e-18
3.022617e+00 1.839148e-15 1.650429e-18
3.023282e+00 1.879231e-15 1.672704e-18
3.023947e+00 1.863465e-15 1.680091e-18
3.024612e+00 1.900478e-15 1.724824e-18
3.025277e+00 1.905185e-15 1.716116e-18
3.025942e+00 1.847642e-15 1.722135e-18
3.026607e+00 1.863535e-15 1.717270e-18
3.027272e+00 1.993189e-15 1.792311e-18
3.027937e+00 2.009599e-15 1.882233e-18
3.028602e+00 1.896903e-15 3.126616e-18
3.029267e+00 1.821548e-15 2.767841e-18
3.029932e+00 1.810798e-15 2.959278e-18
3.030597e+00 1.871169e-15 1.745291e-18
3.031262e+00 1.860956e-15 1.735004e-18
3.031927e+00 1.908262e-15 1.767863e-18
3.032592e+00 2.018729e-15 1.835596e-18
3.033257e+00 2.000997e-15 1.851612e-18
3.033922e+00 1.971676e-15 1.859826e-18
3.034587e+00 1.991540e-15 1.858720e-18
3.035252e+00 1.958806e-15 2.082655e-18
3.035917e+00 1.953865e-15 2.301786e-18
3.036582e+00 1.972966e-15 2.303819e-18
3.037247e+00 2.003412e-15 2.299231e-18
3.037912e+00 1.991079e-15 1.927838e-18
3.038577e+00 1.920407e-15 1.647217e-18
3.039242e+00 1.924648e-15 1.625435e-18
3.039907e+00 2.008491e-15 1.661013e-18
3.040572e+00 2.033237e-15 1.677392e-18
3.041237e+00 2.008627e-15 1.645449e-18
3.041902e+00 2.009672e-15 1.640045e-18
3.042567e+00 1.935520e-15 1.848249e-18
3.043232e+00 1.856251e-15 1.959904e-18
3.043897e+00 1.837285e-15 1.902348e-18
3.044562e+00 1.803394e-15 1.767835e-18
3.045227e+00 1.804262e-15 1.492584e-18
3.045892e+00 1.815450e-15 1.580038e-18
3.046557e+00 1.878330e-15 1.609715e-18
3.047222e+00 1.918446e-15 1.649625e-18
3.047887e+00 1.876794e-15 1.475136e-18
3.048552e+00 1.881403e-15 1.485140e-18
3.049217e+00 1.811041e-15 1.455022e-18
3.049882e+00 1.746132e-15 1.437359e-18
3.050547e+00 1.801740e-15 1.487797e-18
3.051212e+00 1.833649e-15 1.480634e-18
3.051877e+00 1.856610e-15 1.489488e-18
3.052542e+00 1.817138e-15 1.478918e-18
3.053207e+00 1.823118e-15 1.483720e-18
3.053872e+00 1.908957e-15 1.523675e-18
3.054537e+00 1.959700e-15 1.562638e-18
3.055202e+00 2.097201e-15 1.627970e-18
3.055867e+00 2.197472e-15 1.705517e-18
3.056532e+00 2.117192e-15 1.675208e-18
3.057197e+00 2.052090e-15 1.655874e-18
3.057862e+00 2.014175e-15 1.652135e-18
3.058527e+00 1.947302e-15 1.863085e-18
3.059192e+00 1.910289e-15 1.645087e-18
3.059857e+00 1.999056e-15 1.678488e-18
3.060522e+00 1.984679e-15 1.666290e-18
3.061187e+00 1.958392e-15 1.603121e-18
3.061852e+00 1.951534e-15 2.325329e-18
3.062517e+00 2.025002e-15 2.322628e-18
3.063182e+00 2.104770e-15 1.693629e-18
3.063847e+00 1.975181e-15 1.600726e-18
3.064512e+00 1.865896e-15 1.544823e-18
3.065177e+00 1.834606e-15 1.520440e-18
3.065842e+00 1.881529e-15 1.548722e-18
3.066507e+00 1.956478e-15 1.603035e-18
3.067172e+00 1.999338e-15 1.610406e-18
3.067837e+00 2.025330e-15 1.608797e-18
3.068502e+00 2.011997e-15 1.559424e-18
3.069167e+00 1.914121e-15 1.524362e-18
3.069832e+00 1.847914e-15 1.506147e-18
3.070497e+00 1.778227e-15 1.446518e-18
3.071162e+00 1.749453e-15 1.452972e-18
3.071827e+00 1.785637e-15 1.479807e-18
3.072492e+00 1.809936e-15 1.490730e-18
3.073157e+00 1.802332e-15 1.506861e-18
3.073822e+00 1.835912e-15 1.524942e-18
3.074487e+00 1.846663e-15 1.523736e-18
3.075152e+00 1.864049e-15 1.549930e-18
3.075817e+00 1.954837e-15 1.590570e-18
3.076482e+00 2.015387e-15 1.624817e-18
3.077147e+00 1.970669e-15 1.618799e-18
3.077812e+00 1.971695e-15 1.636973e-18
3.078477e+00 2.072462e-15 1.679960e-18
3.079142e+00 2.119520e-15 1.677005e-18
3.079807e+00 2.082785e-15 1.682184e-18
3.080472e+00 2.019394e-15 1.655397e-18
3.081137e+00 1.999024e-15 1.728545e-18
3.081802e+00 2.012747e-15 1.796652e-18
3.082467e+00 1.941302e-15 1.750532e-18
3.083132e+00 1.870979e-15 1.703703e-18
3.083797e+00 1.898394e-15 1.615196e-18
3.084462e+00 2.012201e-15 1.690478e-18
3.085127e+00 2.043168e-15 1.732618e-18
3.085792e+00 2.029180e-15 1.740525e-18
3.086457e+00 1.976147e-15 1.712024e-18
3.087122e+00 1.986704e-15 1.725828e-18
3.087787e+00 nan nan
3.088452e+00 nan nan
3.089117e+00 nan nan
3.089782e+00 1.821124e-15 1.792042e-18
3.090447e+00 1.885449e-15 1.839467e-18
3.091112e+00 1.863896e-15 1.837139e-18
3.091777e+00 nan nan
3.092442e+00 1.879365e-15 1.830790e-18
3.093107e+00 1.891056e-15 1.822865e-18
3.093772e+00 1.917198e-15 1.815269e-18
3.094437e+00 1.952322e-15 1.802327e-18
3.095102e+00 1.832191e-15 1.690551e-18
3.095767e+00 1.776126e-15 1.625844e-18
3.096432e+00 1.849327e-15 1.654149e-18
3.097097e+00 1.837698e-15 1.611610e-18
3.097762e+00 1.865393e-15 1.583340e-18
3.098427e+00 1.892611e-15 1.544958e-18
3.099092e+00 1.911096e-15 1.860210e-18
3.099757e+00 1.947030e-15 1.827332e-18
3.100422e+00 1.986703e-15 1.860506e-18
3.101087e+00 2.088174e-15 1.560732e-18
3.101752e+00 2.079055e-15 1.456611e-18
3.102417e+00 1.949933e-15 1.401959e-18
3.103082e+00 1.915732e-15 1.423496e-18
3.103747e+00 1.981019e-15 1.442836e-18
3.104412e+00 2.005584e-15 1.435205e-18
3.105077e+00 1.961275e-15 1.370161e-18
3.105742e+00 1.877650e-15 1.316568e-18
3.106407e+00 1.865889e-15 1.304355e-18
3.107072e+00 1.925587e-15 1.331078e-18
3.107737e+00 1.894366e-15 1.326737e-18
3.108402e+00 1.851050e-15 1.307432e-18
3.109067e+00 1.900310e-15 1.335694e-18
3.109732e+00 1.958152e-15 1.353688e-18
3.110397e+00 1.958190e-15 1.353549e-18
3.111062e+00 1.909999e-15 1.343783e-18
3.111727e+00 1.915101e-15 1.358490e-18
3.112392e+00 1.924821e-15 1.362161e-18
3.113057e+00 1.883315e-15 1.371201e-18
3.113722e+00 1.814996e-15 1.357548e-18
3.114387e+00 1.784340e-15 1.351744e-18
3.115052e+00 1.819749e-15 1.383394e-18
3.115717e+00 1.917160e-15 1.467886e-18
3.116382e+00 1.974031e-15 1.544846e-18
3.117047e+00 nan nan
3.117712e+00 1.888070e-15 2.143978e-18
3.118377e+00 1.807362e-15 1.444234e-18
3.119042e+00 1.849371e-15 1.488507e-18
3.119707e+00 1.939534e-15 1.518506e-18
3.120372e+00 1.955236e-15 1.595162e-18
3.121037e+00 1.921465e-15 1.631091e-18
3.121702e+00 1.952878e-15 1.660349e-18
3.122367e+00 1.990483e-15 1.719061e-18
3.123032e+00 1.987918e-15 2.022503e-18
3.123697e+00 2.006435e-15 1.743721e-18
3.124362e+00 1.935805e-15 1.724797e-18
3.125027e+00 1.969764e-15 1.735936e-18
3.125692e+00 2.023669e-15 1.763669e-18
3.126357e+00 2.034904e-15 1.764190e-18
3.127022e+00 2.016590e-15 1.769164e-18
3.127687e+00 1.948338e-15 1.702368e-18
3.128352e+00 1.888303e-15 1.675887e-18
3.129017e+00 1.835722e-15 1.621608e-18
3.129682e+00 1.783065e-15 1.614152e-18
3.130347e+00 1.776579e-15 1.608583e-18
3.131012e+00 1.839883e-15 1.635131e-18
3.131677e+00 1.952108e-15 1.673970e-18
3.132342e+00 1.906464e-15 1.683015e-18
3.133007e+00 1.807205e-15 1.618229e-18
3.133672e+00 1.868292e-15 1.658673e-18
3.134337e+00 1.966336e-15 1.708680e-18
3.135002e+00 1.914521e-15 1.677991e-18
3.135667e+00 1.903163e-15 1.646652e-18
3.136332e+00 2.053434e-15 1.713463e-18
3.136997e+00 2.040121e-15 1.694386e-18
3.137662e+00 1.880203e-15 1.618766e-18
3.138327e+00 1.851049e-15 1.569080e-18
3.138992e+00 1.952374e-15 1.579325e-18
3.139657e+00 2.018205e-15 1.818013e-18
3.140322e+00 2.007406e-15 1.803789e-18
3.140987e+00 1.910335e-15 1.526875e-18
3.141652e+00 1.822047e-15 1.529430e-18
3.142317e+00 1.893642e-15 1.533596e-18
3.142982e+00 1.926388e-15 1.526214e-18
3.143647e+00 1.872379e-15 1.485563e-18
3.144312e+00 1.940957e-15 1.513950e-18
3.144977e+00 2.028185e-15 1.559084e-18
3.145642e+00 2.036240e-15 1.568862e-18
3.146307e+00 1.977932e-15 1.522293e-18
3.146972e+00 1.936007e-15 1.497709e-18
3.147637e+00 1.925097e-15 1.490502e-18
3.148302e+00 1.959372e-15 1.512226e-18
3.148967e+00 1.948589e-15 1.489289e-18
3.149632e+00 1.905627e-15 1.467468e-18
3.150297e+00 1.944484e-15 1.472810e-18
3.150962e+00 2.052538e-15 1.521068e-18
3.151627e+00 2.055760e-15 1.526077e-18
3.152292e+00 1.946264e-15 1.497578e-18
3.152957e+00 1.920897e-15 1.504482e-18
3.153622e+00 1.882318e-15 1.483094e-18
3.154287e+00 1.877956e-15 1.478767e-18
3.154952e+00 1.876910e-15 1.525362e-18
3.155617e+00 1.856148e-15 1.551024e-18
3.156282e+00 1.879700e-15 1.508956e-18
3.156947e+00 1.884796e-15 1.751030e-18
3.157612e+00 1.863731e-15 1.931280e-18
3.158277e+00 1.850339e-15 1.413476e-18
3.158942e+00 1.918304e-15 1.462509e-18
3.159607e+00 1.962867e-15 1.465562e-18
3.160272e+00 1.965932e-15 1.424488e-18
3.160937e+00 1.998414e-15 1.446805e-18
3.161602e+00 2.007860e-15 1.442648e-18
3.162267e+00 2.028737e-15 1.431268e-18
3.162932e+00 2.096524e-15 1.446491e-18
3.163597e+00 2.111669e-15 1.440034e-18
3.164262e+00 2.045428e-15 1.380737e-18
3.164927e+00 nan nan
3.165592e+00 1.934534e-15 1.610061e-18
3.166257e+00 1.913382e-15 1.319113e-18
3.166922e+00 1.897370e-15 1.295102e-18
3.167587e+00 1.908077e-15 1.285855e-18
3.168252e+00 1.942114e-15 1.296086e-18
3.168917e+00 1.948262e-15 1.294877e-18
3.169582e+00 1.949114e-15 1.284712e-18
3.170247e+00 1.977320e-15 1.298790e-18
3.170912e+00 1.969921e-15 1.305076e-18
3.171577e+00 1.917620e-15 1.286985e-18
3.172242e+00 1.878716e-15 1.351893e-18
3.172907e+00 1.901039e-15 1.357563e-18
3.173572e+00 1.943147e-15 1.388350e-18
3.174237e+00 1.939973e-15 1.331552e-18
3.174902e+00 1.898200e-15 1.329492e-18
3.175567e+00 1.931806e-15 1.345812e-18
3.176232e+00 1.892486e-15 1.331626e-18
3.176897e+00 1.825903e-15 1.317052e-18
3.177562e+00 1.873651e-15 1.358551e-18
3.178227e+00 1.871439e-15 1.350390e-18
3.178892e+00 1.864846e-15 1.352902e-18
3.179557e+00 1.879432e-15 1.374845e-18
3.180222e+00 1.952403e-15 1.432289e-18
3.180887e+00 1.909049e-15 1.512476e-18
3.181552e+00 1.942484e-15 1.509890e-18
3.182217e+00 2.051697e-15 1.644787e-18
3.182882e+00 2.096408e-15 1.584657e-18
3.183547e+00 2.074556e-15 1.596622e-18
3.184212e+00 2.029034e-15 1.845730e-18
3.184877e+00 1.965815e-15 1.660342e-18
3.185542e+00 1.943852e-15 1.699028e-18
3.186207e+00 1.936755e-15 1.635281e-18
3.186872e+00 1.963398e-15 1.606481e-18
3.187537e+00 2.042134e-15 1.676794e-18
3.188202e+00 2.049161e-15 1.685513e-18
3.188867e+00 1.924812e-15 1.660375e-18
3.189532e+00 1.827001e-15 1.606831e-18
3.190197e+00 1.870393e-15 1.587438e-18
3.190862e+00 2.023016e-15 1.652836e-18
3.191527e+00 2.025784e-15 1.641895e-18
3.192192e+00 1.995100e-15 1.602596e-18
3.192857e+00 1.903211e-15 1.553139e-18
3.193522e+00 1.874148e-15 1.554655e-18
3.194187e+00 1.842814e-15 1.789395e-18
3.194852e+00 1.830738e-15 1.803026e-18
3.195517e+00 1.898711e-15 1.589746e-18
3.196182e+00 1.908859e-15 1.615729e-18
3.196847e+00 1.898261e-15 1.898899e-18
3.197512e+00 1.931797e-15 1.663082e-18
3.198177e+00 1.901107e-15 1.616981e-18
3.198842e+00 1.888228e-15 1.596269e-18
3.199507e+00 1.836608e-15 1.555152e-18
3.200172e+00 1.829547e-15 1.543286e-18
3.200837e+00 1.827658e-15 1.513484e-18
3.201502e+00 1.781204e-15 1.446460e-18
3.202167e+00 1.734534e-15 1.407615e-18
3.202832e+00 1.784599e-15 1.439369e-18
3.203497e+00 1.844509e-15 1.443753e-18
3.204162e+00 1.851723e-15 1.454389e-18
3.204827e+00 1.902828e-15 1.477697e-18
3.205492e+00 1.994521e-15 1.486591e-18
3.206157e+00 2.086872e-15 1.511911e-18
3.206822e+00 2.103514e-15 1.527321e-18
3.207487e+00 2.052452e-15 1.501574e-18
3.208152e+00 2.010900e-15 1.456289e-18
3.208817e+00 2.005559e-15 1.460081e-18
3.209482e+00 2.016642e-15 1.537938e-18
3.210147e+00 2.025492e-15 1.593568e-18
3.210812e+00 1.990522e-15 1.604337e-18
3.211477e+00 1.970484e-15 1.608818e-18
3.212142e+00 1.897768e-15 1.524383e-18
3.212807e+00 1.877462e-15 1.574158e-18
3.213472e+00 1.998232e-15 1.676275e-18
3.214137e+00 2.008550e-15 1.694365e-18
3.214802e+00 1.897698e-15 1.590765e-18
3.215467e+00 1.928343e-15 1.578232e-18
3.216132e+00 2.005072e-15 1.609260e-18
3.216797e+00 2.032427e-15 1.663371e-18
3.217462e+00 1.978747e-15 1.654558e-18
3.218127e+00 1.884941e-15 1.577312e-18
3.218792e+00 1.889884e-15 1.510030e-18
3.219457e+00 1.932506e-15 1.479834e-18
3.220122e+00 1.937189e-15 1.478116e-18
3.220787e+00 1.910868e-15 1.428469e-18
3.221452e+00 1.909118e-15 1.374022e-18
3.222117e+00 1.935901e-15 1.359324e-18
3.222782e+00 1.920469e-15 1.444957e-18
3.223447e+00 1.904014e-15 1.593521e-18
3.224112e+00 1.876856e-15 1.560615e-18
3.224777e+00 1.919032e-15 1.584856e-18
3.225442e+00 2.017212e-15 1.415137e-18
3.226107e+00 1.950845e-15 1.553433e-18
3.226772e+00 1.913369e-15 1.321380e-18
3.227437e+00 1.928485e-15 1.313213e-18
3.228102e+00 1.911467e-15 1.302079e-18
3.228767e+00 1.862289e-15 1.299633e-18
3.229432e+00 1.905320e-15 1.334655e-18
3.230097e+00 2.005919e-15 1.354909e-18
3.230762e+00 2.083863e-15 1.395520e-18
3.231427e+00 2.088091e-15 1.401271e-18
3.232092e+00 1.968720e-15 1.355107e-18
3.232757e+00 1.932977e-15 1.400362e-18
3.233422e+00 1.967872e-15 1.439485e-18
3.234087e+00 1.988118e-15 1.476168e-18
3.234752e+00 2.003780e-15 1.497046e-18
3.235417e+00 1.982649e-15 1.498887e-18
3.236082e+00 1.977715e-15 1.509761e-18
3.236747e+00 1.975211e-15 1.527740e-18
3.237412e+00 1.922623e-15 1.792473e-18
3.238077e+00 1.938958e-15 1.823789e-18
3.238742e+00 1.985995e-15 1.587761e-18
3.239407e+00 nan nan
3.240072e+00 1.859572e-15 1.959352e-18
3.240737e+00 1.818701e-15 1.548275e-18
3.241402e+00 1.889369e-15 1.559448e-18
3.242067e+00 1.950642e-15 1.464568e-18
3.242732e+00 1.918573e-15 1.449777e-18
3.243397e+00 1.907538e-15 1.445088e-18
3.244062e+00 1.896575e-15 1.450830e-18
3.244727e+00 1.887007e-15 1.444611e-18
3.245392e+00 1.907294e-15 1.466964e-18
3.246057e+00 1.914994e-15 1.450985e-18
3.246722e+00 1.914812e-15 1.542513e-18
3.247387e+00 nan nan
3.248052e+00 nan nan
3.248717e+00 nan nan
3.249382e+00 1.978794e-15 1.587364e-18
3.250047e+00 1.983382e-15 1.551051e-18
3.250712e+00 2.122057e-15 2.060680e-18
3.251377e+00 1.971549e-15 1.591527e-18
3.252042e+00 1.997469e-15 1.585899e-18
3.252707e+00 1.991307e-15 1.615721e-18
3.253372e+00 nan nan
3.254037e+00 2.000333e-15 1.618400e-18
3.254702e+00 1.960651e-15 1.557815e-18
3.255367e+00 1.977197e-15 1.571583e-18
3.256032e+00 1.985371e-15 1.608997e-18
3.256697e+00 2.011230e-15 1.639475e-18
3.257362e+00 2.015169e-15 1.641990e-18
3.258027e+00 2.001758e-15 1.626723e-18
3.258692e+00 1.999384e-15 1.608049e-18
3.259357e+00 2.001715e-15 1.613330e-18
3.260022e+00 1.995506e-15 1.600034e-18
3.260687e+00 2.044830e-15 2.195108e-18
3.261352e+00 2.050593e-15 2.672803e-18
3.262017e+00 nan nan
3.262682e+00 nan nan
3.263347e+00 1.908762e-15 1.524795e-18
3.264012e+00 1.971169e-15 1.514652e-18
3.264677e+00 1.964763e-15 1.512104e-18
3.265342e+00 1.901320e-15 1.488564e-18
3.266007e+00 1.917501e-15 1.491717e-18
3.266672e+00 1.978696e-15 1.527629e-18
3.267337e+00 1.983363e-15 1.498283e-18
3.268002e+00 1.946151e-15 1.477726e-18
3.268667e+00 1.884652e-15 1.463472e-18
3.269332e+00 1.873380e-15 1.464156e-18
3.269997e+00 nan nan
3.270662e+00 1.940542e-15 1.754446e-18
3.271327e+00 1.934779e-15 1.440521e-18
3.271992e+00 1.967744e-15 1.448524e-18
3.272657e+00 2.014002e-15 1.481603e-18
3.273322e+00 1.998048e-15 1.487580e-18
3.273987e+00 1.938432e-15 1.463638e-18
3.274652e+00 1.921488e-15 1.471513e-18
3.275317e+00 1.898553e-15 1.458535e-18
3.275982e+00 1.865997e-15 1.657153e-18
3.276647e+00 1.900027e-15 1.682489e-18
3.277312e+00 1.931679e-15 1.690698e-18
3.277977e+00 1.912469e-15 1.486720e-18
3.278642e+00 1.894581e-15 1.472409e-18
3.279307e+00 1.930509e-15 1.523857e-18
3.279972e+00 1.931900e-15 1.531677e-18
3.280637e+00 1.880465e-15 1.513486e-18
3.281302e+00 1.846419e-15 1.475272e-18
3.281967e+00 1.882543e-15 1.476029e-18
3.282632e+00 1.940663e-15 1.499126e-18
3.283297e+00 1.977156e-15 1.492268e-18
3.283962e+00 1.994928e-15 1.502520e-18
3.284627e+00 1.987756e-15 1.461411e-18
3.285292e+00 2.001339e-15 1.432040e-18
3.285957e+00 1.973058e-15 1.420275e-18
3.286622e+00 1.911927e-15 1.427049e-18
3.287287e+00 1.836866e-15 1.472993e-18
3.287952e+00 1.817913e-15 1.561251e-18
3.288617e+00 1.902946e-15 1.660772e-18
3.289282e+00 2.005734e-15 1.666888e-18
3.289947e+00 nan nan
3.290612e+00 1.920147e-15 1.493355e-18
3.291277e+00 1.913485e-15 1.501029e-18
3.291942e+00 1.943088e-15 1.641327e-18
3.292607e+00 1.926643e-15 1.684283e-18
3.293272e+00 1.868212e-15 1.656087e-18
3.293937e+00 1.851703e-15 1.645492e-18
3.294602e+00 1.868209e-15 1.639529e-18
3.295267e+00 1.872933e-15 1.636780e-18
3.295932e+00 1.921443e-15 1.590943e-18
3.296597e+00 1.955399e-15 1.503338e-18
3.297262e+00 1.930979e-15 1.401236e-18
3.297927e+00 1.877431e-15 1.323417e-18
3.298592e+00 1.892323e-15 1.317670e-18
3.299257e+00 1.958823e-15 1.353939e-18
3.299922e+00 1.940830e-15 1.331159e-18
3.300587e+00 1.903154e-15 1.321595e-18
3.301252e+00 1.905039e-15 1.333894e-18
3.301917e+00 1.970075e-15 1.362911e-18
3.302582e+00 1.967572e-15 1.374253e-18
3.303247e+00 1.952273e-15 1.355302e-18
3.303912e+00 1.963920e-15 1.364701e-18
3.304577e+00 1.947419e-15 1.343214e-18
3.305242e+00 1.901498e-15 1.337738e-18
3.305907e+00 1.920453e-15 1.372181e-18
3.306572e+00 1.955396e-15 1.408096e-18
3.307237e+00 1.958961e-15 1.439264e-18
3.307902e+00 1.921815e-15 1.479919e-18
3.308567e+00 1.867602e-15 1.445182e-18
3.309232e+00 1.862221e-15 1.662048e-18
3.309897e+00 1.880255e-15 2.121778e-18
3.310562e+00 1.871027e-15 1.666579e-18
3.311227e+00 1.866770e-15 2.149347e-18
3.311892e+00 1.812264e-15 1.471960e-18
3.312557e+00 1.821100e-15 1.472932e-18
3.313222e+00 1.919025e-15 1.545525e-18
3.313887e+00 1.943675e-15 1.573488e-18
3.314552e+00 1.877995e-15 1.547915e-18
3.315217e+00 1.806404e-15 1.480781e-18
3.315882e+00 1.811817e-15 1.463928e-18
3.316547e+00 1.849307e-15 1.468931e-18
3.317212e+00 1.848360e-15 1.438724e-18
3.317877e+00 1.885024e-15 1.462877e-18
3.318542e+00 1.894750e-15 1.476097e-18
3.319207e+00 1.843034e-15 1.457227e-18
3.319872e+00 1.780466e-15 1.498316e-18
3.320537e+00 1.764081e-15 1.501215e-18
3.321202e+00 1.792292e-15 1.494310e-18
3.321867e+00 1.831420e-15 1.697892e-18
3.322532e+00 1.870957e-15 1.475138e-18
3.323197e+00 1.944668e-15 1.534596e-18
3.323862e+00 1.967900e-15 1.563332e-18
3.324527e+00 1.959390e-15 1.564044e-18
3.325192e+00 1.931623e-15 1.584024e-18
3.325857e+00 nan nan
3.326522e+00 nan nan
3.327187e+00 nan nan
3.327852e+00 1.836974e-15 1.693459e-18
3.328517e+00 1.903948e-15 2.052754e-18
3.329182e+00 1.931667e-15 1.697137e-18
3.329847e+00 1.934842e-15 1.701088e-18
3.330512e+00 1.948082e-15 1.681093e-18
3.331177e+00 1.948737e-15 1.689400e-18
3.331842e+00 1.940808e-15 1.697966e-18
3.332507e+00 1.918997e-15 1.682479e-18
3.333172e+00 1.884240e-15 1.632080e-18
3.333837e+00 1.904084e-15 1.546518e-18
3.334502e+00 1.929124e-15 1.486375e-18
3.335167e+00 1.910096e-15 1.484461e-18
3.335832e+00 1.856995e-15 1.456333e-18
3.336497e+00 1.825388e-15 1.436169e-18
3.337162e+00 1.796819e-15 1.422387e-18
3.337827e+00 1.783707e-15 1.414315e-18
3.338492e+00 1.788353e-15 1.402021e-18
3.339157e+00 1.801653e-15 1.423619e-18
3.339822e+00 1.806842e-15 1.436659e-18
3.340487e+00 1.796894e-15 1.406979e-18
3.341152e+00 1.811149e-15 1.398902e-18
3.341817e+00 1.860746e-15 1.419836e-18
3.342482e+00 1.862825e-15 1.426239e-18
3.343147e+00 1.850247e-15 1.419086e-18
3.343812e+00 1.803642e-15 1.385216e-18
3.344477e+00 1.816357e-15 1.386229e-18
3.345142e+00 1.820290e-15 1.386757e-18
3.345807e+00 1.836930e-15 1.402289e-18
3.346472e+00 1.844129e-15 1.383565e-18
3.347137e+00 1.866607e-15 1.420030e-18
3.347802e+00 1.870389e-15 1.412511e-18
3.348467e+00 1.873641e-15 1.427325e-18
3.349132e+00 1.898152e-15 1.442200e-18
3.349797e+00 1.901870e-15 1.404597e-18
3.350462e+00 1.904982e-15 1.437085e-18
3.351127e+00 1.904762e-15 1.466046e-18
3.351792e+00 1.922222e-15 1.485679e-18
3.352457e+00 1.941812e-15 1.503904e-18
3.353122e+00 1.913879e-15 1.514984e-18
3.353787e+00 1.837155e-15 1.640052e-18
3.354452e+00 1.786453e-15 1.637673e-18
3.355117e+00 1.783670e-15 1.633474e-18
3.355782e+00 1.807873e-15 1.473957e-18
3.356447e+00 1.822921e-15 1.477845e-18
3.357112e+00 1.816469e-15 1.438366e-18
3.357777e+00 1.821939e-15 1.434036e-18
3.358442e+00 1.847271e-15 1.437776e-18
3.359107e+00 1.905587e-15 1.449748e-18
3.359772e+00 1.937456e-15 1.486368e-18
3.360437e+00 1.933686e-15 1.504604e-18
3.361102e+00 1.872303e-15 1.451358e-18
3.361767e+00 1.869541e-15 1.390986e-18
3.362432e+00 1.894463e-15 1.387628e-18
3.363097e+00 1.860546e-15 1.392853e-18
3.363762e+00 1.860391e-15 1.405098e-18
3.364427e+00 1.848042e-15 1.347483e-18
3.365092e+00 1.893413e-15 1.356303e-18
3.365757e+00 1.927322e-15 2.625246e-18
3.366422e+00 1.921894e-15 1.381662e-18
3.367087e+00 1.942245e-15 1.329373e-18
3.367752e+00 1.890786e-15 1.306653e-18
3.368417e+00 1.856912e-15 1.298353e-18
3.369082e+00 1.855982e-15 1.312948e-18
3.369747e+00 1.831894e-15 1.321579e-18
3.370412e+00 1.841098e-15 1.294681e-18
3.371077e+00 1.866229e-15 1.304931e-18
3.371742e+00 1.855882e-15 1.313045e-18
3.372407e+00 1.859773e-15 1.316980e-18
3.373072e+00 1.854475e-15 1.305079e-18
3.373737e+00 1.931913e-15 1.524472e-18
3.374402e+00 1.915952e-15 1.320932e-18
3.375067e+00 1.901436e-15 1.311725e-18
3.375732e+00 1.896238e-15 1.309360e-18
3.376397e+00 1.849272e-15 1.303644e-18
3.377062e+00 1.796536e-15 1.274392e-18
3.377727e+00 1.789658e-15 1.267214e-18
3.378392e+00 1.816529e-15 1.843801e-18
3.379057e+00 1.845939e-15 1.808286e-18
3.379722e+00 1.830477e-15 1.256030e-18
3.380387e+00 1.853185e-15 1.292382e-18
3.381052e+00 1.878335e-15 1.328095e-18
3.381717e+00 1.817120e-15 1.280703e-18
3.382382e+00 1.836222e-15 1.288268e-18
3.383047e+00 1.885681e-15 1.309888e-18
3.383712e+00 1.860832e-15 1.303258e-18
3.384377e+00 1.837426e-15 1.285791e-18
3.385042e+00 1.799839e-15 1.300646e-18
3.385707e+00 1.790672e-15 1.475048e-18
3.386372e+00 1.805481e-15 1.287382e-18
3.387037e+00 1.866558e-15 1.340608e-18
3.387702e+00 1.891145e-15 1.370271e-18
3.388367e+00 1.868268e-15 1.336784e-18
3.389032e+00 1.860357e-15 1.334621e-18
3.389697e+00 1.873285e-15 1.374717e-18
3.390362e+00 1.940893e-15 1.394836e-18
3.391027e+00 1.971795e-15 1.391102e-18
3.391692e+00 1.980902e-15 1.412779e-18
3.392357e+00 1.910847e-15 1.449344e-18
3.393022e+00 1.811817e-15 1.516462e-18
3.393687e+00 1.761893e-15 1.532647e-18
3.394352e+00 1.821591e-15 1.833121e-18
3.395017e+00 1.870353e-15 1.884350e-18
3.395682e+00 1.848607e-15 1.598715e-18
3.396347e+00 1.812560e-15 1.604578e-18
3.397012e+00 1.821485e-15 1.637179e-18
3.397677e+00 1.852015e-15 1.643360e-18
3.398342e+00 1.873596e-15 1.629300e-18
3.399007e+00 1.865548e-15 1.590492e-18
3.399672e+00 1.843963e-15 1.517782e-18
3.400337e+00 1.821627e-15 1.467088e-18
3.401002e+00 1.767106e-15 1.418328e-18
3.401667e+00 1.791880e-15 1.426960e-18
3.402332e+00 1.850363e-15 1.415702e-18
3.402997e+00 1.840273e-15 1.407417e-18
3.403662e+00 1.792356e-15 1.405433e-18
3.404327e+00 1.802578e-15 1.403080e-18
3.404992e+00 1.857129e-15 1.437448e-18
3.405657e+00 1.829398e-15 1.426288e-18
3.406322e+00 1.858491e-15 1.432304e-18
3.406987e+00 1.960681e-15 1.718024e-18
3.407652e+00 1.910558e-15 1.438832e-18
3.408317e+00 1.796979e-15 1.384634e-18
3.408982e+00 1.767772e-15 1.374565e-18
3.409647e+00 1.801638e-15 1.387296e-18
3.410312e+00 1.859767e-15 1.410762e-18
3.410977e+00 1.897558e-15 1.406163e-18
3.411642e+00 1.890787e-15 1.386779e-18
3.412307e+00 1.865803e-15 1.387450e-18
3.412972e+00 1.865151e-15 1.378824e-18
3.413637e+00 1.881117e-15 3.170734e-18
3.414302e+00 1.774017e-15 1.374580e-18
3.414967e+00 1.781510e-15 1.395888e-18
3.415632e+00 1.792425e-15 1.379307e-18
3.416297e+00 1.815423e-15 1.337062e-18
3.416962e+00 1.803242e-15 1.331812e-18
3.417627e+00 1.793022e-15 1.309815e-18
3.418292e+00 1.767252e-15 1.295931e-18
3.418957e+00 1.771392e-15 1.316492e-18
3.419622e+00 1.787153e-15 1.331478e-18
3.420287e+00 1.812957e-15 1.344900e-18
3.420952e+00 1.825154e-15 1.340780e-18
3.421617e+00 1.843187e-15 1.358500e-18
3.422282e+00 1.840761e-15 1.360264e-18
3.422947e+00 1.851691e-15 1.354759e-18
3.423612e+00 1.870225e-15 1.368995e-18
3.424277e+00 1.828165e-15 1.357904e-18
3.424942e+00 1.787589e-15 1.400545e-18
3.425607e+00 1.809022e-15 1.496450e-18
3.426272e+00 1.852989e-15 1.594171e-18
3.426937e+00 1.878861e-15 1.858138e-18
3.427602e+00 1.836833e-15 1.696985e-18
3.428267e+00 1.804463e-15 1.687549e-18
3.428932e+00 1.805891e-15 1.676105e-18
3.429597e+00 1.843810e-15 1.705270e-18
3.430262e+00 1.846843e-15 1.710991e-18
3.430927e+00 1.825652e-15 1.707034e-18
3.431592e+00 1.861553e-15 1.704495e-18
3.432257e+00 1.907933e-15 1.695495e-18
3.432922e+00 1.899914e-15 1.676323e-18
3.433587e+00 1.828044e-15 1.620048e-18
3.434252e+00 1.784123e-15 1.605815e-18
3.434917e+00 1.832367e-15 1.633715e-18
3.435582e+00 1.848174e-15 1.646866e-18
3.436247e+00 1.807426e-15 1.616054e-18
3.436912e+00 1.797289e-15 1.606325e-18
3.437577e+00 1.827079e-15 1.630961e-18
3.438242e+00 1.837995e-15 1.653851e-18
3.438907e+00 1.862881e-15 1.567819e-18
3.439572e+00 1.867713e-15 2.138394e-18
3.440237e+00 1.816281e-15 2.067890e-18
3.440902e+00 1.799784e-15 1.510786e-18
3.441567e+00 1.826701e-15 1.500157e-18
3.442232e+00 1.843296e-15 1.419041e-18
3.442897e+00 1.778884e-15 1.373187e-18
3.443562e+00 1.776549e-15 1.359199e-18
3.444227e+00 1.809506e-15 1.338669e-18
3.444892e+00 1.785828e-15 1.313208e-18
3.445557e+00 1.787541e-15 1.308679e-18
3.446222e+00 1.811749e-15 1.289360e-18
3.446887e+00 1.832655e-15 1.277681e-18
3.447552e+00 1.892793e-15 1.287825e-18
3.448217e+00 1.874968e-15 1.274049e-18
3.448882e+00 1.848430e-15 1.258623e-18
3.449547e+00 1.893243e-15 1.283157e-18
3.450212e+00 1.928525e-15 1.302110e-18
3.450877e+00 1.898490e-15 1.303820e-18
3.451542e+00 1.827060e-15 1.270189e-18
3.452207e+00 1.774894e-15 1.283161e-18
3.452872e+00 1.802745e-15 1.271976e-18
3.453537e+00 1.832744e-15 1.258463e-18
3.454202e+00 1.851619e-15 1.246537e-18
3.454867e+00 1.857229e-15 1.253787e-18
3.455532e+00 1.848649e-15 1.234256e-18
3.456197e+00 1.793655e-15 1.226214e-18
3.456862e+00 1.776329e-15 1.256758e-18
3.457527e+00 1.770100e-15 1.259457e-18
3.458192e+00 1.758386e-15 1.243843e-18
3.458857e+00 1.756514e-15 1.235173e-18
3.459522e+00 1.766345e-15 1.460384e-18
3.460187e+00 1.810152e-15 1.476033e-18
3.460852e+00 1.864981e-15 1.554512e-18
3.461517e+00 1.870451e-15 1.585933e-18
3.462182e+00 1.831690e-15 1.281054e-18
3.462847e+00 1.822571e-15 1.248711e-18
3.463512e+00 1.860055e-15 1.286338e-18
3.464177e+00 1.882200e-15 1.336142e-18
3.464842e+00 1.822153e-15 1.325539e-18
3.465507e+00 1.770749e-15 1.309283e-18
3.466172e+00 1.833325e-15 1.350753e-18
3.466837e+00 1.887776e-15 1.389481e-18
3.467502e+00 1.900003e-15 1.465856e-18
3.468167e+00 1.857119e-15 1.531819e-18
3.468832e+00 1.835038e-15 1.508577e-18
3.469497e+00 1.848500e-15 1.525732e-18
3.470162e+00 1.868869e-15 1.502568e-18
3.470827e+00 1.847139e-15 1.462749e-18
3.471492e+00 1.804058e-15 1.420755e-18
3.472157e+00 1.842297e-15 1.444871e-18
3.472822e+00 1.897347e-15 1.478872e-18
3.473487e+00 1.846931e-15 1.469816e-18
3.474152e+00 1.777908e-15 1.404521e-18
3.474817e+00 1.742329e-15 1.378849e-18
3.475482e+00 1.742953e-15 1.598182e-18
3.476147e+00 1.830469e-15 2.006074e-18
3.476812e+00 1.815929e-15 1.380510e-18
3.477477e+00 1.780146e-15 1.362062e-18
3.478142e+00 1.768671e-15 1.373580e-18
3.478807e+00 1.807859e-15 1.377358e-18
3.479472e+00 1.850152e-15 1.395127e-18
3.480137e+00 1.844433e-15 1.382510e-18
3.480802e+00 1.785096e-15 1.335585e-18
3.481467e+00 1.759623e-15 1.309671e-18
3.482132e+00 1.805242e-15 1.553321e-18
3.482797e+00 1.810800e-15 1.536752e-18
3.483462e+00 1.829207e-15 1.325335e-18
3.484127e+00 1.852605e-15 1.359914e-18
3.484792e+00 1.761203e-15 1.330755e-18
3.485457e+00 1.761040e-15 1.330562e-18
3.486122e+00 1.794114e-15 1.354943e-18
3.486787e+00 1.768535e-15 1.328934e-18
3.487452e+00 1.773845e-15 1.326006e-18
3.488117e+00 1.788408e-15 1.332274e-18
3.488782e+00 1.839288e-15 1.345105e-18
3.489447e+00 1.850931e-15 1.853829e-18
3.490112e+00 1.814607e-15 1.302138e-18
3.490777e+00 1.748023e-15 1.870773e-18
3.491442e+00 1.700394e-15 1.518838e-18
3.492107e+00 1.677174e-15 1.271238e-18
3.492772e+00 1.684554e-15 1.270003e-18
3.493437e+00 1.733904e-15 1.767985e-18
3.494102e+00 1.775940e-15 1.316477e-18
3.494767e+00 1.815686e-15 1.316476e-18
3.495432e+00 1.835636e-15 1.327655e-18
3.496097e+00 1.826409e-15 1.326686e-18
3.496762e+00 1.805121e-15 1.327254e-18
3.497427e+00 1.784174e-15 1.322496e-18
3.498092e+00 1.764659e-15 1.309236e-18
3.498757e+00 1.706379e-15 1.291194e-18
3.499422e+00 1.698604e-15 1.291355e-18
3.500087e+00 1.765396e-15 1.317753e-18
3.500752e+00 1.808869e-15 1.343719e-18
3.501417e+00 1.805414e-15 1.343497e-18
3.502082e+00 1.867261e-15 1.386044e-18
3.502747e+00 1.928452e-15 1.438662e-18
3.503412e+00 1.904377e-15 1.424682e-18
3.504077e+00 1.857645e-15 1.413699e-18
3.504742e+00 1.825935e-15 1.402061e-18
3.505407e+00 1.782141e-15 1.388894e-18
3.506072e+00 1.848763e-15 1.471707e-18
3.506737e+00 1.887620e-15 1.593355e-18
3.507402e+00 1.864160e-15 1.885401e-18
3.508067e+00 1.779834e-15 1.567305e-18
3.508732e+00 1.786303e-15 1.572958e-18
3.509397e+00 1.853323e-15 1.638553e-18
3.510062e+00 1.811378e-15 1.630361e-18
3.510727e+00 1.766788e-15 1.591326e-18
3.511392e+00 1.767371e-15 1.562400e-18
3.512057e+00 1.769853e-15 1.548549e-18
3.512722e+00 1.819216e-15 1.593030e-18
3.513387e+00 1.862309e-15 1.623251e-18
3.514052e+00 1.814209e-15 1.574317e-18
3.514717e+00 1.852998e-15 1.604902e-18
3.515382e+00 1.845673e-15 1.580650e-18
3.516047e+00 1.837263e-15 1.554091e-18
3.516712e+00 1.827388e-15 1.532609e-18
3.517377e+00 1.823686e-15 1.518937e-18
3.518042e+00 1.833250e-15 1.474488e-18
3.518707e+00 1.748802e-15 1.420704e-18
3.519372e+00 1.709520e-15 1.391309e-18
3.520037e+00 1.744772e-15 1.344372e-18
3.520702e+00 1.779893e-15 1.311275e-18
3.521367e+00 1.790564e-15 1.319091e-18
3.522032e+00 1.813143e-15 1.322602e-18
3.522697e+00 1.786079e-15 1.293451e-18
3.523362e+00 1.792460e-15 1.301474e-18
3.524027e+00 1.813264e-15 1.294013e-18
3.524692e+00 1.799651e-15 1.274184e-18
3.525357e+00 1.810783e-15 1.281645e-18
3.526022e+00 1.833091e-15 1.280515e-18
3.526687e+00 1.796905e-15 1.252820e-18
3.527352e+00 1.744736e-15 1.230720e-18
3.528017e+00 1.746402e-15 1.218792e-18
3.528682e+00 1.763476e-15 1.211352e-18
3.529347e+00 1.802662e-15 1.210297e-18
3.530012e+00 1.850535e-15 1.260753e-18
3.530677e+00 1.878426e-15 1.285380e-18
3.531342e+00 1.864502e-15 1.269086e-18
3.532007e+00 1.854669e-15 1.269443e-18
3.532672e+00 1.873259e-15 1.277818e-18
3.533337e+00 1.859800e-15 1.482921e-18
3.534002e+00 1.865144e-15 1.269937e-18
3.534667e+00 1.889446e-15 1.275052e-18
3.535332e+00 1.860706e-15 1.265396e-18
3.535997e+00 1.836918e-15 1.233978e-18
3.536662e+00 1.813434e-15 1.203099e-18
3.537327e+00 1.791717e-15 1.207703e-18
3.537992e+00 1.789271e-15 1.220730e-18
3.538657e+00 1.785363e-15 1.222076e-18
3.539322e+00 1.803626e-15 1.227521e-18
3.539987e+00 1.822542e-15 1.227601e-18
3.540652e+00 1.871584e-15 1.249755e-18
3.541317e+00 1.836536e-15 1.228523e-18
3.541982e+00 1.804245e-15 1.221356e-18
3.542647e+00 1.843934e-15 1.240097e-18
3.543312e+00 1.821086e-15 1.228150e-18
3.543977e+00 1.716608e-15 2.921979e-18
3.544642e+00 1.686588e-15 1.850867e-18
3.545307e+00 1.761374e-15 1.230746e-18
3.545972e+00 1.797894e-15 1.242773e-18
3.546637e+00 1.848087e-15 1.270083e-18
3.547302e+00 1.863558e-15 1.281481e-18
3.547967e+00 1.876669e-15 1.294383e-18
3.548632e+00 1.885166e-15 1.291248e-18
3.549297e+00 1.892821e-15 1.287695e-18
3.549962e+00 1.866694e-15 1.302559e-18
3.550627e+00 1.853099e-15 1.303463e-18
3.551292e+00 1.849529e-15 1.289540e-18
3.551957e+00 1.843356e-15 1.285374e-18
3.552622e+00 1.800281e-15 1.285491e-18
3.553287e+00 1.782852e-15 1.269687e-18
3.553952e+00 1.792429e-15 1.284116e-18
3.554617e+00 1.824267e-15 1.287191e-18
3.555282e+00 1.844694e-15 1.288427e-18
3.555947e+00 1.815557e-15 1.259143e-18
3.556612e+00 1.806925e-15 1.300266e-18
3.557277e+00 1.819134e-15 1.321515e-18
3.557942e+00 1.823751e-15 1.366488e-18
3.558607e+00 1.834386e-15 1.371938e-18
3.559272e+00 1.852654e-15 1.383880e-18
3.559937e+00 1.822140e-15 1.338777e-18
3.560602e+00 1.815811e-15 1.345206e-18
3.561267e+00 1.797937e-15 1.357038e-18
3.561932e+00 1.784887e-15 1.338018e-18
3.562597e+00 1.839223e-15 1.515946e-18
3.563262e+00 1.846775e-15 1.283830e-18
3.563927e+00 1.828702e-15 1.243032e-18
3.564592e+00 1.794997e-15 1.235048e-18
3.565257e+00 1.829485e-15 1.250089e-18
3.565922e+00 1.876271e-15 1.266932e-18
3.566587e+00 1.880044e-15 1.269060e-18
3.567252e+00 1.853524e-15 1.242173e-18
3.567917e+00 1.803166e-15 1.224925e-18
3.568582e+00 1.786371e-15 1.206533e-18
3.569247e+00 1.807290e-15 1.231294e-18
3.569912e+00 1.785404e-15 1.228930e-18
3.570577e+00 1.749735e-15 1.219657e-18
3.571242e+00 1.787421e-15 1.228930e-18
3.571907e+00 1.821762e-15 1.238149e-18
3.572572e+00 1.836520e-15 1.246135e-18
3.573237e+00 1.858207e-15 1.239545e-18
3.573902e+00 1.862899e-15 1.253958e-18
3.574567e+00 1.832222e-15 1.278339e-18
3.575232e+00 1.790387e-15 1.273970e-18
3.575897e+00 1.792826e-15 1.274492e-18
3.576562e+00 1.791868e-15 1.275472e-18
3.577227e+00 1.803644e-15 1.271474e-18
3.577892e+00 1.856573e-15 1.309570e-18
3.578557e+00 1.829141e-15 1.281992e-18
3.579222e+00 1.821874e-15 1.261350e-18
3.579887e+00 1.857002e-15 1.274895e-18
3.580552e+00 1.853651e-15 1.289035e-18
3.581217e+00 1.798233e-15 2.679267e-18
3.581882e+00 1.797746e-15 1.314001e-18
3.582547e+00 1.788253e-15 1.297041e-18
3.583212e+00 1.816346e-15 1.324521e-18
3.583877e+00 1.839814e-15 1.587203e-18
3.584542e+00 1.832370e-15 1.573726e-18
3.585207e+00 1.843813e-15 1.335066e-18
3.585872e+00 1.772440e-15 1.306038e-18
3.586537e+00 1.790611e-15 1.519571e-18
3.587202e+00 1.813123e-15 1.355942e-18
3.587867e+00 1.818308e-15 1.334467e-18
3.588532e+00 1.826302e-15 1.404716e-18
3.589197e+00 1.842530e-15 1.638928e-18
3.589862e+00 1.872771e-15 1.501523e-18
3.590527e+00 1.868369e-15 1.490133e-18
3.591192e+00 1.822696e-15 1.479683e-18
3.591857e+00 1.819745e-15 1.449889e-18
3.592522e+00 1.826681e-15 1.414809e-18
3.593187e+00 1.804865e-15 1.401850e-18
3.593852e+00 1.815889e-15 1.423134e-18
3.594517e+00 1.840698e-15 1.420414e-18
3.595182e+00 1.796100e-15 1.362776e-18
3.595847e+00 1.803677e-15 1.382593e-18
3.596512e+00 1.810039e-15 1.392248e-18
3.597177e+00 1.732672e-15 1.377876e-18
3.597842e+00 1.773278e-15 1.565550e-18
3.598507e+00 1.839149e-15 1.380284e-18
3.599172e+00 1.852018e-15 1.373372e-18
3.599837e+00 1.838046e-15 1.360975e-18
3.600502e+00 1.772704e-15 1.319142e-18
3.601167e+00 nan nan
3.601832e+00 1.704398e-15 1.540642e-18
3.602497e+00 1.699867e-15 1.326654e-18
3.603162e+00 1.740002e-15 1.325627e-18
3.603827e+00 1.809462e-15 1.317536e-18
3.604492e+00 1.854179e-15 1.335907e-18
3.605157e+00 1.882697e-15 1.347293e-18
3.605822e+00 1.855855e-15 1.342850e-18
3.606487e+00 1.821218e-15 1.602482e-18
3.607152e+00 1.862706e-15 1.339220e-18
3.607817e+00 1.873379e-15 1.313374e-18
3.608482e+00 1.806396e-15 1.285477e-18
3.609147e+00 1.814138e-15 1.288985e-18
3.609812e+00 1.881906e-15 1.305116e-18
3.610477e+00 1.873748e-15 1.290993e-18
3.611142e+00 1.824160e-15 1.273571e-18
3.611807e+00 1.826261e-15 1.664721e-18
3.612472e+00 1.816297e-15 1.653844e-18
3.613137e+00 1.775728e-15 1.244955e-18
3.613802e+00 1.774140e-15 1.251064e-18
3.614467e+00 1.792018e-15 1.935689e-18
3.615132e+00 1.822092e-15 1.278681e-18
3.615797e+00 1.808413e-15 1.471159e-18
3.616462e+00 1.781018e-15 1.564138e-18
3.617127e+00 1.755211e-15 1.540685e-18
3.617792e+00 1.804307e-15 1.361971e-18
3.618457e+00 1.847673e-15 1.335651e-18
3.619122e+00 1.834228e-15 1.636313e-18
3.619787e+00 nan nan
3.620452e+00 1.862783e-15 1.532787e-18
3.621117e+00 1.832462e-15 1.531938e-18
3.621782e+00 1.780481e-15 1.507916e-18
3.622447e+00 1.770878e-15 1.422929e-18
3.623112e+00 1.769006e-15 1.440359e-18
3.623777e+00 1.771088e-15 1.459368e-18
3.624442e+00 1.769646e-15 1.455631e-18
3.625107e+00 1.806855e-15 1.465804e-18
3.625772e+00 1.761059e-15 1.457955e-18
3.626437e+00 1.763786e-15 1.453800e-18
3.627102e+00 1.809358e-15 1.485581e-18
3.627767e+00 1.876543e-15 1.524876e-18
3.628432e+00 1.880637e-15 1.530526e-18
3.629097e+00 1.873729e-15 1.533014e-18
3.629762e+00 1.883523e-15 1.545886e-18
3.630427e+00 1.848177e-15 2.058984e-18
3.631092e+00 1.789182e-15 1.464111e-18
3.631757e+00 1.784465e-15 1.697263e-18
3.632422e+00 1.804867e-15 1.672856e-18
3.633087e+00 1.789076e-15 1.659131e-18
3.633752e+00 1.777189e-15 1.358328e-18
3.634417e+00 1.824866e-15 1.378943e-18
3.635082e+00 1.814768e-15 1.764154e-18
3.635747e+00 1.756953e-15 1.324932e-18
3.636412e+00 1.708440e-15 1.287226e-18
3.637077e+00 1.706313e-15 1.299684e-18
3.637742e+00 1.760991e-15 1.592431e-18
3.638407e+00 1.800060e-15 1.332344e-18
3.639072e+00 1.837115e-15 1.335602e-18
3.639737e+00 1.808014e-15 1.316607e-18
3.640402e+00 1.754675e-15 1.314797e-18
3.641067e+00 1.768985e-15 1.375927e-18
3.641732e+00 1.795983e-15 1.425632e-18
3.642397e+00 1.817800e-15 1.427715e-18
3.643062e+00 1.856862e-15 1.448908e-18
3.643727e+00 1.882473e-15 1.412828e-18
3.644392e+00 1.876686e-15 1.361317e-18
3.645057e+00 1.854653e-15 1.388374e-18
3.645722e+00 1.826675e-15 1.420202e-18
3.646387e+00 1.777783e-15 1.411228e-18
3.647052e+00 1.762073e-15 1.393519e-18
3.647717e+00 1.773609e-15 1.359268e-18
3.648382e+00 1.781711e-15 1.335835e-18
3.649047e+00 1.790439e-15 1.335189e-18
3.649712e+00 1.770452e-15 1.316440e-18
3.650377e+00 1.761446e-15 1.259899e-18
3.651042e+00 1.765976e-15 1.217344e-18
3.651707e+00 1.749534e-15 1.205848e-18
3.652372e+00 1.756061e-15 1.196741e-18
3.653037e+00 1.771685e-15 1.227605e-18
3.653702e+00 1.782760e-15 1.690508e-18
3.654367e+00 1.783338e-15 1.673554e-18
3.655032e+00 1.769029e-15 1.234313e-18
3.655697e+00 1.796495e-15 1.234245e-18
3.656362e+00 1.812669e-15 1.252083e-18
3.657027e+00 1.792400e-15 1.257890e-18
3.657692e+00 1.750087e-15 1.226042e-18
3.658357e+00 1.728076e-15 1.241699e-18
3.659022e+00 1.750028e-15 1.261132e-18
3.659687e+00 1.744546e-15 1.427166e-18
3.660352e+00 1.768712e-15 1.274869e-18
3.661017e+00 1.771133e-15 1.279305e-18
3.661682e+00 1.762473e-15 1.285119e-18
3.662347e+00 1.753594e-15 1.309317e-18
3.663012e+00 1.775510e-15 1.299687e-18
3.663677e+00 1.770282e-15 1.288809e-18
3.664342e+00 1.742498e-15 1.302603e-18
3.665007e+00 1.765458e-15 1.299939e-18
3.665672e+00 1.789505e-15 1.278112e-18
3.666337e+00 1.818619e-15 1.289830e-18
3.667002e+00 1.814705e-15 1.302148e-18
3.667667e+00 1.828975e-15 1.308878e-18
3.668332e+00 1.839529e-15 1.316558e-18
3.668997e+00 1.817227e-15 1.439486e-18
3.669662e+00 1.808271e-15 1.583264e-18
3.670327e+00 1.814088e-15 1.629639e-18
3.670992e+00 1.815275e-15 1.671354e-18
3.671657e+00 1.812171e-15 1.634912e-18
3.672322e+00 1.799652e-15 1.770614e-18
3.672987e+00 1.771596e-15 1.725063e-18
3.673652e+00 1.765847e-15 1.755398e-18
3.674317e+00 1.783101e-15 1.555801e-18
3.674982e+00 1.788155e-15 1.565788e-18
3.675647e+00 1.757950e-15 1.563865e-18
3.676312e+00 1.786843e-15 1.561613e-18
3.676977e+00 1.798367e-15 1.527125e-18
3.677642e+00 1.740179e-15 2.134759e-18
3.678307e+00 1.764700e-15 1.695527e-18
3.678972e+00 1.773795e-15 1.362358e-18
3.679637e+00 1.759352e-15 1.328440e-18
3.680302e+00 1.737013e-15 1.268368e-18
3.680967e+00 1.788490e-15 1.265607e-18
3.681632e+00 1.798822e-15 1.272436e-18
3.682297e+00 1.789972e-15 1.275575e-18
3.682962e+00 1.802407e-15 1.277311e-18
3.683627e+00 1.783892e-15 1.264239e-18
3.684292e+00 1.752376e-15 1.255222e-18
3.684957e+00 1.784643e-15 1.260050e-18
3.685622e+00 1.811568e-15 1.291191e-18
3.686287e+00 1.814884e-15 1.287627e-18
3.686952e+00 1.812099e-15 1.305977e-18
3.687617e+00 1.789821e-15 1.805411e-18
3.688282e+00 1.775285e-15 1.530693e-18
3.688947e+00 1.771269e-15 1.305581e-18
3.689612e+00 1.773145e-15 1.294103e-18
3.690277e+00 1.752763e-15 1.301424e-18
3.690942e+00 1.764925e-15 1.530494e-18
3.691607e+00 1.735410e-15 1.540486e-18
3.692272e+00 1.692158e-15 2.767822e-18
3.692937e+00 nan nan
3.693602e+00 1.761844e-15 1.611489e-18
3.694267e+00 1.721330e-15 1.330743e-18
3.694932e+00 1.763677e-15 1.343823e-18
3.695597e+00 1.788578e-15 1.312893e-18
3.696262e+00 1.770493e-15 1.294496e-18
3.696927e+00 1.797456e-15 1.260575e-18
3.697592e+00 1.779764e-15 1.226999e-18
3.698257e+00 1.764653e-15 1.203588e-18
3.698922e+00 1.749673e-15 1.201981e-18
3.699587e+00 1.737070e-15 1.181801e-18
3.700252e+00 1.732493e-15 1.210382e-18
3.700917e+00 1.750857e-15 1.212492e-18
3.701582e+00 1.769883e-15 1.203624e-18
3.702247e+00 1.812763e-15 1.224028e-18
3.702912e+00 1.790958e-15 1.211659e-18
3.703577e+00 1.776765e-15 1.199039e-18
3.704242e+00 1.777824e-15 1.414160e-18
3.704907e+00 1.778318e-15 1.294692e-18
3.705572e+00 1.775964e-15 1.309910e-18
3.706237e+00 1.783349e-15 1.228273e-18
3.706902e+00 1.762221e-15 1.230225e-18
3.707567e+00 1.729532e-15 1.369784e-18
3.708232e+00 1.681473e-15 2.315927e-18
3.708897e+00 1.699418e-15 1.385205e-18
3.709562e+00 1.727376e-15 1.214439e-18
3.710227e+00 1.780463e-15 1.256452e-18
3.710892e+00 1.817357e-15 1.463333e-18
3.711557e+00 1.807686e-15 1.300986e-18
3.712222e+00 1.808151e-15 1.329449e-18
3.712887e+00 1.773603e-15 1.362426e-18
3.713552e+00 1.739180e-15 1.313155e-18
3.714217e+00 1.735035e-15 1.271705e-18
3.714882e+00 1.761156e-15 1.272956e-18
3.715547e+00 1.757316e-15 1.272798e-18
3.716212e+00 1.755644e-15 1.454575e-18
3.716877e+00 1.811670e-15 1.532062e-18
3.717542e+00 1.751609e-15 1.487768e-18
3.718207e+00 1.754115e-15 1.624875e-18
3.718872e+00 1.761156e-15 1.602115e-18
3.719537e+00 nan nan
3.720202e+00 1.772209e-15 1.528957e-18
3.720867e+00 1.769407e-15 1.475255e-18
3.721532e+00 1.775409e-15 1.408209e-18
3.722197e+00 1.768769e-15 1.354963e-18
3.722862e+00 1.731941e-15 1.558832e-18
3.723527e+00 nan nan
3.724192e+00 nan nan
3.724857e+00 nan nan
3.725522e+00 nan nan
3.726187e+00 1.720629e-15 1.278626e-18
3.726852e+00 1.749523e-15 1.274849e-18
3.727517e+00 1.794046e-15 1.267257e-18
3.728182e+00 1.800721e-15 1.241565e-18
3.728847e+00 1.785426e-15 1.242845e-18
3.729512e+00 1.799611e-15 1.267773e-18
3.730177e+00 nan nan
3.730842e+00 nan nan
3.731507e+00 1.760893e-15 1.258666e-18
3.732172e+00 1.716559e-15 1.236329e-18
3.732837e+00 1.706235e-15 1.235663e-18
3.733502e+00 1.687913e-15 1.217502e-18
3.734167e+00 1.694920e-15 1.237887e-18
3.734832e+00 1.711454e-15 1.245944e-18
3.735497e+00 1.711237e-15 1.295432e-18
3.736162e+00 1.747747e-15 1.361118e-18
3.736827e+00 1.754277e-15 1.623194e-18
3.737492e+00 1.746645e-15 1.735452e-18
3.738157e+00 1.749520e-15 1.624879e-18
3.738822e+00 1.793088e-15 1.913953e-18
3.739487e+00 1.834582e-15 1.724462e-18
3.740152e+00 1.806577e-15 1.678666e-18
3.740817e+00 1.804620e-15 2.436663e-18
3.741482e+00 1.797498e-15 1.721484e-18
3.742147e+00 1.736034e-15 1.662395e-18
3.742812e+00 1.720387e-15 1.633386e-18
3.743477e+00 1.739063e-15 1.533277e-18
3.744142e+00 1.740142e-15 1.402942e-18
3.744807e+00 1.692343e-15 1.334069e-18
3.745472e+00 1.647656e-15 1.295719e-18
3.746137e+00 1.710587e-15 1.317371e-18
3.746802e+00 1.769794e-15 1.309406e-18
3.747467e+00 1.764370e-15 1.252227e-18
3.748132e+00 1.735332e-15 1.226389e-18
3.748797e+00 1.747034e-15 1.214671e-18
3.749462e+00 1.765609e-15 1.213287e-18
3.750127e+00 1.761634e-15 1.212528e-18
3.750792e+00 1.755866e-15 1.216917e-18
3.751457e+00 1.761520e-15 1.213546e-18
3.752122e+00 nan nan
3.752787e+00 nan nan
3.753452e+00 1.737355e-15 1.214089e-18
3.754117e+00 1.731130e-15 1.192422e-18
3.754782e+00 1.732088e-15 1.191943e-18
3.755447e+00 1.735783e-15 1.207402e-18
3.756112e+00 1.709686e-15 1.202669e-18
3.756777e+00 1.720172e-15 1.213372e-18
3.757442e+00 1.743041e-15 1.218163e-18
3.758107e+00 1.776918e-15 1.236789e-18
3.758772e+00 1.786816e-15 1.257968e-18
3.759437e+00 1.785835e-15 1.277218e-18
3.760102e+00 1.759816e-15 1.242760e-18
3.760767e+00 1.740121e-15 1.243008e-18
3.761432e+00 1.742174e-15 1.263571e-18
3.762097e+00 1.704564e-15 1.250712e-18
3.762762e+00 1.694260e-15 1.254666e-18
3.763427e+00 1.679897e-15 1.210919e-18
3.764092e+00 1.673732e-15 1.214928e-18
3.764757e+00 1.692917e-15 1.237413e-18
3.765422e+00 1.713260e-15 1.243963e-18
3.766087e+00 1.725414e-15 1.242904e-18
3.766752e+00 1.741634e-15 1.245150e-18
3.767417e+00 1.752716e-15 1.305497e-18
3.768082e+00 1.774284e-15 1.324797e-18
3.768747e+00 1.795144e-15 1.314777e-18
3.769412e+00 1.758418e-15 1.317107e-18
3.770077e+00 1.723235e-15 1.247234e-18
3.770742e+00 1.697234e-15 1.252402e-18
3.771407e+00 1.730186e-15 1.467527e-18
3.772072e+00 1.745942e-15 1.287107e-18
3.772737e+00 1.725879e-15 1.272967e-18
3.773402e+00 1.686886e-15 1.267835e-18
3.774067e+00 1.664078e-15 1.239540e-18
3.774732e+00 1.718923e-15 1.260912e-18
3.775397e+00 1.792597e-15 1.295608e-18
3.776062e+00 1.816679e-15 1.292846e-18
3.776727e+00 1.791298e-15 1.269813e-18
3.777392e+00 1.767856e-15 1.276467e-18
3.778057e+00 1.762512e-15 1.325467e-18
3.778722e+00 1.748259e-15 1.319592e-18
3.779387e+00 1.700153e-15 1.345104e-18
3.780052e+00 nan nan
3.780717e+00 1.722748e-15 1.308884e-18
3.781382e+00 1.748611e-15 1.251417e-18
3.782047e+00 1.743898e-15 1.236627e-18
3.782712e+00 1.771049e-15 1.243602e-18
3.783377e+00 1.784734e-15 1.226788e-18
3.784042e+00 1.742813e-15 1.207620e-18
3.784707e+00 1.739275e-15 1.221771e-18
3.785372e+00 1.754711e-15 1.225768e-18
3.786037e+00 1.733485e-15 1.220679e-18
3.786702e+00 1.703977e-15 1.215467e-18
3.787367e+00 1.708878e-15 1.207796e-18
3.788032e+00 nan nan
3.788697e+00 nan nan
3.789362e+00 1.782210e-15 1.223550e-18
3.790027e+00 1.738235e-15 1.203291e-18
3.790692e+00 1.722963e-15 1.200071e-18
3.791357e+00 1.710704e-15 1.195258e-18
3.792022e+00 1.723785e-15 1.198627e-18
3.792687e+00 1.745547e-15 1.219449e-18
3.793352e+00 1.740361e-15 1.197150e-18
3.794017e+00 1.743870e-15 1.209990e-18
3.794682e+00 1.750453e-15 1.207198e-18
3.795347e+00 1.723379e-15 1.202838e-18
3.796012e+00 1.699481e-15 1.192893e-18
3.796677e+00 1.711927e-15 1.196980e-18
3.797342e+00 1.753104e-15 1.218720e-18
3.798007e+00 1.774416e-15 1.211795e-18
3.798672e+00 nan nan
3.799337e+00 nan nan
3.800002e+00 1.639382e-15 1.903892e-18
3.800667e+00 1.672997e-15 1.908008e-18
3.801332e+00 1.741591e-15 1.168255e-18
3.801997e+00 1.744279e-15 1.175466e-18
3.802662e+00 1.745014e-15 1.177384e-18
3.803327e+00 1.742708e-15 1.186964e-18
3.803992e+00 1.742760e-15 1.202887e-18
3.804657e+00 1.721596e-15 1.153486e-18
3.805322e+00 1.699826e-15 1.142497e-18
3.805987e+00 1.687717e-15 1.149426e-18
3.806652e+00 1.676315e-15 1.141939e-18
3.807317e+00 1.666853e-15 1.140473e-18
3.807982e+00 1.647928e-15 1.127597e-18
3.808647e+00 1.665016e-15 1.151721e-18
3.809312e+00 1.718212e-15 1.390171e-18
3.809977e+00 nan nan
3.810642e+00 1.707244e-15 1.190636e-18
3.811307e+00 1.661047e-15 1.162674e-18
3.811972e+00 1.668557e-15 1.169815e-18
3.812637e+00 1.708669e-15 1.193711e-18
3.813302e+00 1.758626e-15 1.245521e-18
3.813967e+00 1.778576e-15 1.244969e-18
3.814632e+00 1.757026e-15 1.272884e-18
3.815297e+00 1.704741e-15 1.303278e-18
3.815962e+00 1.702602e-15 1.333777e-18
3.816627e+00 1.721754e-15 1.340944e-18
3.817292e+00 1.736739e-15 1.346759e-18
3.817957e+00 1.721761e-15 1.334279e-18
3.818622e+00 1.707279e-15 1.351888e-18
3.819287e+00 1.733543e-15 1.405798e-18
3.819952e+00 1.723192e-15 1.398590e-18
3.820617e+00 1.720880e-15 1.392034e-18
3.821282e+00 1.732313e-15 1.403614e-18
3.821947e+00 1.763463e-15 1.961684e-18
3.822612e+00 1.697882e-15 1.876916e-18
3.823277e+00 1.678200e-15 1.811654e-18
3.823942e+00 1.707144e-15 1.357622e-18
3.824607e+00 1.727001e-15 1.322750e-18
3.825272e+00 1.712784e-15 1.297904e-18
3.825937e+00 1.693757e-15 1.279170e-18
3.826602e+00 1.688292e-15 1.238314e-18
3.827267e+00 1.695075e-15 1.257736e-18
3.827932e+00 1.698989e-15 1.300527e-18
3.828597e+00 1.701522e-15 1.263428e-18
3.829262e+00 1.678465e-15 1.214005e-18
3.829927e+00 1.647905e-15 1.207782e-18
3.830592e+00 1.677798e-15 1.212753e-18
3.831257e+00 1.669307e-15 1.216027e-18
3.831922e+00 1.671352e-15 1.204673e-18
3.832587e+00 1.705630e-15 2.226196e-18
3.833252e+00 1.716334e-15 2.159008e-18
3.833917e+00 1.694637e-15 1.173925e-18
3.834582e+00 1.682033e-15 1.170469e-18
3.835247e+00 1.681021e-15 1.176556e-18
3.835912e+00 1.669504e-15 1.175652e-18
3.836577e+00 1.684550e-15 1.171802e-18
3.837242e+00 1.689379e-15 1.177181e-18
3.837907e+00 1.698313e-15 1.160520e-18
3.838572e+00 1.715738e-15 1.175300e-18
3.839237e+00 1.718911e-15 1.170618e-18
3.839902e+00 1.694967e-15 1.144851e-18
3.840567e+00 1.687826e-15 1.265721e-18
3.841232e+00 1.689857e-15 1.251155e-18
3.841897e+00 1.679065e-15 1.123462e-18
3.842562e+00 1.690177e-15 2.039498e-18
3.843227e+00 1.706056e-15 2.031983e-18
3.843892e+00 1.734795e-15 1.139658e-18
3.844557e+00 1.752737e-15 1.148579e-18
3.845222e+00 1.739364e-15 1.133325e-18
3.845887e+00 1.690778e-15 1.119254e-18
3.846552e+00 1.655562e-15 2.388784e-18
3.847217e+00 1.662340e-15 1.307118e-18
3.847882e+00 1.675646e-15 1.122461e-18
3.848547e+00 1.664384e-15 1.135121e-18
3.849212e+00 1.673693e-15 1.140812e-18
3.849877e+00 1.678423e-15 1.142927e-18
3.850542e+00 1.676675e-15 1.166513e-18
3.851207e+00 1.699569e-15 1.169381e-18
3.851872e+00 1.683471e-15 1.155081e-18
3.852537e+00 1.634195e-15 1.129981e-18
3.853202e+00 1.626972e-15 1.119185e-18
3.853867e+00 1.670417e-15 1.140117e-18
3.854532e+00 1.704841e-15 1.239695e-18
3.855197e+00 1.696672e-15 1.177398e-18
3.855862e+00 1.710043e-15 1.180712e-18
3.856527e+00 1.720057e-15 1.180783e-18
3.857192e+00 1.706753e-15 1.187017e-18
3.857857e+00 1.694890e-15 1.189938e-18
3.858522e+00 1.704407e-15 1.195579e-18
3.859187e+00 1.744245e-15 1.225375e-18
3.859852e+00 1.748504e-15 2.979303e-18
3.860517e+00 1.738285e-15 2.951521e-18
3.861182e+00 1.754803e-15 1.847918e-18
3.861847e+00 1.759508e-15 1.247963e-18
3.862512e+00 1.707526e-15 1.255911e-18
3.863177e+00 1.631435e-15 1.249333e-18
3.863842e+00 1.637844e-15 1.274595e-18
3.864507e+00 1.689452e-15 1.278432e-18
3.865172e+00 1.698732e-15 1.295456e-18
3.865837e+00 1.695293e-15 1.355406e-18
3.866502e+00 1.694358e-15 1.403855e-18
3.867167e+00 1.720793e-15 1.416503e-18
3.867832e+00 1.682897e-15 1.440901e-18
3.868497e+00 1.658151e-15 1.525726e-18
3.869162e+00 1.663127e-15 1.532348e-18
3.869827e+00 1.702576e-15 1.554432e-18
3.870492e+00 1.725095e-15 1.472027e-18
3.871157e+00 1.679521e-15 1.355696e-18
3.871822e+00 1.623390e-15 1.530946e-18
3.872487e+00 1.624648e-15 1.549672e-18
3.873152e+00 1.669131e-15 1.347077e-18
3.873817e+00 1.682066e-15 1.337861e-18
3.874482e+00 1.684844e-15 1.445229e-18
3.875147e+00 1.708929e-15 1.338218e-18
3.875812e+00 1.712388e-15 1.514578e-18
3.876477e+00 1.716458e-15 1.793458e-18
3.877142e+00 1.671908e-15 2.730210e-18
3.877807e+00 1.763181e-15 1.804524e-18
3.878472e+00 1.686327e-15 1.206569e-18
3.879137e+00 1.688074e-15 1.194012e-18
3.879802e+00 1.679500e-15 1.193609e-18
3.880467e+00 1.684673e-15 1.217607e-18
3.881132e+00 1.695228e-15 1.246381e-18
3.881797e+00 1.706028e-15 1.298013e-18
3.882462e+00 1.699156e-15 1.429072e-18
3.883127e+00 1.697791e-15 1.415572e-18
3.883792e+00 1.711497e-15 1.234324e-18
3.884457e+00 1.714297e-15 1.229464e-18
3.885122e+00 1.686990e-15 1.205138e-18
3.885787e+00 1.665848e-15 1.200102e-18
3.886452e+00 1.649579e-15 1.186734e-18
3.887117e+00 1.624726e-15 1.171828e-18
3.887782e+00 1.631000e-15 1.176009e-18
3.888447e+00 1.658517e-15 1.173023e-18
3.889112e+00 1.677502e-15 1.179458e-18
3.889777e+00 1.678054e-15 1.171685e-18
3.890442e+00 1.656382e-15 1.158188e-18
3.891107e+00 1.621209e-15 1.136015e-18
3.891772e+00 1.606760e-15 1.285252e-18
3.892437e+00 1.572412e-15 1.103126e-18
3.893102e+00 1.598771e-15 1.095352e-18
3.893767e+00 1.645056e-15 1.112354e-18
3.894432e+00 1.670749e-15 1.117219e-18
3.895097e+00 1.670337e-15 1.090556e-18
3.895762e+00 1.686151e-15 1.088486e-18
3.896427e+00 1.677711e-15 2.177304e-18
3.897092e+00 1.651982e-15 2.182945e-18
3.897757e+00 1.585266e-15 1.573715e-18
3.898422e+00 1.601700e-15 1.088073e-18
3.899087e+00 1.620007e-15 1.164715e-18
3.899752e+00 1.646875e-15 1.454307e-18
3.900417e+00 1.677811e-15 1.222997e-18
3.901082e+00 1.658034e-15 1.239194e-18
3.901747e+00 1.652299e-15 1.241072e-18
3.902412e+00 1.669402e-15 1.253024e-18
3.903077e+00 1.674572e-15 1.226140e-18
3.903742e+00 1.656533e-15 1.193835e-18
3.904407e+00 1.633956e-15 1.182115e-18
3.905072e+00 1.644669e-15 1.202344e-18
3.905737e+00 1.643734e-15 1.260271e-18
3.906402e+00 1.645062e-15 1.536350e-18
3.907067e+00 1.681237e-15 1.645506e-18
3.907732e+00 1.671091e-15 1.710168e-18
3.908397e+00 1.642530e-15 1.650048e-18
3.909062e+00 1.646669e-15 1.526349e-18
3.909727e+00 1.625795e-15 2.332413e-18
3.910392e+00 1.616094e-15 1.617144e-18
3.911057e+00 1.609071e-15 1.663028e-18
3.911722e+00 1.621478e-15 1.605420e-18
3.912387e+00 1.619877e-15 1.546393e-18
3.913052e+00 1.631280e-15 1.446380e-18
3.913717e+00 1.615826e-15 1.432649e-18
3.914382e+00 1.593197e-15 1.423120e-18
3.915047e+00 1.596436e-15 1.336577e-18
3.915712e+00 1.643073e-15 1.279956e-18
3.916377e+00 1.670911e-15 1.269408e-18
3.917042e+00 1.658095e-15 1.338047e-18
3.917707e+00 1.642579e-15 1.525161e-18
3.918372e+00 1.665317e-15 1.819642e-18
3.919037e+00 1.645045e-15 1.822756e-18
3.919702e+00 1.602197e-15 1.491711e-18
3.920367e+00 1.603969e-15 1.475532e-18
3.921032e+00 nan nan
3.921697e+00 1.656261e-15 1.237015e-18
3.922362e+00 1.649623e-15 1.225805e-18
3.923027e+00 1.662195e-15 1.234866e-18
3.923692e+00 1.630584e-15 1.215547e-18
3.924357e+00 1.633419e-15 1.222460e-18
3.925022e+00 1.662875e-15 1.228497e-18
3.925687e+00 1.658483e-15 1.235747e-18
3.926352e+00 1.619417e-15 1.232388e-18
3.927017e+00 1.618179e-15 1.820534e-18
3.927682e+00 1.642338e-15 1.232977e-18
3.928347e+00 1.674880e-15 1.244202e-18
3.929012e+00 1.684949e-15 1.247740e-18
3.929677e+00 1.651492e-15 1.234210e-18
3.930342e+00 1.613759e-15 1.258965e-18
3.931007e+00 1.605198e-15 1.208791e-18
3.931672e+00 1.609510e-15 1.215656e-18
3.932337e+00 1.620205e-15 1.204524e-18
3.933002e+00 1.607291e-15 1.212568e-18
3.933667e+00 1.614888e-15 1.208036e-18
3.934332e+00 1.651952e-15 1.761210e-18
3.934997e+00 nan nan
3.935662e+00 1.615872e-15 1.173085e-18
3.936327e+00 1.628041e-15 1.162570e-18
3.936992e+00 1.647351e-15 1.171709e-18
3.937657e+00 1.638230e-15 1.160600e-18
3.938322e+00 1.619662e-15 1.150572e-18
3.938987e+00 1.609378e-15 1.143513e-18
3.939652e+00 1.608878e-15 1.132503e-18
3.940317e+00 1.586401e-15 1.118232e-18
3.940982e+00 1.575046e-15 1.115646e-18
3.941647e+00 1.610937e-15 1.103078e-18
3.942312e+00 1.643262e-15 1.117060e-18
3.942977e+00 1.658520e-15 1.119585e-18
3.943642e+00 1.670983e-15 1.126806e-18
3.944307e+00 1.651978e-15 1.112281e-18
3.944972e+00 1.631165e-15 1.102664e-18
3.945637e+00 1.623794e-15 1.103027e-18
3.946302e+00 1.621988e-15 1.125845e-18
3.946967e+00 1.600728e-15 1.106708e-18
3.947632e+00 1.598024e-15 1.094163e-18
3.948297e+00 1.615062e-15 1.104907e-18
3.948962e+00 1.621544e-15 1.117283e-18
3.949627e+00 1.613868e-15 1.260352e-18
3.950292e+00 1.600459e-15 1.254561e-18
3.950957e+00 nan nan
3.951622e+00 nan nan
3.952287e+00 1.551385e-15 1.116567e-18
3.952952e+00 1.575489e-15 1.124141e-18
3.953617e+00 1.598128e-15 1.149370e-18
3.954282e+00 1.595463e-15 1.165970e-18
3.954947e+00 1.591947e-15 1.165990e-18
3.955612e+00 1.606168e-15 1.168205e-18
3.956277e+00 1.612359e-15 1.184747e-18
3.956942e+00 1.580752e-15 1.174387e-18
3.957607e+00 1.590730e-15 1.168215e-18
3.958272e+00 1.605554e-15 1.181151e-18
3.958937e+00 1.582951e-15 1.167856e-18
3.959602e+00 1.597530e-15 1.573369e-18
3.960267e+00 1.629652e-15 1.195976e-18
3.960932e+00 1.652635e-15 1.201215e-18
3.961597e+00 1.643287e-15 1.192239e-18
3.962262e+00 1.611292e-15 1.192538e-18
3.962927e+00 1.577083e-15 1.173103e-18
3.963592e+00 1.541924e-15 1.171714e-18
3.964257e+00 1.536018e-15 1.174028e-18
3.964922e+00 1.569797e-15 1.368534e-18
3.965587e+00 nan nan
3.966252e+00 nan nan
3.966917e+00 1.680452e-15 2.564940e-18
3.967582e+00 1.592166e-15 1.271178e-18
3.968247e+00 1.585010e-15 1.388653e-18
3.968912e+00 1.575894e-15 1.400243e-18
3.969577e+00 1.574250e-15 1.253799e-18
3.970242e+00 1.565802e-15 1.180897e-18
3.970907e+00 1.546033e-15 1.173149e-18
3.971572e+00 1.561278e-15 1.197603e-18
3.972237e+00 1.593147e-15 1.226923e-18
3.972902e+00 1.599900e-15 1.248001e-18
3.973567e+00 1.589371e-15 1.254962e-18
3.974232e+00 1.551699e-15 1.255209e-18
3.974897e+00 1.547734e-15 1.240008e-18
3.975562e+00 1.581329e-15 1.277692e-18
3.976227e+00 1.589226e-15 1.279527e-18
3.976892e+00 1.573323e-15 1.301233e-18
3.977557e+00 1.574618e-15 1.354409e-18
3.978222e+00 1.540079e-15 1.331384e-18
3.978887e+00 1.526123e-15 1.338300e-18
3.979552e+00 1.514574e-15 1.335883e-18
3.980217e+00 1.518102e-15 1.305477e-18
3.980882e+00 1.510948e-15 1.286876e-18
3.981547e+00 1.535707e-15 1.328166e-18
3.982212e+00 1.550786e-15 1.342591e-18
3.982877e+00 1.528063e-15 1.331620e-18
3.983542e+00 1.542468e-15 1.332437e-18
3.984207e+00 1.582308e-15 1.361720e-18
3.984872e+00 1.568449e-15 1.333950e-18
3.985537e+00 1.555990e-15 1.431310e-18
3.986202e+00 1.552361e-15 1.503256e-18
3.986867e+00 1.540915e-15 1.509426e-18
3.987532e+00 1.507475e-15 1.479865e-18
3.988197e+00 1.518033e-15 1.480358e-18
3.988862e+00 1.565007e-15 1.572444e-18
3.989527e+00 1.535199e-15 1.561885e-18
3.990192e+00 1.503487e-15 1.536086e-18
3.990857e+00 1.515613e-15 1.544418e-18
3.991522e+00 1.520147e-15 1.514827e-18
3.992187e+00 1.520644e-15 1.490815e-18
3.992852e+00 1.535104e-15 1.472526e-18
3.993517e+00 1.531335e-15 1.447333e-18
3.994182e+00 1.554389e-15 1.455177e-18
3.994847e+00 1.585583e-15 1.472442e-18
3.995512e+00 1.556274e-15 1.455859e-18
3.996177e+00 1.512752e-15 1.622651e-18
3.996842e+00 1.513565e-15 1.429857e-18
3.997507e+00 1.526626e-15 1.475834e-18
3.998172e+00 1.518867e-15 1.462577e-18
3.998837e+00 1.490832e-15 1.396396e-18
3.999502e+00 1.479534e-15 1.396286e-18
4.000167e+00 1.504413e-15 1.464987e-18
4.000832e+00 nan nan
4.001497e+00 1.501702e-15 1.745891e-18
4.002162e+00 1.509156e-15 1.644658e-18
4.002827e+00 1.529798e-15 1.621888e-18
4.003492e+00 1.529539e-15 1.472477e-18
4.004157e+00 1.485232e-15 1.328585e-18
4.004822e+00 1.446737e-15 1.214057e-18
4.005487e+00 1.459613e-15 1.224957e-18
4.006152e+00 1.467980e-15 1.330726e-18
4.006817e+00 1.442482e-15 1.410622e-18
4.007482e+00 1.430223e-15 1.402477e-18
4.008147e+00 1.452773e-15 1.753982e-18
4.008812e+00 1.475219e-15 2.259429e-18
4.009477e+00 1.476405e-15 2.508573e-18
4.010142e+00 1.482097e-15 2.570461e-18
4.010807e+00 1.514834e-15 2.633268e-18
4.011472e+00 nan nan
4.012137e+00 nan nan
4.012802e+00 nan nan
4.013467e+00 nan nan
4.014132e+00 nan nan
4.014797e+00 nan nan
4.015462e+00 nan nan
4.016127e+00 nan nan
4.016792e+00 nan nan
4.017457e+00 nan nan
4.018122e+00 nan nan
4.018787e+00 nan nan
4.019452e+00 nan nan
4.020117e+00 nan nan
4.020782e+00 nan nan
4.021447e+00 nan nan
4.022112e+00 nan nan
4.022777e+00 nan nan
4.023442e+00 nan nan
4.024107e+00 nan nan
4.024772e+00 nan nan
4.025437e+00 nan nan
4.026102e+00 nan nan
4.026767e+00 nan nan
4.027432e+00 nan nan
4.028097e+00 nan nan
4.028762e+00 nan nan
4.029427e+00 nan nan
4.030092e+00 nan nan
4.030757e+00 nan nan
4.031422e+00 nan nan
4.032087e+00 nan nan
4.032752e+00 nan nan
4.033417e+00 nan nan
4.034082e+00 nan nan
4.034747e+00 nan nan
4.035412e+00 nan nan
4.036077e+00 nan nan
4.036742e+00 nan nan
4.037407e+00 nan nan
4.038072e+00 nan nan
4.038737e+00 nan nan
4.039402e+00 nan nan
4.040067e+00 nan nan
4.040732e+00 nan nan
4.041397e+00 nan nan
4.042062e+00 nan nan
4.042727e+00 nan nan
4.043392e+00 nan nan
4.044057e+00 nan nan
4.044722e+00 nan nan
4.045387e+00 nan nan
4.046052e+00 nan nan
4.046717e+00 nan nan
4.047382e+00 nan nan
4.048047e+00 nan nan
4.048712e+00 nan nan
4.049377e+00 nan nan
4.050042e+00 nan nan
4.050707e+00 nan nan
4.051372e+00 nan nan
4.052037e+00 nan nan
4.052702e+00 nan nan
4.053367e+00 nan nan
4.054032e+00 nan nan
4.054697e+00 nan nan
4.055362e+00 nan nan
4.056027e+00 nan nan
4.056692e+00 nan nan
4.057357e+00 nan nan
4.058022e+00 nan nan
4.058687e+00 nan nan
4.059352e+00 nan nan
4.060017e+00 nan nan
4.060682e+00 nan nan
4.061347e+00 nan nan
4.062012e+00 nan nan
4.062677e+00 nan nan
4.063342e+00 nan nan
4.064007e+00 nan nan
4.064672e+00 nan nan
4.065337e+00 nan nan
4.066002e+00 nan nan
4.066667e+00 nan nan
4.067332e+00 nan nan
4.067997e+00 nan nan
4.068662e+00 nan nan
4.069327e+00 nan nan
4.069992e+00 nan nan
4.070657e+00 nan nan
4.071322e+00 nan nan
4.071987e+00 nan nan
4.072652e+00 nan nan
4.073317e+00 nan nan
4.073982e+00 nan nan
4.074647e+00 nan nan
4.075312e+00 nan nan
4.075977e+00 nan nan
4.076642e+00 nan nan
4.077307e+00 nan nan
4.077972e+00 nan nan
4.078637e+00 nan nan
4.079302e+00 nan nan
4.079967e+00 nan nan
4.080632e+00 nan nan
4.081297e+00 nan nan
4.081962e+00 nan nan
4.082627e+00 nan nan
4.083292e+00 nan nan
4.083957e+00 nan nan
4.084622e+00 nan nan
4.085287e+00 nan nan
4.085952e+00 nan nan
4.086617e+00 nan nan
4.087282e+00 nan nan
4.087947e+00 nan nan
4.088612e+00 nan nan
4.089277e+00 nan nan
4.089942e+00 nan nan
4.090607e+00 nan nan
4.091272e+00 nan nan
4.091937e+00 nan nan
4.092602e+00 nan nan
4.093267e+00 nan nan
4.093932e+00 nan nan
4.094597e+00 nan nan
4.095262e+00 nan nan
4.095927e+00 nan nan
4.096592e+00 nan nan
4.097257e+00 nan nan
4.097922e+00 nan nan
4.098587e+00 nan nan
4.099252e+00 nan nan
4.099917e+00 nan nan
4.100582e+00 nan nan
4.101247e+00 nan nan
4.101912e+00 nan nan
4.102577e+00 nan nan
4.103242e+00 nan nan
4.103907e+00 nan nan
4.104572e+00 nan nan
4.105237e+00 nan nan
4.105902e+00 nan nan
4.106567e+00 nan nan
4.107232e+00 nan nan
4.107897e+00 nan nan
4.108562e+00 nan nan
4.109227e+00 nan nan
4.109892e+00 nan nan
4.110557e+00 nan nan
4.111222e+00 nan nan
4.111887e+00 nan nan
4.112552e+00 nan nan
4.113217e+00 nan nan
4.113882e+00 nan nan
4.114547e+00 nan nan
4.115212e+00 nan nan
4.115877e+00 nan nan
4.116542e+00 nan nan
4.117207e+00 nan nan
4.117872e+00 nan nan
4.118537e+00 nan nan
4.119202e+00 nan nan
4.119867e+00 nan nan
4.120532e+00 nan nan
4.121197e+00 nan nan
4.121862e+00 nan nan
4.122527e+00 nan nan
4.123192e+00 nan nan
4.123857e+00 nan nan
4.124522e+00 nan nan
4.125187e+00 nan nan
4.125852e+00 nan nan
4.126517e+00 nan nan
4.127182e+00 nan nan
4.127847e+00 nan nan
4.128512e+00 nan nan
4.129177e+00 nan nan
4.129842e+00 nan nan
4.130507e+00 nan nan
4.131172e+00 nan nan
4.131837e+00 nan nan
4.132502e+00 nan nan
4.133167e+00 nan nan
4.133832e+00 nan nan
4.134497e+00 nan nan
4.135162e+00 nan nan
4.135827e+00 nan nan
4.136492e+00 nan nan
4.137157e+00 nan nan
4.137822e+00 nan nan
4.138487e+00 nan nan
4.139152e+00 nan nan
4.139817e+00 nan nan
4.140482e+00 nan nan
4.141147e+00 nan nan
4.141812e+00 nan nan
4.142477e+00 nan nan
4.143142e+00 nan nan
4.143807e+00 nan nan
4.144472e+00 nan nan
4.145137e+00 nan nan
4.145802e+00 nan nan
4.146467e+00 nan nan
4.147132e+00 nan nan
4.147797e+00 nan nan
4.148462e+00 nan nan
4.149127e+00 nan nan
4.149792e+00 nan nan
4.150457e+00 nan nan
4.151122e+00 nan nan
4.151787e+00 nan nan
4.152452e+00 nan nan
4.153117e+00 nan nan
4.153782e+00 nan nan
4.154447e+00 nan nan
4.155112e+00 nan nan
4.155777e+00 nan nan
4.156442e+00 nan nan
4.157107e+00 nan nan
4.157772e+00 nan nan
4.158437e+00 nan nan
4.159102e+00 nan nan
4.159767e+00 nan nan
4.160432e+00 nan nan
4.161097e+00 nan nan
4.161762e+00 nan nan
4.162427e+00 nan nan
4.163092e+00 nan nan
4.163757e+00 nan nan
4.164422e+00 nan nan
4.165087e+00 nan nan
4.165752e+00 nan nan
4.166417e+00 nan nan
4.167082e+00 nan nan
4.167747e+00 nan nan
4.168412e+00 nan nan
4.169077e+00 nan nan
4.169742e+00 nan nan
4.170407e+00 nan nan
4.171072e+00 nan nan
4.171737e+00 nan nan
4.172402e+00 nan nan
4.173067e+00 nan nan
4.173732e+00 nan nan
4.174397e+00 nan nan
4.175062e+00 nan nan
4.175727e+00 nan nan
4.176392e+00 nan nan
4.177057e+00 nan nan
4.177722e+00 nan nan
4.178387e+00 nan nan
4.179052e+00 nan nan
4.179717e+00 nan nan
4.180382e+00 nan nan
4.181047e+00 nan nan
4.181712e+00 nan nan
4.182377e+00 nan nan
4.183042e+00 nan nan
4.183707e+00 nan nan
4.184372e+00 nan nan
4.185037e+00 nan nan
4.185702e+00 nan nan
4.186367e+00 nan nan
4.187032e+00 nan nan
4.187697e+00 nan nan
4.188362e+00 nan nan
4.189027e+00 1.248009e-15 7.959637e-18
4.189692e+00 nan nan
4.190357e+00 1.206093e-15 4.574510e-18
4.191022e+00 1.250522e-15 4.005577e-18
4.191687e+00 1.271878e-15 3.328535e-18
4.192352e+00 1.249725e-15 2.384682e-18
4.193017e+00 1.209706e-15 1.766341e-18
4.193682e+00 1.200719e-15 1.732654e-18
4.194347e+00 1.223589e-15 1.735103e-18
4.195012e+00 1.258291e-15 1.714434e-18
4.195677e+00 1.261349e-15 1.656436e-18
4.196342e+00 1.236425e-15 1.581179e-18
4.197007e+00 1.225565e-15 1.543936e-18
4.197672e+00 1.225730e-15 1.509839e-18
4.198337e+00 1.232233e-15 1.488965e-18
4.199002e+00 1.220541e-15 1.397167e-18
4.199667e+00 1.220003e-15 1.239389e-18
4.200332e+00 1.252023e-15 1.172375e-18
4.200997e+00 1.276082e-15 1.162808e-18
4.201662e+00 1.255102e-15 1.144048e-18
4.202327e+00 1.240811e-15 1.129470e-18
4.202992e+00 1.225467e-15 1.085896e-18
4.203657e+00 1.178881e-15 1.024941e-18
4.204322e+00 1.179230e-15 1.029070e-18
4.204987e+00 1.189174e-15 1.035004e-18
4.205652e+00 1.217068e-15 1.039990e-18
4.206317e+00 1.250385e-15 1.051144e-18
4.206982e+00 1.248261e-15 1.049087e-18
4.207647e+00 1.258041e-15 1.048418e-18
4.208312e+00 1.253859e-15 1.044158e-18
4.208977e+00 1.225180e-15 1.030792e-18
4.209642e+00 1.213784e-15 1.035130e-18
4.210307e+00 1.202362e-15 1.213270e-18
4.210972e+00 1.212746e-15 1.035112e-18
4.211637e+00 1.244511e-15 1.042246e-18
4.212302e+00 1.219940e-15 1.029419e-18
4.212967e+00 1.167871e-15 1.010992e-18
4.213632e+00 1.146377e-15 1.000866e-18
4.214297e+00 1.175823e-15 1.013875e-18
4.214962e+00 1.190249e-15 1.021438e-18
4.215627e+00 1.191632e-15 2.048655e-18
4.216292e+00 1.205594e-15 2.093569e-18
4.216957e+00 1.208010e-15 2.101967e-18
4.217622e+00 1.183731e-15 1.074425e-18
4.218287e+00 1.187679e-15 1.089994e-18
4.218952e+00 1.202655e-15 1.115827e-18
4.219617e+00 1.181497e-15 1.046501e-18
4.220282e+00 1.147204e-15 1.015851e-18
4.220947e+00 1.156084e-15 1.028928e-18
4.221612e+00 1.171162e-15 1.050079e-18
4.222277e+00 1.167376e-15 1.033649e-18
4.222942e+00 1.194443e-15 1.042814e-18
4.223607e+00 1.219386e-15 1.048193e-18
4.224272e+00 1.223142e-15 1.045749e-18
4.224937e+00 1.240530e-15 1.061913e-18
4.225602e+00 1.254841e-15 1.067850e-18
4.226267e+00 1.239855e-15 1.062211e-18
4.226932e+00 1.198796e-15 1.037415e-18
4.227597e+00 1.173704e-15 1.022499e-18
4.228262e+00 1.162969e-15 1.010167e-18
4.228927e+00 1.165699e-15 1.012994e-18
4.229592e+00 1.181557e-15 1.017280e-18
4.230257e+00 1.189601e-15 1.022067e-18
4.230922e+00 1.201469e-15 1.029903e-18
4.231587e+00 1.238423e-15 1.051977e-18
4.232252e+00 1.234984e-15 1.040864e-18
4.232917e+00 1.229002e-15 1.050642e-18
4.233582e+00 1.194651e-15 1.025278e-18
4.234247e+00 1.187565e-15 1.049708e-18
4.234912e+00 1.210467e-15 1.085420e-18
4.235577e+00 1.243173e-15 1.048977e-18
4.236242e+00 1.240491e-15 1.043672e-18
4.236907e+00 1.190762e-15 1.033973e-18
4.237572e+00 1.191931e-15 1.022899e-18
4.238237e+00 1.199400e-15 1.020440e-18
4.238902e+00 1.194163e-15 1.022122e-18
4.239567e+00 1.205879e-15 1.022764e-18
4.240232e+00 1.191721e-15 1.019319e-18
4.240897e+00 1.170050e-15 1.028743e-18
4.241562e+00 1.159916e-15 1.011590e-18
4.242227e+00 1.154512e-15 9.996555e-19
4.242892e+00 1.124831e-15 9.853642e-19
4.243557e+00 1.130675e-15 9.880485e-19
4.244222e+00 1.164216e-15 1.014667e-18
4.244887e+00 1.195331e-15 1.020338e-18
4.245552e+00 1.213183e-15 1.047705e-18
4.246217e+00 1.170385e-15 1.019001e-18
4.246882e+00 1.150943e-15 1.005799e-18
4.247547e+00 1.161351e-15 1.026508e-18
4.248212e+00 1.157756e-15 1.020657e-18
4.248877e+00 1.156020e-15 1.005641e-18
4.249542e+00 1.162026e-15 1.004850e-18
4.250207e+00 1.149721e-15 1.002082e-18
4.250872e+00 1.119379e-15 9.902432e-19
4.251537e+00 1.101565e-15 9.785265e-19
4.252202e+00 1.109133e-15 9.879078e-19
4.252867e+00 1.137190e-15 1.006840e-18
4.253532e+00 1.138240e-15 9.940319e-19
4.254197e+00 1.144144e-15 9.987805e-19
4.254862e+00 1.170393e-15 1.004289e-18
4.255527e+00 1.169777e-15 1.018117e-18
4.256192e+00 1.168167e-15 1.038726e-18
4.256857e+00 1.198583e-15 1.047216e-18
4.257522e+00 1.148454e-15 1.021589e-18
4.258187e+00 1.114343e-15 1.000376e-18
4.258852e+00 1.158731e-15 1.037232e-18
4.259517e+00 1.128578e-15 1.024412e-18
4.260182e+00 1.108785e-15 1.003502e-18
4.260847e+00 1.124700e-15 1.009662e-18
4.261512e+00 1.135327e-15 1.022452e-18
4.262177e+00 1.149531e-15 1.029218e-18
4.262842e+00 1.169751e-15 1.020369e-18
4.263507e+00 1.156171e-15 1.017701e-18
4.264172e+00 1.140306e-15 9.961612e-19
4.264837e+00 1.147341e-15 9.964388e-19
4.265502e+00 1.143848e-15 1.164865e-18
4.266167e+00 1.135864e-15 1.172854e-18
4.266832e+00 1.150253e-15 9.630431e-19
4.267497e+00 1.148160e-15 9.681750e-19
4.268162e+00 1.122148e-15 9.604287e-19
4.268827e+00 1.139425e-15 9.663701e-19
4.269492e+00 1.141041e-15 9.485995e-19
4.270157e+00 1.124114e-15 9.447388e-19
4.270822e+00 1.154181e-15 9.741120e-19
4.271487e+00 1.157793e-15 2.054601e-18
4.272152e+00 1.113354e-15 9.487230e-19
4.272817e+00 1.097138e-15 9.211698e-19
4.273482e+00 1.125279e-15 9.271234e-19
4.274147e+00 1.154525e-15 9.550312e-19
4.274812e+00 1.129025e-15 9.359389e-19
4.275477e+00 1.085094e-15 9.096065e-19
4.276142e+00 1.094946e-15 9.222596e-19
4.276807e+00 1.125041e-15 9.356920e-19
4.277472e+00 1.144768e-15 9.498265e-19
4.278137e+00 1.169790e-15 9.547687e-19
4.278802e+00 1.166924e-15 9.500198e-19
4.279467e+00 1.151238e-15 9.656273e-19
4.280132e+00 1.153562e-15 9.458690e-19
4.280797e+00 1.151198e-15 9.473989e-19
4.281462e+00 1.141907e-15 9.380593e-19
4.282127e+00 1.133254e-15 9.169742e-19
4.282792e+00 1.110660e-15 9.080920e-19
4.283457e+00 1.107311e-15 9.053076e-19
4.284122e+00 1.121422e-15 9.146661e-19
4.284787e+00 1.151542e-15 9.307602e-19
4.285452e+00 1.183261e-15 9.348169e-19
4.286117e+00 1.175687e-15 9.915164e-19
4.286782e+00 1.130762e-15 9.108237e-19
4.287447e+00 1.109897e-15 8.952520e-19
4.288112e+00 1.143889e-15 9.159229e-19
4.288777e+00 1.154879e-15 9.219580e-19
4.289442e+00 1.140843e-15 9.211361e-19
4.290107e+00 nan nan
4.290772e+00 1.137108e-15 9.073798e-19
4.291437e+00 1.164531e-15 9.009535e-19
4.292102e+00 1.154227e-15 8.979705e-19
4.292767e+00 1.105863e-15 8.793426e-19
4.293432e+00 1.086806e-15 8.682770e-19
4.294097e+00 1.098473e-15 8.894316e-19
4.294762e+00 1.093148e-15 8.884913e-19
4.295427e+00 1.088831e-15 8.795975e-19
4.296092e+00 1.073837e-15 8.731379e-19
4.296757e+00 1.064391e-15 8.619026e-19
4.297422e+00 1.077734e-15 8.614155e-19
4.298087e+00 1.096052e-15 8.752577e-19
4.298752e+00 1.117838e-15 8.917510e-19
4.299417e+00 1.122531e-15 9.010448e-19
4.300082e+00 1.125543e-15 9.086559e-19
4.300747e+00 1.131740e-15 9.045747e-19
4.301412e+00 1.121390e-15 9.120504e-19
4.302077e+00 1.110200e-15 9.260325e-19
4.302742e+00 1.090190e-15 1.013287e-18
4.303407e+00 nan nan
4.304072e+00 nan nan
4.304737e+00 1.091532e-15 9.743359e-19
4.305402e+00 1.070093e-15 9.075635e-19
4.306067e+00 1.072188e-15 8.822570e-19
4.306732e+00 1.094355e-15 8.954000e-19
4.307397e+00 1.097607e-15 8.999558e-19
4.308062e+00 1.110525e-15 9.129491e-19
4.308727e+00 1.112872e-15 9.021452e-19
4.309392e+00 1.100546e-15 8.882962e-19
4.310057e+00 1.085929e-15 8.966176e-19
4.310722e+00 1.083542e-15 8.965948e-19
4.311387e+00 1.109959e-15 9.201964e-19
4.312052e+00 1.116713e-15 9.234914e-19
4.312717e+00 1.126186e-15 9.269034e-19
4.313382e+00 1.145499e-15 9.634057e-19
4.314047e+00 1.144898e-15 9.460649e-19
4.314712e+00 1.140669e-15 9.429999e-19
4.315377e+00 1.105765e-15 9.284369e-19
4.316042e+00 1.083085e-15 9.220014e-19
4.316707e+00 1.076686e-15 9.240053e-19
4.317372e+00 1.054136e-15 9.065926e-19
4.318037e+00 1.064973e-15 9.093204e-19
4.318702e+00 1.080753e-15 9.210879e-19
4.319367e+00 1.065031e-15 9.206683e-19
4.320032e+00 1.072811e-15 9.318251e-19
4.320697e+00 1.103017e-15 9.379999e-19
4.321362e+00 1.117351e-15 9.471269e-19
4.322027e+00 1.098545e-15 9.440445e-19
4.322692e+00 1.129262e-15 9.468403e-19
4.323357e+00 1.152159e-15 9.593137e-19
4.324022e+00 1.094451e-15 9.217816e-19
4.324687e+00 1.073284e-15 9.118572e-19
4.325352e+00 1.101971e-15 9.326482e-19
4.326017e+00 1.096247e-15 9.247993e-19
4.326682e+00 1.091263e-15 1.029931e-18
4.327347e+00 1.098763e-15 9.572213e-19
4.328012e+00 1.098849e-15 9.537408e-19
4.328677e+00 1.070258e-15 9.380124e-19
4.329342e+00 1.078704e-15 9.445934e-19
4.330007e+00 1.106441e-15 9.560137e-19
4.330672e+00 1.083857e-15 9.509728e-19
4.331337e+00 1.081237e-15 9.538984e-19
4.332002e+00 1.111281e-15 9.677291e-19
4.332667e+00 1.113472e-15 9.654717e-19
4.333332e+00 1.053269e-15 9.433072e-19
4.333997e+00 1.042262e-15 9.361351e-19
4.334662e+00 1.111917e-15 9.666891e-19
4.335327e+00 1.132861e-15 9.747329e-19
4.335992e+00 1.083089e-15 9.531293e-19
4.336657e+00 1.010046e-15 9.248760e-19
4.337322e+00 1.054615e-15 9.418582e-19
4.337987e+00 1.092978e-15 9.722955e-19
4.338652e+00 1.053624e-15 9.467029e-19
4.339317e+00 1.055449e-15 9.489050e-19
4.339982e+00 1.058173e-15 1.109103e-18
4.340647e+00 1.089377e-15 1.086292e-18
4.341312e+00 1.104425e-15 9.994801e-19
4.341977e+00 1.074332e-15 9.847402e-19
4.342642e+00 1.054858e-15 1.001329e-18
4.343307e+00 1.051066e-15 9.670192e-19
4.343972e+00 1.073284e-15 9.711615e-19
4.344637e+00 1.052978e-15 9.660723e-19
4.345302e+00 1.048694e-15 1.035457e-18
4.345967e+00 1.029866e-15 1.014004e-18
4.346632e+00 1.045558e-15 1.019250e-18
4.347297e+00 1.069616e-15 9.710375e-19
4.347962e+00 1.050108e-15 9.814408e-19
4.348627e+00 1.087119e-15 9.912068e-19
4.349292e+00 1.108869e-15 9.956852e-19
4.349957e+00 1.085499e-15 9.759517e-19
4.350622e+00 1.023129e-15 9.527986e-19
4.351287e+00 1.017400e-15 9.757631e-19
4.351952e+00 1.037662e-15 9.877113e-19
4.352617e+00 1.040464e-15 1.003119e-18
4.353282e+00 1.030900e-15 1.000211e-18
4.353947e+00 1.013984e-15 9.995024e-19
4.354612e+00 1.068182e-15 1.045981e-18
4.355277e+00 1.097207e-15 1.058439e-18
4.355942e+00 1.079498e-15 1.046531e-18
4.356607e+00 1.060585e-15 1.034413e-18
4.357272e+00 1.029265e-15 1.012479e-18
4.357937e+00 1.053630e-15 1.028416e-18
4.358602e+00 1.082527e-15 1.100718e-18
4.359267e+00 1.063670e-15 1.111099e-18
4.359932e+00 1.044267e-15 1.077501e-18
4.360597e+00 1.042559e-15 1.066005e-18
4.361262e+00 1.074115e-15 1.064533e-18
4.361927e+00 1.087422e-15 1.067723e-18
4.362592e+00 1.073805e-15 1.055808e-18
4.363257e+00 1.050327e-15 1.048248e-18
4.363922e+00 1.012509e-15 1.022733e-18
4.364587e+00 1.007675e-15 1.013310e-18
4.365252e+00 1.039056e-15 2.019350e-18
4.365917e+00 1.071307e-15 1.054316e-18
4.366582e+00 1.025998e-15 1.016369e-18
4.367247e+00 9.749757e-16 1.002513e-18
4.367912e+00 9.931667e-16 1.001143e-18
4.368577e+00 1.006509e-15 9.838921e-19
4.369242e+00 1.034139e-15 9.864767e-19
4.369907e+00 1.066772e-15 1.004214e-18
4.370572e+00 1.048509e-15 1.022674e-18
4.371237e+00 1.029376e-15 1.028085e-18
4.371902e+00 1.029198e-15 1.037205e-18
4.372567e+00 1.028797e-15 1.051777e-18
4.373232e+00 1.032933e-15 1.074665e-18
4.373897e+00 nan nan
4.374562e+00 nan nan
4.375227e+00 1.013177e-15 1.072675e-18
4.375892e+00 1.023028e-15 1.061816e-18
4.376557e+00 1.016235e-15 1.069567e-18
4.377222e+00 1.028239e-15 1.080591e-18
4.377887e+00 1.022002e-15 1.069782e-18
4.378552e+00 9.907275e-16 1.116222e-18
4.379217e+00 9.953760e-16 1.099723e-18
4.379882e+00 1.017910e-15 1.071851e-18
4.380547e+00 1.049720e-15 1.050426e-18
4.381212e+00 1.041281e-15 9.970188e-19
4.381877e+00 9.906901e-16 9.455660e-19
4.382542e+00 9.610977e-16 9.461645e-19
4.383207e+00 9.898387e-16 9.618165e-19
4.383872e+00 1.018234e-15 9.891020e-19
4.384537e+00 1.052624e-15 1.023338e-18
4.385202e+00 1.045995e-15 1.034626e-18
4.385867e+00 9.918920e-16 1.030872e-18
4.386532e+00 9.826598e-16 1.037887e-18
4.387197e+00 1.023675e-15 1.082219e-18
4.387862e+00 1.015957e-15 1.081034e-18
4.388527e+00 1.034653e-15 1.087674e-18
4.389192e+00 1.061869e-15 1.115188e-18
4.389857e+00 1.024535e-15 1.090627e-18
4.390522e+00 9.948947e-16 1.081070e-18
4.391187e+00 1.021040e-15 1.100083e-18
4.391852e+00 1.060169e-15 1.169933e-18
4.392517e+00 1.053561e-15 1.317336e-18
4.393182e+00 1.038817e-15 1.107514e-18
4.393847e+00 9.791384e-16 1.060039e-18
4.394512e+00 9.810818e-16 1.005228e-18
4.395177e+00 1.035460e-15 9.945026e-19
4.395842e+00 1.019957e-15 9.828522e-19
4.396507e+00 9.834913e-16 9.719881e-19
4.397172e+00 1.004423e-15 9.864787e-19
4.397837e+00 1.004717e-15 1.025050e-18
4.398502e+00 9.715652e-16 9.815640e-19
4.399167e+00 9.731412e-16 9.637116e-19
4.399832e+00 1.005639e-15 9.804515e-19
4.400497e+00 1.052221e-15 9.979302e-19
4.401162e+00 1.053044e-15 9.912196e-19
4.401827e+00 1.003667e-15 9.619335e-19
4.402492e+00 9.603073e-16 9.407776e-19
4.403157e+00 9.805682e-16 9.505585e-19
4.403822e+00 1.012831e-15 9.789602e-19
4.404487e+00 1.002921e-15 9.853601e-19
4.405152e+00 9.893176e-16 9.922199e-19
4.405817e+00 1.004202e-15 1.004997e-18
4.406482e+00 9.992875e-16 9.782362e-19
4.407147e+00 9.684103e-16 9.523283e-19
4.407812e+00 1.002469e-15 9.771426e-19
4.408477e+00 1.023423e-15 9.835297e-19
4.409142e+00 1.019830e-15 9.858151e-19
4.409807e+00 1.014817e-15 9.873363e-19
4.410472e+00 1.021452e-15 9.979861e-19
4.411137e+00 1.004257e-15 9.850015e-19
4.411802e+00 9.597678e-16 9.601446e-19
4.412467e+00 1.003919e-15 9.773165e-19
4.413132e+00 1.052136e-15 1.003357e-18
4.413797e+00 1.061306e-15 1.012235e-18
4.414462e+00 1.021945e-15 9.915510e-19
4.415127e+00 9.910081e-16 9.760934e-19
4.415792e+00 9.793839e-16 9.702090e-19
4.416457e+00 9.852131e-16 9.827308e-19
4.417122e+00 1.035361e-15 1.053067e-18
4.417787e+00 1.020402e-15 1.008777e-18
4.418452e+00 1.002694e-15 9.988588e-19
4.419117e+00 1.020328e-15 1.013055e-18
4.419782e+00 1.011188e-15 1.007734e-18
4.420447e+00 9.709962e-16 9.884994e-19
4.421112e+00 9.478766e-16 9.658591e-19
4.421777e+00 9.706794e-16 9.773193e-19
4.422442e+00 9.842576e-16 9.991149e-19
4.423107e+00 9.833567e-16 1.003862e-18
4.423772e+00 9.835886e-16 1.003957e-18
4.424437e+00 9.860527e-16 1.003378e-18
4.425102e+00 9.519912e-16 9.908389e-19
4.425767e+00 9.371648e-16 9.692745e-19
4.426432e+00 9.899301e-16 1.008867e-18
4.427097e+00 1.014056e-15 1.011414e-18
4.427762e+00 1.025436e-15 1.021575e-18
4.428427e+00 1.013049e-15 1.011922e-18
4.429092e+00 9.581000e-16 9.845557e-19
4.429757e+00 9.174400e-16 9.674917e-19
4.430422e+00 9.369580e-16 9.802485e-19
4.431087e+00 9.906007e-16 1.007658e-18
4.431752e+00 1.008132e-15 1.022276e-18
4.432417e+00 9.920552e-16 1.009012e-18
4.433082e+00 9.808221e-16 1.002305e-18
4.433747e+00 9.768198e-16 1.007947e-18
4.434412e+00 9.639849e-16 1.158885e-18
4.435077e+00 9.363461e-16 1.003145e-18
4.435742e+00 9.550078e-16 1.020684e-18
4.436407e+00 9.593796e-16 1.026073e-18
4.437072e+00 9.581209e-16 1.026068e-18
4.437737e+00 9.896556e-16 1.043070e-18
4.438402e+00 9.743614e-16 1.016698e-18
4.439067e+00 9.678794e-16 1.151826e-18
4.439732e+00 9.363217e-16 1.122344e-18
4.440397e+00 9.015490e-16 9.583024e-19
4.441062e+00 9.312714e-16 9.709393e-19
4.441727e+00 9.763200e-16 9.931553e-19
4.442392e+00 1.021656e-15 1.035885e-18
4.443057e+00 1.027446e-15 1.031477e-18
4.443722e+00 9.874293e-16 9.930132e-19
4.444387e+00 9.469782e-16 9.792571e-19
4.445052e+00 9.322331e-16 9.786918e-19
4.445717e+00 9.634653e-16 1.111516e-18
4.446382e+00 9.856028e-16 1.151013e-18
4.447047e+00 9.964975e-16 9.821099e-19
4.447712e+00 1.052039e-15 1.028919e-18
4.448377e+00 1.031306e-15 1.033655e-18
4.449042e+00 9.545284e-16 9.822001e-19
4.449707e+00 9.486523e-16 9.801413e-19
4.450372e+00 9.335790e-16 9.592278e-19
4.451037e+00 9.565298e-16 9.638026e-19
4.451702e+00 9.901456e-16 9.816688e-19
4.452367e+00 9.704738e-16 9.614133e-19
4.453032e+00 9.544035e-16 9.556440e-19
4.453697e+00 9.844248e-16 9.702361e-19
4.454362e+00 9.924601e-16 9.710552e-19
4.455027e+00 9.513998e-16 1.055006e-18
4.455692e+00 9.132396e-16 1.044800e-18
4.456357e+00 9.530185e-16 1.053683e-18
4.457022e+00 9.665906e-16 9.413026e-19
4.457687e+00 9.441884e-16 9.280040e-19
4.458352e+00 9.556923e-16 9.328798e-19
4.459017e+00 9.557085e-16 9.257792e-19
4.459682e+00 9.654765e-16 9.357144e-19
4.460347e+00 9.752816e-16 9.414764e-19
4.461012e+00 9.355397e-16 9.125759e-19
4.461677e+00 9.312870e-16 9.049472e-19
4.462342e+00 9.742204e-16 9.298695e-19
4.463007e+00 1.002938e-15 9.493131e-19
4.463672e+00 1.002381e-15 9.455363e-19
4.464337e+00 1.002272e-15 9.549606e-19
4.465002e+00 9.951999e-16 9.627575e-19
4.465667e+00 9.614677e-16 9.522588e-19
4.466332e+00 9.080903e-16 9.345836e-19
4.466997e+00 9.014049e-16 9.135137e-19
4.467662e+00 9.164267e-16 9.189256e-19
4.468327e+00 9.389070e-16 9.382689e-19
4.468992e+00 9.795509e-16 2.428343e-18
4.469657e+00 9.915828e-16 9.623543e-19
4.470322e+00 9.621799e-16 9.094435e-19
4.470987e+00 9.320875e-16 8.927573e-19
4.471652e+00 9.132259e-16 8.972182e-19
4.472317e+00 9.231035e-16 8.968486e-19
4.472982e+00 9.573767e-16 9.240975e-19
4.473647e+00 9.665382e-16 9.283474e-19
4.474312e+00 9.641296e-16 1.236010e-18
4.474977e+00 9.533587e-16 9.241416e-19
4.475642e+00 9.608298e-16 9.631856e-19
4.476307e+00 9.725232e-16 9.453375e-19
4.476972e+00 9.537026e-16 9.281492e-19
4.477637e+00 8.937421e-16 8.754898e-19
4.478302e+00 9.265465e-16 8.957884e-19
4.478967e+00 9.735774e-16 9.309214e-19
4.479632e+00 9.836969e-16 9.365255e-19
4.480297e+00 9.526681e-16 9.073237e-19
4.480962e+00 9.245735e-16 8.897797e-19
4.481627e+00 9.340180e-16 8.849177e-19
4.482292e+00 9.526062e-16 9.116237e-19
4.482957e+00 9.347771e-16 9.334545e-19
4.483622e+00 9.287258e-16 8.756190e-19
4.484287e+00 9.575538e-16 8.903306e-19
4.484952e+00 9.363920e-16 9.683875e-19
4.485617e+00 9.501409e-16 1.005965e-18
4.486282e+00 1.018269e-15 9.053623e-19
4.486947e+00 1.023970e-15 9.041919e-19
4.487612e+00 9.972178e-16 8.999868e-19
4.488277e+00 9.609692e-16 8.939213e-19
4.488942e+00 9.036526e-16 8.589291e-19
4.489607e+00 8.936845e-16 8.964854e-19
4.490272e+00 9.115916e-16 8.726333e-19
4.490937e+00 9.388838e-16 8.883464e-19
4.491602e+00 9.641127e-16 9.111232e-19
4.492267e+00 9.624312e-16 9.043542e-19
4.492932e+00 9.406388e-16 9.017475e-19
4.493597e+00 9.462588e-16 8.894276e-19
4.494262e+00 9.366770e-16 8.987704e-19
4.494927e+00 8.820210e-16 8.639733e-19
4.495592e+00 8.885689e-16 8.748378e-19
4.496257e+00 9.370724e-16 9.965425e-19
4.496922e+00 9.450705e-16 9.036159e-19
4.497587e+00 9.613816e-16 9.072475e-19
4.498252e+00 9.489828e-16 9.017201e-19
4.498917e+00 9.315122e-16 8.952583e-19
4.499582e+00 9.351086e-16 9.010210e-19
4.500247e+00 9.022098e-16 8.737283e-19
4.500912e+00 8.581443e-16 8.568456e-19
4.501577e+00 9.180967e-16 8.795114e-19
4.502242e+00 9.979665e-16 9.290125e-19
4.502907e+00 9.987298e-16 9.398666e-19
4.503572e+00 9.623424e-16 9.160224e-19
4.504237e+00 9.386676e-16 9.141280e-19
4.504902e+00 9.181454e-16 8.962139e-19
4.505567e+00 8.922423e-16 8.822607e-19
4.506232e+00 8.849983e-16 8.723827e-19
4.506897e+00 8.736677e-16 8.661722e-19
4.507562e+00 nan nan
4.508227e+00 9.883364e-16 9.239320e-19
4.508892e+00 9.831502e-16 9.229408e-19
4.509557e+00 9.568225e-16 9.175953e-19
4.510222e+00 9.392114e-16 9.102423e-19
4.510887e+00 8.998011e-16 8.891653e-19
4.511552e+00 9.150992e-16 8.904645e-19
4.512217e+00 9.338386e-16 9.053522e-19
4.512882e+00 9.088134e-16 8.941319e-19
4.513547e+00 8.872500e-16 8.857655e-19
4.514212e+00 9.522165e-16 9.187964e-19
4.514877e+00 9.815664e-16 9.256188e-19
4.515542e+00 9.718438e-16 9.317899e-19
4.516207e+00 9.276702e-16 9.197788e-19
4.516872e+00 9.307878e-16 9.038165e-19
4.517537e+00 9.590689e-16 9.411530e-19
4.518202e+00 9.483691e-16 9.344353e-19
4.518867e+00 9.372158e-16 9.249743e-19
4.519532e+00 8.850960e-16 8.999466e-19
4.520197e+00 9.014685e-16 9.186051e-19
4.520862e+00 9.272116e-16 9.373007e-19
4.521527e+00 8.862996e-16 9.050879e-19
4.522192e+00 8.783747e-16 9.219900e-19
4.522857e+00 9.278619e-16 9.409387e-19
4.523522e+00 9.593704e-16 1.011626e-18
4.524187e+00 9.440113e-16 9.517772e-19
4.524852e+00 9.249536e-16 9.382561e-19
4.525517e+00 8.958605e-16 9.260820e-19
4.526182e+00 8.819268e-16 9.257183e-19
4.526847e+00 9.101679e-16 9.457927e-19
4.527512e+00 8.801514e-16 9.269440e-19
4.528177e+00 8.847533e-16 9.395183e-19
4.528842e+00 9.116468e-16 9.497967e-19
4.529507e+00 9.260244e-16 9.602382e-19
4.530172e+00 9.383451e-16 9.833397e-19
4.530837e+00 9.327554e-16 9.801359e-19
4.531502e+00 8.866758e-16 9.695078e-19
4.532167e+00 8.309487e-16 1.390575e-18
4.532832e+00 8.354366e-16 9.295352e-19
4.533497e+00 8.806762e-16 9.565626e-19
4.534162e+00 9.257579e-16 9.782032e-19
4.534827e+00 9.371654e-16 9.803190e-19
4.535492e+00 9.450423e-16 9.935003e-19
4.536157e+00 9.393218e-16 9.977630e-19
4.536822e+00 9.349749e-16 9.945702e-19
4.537487e+00 9.660497e-16 1.002676e-18
4.538152e+00 9.339910e-16 9.938909e-19
4.538817e+00 8.555464e-16 9.630979e-19
4.539482e+00 8.843836e-16 9.786299e-19
4.540147e+00 9.569313e-16 1.021017e-18
4.540812e+00 9.531769e-16 1.016415e-18
4.541477e+00 9.125812e-16 9.990064e-19
4.542142e+00 9.075091e-16 1.000342e-18
4.542807e+00 9.259462e-16 1.015314e-18
4.543472e+00 9.333794e-16 1.034668e-18
4.544137e+00 9.173228e-16 1.033775e-18
4.544802e+00 8.779224e-16 1.050801e-18
4.545467e+00 8.361360e-16 9.834730e-19
4.546132e+00 8.738082e-16 1.006634e-18
4.546797e+00 9.309005e-16 1.038256e-18
4.547462e+00 9.353289e-16 1.063725e-18
4.548127e+00 8.991185e-16 1.024786e-18
4.548792e+00 8.957162e-16 1.011021e-18
4.549457e+00 9.204169e-16 1.031174e-18
4.550122e+00 9.240040e-16 1.028915e-18
4.550787e+00 8.922566e-16 1.015197e-18
4.551452e+00 8.755763e-16 1.004408e-18
4.552117e+00 8.461314e-16 1.016402e-18
4.552782e+00 8.633298e-16 1.010229e-18
4.553447e+00 9.189710e-16 1.030271e-18
4.554112e+00 9.141204e-16 1.037447e-18
4.554777e+00 9.305619e-16 1.039233e-18
4.555442e+00 9.544104e-16 1.045447e-18
4.556107e+00 9.397169e-16 1.047341e-18
4.556772e+00 8.875288e-16 1.024689e-18
4.557437e+00 8.787051e-16 1.021718e-18
4.558102e+00 8.958920e-16 1.030928e-18
4.558767e+00 8.718661e-16 1.011191e-18
4.559432e+00 8.377284e-16 9.947179e-19
4.560097e+00 9.018503e-16 1.037693e-18
4.560762e+00 9.516269e-16 1.060928e-18
4.561427e+00 9.354014e-16 1.049875e-18
4.562092e+00 8.889624e-16 1.028885e-18
4.562757e+00 8.554317e-16 1.037992e-18
4.563422e+00 8.597956e-16 1.010448e-18
4.564087e+00 9.173452e-16 1.037274e-18
4.564752e+00 9.224370e-16 1.029616e-18
4.565417e+00 8.862227e-16 1.133228e-18
4.566082e+00 8.357244e-16 1.091372e-18
4.566747e+00 8.615209e-16 1.030096e-18
4.567412e+00 nan nan
4.568077e+00 nan nan
4.568742e+00 nan nan
4.569407e+00 nan nan
4.570072e+00 nan nan
4.570737e+00 nan nan
4.571402e+00 nan nan
4.572067e+00 9.268966e-16 2.710055e-18
4.572732e+00 8.513176e-16 9.736626e-19
4.573397e+00 8.329141e-16 9.470854e-19
4.574062e+00 9.060676e-16 9.943665e-19
4.574727e+00 9.332145e-16 1.045578e-18
4.575392e+00 8.895908e-16 9.764067e-19
4.576057e+00 8.546316e-16 9.559105e-19
4.576722e+00 8.934254e-16 9.708122e-19
4.577387e+00 9.230420e-16 9.766226e-19
4.578052e+00 9.145850e-16 9.701230e-19
4.578717e+00 8.928584e-16 9.556120e-19
4.579382e+00 8.817299e-16 9.435766e-19
4.580047e+00 8.442593e-16 9.078686e-19
4.580712e+00 8.491358e-16 8.902334e-19
4.581377e+00 9.033548e-16 9.362927e-19
4.582042e+00 8.848854e-16 9.157804e-19
4.582707e+00 8.979159e-16 9.240287e-19
4.583372e+00 9.327652e-16 9.471168e-19
4.584037e+00 9.055047e-16 9.202027e-19
4.584702e+00 8.675316e-16 8.998323e-19
4.585367e+00 8.917251e-16 9.076207e-19
4.586032e+00 9.109293e-16 9.337675e-19
4.586697e+00 9.247655e-16 9.239882e-19
4.587362e+00 8.838609e-16 8.982380e-19
4.588027e+00 8.551724e-16 8.856524e-19
4.588692e+00 8.632238e-16 8.891760e-19
4.589357e+00 8.587788e-16 8.882045e-19
4.590022e+00 8.656675e-16 9.050071e-19
4.590687e+00 9.066502e-16 9.121043e-19
4.591352e+00 9.408602e-16 9.300972e-19
4.592017e+00 9.474586e-16 9.288884e-19
4.592682e+00 9.316048e-16 9.220244e-19
4.593347e+00 8.828891e-16 8.956175e-19
4.594012e+00 8.534224e-16 8.752472e-19
4.594677e+00 8.201087e-16 8.387662e-19
4.595342e+00 7.907732e-16 8.345063e-19
4.596007e+00 8.269003e-16 8.489612e-19
4.596672e+00 8.705147e-16 9.016111e-19
4.597337e+00 8.944087e-16 9.397907e-19
4.598002e+00 9.091439e-16 9.045050e-19
4.598667e+00 9.045610e-16 8.907104e-19
4.599332e+00 8.877757e-16 9.373573e-19
4.599997e+00 9.125205e-16 9.228818e-19
4.600662e+00 9.210802e-16 9.426869e-19
4.601327e+00 8.709039e-16 8.645517e-19
4.601992e+00 8.020789e-16 8.386521e-19
4.602657e+00 7.973706e-16 8.363838e-19
4.603322e+00 8.689514e-16 8.857502e-19
4.603987e+00 8.749017e-16 8.920195e-19
4.604652e+00 8.564729e-16 8.696399e-19
4.605317e+00 8.772244e-16 8.888071e-19
4.605982e+00 9.029676e-16 9.942161e-19
4.606647e+00 9.285736e-16 9.031210e-19
4.607312e+00 9.217807e-16 9.185554e-19
4.607977e+00 8.724617e-16 8.839440e-19
4.608642e+00 8.412271e-16 8.692687e-19
4.609307e+00 8.138177e-16 8.507921e-19
4.609972e+00 8.119537e-16 8.464779e-19
4.610637e+00 8.860783e-16 8.849828e-19
4.611302e+00 9.341764e-16 9.067353e-19
4.611967e+00 9.160725e-16 9.257802e-19
4.612632e+00 9.045075e-16 8.916878e-19
4.613297e+00 8.978776e-16 8.867204e-19
4.613962e+00 8.637445e-16 8.690514e-19
4.614627e+00 8.459826e-16 8.553051e-19
4.615292e+00 8.537427e-16 8.453350e-19
4.615957e+00 8.546518e-16 8.480390e-19
4.616622e+00 8.668391e-16 8.477444e-19
4.617287e+00 8.389282e-16 8.638910e-19
4.617952e+00 8.325068e-16 8.593657e-19
4.618617e+00 8.802768e-16 8.826244e-19
4.619282e+00 9.044133e-16 8.716467e-19
4.619947e+00 8.812113e-16 8.548814e-19
4.620612e+00 8.489482e-16 8.386766e-19
4.621277e+00 8.819796e-16 8.563078e-19
4.621942e+00 8.996636e-16 8.775541e-19
4.622607e+00 8.622260e-16 8.455294e-19
4.623272e+00 8.259834e-16 8.425455e-19
4.623937e+00 8.609604e-16 9.502390e-19
4.624602e+00 8.824548e-16 8.692413e-19
4.625267e+00 8.335464e-16 8.404096e-19
4.625932e+00 8.075845e-16 8.400954e-19
4.626597e+00 8.452000e-16 8.506702e-19
4.627262e+00 8.919908e-16 2.069146e-18
4.627927e+00 9.504806e-16 1.084463e-18
4.628592e+00 9.476725e-16 9.039410e-19
4.629257e+00 9.332201e-16 9.058411e-19
4.629922e+00 8.678772e-16 8.734180e-19
4.630587e+00 8.330821e-16 9.515398e-19
4.631252e+00 8.604431e-16 1.010240e-18
4.631917e+00 9.017303e-16 8.899832e-19
4.632582e+00 8.878246e-16 8.882942e-19
4.633247e+00 8.363108e-16 8.646776e-19
4.633912e+00 8.556246e-16 8.739556e-19
4.634577e+00 8.925295e-16 8.995776e-19
4.635242e+00 8.906595e-16 9.017010e-19
4.635907e+00 8.799806e-16 9.003480e-19
4.636572e+00 8.400882e-16 8.827255e-19
4.637237e+00 8.068628e-16 8.589065e-19
4.637902e+00 8.405871e-16 8.945554e-19
4.638567e+00 9.007319e-16 9.447383e-19
4.639232e+00 9.007457e-16 1.109572e-18
4.639897e+00 8.561397e-16 9.061032e-19
4.640562e+00 8.479005e-16 9.106404e-19
4.641227e+00 8.312256e-16 9.011079e-19
4.641892e+00 8.528624e-16 9.148835e-19
4.642557e+00 8.720667e-16 9.196090e-19
4.643222e+00 8.621050e-16 9.238708e-19
4.643887e+00 8.523271e-16 9.096753e-19
4.644552e+00 nan nan
4.645217e+00 8.493775e-16 7.520855e-18
4.645882e+00 8.664102e-16 1.013853e-18
4.646547e+00 8.669320e-16 9.608046e-19
4.647212e+00 8.782149e-16 9.822475e-19
4.647877e+00 8.548862e-16 9.942499e-19
4.648542e+00 8.345164e-16 9.913665e-19
4.649207e+00 8.402466e-16 1.003560e-18
4.649872e+00 8.567120e-16 1.012976e-18
4.650537e+00 8.641340e-16 1.037970e-18
4.651202e+00 8.681764e-16 1.071208e-18
4.651867e+00 8.664167e-16 1.144455e-18
4.652532e+00 8.437134e-16 1.164975e-18
4.653197e+00 8.385605e-16 1.160817e-18
4.653862e+00 8.571015e-16 1.220538e-18
4.654527e+00 8.658535e-16 1.279572e-18
4.655192e+00 8.771377e-16 1.308001e-18
4.655857e+00 9.193212e-16 1.333952e-18
4.656522e+00 9.048523e-16 1.260623e-18
4.657187e+00 8.351721e-16 1.166801e-18
4.657852e+00 8.332273e-16 1.148731e-18
4.658517e+00 8.837850e-16 1.183327e-18
4.659182e+00 8.778751e-16 1.123604e-18
4.659847e+00 8.138179e-16 1.023677e-18
4.660512e+00 7.995730e-16 9.665985e-19
4.661177e+00 8.383966e-16 9.552177e-19
4.661842e+00 8.510883e-16 9.505612e-19
4.662507e+00 8.524608e-16 9.430131e-19
4.663172e+00 8.567858e-16 9.398426e-19
4.663837e+00 8.618505e-16 9.408428e-19
4.664502e+00 8.810700e-16 9.595509e-19
4.665167e+00 9.053142e-16 9.666440e-19
4.665832e+00 8.947630e-16 9.635781e-19
4.666497e+00 8.465773e-16 9.333086e-19
4.667162e+00 8.049963e-16 9.095587e-19
4.667827e+00 8.029212e-16 9.184227e-19
4.668492e+00 8.341476e-16 9.419767e-19
4.669157e+00 8.534480e-16 9.608228e-19
4.669822e+00 8.596091e-16 1.309967e-18
4.670487e+00 8.605148e-16 1.327291e-18
4.671152e+00 8.721647e-16 9.803583e-19
4.671817e+00 8.808513e-16 1.003754e-18
4.672482e+00 8.560571e-16 9.597302e-19
4.673147e+00 8.075623e-16 9.240140e-19
4.673812e+00 7.715694e-16 8.989715e-19
4.674477e+00 7.784872e-16 9.019563e-19
4.675142e+00 8.287407e-16 9.631275e-19
4.675807e+00 8.747576e-16 1.159381e-18
4.676472e+00 8.843389e-16 1.045818e-18
4.677137e+00 8.890823e-16 1.045578e-18
4.677802e+00 8.617566e-16 1.009265e-18
4.678467e+00 8.293221e-16 9.450026e-19
4.679132e+00 8.247262e-16 9.268648e-19
4.679797e+00 8.447011e-16 9.560394e-19
4.680462e+00 8.425476e-16 9.257170e-19
4.681127e+00 8.233819e-16 9.122531e-19
4.681792e+00 8.434059e-16 9.238655e-19
4.682457e+00 8.272776e-16 9.083202e-19
4.683122e+00 7.946003e-16 8.728560e-19
4.683787e+00 8.337029e-16 8.915488e-19
4.684452e+00 8.663695e-16 8.994216e-19
4.685117e+00 8.466128e-16 8.726141e-19
4.685782e+00 8.436633e-16 8.701548e-19
4.686447e+00 8.703858e-16 8.852468e-19
4.687112e+00 8.755534e-16 8.891129e-19
4.687777e+00 8.710353e-16 8.913751e-19
4.688442e+00 8.569362e-16 8.774565e-19
4.689107e+00 8.679518e-16 8.744513e-19
4.689772e+00 8.780465e-16 8.781135e-19
4.690437e+00 8.351741e-16 8.519520e-19
4.691102e+00 7.850815e-16 8.297750e-19
4.691767e+00 7.912466e-16 8.371509e-19
4.692432e+00 8.360324e-16 8.598173e-19
4.693097e+00 8.747115e-16 8.796305e-19
4.693762e+00 8.920778e-16 8.956882e-19
4.694427e+00 8.715682e-16 8.869749e-19
4.695092e+00 8.427247e-16 8.706705e-19
4.695757e+00 8.115653e-16 8.538111e-19
4.696422e+00 8.225065e-16 8.604018e-19
4.697087e+00 8.617384e-16 8.817935e-19
4.697752e+00 8.553492e-16 8.826113e-19
4.698417e+00 8.272085e-16 8.527305e-19
4.699082e+00 7.977005e-16 8.330189e-19
4.699747e+00 7.608782e-16 8.159552e-19
4.700412e+00 7.833075e-16 8.252567e-19
4.701077e+00 8.619449e-16 8.603019e-19
4.701742e+00 8.857731e-16 8.839570e-19
4.702407e+00 8.647846e-16 8.710461e-19
4.703072e+00 8.358439e-16 8.563923e-19
4.703737e+00 8.391797e-16 8.588131e-19
4.704402e+00 8.697590e-16 8.677086e-19
4.705067e+00 8.649378e-16 8.645050e-19
4.705732e+00 8.431121e-16 8.590929e-19
4.706397e+00 8.294211e-16 8.503463e-19
4.707062e+00 8.095308e-16 8.407883e-19
4.707727e+00 8.016846e-16 8.314335e-19
4.708392e+00 7.930202e-16 8.306180e-19
4.709057e+00 7.959422e-16 8.328231e-19
4.709722e+00 8.572539e-16 8.630899e-19
4.710387e+00 8.578198e-16 8.848902e-19
4.711052e+00 8.114813e-16 8.612406e-19
4.711717e+00 8.178334e-16 8.591695e-19
4.712382e+00 8.350389e-16 8.905336e-19
4.713047e+00 8.370338e-16 8.864114e-19
4.713712e+00 8.334574e-16 8.674576e-19
4.714377e+00 8.513327e-16 8.697922e-19
4.715042e+00 8.510236e-16 8.732484e-19
4.715707e+00 8.425297e-16 8.856697e-19
4.716372e+00 8.358020e-16 8.722184e-19
4.717037e+00 8.125272e-16 8.544845e-19
4.717702e+00 7.736729e-16 8.389310e-19
4.718367e+00 7.766724e-16 8.533249e-19
4.719032e+00 8.025452e-16 8.686444e-19
4.719697e+00 8.400776e-16 8.952572e-19
4.720362e+00 8.520828e-16 9.228950e-19
4.721027e+00 8.294566e-16 8.826818e-19
4.721692e+00 8.506447e-16 1.004425e-18
4.722357e+00 8.744428e-16 8.962282e-19
4.723022e+00 8.691649e-16 9.016514e-19
4.723687e+00 8.581850e-16 8.930111e-19
4.724352e+00 8.564788e-16 8.997118e-19
4.725017e+00 8.421841e-16 8.882082e-19
4.725682e+00 8.158885e-16 8.848931e-19
4.726347e+00 7.816436e-16 8.666111e-19
4.727012e+00 7.735519e-16 8.559588e-19
4.727677e+00 7.973904e-16 8.723380e-19
4.728342e+00 8.057768e-16 8.837875e-19
4.729007e+00 8.051957e-16 8.867448e-19
4.729672e+00 7.974648e-16 8.766797e-19
4.730337e+00 8.131084e-16 8.907981e-19
4.731002e+00 8.353838e-16 8.990299e-19
4.731667e+00 8.593581e-16 9.114486e-19
4.732332e+00 8.460643e-16 9.149465e-19
4.732997e+00 8.136417e-16 8.874214e-19
4.733662e+00 8.113432e-16 8.990875e-19
4.734327e+00 8.110150e-16 9.075048e-19
4.734992e+00 8.006425e-16 8.943412e-19
4.735657e+00 7.687604e-16 8.882120e-19
4.736322e+00 7.792423e-16 8.857771e-19
4.736987e+00 8.234224e-16 9.085342e-19
4.737652e+00 8.384438e-16 9.272230e-19
4.738317e+00 8.363368e-16 9.214593e-19
4.738982e+00 8.338097e-16 9.293946e-19
4.739647e+00 8.392966e-16 9.315791e-19
4.740312e+00 8.265043e-16 9.215874e-19
4.740977e+00 8.047408e-16 9.103118e-19
4.741642e+00 7.959782e-16 9.254053e-19
4.742307e+00 8.087168e-16 9.180205e-19
4.742972e+00 8.444693e-16 9.330446e-19
4.743637e+00 8.745830e-16 9.599552e-19
4.744302e+00 8.407895e-16 9.363375e-19
4.744967e+00 7.714277e-16 9.019996e-19
4.745632e+00 7.686146e-16 9.000609e-19
4.746297e+00 8.236151e-16 9.225814e-19
4.746962e+00 8.489992e-16 1.083632e-18
4.747627e+00 8.418825e-16 9.519681e-19
4.748292e+00 8.359855e-16 9.434218e-19
4.748957e+00 8.267818e-16 9.477517e-19
4.749622e+00 8.158784e-16 9.539949e-19
4.750287e+00 8.062150e-16 9.403747e-19
4.750952e+00 8.162861e-16 9.488790e-19
4.751617e+00 8.180830e-16 9.771107e-19
4.752282e+00 8.317112e-16 9.664839e-19
4.752947e+00 8.534660e-16 9.802245e-19
4.753612e+00 8.293007e-16 9.650205e-19
4.754277e+00 7.595282e-16 9.038081e-19
4.754942e+00 7.621070e-16 9.128555e-19
4.755607e+00 8.109603e-16 1.053872e-18
4.756272e+00 8.468685e-16 9.979292e-19
4.756937e+00 8.503221e-16 9.625760e-19
4.757602e+00 8.493134e-16 9.565495e-19
4.758267e+00 8.398552e-16 9.611744e-19
4.758932e+00 8.168012e-16 9.393307e-19
4.759597e+00 8.402657e-16 9.548048e-19
4.760262e+00 8.569556e-16 9.713171e-19
4.760927e+00 8.368845e-16 9.500999e-19
4.761592e+00 8.151136e-16 9.306949e-19
4.762257e+00 7.864384e-16 9.146778e-19
4.762922e+00 7.838673e-16 9.124245e-19
4.763587e+00 7.808045e-16 9.333162e-19
4.764252e+00 7.734843e-16 9.144557e-19
4.764917e+00 8.023220e-16 9.164589e-19
4.765582e+00 7.996046e-16 9.085286e-19
4.766247e+00 7.969354e-16 8.994935e-19
4.766912e+00 7.888144e-16 9.086595e-19
4.767577e+00 7.784200e-16 8.883105e-19
4.768242e+00 7.958518e-16 8.957058e-19
4.768907e+00 8.425258e-16 1.052486e-18
4.769572e+00 8.520432e-16 9.333976e-19
4.770237e+00 8.403155e-16 1.008811e-18
4.770902e+00 8.390646e-16 9.256066e-19
4.771567e+00 8.317365e-16 9.145655e-19
4.772232e+00 7.949642e-16 9.049087e-19
4.772897e+00 7.610518e-16 9.038502e-19
4.773562e+00 7.547813e-16 8.700520e-19
4.774227e+00 8.041424e-16 9.161399e-19
4.774892e+00 8.164063e-16 9.185493e-19
4.775557e+00 7.911946e-16 9.020952e-19
4.776222e+00 8.003264e-16 9.044252e-19
4.776887e+00 8.044095e-16 9.108440e-19
4.777552e+00 8.097581e-16 9.381671e-19
4.778217e+00 8.007677e-16 8.889916e-19
4.778882e+00 7.778994e-16 8.808609e-19
4.779547e+00 7.643465e-16 8.788801e-19
4.780212e+00 7.797517e-16 8.835652e-19
4.780877e+00 8.021788e-16 8.973211e-19
4.781542e+00 8.212530e-16 9.040609e-19
4.782207e+00 8.322135e-16 9.239024e-19
4.782872e+00 8.018141e-16 9.052550e-19
4.783537e+00 7.545125e-16 8.759448e-19
4.784202e+00 7.722437e-16 8.722993e-19
4.784867e+00 7.975722e-16 8.823482e-19
4.785532e+00 7.972206e-16 8.849498e-19
4.786197e+00 7.724482e-16 8.721844e-19
4.786862e+00 7.750129e-16 8.816997e-19
4.787527e+00 8.002772e-16 8.956383e-19
4.788192e+00 8.349823e-16 9.153403e-19
4.788857e+00 8.668347e-16 9.328049e-19
4.789522e+00 8.545299e-16 9.311915e-19
4.790187e+00 8.284307e-16 1.220901e-18
4.790852e+00 8.013614e-16 8.970345e-19
4.791517e+00 8.098513e-16 1.016474e-18
4.792182e+00 8.054173e-16 8.976640e-19
4.792847e+00 7.678377e-16 8.880958e-19
4.793512e+00 7.465000e-16 8.600836e-19
4.794177e+00 7.665747e-16 8.769961e-19
4.794842e+00 7.751433e-16 8.846036e-19
4.795507e+00 7.848659e-16 8.864916e-19
4.796172e+00 8.060213e-16 9.042395e-19
4.796837e+00 8.097538e-16 9.148513e-19
4.797502e+00 8.271994e-16 9.254507e-19
4.798167e+00 8.606506e-16 9.455935e-19
4.798832e+00 8.827389e-16 9.652737e-19
4.799497e+00 8.585331e-16 9.525824e-19
4.800162e+00 8.121115e-16 9.443773e-19
4.800827e+00 7.765254e-16 9.122706e-19
4.801492e+00 7.952150e-16 9.398751e-19
4.802157e+00 8.087409e-16 9.486390e-19
4.802822e+00 7.765927e-16 9.607611e-19
4.803487e+00 7.709506e-16 9.307817e-19
4.804152e+00 7.930990e-16 9.451284e-19
4.804817e+00 7.757410e-16 9.303052e-19
4.805482e+00 8.018839e-16 1.186125e-18
4.806147e+00 8.249158e-16 1.187168e-18
4.806812e+00 8.050490e-16 1.127090e-18
4.807477e+00 8.065276e-16 1.116199e-18
4.808142e+00 8.144953e-16 9.454148e-19
4.808807e+00 8.195568e-16 9.548639e-19
4.809472e+00 8.135474e-16 9.347483e-19
4.810137e+00 7.892698e-16 9.192858e-19
4.810802e+00 7.671380e-16 9.155078e-19
4.811467e+00 7.712307e-16 9.112663e-19
4.812132e+00 7.877436e-16 9.234449e-19
4.812797e+00 7.613725e-16 9.168854e-19
4.813462e+00 7.236317e-16 8.926506e-19
4.814127e+00 7.348697e-16 8.971646e-19
4.814792e+00 7.576812e-16 9.041194e-19
4.815457e+00 7.847616e-16 9.250571e-19
4.816122e+00 8.130667e-16 9.753313e-19
4.816787e+00 8.174181e-16 9.483815e-19
4.817452e+00 8.058246e-16 9.361613e-19
4.818117e+00 8.030433e-16 9.283573e-19
4.818782e+00 7.948681e-16 9.320190e-19
4.819447e+00 7.846760e-16 9.151688e-19
4.820112e+00 7.899732e-16 9.323105e-19
4.820777e+00 7.898326e-16 9.310824e-19
4.821442e+00 8.241310e-16 9.458068e-19
4.822107e+00 8.352804e-16 9.627446e-19
4.822772e+00 7.817277e-16 9.347903e-19
4.823437e+00 7.163117e-16 9.080290e-19
4.824102e+00 7.367484e-16 9.174630e-19
4.824767e+00 7.913959e-16 9.458392e-19
4.825432e+00 8.090212e-16 9.468349e-19
4.826097e+00 8.069455e-16 9.574401e-19
4.826762e+00 8.121997e-16 9.686188e-19
4.827427e+00 8.059892e-16 9.750652e-19
4.828092e+00 7.952085e-16 9.602812e-19
4.828757e+00 8.003106e-16 9.760160e-19
4.829422e+00 8.227456e-16 9.861805e-19
4.830087e+00 8.348276e-16 9.835988e-19
4.830752e+00 8.120468e-16 9.672661e-19
4.831417e+00 7.986201e-16 1.121373e-18
4.832082e+00 7.991601e-16 9.440264e-19
4.832747e+00 7.885462e-16 9.321421e-19
4.833412e+00 7.316477e-16 9.149173e-19
4.834077e+00 7.320274e-16 8.758997e-19
4.834742e+00 7.869087e-16 9.223651e-19
4.835407e+00 7.764452e-16 9.110997e-19
4.836072e+00 7.683974e-16 9.097869e-19
4.836737e+00 7.800080e-16 9.084515e-19
4.837402e+00 7.806238e-16 9.109707e-19
4.838067e+00 7.983151e-16 9.385213e-19
4.838732e+00 8.250750e-16 9.411099e-19
4.839397e+00 8.172981e-16 9.388709e-19
4.840062e+00 7.958202e-16 9.287031e-19
4.840727e+00 7.478172e-16 9.116076e-19
4.841392e+00 7.605505e-16 9.197094e-19
4.842057e+00 7.838470e-16 9.595957e-19
4.842722e+00 7.722331e-16 9.325902e-19
4.843387e+00 7.366154e-16 9.138360e-19
4.844052e+00 7.215727e-16 9.120206e-19
4.844717e+00 7.769772e-16 9.473008e-19
4.845382e+00 8.278120e-16 9.659540e-19
4.846047e+00 8.327853e-16 9.757709e-19
4.846712e+00 8.167670e-16 9.705445e-19
4.847377e+00 8.066720e-16 9.585506e-19
4.848042e+00 7.932171e-16 9.556030e-19
4.848707e+00 7.790914e-16 9.310779e-19
4.849372e+00 7.878159e-16 9.464206e-19
4.850037e+00 7.891113e-16 9.579794e-19
4.850702e+00 8.018423e-16 9.575443e-19
4.851367e+00 8.154303e-16 9.629106e-19
4.852032e+00 8.116802e-16 9.491959e-19
4.852697e+00 7.790572e-16 9.307497e-19
4.853362e+00 7.452389e-16 9.047510e-19
4.854027e+00 7.426032e-16 9.086154e-19
4.854692e+00 7.395921e-16 9.033968e-19
4.855357e+00 7.667877e-16 9.289575e-19
4.856022e+00 7.715284e-16 9.208877e-19
4.856687e+00 7.565641e-16 9.089634e-19
4.857352e+00 7.524702e-16 9.055975e-19
4.858017e+00 7.540136e-16 9.114812e-19
4.858682e+00 7.751289e-16 9.219591e-19
4.859347e+00 8.001125e-16 9.331971e-19
4.860012e+00 8.118674e-16 9.535603e-19
4.860677e+00 8.031024e-16 9.419825e-19
4.861342e+00 8.005417e-16 9.285737e-19
4.862007e+00 8.137794e-16 9.455690e-19
4.862672e+00 8.035322e-16 9.409634e-19
4.863337e+00 7.619851e-16 9.069176e-19
4.864002e+00 7.195099e-16 8.913807e-19
4.864667e+00 7.135080e-16 8.839306e-19
4.865332e+00 7.184017e-16 8.814436e-19
4.865997e+00 7.339670e-16 8.907432e-19
4.866662e+00 7.653832e-16 9.299429e-19
4.867327e+00 7.603763e-16 1.062200e-18
4.867992e+00 7.692468e-16 9.241380e-19
4.868657e+00 7.846529e-16 9.281953e-19
4.869322e+00 7.843908e-16 9.898661e-19
4.869987e+00 7.849443e-16 9.470975e-19
4.870652e+00 7.827765e-16 9.431897e-19
4.871317e+00 7.724437e-16 9.208941e-19
4.871982e+00 7.759709e-16 9.241312e-19
4.872647e+00 7.766799e-16 9.254586e-19
4.873312e+00 7.529498e-16 9.100256e-19
4.873977e+00 7.340201e-16 9.065040e-19
4.874642e+00 7.524903e-16 9.132758e-19
4.875307e+00 7.595503e-16 9.056061e-19
4.875972e+00 7.179096e-16 8.895819e-19
4.876637e+00 7.149633e-16 9.080117e-19
4.877302e+00 7.425568e-16 9.097219e-19
4.877967e+00 7.799501e-16 9.453162e-19
4.878632e+00 7.873048e-16 9.481387e-19
4.879297e+00 7.925124e-16 9.546314e-19
4.879962e+00 8.049674e-16 9.611172e-19
4.880627e+00 7.963041e-16 9.591532e-19
4.881292e+00 7.861432e-16 9.291372e-19
4.881957e+00 7.794581e-16 9.239768e-19
4.882622e+00 7.853662e-16 9.335058e-19
4.883287e+00 7.864845e-16 9.222717e-19
4.883952e+00 7.526299e-16 9.014659e-19
4.884617e+00 7.311552e-16 8.939997e-19
4.885282e+00 7.359573e-16 8.944146e-19
4.885947e+00 7.505311e-16 9.068143e-19
4.886612e+00 7.392726e-16 9.002024e-19
4.887277e+00 7.371352e-16 8.841726e-19
4.887942e+00 7.762656e-16 9.183797e-19
4.888607e+00 8.031967e-16 9.305381e-19
4.889272e+00 8.015691e-16 9.293567e-19
4.889937e+00 7.761891e-16 8.968016e-19
4.890602e+00 7.783610e-16 9.094606e-19
4.891267e+00 7.894881e-16 9.264783e-19
4.891932e+00 7.854074e-16 9.128212e-19
4.892597e+00 7.695107e-16 9.033747e-19
4.893262e+00 7.600440e-16 9.049979e-19
4.893927e+00 7.716359e-16 1.049454e-18
4.894592e+00 7.338416e-16 8.664345e-19
4.895257e+00 7.069157e-16 8.529462e-19
4.895922e+00 7.304426e-16 8.813295e-19
4.896587e+00 7.563227e-16 8.926281e-19
4.897252e+00 7.466621e-16 8.863649e-19
4.897917e+00 6.961150e-16 8.298451e-19
4.898582e+00 6.739714e-16 8.035997e-19
4.899247e+00 7.076253e-16 8.287612e-19
4.899912e+00 7.574629e-16 8.519628e-19
4.900577e+00 8.079818e-16 8.717550e-19
4.901242e+00 8.097307e-16 8.716843e-19
4.901907e+00 7.749433e-16 8.568512e-19
4.902572e+00 7.692665e-16 8.515353e-19
4.903237e+00 7.866816e-16 8.979827e-19
4.903902e+00 7.852684e-16 8.788151e-19
4.904567e+00 7.626240e-16 8.812654e-19
4.905232e+00 7.253400e-16 8.440489e-19
4.905897e+00 7.173568e-16 8.435078e-19
4.906562e+00 7.246524e-16 8.586505e-19
4.907227e+00 7.381599e-16 8.741782e-19
4.907892e+00 7.466051e-16 8.460438e-19
4.908557e+00 7.399603e-16 8.199795e-19
4.909222e+00 7.210718e-16 8.040546e-19
4.909887e+00 7.560214e-16 8.166951e-19
4.910552e+00 7.849392e-16 8.485502e-19
4.911217e+00 7.790349e-16 8.433626e-19
4.911882e+00 7.760132e-16 8.352427e-19
4.912547e+00 7.726708e-16 8.446859e-19
4.913212e+00 7.712506e-16 8.380014e-19
4.913877e+00 7.679684e-16 8.328069e-19
4.914542e+00 7.645567e-16 8.426810e-19
4.915207e+00 7.407468e-16 8.339390e-19
4.915872e+00 7.104497e-16 8.470371e-19
4.916537e+00 7.207994e-16 8.281335e-19
4.917202e+00 7.672415e-16 1.035697e-18
4.917867e+00 7.795092e-16 1.043794e-18
4.918532e+00 7.717341e-16 8.704911e-19
4.919197e+00 7.755231e-16 9.393175e-19
4.919862e+00 7.692436e-16 1.051739e-18
4.920527e+00 7.369172e-16 9.662378e-19
4.921192e+00 7.592360e-16 8.637575e-19
4.921857e+00 7.959770e-16 9.256785e-19
4.922522e+00 7.945797e-16 8.801086e-19
4.923187e+00 7.874160e-16 8.833269e-19
4.923852e+00 7.803287e-16 8.810741e-19
4.924517e+00 7.667497e-16 8.839935e-19
4.925182e+00 7.250711e-16 8.595953e-19
4.925847e+00 7.033618e-16 8.577717e-19
4.926512e+00 7.122885e-16 8.710605e-19
4.927177e+00 7.190128e-16 8.610094e-19
4.927842e+00 7.211649e-16 8.629131e-19
4.928507e+00 7.238543e-16 8.686385e-19
4.929172e+00 7.424430e-16 8.950572e-19
4.929837e+00 7.576328e-16 9.032878e-19
4.930502e+00 7.822299e-16 9.199450e-19
4.931167e+00 7.826071e-16 9.240024e-19
4.931832e+00 7.431824e-16 9.029189e-19
4.932497e+00 7.305720e-16 9.067065e-19
4.933162e+00 7.354576e-16 9.190836e-19
4.933827e+00 7.399743e-16 9.187090e-19
4.934492e+00 7.389079e-16 9.141926e-19
4.935157e+00 7.195011e-16 9.431805e-19
4.935822e+00 6.865217e-16 9.129279e-19
4.936487e+00 6.935656e-16 1.088150e-18
4.937152e+00 7.049099e-16 9.124454e-19
4.937817e+00 6.855922e-16 9.063993e-19
4.938482e+00 6.966742e-16 9.129056e-19
4.939147e+00 7.368411e-16 9.462695e-19
4.939812e+00 7.762113e-16 9.666828e-19
4.940477e+00 8.003429e-16 9.773207e-19
4.941142e+00 7.922508e-16 9.780663e-19
4.941807e+00 7.687269e-16 9.708123e-19
4.942472e+00 7.476939e-16 1.028916e-18
4.943137e+00 7.109802e-16 9.378791e-19
4.943802e+00 7.188966e-16 9.281490e-19
4.944467e+00 7.624071e-16 9.759044e-19
4.945132e+00 7.788563e-16 9.988180e-19
4.945797e+00 7.562822e-16 1.091282e-18
4.946462e+00 7.185499e-16 9.734565e-19
4.947127e+00 7.015154e-16 9.068293e-19
4.947792e+00 7.081846e-16 9.259266e-19
4.948457e+00 7.013534e-16 9.040420e-19
4.949122e+00 7.012103e-16 9.106365e-19
4.949787e+00 7.347287e-16 9.834170e-19
4.950452e+00 7.580592e-16 9.976109e-19
4.951117e+00 7.575894e-16 9.961565e-19
4.951782e+00 7.475289e-16 9.270769e-19
4.952447e+00 7.275791e-16 8.861561e-19
4.953112e+00 7.194387e-16 8.862432e-19
4.953777e+00 7.217180e-16 9.014803e-19
4.954442e+00 6.974474e-16 8.696314e-19
4.955107e+00 6.773769e-16 1.006160e-18
4.955772e+00 7.126683e-16 8.954352e-19
4.956437e+00 7.612346e-16 9.112343e-19
4.957102e+00 7.417618e-16 8.924057e-19
4.957767e+00 7.114219e-16 8.902328e-19
4.958432e+00 7.115057e-16 8.827809e-19
4.959097e+00 7.299169e-16 8.991543e-19
4.959762e+00 7.302348e-16 8.999402e-19
4.960427e+00 7.208739e-16 8.893568e-19
4.961092e+00 7.333072e-16 9.049160e-19
4.961757e+00 7.610270e-16 9.239589e-19
4.962422e+00 7.617782e-16 9.367681e-19
4.963087e+00 7.372579e-16 9.283415e-19
4.963752e+00 7.429952e-16 9.411059e-19
4.964417e+00 7.548650e-16 9.544102e-19
4.965082e+00 7.561198e-16 9.163338e-19
4.965747e+00 7.464209e-16 9.304923e-19
4.966412e+00 7.256500e-16 8.843302e-19
4.967077e+00 6.881728e-16 8.562109e-19
4.967742e+00 6.733397e-16 8.385968e-19
4.968407e+00 6.588544e-16 8.360785e-19
4.969072e+00 6.628084e-16 8.277681e-19
4.969737e+00 6.763688e-16 8.309468e-19
4.970402e+00 7.130417e-16 8.631746e-19
4.971067e+00 7.308336e-16 8.670978e-19
4.971732e+00 7.131436e-16 8.604330e-19
4.972397e+00 7.219711e-16 8.644299e-19
4.973062e+00 7.488817e-16 8.896084e-19
4.973727e+00 7.650085e-16 8.989049e-19
4.974392e+00 7.777248e-16 9.046414e-19
4.975057e+00 7.773043e-16 9.027536e-19
4.975722e+00 7.659402e-16 9.063954e-19
4.976387e+00 7.586414e-16 9.010057e-19
4.977052e+00 7.439358e-16 9.204133e-19
4.977717e+00 7.350002e-16 8.922012e-19
4.978382e+00 7.114643e-16 8.770882e-19
4.979047e+00 6.786247e-16 8.630863e-19
4.979712e+00 6.867168e-16 8.662169e-19
4.980377e+00 7.037831e-16 8.817406e-19
4.981042e+00 7.304711e-16 9.127695e-19
4.981707e+00 7.401698e-16 9.179130e-19
4.982372e+00 7.291040e-16 9.003678e-19
4.983037e+00 7.108845e-16 8.824962e-19
4.983702e+00 7.054281e-16 8.823828e-19
4.984367e+00 7.377724e-16 9.060631e-19
4.985032e+00 7.551014e-16 9.183514e-19
4.985697e+00 7.513455e-16 9.321206e-19
4.986362e+00 7.474659e-16 9.284320e-19
4.987027e+00 7.747518e-16 9.481729e-19
4.987692e+00 7.773466e-16 9.552166e-19
4.988357e+00 7.601648e-16 9.727477e-19
4.989022e+00 7.139559e-16 9.724672e-19
4.989687e+00 6.897188e-16 9.758951e-19
4.990352e+00 6.791184e-16 9.739181e-19
4.991017e+00 6.691891e-16 1.013080e-18
4.991682e+00 6.978454e-16 1.097826e-18
4.992347e+00 7.240548e-16 1.205142e-18
4.993012e+00 7.470877e-16 1.252112e-18
4.993677e+00 7.426142e-16 1.250809e-18
4.994342e+00 7.099603e-16 1.218780e-18
4.995007e+00 6.787366e-16 1.202362e-18
4.995672e+00 6.750154e-16 1.219711e-18
4.996337e+00 6.692674e-16 1.219671e-18
4.997002e+00 6.780887e-16 1.231669e-18
4.997667e+00 7.055191e-16 1.255248e-18
4.998332e+00 7.417127e-16 1.278056e-18
4.998997e+00 7.228348e-16 1.212938e-18
4.999662e+00 6.725505e-16 1.157280e-18
5.000327e+00 6.732203e-16 1.165216e-18
5.000992e+00 6.782350e-16 1.171715e-18
5.001657e+00 6.879385e-16 1.196119e-18
5.002322e+00 6.955043e-16 1.199602e-18
5.002987e+00 6.797613e-16 1.167377e-18
5.003652e+00 6.919607e-16 1.176998e-18
5.004317e+00 7.402320e-16 1.228712e-18
5.004982e+00 7.769883e-16 1.271285e-18
5.005647e+00 7.650575e-16 1.243462e-18
5.006312e+00 7.234327e-16 1.224299e-18
5.006977e+00 7.196844e-16 1.184751e-18
5.007642e+00 7.439770e-16 1.206385e-18
5.008307e+00 7.398117e-16 1.211424e-18
5.008972e+00 7.430726e-16 1.195133e-18
5.009637e+00 7.390259e-16 1.201955e-18
5.010302e+00 7.135457e-16 1.120699e-18
5.010967e+00 7.175195e-16 1.060300e-18
5.011632e+00 7.102309e-16 1.012120e-18
5.012297e+00 6.744637e-16 9.690573e-19
5.012962e+00 6.646938e-16 9.446987e-19
5.013627e+00 7.041125e-16 9.644053e-19
5.014292e+00 7.400540e-16 9.854422e-19
5.014957e+00 7.177126e-16 9.587396e-19
5.015622e+00 6.863753e-16 9.131231e-19
5.016287e+00 7.054673e-16 9.322440e-19
5.016952e+00 7.140610e-16 9.192143e-19
5.017617e+00 7.086548e-16 9.221487e-19
5.018282e+00 6.701321e-16 8.866258e-19
5.018947e+00 6.485742e-16 8.569871e-19
5.019612e+00 6.445292e-16 8.446679e-19
5.020277e+00 6.651064e-16 8.561143e-19
5.020942e+00 6.868055e-16 8.765950e-19
5.021607e+00 6.820432e-16 8.631437e-19
5.022272e+00 6.867716e-16 8.653916e-19
5.022937e+00 7.078716e-16 8.782106e-19
5.023602e+00 nan nan
5.024267e+00 nan nan
5.024932e+00 6.673508e-16 8.326587e-19
5.025597e+00 6.863280e-16 8.469065e-19
5.026262e+00 6.945912e-16 8.548435e-19
5.026927e+00 6.968488e-16 8.449381e-19
5.027592e+00 6.844666e-16 8.352480e-19
5.028257e+00 6.741034e-16 8.262656e-19
5.028922e+00 6.752665e-16 8.254259e-19
5.029587e+00 6.779344e-16 8.319510e-19
5.030252e+00 6.769420e-16 8.617319e-19
5.030917e+00 6.862362e-16 8.528011e-19
5.031582e+00 7.003996e-16 8.518417e-19
5.032247e+00 6.924375e-16 8.685713e-19
5.032912e+00 6.793503e-16 8.351773e-19
5.033577e+00 6.837300e-16 8.437348e-19
5.034242e+00 7.085096e-16 8.636839e-19
5.034907e+00 7.260972e-16 8.744650e-19
5.035572e+00 7.136755e-16 8.654575e-19
5.036237e+00 7.059594e-16 8.621622e-19
5.036902e+00 7.174668e-16 8.703359e-19
5.037567e+00 7.200921e-16 8.836860e-19
5.038232e+00 7.182319e-16 8.857005e-19
5.038897e+00 6.944666e-16 8.778904e-19
5.039562e+00 6.798754e-16 8.648601e-19
5.040227e+00 6.669245e-16 8.552434e-19
5.040892e+00 6.693877e-16 8.622305e-19
5.041557e+00 6.995039e-16 8.755950e-19
5.042222e+00 6.896289e-16 8.720685e-19
5.042887e+00 6.730024e-16 8.679940e-19
5.043552e+00 6.730982e-16 8.816507e-19
5.044217e+00 6.869215e-16 8.960015e-19
5.044882e+00 6.970691e-16 9.038055e-19
5.045547e+00 7.120498e-16 9.213305e-19
5.046212e+00 7.021029e-16 9.380274e-19
5.046877e+00 6.628397e-16 9.533996e-19
5.047542e+00 6.451657e-16 9.569959e-19
5.048207e+00 6.671737e-16 9.743455e-19
5.048872e+00 7.104362e-16 9.666478e-19
5.049537e+00 7.404294e-16 9.938835e-19
5.050202e+00 7.306106e-16 9.535333e-19
5.050867e+00 7.170525e-16 9.537292e-19
5.051532e+00 7.354351e-16 9.698924e-19
5.052197e+00 7.507617e-16 9.803716e-19
5.052862e+00 7.068661e-16 9.615443e-19
5.053527e+00 6.824783e-16 9.590726e-19
5.054192e+00 6.805721e-16 9.248790e-19
5.054857e+00 6.493464e-16 9.178362e-19
5.055522e+00 6.527196e-16 1.003446e-18
5.056187e+00 6.925859e-16 9.359963e-19
5.056852e+00 7.240991e-16 9.687711e-19
5.057517e+00 7.265004e-16 9.559697e-19
5.058182e+00 7.048008e-16 9.438302e-19
5.058847e+00 6.685801e-16 9.196689e-19
5.059512e+00 6.588719e-16 1.064352e-18
5.060177e+00 6.761860e-16 9.073605e-19
5.060842e+00 7.014847e-16 9.234686e-19
5.061507e+00 6.936886e-16 9.238977e-19
5.062172e+00 6.755098e-16 9.194866e-19
5.062837e+00 6.636428e-16 9.101352e-19
5.063502e+00 6.776899e-16 9.280989e-19
5.064167e+00 6.873162e-16 9.915411e-19
5.064832e+00 6.773775e-16 9.662526e-19
5.065497e+00 6.780252e-16 9.681225e-19
5.066162e+00 6.580151e-16 8.768601e-19
5.066827e+00 6.504499e-16 8.799188e-19
5.067492e+00 6.569147e-16 8.679235e-19
5.068157e+00 6.889282e-16 8.849421e-19
5.068822e+00 7.115565e-16 9.046333e-19
5.069487e+00 6.947139e-16 8.924861e-19
5.070152e+00 6.871100e-16 8.700214e-19
5.070817e+00 6.709859e-16 8.501501e-19
5.071482e+00 6.826474e-16 8.615147e-19
5.072147e+00 7.099718e-16 8.684304e-19
5.072812e+00 7.000987e-16 8.613961e-19
5.073477e+00 6.911568e-16 8.508198e-19
5.074142e+00 7.074687e-16 8.536371e-19
5.074807e+00 6.940952e-16 8.453570e-19
5.075472e+00 6.646154e-16 8.285756e-19
5.076137e+00 6.690157e-16 8.318756e-19
5.076802e+00 6.781786e-16 8.308700e-19
5.077467e+00 6.584655e-16 8.234497e-19
5.078132e+00 6.507650e-16 8.082682e-19
5.078797e+00 6.552900e-16 8.281966e-19
5.079462e+00 6.454510e-16 8.022541e-19
5.080127e+00 6.601248e-16 8.070699e-19
5.080792e+00 6.818210e-16 8.203070e-19
5.081457e+00 6.944929e-16 8.187739e-19
5.082122e+00 6.831222e-16 8.096529e-19
5.082787e+00 6.453679e-16 7.931962e-19
5.083452e+00 6.424277e-16 7.818174e-19
5.084117e+00 6.769338e-16 8.013766e-19
5.084782e+00 7.034155e-16 8.216660e-19
5.085447e+00 6.906093e-16 8.333166e-19
5.086112e+00 6.687758e-16 8.075369e-19
5.086777e+00 6.810681e-16 8.143917e-19
5.087442e+00 6.917570e-16 8.197562e-19
5.088107e+00 6.928989e-16 8.352407e-19
5.088772e+00 6.875232e-16 8.190912e-19
5.089437e+00 6.946851e-16 8.241211e-19
5.090102e+00 7.144125e-16 8.386466e-19
5.090767e+00 7.043803e-16 8.291901e-19
5.091432e+00 6.835696e-16 8.370539e-19
5.092097e+00 6.529462e-16 8.367749e-19
5.092762e+00 6.268053e-16 1.062070e-18
5.093427e+00 6.598442e-16 3.379327e-18
5.094092e+00 6.614229e-16 9.427906e-19
5.094757e+00 6.534336e-16 9.520808e-19
5.095422e+00 6.577369e-16 9.378737e-19
5.096087e+00 6.795780e-16 8.567794e-19
5.096752e+00 7.121428e-16 8.792334e-19
5.097417e+00 7.185335e-16 8.993734e-19
5.098082e+00 6.928723e-16 9.039783e-19
5.098747e+00 6.679678e-16 8.801159e-19
5.099412e+00 6.831591e-16 9.213222e-19
5.100077e+00 7.028023e-16 1.013422e-18
5.100742e+00 6.967447e-16 9.746752e-19
5.101407e+00 7.119457e-16 9.806201e-19
5.102072e+00 7.376920e-16 9.862081e-19
5.102737e+00 7.160389e-16 9.829440e-19
5.103402e+00 6.792014e-16 9.502009e-19
5.104067e+00 6.722523e-16 1.116157e-18
5.104732e+00 6.580511e-16 1.096288e-18
5.105397e+00 6.432077e-16 1.089927e-18
5.106062e+00 6.418500e-16 9.071161e-19
5.106727e+00 6.685513e-16 9.166668e-19
5.107392e+00 6.703344e-16 9.343550e-19
5.108057e+00 6.588098e-16 9.150920e-19
5.108722e+00 6.616290e-16 8.988709e-19
5.109387e+00 6.439400e-16 8.946543e-19
5.110052e+00 6.194364e-16 8.719860e-19
5.110717e+00 6.134637e-16 8.735488e-19
5.111382e+00 6.447842e-16 8.898321e-19
5.112047e+00 6.727519e-16 9.234680e-19
5.112712e+00 6.856779e-16 9.436894e-19
5.113377e+00 6.909946e-16 9.602210e-19
5.114042e+00 6.714375e-16 9.201819e-19
5.114707e+00 6.432468e-16 2.569647e-18
5.115372e+00 6.583482e-16 2.520381e-18
5.116037e+00 6.957678e-16 2.619830e-18
5.116702e+00 6.994669e-16 9.656495e-19
5.117367e+00 6.864753e-16 9.396735e-19
5.118032e+00 6.690976e-16 9.278774e-19
5.118697e+00 6.504751e-16 9.086721e-19
5.119362e+00 6.441154e-16 9.003479e-19
5.120027e+00 6.619473e-16 9.190822e-19
5.120692e+00 6.639349e-16 9.327978e-19
5.121357e+00 6.709642e-16 9.315511e-19
5.122022e+00 6.652033e-16 9.227692e-19
5.122687e+00 6.889671e-16 9.447688e-19
5.123352e+00 7.091778e-16 9.567044e-19
5.124017e+00 6.962777e-16 9.360326e-19
5.124682e+00 6.597127e-16 8.999592e-19
5.125347e+00 6.677072e-16 9.226153e-19
5.126012e+00 6.963547e-16 9.586639e-19
5.126677e+00 7.034059e-16 9.585295e-19
5.127342e+00 6.792350e-16 9.423544e-19
5.128007e+00 6.432700e-16 9.106323e-19
5.128672e+00 6.347867e-16 8.928287e-19
5.129337e+00 6.586431e-16 9.215362e-19
5.130002e+00 6.587392e-16 9.092535e-19
5.130667e+00 6.413507e-16 9.326549e-19
5.131332e+00 6.334150e-16 9.336025e-19
5.131997e+00 6.310457e-16 9.038732e-19
5.132662e+00 6.254684e-16 8.904057e-19
5.133327e+00 6.488139e-16 9.164800e-19
5.133992e+00 6.780883e-16 9.246975e-19
5.134657e+00 6.833730e-16 9.287598e-19
5.135322e+00 6.731368e-16 9.063409e-19
5.135987e+00 6.822661e-16 8.992300e-19
5.136652e+00 6.802008e-16 9.126848e-19
5.137317e+00 6.609854e-16 9.279779e-19
5.137982e+00 6.629224e-16 9.088631e-19
5.138647e+00 6.950971e-16 9.545244e-19
5.139312e+00 6.771774e-16 9.576675e-19
5.139977e+00 6.420119e-16 9.287262e-19
5.140642e+00 6.569715e-16 9.304566e-19
5.141307e+00 6.789694e-16 9.417969e-19
5.141972e+00 6.621006e-16 9.077281e-19
5.142637e+00 6.559156e-16 9.185672e-19
5.143302e+00 6.669201e-16 9.226210e-19
5.143967e+00 6.449506e-16 9.084855e-19
5.144632e+00 6.229066e-16 9.379157e-19
5.145297e+00 6.159500e-16 8.950738e-19
5.145962e+00 6.159144e-16 8.886960e-19
5.146627e+00 6.245554e-16 9.023933e-19
5.147292e+00 6.358984e-16 9.183880e-19
5.147957e+00 6.283840e-16 1.001517e-18
5.148622e+00 6.464350e-16 9.114031e-19
5.149287e+00 6.632806e-16 9.277497e-19
5.149952e+00 6.546821e-16 9.041417e-19
5.150617e+00 6.684607e-16 9.052083e-19
5.151282e+00 6.808332e-16 9.172145e-19
5.151947e+00 6.913622e-16 9.366799e-19
5.152612e+00 7.008261e-16 1.072094e-18
5.153277e+00 6.989844e-16 9.479564e-19
5.153942e+00 7.006415e-16 9.235459e-19
5.154607e+00 7.082803e-16 9.261511e-19
5.155272e+00 7.000528e-16 9.298188e-19
5.155937e+00 6.726076e-16 8.979156e-19
5.156602e+00 6.617931e-16 8.949252e-19
5.157267e+00 6.739564e-16 8.963980e-19
5.157932e+00 6.640302e-16 9.028275e-19
5.158597e+00 6.380832e-16 8.732817e-19
5.159262e+00 6.436017e-16 8.736080e-19
5.159927e+00 6.365262e-16 8.827999e-19
5.160592e+00 6.341159e-16 8.659653e-19
5.161257e+00 6.442373e-16 8.687992e-19
5.161922e+00 6.376485e-16 8.641754e-19
5.162587e+00 6.461693e-16 8.610015e-19
5.163252e+00 6.684148e-16 8.871359e-19
5.163917e+00 6.781487e-16 8.945806e-19
5.164582e+00 6.675871e-16 8.891772e-19
5.165247e+00 6.626443e-16 8.773183e-19
5.165912e+00 6.657054e-16 8.633720e-19
5.166577e+00 6.622553e-16 8.609818e-19
5.167242e+00 6.476672e-16 8.600874e-19
5.167907e+00 6.389628e-16 8.547464e-19
5.168572e+00 6.300102e-16 8.377357e-19
5.169237e+00 6.357565e-16 1.016137e-18
5.169902e+00 6.454607e-16 1.062374e-18
5.170567e+00 6.698439e-16 1.079701e-18
5.171232e+00 6.754132e-16 8.912362e-19
5.171897e+00 6.508170e-16 8.386816e-19
5.172562e+00 6.436018e-16 8.358416e-19
5.173227e+00 6.428573e-16 8.260475e-19
5.173892e+00 6.397829e-16 8.383180e-19
5.174557e+00 6.452758e-16 8.469054e-19
5.175222e+00 6.554757e-16 8.451901e-19
5.175887e+00 6.523954e-16 8.331667e-19
5.176552e+00 6.546820e-16 8.502405e-19
5.177217e+00 6.634117e-16 8.519185e-19
5.177882e+00 6.744464e-16 8.587971e-19
5.178547e+00 6.790062e-16 8.645680e-19
5.179212e+00 6.687622e-16 8.829372e-19
5.179877e+00 6.457680e-16 8.406027e-19
5.180542e+00 6.434404e-16 8.520994e-19
5.181207e+00 6.461197e-16 8.536379e-19
5.181872e+00 6.387744e-16 8.565782e-19
5.182537e+00 6.632787e-16 8.546214e-19
5.183202e+00 6.879345e-16 8.697940e-19
5.183867e+00 6.846594e-16 8.887819e-19
5.184532e+00 6.627843e-16 8.848156e-19
5.185197e+00 6.317838e-16 8.721868e-19
5.185862e+00 6.321197e-16 8.858977e-19
5.186527e+00 6.479638e-16 9.034970e-19
5.187192e+00 6.404574e-16 8.745917e-19
5.187857e+00 6.468581e-16 9.005550e-19
5.188522e+00 6.483714e-16 8.990174e-19
5.189187e+00 6.646442e-16 1.072717e-18
5.189852e+00 6.817880e-16 8.991658e-19
5.190517e+00 6.768003e-16 8.710599e-19
5.191182e+00 6.667682e-16 8.671052e-19
5.191847e+00 6.668632e-16 8.762969e-19
5.192512e+00 6.554085e-16 9.255634e-19
5.193177e+00 6.460773e-16 8.678543e-19
5.193842e+00 6.476308e-16 8.703513e-19
5.194507e+00 6.433795e-16 8.626243e-19
5.195172e+00 6.248911e-16 8.545348e-19
5.195837e+00 6.355813e-16 8.811689e-19
5.196502e+00 6.324098e-16 8.679950e-19
5.197167e+00 6.343587e-16 8.600025e-19
5.197832e+00 6.497767e-16 8.950936e-19
5.198497e+00 6.287027e-16 9.107571e-19
5.199162e+00 6.103437e-16 8.965799e-19
5.199827e+00 6.069680e-16 9.129096e-19
5.200492e+00 6.259323e-16 8.882421e-19
5.201157e+00 6.334443e-16 9.036894e-19
5.201822e+00 6.056696e-16 8.958666e-19
5.202487e+00 5.978287e-16 8.789994e-19
5.203152e+00 6.241396e-16 9.048048e-19
5.203817e+00 6.477404e-16 9.203186e-19
5.204482e+00 6.535965e-16 9.360376e-19
5.205147e+00 6.523933e-16 1.064365e-18
5.205812e+00 6.532423e-16 9.351168e-19
5.206477e+00 6.524690e-16 9.392370e-19
5.207142e+00 6.657001e-16 9.235575e-19
5.207807e+00 6.644678e-16 9.272077e-19
5.208472e+00 6.565239e-16 9.128732e-19
5.209137e+00 6.659403e-16 9.415938e-19
5.209802e+00 6.552108e-16 9.647586e-19
5.210467e+00 6.345101e-16 9.381951e-19
5.211132e+00 6.194212e-16 9.239374e-19
5.211797e+00 6.207163e-16 9.141938e-19
5.212462e+00 6.407721e-16 9.729260e-19
5.213127e+00 6.290498e-16 9.052731e-19
5.213792e+00 6.066120e-16 8.892978e-19
5.214457e+00 6.254777e-16 8.998091e-19
5.215122e+00 6.446208e-16 9.042078e-19
5.215787e+00 6.681190e-16 9.171097e-19
5.216452e+00 6.755628e-16 9.332524e-19
5.217117e+00 6.386946e-16 9.243800e-19
5.217782e+00 6.233951e-16 9.063923e-19
5.218447e+00 6.543393e-16 9.311020e-19
5.219112e+00 6.547533e-16 9.443735e-19
5.219777e+00 6.415883e-16 9.395569e-19
5.220442e+00 6.494485e-16 9.391127e-19
5.221107e+00 6.349174e-16 1.042046e-18
5.221772e+00 6.416810e-16 1.134719e-18
5.222437e+00 6.671091e-16 1.189277e-18
5.223102e+00 6.311009e-16 1.127775e-18
5.223767e+00 6.117953e-16 1.140303e-18
5.224432e+00 6.516428e-16 1.190286e-18
5.225097e+00 6.694109e-16 1.212411e-18
5.225762e+00 6.471940e-16 1.143136e-18
5.226427e+00 6.348326e-16 1.060346e-18
5.227092e+00 6.423970e-16 1.015181e-18
5.227757e+00 6.310543e-16 9.691975e-19
5.228422e+00 6.349743e-16 9.540846e-19
5.229087e+00 6.553360e-16 9.585419e-19
5.229752e+00 6.486851e-16 9.374667e-19
5.230417e+00 6.509854e-16 9.408603e-19
5.231082e+00 6.532455e-16 9.375323e-19
5.231747e+00 6.391982e-16 9.189174e-19
5.232412e+00 6.282124e-16 8.991080e-19
5.233077e+00 6.435927e-16 9.032877e-19
5.233742e+00 6.679701e-16 9.363649e-19
5.234407e+00 6.587178e-16 9.352501e-19
5.235072e+00 6.496461e-16 9.099903e-19
5.235737e+00 6.338446e-16 1.029837e-18
5.236402e+00 6.441180e-16 1.040955e-18
5.237067e+00 6.668748e-16 9.239751e-19
5.237732e+00 6.604697e-16 9.070055e-19
5.238397e+00 6.455011e-16 9.027246e-19
5.239062e+00 6.348937e-16 9.434703e-19
5.239727e+00 6.098300e-16 8.612146e-19
5.240392e+00 5.966136e-16 8.543404e-19
5.241057e+00 5.897734e-16 8.829204e-19
5.241722e+00 5.936785e-16 8.718200e-19
5.242387e+00 6.030513e-16 8.783180e-19
5.243052e+00 6.199896e-16 8.913484e-19
5.243717e+00 6.403559e-16 8.996119e-19
5.244382e+00 6.387671e-16 8.994133e-19
5.245047e+00 6.160648e-16 8.753408e-19
5.245712e+00 6.125841e-16 8.713252e-19
5.246377e+00 6.418421e-16 8.938729e-19
5.247042e+00 6.532464e-16 8.939847e-19
5.247707e+00 6.433753e-16 8.884133e-19
5.248372e+00 6.452481e-16 8.967214e-19
5.249037e+00 6.499767e-16 9.013897e-19
5.249702e+00 6.692000e-16 9.194667e-19
5.250367e+00 6.644134e-16 8.931256e-19
5.251032e+00 6.474618e-16 8.630025e-19
5.251697e+00 6.347780e-16 8.614679e-19
5.252362e+00 6.344782e-16 8.494180e-19
5.253027e+00 6.318443e-16 8.469933e-19
5.253692e+00 6.185620e-16 8.543933e-19
5.254357e+00 6.194451e-16 8.366235e-19
5.255022e+00 6.403089e-16 8.557743e-19
5.255687e+00 6.515554e-16 8.846801e-19
5.256352e+00 6.391157e-16 8.561622e-19
5.257017e+00 6.239338e-16 8.708466e-19
5.257682e+00 6.247351e-16 8.699342e-19
5.258347e+00 6.323346e-16 8.668733e-19
5.259012e+00 6.564362e-16 8.814480e-19
5.259677e+00 6.673036e-16 8.954243e-19
5.260342e+00 6.619683e-16 8.853293e-19
5.261007e+00 6.595574e-16 8.848964e-19
5.261672e+00 6.524845e-16 8.902712e-19
5.262337e+00 6.362210e-16 9.064404e-19
5.263002e+00 6.538222e-16 8.929778e-19
5.263667e+00 6.790946e-16 9.216808e-19
5.264332e+00 6.707590e-16 9.117423e-19
5.264997e+00 6.555242e-16 9.044040e-19
5.265662e+00 6.576757e-16 9.090370e-19
5.266327e+00 6.425551e-16 9.124247e-19
5.266992e+00 6.155598e-16 8.934515e-19
5.267657e+00 6.119951e-16 9.167658e-19
5.268322e+00 6.248546e-16 9.838461e-19
5.268987e+00 6.191344e-16 1.283578e-18
5.269652e+00 nan nan
5.270317e+00 nan nan
