2.870331999999999883e+00 nan nan
2.870997000000000021e+00 nan nan
2.871662000000000159e+00 nan nan
2.872326999999999853e+00 nan nan
2.872991999999999990e+00 nan nan
2.873657000000000128e+00 nan nan
2.874321999999999822e+00 2.380988002416915224e-15 4.309823000000000305e-18
2.874986999999999959e+00 2.408461040496850929e-15 3.438667999999999874e-18
2.875652000000000097e+00 2.558566887897680410e-15 2.752240000000000001e-18
2.876316999999999791e+00 2.583223506748331082e-15 2.693941999999999882e-18
2.876981999999999928e+00 2.473075859763900145e-15 3.906801999999999682e-18
2.877647000000000066e+00 2.398216673810966479e-15 2.791373000000000115e-18
2.878312000000000204e+00 2.377584402392809055e-15 2.243605999999999908e-18
2.878976999999999897e+00 2.382054990149410268e-15 2.198128000000000080e-18
2.879642000000000035e+00 2.386459626343192476e-15 2.194186000000000136e-18
2.880307000000000173e+00 2.408368682290648904e-15 2.120672999999999901e-18
2.880971999999999866e+00 2.408252016055807163e-15 2.135292000000000162e-18
2.881637000000000004e+00 2.414373968415441427e-15 2.261507999999999815e-18
2.882302000000000142e+00 2.376378143136503969e-15 2.303085999999999995e-18
2.882966999999999835e+00 2.339711133615933782e-15 2.284212000000000060e-18
2.883631999999999973e+00 2.357937562023157108e-15 2.309868000000000149e-18
2.884297000000000111e+00 2.369927604208001275e-15 2.365569000000000066e-18
2.884961999999999804e+00 2.411094157057811453e-15 2.458010000000000066e-18
2.885626999999999942e+00 2.293314933802103360e-15 2.371388000000000035e-18
2.886292000000000080e+00 2.237709081774538659e-15 2.245014999999999991e-18
2.886957000000000217e+00 2.394642081231029884e-15 2.220663999999999911e-18
2.887621999999999911e+00 2.384268192719582507e-15 2.216033000000000063e-18
2.888287000000000049e+00 2.203450840640781642e-15 2.160055000000000175e-18
2.888952000000000186e+00 2.149981823193001633e-15 2.110621999999999815e-18
2.889616999999999880e+00 2.178600648335644521e-15 2.064324000000000094e-18
2.890282000000000018e+00 2.217686469518370633e-15 2.106513000000000125e-18
2.890947000000000155e+00 2.203830187402211741e-15 2.074152999999999936e-18
2.891611999999999849e+00 2.178471872646970441e-15 1.981550000000000060e-18
2.892276999999999987e+00 2.326242094225588785e-15 2.145424999999999891e-18
2.892942000000000125e+00 2.415627841222426908e-15 2.185519000000000011e-18
2.893606999999999818e+00 2.466823505825989707e-15 2.197073000000000127e-18
2.894271999999999956e+00 2.608349469348884039e-15 2.172064999999999928e-18
2.894937000000000094e+00 2.591638065260243237e-15 2.152329000000000190e-18
2.895601999999999787e+00 2.461147506721497057e-15 2.079896999999999927e-18
2.896266999999999925e+00 nan nan
2.896932000000000063e+00 2.437199380218076214e-15 2.523205999999999946e-18
2.897597000000000200e+00 2.569900837093334764e-15 2.069840000000000073e-18
2.898261999999999894e+00 2.501341417690916444e-15 2.021110000000000102e-18
2.898927000000000032e+00 2.251514015746116322e-15 1.918711000000000067e-18
2.899592000000000169e+00 2.151541733981062225e-15 1.868264000000000153e-18
2.900256999999999863e+00 2.194236816886884402e-15 1.878642999999999965e-18
2.900922000000000001e+00 2.174981933486812277e-15 1.843020999999999894e-18
2.901587000000000138e+00 2.281971325220507962e-15 1.887096000000000177e-18
2.902251999999999832e+00 2.289513255846995032e-15 1.872809999999999898e-18
2.902916999999999970e+00 2.361278851114505638e-15 1.864496999999999902e-18
2.903582000000000107e+00 2.389385095406085928e-15 1.875562999999999824e-18
2.904246999999999801e+00 2.235811833282665195e-15 1.777276999999999838e-18
2.904911999999999939e+00 2.255606955210349504e-15 1.802888999999999837e-18
2.905577000000000076e+00 2.377516294804128897e-15 1.800296999999999889e-18
2.906242000000000214e+00 2.377809839972142863e-15 1.815716000000000177e-18
2.906906999999999908e+00 2.308102587980302402e-15 1.767101999999999813e-18
2.907572000000000045e+00 2.107398693610131733e-15 1.664029999999999958e-18
2.908237000000000183e+00 1.931564510195007747e-15 1.594887999999999968e-18
2.908901999999999877e+00 1.987504754230591205e-15 1.614054000000000063e-18
2.909567000000000014e+00 2.036789736675705196e-15 1.614351000000000093e-18
2.910232000000000152e+00 1.983497661022895833e-15 1.602200999999999930e-18
2.910896999999999846e+00 2.175823096071947741e-15 1.712923000000000087e-18
2.911561999999999983e+00 2.426542571986571569e-15 1.840200999999999935e-18
2.912227000000000121e+00 2.435755349705568328e-15 1.843289000000000022e-18
2.912891999999999815e+00 2.408845673657605726e-15 1.862103999999999872e-18
2.913556999999999952e+00 2.390320911445015282e-15 1.831342999999999839e-18
2.914222000000000090e+00 2.356533734884174090e-15 1.801676999999999877e-18
2.914886999999999784e+00 2.296427467911751261e-15 1.799271000000000030e-18
2.915551999999999921e+00 2.280353229193932340e-15 1.755211000000000128e-18
2.916217000000000059e+00 2.305912948365702164e-15 1.742180000000000000e-18
2.916882000000000197e+00 2.268544756362848634e-15 1.777653000000000012e-18
2.917546999999999890e+00 2.291550086568927901e-15 1.861366999999999904e-18
2.918212000000000028e+00 2.328372077147151222e-15 2.288210999999999911e-18
2.918877000000000166e+00 2.336267215185230167e-15 1.875066000000000173e-18
2.919541999999999859e+00 nan nan
2.920206999999999997e+00 2.230668943372986028e-15 1.879566999999999930e-18
2.920872000000000135e+00 2.186075657453668433e-15 1.774156999999999965e-18
2.921536999999999829e+00 2.154652006154132741e-15 1.691219999999999965e-18
2.922201999999999966e+00 2.183602775087809800e-15 1.687917999999999965e-18
2.922867000000000104e+00 2.205381216675139557e-15 1.719024999999999988e-18
2.923531999999999798e+00 2.154149601225891603e-15 1.718441000000000053e-18
2.924196999999999935e+00 2.178324192844745526e-15 1.732397000000000043e-18
2.924862000000000073e+00 2.245485176967482808e-15 1.775701999999999906e-18
2.925527000000000211e+00 2.306192649436463038e-15 1.851978000000000192e-18
2.926191999999999904e+00 2.293212009914878828e-15 1.908247000000000151e-18
2.926857000000000042e+00 2.317529134188625961e-15 1.870586000000000178e-18
2.927522000000000180e+00 2.202393859697877292e-15 1.760021999999999924e-18
2.928186999999999873e+00 2.198122845574537446e-15 1.773857000000000051e-18
2.928852000000000011e+00 2.120955086175098004e-15 1.758204999999999882e-18
2.929517000000000149e+00 2.004794381146311908e-15 1.686016999999999909e-18
2.930181999999999842e+00 2.168340045953380647e-15 1.738245000000000106e-18
2.930846999999999980e+00 2.359609221973913632e-15 1.839230000000000189e-18
2.931512000000000118e+00 2.389916023399900096e-15 1.845599000000000128e-18
2.932176999999999811e+00 2.368780345908147465e-15 1.878523000000000000e-18
2.932841999999999949e+00 2.440950686044960879e-15 1.875845000000000051e-18
2.933507000000000087e+00 2.392135487809809619e-15 1.890160000000000040e-18
2.934171999999999780e+00 2.364499118200711838e-15 1.883757000000000137e-18
2.934836999999999918e+00 2.376718723322071877e-15 1.831119000000000186e-18
2.935502000000000056e+00 2.325240413101397003e-15 1.793116999999999901e-18
2.936167000000000193e+00 2.330852675794292519e-15 1.783932999999999874e-18
2.936831999999999887e+00 2.343208652394504757e-15 1.793699999999999939e-18
2.937497000000000025e+00 2.327565170563791548e-15 1.784850000000000175e-18
2.938162000000000162e+00 2.329401704057316774e-15 1.785517999999999931e-18
2.938826999999999856e+00 2.358045394310139727e-15 1.785595000000000089e-18
2.939491999999999994e+00 2.327121929772036833e-15 1.776890000000000026e-18
2.940157000000000131e+00 2.199484206781550086e-15 1.719441999999999983e-18
2.940821999999999825e+00 2.110729875134790205e-15 1.912144000000000108e-18
2.941486999999999963e+00 2.145058830775780808e-15 1.623188999999999938e-18
2.942152000000000100e+00 2.214467772292385493e-15 1.632428999999999975e-18
2.942816999999999794e+00 2.315877453858286877e-15 1.722433999999999944e-18
2.943481999999999932e+00 2.287558532369923057e-15 1.687044000000000050e-18
2.944147000000000070e+00 2.158444822907015490e-15 1.626673000000000065e-18
2.944812000000000207e+00 2.147964303652477183e-15 1.622247000000000093e-18
2.945476999999999901e+00 2.253470186286635172e-15 1.663074999999999912e-18
2.946142000000000039e+00 2.243188519383502778e-15 1.654248999999999987e-18
2.946807000000000176e+00 2.063292589490613160e-15 1.590297999999999941e-18
2.947471999999999870e+00 2.033050563287598796e-15 1.599064999999999973e-18
2.948137000000000008e+00 1.973970897501130677e-15 1.534505999999999961e-18
2.948802000000000145e+00 1.991634675567787299e-15 1.854231999999999903e-18
2.949466999999999839e+00 2.214900277150745352e-15 1.960216999999999960e-18
2.950131999999999977e+00 2.362825920934203127e-15 1.658865000000000032e-18
2.950797000000000114e+00 2.410304966047697244e-15 1.679419999999999958e-18
2.951461999999999808e+00 2.327495822419968895e-15 1.623388999999999944e-18
2.952126999999999946e+00 2.294849220603184691e-15 1.616096999999999937e-18
2.952792000000000083e+00 2.247364971718401536e-15 1.601738000000000051e-18
2.953457000000000221e+00 2.157462751714411737e-15 1.536143999999999951e-18
2.954121999999999915e+00 2.118504247916769056e-15 1.514385000000000012e-18
2.954787000000000052e+00 2.110638649530032727e-15 1.521510999999999977e-18
2.955452000000000190e+00 2.059492440184417357e-15 1.525454000000000011e-18
2.956116999999999884e+00 2.022924913435875830e-15 1.502360999999999967e-18
2.956782000000000021e+00 2.173967668451026379e-15 1.600854000000000010e-18
2.957447000000000159e+00 2.355097802328537089e-15 1.686386000000000034e-18
2.958111999999999853e+00 2.343403853133272166e-15 1.686221999999999978e-18
2.958776999999999990e+00 2.237018902923107136e-15 1.662356999999999913e-18
2.959442000000000128e+00 2.168440242986275304e-15 1.662245999999999983e-18
2.960106999999999822e+00 2.176168232618136990e-15 1.690716999999999968e-18
2.960771999999999959e+00 2.199597806019032460e-15 1.722035000000000020e-18
2.961437000000000097e+00 2.190916958465724967e-15 1.717117999999999972e-18
2.962101999999999791e+00 2.161905486085419835e-15 1.702797999999999920e-18
2.962766999999999928e+00 2.115130164609390875e-15 1.687988999999999970e-18
2.963432000000000066e+00 2.024553878502678325e-15 1.681392999999999917e-18
2.964097000000000204e+00 2.066206609218912058e-15 1.728631000000000074e-18
2.964761999999999897e+00 2.282326501426251830e-15 1.803948000000000148e-18
2.965427000000000035e+00 2.298282514954440015e-15 1.793703000000000015e-18
2.966092000000000173e+00 2.110688937234285399e-15 1.711089000000000063e-18
2.966756999999999866e+00 2.084119337922445026e-15 1.671729999999999925e-18
2.967422000000000004e+00 2.165596475827930198e-15 1.667047000000000040e-18
2.968087000000000142e+00 2.054405755693797805e-15 1.619628999999999935e-18
2.968751999999999835e+00 1.946501504466593655e-15 1.562976999999999946e-18
2.969416999999999973e+00 2.078644516462321484e-15 1.612104000000000046e-18
2.970082000000000111e+00 2.183468621368535433e-15 1.659228000000000005e-18
2.970746999999999804e+00 2.169618176979220727e-15 1.631594999999999984e-18
2.971411999999999942e+00 2.094619968660168376e-15 1.614088000000000027e-18
2.972077000000000080e+00 2.049728467399488233e-15 1.581862999999999993e-18
2.972742000000000218e+00 2.105614412748527380e-15 1.622124999999999949e-18
2.973406999999999911e+00 2.214438899719794189e-15 1.670102000000000059e-18
2.974072000000000049e+00 2.280621786254007654e-15 1.693689000000000063e-18
2.974737000000000187e+00 2.155624421568579409e-15 1.633008000000000039e-18
2.975401999999999880e+00 2.172681382507370113e-15 1.652921000000000035e-18
2.976067000000000018e+00 2.260777889723302316e-15 1.686681999999999974e-18
2.976732000000000156e+00 2.307588539311781140e-15 1.692762999999999919e-18
2.977396999999999849e+00 2.373762388571285440e-15 1.719789000000000063e-18
2.978061999999999987e+00 2.304348701874424131e-15 1.681081999999999981e-18
2.978727000000000125e+00 2.169846410428828143e-15 1.858984999999999896e-18
2.979391999999999818e+00 2.127502579426483417e-15 1.834553999999999968e-18
2.980056999999999956e+00 2.121117859542080081e-15 1.613865999999999976e-18
2.980722000000000094e+00 2.224244326231074279e-15 1.631766000000000089e-18
2.981386999999999787e+00 2.175519023643058344e-15 1.612966000000000042e-18
2.982051999999999925e+00 2.120012465582690391e-15 1.591796999999999997e-18
2.982717000000000063e+00 2.083963064433725553e-15 1.550720999999999916e-18
2.983382000000000200e+00 2.100455156161533294e-15 1.547195999999999968e-18
2.984046999999999894e+00 2.136677503845267278e-15 1.542166000000000003e-18
2.984712000000000032e+00 2.170694869752687853e-15 1.536609000000000010e-18
2.985377000000000169e+00 2.186868899343101104e-15 1.509529000000000036e-18
2.986041999999999863e+00 2.162332974456034683e-15 1.498368999999999973e-18
2.986707000000000001e+00 2.056305434088740731e-15 1.448330000000000019e-18
2.987372000000000138e+00 1.991723639091826333e-15 1.416516999999999918e-18
2.988036999999999832e+00 1.963841031179935336e-15 1.428765000000000001e-18
2.988701999999999970e+00 1.870482974847927173e-15 1.397898999999999999e-18
2.989367000000000107e+00 1.868701958513093648e-15 1.399671000000000054e-18
2.990031999999999801e+00 2.000086537512652892e-15 1.436659000000000014e-18
2.990696999999999939e+00 2.027810173133995754e-15 1.442348999999999982e-18
2.991362000000000076e+00 2.054425062318728282e-15 1.454117999999999907e-18
2.992027000000000214e+00 2.110425536106810775e-15 1.455811000000000011e-18
2.992691999999999908e+00 2.109071671645248963e-15 1.439370999999999927e-18
2.993357000000000046e+00 2.141368454065827571e-15 1.457690999999999919e-18
2.994022000000000183e+00 2.188012880296904865e-15 1.476180999999999926e-18
2.994686999999999877e+00 2.216234743938805039e-15 1.499928999999999909e-18
2.995352000000000015e+00 2.180143490818997093e-15 1.478448999999999928e-18
2.996017000000000152e+00 2.141873739188785095e-15 1.484293000000000018e-18
2.996681999999999846e+00 2.088978976855317686e-15 1.522058000000000063e-18
2.997346999999999984e+00 2.110421752394940062e-15 1.570734000000000012e-18
2.998012000000000121e+00 2.100131628554317503e-15 1.525427000000000095e-18
2.998676999999999815e+00 2.044485103071065788e-15 1.448416999999999917e-18
2.999341999999999953e+00 2.156968663736143329e-15 1.473777999999999963e-18
3.000007000000000090e+00 2.216313968808763227e-15 1.512405000000000004e-18
3.000671999999999784e+00 2.119675275301926083e-15 1.454115000000000024e-18
3.001336999999999922e+00 2.088200610532998387e-15 1.417557000000000068e-18
3.002002000000000059e+00 2.100496858952554717e-15 1.450635999999999959e-18
3.002667000000000197e+00 2.091154321306885825e-15 1.445074999999999993e-18
3.003331999999999891e+00 2.028933428939264682e-15 1.426618000000000054e-18
3.003997000000000028e+00 2.020707096658300188e-15 1.411484999999999966e-18
3.004662000000000166e+00 2.020109024856447215e-15 1.415867999999999937e-18
3.005326999999999860e+00 2.022478647628077807e-15 1.412273000000000073e-18
3.005991999999999997e+00 2.000553247741197716e-15 1.394864999999999935e-18
3.006657000000000135e+00 1.938453129485250512e-15 1.348986000000000003e-18
3.007321999999999829e+00 1.837345350500337609e-15 1.305854999999999936e-18
3.007986999999999966e+00 1.785370546869323415e-15 1.291601000000000019e-18
3.008652000000000104e+00 1.826272443471764170e-15 1.309281000000000067e-18
3.009316999999999798e+00 1.835794311542523439e-15 1.300877999999999905e-18
3.009981999999999935e+00 1.826718825814466191e-15 1.297100999999999913e-18
3.010647000000000073e+00 1.891098693419333511e-15 1.327446000000000039e-18
3.011312000000000211e+00 1.961581782857127874e-15 1.363502000000000088e-18
3.011976999999999904e+00 1.997293159094470493e-15 1.365692999999999933e-18
3.012642000000000042e+00 2.018366520468580551e-15 1.387265999999999964e-18
3.013307000000000180e+00 2.096562648167347344e-15 1.675365999999999995e-18
3.013971999999999873e+00 2.159451388133798227e-15 1.714653000000000039e-18
3.014637000000000011e+00 2.250539501725227532e-15 1.495031000000000022e-18
3.015302000000000149e+00 2.259118463558976539e-15 1.518401000000000037e-18
3.015966999999999842e+00 2.173189921618694193e-15 1.523530999999999909e-18
3.016631999999999980e+00 2.125450721495047337e-15 1.519674999999999966e-18
3.017297000000000118e+00 2.066486070665362459e-15 1.463794999999999998e-18
3.017961999999999811e+00 2.098139245020364788e-15 1.513424000000000006e-18
3.018626999999999949e+00 2.168606274297764532e-15 1.546479000000000059e-18
3.019292000000000087e+00 2.137685580682548724e-15 1.837414999999999941e-18
3.019956999999999780e+00 2.124939075706593305e-15 1.553343000000000048e-18
3.020621999999999918e+00 2.144962356135883599e-15 1.559134999999999909e-18
3.021287000000000056e+00 2.104502104302504369e-15 1.576696999999999977e-18
3.021952000000000194e+00 1.950676431303354241e-15 1.542547000000000047e-18
3.022616999999999887e+00 1.927694848006077825e-15 1.531775000000000079e-18
3.023282000000000025e+00 1.967294119594864421e-15 1.552997999999999954e-18
3.023947000000000163e+00 1.951631326670570621e-15 1.560908999999999950e-18
3.024611999999999856e+00 1.989793966667412940e-15 1.599984999999999965e-18
3.025276999999999994e+00 1.994520849605578777e-15 1.594908000000000026e-18
3.025942000000000132e+00 1.936794986603834242e-15 1.603023000000000002e-18
3.026606999999999825e+00 1.951068579086569900e-15 1.592008999999999923e-18
3.027271999999999963e+00 2.088379094319712379e-15 1.665998999999999943e-18
3.027937000000000101e+00 2.104494036967368678e-15 1.755503000000000095e-18
3.028601999999999794e+00 1.986704948714884858e-15 2.560125999999999977e-18
3.029266999999999932e+00 1.911023658317815425e-15 2.347753000000000160e-18
3.029932000000000070e+00 1.897244392370276989e-15 2.405631999999999912e-18
3.030597000000000207e+00 1.960891671431173044e-15 1.618308999999999930e-18
3.031261999999999901e+00 1.950067874383159426e-15 1.613145999999999990e-18
3.031927000000000039e+00 1.998525860618231584e-15 1.639754999999999946e-18
3.032592000000000176e+00 2.112029488902410707e-15 1.707449000000000019e-18
3.033256999999999870e+00 2.093175555968091914e-15 1.723295000000000043e-18
3.033922000000000008e+00 2.064190299501423802e-15 1.738450000000000175e-18
3.034587000000000145e+00 2.086667408411171143e-15 1.739547000000000039e-18
3.035251999999999839e+00 2.045594743376153599e-15 1.967457999999999827e-18
3.035916999999999977e+00 2.045986066136261305e-15 2.201056000000000085e-18
3.036582000000000114e+00 2.066339716024213236e-15 2.204074000000000063e-18
3.037246999999999808e+00 2.097791285901665136e-15 2.199074000000000090e-18
3.037911999999999946e+00 2.081121210166699287e-15 1.811910000000000091e-18
3.038577000000000083e+00 2.006992859560816065e-15 1.520132000000000078e-18
3.039242000000000221e+00 2.011630755919830919e-15 1.498604000000000034e-18
3.039906999999999915e+00 2.100816151913443252e-15 1.529814999999999937e-18
3.040572000000000052e+00 2.127219819693256875e-15 1.547694999999999991e-18
3.041237000000000190e+00 2.101322077162308384e-15 1.519717000000000069e-18
3.041901999999999884e+00 2.100990881905584321e-15 1.510806999999999937e-18
3.042567000000000021e+00 2.017090713904775570e-15 1.453215000000000090e-18
3.043232000000000159e+00 1.932605919959326732e-15 1.400479999999999924e-18
3.043896999999999853e+00 1.909361175988027491e-15 1.376207000000000091e-18
3.044561999999999991e+00 1.877891668306229184e-15 1.356190000000000023e-18
3.045227000000000128e+00 1.883584431322804291e-15 1.350281999999999977e-18
3.045891999999999822e+00 1.896236398641036893e-15 1.336097000000000079e-18
3.046556999999999960e+00 1.960862142940398251e-15 1.360726999999999924e-18
3.047222000000000097e+00 2.003151660595864425e-15 1.382789000000000046e-18
3.047886999999999791e+00 1.959782983056740479e-15 1.348324999999999911e-18
3.048551999999999929e+00 1.965808648756248897e-15 1.354393000000000039e-18
3.049217000000000066e+00 1.890683504931306336e-15 1.328300999999999986e-18
3.049882000000000204e+00 1.822699138757751124e-15 1.306963999999999912e-18
3.050546999999999898e+00 1.879841387922092590e-15 1.353753999999999992e-18
3.051212000000000035e+00 1.915625846120953881e-15 1.355674999999999914e-18
3.051877000000000173e+00 1.939484258141815788e-15 1.365864999999999935e-18
3.052541999999999867e+00 1.898398395463563201e-15 1.356508000000000008e-18
3.053207000000000004e+00 1.903061738078480662e-15 1.363588000000000089e-18
3.053872000000000142e+00 1.996238011083552750e-15 1.402870999999999967e-18
3.054536999999999836e+00 2.048387537927072522e-15 1.441385999999999989e-18
3.055201999999999973e+00 2.192411327198545699e-15 1.502186999999999979e-18
3.055867000000000111e+00 2.299476886878425148e-15 1.580359999999999963e-18
3.056531999999999805e+00 2.213319280974283423e-15 1.546887999999999915e-18
3.057196999999999942e+00 2.144464780858154910e-15 1.531592000000000054e-18
3.057862000000000080e+00 2.106264577167721923e-15 1.528741000000000015e-18
3.058527000000000218e+00 2.045284119538383471e-15 1.728723999999999931e-18
3.059191999999999911e+00 1.995694929448245235e-15 1.522903000000000077e-18
3.059857000000000049e+00 2.092232249077181903e-15 1.555804000000000007e-18
3.060522000000000187e+00 2.078063886981131254e-15 1.548390999999999945e-18
3.061186999999999880e+00 2.050215727706168397e-15 1.484283000000000085e-18
3.061852000000000018e+00 2.047053207143761674e-15 1.700972999999999931e-18
3.062517000000000156e+00 2.134316788886375833e-15 1.715079000000000070e-18
3.063181999999999849e+00 2.203956674176786007e-15 1.576019999999999992e-18
3.063846999999999987e+00 2.063574898461131589e-15 1.480759000000000034e-18
3.064512000000000125e+00 1.950130063651034033e-15 1.428043000000000029e-18
3.065176999999999818e+00 1.920607732671371233e-15 1.404918999999999904e-18
3.065841999999999956e+00 1.973740766381597442e-15 1.430973999999999917e-18
3.066507000000000094e+00 2.049054398756263785e-15 1.480291000000000091e-18
3.067171999999999787e+00 2.090280325113660320e-15 1.485545000000000094e-18
3.067836999999999925e+00 2.117873330015686134e-15 1.484192999999999919e-18
3.068502000000000063e+00 2.104875150281866000e-15 1.435413999999999987e-18
3.069167000000000201e+00 2.001977629660038692e-15 1.403842999999999996e-18
3.069831999999999894e+00 1.932795512937289453e-15 1.385165999999999991e-18
3.070497000000000032e+00 1.859217033565418586e-15 1.328710000000000035e-18
3.071162000000000170e+00 1.831707891608322439e-15 1.336662000000000045e-18
3.071826999999999863e+00 1.868269909926754168e-15 1.363684000000000023e-18
3.072492000000000001e+00 1.892660707162575933e-15 1.370944999999999949e-18
3.073157000000000139e+00 1.884700505955197301e-15 1.389859000000000001e-18
3.073821999999999832e+00 1.922235549674963141e-15 1.407066999999999941e-18
3.074486999999999970e+00 1.935688965799035133e-15 1.407139000000000036e-18
3.075152000000000108e+00 1.954548236879803966e-15 1.434149999999999992e-18
3.075816999999999801e+00 2.046436280196564473e-15 1.469533999999999926e-18
3.076481999999999939e+00 2.111146468631433066e-15 1.504843999999999972e-18
3.077147000000000077e+00 2.062611587057797229e-15 1.499342999999999988e-18
3.077812000000000214e+00 2.065769259852883530e-15 1.521993999999999915e-18
3.078476999999999908e+00 2.171927443672093319e-15 1.559483999999999975e-18
3.079142000000000046e+00 2.220044225413206238e-15 1.554345999999999964e-18
3.079807000000000183e+00 2.183087895406816481e-15 1.560211000000000010e-18
3.080471999999999877e+00 2.116760714408443438e-15 1.534101000000000077e-18
3.081137000000000015e+00 2.097167302984373424e-15 1.553876999999999932e-18
3.081802000000000152e+00 2.107749635781508771e-15 1.561504999999999997e-18
3.082466999999999846e+00 2.035925063996026225e-15 1.501919000000000043e-18
3.083131999999999984e+00 1.960719062256077709e-15 1.456525999999999933e-18
3.083797000000000121e+00 1.991099247517034355e-15 1.492944999999999955e-18
3.084461999999999815e+00 2.111895399996743091e-15 1.565285999999999962e-18
3.085126999999999953e+00 2.139999475720404503e-15 1.608424000000000078e-18
3.085792000000000090e+00 2.127071126031011092e-15 1.616090000000000080e-18
3.086456999999999784e+00 2.072259117050110292e-15 1.588345999999999938e-18
3.087121999999999922e+00 2.054249450894001373e-15 1.917873000000000102e-18
3.087787000000000059e+00 nan nan
3.088452000000000197e+00 nan nan
3.089116999999999891e+00 1.953096335480282968e-15 2.320987999999999902e-18
3.089782000000000028e+00 1.906142739468421096e-15 1.680309000000000062e-18
3.090447000000000166e+00 1.974081725803160989e-15 1.725488999999999963e-18
3.091111999999999860e+00 1.950157647763596442e-15 1.725729999999999984e-18
3.091776999999999997e+00 nan nan
3.092442000000000135e+00 1.965558598457876119e-15 1.719232999999999941e-18
3.093106999999999829e+00 1.978421712963841532e-15 1.713421999999999918e-18
3.093771999999999966e+00 2.006854900439543994e-15 1.704388999999999937e-18
3.094437000000000104e+00 2.044340048070335386e-15 1.691561999999999982e-18
3.095101999999999798e+00 1.915717311555987497e-15 1.580673000000000079e-18
3.095766999999999936e+00 1.857292475211134480e-15 1.516286000000000068e-18
3.096432000000000073e+00 1.938387737438946841e-15 1.540513000000000016e-18
3.097097000000000211e+00 1.921442600157286484e-15 1.496519000000000056e-18
3.097761999999999905e+00 1.950465767404998164e-15 1.464226999999999990e-18
3.098427000000000042e+00 1.978518150224820220e-15 1.423127000000000070e-18
3.099092000000000180e+00 2.003954009302895274e-15 1.600850999999999934e-18
3.099756999999999874e+00 2.040867941081930961e-15 1.574621000000000036e-18
3.100422000000000011e+00 2.082276472741465422e-15 1.572630000000000005e-18
3.101087000000000149e+00 2.185165228029776934e-15 1.421573000000000093e-18
3.101751999999999843e+00 2.172408428895470506e-15 1.318170999999999948e-18
3.102416999999999980e+00 2.036262889846734533e-15 1.260161000000000016e-18
3.103082000000000118e+00 2.002844258140647000e-15 1.252869000000000008e-18
3.103746999999999812e+00 2.071986897385935975e-15 1.273105000000000052e-18
3.104411999999999949e+00 2.096217837952144272e-15 1.268775000000000015e-18
3.105077000000000087e+00 2.048351197803802193e-15 1.233156999999999916e-18
3.105741999999999781e+00 1.961061539564590668e-15 1.182618000000000042e-18
3.106406999999999918e+00 1.949953143634005191e-15 1.170956999999999970e-18
3.107072000000000056e+00 2.012863525615238822e-15 1.194655000000000096e-18
3.107737000000000194e+00 1.980922202149730226e-15 1.190667000000000076e-18
3.108401999999999887e+00 1.936208598557445380e-15 1.175797000000000054e-18
3.109067000000000025e+00 1.993432562095614974e-15 1.206291999999999944e-18
3.109732000000000163e+00 2.047070149823315987e-15 1.218340999999999918e-18
3.110396999999999856e+00 2.048619171747017571e-15 1.223139000000000090e-18
3.111061999999999994e+00 1.997511928365178897e-15 1.213546999999999911e-18
3.111727000000000132e+00 2.003030963571572436e-15 1.228393000000000093e-18
3.112391999999999825e+00 2.013501318970203461e-15 1.233937000000000077e-18
3.113056999999999963e+00 1.970251383367738086e-15 1.248480000000000077e-18
3.113722000000000101e+00 1.896939088248702937e-15 1.236237000000000057e-18
3.114386999999999794e+00 1.865769412346831661e-15 1.230284999999999921e-18
3.115051999999999932e+00 1.903984698267607188e-15 1.265185999999999918e-18
3.115717000000000070e+00 2.006636635437527913e-15 1.349724000000000060e-18
3.116382000000000208e+00 2.073428560936185523e-15 1.429714999999999984e-18
3.117046999999999901e+00 2.071063378485448549e-15 2.080097000000000126e-18
3.117712000000000039e+00 1.982616983247572330e-15 1.605369000000000059e-18
3.118377000000000177e+00 1.888656654588439845e-15 1.325806000000000062e-18
3.119041999999999870e+00 1.937130444487273842e-15 1.372939999999999953e-18
3.119707000000000008e+00 2.032696995445540973e-15 1.401963000000000087e-18
3.120372000000000146e+00 2.048361553470771574e-15 1.480755999999999958e-18
3.121036999999999839e+00 2.010817279209398375e-15 1.518081000000000065e-18
3.121701999999999977e+00 2.045388601701161332e-15 1.551286000000000075e-18
3.122367000000000115e+00 2.084185174386380336e-15 1.610017000000000082e-18
3.123031999999999808e+00 2.038789823697705597e-15 1.565409000000000003e-18
3.123696999999999946e+00 2.103615584528699449e-15 1.638185000000000077e-18
3.124362000000000084e+00 2.025945077530453003e-15 1.621094000000000027e-18
3.125027000000000221e+00 2.065838520145149547e-15 1.631742000000000057e-18
3.125691999999999915e+00 2.121054404303566395e-15 1.661079999999999908e-18
3.126357000000000053e+00 2.130837723881729462e-15 1.661527999999999985e-18
3.127022000000000190e+00 2.114039080536180968e-15 1.666323000000000081e-18
3.127686999999999884e+00 2.041070019656753849e-15 1.599739000000000074e-18
3.128352000000000022e+00 1.978315227844806999e-15 1.575359000000000093e-18
3.129017000000000159e+00 1.923976596383724327e-15 1.521815999999999953e-18
3.129681999999999853e+00 1.867343396399811063e-15 1.509641000000000055e-18
3.130346999999999991e+00 1.860662230373751784e-15 1.506973000000000039e-18
3.131012000000000128e+00 1.927091948936169760e-15 1.531861999999999977e-18
3.131676999999999822e+00 2.051643217104227061e-15 1.567301999999999921e-18
3.132341999999999960e+00 1.996177145292850557e-15 1.572035999999999945e-18
3.133007000000000097e+00 1.896157193745028937e-15 1.513100999999999958e-18
3.133671999999999791e+00 1.958417362275291455e-15 1.552193999999999955e-18
3.134336999999999929e+00 2.062072125765716920e-15 1.600504000000000046e-18
3.135002000000000066e+00 2.016205986625880991e-15 1.572497000000000031e-18
3.135667000000000204e+00 1.995567672062811539e-15 1.536984000000000095e-18
3.136331999999999898e+00 2.153845145106755924e-15 1.601931000000000008e-18
3.136997000000000035e+00 2.137454287268145566e-15 1.578033000000000068e-18
3.137662000000000173e+00 1.971889598321165404e-15 1.507442000000000071e-18
3.138326999999999867e+00 1.942070710123859338e-15 1.456792999999999972e-18
3.138992000000000004e+00 2.044805961798012922e-15 1.458013000000000070e-18
3.139657000000000142e+00 2.091030701472474998e-15 1.486075000000000006e-18
3.140321999999999836e+00 2.078531478065804572e-15 1.458103999999999941e-18
3.140986999999999973e+00 2.003340036856952462e-15 1.408190999999999913e-18
3.141652000000000111e+00 1.913567286794058381e-15 1.393961999999999925e-18
3.142316999999999805e+00 1.986802915574813880e-15 1.416078000000000070e-18
3.142981999999999942e+00 2.016749843213843697e-15 1.404211999999999928e-18
3.143647000000000080e+00 1.964360332179058817e-15 1.367055999999999939e-18
3.144312000000000218e+00 2.037757532053822495e-15 1.390145999999999906e-18
3.144976999999999911e+00 2.131984134257226350e-15 1.430273000000000093e-18
3.145642000000000049e+00 2.138355917606225098e-15 1.439209000000000051e-18
3.146307000000000187e+00 2.076384199973920713e-15 1.393725000000000070e-18
3.146971999999999881e+00 2.028672882515288678e-15 1.372610000000000048e-18
3.147637000000000018e+00 2.018599117823810308e-15 1.365696000000000009e-18
3.148302000000000156e+00 2.052596623847206084e-15 1.385717999999999948e-18
3.148966999999999850e+00 2.042068098505632798e-15 1.362079999999999997e-18
3.149631999999999987e+00 1.997957614328072995e-15 1.340977999999999984e-18
3.150297000000000125e+00 2.036840351344735407e-15 1.344687999999999943e-18
3.150961999999999819e+00 2.151224544990487765e-15 1.392947999999999985e-18
3.151626999999999956e+00 2.155706935241849210e-15 1.399772999999999947e-18
3.152292000000000094e+00 2.038337398211867667e-15 1.375555999999999932e-18
3.152956999999999788e+00 2.009568305925074250e-15 1.375727999999999934e-18
3.153621999999999925e+00 1.973357077827999210e-15 1.364000999999999919e-18
3.154287000000000063e+00 1.968086135944612718e-15 1.361932999999999924e-18
3.154952000000000201e+00 1.966667251425359804e-15 1.417178000000000010e-18
3.155616999999999894e+00 1.946517660183969021e-15 1.441483999999999910e-18
3.156282000000000032e+00 1.975520261837253651e-15 1.401410999999999938e-18
3.156947000000000170e+00 1.946891076040310094e-15 1.402973000000000053e-18
3.157611999999999863e+00 1.947404688713980014e-15 1.770182999999999851e-18
3.158277000000000001e+00 1.933799238570036300e-15 1.295148999999999910e-18
3.158942000000000139e+00 2.002780540934926072e-15 1.329316000000000015e-18
3.159606999999999832e+00 2.050404758195507776e-15 1.336830999999999970e-18
3.160271999999999970e+00 2.059006041467525660e-15 1.301613999999999975e-18
3.160937000000000108e+00 2.090513296974428444e-15 1.323544999999999916e-18
3.161601999999999801e+00 2.099300892717028110e-15 1.315092999999999986e-18
3.162266999999999939e+00 2.123719403468935598e-15 1.303027999999999928e-18
3.162932000000000077e+00 2.193010718109210437e-15 1.313426000000000094e-18
3.163597000000000214e+00 2.209466569132853538e-15 1.305557999999999906e-18
3.164261999999999908e+00 2.139284219065282613e-15 1.248112999999999939e-18
3.164927000000000046e+00 2.063852668979639690e-15 2.724422999999999867e-18
3.165592000000000183e+00 2.022222499067091018e-15 1.453135999999999946e-18
3.166256999999999877e+00 2.001860363133929892e-15 1.186036000000000034e-18
3.166922000000000015e+00 1.987844835625812320e-15 1.163500000000000010e-18
3.167587000000000153e+00 1.996205283343331958e-15 1.151845999999999988e-18
3.168251999999999846e+00 2.032731547855093821e-15 1.163784999999999928e-18
3.168916999999999984e+00 2.040700893827286522e-15 1.158384999999999942e-18
3.169582000000000122e+00 2.041221128958832839e-15 1.149551000000000070e-18
3.170246999999999815e+00 2.071538671690791192e-15 1.164706000000000010e-18
3.170911999999999953e+00 2.062086894966534266e-15 1.169180000000000045e-18
3.171577000000000091e+00 2.007646921005359399e-15 1.157808000000000056e-18
3.172241999999999784e+00 1.969590011601677269e-15 1.157973000000000009e-18
3.172906999999999922e+00 1.993148368462338471e-15 1.169862000000000093e-18
3.173572000000000060e+00 2.038612009001165464e-15 1.192530000000000002e-18
3.174237000000000197e+00 2.034133795292309144e-15 1.195863999999999979e-18
3.174901999999999891e+00 1.993362044690307939e-15 1.205339999999999974e-18
3.175567000000000029e+00 2.029374289934587749e-15 1.218594000000000050e-18
3.176232000000000166e+00 1.979568328217020372e-15 1.206813000000000013e-18
3.176896999999999860e+00 1.911140311903151855e-15 1.196329999999999935e-18
3.177561999999999998e+00 1.972046602416537320e-15 1.239249000000000076e-18
3.178227000000000135e+00 1.961152149464342082e-15 1.224663999999999972e-18
3.178891999999999829e+00 1.954928565997185521e-15 1.227081000000000034e-18
3.179556999999999967e+00 1.969405913398021243e-15 1.254061999999999999e-18
3.180222000000000104e+00 2.046909997078709194e-15 1.307707000000000032e-18
3.180886999999999798e+00 1.995563241621406400e-15 1.335996000000000082e-18
3.181551999999999936e+00 2.028354424573516065e-15 1.364951000000000095e-18
3.182217000000000073e+00 2.148333045884076602e-15 1.466079000000000086e-18
3.182882000000000211e+00 2.197095649199181285e-15 1.462351999999999951e-18
3.183546999999999905e+00 2.177096271913715121e-15 1.476672000000000003e-18
3.184212000000000042e+00 2.138620645612536601e-15 1.710231000000000040e-18
3.184877000000000180e+00 2.061235117402045597e-15 1.553655999999999970e-18
3.185541999999999874e+00 2.035919281866384839e-15 1.595027999999999992e-18
3.186207000000000011e+00 2.031581804408352192e-15 1.532602999999999918e-18
3.186872000000000149e+00 2.058064900114949718e-15 1.499387000000000078e-18
3.187536999999999843e+00 2.142051854804356411e-15 1.571480999999999912e-18
3.188201999999999980e+00 2.149841347994063582e-15 1.582711999999999980e-18
3.188867000000000118e+00 2.017198585919523072e-15 1.561000000000000014e-18
3.189531999999999812e+00 1.913422539958692655e-15 1.508244999999999981e-18
3.190196999999999949e+00 1.965620998393804646e-15 1.485480999999999946e-18
3.190862000000000087e+00 2.129288755621815429e-15 1.547732999999999929e-18
3.191526999999999781e+00 2.123597013212782942e-15 1.537702999999999991e-18
3.192191999999999918e+00 2.091756454201555363e-15 1.496336000000000032e-18
3.192857000000000056e+00 1.993446667971496136e-15 1.447771000000000013e-18
3.193522000000000194e+00 1.969268367007670772e-15 1.452122000000000007e-18
3.194186999999999887e+00 1.936599808605930124e-15 1.672222000000000091e-18
3.194852000000000025e+00 1.924051427590010129e-15 1.681676000000000041e-18
3.195517000000000163e+00 1.963085433166890929e-15 1.681700000000000073e-18
3.196181999999999856e+00 2.002046511637279328e-15 1.474508999999999971e-18
3.196846999999999994e+00 1.985664656386226176e-15 1.529965000000000086e-18
3.197512000000000132e+00 2.007240862291246199e-15 1.536536999999999915e-18
3.198176999999999826e+00 1.997207604090170433e-15 1.508218999999999963e-18
3.198841999999999963e+00 1.981855851477623034e-15 1.483872000000000050e-18
3.199507000000000101e+00 1.931716010808155347e-15 1.442771999999999937e-18
3.200171999999999795e+00 1.925881832395361657e-15 1.430288000000000089e-18
3.200836999999999932e+00 1.921491293110154480e-15 1.400651999999999925e-18
3.201502000000000070e+00 1.872138264181645167e-15 1.330815000000000071e-18
3.202167000000000208e+00 1.822132839753269720e-15 1.293190999999999947e-18
3.202831999999999901e+00 1.872966903761068613e-15 1.315891000000000026e-18
3.203497000000000039e+00 1.934100413385930177e-15 1.320288999999999993e-18
3.204162000000000177e+00 1.937698168286582523e-15 1.328525999999999921e-18
3.204826999999999870e+00 1.994110240099990418e-15 1.355677999999999990e-18
3.205492000000000008e+00 2.090250801781392136e-15 1.355272999999999914e-18
3.206157000000000146e+00 2.190834774931644880e-15 1.378788000000000016e-18
3.206821999999999839e+00 2.207149436956067472e-15 1.373651000000000095e-18
3.207486999999999977e+00 2.153162320589978857e-15 1.352235999999999967e-18
3.208152000000000115e+00 2.110078579926851712e-15 1.327723999999999908e-18
3.208816999999999808e+00 2.106088237106426441e-15 1.331363000000000055e-18
3.209481999999999946e+00 2.116781306068179804e-15 1.359297000000000079e-18
3.210147000000000084e+00 2.127601208688772639e-15 1.385870000000000084e-18
3.210812000000000221e+00 2.085136437554694140e-15 1.395657999999999912e-18
3.211476999999999915e+00 2.065531365166555368e-15 1.428316000000000027e-18
3.212142000000000053e+00 1.990459049571707868e-15 1.407984999999999946e-18
3.212807000000000190e+00 1.967302616172081409e-15 1.460309000000000077e-18
3.213471999999999884e+00 2.094955262455967452e-15 1.561955000000000060e-18
3.214137000000000022e+00 2.107938306363530694e-15 1.581599000000000030e-18
3.214802000000000159e+00 1.990043182467165349e-15 1.482614999999999911e-18
3.215466999999999853e+00 2.021602521930400511e-15 1.468815000000000030e-18
3.216131999999999991e+00 2.101881955856055477e-15 1.497424000000000053e-18
3.216797000000000128e+00 2.138217570259934310e-15 1.557064000000000030e-18
3.217461999999999822e+00 2.077312664187999575e-15 1.549549999999999971e-18
3.218126999999999960e+00 1.974174531144548291e-15 1.472644999999999955e-18
3.218792000000000098e+00 1.980724546227843005e-15 1.402089999999999910e-18
3.219456999999999791e+00 2.025037156442744934e-15 1.369820000000000080e-18
3.220121999999999929e+00 2.030739844304849034e-15 1.364847999999999919e-18
3.220787000000000067e+00 2.000360889775228546e-15 1.311579000000000060e-18
3.221452000000000204e+00 2.000903731026867687e-15 1.255410000000000009e-18
3.222116999999999898e+00 2.029391893599070677e-15 1.236920000000000002e-18
3.222782000000000036e+00 2.009742121735480785e-15 1.308430999999999991e-18
3.223447000000000173e+00 2.000497247532537523e-15 1.431418999999999917e-18
3.224111999999999867e+00 1.973752530176973956e-15 1.402184999999999946e-18
3.224777000000000005e+00 2.016064498666615474e-15 1.428587999999999936e-18
3.225442000000000142e+00 2.115882422874079751e-15 1.292081000000000074e-18
3.226106999999999836e+00 2.008178854862504338e-15 1.233221000000000065e-18
3.226771999999999974e+00 2.003886607068738940e-15 1.195104000000000070e-18
3.227437000000000111e+00 2.019716147985950066e-15 1.182571999999999966e-18
3.228101999999999805e+00 2.002054764143588730e-15 1.173897999999999984e-18
3.228766999999999943e+00 1.950908730016230236e-15 1.172439000000000044e-18
3.229432000000000080e+00 2.000998191852516679e-15 1.206293000000000034e-18
3.230097000000000218e+00 2.103545058969887420e-15 1.223467000000000009e-18
3.230761999999999912e+00 2.187670832981885699e-15 1.263855000000000082e-18
3.231427000000000049e+00 2.191468674516886921e-15 1.271147000000000089e-18
3.232092000000000187e+00 2.063860014609425077e-15 1.227060000000000079e-18
3.232756999999999881e+00 2.024873326925380205e-15 1.208944000000000067e-18
3.233422000000000018e+00 2.065343524519135149e-15 1.220636000000000028e-18
3.234087000000000156e+00 2.084466548327676370e-15 1.222810999999999979e-18
3.234751999999999850e+00 2.103100680249504548e-15 1.238488000000000077e-18
3.235416999999999987e+00 2.080317287787621787e-15 1.243193000000000007e-18
3.236082000000000125e+00 2.073441516068294121e-15 1.256797000000000046e-18
3.236746999999999819e+00 2.073729430886913139e-15 1.272516000000000055e-18
3.237411999999999956e+00 2.016943413732086122e-15 1.254759999999999939e-18
3.238077000000000094e+00 2.045341393099671122e-15 1.272974999999999961e-18
3.238741999999999788e+00 2.091728102136249647e-15 1.309814000000000055e-18
3.239406999999999925e+00 2.058958858135489426e-15 1.603909000000000029e-18
3.240072000000000063e+00 1.910160065240303844e-15 1.296832999999999977e-18
3.240737000000000201e+00 1.908676184026416251e-15 1.263781000000000001e-18
3.241401999999999894e+00 1.983550399370230629e-15 1.299027999999999988e-18
3.242067000000000032e+00 2.050050253866468219e-15 1.335940999999999970e-18
3.242732000000000170e+00 2.018565671303376865e-15 1.322807999999999949e-18
3.243396999999999863e+00 2.006738764400490335e-15 1.319438999999999917e-18
3.244062000000000001e+00 1.994742919199281740e-15 1.333259999999999945e-18
3.244727000000000139e+00 1.985821844889483402e-15 1.323963000000000002e-18
3.245391999999999832e+00 2.007655131024494897e-15 1.348144000000000066e-18
3.246056999999999970e+00 2.015646462413293311e-15 1.332167000000000054e-18
3.246722000000000108e+00 2.017006680547874369e-15 1.396648999999999909e-18
3.247386999999999802e+00 nan nan
3.248051999999999939e+00 nan nan
3.248717000000000077e+00 nan nan
3.249382000000000215e+00 2.093304420375535960e-15 1.473433000000000062e-18
3.250046999999999908e+00 2.079419973469276727e-15 1.436849999999999985e-18
3.250712000000000046e+00 2.060013838023716294e-15 1.552836000000000078e-18
3.251377000000000184e+00 2.072677865519059409e-15 1.483188000000000015e-18
3.252041999999999877e+00 2.100992446296530567e-15 1.478941999999999992e-18
3.252707000000000015e+00 2.091827584318327497e-15 1.507958000000000077e-18
3.253372000000000153e+00 nan nan
3.254036999999999846e+00 2.101192466886434323e-15 1.511911000000000043e-18
3.254701999999999984e+00 2.061198923839284108e-15 1.451153999999999951e-18
3.255367000000000122e+00 2.078456199136173000e-15 1.463877999999999923e-18
3.256031999999999815e+00 2.087498641351415709e-15 1.503471000000000033e-18
3.256696999999999953e+00 2.114186050465909599e-15 1.531985000000000018e-18
3.257362000000000091e+00 2.117907943601050351e-15 1.535548999999999994e-18
3.258026999999999784e+00 2.106021097798967685e-15 1.520396000000000041e-18
3.258691999999999922e+00 2.101949583125510535e-15 1.501711999999999987e-18
3.259357000000000060e+00 2.103062005371199223e-15 1.504907999999999927e-18
3.260022000000000197e+00 2.097987849475310459e-15 1.492020000000000093e-18
3.260686999999999891e+00 2.148497963360007951e-15 2.033331999999999975e-18
3.261352000000000029e+00 2.131922702405471238e-15 1.740840000000000129e-18
3.262017000000000166e+00 2.083125205567935740e-15 1.749812000000000038e-18
3.262681999999999860e+00 2.017679288542546948e-15 1.472900000000000074e-18
3.263346999999999998e+00 2.006377252813586583e-15 1.396274999999999914e-18
3.264012000000000135e+00 2.073555543194641062e-15 1.396698000000000062e-18
3.264676999999999829e+00 2.063035497890762757e-15 1.392706999999999965e-18
3.265341999999999967e+00 1.998226775018288083e-15 1.370867999999999984e-18
3.266007000000000104e+00 2.016130674336913660e-15 1.373881000000000093e-18
3.266671999999999798e+00 2.081704017508075520e-15 1.409891999999999962e-18
3.267336999999999936e+00 2.085469849767979019e-15 1.375645999999999906e-18
3.268002000000000073e+00 2.044966737512923487e-15 1.354131000000000063e-18
3.268667000000000211e+00 1.980485495111444337e-15 1.342183999999999983e-18
3.269331999999999905e+00 1.966604552691703471e-15 1.327425000000000084e-18
3.269997000000000043e+00 2.027780054726350046e-15 2.604424000000000017e-18
3.270662000000000180e+00 2.030962610291787910e-15 1.613899999999999940e-18
3.271326999999999874e+00 2.031423593323582152e-15 1.310091999999999923e-18
3.271992000000000012e+00 2.062983539604737695e-15 1.317357999999999912e-18
3.272657000000000149e+00 2.113131244937275950e-15 1.349186999999999907e-18
3.273321999999999843e+00 2.096641236986236054e-15 1.351900999999999999e-18
3.273986999999999981e+00 2.038874714677872865e-15 1.335647000000000016e-18
3.274652000000000118e+00 2.015892335122611151e-15 1.342318999999999945e-18
3.275316999999999812e+00 1.991305947546463462e-15 1.331657999999999906e-18
3.275981999999999950e+00 1.956064435965678227e-15 1.492701999999999948e-18
3.276647000000000087e+00 1.997948909560824423e-15 2.050286999999999974e-18
3.277311999999999781e+00 2.070048406553245501e-15 2.801672000000000079e-18
3.277976999999999919e+00 2.008537155547150190e-15 1.359430000000000053e-18
3.278642000000000056e+00 1.987545017465310859e-15 1.353645999999999946e-18
3.279307000000000194e+00 2.025714927745057900e-15 1.407298999999999926e-18
3.279971999999999888e+00 2.027071841608753316e-15 1.418872999999999907e-18
3.280637000000000025e+00 1.970061855557883191e-15 1.400226999999999983e-18
3.281302000000000163e+00 1.935360722490793426e-15 1.362532000000000047e-18
3.281966999999999857e+00 1.973423419243288138e-15 1.360458999999999988e-18
3.282631999999999994e+00 2.034998684040164907e-15 1.386951999999999952e-18
3.283297000000000132e+00 2.073622871230343987e-15 1.379401999999999942e-18
3.283961999999999826e+00 2.092666299457476708e-15 1.388080000000000090e-18
3.284626999999999963e+00 2.084456238760877643e-15 1.337672999999999908e-18
3.285292000000000101e+00 2.098316029169546473e-15 1.311033000000000063e-18
3.285956999999999795e+00 2.068695014955658898e-15 1.300018999999999985e-18
3.286621999999999932e+00 2.005527415263505321e-15 1.311652999999999949e-18
3.287287000000000070e+00 1.924267844079508188e-15 1.364267000000000061e-18
3.287952000000000208e+00 1.903742942409215826e-15 1.455760999999999961e-18
3.288616999999999901e+00 1.993377346290101295e-15 1.557266000000000023e-18
3.289282000000000039e+00 2.097366526808528149e-15 1.554343999999999978e-18
3.289947000000000177e+00 2.116455259695532178e-15 3.160305999999999814e-18
3.290611999999999870e+00 2.010605197087487892e-15 1.375155999999999919e-18
3.291277000000000008e+00 2.003915567824115375e-15 1.386029999999999973e-18
3.291942000000000146e+00 2.036952601882890307e-15 1.532783999999999955e-18
3.292606999999999839e+00 2.018887496636635927e-15 1.578359000000000000e-18
3.293271999999999977e+00 1.956145981149696118e-15 1.548786000000000088e-18
3.293937000000000115e+00 1.939668619453473293e-15 1.540004000000000060e-18
3.294601999999999808e+00 1.958979753943108790e-15 1.533460000000000043e-18
3.295266999999999946e+00 1.959893527366898003e-15 1.525261000000000053e-18
3.295932000000000084e+00 2.015414007180915047e-15 1.477509999999999967e-18
3.296597000000000222e+00 2.063794457223095170e-15 1.388411999999999981e-18
3.297261999999999915e+00 2.035662927822979667e-15 1.278871999999999985e-18
3.297927000000000053e+00 1.967500913880573199e-15 1.195411000000000033e-18
3.298592000000000191e+00 1.984389943480870731e-15 1.189725000000000038e-18
3.299256999999999884e+00 2.050030975079491271e-15 1.217231000000000044e-18
3.299922000000000022e+00 2.030542818304967022e-15 1.193808999999999993e-18
3.300587000000000160e+00 1.990002615273674303e-15 1.183097999999999904e-18
3.301251999999999853e+00 1.997094900831584213e-15 1.195489999999999984e-18
3.301916999999999991e+00 2.070400773864102751e-15 1.232544000000000080e-18
3.302582000000000129e+00 2.063131412572140346e-15 1.241149000000000043e-18
3.303246999999999822e+00 2.048873278857449661e-15 1.226797000000000013e-18
3.303911999999999960e+00 2.061563513140477031e-15 1.233588999999999908e-18
3.304577000000000098e+00 2.043889228195611539e-15 1.214911000000000006e-18
3.305241999999999791e+00 1.995454602620849618e-15 1.209447999999999960e-18
3.305906999999999929e+00 2.018129456341566455e-15 1.246293999999999911e-18
3.306572000000000067e+00 2.053750273458427191e-15 1.282697999999999937e-18
3.307237000000000204e+00 2.055971174158944846e-15 1.315104000000000009e-18
3.307901999999999898e+00 2.016618357017541663e-15 1.358501000000000025e-18
3.308567000000000036e+00 1.958168135051723605e-15 1.328340000000000013e-18
3.309232000000000173e+00 1.989412123360385868e-15 1.382211999999999968e-18
3.309896999999999867e+00 1.974172326700402170e-15 1.951342999999999971e-18
3.310562000000000005e+00 nan nan
3.311227000000000142e+00 nan nan
3.311891999999999836e+00 1.903297205920548310e-15 1.357904000000000082e-18
3.312556999999999974e+00 1.909600128759912712e-15 1.360528000000000007e-18
3.313222000000000111e+00 2.019061963881936944e-15 1.429026999999999977e-18
3.313886999999999805e+00 2.040374199293646544e-15 1.450530000000000092e-18
3.314551999999999943e+00 1.969617733210516229e-15 1.428617000000000030e-18
3.315217000000000080e+00 1.895774158077459671e-15 1.372528000000000020e-18
3.315882000000000218e+00 1.901714677984549763e-15 1.353628999999999964e-18
3.316546999999999912e+00 1.942401158832339089e-15 1.354574000000000077e-18
3.317212000000000049e+00 1.940058704917490327e-15 1.323338999999999950e-18
3.317877000000000187e+00 1.979184092786887806e-15 1.349995999999999969e-18
3.318541999999999881e+00 1.987464083292312773e-15 1.362932999999999957e-18
3.319207000000000019e+00 1.934044793733696899e-15 1.346319999999999974e-18
3.319872000000000156e+00 1.863193356341179892e-15 1.363188999999999973e-18
3.320536999999999850e+00 1.845894288937333877e-15 1.368287000000000059e-18
3.321201999999999988e+00 1.879686451244715055e-15 1.371982999999999920e-18
3.321867000000000125e+00 1.927040805054677236e-15 1.574178999999999919e-18
3.322531999999999819e+00 1.962089035547797708e-15 1.363751999999999952e-18
3.323196999999999957e+00 2.040804847987593609e-15 1.421899999999999922e-18
3.323862000000000094e+00 2.061975601575071272e-15 1.449035999999999906e-18
3.324526999999999788e+00 2.056532227948603014e-15 1.453668000000000037e-18
3.325191999999999926e+00 2.026635703178758127e-15 1.470825999999999927e-18
3.325857000000000063e+00 nan nan
3.326522000000000201e+00 nan nan
3.327186999999999895e+00 nan nan
3.327852000000000032e+00 1.929013173853013581e-15 1.590888999999999925e-18
3.328517000000000170e+00 2.015276581382900092e-15 1.933579999999999999e-18
3.329181999999999864e+00 2.031203122857249645e-15 1.589998999999999924e-18
3.329847000000000001e+00 2.036833092845877091e-15 1.596852000000000083e-18
3.330512000000000139e+00 2.048498007991986140e-15 1.576287000000000031e-18
3.331176999999999833e+00 2.050356601524247959e-15 1.582319000000000016e-18
3.331841999999999970e+00 2.042019381901597442e-15 1.591041000000000061e-18
3.332507000000000108e+00 2.017094107798033085e-15 1.574226999999999982e-18
3.333171999999999802e+00 1.980841922816088387e-15 1.525325000000000009e-18
3.333836999999999939e+00 2.002017055431476028e-15 1.432609999999999921e-18
3.334502000000000077e+00 2.027545972521824149e-15 1.367584000000000056e-18
3.335167000000000215e+00 2.006632151467484846e-15 1.365383999999999983e-18
3.335831999999999908e+00 1.951681117511766244e-15 1.338294999999999973e-18
3.336497000000000046e+00 1.915845939554746890e-15 1.316635999999999940e-18
3.337162000000000184e+00 1.885370081595126934e-15 1.304324000000000094e-18
3.337826999999999877e+00 1.873280936282104638e-15 1.299590000000000070e-18
3.338492000000000015e+00 1.877663450951816687e-15 1.282789000000000000e-18
3.339157000000000153e+00 1.891387282933750288e-15 1.296638000000000033e-18
3.339821999999999846e+00 1.895107033993126226e-15 1.302817999999999988e-18
3.340486999999999984e+00 1.885814450611141743e-15 1.283338999999999970e-18
3.341152000000000122e+00 1.902052860978905870e-15 1.279144999999999983e-18
3.341816999999999815e+00 1.953803614227989614e-15 1.298399999999999963e-18
3.342481999999999953e+00 1.956836807104697704e-15 1.301819000000000045e-18
3.343147000000000091e+00 1.943877328338483049e-15 1.292805000000000032e-18
3.343811999999999784e+00 1.893205632237309564e-15 1.264252000000000019e-18
3.344476999999999922e+00 1.907013497478693617e-15 1.261451999999999926e-18
3.345142000000000060e+00 1.911400918830124888e-15 1.261830000000000087e-18
3.345807000000000198e+00 1.929674324579681960e-15 1.274586000000000037e-18
3.346471999999999891e+00 1.936259755611724236e-15 1.258642999999999990e-18
3.347137000000000029e+00 1.961018990870782382e-15 1.297799999999999943e-18
3.347802000000000167e+00 1.964408515892781670e-15 1.292322999999999991e-18
3.348466999999999860e+00 1.968519343362567342e-15 1.311949999999999979e-18
3.349131999999999998e+00 1.992040737344555538e-15 1.327042999999999950e-18
3.349797000000000136e+00 1.994704888390677760e-15 1.287756999999999996e-18
3.350461999999999829e+00 2.001000624566144902e-15 1.322205999999999942e-18
3.351126999999999967e+00 2.000446128288157145e-15 1.353774000000000050e-18
3.351792000000000105e+00 2.014444767617867634e-15 1.371696000000000016e-18
3.352456999999999798e+00 2.033254575188299540e-15 1.393301999999999922e-18
3.353121999999999936e+00 2.004542406932243385e-15 1.405826999999999977e-18
3.353787000000000074e+00 1.944329976041417669e-15 1.366741999999999926e-18
3.354452000000000211e+00 1.893682348186936930e-15 1.373279999999999983e-18
3.355116999999999905e+00 1.888104382031115725e-15 1.368756000000000091e-18
3.355782000000000043e+00 1.897505949793229185e-15 1.370361999999999912e-18
3.356447000000000180e+00 1.915016617111540359e-15 1.373904999999999932e-18
3.357111999999999874e+00 1.905098189292462040e-15 1.332898000000000062e-18
3.357777000000000012e+00 1.910905966979266270e-15 1.327046000000000026e-18
3.358442000000000149e+00 1.935524445393793774e-15 1.328818000000000081e-18
3.359106999999999843e+00 1.999023494466236252e-15 1.340226000000000021e-18
3.359771999999999981e+00 2.029033530478247233e-15 1.375102000000000088e-18
3.360437000000000118e+00 2.031959819168491717e-15 1.398018999999999964e-18
3.361101999999999812e+00 1.966405679044287447e-15 1.341837000000000096e-18
3.361766999999999950e+00 1.959628121101863358e-15 1.275074000000000038e-18
3.362432000000000087e+00 1.985373087436902951e-15 1.265562000000000092e-18
3.363096999999999781e+00 1.951595856405146612e-15 1.277650000000000093e-18
3.363761999999999919e+00 1.955466739974204640e-15 1.291113999999999915e-18
3.364427000000000056e+00 1.937288262696588365e-15 1.230177999999999965e-18
3.365092000000000194e+00 1.984614147130813255e-15 1.237262999999999916e-18
3.365756999999999888e+00 2.033696844061881158e-15 1.620608999999999910e-18
3.366422000000000025e+00 2.017297294497367371e-15 1.258424999999999912e-18
3.367087000000000163e+00 2.040977611929045276e-15 1.201375000000000088e-18
3.367751999999999857e+00 1.984782533900197949e-15 1.181266999999999956e-18
3.368416999999999994e+00 1.947258311152511505e-15 1.171635999999999942e-18
3.369082000000000132e+00 1.945707119352279665e-15 1.189302000000000083e-18
3.369746999999999826e+00 1.922444865556784779e-15 1.203574000000000072e-18
3.370411999999999964e+00 1.932357355057809098e-15 1.174355999999999993e-18
3.371077000000000101e+00 1.962666217184325763e-15 1.185335000000000018e-18
3.371741999999999795e+00 1.950116178132758863e-15 1.191555000000000090e-18
3.372406999999999933e+00 1.958903930729746058e-15 1.196781999999999985e-18
3.373072000000000070e+00 1.945043082995463010e-15 1.184714999999999940e-18
3.373737000000000208e+00 2.046365592538577433e-15 1.386396999999999919e-18
3.374401999999999902e+00 2.011011522918596847e-15 1.195396000000000037e-18
3.375067000000000039e+00 1.997143574004785796e-15 1.189996999999999947e-18
3.375732000000000177e+00 1.993178473014407574e-15 1.187902999999999934e-18
3.376396999999999871e+00 1.942551213996772217e-15 1.185383000000000081e-18
3.377062000000000008e+00 1.888010405107716602e-15 1.157739000000000038e-18
3.377727000000000146e+00 1.878402584477558566e-15 1.149774000000000019e-18
3.378391999999999840e+00 1.908765251394784296e-15 1.686360999999999912e-18
3.379056999999999977e+00 1.939417298454045973e-15 1.650864999999999959e-18
3.379722000000000115e+00 1.920743842525898132e-15 1.132022999999999966e-18
3.380386999999999809e+00 1.946290435286957462e-15 1.169881999999999958e-18
3.381051999999999946e+00 1.972658324847840857e-15 1.205521999999999909e-18
3.381717000000000084e+00 1.907613447194712427e-15 1.158504999999999907e-18
3.382382000000000222e+00 1.930902836160638193e-15 1.166383000000000028e-18
3.383046999999999915e+00 1.979416966865361678e-15 1.184372000000000025e-18
3.383712000000000053e+00 1.955300083940401268e-15 1.180241999999999994e-18
3.384377000000000191e+00 1.931287972013061645e-15 1.164328000000000042e-18
3.385041999999999884e+00 1.885119758293302781e-15 1.179636999999999912e-18
3.385707000000000022e+00 1.874885207937489692e-15 1.333442999999999970e-18
3.386372000000000160e+00 1.895603499892354840e-15 1.167968000000000086e-18
3.387036999999999853e+00 1.961113169050587611e-15 1.220720000000000042e-18
3.387701999999999991e+00 1.986828405381466977e-15 1.246066000000000092e-18
3.388367000000000129e+00 1.963240459913591178e-15 1.220825999999999909e-18
3.389031999999999822e+00 1.951086247443913767e-15 1.212381999999999925e-18
3.389696999999999960e+00 1.964419926261620604e-15 1.256599999999999923e-18
3.390362000000000098e+00 2.038606874922957062e-15 1.274915999999999942e-18
3.391026999999999791e+00 2.073550258995265230e-15 1.268350999999999970e-18
3.391691999999999929e+00 2.081730915107797684e-15 1.289766999999999995e-18
3.392357000000000067e+00 2.007586205152974173e-15 1.330105000000000019e-18
3.393022000000000205e+00 1.900282072213873255e-15 1.407057000000000008e-18
3.393686999999999898e+00 1.850910809536325099e-15 1.427200000000000002e-18
3.394352000000000036e+00 1.918439090990047884e-15 1.469114999999999944e-18
3.395017000000000174e+00 1.967132425292296666e-15 1.499589999999999969e-18
3.395681999999999867e+00 1.943880256745004398e-15 1.492344000000000038e-18
3.396347000000000005e+00 1.904202786079372295e-15 1.501094000000000088e-18
3.397012000000000143e+00 1.913603974204137804e-15 1.531788999999999985e-18
3.397676999999999836e+00 1.945555378255798215e-15 1.537426999999999916e-18
3.398341999999999974e+00 1.969804940074360078e-15 1.520800000000000027e-18
3.399007000000000112e+00 1.964890322850064330e-15 1.474871999999999943e-18
3.399671999999999805e+00 1.939790142908706355e-15 1.407339999999999939e-18
3.400336999999999943e+00 1.917283575888432126e-15 1.353681000000000000e-18
3.401002000000000081e+00 1.858865261203497868e-15 1.304900000000000082e-18
3.401667000000000218e+00 1.883986576577497278e-15 1.311611000000000038e-18
3.402331999999999912e+00 1.944387532535422298e-15 1.298620999999999925e-18
3.402997000000000050e+00 1.935240390148664186e-15 1.291184999999999921e-18
3.403662000000000187e+00 1.884927883689684711e-15 1.289996999999999993e-18
3.404326999999999881e+00 1.898417369396879030e-15 1.289830999999999951e-18
3.404992000000000019e+00 1.957151265765059819e-15 1.321066999999999975e-18
3.405657000000000156e+00 1.924921768900829816e-15 1.313843000000000089e-18
3.406321999999999850e+00 1.955733348917122469e-15 1.318609000000000092e-18
3.406986999999999988e+00 2.067270059246935782e-15 1.583227000000000088e-18
3.407652000000000125e+00 2.011637654278485840e-15 1.324323999999999988e-18
3.408316999999999819e+00 1.890279810188270388e-15 1.273178999999999941e-18
3.408981999999999957e+00 1.861238927935420496e-15 1.261580999999999928e-18
3.409647000000000094e+00 1.894841762379901764e-15 1.273247999999999960e-18
3.410311999999999788e+00 1.958543898016816857e-15 1.296462999999999955e-18
3.410976999999999926e+00 2.001238392502048324e-15 1.288448000000000079e-18
3.411642000000000063e+00 1.992361533806364719e-15 1.269395999999999990e-18
3.412307000000000201e+00 1.964654897694981558e-15 1.268410999999999952e-18
3.412971999999999895e+00 1.955662693049066733e-15 1.255075999999999938e-18
3.413637000000000032e+00 1.978729837047275230e-15 1.948354000000000087e-18
3.414302000000000170e+00 1.865526889643112554e-15 1.255127999999999975e-18
3.414966999999999864e+00 1.874445225976104526e-15 1.272733999999999941e-18
3.415632000000000001e+00 1.881631029665808919e-15 1.247932999999999991e-18
3.416297000000000139e+00 1.909650905880529317e-15 1.211969000000000095e-18
3.416961999999999833e+00 1.895752876819078897e-15 1.205216999999999933e-18
3.417626999999999970e+00 1.888042856896495855e-15 1.192503999999999983e-18
3.418292000000000108e+00 1.857198460505619772e-15 1.180189000000000061e-18
3.418956999999999802e+00 1.858240669860293400e-15 1.196312000000000056e-18
3.419621999999999939e+00 1.877308492809872063e-15 1.213624999999999965e-18
3.420287000000000077e+00 1.905267737775578211e-15 1.225078999999999981e-18
3.420952000000000215e+00 1.917980029529143177e-15 1.223113999999999969e-18
3.421616999999999909e+00 1.936517713388366811e-15 1.242695999999999970e-18
3.422282000000000046e+00 1.933908551534541702e-15 1.244049000000000043e-18
3.422947000000000184e+00 1.945271757627200106e-15 1.237881000000000008e-18
3.423611999999999878e+00 1.964153915628598154e-15 1.250296000000000030e-18
3.424277000000000015e+00 1.920660909530442545e-15 1.238771000000000008e-18
3.424942000000000153e+00 1.879667909619469291e-15 1.290428000000000087e-18
3.425606999999999847e+00 1.904064112445972958e-15 1.394254000000000085e-18
3.426271999999999984e+00 1.948682433133563282e-15 1.492583999999999969e-18
3.426937000000000122e+00 1.976479748619769683e-15 1.747186000000000126e-18
3.427601999999999816e+00 1.931603301932739064e-15 1.601785999999999921e-18
3.428266999999999953e+00 1.898098939477156020e-15 1.586541000000000008e-18
3.428932000000000091e+00 1.898424628293014403e-15 1.578287999999999995e-18
3.429596999999999785e+00 1.938941418152180546e-15 1.609092999999999924e-18
3.430261999999999922e+00 1.941405821157802167e-15 1.614514999999999956e-18
3.430927000000000060e+00 1.920233608611444457e-15 1.611861000000000039e-18
3.431592000000000198e+00 1.958669958501385498e-15 1.608327999999999952e-18
3.432256999999999891e+00 2.007895048360677473e-15 1.599666999999999979e-18
3.432922000000000029e+00 2.000513125061636926e-15 1.579826000000000078e-18
3.433587000000000167e+00 1.922140353707662867e-15 1.521565000000000000e-18
3.434251999999999860e+00 1.875030553612823911e-15 1.509017000000000003e-18
3.434916999999999998e+00 1.925005478097005714e-15 1.535993999999999995e-18
3.435582000000000136e+00 1.941399911457872509e-15 1.548207000000000023e-18
3.436246999999999829e+00 1.899672889271959319e-15 1.517995999999999961e-18
3.436911999999999967e+00 1.889422965795945766e-15 1.510856000000000090e-18
3.437577000000000105e+00 1.921534695405459743e-15 1.535348000000000091e-18
3.438241999999999798e+00 1.933560978373413412e-15 1.556187000000000038e-18
3.438906999999999936e+00 1.957080585707047486e-15 1.464636000000000039e-18
3.439572000000000074e+00 1.974672408780429874e-15 1.375691000000000086e-18
3.440237000000000211e+00 1.920711851717465431e-15 1.354322000000000034e-18
3.440901999999999905e+00 1.891298870693224529e-15 1.409014999999999971e-18
3.441567000000000043e+00 1.919624337542867322e-15 1.398775000000000093e-18
3.442232000000000181e+00 1.938809258662652566e-15 1.308206000000000055e-18
3.442896999999999874e+00 1.870461387612158443e-15 1.264224999999999912e-18
3.443562000000000012e+00 1.870459372686144886e-15 1.250399000000000013e-18
3.444227000000000150e+00 1.904331377182200355e-15 1.230048999999999963e-18
3.444891999999999843e+00 1.878652447731472518e-15 1.204576999999999988e-18
3.445556999999999981e+00 1.880733590456775154e-15 1.197445999999999961e-18
3.446222000000000119e+00 1.905030782375711387e-15 1.174767999999999926e-18
3.446886999999999812e+00 1.926002091596885368e-15 1.161327000000000045e-18
3.447551999999999950e+00 1.990516502519094071e-15 1.169726999999999939e-18
3.448217000000000088e+00 1.970498153411781516e-15 1.156118000000000029e-18
3.448881999999999781e+00 1.942831097059933014e-15 1.142474000000000065e-18
3.449546999999999919e+00 1.988607981885643955e-15 1.164352000000000073e-18
3.450212000000000057e+00 2.024818824053501266e-15 1.181315999999999916e-18
3.450877000000000194e+00 1.993944479502819030e-15 1.183033000000000051e-18
3.451541999999999888e+00 1.918240837079649978e-15 1.151731000000000085e-18
3.452207000000000026e+00 1.862070330311235843e-15 1.152821000000000092e-18
3.452872000000000163e+00 1.893034756031250891e-15 1.136747999999999954e-18
3.453536999999999857e+00 1.922885507789599509e-15 1.124749000000000031e-18
3.454201999999999995e+00 1.944716412653936374e-15 1.123887999999999932e-18
3.454867000000000132e+00 1.949066410388923209e-15 1.131957000000000024e-18
3.455531999999999826e+00 1.941245437160627870e-15 1.111797999999999945e-18
3.456196999999999964e+00 1.883257728639505015e-15 1.106347000000000011e-18
3.456862000000000101e+00 1.866221480765594943e-15 1.140872999999999923e-18
3.457526999999999795e+00 1.860238390401605463e-15 1.141105999999999997e-18
3.458191999999999933e+00 1.844067585589697239e-15 1.126379999999999972e-18
3.458857000000000070e+00 1.842341807818480843e-15 1.114265000000000056e-18
3.459522000000000208e+00 1.868645774188098908e-15 1.732681000000000064e-18
3.460186999999999902e+00 1.914422768154740303e-15 1.719754000000000009e-18
3.460852000000000039e+00 1.973105993382483470e-15 1.824258999999999978e-18
3.461517000000000177e+00 1.976371141878905747e-15 1.453045999999999972e-18
3.462181999999999871e+00 1.923167891052272640e-15 1.154624000000000035e-18
3.462847000000000008e+00 1.914940253673764152e-15 1.122765000000000050e-18
3.463512000000000146e+00 1.955922036238725075e-15 1.161179999999999972e-18
3.464176999999999840e+00 1.976799583789136150e-15 1.214690999999999941e-18
3.464841999999999977e+00 1.915465337823565099e-15 1.207555999999999940e-18
3.465507000000000115e+00 1.860909843135349094e-15 1.191570999999999982e-18
3.466171999999999809e+00 1.928081765057118699e-15 1.235693000000000047e-18
3.466836999999999946e+00 1.982320737016868153e-15 1.271058000000000012e-18
3.467502000000000084e+00 1.998642293405712556e-15 1.347351000000000089e-18
3.468167000000000222e+00 1.953250767939440289e-15 1.385018000000000021e-18
3.468831999999999915e+00 1.928008756581422133e-15 1.382613000000000071e-18
3.469497000000000053e+00 1.945198640919934072e-15 1.401554000000000038e-18
3.470162000000000191e+00 1.966724906363514956e-15 1.387310000000000054e-18
3.470826999999999884e+00 1.947020743296902649e-15 1.349872999999999928e-18
3.471492000000000022e+00 1.899101291932045588e-15 1.309672999999999941e-18
3.472157000000000160e+00 1.937699550364000925e-15 1.330705000000000039e-18
3.472821999999999854e+00 1.994707614721416197e-15 1.360460000000000078e-18
3.473486999999999991e+00 1.943405943376275864e-15 1.356532000000000040e-18
3.474152000000000129e+00 1.869953476189625625e-15 1.294400000000000023e-18
3.474816999999999823e+00 1.833652601684831817e-15 1.266505999999999923e-18
3.475481999999999960e+00 1.821644868874842628e-15 1.465973999999999923e-18
3.476147000000000098e+00 1.917977602712846205e-15 1.828966000000000087e-18
3.476811999999999792e+00 1.911663956685844727e-15 1.268702000000000023e-18
3.477476999999999929e+00 1.873861821634790878e-15 1.250576000000000078e-18
3.478142000000000067e+00 1.864208439138465539e-15 1.265086999999999908e-18
3.478807000000000205e+00 1.906143680278476947e-15 1.268715000000000032e-18
3.479471999999999898e+00 1.948420712873846789e-15 1.286694000000000096e-18
3.480137000000000036e+00 1.940396942864192126e-15 1.272269000000000075e-18
3.480802000000000174e+00 1.876982958602295303e-15 1.223667000000000015e-18
3.481466999999999867e+00 1.854043387487693602e-15 1.198064000000000052e-18
3.482132000000000005e+00 1.897398959456431663e-15 1.213134999999999978e-18
3.482797000000000143e+00 1.899120495236400603e-15 1.197933999999999961e-18
3.483461999999999836e+00 1.922051459442105613e-15 1.209709000000000039e-18
3.484126999999999974e+00 1.950483043859357557e-15 1.245919999999999915e-18
3.484792000000000112e+00 1.852059712816352961e-15 1.217104999999999927e-18
3.485456999999999805e+00 1.854878001201255933e-15 1.219800000000000050e-18
3.486121999999999943e+00 1.887298386194028559e-15 1.242594000000000077e-18
3.486787000000000081e+00 1.862335288089030472e-15 1.218302999999999980e-18
3.487452000000000218e+00 1.876891715500107938e-15 1.217511999999999989e-18
3.488116999999999912e+00 1.882841755004559342e-15 1.221378999999999955e-18
3.488782000000000050e+00 1.940399514083096541e-15 1.230706000000000083e-18
3.489447000000000187e+00 1.929402516301611515e-15 1.440606999999999918e-18
3.490111999999999881e+00 1.909592018119748026e-15 1.187350999999999977e-18
3.490777000000000019e+00 1.839828793469627179e-15 1.702544000000000083e-18
3.491442000000000156e+00 1.784400474220414401e-15 1.364164999999999975e-18
3.492106999999999850e+00 1.764359674507641141e-15 1.159790999999999948e-18
3.492771999999999988e+00 1.772273761394483046e-15 1.157111000000000013e-18
3.493437000000000126e+00 1.815411002443281558e-15 1.607983000000000051e-18
3.494101999999999819e+00 1.871224480903066710e-15 1.201918000000000009e-18
3.494766999999999957e+00 1.914307933946431805e-15 1.202686999999999955e-18
3.495432000000000095e+00 1.933473644140694579e-15 1.212418999999999966e-18
3.496096999999999788e+00 1.924703972664822992e-15 1.210552999999999963e-18
3.496761999999999926e+00 1.902118640418554293e-15 1.211270999999999962e-18
3.497427000000000064e+00 1.875889584465941043e-15 1.209731000000000084e-18
3.498092000000000201e+00 1.862559464647190376e-15 1.197531000000000065e-18
3.498756999999999895e+00 1.800269863263883586e-15 1.179636999999999912e-18
3.499422000000000033e+00 1.792048571960346035e-15 1.179002999999999927e-18
3.500087000000000170e+00 1.857701460125556607e-15 1.202722999999999906e-18
3.500751999999999864e+00 1.904577522462900985e-15 1.230880000000000071e-18
3.501417000000000002e+00 1.897228227908833662e-15 1.227997000000000053e-18
3.502082000000000139e+00 1.964302651900361489e-15 1.272402000000000049e-18
3.502746999999999833e+00 2.030022614532237948e-15 1.322899000000000013e-18
3.503411999999999971e+00 2.005883205604323839e-15 1.313808000000000035e-18
3.504077000000000108e+00 1.956173898618007282e-15 1.304538999999999904e-18
3.504741999999999802e+00 1.925135067191621316e-15 1.291696999999999953e-18
3.505406999999999940e+00 1.872533223420046788e-15 1.279645999999999993e-18
3.506072000000000077e+00 1.942223330727294675e-15 1.363029999999999980e-18
3.506737000000000215e+00 1.992532799067840880e-15 1.490844000000000085e-18
3.507401999999999909e+00 1.957352649824814169e-15 1.768671999999999875e-18
3.508067000000000046e+00 1.874220221099555619e-15 1.469318000000000027e-18
3.508732000000000184e+00 1.879823586792757001e-15 1.474957999999999944e-18
3.509396999999999878e+00 1.951630134155131645e-15 1.535997999999999968e-18
3.510062000000000015e+00 1.902990397083469326e-15 1.528417000000000069e-18
3.510727000000000153e+00 1.860739460149388204e-15 1.495145999999999925e-18
3.511391999999999847e+00 1.862334324932147748e-15 1.465560000000000004e-18
3.512056999999999984e+00 1.864017516675967651e-15 1.453040999999999909e-18
3.512722000000000122e+00 1.915594556944368977e-15 1.490928999999999996e-18
3.513386999999999816e+00 1.963593896102610720e-15 1.524046000000000018e-18
3.514051999999999953e+00 1.908781113315335100e-15 1.475387000000000052e-18
3.514717000000000091e+00 1.955248283554232416e-15 1.509372999999999926e-18
3.515381999999999785e+00 1.943972059314945238e-15 1.482341999999999912e-18
3.516046999999999922e+00 1.933065974369943508e-15 1.453896000000000048e-18
3.516712000000000060e+00 1.922366031705096066e-15 1.433383000000000033e-18
3.517377000000000198e+00 1.911714494206691927e-15 1.381738000000000066e-18
3.518041999999999891e+00 1.928187141929394427e-15 1.370419999999999908e-18
3.518707000000000029e+00 1.838391545444955414e-15 1.316076000000000037e-18
3.519372000000000167e+00 1.798171135329642472e-15 1.292175999999999918e-18
3.520036999999999860e+00 1.836432347428319873e-15 1.238853999999999933e-18
3.520701999999999998e+00 1.873824582474537650e-15 1.202149999999999994e-18
3.521367000000000136e+00 1.882870248419837178e-15 1.207813000000000046e-18
3.522031999999999829e+00 1.906345043314672838e-15 1.210017999999999989e-18
3.522696999999999967e+00 1.878229584197934183e-15 1.179211999999999970e-18
3.523362000000000105e+00 1.887849858162265814e-15 1.187191000000000087e-18
3.524026999999999799e+00 1.907579279506987432e-15 1.178175999999999985e-18
3.524691999999999936e+00 1.894683966152617616e-15 1.160553000000000037e-18
3.525357000000000074e+00 1.905819604169854795e-15 1.167103999999999911e-18
3.526022000000000212e+00 1.928038256959479199e-15 1.163584999999999922e-18
3.526686999999999905e+00 1.888556849324417391e-15 1.136029000000000059e-18
3.527352000000000043e+00 1.834187998141602166e-15 1.112644999999999945e-18
3.528017000000000181e+00 1.838290313551305543e-15 1.101708000000000024e-18
3.528681999999999874e+00 1.856636415737494213e-15 1.090790000000000071e-18
3.529347000000000012e+00 1.895443069380937983e-15 1.088580999999999963e-18
3.530012000000000150e+00 1.947805838133645375e-15 1.137188999999999981e-18
3.530676999999999843e+00 1.979932190248702017e-15 1.166383000000000028e-18
3.531341999999999981e+00 1.959544731847870603e-15 1.147365000000000096e-18
3.532007000000000119e+00 1.949174560814422804e-15 1.146221000000000066e-18
3.532671999999999812e+00 1.968888164620182275e-15 1.152885000000000048e-18
3.533336999999999950e+00 1.953613765025663144e-15 1.326229999999999914e-18
3.534002000000000088e+00 1.958732524587655422e-15 1.144550999999999904e-18
3.534666999999999781e+00 1.987131208162592858e-15 1.150078999999999995e-18
3.535331999999999919e+00 1.957717686435113322e-15 1.141608999999999993e-18
3.535997000000000057e+00 1.929575956347489233e-15 1.110363999999999934e-18
3.536662000000000194e+00 1.906564723747082496e-15 1.079179999999999946e-18
3.537326999999999888e+00 1.883585703056517989e-15 1.081774999999999970e-18
3.537992000000000026e+00 1.880550552143802932e-15 1.097441000000000045e-18
3.538657000000000163e+00 1.874718774425131070e-15 1.098606999999999927e-18
3.539321999999999857e+00 1.890291992555052465e-15 1.103574000000000026e-18
3.539986999999999995e+00 1.913252043606026875e-15 1.102904999999999987e-18
3.540652000000000132e+00 1.968733192845036481e-15 1.125300000000000090e-18
3.541316999999999826e+00 1.932414309390173238e-15 1.103475999999999913e-18
3.541981999999999964e+00 1.897958537645601681e-15 1.098525000000000092e-18
3.542647000000000101e+00 1.937161154475704795e-15 1.117698000000000044e-18
3.543311999999999795e+00 1.914529061592402653e-15 1.105410999999999934e-18
3.543976999999999933e+00 1.808159568209064330e-15 1.112904000000000037e-18
3.544642000000000071e+00 1.789404116583181808e-15 1.097662999999999904e-18
3.545307000000000208e+00 1.852823754389879312e-15 1.114673000000000016e-18
3.545971999999999902e+00 1.889321322689703161e-15 1.125796999999999935e-18
3.546637000000000040e+00 1.942949628534497415e-15 1.152958000000000040e-18
3.547302000000000177e+00 1.959501956074805267e-15 1.162563000000000036e-18
3.547966999999999871e+00 1.977389942498122887e-15 1.181189000000000094e-18
3.548632000000000009e+00 1.982583354336318847e-15 1.173574999999999936e-18
3.549297000000000146e+00 1.990405313661389019e-15 1.168281000000000008e-18
3.549961999999999840e+00 1.964369317618109569e-15 1.185142000000000061e-18
3.550626999999999978e+00 1.950479450748100259e-15 1.187593000000000087e-18
3.551292000000000115e+00 1.944672843316323899e-15 1.175225999999999936e-18
3.551956999999999809e+00 1.938695260179143008e-15 1.169468000000000039e-18
3.552621999999999947e+00 1.891756927290645347e-15 1.171659999999999973e-18
3.553287000000000084e+00 1.874283038205887730e-15 1.152470999999999936e-18
3.553952000000000222e+00 1.883175483795117903e-15 1.168924999999999926e-18
3.554616999999999916e+00 1.916272983289490151e-15 1.169905999999999990e-18
3.555282000000000053e+00 1.937832988836816735e-15 1.170928000000000068e-18
3.555947000000000191e+00 1.910721295815429916e-15 1.144458000000000047e-18
3.556611999999999885e+00 1.900891848949392357e-15 1.183942000000000021e-18
3.557277000000000022e+00 1.913259954461269790e-15 1.208340000000000074e-18
3.557942000000000160e+00 1.915910085848574511e-15 1.253529000000000011e-18
3.558606999999999854e+00 1.926765510960487819e-15 1.258268999999999995e-18
3.559271999999999991e+00 1.948170892682787058e-15 1.269906999999999933e-18
3.559937000000000129e+00 1.914743073338088851e-15 1.226669999999999999e-18
3.560601999999999823e+00 1.907731639730986638e-15 1.233382999999999941e-18
3.561266999999999960e+00 1.888184119888052645e-15 1.243286999999999954e-18
3.561932000000000098e+00 1.876970938582033209e-15 1.223199000000000073e-18
3.562596999999999792e+00 1.937617724652413028e-15 1.381738999999999963e-18
3.563261999999999929e+00 1.939694577827826270e-15 1.167084999999999942e-18
3.563927000000000067e+00 1.922302442756264277e-15 1.119988999999999988e-18
3.564592000000000205e+00 1.885867425929182384e-15 1.114585999999999925e-18
3.565256999999999898e+00 1.921057780814486367e-15 1.126289999999999998e-18
3.565922000000000036e+00 1.971148261473472274e-15 1.138731000000000038e-18
3.566587000000000174e+00 1.976511033177357838e-15 1.142680999999999929e-18
3.567251999999999867e+00 1.947238989938002878e-15 1.117784999999999942e-18
3.567917000000000005e+00 1.897117054330533280e-15 1.101330999999999952e-18
3.568582000000000143e+00 1.880963691569139621e-15 1.085366000000000053e-18
3.569246999999999836e+00 1.901685665201931762e-15 1.107018000000000036e-18
3.569911999999999974e+00 1.877008823767121949e-15 1.108856999999999931e-18
3.570577000000000112e+00 1.840508419846007539e-15 1.098673999999999960e-18
3.571241999999999805e+00 1.881159782286833240e-15 1.105571999999999913e-18
3.571906999999999943e+00 1.919054049388573589e-15 1.113440999999999998e-18
3.572572000000000081e+00 1.935081965649413885e-15 1.119456000000000000e-18
3.573237000000000219e+00 1.953427322642123114e-15 1.108525999999999936e-18
3.573901999999999912e+00 1.957884302895514140e-15 1.125635000000000058e-18
3.574567000000000050e+00 1.926952064043060749e-15 1.155688000000000025e-18
3.575232000000000188e+00 1.887616818262669811e-15 1.156017999999999930e-18
3.575896999999999881e+00 1.887155618249823416e-15 1.152720999999999993e-18
3.576562000000000019e+00 1.884587986592307543e-15 1.154156999999999990e-18
3.577227000000000157e+00 1.896026713839628173e-15 1.152064000000000066e-18
3.577891999999999850e+00 1.952169320614373207e-15 1.186638000000000041e-18
3.578556999999999988e+00 1.924305096988310895e-15 1.160087999999999978e-18
3.579222000000000126e+00 1.915449125137660324e-15 1.140769000000000043e-18
3.579886999999999819e+00 1.951666931801155006e-15 1.151137999999999922e-18
3.580551999999999957e+00 1.951372641173929859e-15 1.164874999999999936e-18
3.581217000000000095e+00 1.981509488169130970e-15 2.462723999999999839e-18
3.581881999999999788e+00 1.891188668167935346e-15 1.190063000000000082e-18
3.582546999999999926e+00 1.878729795678255604e-15 1.175511999999999943e-18
3.583212000000000064e+00 1.909198842821060623e-15 1.204275999999999985e-18
3.583877000000000201e+00 1.936134555684404811e-15 1.224220000000000062e-18
3.584541999999999895e+00 1.925853744810198530e-15 1.221887999999999911e-18
3.585207000000000033e+00 1.937783604837272043e-15 1.218482000000000031e-18
3.585872000000000170e+00 1.862857239893682618e-15 1.190099000000000034e-18
3.586536999999999864e+00 1.846123573378943947e-15 1.209155999999999993e-18
3.587202000000000002e+00 1.908880337943355119e-15 1.242600999999999933e-18
3.587867000000000139e+00 1.915079136051306752e-15 1.222274999999999915e-18
3.588531999999999833e+00 1.924322998551449756e-15 1.294994000000000083e-18
3.589196999999999971e+00 1.938097036368322054e-15 1.510484000000000082e-18
3.589862000000000108e+00 1.971353141992961824e-15 1.390874999999999927e-18
3.590526999999999802e+00 1.967531559126504535e-15 1.381600999999999926e-18
3.591191999999999940e+00 1.917889821449291827e-15 1.371860000000000071e-18
3.591857000000000077e+00 1.916322061974431648e-15 1.340607999999999962e-18
3.592522000000000215e+00 1.923127391357150217e-15 1.301357000000000062e-18
3.593186999999999909e+00 1.900447010499621991e-15 1.291212000000000029e-18
3.593852000000000046e+00 1.912107361156929505e-15 1.310988000000000076e-18
3.594517000000000184e+00 1.940501394041965924e-15 1.309655000000000062e-18
3.595181999999999878e+00 1.889686687780971301e-15 1.249385999999999971e-18
3.595847000000000016e+00 1.899126543797450958e-15 1.270543999999999993e-18
3.596512000000000153e+00 1.907993864282489751e-15 1.279126999999999911e-18
3.597176999999999847e+00 1.825958659422882810e-15 1.263491999999999917e-18
3.597841999999999985e+00 1.848678693396601688e-15 1.272660000000000052e-18
3.598507000000000122e+00 1.939495840119003237e-15 1.267193000000000033e-18
3.599171999999999816e+00 1.953411116257106769e-15 1.260658000000000052e-18
3.599836999999999954e+00 1.938034452489964156e-15 1.247067000000000022e-18
3.600502000000000091e+00 1.866667525052262499e-15 1.205156000000000053e-18
3.601166999999999785e+00 1.831881590816460199e-15 2.406292000000000107e-18
3.601831999999999923e+00 1.804968657567883519e-15 1.422417999999999914e-18
3.602497000000000060e+00 1.789756111671575380e-15 1.219290000000000004e-18
3.603162000000000198e+00 1.832041085250385129e-15 1.216599999999999944e-18
3.603826999999999892e+00 1.904353519237096197e-15 1.204595999999999957e-18
3.604492000000000029e+00 1.951049998665624839e-15 1.221271999999999999e-18
3.605157000000000167e+00 1.982007672572705819e-15 1.230884999999999941e-18
3.605821999999999861e+00 1.952499240509316421e-15 1.222545999999999927e-18
3.606486999999999998e+00 1.910344325511519703e-15 1.462321999999999960e-18
3.607152000000000136e+00 1.960043089308529132e-15 1.218867999999999946e-18
3.607816999999999830e+00 1.968426421755724106e-15 1.189740999999999931e-18
3.608481999999999967e+00 1.900314905325283849e-15 1.165850000000000040e-18
3.609147000000000105e+00 1.910038013507805437e-15 1.171949999999999954e-18
3.609811999999999799e+00 1.987067330457387716e-15 1.186903999999999990e-18
3.610476999999999936e+00 1.969263316713432875e-15 1.171197000000000094e-18
3.611142000000000074e+00 1.918629294406148180e-15 1.155878999999999995e-18
3.611807000000000212e+00 1.921827299697128693e-15 1.151728999999999906e-18
3.612471999999999905e+00 1.909682988331884744e-15 1.143093999999999951e-18
3.613137000000000043e+00 1.866837044375199206e-15 1.125110999999999914e-18
3.613802000000000181e+00 1.862542838727184733e-15 1.130074000000000039e-18
3.614466999999999874e+00 1.930055282881190320e-15 2.422729999999999819e-18
3.615132000000000012e+00 1.917680561168272956e-15 1.158683000000000061e-18
3.615797000000000150e+00 1.906990809173293989e-15 1.159184999999999968e-18
3.616461999999999843e+00 1.878486849732105259e-15 1.213559000000000023e-18
3.617126999999999981e+00 1.866607512928959513e-15 1.229801000000000086e-18
3.617792000000000119e+00 1.899231341722795357e-15 1.241379000000000041e-18
3.618456999999999812e+00 1.944100716178194967e-15 1.218207000000000046e-18
3.619121999999999950e+00 1.928932680033614427e-15 1.516595999999999915e-18
3.619787000000000088e+00 nan nan
3.620451999999999781e+00 1.968179508643838901e-15 1.398173000000000087e-18
3.621116999999999919e+00 1.936706574255264122e-15 1.406004000000000041e-18
3.621782000000000057e+00 1.877199800342305926e-15 1.387222000000000067e-18
3.622447000000000195e+00 1.861237868388827170e-15 1.311153000000000029e-18
3.623111999999999888e+00 1.860976890628737018e-15 1.328938999999999943e-18
3.623777000000000026e+00 1.862375307046796016e-15 1.349625000000000050e-18
3.624442000000000164e+00 1.863652464831038784e-15 1.346678000000000077e-18
3.625106999999999857e+00 1.903146801547275680e-15 1.358585000000000040e-18
3.625771999999999995e+00 1.854759089085742115e-15 1.347284000000000056e-18
3.626437000000000133e+00 1.856496249307727596e-15 1.346031000000000083e-18
3.627101999999999826e+00 1.904545786528857128e-15 1.377150000000000025e-18
3.627766999999999964e+00 1.977706058020811358e-15 1.416250999999999968e-18
3.628432000000000102e+00 1.980568828887491523e-15 1.420235000000000016e-18
3.629096999999999795e+00 1.971569178727559034e-15 1.416437999999999966e-18
3.629761999999999933e+00 1.983496688831141829e-15 1.432111000000000091e-18
3.630427000000000071e+00 1.935019342138519631e-15 1.905153999999999808e-18
3.631092000000000208e+00 1.882395619915836804e-15 1.353978000000000030e-18
3.631756999999999902e+00 1.874564760801936043e-15 1.583452000000000023e-18
3.632422000000000040e+00 1.897737065780633958e-15 1.557204999999999950e-18
3.633087000000000177e+00 1.880914609510116971e-15 1.542960999999999967e-18
3.633751999999999871e+00 1.872932755839621090e-15 1.255913000000000006e-18
3.634417000000000009e+00 1.920837458297106014e-15 1.271824000000000074e-18
3.635082000000000146e+00 1.901948229248807593e-15 1.610545000000000007e-18
3.635746999999999840e+00 1.847695943678964425e-15 1.220108999999999999e-18
3.636411999999999978e+00 1.794434662085986668e-15 1.180812000000000023e-18
3.637077000000000115e+00 1.795148471573978539e-15 1.193868999999999976e-18
3.637741999999999809e+00 1.853343092585326836e-15 1.473220999999999943e-18
3.638406999999999947e+00 1.893767588872429088e-15 1.222006000000000083e-18
3.639072000000000084e+00 1.935261495290517298e-15 1.226389000000000054e-18
3.639736999999999778e+00 1.901912652355179427e-15 1.205911999999999989e-18
3.640401999999999916e+00 1.843731988421339565e-15 1.199799000000000067e-18
3.641067000000000053e+00 1.861847994938272065e-15 1.258461000000000055e-18
3.641732000000000191e+00 1.889640454576215631e-15 1.315311999999999962e-18
3.642396999999999885e+00 1.915034239141493233e-15 1.324471999999999958e-18
3.643062000000000022e+00 1.955651522688555761e-15 1.344425999999999967e-18
3.643727000000000160e+00 1.982091696370705696e-15 1.300701000000000032e-18
3.644391999999999854e+00 1.977120747757599306e-15 1.249443000000000070e-18
3.645056999999999992e+00 1.953491737374441151e-15 1.277606000000000002e-18
3.645722000000000129e+00 1.924147728597997284e-15 1.314561000000000088e-18
3.646386999999999823e+00 1.869889841039257711e-15 1.306407999999999982e-18
3.647051999999999961e+00 1.853811050577323368e-15 1.291012000000000022e-18
3.647717000000000098e+00 1.868615313850490463e-15 1.251509999999999976e-18
3.648381999999999792e+00 1.877513532639716898e-15 1.226004999999999933e-18
3.649046999999999930e+00 1.887202299496450717e-15 1.225411000000000066e-18
3.649712000000000067e+00 1.864291557037530573e-15 1.201342000000000021e-18
3.650377000000000205e+00 1.850963925247113527e-15 1.145606000000000050e-18
3.651041999999999899e+00 1.856575879245396009e-15 1.097099999999999925e-18
3.651707000000000036e+00 1.841012221157248995e-15 1.084616000000000076e-18
3.652372000000000174e+00 1.849274254761621809e-15 1.073858000000000014e-18
3.653036999999999868e+00 1.865175530093939217e-15 1.106382999999999962e-18
3.653702000000000005e+00 1.887634911929449814e-15 1.126518000000000010e-18
3.654367000000000143e+00 1.891636241156436949e-15 1.118642000000000068e-18
3.655031999999999837e+00 1.863520021902211809e-15 1.115559999999999940e-18
3.655696999999999974e+00 1.889839737130710551e-15 1.114390000000000085e-18
3.656362000000000112e+00 1.908815990012650228e-15 1.131121000000000046e-18
3.657026999999999806e+00 1.886759314688947846e-15 1.139640999999999905e-18
3.657691999999999943e+00 1.842417247130156539e-15 1.107046999999999938e-18
3.658357000000000081e+00 1.819864430260640771e-15 1.118857999999999967e-18
3.659022000000000219e+00 1.842310754387725229e-15 1.139989999999999971e-18
3.659686999999999912e+00 1.826091877013986065e-15 1.282860000000000005e-18
3.660352000000000050e+00 1.860225888420026984e-15 1.157657999999999907e-18
3.661017000000000188e+00 1.864170662040987829e-15 1.159777000000000042e-18
3.661681999999999881e+00 1.854741191751407705e-15 1.164868000000000079e-18
3.662347000000000019e+00 1.845513223564879882e-15 1.186056999999999990e-18
3.663012000000000157e+00 1.870778072425016752e-15 1.181363000000000082e-18
3.663676999999999850e+00 1.866256867147766752e-15 1.171416999999999966e-18
3.664341999999999988e+00 1.837634679434257150e-15 1.188020000000000016e-18
3.665007000000000126e+00 1.859077397033379212e-15 1.188104999999999927e-18
3.665671999999999819e+00 1.883314863982147112e-15 1.162501000000000067e-18
3.666336999999999957e+00 1.913785212981968333e-15 1.172555999999999934e-18
3.667002000000000095e+00 1.909359674780561366e-15 1.187130999999999912e-18
3.667666999999999788e+00 1.923909041819312743e-15 1.193332999999999912e-18
3.668331999999999926e+00 1.934629702652152037e-15 1.200687999999999978e-18
3.668997000000000064e+00 1.912525592160856413e-15 1.330959000000000068e-18
3.669662000000000202e+00 1.901343128059862549e-15 1.485304999999999971e-18
3.670326999999999895e+00 1.906061907619248657e-15 1.533877000000000039e-18
3.670992000000000033e+00 1.908918464981017389e-15 1.578056999999999907e-18
3.671657000000000171e+00 1.903967655208439614e-15 1.539617999999999953e-18
3.672321999999999864e+00 1.908858568714449669e-15 1.472408999999999997e-18
3.672987000000000002e+00 1.878365637052845820e-15 1.433458000000000011e-18
3.673652000000000140e+00 1.869412902678800856e-15 1.454075999999999996e-18
3.674316999999999833e+00 1.874661385119905007e-15 1.457299999999999942e-18
3.674981999999999971e+00 1.879206689774894424e-15 1.467887000000000092e-18
3.675647000000000109e+00 1.844167180160920389e-15 1.464739000000000022e-18
3.676311999999999802e+00 1.872543887293841007e-15 1.457667000000000080e-18
3.676976999999999940e+00 1.890987378123717673e-15 1.426973000000000080e-18
3.677642000000000078e+00 1.853127798576566565e-15 1.618964000000000062e-18
3.678307000000000215e+00 1.864879534324514705e-15 1.580593000000000037e-18
3.678971999999999909e+00 1.863486730471743585e-15 1.250105000000000059e-18
3.679637000000000047e+00 1.851053891904666852e-15 1.214696000000000004e-18
3.680302000000000184e+00 1.821052440569789729e-15 1.147438000000000088e-18
3.680966999999999878e+00 1.877559683477022909e-15 1.143972000000000032e-18
3.681632000000000016e+00 1.889219701599586288e-15 1.148431000000000072e-18
3.682297000000000153e+00 1.881669153462436160e-15 1.149731999999999915e-18
3.682961999999999847e+00 1.895153756715999024e-15 1.154054000000000007e-18
3.683626999999999985e+00 1.873493608385571841e-15 1.137826999999999939e-18
3.684292000000000122e+00 1.841318180988071992e-15 1.131912000000000036e-18
3.684956999999999816e+00 1.877800434632466336e-15 1.140150000000000054e-18
3.685621999999999954e+00 1.905875527611588058e-15 1.169924999999999959e-18
3.686287000000000091e+00 1.909770587793598411e-15 1.165805000000000053e-18
3.686951999999999785e+00 1.906490903093591974e-15 1.185654000000000093e-18
3.687616999999999923e+00 1.877183645635353306e-15 1.628823999999999985e-18
3.688282000000000060e+00 1.838014235279342834e-15 1.196110000000000063e-18
3.688947000000000198e+00 1.863315946786878432e-15 1.183433999999999962e-18
3.689611999999999892e+00 1.865637593413614642e-15 1.175870999999999943e-18
3.690277000000000029e+00 1.848143183508763288e-15 1.185841999999999988e-18
3.690942000000000167e+00 1.852988961632468314e-15 1.209720000000000062e-18
3.691606999999999861e+00 1.816587518011986361e-15 1.214862000000000046e-18
3.692271999999999998e+00 1.811153721069241769e-15 2.574439000000000172e-18
3.692937000000000136e+00 1.860001630941215538e-15 1.472958000000000070e-18
3.693601999999999830e+00 1.827576661581062063e-15 1.241757999999999906e-18
3.694266999999999967e+00 1.810648867993931603e-15 1.208396000000000083e-18
3.694932000000000105e+00 1.856595365478113883e-15 1.220421999999999922e-18
3.695596999999999799e+00 1.885871143971207648e-15 1.198864999999999976e-18
3.696261999999999937e+00 1.863089899564532299e-15 1.182930999999999965e-18
3.696927000000000074e+00 1.897724614864199131e-15 1.143839999999999955e-18
3.697592000000000212e+00 1.874385025903066450e-15 1.106130999999999919e-18
3.698256999999999906e+00 1.855136718516613929e-15 1.081438000000000015e-18
3.698922000000000043e+00 1.838843501335142229e-15 1.079127999999999910e-18
3.699587000000000181e+00 1.825967382894874626e-15 1.058772999999999990e-18
3.700251999999999875e+00 1.827364407349704023e-15 1.086507000000000007e-18
3.700917000000000012e+00 1.847034231324172436e-15 1.090938000000000042e-18
3.701582000000000150e+00 1.866075063540572856e-15 1.079007999999999944e-18
3.702246999999999844e+00 1.915264936186667075e-15 1.096420000000000056e-18
3.702911999999999981e+00 1.889844914812440294e-15 1.085069999999999920e-18
3.703577000000000119e+00 1.877108988713201444e-15 1.078287999999999959e-18
3.704241999999999813e+00 1.850310434355112723e-15 1.086161999999999914e-18
3.704906999999999950e+00 1.869456199662500164e-15 1.174286000000000078e-18
3.705572000000000088e+00 1.863193445164790263e-15 1.187178999999999975e-18
3.706236999999999782e+00 1.878471923015890954e-15 1.107048000000000028e-18
3.706901999999999919e+00 1.853444385758494097e-15 1.107495000000000015e-18
3.707567000000000057e+00 1.819770458816813464e-15 1.225604000000000023e-18
3.708232000000000195e+00 1.785384062648078551e-15 1.212916000000000002e-18
3.708896999999999888e+00 1.786349407699831518e-15 1.084007000000000021e-18
3.709562000000000026e+00 1.819174600789758921e-15 1.095754000000000094e-18
3.710227000000000164e+00 1.877086173335510389e-15 1.135541999999999955e-18
3.710891999999999857e+00 1.922757242075669956e-15 1.324335000000000010e-18
3.711556999999999995e+00 1.902219968032505941e-15 1.166155999999999914e-18
3.712222000000000133e+00 1.901150305728158535e-15 1.190656999999999950e-18
3.712886999999999826e+00 1.865618734883541611e-15 1.228709000000000092e-18
3.713551999999999964e+00 1.829754523410019465e-15 1.185722000000000022e-18
3.714217000000000102e+00 1.825660477814694839e-15 1.155448999999999991e-18
3.714881999999999795e+00 1.855007557842135077e-15 1.147999999999999977e-18
3.715546999999999933e+00 1.851463998749205798e-15 1.151698999999999914e-18
3.716212000000000071e+00 1.825426198037027373e-15 1.168754000000000013e-18
3.716877000000000209e+00 nan nan
3.717541999999999902e+00 1.844698186535558881e-15 1.338605999999999909e-18
3.718207000000000040e+00 1.842872072863792996e-15 1.444433000000000062e-18
3.718872000000000178e+00 1.854198209306686284e-15 1.449418000000000040e-18
3.719536999999999871e+00 1.941134993685153403e-15 1.646717999999999946e-18
3.720202000000000009e+00 1.868035821139608030e-15 1.419251000000000068e-18
3.720867000000000147e+00 1.863727767447277686e-15 1.360529999999999994e-18
3.721531999999999840e+00 1.870144883154734398e-15 1.290077999999999931e-18
3.722196999999999978e+00 1.864591783516517748e-15 1.234810000000000096e-18
3.722862000000000116e+00 1.809174603779386578e-15 1.418718999999999977e-18
3.723526999999999809e+00 nan nan
3.724191999999999947e+00 nan nan
3.724857000000000085e+00 1.902826958348221460e-15 2.841304000000000023e-18
3.725521999999999778e+00 1.785117111727663593e-15 2.848887000000000101e-18
3.726186999999999916e+00 1.812012555452528448e-15 1.153182999999999975e-18
3.726852000000000054e+00 1.841367740122713422e-15 1.147885999999999972e-18
3.727517000000000191e+00 1.891155929959195865e-15 1.141255000000000057e-18
3.728181999999999885e+00 1.899183619181044413e-15 1.111487000000000008e-18
3.728847000000000023e+00 1.880538473004792748e-15 1.116810000000000030e-18
3.729512000000000160e+00 1.895076562664417396e-15 1.132766999999999983e-18
3.730176999999999854e+00 1.867389218195671091e-15 1.314135000000000057e-18
3.730841999999999992e+00 1.845676235248295877e-15 1.302363999999999952e-18
3.731507000000000129e+00 1.854029262608314950e-15 1.125106000000000044e-18
3.732171999999999823e+00 1.806415538365074227e-15 1.116099999999999978e-18
3.732836999999999961e+00 1.797247903823497332e-15 1.105475000000000082e-18
3.733502000000000098e+00 1.779068075899128165e-15 1.089595999999999991e-18
3.734166999999999792e+00 1.786108706377659963e-15 1.115738000000000095e-18
3.734831999999999930e+00 1.803284968202696272e-15 1.130317000000000046e-18
3.735497000000000067e+00 1.799993399628054516e-15 1.181560000000000013e-18
3.736162000000000205e+00 1.842533604682299806e-15 1.249567999999999906e-18
3.736826999999999899e+00 1.853371869671843762e-15 1.497312999999999930e-18
3.737492000000000036e+00 1.845736272761495333e-15 1.608058000000000030e-18
3.738157000000000174e+00 1.850330786867708746e-15 1.523240999999999928e-18
3.738821999999999868e+00 1.879085889494781016e-15 1.578723999999999959e-18
3.739487000000000005e+00 1.939389242774720301e-15 1.613835999999999984e-18
3.740152000000000143e+00 1.901817478230560405e-15 1.573854000000000077e-18
3.740816999999999837e+00 1.892314966685640813e-15 1.616126000000000032e-18
3.741481999999999974e+00 1.899847330836494678e-15 1.620413999999999966e-18
3.742147000000000112e+00 1.831491983351398785e-15 1.558870999999999946e-18
3.742811999999999806e+00 1.814397784734533380e-15 1.539718000000000053e-18
3.743476999999999943e+00 1.833290720659571854e-15 1.428933999999999926e-18
3.744142000000000081e+00 1.831337270025361477e-15 1.295632999999999937e-18
3.744807000000000219e+00 1.782692360104451644e-15 1.224643999999999914e-18
3.745471999999999912e+00 1.736510635174356181e-15 1.187019999999999982e-18
3.746137000000000050e+00 1.804940744129579124e-15 1.207886999999999935e-18
3.746802000000000188e+00 1.866902281940310295e-15 1.193567999999999972e-18
3.747466999999999882e+00 1.859004029473205884e-15 1.132950000000000007e-18
3.748132000000000019e+00 1.825985198961663009e-15 1.108198000000000018e-18
3.748797000000000157e+00 1.838314777034364216e-15 1.095829999999999969e-18
3.749461999999999851e+00 1.854873891150457186e-15 1.087554999999999911e-18
3.750126999999999988e+00 1.852448456071954131e-15 1.089283000000000069e-18
3.750792000000000126e+00 1.848291908388906568e-15 1.093698000000000018e-18
3.751456999999999820e+00 1.854535532012743074e-15 1.089182999999999969e-18
3.752121999999999957e+00 1.865902314773311535e-15 1.084031999999999949e-18
3.752787000000000095e+00 1.872979137854648270e-15 1.105296999999999928e-18
3.753451999999999789e+00 1.825973478597343910e-15 1.090700999999999994e-18
3.754116999999999926e+00 1.821012902979179606e-15 1.071625000000000066e-18
3.754782000000000064e+00 1.823736031547334744e-15 1.072300999999999961e-18
3.755447000000000202e+00 1.826578000117508086e-15 1.087958000000000001e-18
3.756111999999999895e+00 1.800414229686363528e-15 1.084143999999999968e-18
3.756777000000000033e+00 1.811767500678312610e-15 1.095324000000000089e-18
3.757442000000000171e+00 1.835469353307982837e-15 1.098884000000000092e-18
3.758106999999999864e+00 1.871871580898534556e-15 1.117292000000000071e-18
3.758772000000000002e+00 1.880480041885794607e-15 1.138041000000000044e-18
3.759437000000000140e+00 1.880731924616501328e-15 1.152148999999999977e-18
3.760101999999999833e+00 1.854962732853134741e-15 1.121892000000000031e-18
3.760766999999999971e+00 1.833408460909001490e-15 1.120551000000000070e-18
3.761432000000000109e+00 1.832469373949801398e-15 1.146526000000000042e-18
3.762096999999999802e+00 1.793635469322349274e-15 1.136427999999999982e-18
3.762761999999999940e+00 1.784298580915049149e-15 1.139954999999999917e-18
3.763427000000000078e+00 1.769092773502966444e-15 1.096641000000000018e-18
3.764092000000000215e+00 1.764737627689443753e-15 1.102474000000000086e-18
3.764756999999999909e+00 1.785620189737431570e-15 1.122789999999999978e-18
3.765422000000000047e+00 1.806195737223378057e-15 1.126635000000000091e-18
3.766087000000000184e+00 1.816551110177731646e-15 1.131022000000000036e-18
3.766751999999999878e+00 1.836240895015646535e-15 1.131633000000000078e-18
3.767417000000000016e+00 1.847424320281288829e-15 1.158958999999999943e-18
3.768082000000000154e+00 1.868933808566203381e-15 1.202905999999999930e-18
3.768746999999999847e+00 1.893233801802338028e-15 1.191245000000000050e-18
3.769411999999999985e+00 1.851252695768530150e-15 1.193087999999999918e-18
3.770077000000000123e+00 1.819116789233088411e-15 1.131755000000000030e-18
3.770741999999999816e+00 1.791779839422863177e-15 1.136455000000000090e-18
3.771406999999999954e+00 1.812985753954586813e-15 1.340069999999999911e-18
3.772072000000000092e+00 1.833629094222211490e-15 1.174623000000000032e-18
3.772736999999999785e+00 1.816265876235237238e-15 1.159511000000000093e-18
3.773401999999999923e+00 1.777851012975873736e-15 1.156907000000000033e-18
3.774067000000000061e+00 1.755334055310620615e-15 1.129124000000000056e-18
3.774732000000000198e+00 1.813065738080024647e-15 1.149394000000000064e-18
3.775396999999999892e+00 1.888708632671319415e-15 1.182653999999999993e-18
3.776062000000000030e+00 1.914527371315791247e-15 1.179742999999999971e-18
3.776727000000000167e+00 1.887594034141433013e-15 1.156011000000000073e-18
3.777391999999999861e+00 1.860623436595310669e-15 1.153941999999999988e-18
3.778056999999999999e+00 1.855473200397834357e-15 1.157948999999999977e-18
3.778722000000000136e+00 1.841459143204333972e-15 1.165250999999999917e-18
3.779386999999999830e+00 1.795169670835309430e-15 1.197825999999999915e-18
3.780051999999999968e+00 1.796231258714128100e-15 1.660271000000000038e-18
3.780717000000000105e+00 1.818497238203343227e-15 1.191215000000000059e-18
3.781381999999999799e+00 1.842360871078701088e-15 1.132781999999999979e-18
3.782046999999999937e+00 1.835809365897282995e-15 1.118560999999999937e-18
3.782712000000000074e+00 1.865954557940003190e-15 1.124629999999999962e-18
3.783377000000000212e+00 1.880496477932216428e-15 1.105148999999999958e-18
3.784041999999999906e+00 1.836319295137425838e-15 1.089418999999999927e-18
3.784707000000000043e+00 1.833313589939569655e-15 1.103856999999999957e-18
3.785372000000000181e+00 1.848285353482544749e-15 1.103224999999999959e-18
3.786036999999999875e+00 1.824502830750238126e-15 1.091375999999999993e-18
3.786702000000000012e+00 1.797085928371564021e-15 1.092157000000000050e-18
3.787367000000000150e+00 1.802556469480759616e-15 1.087608999999999934e-18
3.788031999999999844e+00 1.838602794715335822e-15 2.253855999999999911e-18
3.788696999999999981e+00 1.870023871791873542e-15 2.269694000000000181e-18
3.789362000000000119e+00 1.873274207726859238e-15 1.093627000000000013e-18
3.790026999999999813e+00 1.831413772036591574e-15 1.078650000000000034e-18
3.790691999999999950e+00 1.813852793974699308e-15 1.075481999999999906e-18
3.791357000000000088e+00 1.799962412687260319e-15 1.069787000000000069e-18
3.792021999999999782e+00 1.816259552964651434e-15 1.072708999999999921e-18
3.792686999999999919e+00 1.844489848779121933e-15 1.098527999999999976e-18
3.793352000000000057e+00 1.828283295759097970e-15 1.071223999999999963e-18
3.794017000000000195e+00 1.833339766296731104e-15 1.084454000000000007e-18
3.794681999999999888e+00 1.842690707289877670e-15 1.084973000000000089e-18
3.795347000000000026e+00 1.814781708703283426e-15 1.080314000000000043e-18
3.796012000000000164e+00 1.789658136670856618e-15 1.069750999999999925e-18
3.796676999999999857e+00 1.801062800270904708e-15 1.071971999999999953e-18
3.797341999999999995e+00 1.845139568752488580e-15 1.091669999999999947e-18
3.798007000000000133e+00 1.868307827965568921e-15 1.085471000000000023e-18
3.798671999999999827e+00 1.831593815279692559e-15 1.379573000000000047e-18
3.799336999999999964e+00 1.765353816403904676e-15 1.344481999999999977e-18
3.800002000000000102e+00 1.731079949338747135e-15 1.297535000000000083e-18
3.800666999999999796e+00 1.765750449459159394e-15 1.291814999999999932e-18
3.801331999999999933e+00 1.831053627681084383e-15 1.042055999999999935e-18
3.801997000000000071e+00 1.836903329301989170e-15 1.053113000000000014e-18
3.802662000000000209e+00 1.837538719100964523e-15 1.054635000000000012e-18
3.803326999999999902e+00 1.835354177726886032e-15 1.065030999999999999e-18
3.803992000000000040e+00 1.837463910933274683e-15 1.082466000000000053e-18
3.804657000000000178e+00 1.817498497449581064e-15 1.031188999999999929e-18
3.805321999999999871e+00 1.791258251450765062e-15 1.019846000000000035e-18
3.805987000000000009e+00 1.776722830963508487e-15 1.027957000000000038e-18
3.806652000000000147e+00 1.766047099983499891e-15 1.019044000000000022e-18
3.807316999999999840e+00 1.756137324793748435e-15 1.020786999999999983e-18
3.807981999999999978e+00 1.735662228699060568e-15 1.010370999999999937e-18
3.808647000000000116e+00 1.754849291099378485e-15 1.033626999999999947e-18
3.809311999999999809e+00 1.807110254189410559e-15 1.259830999999999918e-18
3.809976999999999947e+00 1.831922421842366061e-15 2.233774999999999887e-18
3.810642000000000085e+00 1.805408180781699840e-15 1.076683000000000036e-18
3.811306999999999778e+00 1.749787934250855636e-15 1.046969999999999907e-18
3.811971999999999916e+00 1.755356390297617744e-15 1.052731999999999969e-18
3.812637000000000054e+00 1.798107919984491709e-15 1.076761999999999987e-18
3.813302000000000191e+00 1.854394345407147039e-15 1.131319999999999963e-18
3.813966999999999885e+00 1.872487529972740353e-15 1.127755999999999987e-18
3.814632000000000023e+00 1.853686419445054700e-15 1.161028999999999926e-18
3.815297000000000160e+00 1.800715058695094989e-15 1.197832000000000068e-18
3.815961999999999854e+00 1.793282717186973018e-15 1.225946999999999937e-18
3.816626999999999992e+00 1.814023643424502753e-15 1.233668000000000052e-18
3.817292000000000129e+00 1.827239000610350231e-15 1.237901000000000066e-18
3.817956999999999823e+00 1.810718283766908523e-15 1.227150999999999950e-18
3.818621999999999961e+00 1.795146874759423222e-15 1.243243999999999954e-18
3.819287000000000099e+00 1.827253063969537921e-15 1.290253999999999906e-18
3.819951999999999792e+00 1.817622544988186882e-15 1.295381999999999984e-18
3.820616999999999930e+00 1.813493965109004688e-15 1.286175000000000014e-18
3.821282000000000068e+00 1.827681532785264992e-15 1.298610999999999992e-18
3.821947000000000205e+00 1.859533564345063433e-15 1.802845000000000132e-18
3.822611999999999899e+00 1.775144878110653280e-15 1.703505000000000089e-18
3.823277000000000037e+00 1.756623227206937726e-15 1.642245000000000000e-18
3.823942000000000174e+00 1.797898092589062234e-15 1.249142000000000067e-18
3.824606999999999868e+00 1.819121773959801641e-15 1.211771000000000075e-18
3.825272000000000006e+00 1.801837690527512993e-15 1.189119999999999956e-18
3.825937000000000143e+00 1.784863346389975445e-15 1.169724000000000055e-18
3.826601999999999837e+00 1.782349657768916296e-15 1.125478999999999949e-18
3.827266999999999975e+00 1.786193458413325514e-15 1.144948999999999931e-18
3.827932000000000112e+00 1.791509696561416698e-15 1.194642000000000087e-18
3.828596999999999806e+00 1.793048595077024452e-15 1.151838999999999938e-18
3.829261999999999944e+00 1.766107434847854454e-15 1.100326999999999946e-18
3.829927000000000081e+00 1.733564440511492382e-15 1.095274999999999936e-18
3.830592000000000219e+00 1.768957790353405798e-15 1.100612000000000057e-18
3.831256999999999913e+00 1.758005976956997139e-15 1.102998999999999935e-18
3.831922000000000050e+00 1.761283800714939513e-15 1.092516999999999947e-18
3.832587000000000188e+00 1.814657737640378785e-15 1.270822000000000055e-18
3.833251999999999882e+00 1.798676548987177640e-15 1.232873000000000088e-18
3.833917000000000019e+00 1.783823157117572152e-15 1.055644999999999978e-18
3.834582000000000157e+00 1.770612094601929949e-15 1.054362000000000014e-18
3.835246999999999851e+00 1.769491993674140099e-15 1.062258999999999911e-18
3.835911999999999988e+00 1.756552992752319300e-15 1.060083999999999959e-18
3.836577000000000126e+00 1.777626697672969841e-15 1.056776000000000000e-18
3.837241999999999820e+00 1.784417264397068495e-15 1.060029000000000039e-18
3.837906999999999957e+00 1.794872342911735583e-15 1.042390000000000005e-18
3.838572000000000095e+00 1.806657123958092416e-15 1.057312000000000064e-18
3.839236999999999789e+00 1.808118934838281619e-15 1.052152000000000008e-18
3.839901999999999926e+00 1.781382059851236010e-15 1.023051000000000012e-18
3.840567000000000064e+00 1.770329637391087873e-15 1.018586999999999910e-18
3.841232000000000202e+00 1.777106490414122432e-15 1.003577000000000056e-18
3.841896999999999895e+00 1.765350479751711644e-15 1.001124999999999940e-18
3.842562000000000033e+00 1.782099560138646236e-15 1.179802999999999954e-18
3.843227000000000171e+00 1.817439810537606182e-15 1.185178999999999909e-18
3.843891999999999864e+00 1.823079930715039742e-15 1.015489999999999979e-18
3.844557000000000002e+00 1.845489833271653451e-15 1.026973000000000090e-18
3.845222000000000140e+00 1.832820391536475823e-15 1.010791000000000009e-18
3.845886999999999833e+00 1.783057860865513550e-15 9.952636999999999760e-19
3.846551999999999971e+00 1.764168310120728198e-15 2.184873999999999811e-18
3.847217000000000109e+00 1.747178757980884037e-15 1.560334000000000051e-18
3.847881999999999802e+00 1.762097690042258094e-15 1.002085999999999946e-18
3.848546999999999940e+00 1.750270579773577035e-15 1.014560000000000054e-18
3.849212000000000078e+00 1.758909194845547903e-15 1.016766000000000087e-18
3.849877000000000216e+00 1.764146837551328870e-15 1.019741999999999962e-18
3.850541999999999909e+00 1.764905945125455762e-15 1.045445000000000025e-18
3.851207000000000047e+00 1.789153552849087955e-15 1.049323999999999910e-18
3.851872000000000185e+00 1.772442822875344701e-15 1.034394999999999995e-18
3.852536999999999878e+00 1.720179451779113246e-15 1.009194000000000032e-18
3.853202000000000016e+00 1.713807657025872669e-15 9.993171999999999907e-19
3.853867000000000154e+00 1.756126582570744084e-15 1.017103000000000041e-18
3.854531999999999847e+00 1.791287954009211941e-15 1.035997000000000035e-18
3.855196999999999985e+00 1.784778089683968646e-15 1.041365000000000044e-18
3.855862000000000123e+00 1.798256853795971393e-15 1.058570999999999997e-18
3.856526999999999816e+00 1.809870632024306468e-15 1.058241999999999989e-18
3.857191999999999954e+00 1.795024916388900094e-15 1.066594999999999909e-18
3.857857000000000092e+00 1.781713381694472532e-15 1.066255000000000071e-18
3.858521999999999785e+00 1.791522734894622650e-15 1.071988999999999936e-18
3.859186999999999923e+00 1.839952211897081742e-15 1.101646999999999951e-18
3.859852000000000061e+00 1.848347506941419627e-15 1.116875000000000076e-18
3.860517000000000198e+00 1.843540315093664135e-15 1.689755000000000066e-18
3.861181999999999892e+00 1.854536027556345063e-15 1.685010000000000019e-18
3.861847000000000030e+00 1.849805970458527681e-15 1.122030999999999966e-18
3.862512000000000167e+00 1.793962514935439631e-15 1.132976000000000026e-18
3.863176999999999861e+00 1.717231307946886608e-15 1.132923999999999989e-18
3.863841999999999999e+00 1.721272236328861886e-15 1.160472999999999996e-18
3.864507000000000136e+00 1.775846346217417995e-15 1.161488999999999922e-18
3.865171999999999830e+00 1.787981446844459005e-15 1.176427999999999962e-18
3.865836999999999968e+00 1.794568336858293005e-15 1.241132999999999958e-18
3.866502000000000105e+00 1.782950310939754075e-15 1.291489000000000000e-18
3.867166999999999799e+00 1.812697347569821423e-15 1.306110000000000055e-18
3.867831999999999937e+00 1.770101127381921232e-15 1.333053999999999979e-18
3.868497000000000074e+00 1.742561444242276416e-15 1.421448999999999962e-18
3.869162000000000212e+00 1.748753396689608563e-15 1.428882999999999980e-18
3.869826999999999906e+00 1.789715049735814352e-15 1.451134000000000086e-18
3.870492000000000044e+00 1.814170928938113432e-15 1.362769000000000094e-18
3.871157000000000181e+00 1.769289753002210592e-15 1.241278999999999941e-18
3.871821999999999875e+00 1.714391839973823526e-15 1.197335999999999928e-18
3.872487000000000013e+00 1.714733086168680072e-15 1.208866000000000012e-18
3.873152000000000150e+00 1.756814725638672617e-15 1.231039000000000064e-18
3.873816999999999844e+00 1.769810823078933095e-15 1.224889999999999997e-18
3.874481999999999982e+00 1.778587251860840516e-15 1.251479000000000087e-18
3.875147000000000119e+00 1.795797071506314760e-15 1.225966999999999996e-18
3.875811999999999813e+00 1.806319639404935200e-15 1.384401000000000019e-18
3.876476999999999951e+00 1.820525492929012976e-15 1.610851000000000073e-18
3.877142000000000088e+00 1.825796516040697298e-15 2.147769999999999858e-18
3.877806999999999782e+00 1.878755250518492883e-15 1.623504000000000040e-18
3.878471999999999920e+00 1.776211969368821705e-15 1.084020999999999927e-18
3.879137000000000057e+00 1.776790971585168705e-15 1.073041000000000005e-18
3.879802000000000195e+00 1.768187396491428828e-15 1.074469000000000056e-18
3.880466999999999889e+00 1.771288319841820315e-15 1.099438999999999932e-18
3.881132000000000026e+00 1.783798806267487402e-15 1.132400000000000037e-18
3.881797000000000164e+00 1.793485985820145367e-15 1.138656000000000060e-18
3.882461999999999858e+00 1.762741048672842434e-15 1.121529999999999956e-18
3.883126999999999995e+00 1.764075007432158528e-15 1.119637999999999935e-18
3.883792000000000133e+00 1.799363595349884521e-15 1.119239999999999909e-18
3.884456999999999827e+00 1.803713013088717552e-15 1.112870000000000073e-18
3.885121999999999964e+00 1.774167326034631193e-15 1.089541000000000071e-18
3.885787000000000102e+00 1.752452085313875258e-15 1.086574999999999936e-18
3.886451999999999796e+00 1.735286075110778118e-15 1.071932000000000029e-18
3.887116999999999933e+00 1.708946203322090670e-15 1.057583000000000076e-18
3.887782000000000071e+00 1.715126556192147854e-15 1.060805000000000034e-18
3.888447000000000209e+00 1.745028028597030244e-15 1.056476000000000086e-18
3.889111999999999902e+00 1.763133569703000835e-15 1.060096999999999968e-18
3.889777000000000040e+00 1.763621602791417996e-15 1.052741000000000005e-18
3.890442000000000178e+00 1.743005233936315503e-15 1.041896999999999942e-18
3.891106999999999871e+00 1.703648918342007630e-15 1.017529999999999970e-18
3.891772000000000009e+00 1.696274779406301486e-15 1.151204000000000057e-18
3.892437000000000147e+00 1.653674680656480238e-15 9.850468000000000686e-19
3.893101999999999840e+00 1.681259036721408294e-15 9.756321000000000381e-19
3.893766999999999978e+00 1.729744998230631993e-15 9.895189999999999807e-19
3.894432000000000116e+00 1.756193553687443919e-15 9.898472999999999838e-19
3.895096999999999809e+00 1.757050907114807955e-15 9.641873999999999498e-19
3.895761999999999947e+00 1.777561122282811043e-15 9.610531000000000866e-19
3.896427000000000085e+00 1.777941001870212572e-15 1.114710999999999954e-18
3.897091999999999778e+00 1.743218262421452598e-15 1.107154000000000087e-18
3.897756999999999916e+00 1.716216749942004625e-15 1.203159999999999960e-18
3.898422000000000054e+00 1.677899854159449907e-15 9.585835000000000115e-19
3.899087000000000192e+00 1.706173947529032796e-15 9.600055999999999387e-19
3.899751999999999885e+00 1.764972232785089356e-15 1.094356999999999931e-18
3.900417000000000023e+00 1.769772401533968945e-15 1.089898000000000084e-18
3.901082000000000161e+00 1.749658097125564473e-15 1.105455000000000024e-18
3.901746999999999854e+00 1.743542462056664192e-15 1.109293999999999985e-18
3.902411999999999992e+00 1.760402637830233039e-15 1.119712999999999914e-18
3.903077000000000130e+00 1.764035346692423582e-15 1.084702999999999974e-18
3.903741999999999823e+00 1.743804153432363478e-15 1.042262000000000094e-18
3.904406999999999961e+00 1.725097286194126622e-15 1.023443000000000078e-18
3.905072000000000099e+00 1.733657324427028178e-15 1.058873000000000089e-18
3.905736999999999792e+00 1.726198394178639819e-15 1.120688000000000018e-18
3.906401999999999930e+00 1.736957094391150702e-15 1.424066999999999927e-18
3.907067000000000068e+00 1.777631965413202282e-15 1.530177000000000012e-18
3.907732000000000205e+00 1.766162886505045989e-15 1.595190000000000061e-18
3.908396999999999899e+00 1.731454301465059237e-15 1.529949000000000001e-18
3.909062000000000037e+00 1.730496883551792964e-15 1.422020999999999977e-18
3.909727000000000174e+00 1.726271811365528496e-15 1.687549999999999930e-18
3.910391999999999868e+00 1.701142204285872095e-15 1.504767000000000007e-18
3.911057000000000006e+00 1.695538790987432141e-15 1.502657999999999997e-18
3.911722000000000143e+00 1.713306605385248158e-15 1.506487999999999922e-18
3.912386999999999837e+00 1.700982311346580300e-15 1.442507999999999974e-18
3.913051999999999975e+00 1.715644353249416887e-15 1.339562999999999942e-18
3.913717000000000112e+00 1.701285537409147576e-15 1.321809000000000005e-18
3.914381999999999806e+00 1.676131994902248418e-15 1.312179000000000080e-18
3.915046999999999944e+00 1.681452444442783063e-15 1.222104000000000003e-18
3.915712000000000081e+00 1.731577254434899025e-15 1.159298000000000077e-18
3.916377000000000219e+00 1.758463069847639425e-15 1.146481000000000055e-18
3.917041999999999913e+00 1.745987192558866290e-15 1.220737000000000024e-18
3.917707000000000050e+00 1.740353535508476787e-15 1.392304000000000068e-18
3.918372000000000188e+00 nan nan
3.919036999999999882e+00 nan nan
3.919702000000000019e+00 1.697923061215768987e-15 1.352841999999999946e-18
3.920367000000000157e+00 1.714377758076170863e-15 1.127679999999999919e-18
3.921031999999999851e+00 1.736286967948050129e-15 1.090637000000000038e-18
3.921696999999999989e+00 1.743722703423154977e-15 1.112474000000000033e-18
3.922362000000000126e+00 1.736766570191490901e-15 1.102282999999999922e-18
3.923026999999999820e+00 1.752746863622353141e-15 1.111077000000000062e-18
3.923691999999999958e+00 1.718594601318229907e-15 1.093365999999999934e-18
3.924357000000000095e+00 1.721539790005353016e-15 1.102596999999999935e-18
3.925021999999999789e+00 1.753182459565755119e-15 1.106476000000000012e-18
3.925686999999999927e+00 1.747563654114408649e-15 1.114028999999999906e-18
3.926352000000000064e+00 1.706933967152360029e-15 1.112390999999999915e-18
3.927017000000000202e+00 1.695155348308690075e-15 1.648478000000000081e-18
3.927681999999999896e+00 1.728459394539989171e-15 1.114334000000000075e-18
3.928347000000000033e+00 1.764719243948594694e-15 1.123919000000000013e-18
3.929012000000000171e+00 1.775323015825149367e-15 1.128636999999999952e-18
3.929676999999999865e+00 1.739024336984902832e-15 1.096788999999999988e-18
3.930342000000000002e+00 1.700003243359414477e-15 1.099496000000000031e-18
3.931007000000000140e+00 1.690468895360146002e-15 1.093058999999999971e-18
3.931671999999999834e+00 1.694361255066248495e-15 1.100934000000000015e-18
3.932336999999999971e+00 1.706206934666258520e-15 1.087765000000000043e-18
3.933002000000000109e+00 1.691164081255920704e-15 1.093365000000000037e-18
3.933666999999999803e+00 1.698961593616989581e-15 1.089130000000000036e-18
3.934331999999999940e+00 1.737112894521413680e-15 1.592232000000000065e-18
3.934997000000000078e+00 nan nan
3.935662000000000216e+00 1.702749047775223988e-15 1.054102999999999921e-18
3.936326999999999909e+00 1.715290313717186793e-15 1.042838999999999979e-18
3.936992000000000047e+00 1.733774881247654793e-15 1.051948999999999925e-18
3.937657000000000185e+00 1.723532257058745142e-15 1.040608999999999915e-18
3.938321999999999878e+00 1.706753457557729575e-15 1.032650000000000048e-18
3.938987000000000016e+00 1.695953326239662441e-15 1.024432000000000089e-18
3.939652000000000154e+00 1.696704068089472561e-15 1.013249000000000085e-18
3.940316999999999847e+00 1.670933176937946601e-15 9.989175000000000621e-19
3.940981999999999985e+00 1.658695271999881490e-15 9.983314999999999483e-19
3.941647000000000123e+00 1.697353813319431991e-15 9.833567000000000131e-19
3.942311999999999816e+00 1.732574303854565764e-15 9.958299999999999235e-19
3.942976999999999954e+00 1.748984808333515161e-15 9.988937999999999225e-19
3.943642000000000092e+00 1.761357773144844186e-15 1.003459000000000078e-18
3.944306999999999785e+00 1.739834621436309489e-15 9.900899000000000706e-19
3.944971999999999923e+00 1.716749492787480865e-15 9.810630000000000775e-19
3.945637000000000061e+00 1.712689140164913528e-15 9.801639000000000127e-19
3.946302000000000199e+00 1.715781011806526244e-15 1.002698999999999975e-18
3.946966999999999892e+00 1.686842960008392960e-15 9.858354999999999879e-19
3.947632000000000030e+00 1.683811044950110908e-15 9.748089000000000130e-19
3.948297000000000168e+00 1.701834659088775365e-15 9.842831999999999134e-19
3.948961999999999861e+00 1.708570200440123876e-15 9.967807999999999400e-19
3.949626999999999999e+00 1.681864081352302967e-15 1.020362999999999938e-18
3.950292000000000137e+00 1.691490135517840617e-15 1.119624000000000029e-18
3.950956999999999830e+00 nan nan
3.951621999999999968e+00 nan nan
3.952287000000000106e+00 1.632558670081224954e-15 9.903882999999999180e-19
3.952951999999999799e+00 1.660307685619728710e-15 1.002341000000000065e-18
3.953616999999999937e+00 1.683503236743368846e-15 1.023739000000000019e-18
3.954282000000000075e+00 1.680982507772007814e-15 1.041999999999999925e-18
3.954947000000000212e+00 1.677823848924190757e-15 1.042838000000000082e-18
3.955611999999999906e+00 1.693260673473938820e-15 1.048595000000000081e-18
3.956277000000000044e+00 1.699744011580605446e-15 1.064068999999999904e-18
3.956942000000000181e+00 1.667534802783037992e-15 1.059090999999999975e-18
3.957606999999999875e+00 1.676001985481203630e-15 1.051116999999999921e-18
3.958272000000000013e+00 1.690703218349752737e-15 1.063292999999999909e-18
3.958937000000000150e+00 1.666425331848384913e-15 1.050026999999999913e-18
3.959601999999999844e+00 1.704314598077622532e-15 1.184835999999999995e-18
3.960266999999999982e+00 1.718025909386278423e-15 1.075331000000000052e-18
3.960932000000000119e+00 1.743305368081359295e-15 1.079671999999999920e-18
3.961596999999999813e+00 1.732409630676448965e-15 1.070945000000000005e-18
3.962261999999999951e+00 1.700210249647193818e-15 1.071328000000000036e-18
3.962927000000000088e+00 1.664804981993796087e-15 1.052842000000000002e-18
3.963591999999999782e+00 1.624774233310476482e-15 1.052735000000000046e-18
3.964256999999999920e+00 1.620126571511508954e-15 1.056114000000000010e-18
3.964922000000000057e+00 1.627218399437630660e-15 1.060584999999999969e-18
3.965587000000000195e+00 1.642786885882101489e-15 1.270463000000000055e-18
3.966251999999999889e+00 nan nan
3.966917000000000026e+00 1.682601777176387605e-15 1.277527999999999948e-18
3.967582000000000164e+00 1.678069239745931577e-15 1.070301999999999985e-18
3.968246999999999858e+00 1.677494991277339609e-15 1.049536000000000029e-18
3.968911999999999995e+00 1.665633519307733699e-15 1.056641999999999935e-18
3.969577000000000133e+00 1.661107221377510288e-15 1.063408000000000004e-18
3.970241999999999827e+00 1.652482531979991096e-15 1.061108000000000024e-18
3.970906999999999965e+00 1.631431120186877561e-15 1.053096000000000032e-18
3.971572000000000102e+00 1.646998728925431200e-15 1.076997000000000048e-18
3.972236999999999796e+00 1.682735927144537451e-15 1.107704999999999954e-18
3.972901999999999934e+00 1.689773886920637609e-15 1.128285000000000002e-18
3.973567000000000071e+00 1.676505581020209658e-15 1.137267000000000036e-18
3.974232000000000209e+00 1.636690320958153925e-15 1.139761000000000063e-18
3.974896999999999903e+00 1.632371929782931299e-15 1.124366000000000000e-18
3.975562000000000040e+00 1.669515871958964987e-15 1.161439999999999961e-18
3.976227000000000178e+00 1.677191692314900726e-15 1.162855000000000003e-18
3.976891999999999872e+00 1.663576048284414123e-15 1.187730000000000035e-18
3.977557000000000009e+00 1.669189795083360559e-15 1.248736000000000094e-18
3.978222000000000147e+00 1.622678627882382597e-15 1.222614999999999946e-18
3.978886999999999841e+00 1.610272137074034481e-15 1.233346000000000093e-18
3.979551999999999978e+00 1.596800012532196994e-15 1.232200999999999973e-18
3.980217000000000116e+00 1.597954861504034880e-15 1.198008000000000043e-18
3.980881999999999810e+00 1.590493099180962571e-15 1.179765999999999913e-18
3.981546999999999947e+00 1.616481678788390787e-15 1.219884000000000064e-18
3.982212000000000085e+00 1.630354967465141271e-15 1.228835000000000018e-18
3.982876999999999779e+00 1.605745029521981075e-15 1.218170000000000005e-18
3.983541999999999916e+00 1.624529453084240733e-15 1.225536999999999991e-18
3.984207000000000054e+00 1.670667697050341602e-15 1.257051999999999973e-18
3.984872000000000192e+00 1.653205156307719751e-15 1.228119000000000005e-18
3.985536999999999885e+00 1.640710728311167582e-15 1.330510999999999992e-18
3.986202000000000023e+00 1.635508580074956069e-15 1.405007000000000084e-18
3.986867000000000161e+00 1.625718244232259306e-15 1.415190999999999953e-18
3.987531999999999854e+00 1.589155147999935922e-15 1.384806999999999992e-18
3.988196999999999992e+00 1.598424114217380460e-15 1.384283000000000040e-18
3.988862000000000130e+00 1.648723943505730776e-15 1.477270000000000036e-18
3.989526999999999823e+00 1.617209341723197449e-15 1.468172000000000010e-18
3.990191999999999961e+00 1.583257762398571837e-15 1.443470000000000070e-18
3.990857000000000099e+00 1.594604734319449157e-15 1.450981000000000053e-18
3.991521999999999792e+00 1.602791053694438323e-15 1.421551999999999945e-18
3.992186999999999930e+00 1.602754956578576301e-15 1.392061999999999958e-18
3.992852000000000068e+00 1.623486619070845208e-15 1.374336000000000026e-18
3.993517000000000206e+00 1.614392796006858750e-15 1.346830000000000020e-18
3.994181999999999899e+00 1.639040504003603214e-15 1.356702000000000055e-18
3.994847000000000037e+00 1.671974397678072754e-15 1.374973000000000087e-18
3.995512000000000175e+00 1.642976860019041426e-15 1.357760999999999982e-18
3.996176999999999868e+00 1.617099136340000101e-15 1.320208000000000055e-18
3.996842000000000006e+00 1.594320614008828940e-15 1.334414999999999998e-18
3.997507000000000144e+00 1.608703368825435686e-15 1.381957000000000041e-18
3.998171999999999837e+00 1.601248585279645072e-15 1.369046999999999969e-18
3.998836999999999975e+00 1.570747552022644667e-15 1.300521999999999981e-18
3.999502000000000113e+00 1.561013394697725341e-15 1.301690999999999940e-18
4.000167000000000250e+00 1.577963865227710421e-15 1.349139999999999933e-18
4.000831999999999944e+00 1.593683858984425982e-15 1.465859000000000021e-18
4.001496999999999638e+00 1.580207503750330483e-15 1.604414000000000013e-18
4.002162000000000219e+00 1.591416060449949154e-15 1.519637999999999925e-18
4.002826999999999913e+00 1.613028627621792386e-15 1.481413000000000077e-18
4.003491999999999607e+00 1.613992689293457649e-15 1.375265000000000054e-18
4.004157000000000188e+00 1.566149432765959250e-15 1.232116000000000062e-18
4.004821999999999882e+00 1.525630457808847149e-15 1.111776999999999989e-18
4.005486999999999576e+00 1.540596277539632675e-15 1.122460999999999970e-18
4.006152000000000157e+00 1.550431210253563374e-15 1.233520000000000082e-18
4.006816999999999851e+00 1.522911754764013255e-15 1.320513000000000032e-18
4.007482000000000433e+00 1.510236183879083637e-15 1.312783000000000073e-18
4.008147000000000126e+00 1.532454822849378411e-15 1.671123000000000048e-18
4.008811999999999820e+00 1.554576443774844542e-15 2.183454000000000092e-18
4.009477000000000402e+00 1.558622629948032399e-15 2.436331000000000167e-18
4.010142000000000095e+00 1.565178675209527734e-15 2.497975999999999888e-18
4.010806999999999789e+00 1.598981552788616908e-15 2.559658000000000035e-18
4.011472000000000371e+00 1.609727814810461009e-15 2.638656999999999872e-18
4.012137000000000064e+00 nan nan
4.012801999999999758e+00 nan nan
4.013467000000000340e+00 nan nan
4.014132000000000033e+00 nan nan
4.014796999999999727e+00 nan nan
4.015462000000000309e+00 nan nan
4.016127000000000002e+00 nan nan
4.016791999999999696e+00 nan nan
4.017457000000000278e+00 nan nan
4.018121999999999971e+00 nan nan
4.018786999999999665e+00 nan nan
4.019452000000000247e+00 nan nan
4.020116999999999940e+00 nan nan
4.020781999999999634e+00 nan nan
4.021447000000000216e+00 nan nan
4.022111999999999910e+00 nan nan
4.022776999999999603e+00 nan nan
4.023442000000000185e+00 nan nan
4.024106999999999879e+00 nan nan
4.024771999999999572e+00 nan nan
4.025437000000000154e+00 nan nan
4.026101999999999848e+00 nan nan
4.026767000000000429e+00 nan nan
4.027432000000000123e+00 nan nan
4.028096999999999817e+00 nan nan
4.028762000000000398e+00 nan nan
4.029427000000000092e+00 nan nan
4.030091999999999786e+00 nan nan
4.030757000000000367e+00 nan nan
4.031422000000000061e+00 nan nan
4.032086999999999755e+00 nan nan
4.032752000000000336e+00 nan nan
4.033417000000000030e+00 nan nan
4.034081999999999724e+00 nan nan
4.034747000000000305e+00 nan nan
4.035411999999999999e+00 nan nan
4.036076999999999693e+00 nan nan
4.036742000000000274e+00 nan nan
4.037406999999999968e+00 nan nan
4.038071999999999662e+00 nan nan
4.038737000000000243e+00 nan nan
4.039401999999999937e+00 nan nan
4.040066999999999631e+00 nan nan
4.040732000000000212e+00 nan nan
4.041396999999999906e+00 nan nan
4.042061999999999600e+00 nan nan
4.042727000000000182e+00 nan nan
4.043391999999999875e+00 nan nan
4.044056999999999569e+00 nan nan
4.044722000000000151e+00 nan nan
4.045386999999999844e+00 nan nan
4.046052000000000426e+00 nan nan
4.046717000000000120e+00 nan nan
4.047381999999999813e+00 nan nan
4.048047000000000395e+00 nan nan
4.048712000000000089e+00 nan nan
4.049376999999999782e+00 nan nan
4.050042000000000364e+00 nan nan
4.050707000000000058e+00 nan nan
4.051371999999999751e+00 nan nan
4.052037000000000333e+00 nan nan
4.052702000000000027e+00 nan nan
4.053366999999999720e+00 nan nan
4.054032000000000302e+00 nan nan
4.054696999999999996e+00 nan nan
4.055361999999999689e+00 nan nan
4.056027000000000271e+00 nan nan
4.056691999999999965e+00 nan nan
4.057356999999999658e+00 nan nan
4.058022000000000240e+00 nan nan
4.058686999999999934e+00 nan nan
4.059351999999999627e+00 nan nan
4.060017000000000209e+00 nan nan
4.060681999999999903e+00 nan nan
4.061346999999999596e+00 nan nan
4.062012000000000178e+00 nan nan
4.062676999999999872e+00 nan nan
4.063341999999999565e+00 nan nan
4.064007000000000147e+00 nan nan
4.064671999999999841e+00 nan nan
4.065337000000000423e+00 nan nan
4.066002000000000116e+00 nan nan
4.066666999999999810e+00 nan nan
4.067332000000000392e+00 nan nan
4.067997000000000085e+00 nan nan
4.068661999999999779e+00 nan nan
4.069327000000000361e+00 nan nan
4.069992000000000054e+00 nan nan
4.070656999999999748e+00 nan nan
4.071322000000000330e+00 nan nan
4.071987000000000023e+00 nan nan
4.072651999999999717e+00 nan nan
4.073317000000000299e+00 nan nan
4.073981999999999992e+00 nan nan
4.074646999999999686e+00 nan nan
4.075312000000000268e+00 nan nan
4.075976999999999961e+00 nan nan
4.076641999999999655e+00 nan nan
4.077307000000000237e+00 nan nan
4.077971999999999930e+00 nan nan
4.078636999999999624e+00 nan nan
4.079302000000000206e+00 nan nan
4.079966999999999899e+00 nan nan
4.080631999999999593e+00 nan nan
4.081297000000000175e+00 nan nan
4.081961999999999868e+00 nan nan
4.082626999999999562e+00 nan nan
4.083292000000000144e+00 nan nan
4.083956999999999837e+00 nan nan
4.084622000000000419e+00 nan nan
4.085287000000000113e+00 nan nan
4.085951999999999806e+00 nan nan
4.086617000000000388e+00 nan nan
4.087282000000000082e+00 nan nan
4.087946999999999775e+00 nan nan
4.088612000000000357e+00 nan nan
4.089277000000000051e+00 nan nan
4.089941999999999744e+00 nan nan
4.090607000000000326e+00 nan nan
4.091272000000000020e+00 nan nan
4.091936999999999713e+00 nan nan
4.092602000000000295e+00 nan nan
4.093266999999999989e+00 nan nan
4.093931999999999682e+00 nan nan
4.094597000000000264e+00 nan nan
4.095261999999999958e+00 nan nan
4.095926999999999651e+00 nan nan
4.096592000000000233e+00 nan nan
4.097256999999999927e+00 nan nan
4.097921999999999620e+00 nan nan
4.098587000000000202e+00 nan nan
4.099251999999999896e+00 nan nan
4.099916999999999589e+00 nan nan
4.100582000000000171e+00 nan nan
4.101246999999999865e+00 nan nan
4.101911999999999558e+00 nan nan
4.102577000000000140e+00 nan nan
4.103241999999999834e+00 nan nan
4.103907000000000416e+00 nan nan
4.104572000000000109e+00 nan nan
4.105236999999999803e+00 nan nan
4.105902000000000385e+00 nan nan
4.106567000000000078e+00 nan nan
4.107231999999999772e+00 nan nan
4.107897000000000354e+00 nan nan
4.108562000000000047e+00 nan nan
4.109226999999999741e+00 nan nan
4.109892000000000323e+00 nan nan
4.110557000000000016e+00 nan nan
4.111221999999999710e+00 nan nan
4.111887000000000292e+00 nan nan
4.112551999999999985e+00 nan nan
4.113216999999999679e+00 nan nan
4.113882000000000261e+00 nan nan
4.114546999999999954e+00 nan nan
4.115211999999999648e+00 nan nan
4.115877000000000230e+00 nan nan
4.116541999999999923e+00 nan nan
4.117206999999999617e+00 nan nan
4.117872000000000199e+00 nan nan
4.118536999999999892e+00 nan nan
4.119201999999999586e+00 nan nan
4.119867000000000168e+00 nan nan
4.120531999999999861e+00 nan nan
4.121197000000000443e+00 nan nan
4.121862000000000137e+00 nan nan
4.122526999999999830e+00 nan nan
4.123192000000000412e+00 nan nan
4.123857000000000106e+00 nan nan
4.124521999999999800e+00 nan nan
4.125187000000000381e+00 nan nan
4.125852000000000075e+00 nan nan
4.126516999999999769e+00 nan nan
4.127182000000000350e+00 nan nan
4.127847000000000044e+00 nan nan
4.128511999999999738e+00 nan nan
4.129177000000000319e+00 nan nan
4.129842000000000013e+00 nan nan
4.130506999999999707e+00 nan nan
4.131172000000000288e+00 nan nan
4.131836999999999982e+00 nan nan
4.132501999999999676e+00 nan nan
4.133167000000000257e+00 nan nan
4.133831999999999951e+00 nan nan
4.134496999999999645e+00 nan nan
4.135162000000000226e+00 nan nan
4.135826999999999920e+00 nan nan
4.136491999999999614e+00 nan nan
4.137157000000000195e+00 nan nan
4.137821999999999889e+00 nan nan
4.138486999999999583e+00 nan nan
4.139152000000000164e+00 nan nan
4.139816999999999858e+00 nan nan
4.140482000000000440e+00 nan nan
4.141147000000000133e+00 nan nan
4.141811999999999827e+00 nan nan
4.142477000000000409e+00 nan nan
4.143142000000000102e+00 nan nan
4.143806999999999796e+00 nan nan
4.144472000000000378e+00 nan nan
4.145137000000000072e+00 nan nan
4.145801999999999765e+00 nan nan
4.146467000000000347e+00 nan nan
4.147132000000000041e+00 nan nan
4.147796999999999734e+00 nan nan
4.148462000000000316e+00 nan nan
4.149127000000000010e+00 nan nan
4.149791999999999703e+00 nan nan
4.150457000000000285e+00 nan nan
4.151121999999999979e+00 nan nan
4.151786999999999672e+00 nan nan
4.152452000000000254e+00 nan nan
4.153116999999999948e+00 nan nan
4.153781999999999641e+00 nan nan
4.154447000000000223e+00 nan nan
4.155111999999999917e+00 nan nan
4.155776999999999610e+00 nan nan
4.156442000000000192e+00 nan nan
4.157106999999999886e+00 nan nan
4.157771999999999579e+00 nan nan
4.158437000000000161e+00 nan nan
4.159101999999999855e+00 nan nan
4.159767000000000436e+00 nan nan
4.160432000000000130e+00 nan nan
4.161096999999999824e+00 nan nan
4.161762000000000405e+00 nan nan
4.162427000000000099e+00 nan nan
4.163091999999999793e+00 nan nan
4.163757000000000374e+00 nan nan
4.164422000000000068e+00 nan nan
4.165086999999999762e+00 nan nan
4.165752000000000344e+00 nan nan
4.166417000000000037e+00 nan nan
4.167081999999999731e+00 nan nan
4.167747000000000313e+00 nan nan
4.168412000000000006e+00 nan nan
4.169076999999999700e+00 nan nan
4.169742000000000282e+00 nan nan
4.170406999999999975e+00 nan nan
4.171071999999999669e+00 nan nan
4.171737000000000251e+00 nan nan
4.172401999999999944e+00 nan nan
4.173066999999999638e+00 nan nan
4.173732000000000220e+00 nan nan
4.174396999999999913e+00 nan nan
4.175061999999999607e+00 nan nan
4.175727000000000189e+00 nan nan
4.176391999999999882e+00 nan nan
4.177056999999999576e+00 nan nan
4.177722000000000158e+00 nan nan
4.178386999999999851e+00 nan nan
4.179052000000000433e+00 nan nan
4.179717000000000127e+00 nan nan
4.180381999999999820e+00 nan nan
4.181047000000000402e+00 nan nan
4.181712000000000096e+00 nan nan
4.182376999999999789e+00 nan nan
4.183042000000000371e+00 nan nan
4.183707000000000065e+00 1.295425033529757072e-15 4.420404000000000195e-17
4.184371999999999758e+00 1.239288574509598631e-15 4.183173000000000290e-17
4.185037000000000340e+00 1.199650366842353693e-15 4.051135000000000130e-17
4.185702000000000034e+00 nan nan
4.186366999999999727e+00 1.251491225005704180e-15 2.386736999999999906e-17
4.187032000000000309e+00 1.267035000866376831e-15 1.161237000000000071e-17
4.187697000000000003e+00 1.258628809805545905e-15 1.662056000000000025e-17
4.188361999999999696e+00 1.288563455331535507e-15 1.094103999999999952e-17
4.189027000000000278e+00 1.307524702882175238e-15 7.858001000000000378e-18
4.189691999999999972e+00 1.332335601754687643e-15 1.124337000000000059e-17
4.190356999999999665e+00 1.262829248698789703e-15 4.501191000000000133e-18
4.191022000000000247e+00 1.310364631723720057e-15 3.936204999999999772e-18
4.191686999999999941e+00 1.333228227256040718e-15 3.261085999999999828e-18
4.192351999999999634e+00 1.309445930672862805e-15 2.316080000000000082e-18
4.193017000000000216e+00 1.267122868172875914e-15 1.691492000000000066e-18
4.193681999999999910e+00 1.258978809909762217e-15 1.658281999999999994e-18
4.194346999999999603e+00 1.283626729307630304e-15 1.659551999999999950e-18
4.195012000000000185e+00 1.320369079974123749e-15 1.637387000000000037e-18
4.195676999999999879e+00 1.321885536989664467e-15 1.577252999999999907e-18
4.196341999999999572e+00 1.295068196357071981e-15 1.500709999999999967e-18
4.197007000000000154e+00 1.285003979255309634e-15 1.461936000000000045e-18
4.197671999999999848e+00 1.287423286555280220e-15 1.424021999999999940e-18
4.198337000000000430e+00 1.293082293329633656e-15 1.403594999999999926e-18
4.199002000000000123e+00 1.280952508817329653e-15 1.309038000000000060e-18
4.199666999999999817e+00 1.280540252948512243e-15 1.145400999999999981e-18
4.200332000000000399e+00 1.316263138104054896e-15 1.071610999999999967e-18
4.200997000000000092e+00 1.339822889148978255e-15 1.060554000000000081e-18
4.201661999999999786e+00 1.317795102169966561e-15 1.041599999999999912e-18
4.202327000000000368e+00 1.304014898518129491e-15 1.027110000000000037e-18
4.202992000000000061e+00 1.286937332882132358e-15 9.773735999999999606e-19
4.203656999999999755e+00 1.237557660439246789e-15 9.168454999999999414e-19
4.204322000000000337e+00 1.237805792002959905e-15 9.211621000000000498e-19
4.204987000000000030e+00 1.249988131125802100e-15 9.252266000000000870e-19
4.205651999999999724e+00 1.277519840396269020e-15 9.287742000000000572e-19
4.206317000000000306e+00 1.313154444723412387e-15 9.405538999999999207e-19
4.206981999999999999e+00 1.311322103394680870e-15 9.369952000000000923e-19
4.207646999999999693e+00 1.320700878533930587e-15 9.371958999999999113e-19
4.208312000000000275e+00 1.317414177068485867e-15 9.326037000000000337e-19
4.208976999999999968e+00 1.287872928699193636e-15 9.205213000000000724e-19
4.209641999999999662e+00 1.274747935209216595e-15 9.239482999999999079e-19
4.210307000000000244e+00 1.258546453815847755e-15 1.084644000000000081e-18
4.210971999999999937e+00 1.272526958388452965e-15 9.248987000000000042e-19
4.211636999999999631e+00 1.308437577406880748e-15 9.305905000000000943e-19
4.212302000000000213e+00 1.280101434808712050e-15 9.139847000000000251e-19
4.212966999999999906e+00 1.226443178687661141e-15 8.982477999999999729e-19
4.213631999999999600e+00 1.205516570248170454e-15 8.931641000000000698e-19
4.214297000000000182e+00 1.235299057447705374e-15 9.061460000000000161e-19
4.214961999999999875e+00 1.250904245977116938e-15 9.110863999999999271e-19
4.215626999999999569e+00 1.243059486470543640e-15 1.832170000000000166e-18
4.216292000000000151e+00 1.257453028220786941e-15 1.894041000000000105e-18
4.216956999999999844e+00 1.259489678968028867e-15 1.907100999999999941e-18
4.217622000000000426e+00 1.242180625326256785e-15 9.633641999999999248e-19
4.218287000000000120e+00 1.247931563141249905e-15 9.795123000000000692e-19
4.218951999999999813e+00 1.264010581667912374e-15 9.988542999999999467e-19
4.219617000000000395e+00 1.240735495288617526e-15 9.349429999999999331e-19
4.220282000000000089e+00 1.205602818847596089e-15 9.081404000000000430e-19
4.220946999999999782e+00 1.215777385031608950e-15 9.219789000000000022e-19
4.221612000000000364e+00 1.230956833362392570e-15 9.407338000000000333e-19
4.222277000000000058e+00 1.227054104309014784e-15 9.240252000000000373e-19
4.222941999999999751e+00 1.254836923249134320e-15 9.294198000000000409e-19
4.223607000000000333e+00 1.280575321624066648e-15 9.301863000000000514e-19
4.224272000000000027e+00 1.285431714398076796e-15 9.281894000000000894e-19
4.224936999999999721e+00 1.303718073159082206e-15 9.470379999999999831e-19
4.225602000000000302e+00 1.318264631748727924e-15 9.493452999999999046e-19
4.226266999999999996e+00 1.302922405472582547e-15 9.457527999999999755e-19
4.226931999999999690e+00 1.261870585961538046e-15 9.212792999999999955e-19
4.227597000000000271e+00 1.233096360891899081e-15 9.065312000000000902e-19
4.228261999999999965e+00 1.223016907220755927e-15 8.965403000000000149e-19
4.228926999999999659e+00 1.226796941954045829e-15 8.949922999999999982e-19
4.229592000000000240e+00 1.241344201998510477e-15 8.966198999999999432e-19
4.230256999999999934e+00 1.250258701607722550e-15 9.037447999999999830e-19
4.230921999999999628e+00 1.263036882407528224e-15 9.126186999999999432e-19
4.231587000000000209e+00 1.302135131037473755e-15 9.320011000000000504e-19
4.232251999999999903e+00 1.297630143444958058e-15 9.186784000000000404e-19
4.232916999999999597e+00 1.290711777917569221e-15 9.301157999999999947e-19
4.233582000000000178e+00 1.254624410807069449e-15 9.038297000000000587e-19
4.234246999999999872e+00 1.246123609434561428e-15 9.277798000000000635e-19
4.234911999999999566e+00 1.270204054901647851e-15 9.560428999999999312e-19
4.235577000000000147e+00 1.305921032645761122e-15 9.226263999999999442e-19
4.236241999999999841e+00 1.304407798666432445e-15 9.190953000000000078e-19
4.236907000000000423e+00 1.249350776045183247e-15 9.043991999999999462e-19
4.237572000000000116e+00 1.251435995872085937e-15 8.933981000000000410e-19
4.238236999999999810e+00 1.260738880531216425e-15 8.982802000000000637e-19
4.238902000000000392e+00 1.253936701682095821e-15 8.994234000000000608e-19
4.239567000000000085e+00 1.266570597196818154e-15 8.989845000000000485e-19
4.240231999999999779e+00 1.250649816052523614e-15 8.985983000000000775e-19
4.240897000000000361e+00 1.226542637759260444e-15 8.901270000000000939e-19
4.241562000000000054e+00 1.217273368647952305e-15 8.869814999999999591e-19
4.242226999999999748e+00 1.212434447745250790e-15 8.747348000000000503e-19
4.242892000000000330e+00 1.180602617044388076e-15 8.638698999999999634e-19
4.243557000000000023e+00 1.186237582202583627e-15 8.649257000000000460e-19
4.244221999999999717e+00 1.220709305461230205e-15 8.938343000000000618e-19
4.244887000000000299e+00 1.253582815576164910e-15 8.972172999999999998e-19
4.245551999999999992e+00 1.279997665911585297e-15 9.238813999999999040e-19
4.246216999999999686e+00 1.228784174712198553e-15 8.951507000000000142e-19
4.246882000000000268e+00 1.207062409777055972e-15 8.827958000000000030e-19
4.247546999999999962e+00 1.219514692999579412e-15 8.972334999999999490e-19
4.248211999999999655e+00 1.218174102918224354e-15 9.001858999999999056e-19
4.248877000000000237e+00 1.214531304975077121e-15 8.853207999999999183e-19
4.249541999999999931e+00 1.218117993543699194e-15 8.872706999999999067e-19
4.250206999999999624e+00 1.202912192827807457e-15 8.783156999999999802e-19
4.250872000000000206e+00 1.172901743854409951e-15 8.732047999999999129e-19
4.251536999999999900e+00 1.153179640600669460e-15 8.620710999999999534e-19
4.252201999999999593e+00 1.162157165497642896e-15 8.721880999999999821e-19
4.252867000000000175e+00 1.192785075105989479e-15 8.862626999999999272e-19
4.253531999999999869e+00 1.193763671630955156e-15 8.773109999999999689e-19
4.254196999999999562e+00 1.199870928900128455e-15 8.813498999999999081e-19
4.254862000000000144e+00 1.226452880939161503e-15 8.888675000000000198e-19
4.255526999999999838e+00 1.225227901948928569e-15 9.025300000000000039e-19
4.256192000000000419e+00 1.224035933224135863e-15 9.232806000000000436e-19
4.256857000000000113e+00 1.257233896718396426e-15 9.335238000000000539e-19
4.257521999999999807e+00 1.203015040955870330e-15 9.081101999999999952e-19
4.258187000000000388e+00 1.166629985963942065e-15 8.901203999999999648e-19
4.258852000000000082e+00 1.215809793237232293e-15 9.212550999999999075e-19
4.259516999999999776e+00 1.181882385243195712e-15 9.036917000000000214e-19
4.260182000000000357e+00 1.161723730691919357e-15 8.942830999999999789e-19
4.260847000000000051e+00 1.178660391987409854e-15 8.985361000000000517e-19
4.261511999999999745e+00 1.190479951113435534e-15 9.091451000000000543e-19
4.262177000000000326e+00 1.205226708634165108e-15 9.172657999999999051e-19
4.262842000000000020e+00 1.226238235641402198e-15 9.035820000000000735e-19
4.263506999999999714e+00 1.212328340772315359e-15 9.043392999999999917e-19
4.264172000000000295e+00 1.195580948049312859e-15 8.821807999999999874e-19
4.264836999999999989e+00 1.202725792767643042e-15 8.863063999999999326e-19
4.265501999999999683e+00 1.204084486826002779e-15 1.034892000000000032e-18
4.266167000000000264e+00 1.195230201463934010e-15 1.038046999999999959e-18
4.266831999999999958e+00 1.205513460036151629e-15 8.491183999999999653e-19
4.267496999999999652e+00 1.201662494040517583e-15 8.492189000000000134e-19
4.268162000000000234e+00 1.174916527214432356e-15 8.369012000000000031e-19
4.268826999999999927e+00 1.194633167612346286e-15 8.442533999999999530e-19
4.269491999999999621e+00 1.196862042646486455e-15 8.336934000000000069e-19
4.270157000000000203e+00 1.178176647362130345e-15 8.239356000000000341e-19
4.270821999999999896e+00 1.213650667009347635e-15 8.440872999999999790e-19
4.271486999999999590e+00 1.212764254330641101e-15 1.801825000000000040e-18
4.272152000000000172e+00 1.162920185811594435e-15 8.284039000000000013e-19
4.272816999999999865e+00 1.148785316217675568e-15 8.014082999999999614e-19
4.273481999999999559e+00 1.180255239440804748e-15 8.067185999999999623e-19
4.274147000000000141e+00 1.211772524942614220e-15 8.242888000000000339e-19
4.274811999999999834e+00 1.183678928493473609e-15 8.135157000000000438e-19
4.275477000000000416e+00 1.137150451750537832e-15 7.923936000000000405e-19
4.276142000000000110e+00 1.148012284131171352e-15 8.057521000000000414e-19
4.276806999999999803e+00 1.178611449623870106e-15 8.129922999999999723e-19
4.277472000000000385e+00 1.199575332273999152e-15 8.193655000000000371e-19
4.278137000000000079e+00 1.226671822507455070e-15 8.345483000000000215e-19
4.278801999999999772e+00 1.222925310513371735e-15 8.270520000000000463e-19
4.279467000000000354e+00 1.206415256037235787e-15 8.248409000000000188e-19
4.280132000000000048e+00 1.209993355451503112e-15 8.235746999999999800e-19
4.280796999999999741e+00 1.206338466832549003e-15 8.251771999999999682e-19
4.281462000000000323e+00 1.196537877536416877e-15 8.167139000000000273e-19
4.282127000000000017e+00 1.186648449314970099e-15 7.962013000000000283e-19
4.282791999999999710e+00 1.163307273448823617e-15 7.861759000000000400e-19
4.283457000000000292e+00 1.162093983908840879e-15 7.851537000000000017e-19
4.284121999999999986e+00 1.176163528990949597e-15 7.914384000000000342e-19
4.284786999999999679e+00 1.208503076153720368e-15 8.016925999999999707e-19
4.285452000000000261e+00 1.242688632925282934e-15 8.063473999999999870e-19
4.286116999999999955e+00 1.235027153044905072e-15 8.072358000000000176e-19
4.286781999999999648e+00 1.184786462791709044e-15 7.865714000000000353e-19
4.287447000000000230e+00 1.164899502889592316e-15 7.743565999999999800e-19
4.288111999999999924e+00 1.200014532139095664e-15 7.941582000000000295e-19
4.288776999999999617e+00 1.212451427204571541e-15 7.972749999999999620e-19
4.289442000000000199e+00 1.196929830830616237e-15 7.912392999999999926e-19
4.290106999999999893e+00 nan nan
4.290771999999999586e+00 1.189088069551539195e-15 7.793053000000000182e-19
4.291437000000000168e+00 1.221704299409763352e-15 7.734177000000000473e-19
4.292101999999999862e+00 1.208403124515932961e-15 7.714101999999999831e-19
4.292767000000000444e+00 1.158713060145272571e-15 7.546629000000000445e-19
4.293432000000000137e+00 1.141165082023815810e-15 7.452524000000000436e-19
4.294096999999999831e+00 1.151998372723017960e-15 7.629977999999999607e-19
4.294762000000000413e+00 1.146193841508147131e-15 7.634138999999999912e-19
4.295427000000000106e+00 1.141356873709494993e-15 7.565510999999999556e-19
4.296091999999999800e+00 1.126159796537637598e-15 7.522922000000000475e-19
4.296757000000000382e+00 1.117152299039099180e-15 7.410177999999999629e-19
4.297422000000000075e+00 1.129680774663400453e-15 7.424121000000000380e-19
4.298086999999999769e+00 1.149209966098064993e-15 7.506469000000000190e-19
4.298752000000000351e+00 1.172729169258073734e-15 7.684691999999999692e-19
4.299417000000000044e+00 1.177177142676983559e-15 7.736589000000000280e-19
4.300081999999999738e+00 1.181189043691186618e-15 7.785839999999999549e-19
4.300747000000000320e+00 1.187187046174673653e-15 7.788111000000000012e-19
4.301412000000000013e+00 1.175887783772488519e-15 7.718813999999999617e-19
4.302076999999999707e+00 1.163738385112898763e-15 7.798732000000000319e-19
4.302742000000000289e+00 1.138470870599270000e-15 8.352728999999999568e-19
4.303406999999999982e+00 nan nan
4.304071999999999676e+00 nan nan
4.304737000000000258e+00 1.142400502902692680e-15 8.260538000000000395e-19
4.305401999999999951e+00 1.124000952752106089e-15 7.809826999999999566e-19
4.306066999999999645e+00 1.125969065006465310e-15 7.652599000000000313e-19
4.306732000000000227e+00 1.148431064691106339e-15 7.758215000000000437e-19
4.307396999999999920e+00 1.151702969072087585e-15 7.797903999999999710e-19
4.308061999999999614e+00 1.164163170528881134e-15 7.882620000000000393e-19
4.308727000000000196e+00 1.168103209169047846e-15 7.798523000000000084e-19
4.309391999999999889e+00 1.154525280718718459e-15 7.647307999999999884e-19
4.310056999999999583e+00 1.139372105504734535e-15 7.709999999999999804e-19
4.310722000000000165e+00 1.137526941876220985e-15 7.749459999999999939e-19
4.311386999999999858e+00 1.165454915273241635e-15 7.964061999999999732e-19
4.312052000000000440e+00 1.172894847088806183e-15 8.025343000000000161e-19
4.312717000000000134e+00 1.181390522947645193e-15 8.061390000000000174e-19
4.313381999999999827e+00 1.202899987403400121e-15 8.178005999999999701e-19
4.314047000000000409e+00 1.205139450145717396e-15 8.250883000000000156e-19
4.314712000000000103e+00 1.196401093662823253e-15 8.197883000000000323e-19
4.315376999999999796e+00 1.159311455988206877e-15 8.072477000000000052e-19
4.316042000000000378e+00 1.136031456431913274e-15 8.004569999999999963e-19
4.316707000000000072e+00 1.129074791597317065e-15 8.006471000000000020e-19
4.317371999999999765e+00 1.104411268267004431e-15 7.860736999999999937e-19
4.318037000000000347e+00 1.115245307476634714e-15 7.920601000000000145e-19
4.318702000000000041e+00 1.132215149407170410e-15 8.028167999999999990e-19
4.319366999999999734e+00 1.115831324662154331e-15 8.000121000000000242e-19
4.320032000000000316e+00 1.125297015912469994e-15 8.116880999999999958e-19
4.320697000000000010e+00 1.156769175569346564e-15 8.140511999999999667e-19
4.321361999999999703e+00 1.170643991812980937e-15 8.194408000000000039e-19
4.322027000000000285e+00 1.150399030358821759e-15 8.008418999999999857e-19
4.322691999999999979e+00 1.184052282207917313e-15 8.252593000000000242e-19
4.323356999999999672e+00 1.209776229251944696e-15 8.370514000000000163e-19
4.324022000000000254e+00 1.147674761912761786e-15 8.021249999999999785e-19
4.324686999999999948e+00 1.124928228207155863e-15 7.875685999999999525e-19
4.325351999999999641e+00 1.155734643448248180e-15 8.110873000000000391e-19
4.326017000000000223e+00 1.151350424315933532e-15 8.039128999999999943e-19
4.326681999999999917e+00 1.130999266201033009e-15 8.128663000000000471e-19
4.327346999999999611e+00 1.153008919936225695e-15 8.286353000000000092e-19
4.328012000000000192e+00 1.153058633499816210e-15 8.283136000000000388e-19
4.328676999999999886e+00 1.123817926285603428e-15 8.206855000000000424e-19
4.329341999999999580e+00 1.131352969782903498e-15 8.281808999999999563e-19
4.330007000000000161e+00 1.161264268822545898e-15 8.342920000000000170e-19
4.330671999999999855e+00 1.137027897488563334e-15 8.268400000000000238e-19
4.331337000000000437e+00 1.134065232166743321e-15 8.345254000000000114e-19
4.332002000000000130e+00 1.165191409928790561e-15 8.356178999999999538e-19
4.332666999999999824e+00 1.168352588170056156e-15 8.482505000000000379e-19
4.333332000000000406e+00 1.103537021594415019e-15 8.186707999999999687e-19
4.333997000000000099e+00 1.093631511850070031e-15 8.192396000000000438e-19
4.334661999999999793e+00 1.169550209065933275e-15 8.479928000000000235e-19
4.335327000000000375e+00 1.190506675305918188e-15 8.598413999999999736e-19
4.335992000000000068e+00 1.136346575820994011e-15 8.372488999999999916e-19
4.336656999999999762e+00 1.058252022679118579e-15 8.136536999999999848e-19
4.337322000000000344e+00 1.106075793770190882e-15 8.291343999999999644e-19
4.337987000000000037e+00 1.147935994546461584e-15 8.567156000000000053e-19
4.338651999999999731e+00 1.104920823088216171e-15 8.353915000000000087e-19
4.339317000000000313e+00 1.108657899804052805e-15 8.350448000000000135e-19
4.339982000000000006e+00 1.108039856592247088e-15 8.418314000000000209e-19
4.340646999999999700e+00 1.138922319346084947e-15 8.599308999999999992e-19
4.341312000000000282e+00 1.158393273500513151e-15 8.872454999999999217e-19
4.341976999999999975e+00 1.126314843218002530e-15 8.694186000000000216e-19
4.342641999999999669e+00 1.105363200644322354e-15 8.798508000000000160e-19
4.343307000000000251e+00 1.101465717546595165e-15 8.578682999999999868e-19
4.343971999999999944e+00 1.125234349138648645e-15 8.608101000000000338e-19
4.344636999999999638e+00 1.105789911486364800e-15 8.592039999999999927e-19
4.345302000000000220e+00 1.102618047722512136e-15 9.180071999999999588e-19
4.345966999999999913e+00 1.079720536194346083e-15 8.957595000000000137e-19
4.346631999999999607e+00 1.098340394117399881e-15 9.041879000000000250e-19
4.347297000000000189e+00 1.123939389595662824e-15 8.634456999999999584e-19
4.347961999999999883e+00 1.099891229461968845e-15 8.625296000000000076e-19
4.348626999999999576e+00 1.143338601645793025e-15 8.780643999999999421e-19
4.349292000000000158e+00 1.163848996377959700e-15 8.820894000000000035e-19
4.349956999999999852e+00 1.138579926909373793e-15 8.654989000000000146e-19
4.350622000000000433e+00 1.070309484176698735e-15 8.430528999999999647e-19
4.351287000000000127e+00 1.073123246821900667e-15 8.659263999999999879e-19
4.351951999999999821e+00 1.088815348637680268e-15 8.818303999999999111e-19
4.352617000000000402e+00 1.090645201697371262e-15 8.986937000000000346e-19
4.353282000000000096e+00 1.079904527350439889e-15 8.956458000000000926e-19
4.353946999999999790e+00 1.061748505820768573e-15 8.964922999999999517e-19
4.354612000000000371e+00 1.119121870700381663e-15 9.407694000000000641e-19
4.355277000000000065e+00 1.149372072705062814e-15 9.547601000000000231e-19
4.355941999999999759e+00 1.132136096615926547e-15 9.409381999999999333e-19
4.356607000000000340e+00 1.111380648243602582e-15 9.296725999999999245e-19
4.357272000000000034e+00 1.079042446073921149e-15 9.117354999999999354e-19
4.357936999999999728e+00 1.104292447490029386e-15 9.261159000000000827e-19
4.358602000000000309e+00 1.134220423517709495e-15 1.001324000000000050e-18
4.359267000000000003e+00 1.114734466944204160e-15 1.013992000000000012e-18
4.359931999999999697e+00 1.096734219460904689e-15 9.713789999999999370e-19
4.360597000000000278e+00 1.092153850488527462e-15 9.576424000000000359e-19
4.361261999999999972e+00 1.125660391822070453e-15 9.629261999999999738e-19
4.361926999999999666e+00 1.139618268838847514e-15 9.561506000000000851e-19
4.362592000000000247e+00 1.126694170150374254e-15 9.516291999999999637e-19
4.363256999999999941e+00 1.101739647476340184e-15 9.419380999999999383e-19
4.363921999999999635e+00 1.060213690434046703e-15 9.213633000000000099e-19
4.364587000000000216e+00 1.055848936708311603e-15 9.126938999999999780e-19
4.365251999999999910e+00 1.082530225086477516e-15 1.343561000000000088e-18
4.365916999999999604e+00 1.121224055224212180e-15 9.500475000000000671e-19
4.366582000000000185e+00 1.073566255093265933e-15 9.127255000000000357e-19
4.367246999999999879e+00 1.018324368690266615e-15 8.927456000000000362e-19
4.367911999999999573e+00 1.040553982597320182e-15 8.999661999999999252e-19
4.368577000000000155e+00 1.055047746333480089e-15 8.786518000000000658e-19
4.369241999999999848e+00 1.084641911609353615e-15 8.812782000000000906e-19
4.369907000000000430e+00 1.118166922575425107e-15 8.887997999999999828e-19
4.370572000000000124e+00 1.098138396170819097e-15 9.115812999999999490e-19
4.371236999999999817e+00 1.079797777282968903e-15 9.145717000000000359e-19
4.371902000000000399e+00 1.079762710813532453e-15 9.353968999999999411e-19
4.372567000000000093e+00 1.078948508875153751e-15 9.377191000000000226e-19
4.373231999999999786e+00 1.083281850861789898e-15 9.679634000000000443e-19
4.373897000000000368e+00 1.050974031970938463e-15 1.468411999999999941e-18
4.374562000000000062e+00 1.020088156048693458e-15 1.447247999999999958e-18
4.375226999999999755e+00 1.063167475199373884e-15 9.647400999999999114e-19
4.375892000000000337e+00 1.072192741856978841e-15 9.649487000000000337e-19
4.376557000000000031e+00 1.064746683285491287e-15 9.708800999999999419e-19
4.377221999999999724e+00 1.078143761209469230e-15 9.814404000000000690e-19
4.377887000000000306e+00 1.071379347021491358e-15 9.719718000000000438e-19
4.378552000000000000e+00 1.038111525811408071e-15 1.025384999999999956e-18
4.379216999999999693e+00 1.044317422115446133e-15 1.007541999999999943e-18
4.379882000000000275e+00 1.068964694597390501e-15 9.747568999999999767e-19
4.380546999999999969e+00 1.100281962426596143e-15 9.481929000000000077e-19
4.381211999999999662e+00 1.091050505452669053e-15 8.889375999999999637e-19
4.381877000000000244e+00 1.037114739519356457e-15 8.389847000000000390e-19
4.382541999999999938e+00 1.007698465098466275e-15 8.396272000000000146e-19
4.383206999999999631e+00 1.037702508080772042e-15 8.549880999999999888e-19
4.383872000000000213e+00 1.066558847097784013e-15 8.831180000000000182e-19
4.384536999999999907e+00 1.103040158413838604e-15 9.205751000000000390e-19
4.385201999999999600e+00 1.095337426664488460e-15 9.310848999999999752e-19
4.385867000000000182e+00 1.038165013212853739e-15 9.319113999999999684e-19
4.386531999999999876e+00 1.028977336405613359e-15 9.400209999999999611e-19
4.387196999999999569e+00 1.071182459657863072e-15 9.773134999999999496e-19
4.387862000000000151e+00 1.063871367047142387e-15 9.782782000000000366e-19
4.388526999999999845e+00 1.084342329457837553e-15 9.815203999999999176e-19
4.389192000000000426e+00 1.112408205697155621e-15 1.003549000000000052e-18
4.389857000000000120e+00 1.073107548552962312e-15 9.917231000000000551e-19
4.390521999999999814e+00 1.042725334392039629e-15 9.696212000000000372e-19
4.391187000000000396e+00 1.070670440821297900e-15 9.890954000000000487e-19
4.391852000000000089e+00 1.113597472846323991e-15 1.057009999999999971e-18
4.392516999999999783e+00 1.106004970113771411e-15 1.201011999999999923e-18
4.393182000000000365e+00 1.088290619484570380e-15 1.005423000000000000e-18
4.393847000000000058e+00 1.024790892735980118e-15 9.591413000000000642e-19
4.394511999999999752e+00 1.027321067433692989e-15 8.988058000000000819e-19
4.395177000000000334e+00 1.085797659611840834e-15 8.850997999999999563e-19
4.395842000000000027e+00 1.069229981981127750e-15 8.722881999999999173e-19
4.396506999999999721e+00 1.029673728129807757e-15 8.606295000000000126e-19
4.397172000000000303e+00 1.051545449943205495e-15 8.718504000000000228e-19
4.397836999999999996e+00 1.051896684120342387e-15 8.979826000000000569e-19
4.398501999999999690e+00 1.019927974289952372e-15 8.698010999999999115e-19
4.399167000000000272e+00 1.018381236936038574e-15 8.548486000000000097e-19
4.399831999999999965e+00 1.057303364275191670e-15 8.721763999999999546e-19
4.400496999999999659e+00 1.104697260510674515e-15 8.852991999999999862e-19
4.401162000000000241e+00 1.104086878838015903e-15 8.805383999999999106e-19
4.401826999999999934e+00 1.051033894841864677e-15 8.520033000000000377e-19
4.402491999999999628e+00 1.005087351551667522e-15 8.318278999999999532e-19
4.403157000000000210e+00 1.028200909220866595e-15 8.421324000000000242e-19
4.403821999999999903e+00 1.062221424876486344e-15 8.683732999999999167e-19
4.404486999999999597e+00 1.049408977852107290e-15 8.731397000000000318e-19
4.405152000000000179e+00 1.036589589209680513e-15 8.771562000000000057e-19
4.405816999999999872e+00 1.053010244801203188e-15 8.750953000000000878e-19
4.406481999999999566e+00 1.048925372074851611e-15 8.676410999999999553e-19
4.407147000000000148e+00 1.015884098340865874e-15 8.431176000000000218e-19
4.407811999999999841e+00 1.050316133227859260e-15 8.644991000000000378e-19
4.408477000000000423e+00 1.074099001995412243e-15 8.683605999999999922e-19
4.409142000000000117e+00 1.071605491717367049e-15 8.725830999999999326e-19
4.409806999999999810e+00 1.065157018159792691e-15 8.774629999999999123e-19
4.410472000000000392e+00 1.071379124687794124e-15 8.852411999999999900e-19
4.411137000000000086e+00 1.056851295702668552e-15 8.771571000000000671e-19
4.411801999999999779e+00 1.007948092982980373e-15 8.487478999999999949e-19
4.412467000000000361e+00 1.054516748843843701e-15 8.645110000000000254e-19
4.413132000000000055e+00 1.106178927577001459e-15 8.889024000000000457e-19
4.413796999999999748e+00 1.113910970206000586e-15 8.948620000000000152e-19
4.414462000000000330e+00 1.071864897702282211e-15 8.775425000000000050e-19
4.415127000000000024e+00 1.039921648853045985e-15 8.655512000000000394e-19
4.415791999999999717e+00 1.028153692304173246e-15 8.589755000000000328e-19
4.416457000000000299e+00 1.034201910361703151e-15 8.714030999999999512e-19
4.417121999999999993e+00 1.085647217198858175e-15 9.216027999999999923e-19
4.417786999999999686e+00 1.069653579827830203e-15 8.922678000000000248e-19
4.418452000000000268e+00 1.052939360911349925e-15 8.886317999999999541e-19
4.419116999999999962e+00 1.068415899049462903e-15 8.967665000000000962e-19
4.419781999999999655e+00 1.060808701224856845e-15 8.953800000000000073e-19
4.420447000000000237e+00 1.018708009962361380e-15 8.755463000000000479e-19
4.421111999999999931e+00 9.936581938214684197e-16 8.568098000000000090e-19
4.421776999999999624e+00 1.018823905140754227e-15 8.684069999999999891e-19
4.422442000000000206e+00 1.032407810565108148e-15 8.866453000000000379e-19
4.423106999999999900e+00 1.031354740395256212e-15 8.936841000000000486e-19
4.423771999999999593e+00 1.031134049548355945e-15 8.920685000000000230e-19
4.424437000000000175e+00 1.034785600082503611e-15 8.933826999999999324e-19
4.425101999999999869e+00 9.982383299492625676e-16 8.778738000000000842e-19
4.425766999999999562e+00 9.819238213794914103e-16 8.584592000000000389e-19
4.426432000000000144e+00 1.038814065988061566e-15 8.913118999999999172e-19
4.427096999999999838e+00 1.063492429316964595e-15 8.978610000000000252e-19
4.427762000000000420e+00 1.076044932380458313e-15 9.093405999999999467e-19
4.428427000000000113e+00 1.062928119013460650e-15 9.012614000000000583e-19
4.429091999999999807e+00 1.004718401634488415e-15 8.749868000000000934e-19
4.429757000000000389e+00 9.613187918571752244e-16 8.562563000000000142e-19
4.430422000000000082e+00 9.818707951372528961e-16 8.677220000000000579e-19
4.431086999999999776e+00 1.039231811772773188e-15 8.948201999999999681e-19
4.431752000000000358e+00 1.056464148399647205e-15 9.039444999999999050e-19
4.432417000000000051e+00 1.039638755630119900e-15 9.009255000000000291e-19
4.433081999999999745e+00 1.028636166107021314e-15 8.936052999999999608e-19
4.433747000000000327e+00 1.024164081626836405e-15 8.994214000000000743e-19
4.434412000000000020e+00 1.004666003480295303e-15 1.022239000000000065e-18
4.435076999999999714e+00 9.792060475866939516e-16 8.978557000000000703e-19
4.435742000000000296e+00 1.001534016171679121e-15 9.153028999999999077e-19
4.436406999999999989e+00 1.005342450721230120e-15 9.203946999999999779e-19
4.437071999999999683e+00 1.003619120077499359e-15 9.168090000000000417e-19
4.437737000000000265e+00 1.035887934450481597e-15 9.292084000000000915e-19
4.438401999999999958e+00 1.021074350836783268e-15 9.061462000000000726e-19
4.439066999999999652e+00 1.013081431712740901e-15 8.910939000000000313e-19
4.439732000000000234e+00 9.801875526253830365e-16 8.706159999999999055e-19
4.440396999999999927e+00 9.446331621559859939e-16 8.499082000000000025e-19
4.441061999999999621e+00 9.773960105091560667e-16 8.622723000000000098e-19
4.441727000000000203e+00 1.024441642082370566e-15 8.820571999999999691e-19
4.442391999999999896e+00 1.072621149915950079e-15 9.214148999999999334e-19
4.443056999999999590e+00 1.079074502447086344e-15 9.166792000000000072e-19
4.443722000000000172e+00 1.035764451640496284e-15 8.817551000000000406e-19
4.444386999999999865e+00 9.939161966407098701e-16 8.701279000000000691e-19
4.445051999999999559e+00 9.784741295904949558e-16 8.561949000000000216e-19
4.445717000000000141e+00 1.009378804469032579e-15 9.730552999999999502e-19
4.446381999999999834e+00 1.031884594171869281e-15 9.885791999999999867e-19
4.447047000000000416e+00 1.044625014164228383e-15 8.700956000000000065e-19
4.447712000000000110e+00 1.104589877202082627e-15 9.114139999999999252e-19
4.448376999999999803e+00 1.082331106108841403e-15 9.200893000000000812e-19
4.449042000000000385e+00 9.984276675080601477e-16 8.700806000000000108e-19
4.449707000000000079e+00 9.940553781227284443e-16 8.691294999999999096e-19
4.450371999999999773e+00 9.774214104001251973e-16 8.479710999999999668e-19
4.451037000000000354e+00 1.002188731308516570e-15 8.515476000000000032e-19
4.451702000000000048e+00 1.037657520272139101e-15 8.690216999999999201e-19
4.452366999999999742e+00 1.017085848516460179e-15 8.498057999999999960e-19
4.453032000000000323e+00 9.996122100339015763e-16 8.438483999999999733e-19
4.453697000000000017e+00 1.031895963468904998e-15 8.563850000000000272e-19
4.454361999999999711e+00 1.040515373365422064e-15 8.580813000000000025e-19
4.455027000000000292e+00 9.935570548009611781e-16 8.348214999999999801e-19
4.455691999999999986e+00 9.561689008453251188e-16 8.157502999999999618e-19
4.456356999999999680e+00 9.975775960458402042e-16 8.336482999999999917e-19
4.457022000000000261e+00 1.012343667250208899e-15 8.207066000000000261e-19
4.457686999999999955e+00 9.884371393472271328e-16 8.120155000000000339e-19
4.458351999999999649e+00 1.001467364024095206e-15 8.203129999999999891e-19
4.459017000000000230e+00 9.998920350642604037e-16 8.117878000000000108e-19
4.459681999999999924e+00 1.009822350583619689e-15 8.114568000000000162e-19
4.460346999999999618e+00 1.021375037027210366e-15 8.204982999999999884e-19
4.461012000000000199e+00 9.795988836022104459e-16 7.970626000000000192e-19
4.461676999999999893e+00 9.746927519675790053e-16 7.902058999999999716e-19
4.462341999999999587e+00 1.023601039683818157e-15 8.142091000000000343e-19
4.463007000000000168e+00 1.050451636778909387e-15 8.304239999999999618e-19
4.463671999999999862e+00 1.048621502590856062e-15 8.243352999999999627e-19
4.464337000000000444e+00 1.049358348762262702e-15 8.294381999999999874e-19
4.465002000000000137e+00 1.040959581452481005e-15 8.383479999999999667e-19
4.465666999999999831e+00 1.006894624815280364e-15 8.297674999999999838e-19
4.466332000000000413e+00 9.498000890884364699e-16 8.150942000000000004e-19
4.466997000000000106e+00 9.420039399679903947e-16 7.973999999999999902e-19
4.467661999999999800e+00 9.574566399604920663e-16 7.968760000000000383e-19
4.468327000000000382e+00 9.792229612345312499e-16 8.147182000000000187e-19
4.468992000000000075e+00 1.040896612362641006e-15 2.209271000000000160e-18
4.469656999999999769e+00 1.036199937819676974e-15 8.303465999999999802e-19
4.470322000000000351e+00 1.005080152801545559e-15 7.852391999999999578e-19
4.470987000000000045e+00 9.738327314862727068e-16 7.758219999999999922e-19
4.471651999999999738e+00 9.545879345218601380e-16 7.755784000000000084e-19
4.472317000000000320e+00 9.644801859065098572e-16 7.802244000000000451e-19
4.472982000000000014e+00 1.002147261162699943e-15 8.084163000000000438e-19
4.473646999999999707e+00 1.010577216321797834e-15 8.104942000000000403e-19
4.474312000000000289e+00 1.006453225985647017e-15 9.061414000000000662e-19
4.474976999999999983e+00 9.951560668936145547e-16 8.066438000000000403e-19
4.475641999999999676e+00 1.007384250699933440e-15 8.202358999999999959e-19
4.476307000000000258e+00 1.017940299422949111e-15 8.305576000000000093e-19
4.476971999999999952e+00 9.968651038535272053e-16 8.130382000000000207e-19
4.477636999999999645e+00 9.356085747184580001e-16 7.650845999999999649e-19
4.478302000000000227e+00 9.702537633744578863e-16 7.786134999999999977e-19
4.478966999999999921e+00 1.021024598532547862e-15 8.028979999999999936e-19
4.479631999999999614e+00 1.028940313210663347e-15 8.077730999999999670e-19
4.480297000000000196e+00 9.953614776520852794e-16 7.908272000000000316e-19
4.480961999999999890e+00 9.671420849610113313e-16 7.716486999999999722e-19
4.481626999999999583e+00 9.761770534503324065e-16 7.660615000000000279e-19
4.482292000000000165e+00 9.951760369068750638e-16 7.866851999999999846e-19
4.482956999999999859e+00 9.768599839041162687e-16 7.964459000000000054e-19
4.483622000000000440e+00 9.718478812276294743e-16 7.563498999999999955e-19
4.484287000000000134e+00 1.004083916810748978e-15 7.681193999999999659e-19
4.484951999999999828e+00 9.815165276116755440e-16 7.535327999999999884e-19
4.485617000000000409e+00 9.967260130097229225e-16 7.569825999999999983e-19
4.486282000000000103e+00 1.065693806642890076e-15 7.746581999999999599e-19
4.486946999999999797e+00 1.071420834814071215e-15 7.775471000000000055e-19
4.487612000000000378e+00 1.041656817294430767e-15 7.744383000000000194e-19
4.488277000000000072e+00 1.004570638941864931e-15 7.701505000000000452e-19
4.488941999999999766e+00 9.441718741569455087e-16 7.381532000000000336e-19
4.489607000000000347e+00 9.326331143687266448e-16 7.474562999999999653e-19
4.490272000000000041e+00 9.533773027951931461e-16 7.525010000000000336e-19
4.490936999999999735e+00 9.856204398539547782e-16 7.720411999999999877e-19
4.491602000000000317e+00 1.008937857598963363e-15 7.876369999999999944e-19
4.492267000000000010e+00 1.006770764168192569e-15 7.821641999999999761e-19
4.492931999999999704e+00 9.833815953823854594e-16 7.772824999999999699e-19
4.493597000000000286e+00 9.895554827522856806e-16 7.676391000000000194e-19
4.494261999999999979e+00 9.795001041826131171e-16 7.688421000000000391e-19
4.494926999999999673e+00 9.225517025043271601e-16 7.434887000000000196e-19
4.495592000000000255e+00 9.276570827145458135e-16 7.523941000000000092e-19
4.496256999999999948e+00 9.838144932384922210e-16 8.524620999999999839e-19
4.496921999999999642e+00 9.880555789125701645e-16 7.746645000000000043e-19
4.497587000000000224e+00 1.005431769766533585e-15 7.831486000000000369e-19
4.498251999999999917e+00 9.911738622161281923e-16 7.772446999999999924e-19
4.498916999999999611e+00 9.737683523201370959e-16 7.751263000000000268e-19
4.499582000000000193e+00 9.793632364620935490e-16 7.803557000000000215e-19
4.500246999999999886e+00 9.461807531088175898e-16 7.574721999999999691e-19
4.500911999999999580e+00 8.970217728025407850e-16 7.331801000000000435e-19
4.501577000000000162e+00 9.600795933525084586e-16 7.605782999999999637e-19
4.502241999999999855e+00 1.042749277435080855e-15 8.020782999999999932e-19
4.502907000000000437e+00 1.043527590764273549e-15 8.020047000000000247e-19
4.503572000000000131e+00 1.006837155256235558e-15 7.887821999999999781e-19
4.504236999999999824e+00 9.815693333886455136e-16 7.863018999999999652e-19
4.504902000000000406e+00 9.592339489952524062e-16 7.718622000000000327e-19
4.505567000000000100e+00 9.329067336962324275e-16 7.596862000000000445e-19
4.506231999999999793e+00 9.243480520763249726e-16 7.511842999999999966e-19
4.506897000000000375e+00 9.133084051588611399e-16 7.448609000000000214e-19
4.507562000000000069e+00 9.385754972125159930e-16 1.865786000000000019e-18
4.508226999999999762e+00 1.032092802015789743e-15 7.970705000000000336e-19
4.508892000000000344e+00 1.027397691725865069e-15 7.972080999999999581e-19
4.509557000000000038e+00 1.000292364029374989e-15 7.944234000000000418e-19
4.510221999999999731e+00 9.822945831353341727e-16 7.893896999999999959e-19
4.510887000000000313e+00 9.391942478315119000e-16 7.694581999999999799e-19
4.511552000000000007e+00 9.568259599191223779e-16 7.696948000000000107e-19
4.512216999999999700e+00 9.765736992848101591e-16 7.769159000000000408e-19
4.512882000000000282e+00 9.497013779535612754e-16 7.727980999999999855e-19
4.513546999999999976e+00 9.263256803125244010e-16 7.639789999999999852e-19
4.514211999999999669e+00 9.955274015261183776e-16 7.955758000000000350e-19
4.514877000000000251e+00 1.026987089181464397e-15 7.983860999999999529e-19
4.515541999999999945e+00 1.018977514644806599e-15 8.083483000000000184e-19
4.516206999999999638e+00 9.694777860253743540e-16 7.901342999999999896e-19
4.516872000000000220e+00 9.731469415317203778e-16 7.794283999999999918e-19
4.517536999999999914e+00 1.004932294539443206e-15 8.121272999999999965e-19
4.518201999999999607e+00 9.916948503399728820e-16 8.045465999999999903e-19
4.518867000000000189e+00 9.809088128793519829e-16 8.005707000000000137e-19
4.519531999999999883e+00 9.255045920121237594e-16 7.768803000000000099e-19
4.520196999999999576e+00 9.424390648454173384e-16 7.947060999999999848e-19
4.520862000000000158e+00 9.707013828751358256e-16 8.058647000000000373e-19
4.521526999999999852e+00 9.258621312979615912e-16 7.858550000000000065e-19
4.522192000000000434e+00 9.187294388690773152e-16 8.001507999999999702e-19
4.522857000000000127e+00 9.711767053874432527e-16 8.193143000000000339e-19
4.523521999999999821e+00 1.003525816844791975e-15 8.671694000000000282e-19
4.524187000000000403e+00 9.877725557867712213e-16 8.288913999999999573e-19
4.524852000000000096e+00 9.660771336211782600e-16 8.152097999999999761e-19
4.525516999999999790e+00 9.363419936393553375e-16 8.066251999999999918e-19
4.526182000000000372e+00 9.207111072428259451e-16 8.076009000000000050e-19
4.526847000000000065e+00 9.521217533442652274e-16 8.239219000000000201e-19
4.527511999999999759e+00 9.196385904588207783e-16 8.110565000000000145e-19
4.528177000000000341e+00 9.255967771180498014e-16 8.230606999999999610e-19
4.528842000000000034e+00 9.541527053724370494e-16 8.328595000000000440e-19
4.529506999999999728e+00 9.693129087332150476e-16 8.407243000000000032e-19
4.530172000000000310e+00 9.799096967158121460e-16 8.510280999999999729e-19
4.530837000000000003e+00 9.751475869960745886e-16 8.642476000000000396e-19
4.531501999999999697e+00 9.254186129083152044e-16 8.539396000000000402e-19
4.532167000000000279e+00 8.602300665686387335e-16 1.233440000000000040e-18
4.532831999999999972e+00 8.725363480954990093e-16 8.157601000000000309e-19
4.533496999999999666e+00 9.206546306188452438e-16 8.423661000000000070e-19
4.534162000000000248e+00 9.682587157981938342e-16 8.622905000000000418e-19
4.534826999999999941e+00 9.807765453145657455e-16 8.645844999999999658e-19
4.535491999999999635e+00 9.886888829707337164e-16 8.794714000000000379e-19
4.536157000000000217e+00 9.833187696787955575e-16 8.821028999999999611e-19
4.536821999999999910e+00 9.777194931480716494e-16 8.743381000000000053e-19
4.537486999999999604e+00 1.010834807937840898e-15 8.884357999999999206e-19
4.538152000000000186e+00 9.768889027593429376e-16 8.802163999999999519e-19
4.538816999999999879e+00 8.969647653148176386e-16 8.538669999999999687e-19
4.539481999999999573e+00 9.248040375003769004e-16 8.690476999999999383e-19
4.540147000000000155e+00 9.996367638133835930e-16 9.068034000000000555e-19
4.540811999999999848e+00 9.974101199930463373e-16 9.033964000000000859e-19
4.541477000000000430e+00 9.541403412101957519e-16 8.899315000000000089e-19
4.542142000000000124e+00 9.510091967161570311e-16 8.904712999999999897e-19
4.542806999999999817e+00 9.705109487546143370e-16 9.081861000000000350e-19
4.543472000000000399e+00 9.790492115049199554e-16 9.268831999999999338e-19
4.544137000000000093e+00 9.590116309756364249e-16 9.271665999999999781e-19
4.544801999999999786e+00 9.180803437697280880e-16 9.204968999999999280e-19
4.545467000000000368e+00 8.750145203962981477e-16 8.774561000000000838e-19
4.546132000000000062e+00 9.155609076100337364e-16 8.998939999999999665e-19
4.546796999999999755e+00 9.755772386151267476e-16 9.322105000000000133e-19
4.547462000000000337e+00 9.800693117086304125e-16 9.418494999999999741e-19
4.548127000000000031e+00 9.406630352922442023e-16 9.144778999999999525e-19
4.548791999999999724e+00 9.360063082942488967e-16 9.033040000000000123e-19
4.549457000000000306e+00 9.620945439301762158e-16 9.233961999999999230e-19
4.550122000000000000e+00 9.665413270877449207e-16 9.214761000000000621e-19
4.550786999999999694e+00 9.343068169273766875e-16 9.127238999999999694e-19
4.551452000000000275e+00 9.160417252717078312e-16 8.996882000000000565e-19
4.552116999999999969e+00 8.871594815170480513e-16 9.179832999999999554e-19
4.552781999999999663e+00 9.029201183145610721e-16 9.039012000000000125e-19
4.553447000000000244e+00 9.610969556266081261e-16 9.230542999999999341e-19
4.554111999999999938e+00 9.562832877753036109e-16 9.302394000000000130e-19
4.554776999999999632e+00 9.747132594986110732e-16 9.303544999999999440e-19
4.555442000000000213e+00 9.971576904508827567e-16 9.349128999999999135e-19
4.556106999999999907e+00 9.808556308429248220e-16 9.342922000000000228e-19
4.556771999999999601e+00 9.256498105962958151e-16 9.164589000000000500e-19
4.557437000000000182e+00 9.167194015627107183e-16 9.144567999999999689e-19
4.558101999999999876e+00 9.328930222609125368e-16 9.231588999999999836e-19
4.558766999999999570e+00 9.084106572943226465e-16 9.081639999999999618e-19
4.559432000000000151e+00 8.718181028336456443e-16 8.878376000000000235e-19
4.560096999999999845e+00 9.413992566415625576e-16 9.330566999999999803e-19
4.560762000000000427e+00 9.940239237114828919e-16 9.521011000000000436e-19
4.561427000000000120e+00 9.760126871016508481e-16 9.391083999999999387e-19
4.562091999999999814e+00 9.278496322902187588e-16 9.145878999999999850e-19
4.562757000000000396e+00 8.936132186413674951e-16 9.049084999999999871e-19
4.563422000000000089e+00 8.952998685860932396e-16 8.925619000000000069e-19
4.564086999999999783e+00 9.562545854830008665e-16 9.226381999999999999e-19
4.564752000000000365e+00 9.621537472932616260e-16 9.173053999999999091e-19
4.565417000000000058e+00 9.238764821202565387e-16 9.068895000000000846e-19
4.566081999999999752e+00 8.725775542722797765e-16 8.726102000000000686e-19
4.566747000000000334e+00 9.483503957474092678e-16 1.488014000000000000e-18
4.567412000000000027e+00 nan nan
4.568076999999999721e+00 nan nan
4.568742000000000303e+00 nan nan
4.569406999999999996e+00 nan nan
4.570071999999999690e+00 nan nan
4.570737000000000272e+00 9.390575468936343406e-16 1.943339000000000118e-18
4.571401999999999965e+00 nan nan
4.572066999999999659e+00 1.007584280607458508e-15 2.555910000000000138e-18
4.572732000000000241e+00 8.908639470186756544e-16 8.653038999999999744e-19
4.573396999999999935e+00 8.670012347770187638e-16 8.341717999999999951e-19
4.574061999999999628e+00 9.439942069893403728e-16 8.743245000000000195e-19
4.574727000000000210e+00 9.728078017396699514e-16 8.828096000000000453e-19
4.575391999999999904e+00 9.274331244982446212e-16 8.550814999999999594e-19
4.576056999999999597e+00 8.907915550179512608e-16 8.382046000000000427e-19
4.576722000000000179e+00 9.331198356093308506e-16 8.466941999999999902e-19
4.577386999999999873e+00 9.628836049327250751e-16 8.571866000000000238e-19
4.578051999999999566e+00 9.538692760618221504e-16 8.488866999999999691e-19
4.578717000000000148e+00 9.305030742905825866e-16 8.355342000000000241e-19
4.579381999999999842e+00 9.197818273381141018e-16 8.212912000000000337e-19
4.580047000000000423e+00 8.793360087634279264e-16 7.882610000000000460e-19
4.580712000000000117e+00 8.860848626338060007e-16 7.660124000000000394e-19
4.581376999999999811e+00 9.425933471997297477e-16 8.120721000000000201e-19
4.582042000000000392e+00 9.227820250132242755e-16 7.925086000000000395e-19
4.582707000000000086e+00 9.374751656600496651e-16 8.011288999999999866e-19
4.583371999999999780e+00 9.734258258909173051e-16 8.225597000000000474e-19
4.584037000000000361e+00 9.429252921882244010e-16 7.917555999999999865e-19
4.584702000000000055e+00 9.044584453883779098e-16 7.750754000000000119e-19
4.585366999999999749e+00 9.309392320934593856e-16 7.846785999999999817e-19
4.586032000000000330e+00 9.512207151534417019e-16 8.056034999999999982e-19
4.586697000000000024e+00 9.663863049287250225e-16 7.970203999999999556e-19
4.587361999999999718e+00 9.234447858147862268e-16 7.730791000000000266e-19
4.588027000000000299e+00 8.934683180747723470e-16 7.626534000000000367e-19
4.588691999999999993e+00 9.015760677528668654e-16 7.675903000000000193e-19
4.589356999999999687e+00 8.969160463568897751e-16 7.643887000000000393e-19
4.590022000000000268e+00 9.041873453106010547e-16 7.773405999999999943e-19
4.590686999999999962e+00 9.485320467494283115e-16 7.858572999999999815e-19
4.591351999999999656e+00 9.835343734714705997e-16 8.011919000000000455e-19
4.592017000000000237e+00 9.902680369884230865e-16 7.943933000000000222e-19
4.592681999999999931e+00 9.739223568588061911e-16 7.942125999999999728e-19
4.593346999999999625e+00 9.235696973503327658e-16 7.675457999999999807e-19
4.594012000000000207e+00 8.933600217282897014e-16 7.480005000000000321e-19
4.594676999999999900e+00 8.582063650947242087e-16 7.186701000000000144e-19
4.595341999999999594e+00 8.272900137693526081e-16 7.156969999999999944e-19
4.596007000000000176e+00 8.652147894096356649e-16 7.301624999999999849e-19
4.596671999999999869e+00 9.110437533674760454e-16 7.588553999999999935e-19
4.597336999999999563e+00 9.375502737494043802e-16 7.809123999999999563e-19
4.598002000000000145e+00 9.512424280204559206e-16 7.782120999999999746e-19
4.598666999999999838e+00 9.469806713298815684e-16 7.642736000000000121e-19
4.599332000000000420e+00 9.293107561144695252e-16 7.950499999999999603e-19
4.599997000000000114e+00 9.557361996873871626e-16 7.856334999999999997e-19
4.600661999999999807e+00 9.642867307421760512e-16 8.028179000000000205e-19
4.601327000000000389e+00 9.125730465101357580e-16 7.419308000000000019e-19
4.601992000000000083e+00 8.385961319841180659e-16 7.154256999999999941e-19
4.602656999999999776e+00 8.347128092105610530e-16 7.151194999999999680e-19
4.603322000000000358e+00 9.101642337547601931e-16 7.621706999999999908e-19
4.603987000000000052e+00 9.146786902993271016e-16 7.629612000000000329e-19
4.604651999999999745e+00 8.956239072989580423e-16 7.454893999999999946e-19
4.605317000000000327e+00 9.180198950344989533e-16 7.605257000000000469e-19
4.605982000000000021e+00 9.449399503935748705e-16 7.687977000000000288e-19
4.606646999999999714e+00 9.725885834327812330e-16 7.797499000000000020e-19
4.607312000000000296e+00 9.671328649676508614e-16 7.948502000000000101e-19
4.607976999999999990e+00 9.144732197610716426e-16 7.616269999999999688e-19
4.608641999999999683e+00 8.806615101214682308e-16 7.413958999999999594e-19
4.609307000000000265e+00 8.520105864570567661e-16 7.244668000000000461e-19
4.609971999999999959e+00 8.483532611049195795e-16 7.211272000000000288e-19
4.610636999999999652e+00 9.284591059996540718e-16 7.594043000000000384e-19
4.611302000000000234e+00 9.789035056509415440e-16 7.823945999999999907e-19
4.611966999999999928e+00 9.582265181488357559e-16 7.850497999999999571e-19
4.612631999999999621e+00 9.483945151351127333e-16 7.698395000000000127e-19
4.613297000000000203e+00 9.401423256482964467e-16 7.648053000000000183e-19
4.613961999999999897e+00 9.023993100601886636e-16 7.468464000000000406e-19
4.614626999999999590e+00 8.852271788410357363e-16 7.272800000000000120e-19
4.615292000000000172e+00 8.941203200133849615e-16 7.239405999999999549e-19
4.615956999999999866e+00 8.945533631970579048e-16 7.278651999999999964e-19
4.616621999999999559e+00 9.073159133893001211e-16 7.258046999999999988e-19
4.617287000000000141e+00 8.779402090433771589e-16 7.076328000000000053e-19
4.617951999999999835e+00 8.730119024352621424e-16 7.157057000000000419e-19
4.618617000000000417e+00 9.203862868953728564e-16 7.351665999999999597e-19
4.619282000000000110e+00 9.472245636255867782e-16 7.424657000000000444e-19
4.619946999999999804e+00 9.229354955662658419e-16 7.280572999999999886e-19
4.620612000000000386e+00 8.871989523939770857e-16 7.112032999999999857e-19
4.621277000000000079e+00 9.226524365193848262e-16 7.282943000000000359e-19
4.621941999999999773e+00 9.402914043185291795e-16 7.365547000000000186e-19
4.622607000000000355e+00 9.016864990569833517e-16 7.207208000000000392e-19
4.623272000000000048e+00 8.639800989572570029e-16 7.164886999999999899e-19
4.623936999999999742e+00 9.038222227030446679e-16 8.085517000000000215e-19
4.624602000000000324e+00 9.237757023249326150e-16 7.457926000000000409e-19
4.625267000000000017e+00 8.721296601387636859e-16 7.176059999999999971e-19
4.625931999999999711e+00 8.439124942249565705e-16 7.107397000000000331e-19
4.626597000000000293e+00 8.837631890189290971e-16 7.215365999999999983e-19
4.627261999999999986e+00 9.177984242811238088e-16 1.795445000000000079e-18
4.627926999999999680e+00 9.963297696606801614e-16 9.266189000000000792e-19
4.628592000000000262e+00 9.904442725175748321e-16 7.745059999999999601e-19
4.629256999999999955e+00 9.742398560459803125e-16 7.760409000000000358e-19
4.629921999999999649e+00 9.062842122645980262e-16 7.459069000000000350e-19
4.630587000000000231e+00 8.737252213179469293e-16 7.874135000000000010e-19
4.631251999999999924e+00 9.015296589012454816e-16 8.341034999999999813e-19
4.631916999999999618e+00 9.431723700992567151e-16 7.601278999999999803e-19
4.632582000000000200e+00 9.278056475874511260e-16 7.543598999999999583e-19
4.633246999999999893e+00 8.751004921701123428e-16 7.309766000000000421e-19
4.633911999999999587e+00 8.949725240574957772e-16 7.438997999999999873e-19
4.634577000000000169e+00 9.318376894379874800e-16 7.661745999999999722e-19
4.635241999999999862e+00 9.314375291453836492e-16 7.678855999999999549e-19
4.635906999999999556e+00 9.191839096634811725e-16 7.696537999999999968e-19
4.636572000000000138e+00 8.784787643645621415e-16 7.483277000000000136e-19
4.637236999999999831e+00 8.427966596014695594e-16 7.337883999999999981e-19
4.637902000000000413e+00 8.780027788747571304e-16 7.668827999999999982e-19
4.638567000000000107e+00 9.379854751456482854e-16 7.901781999999999552e-19
4.639231999999999800e+00 9.331121298433806422e-16 8.585432999999999851e-19
4.639897000000000382e+00 8.930414487909144165e-16 7.780929999999999742e-19
4.640562000000000076e+00 8.851746457394943807e-16 7.801902999999999561e-19
4.641226999999999769e+00 8.684310369394020160e-16 7.739160999999999976e-19
4.641892000000000351e+00 8.910911139120839436e-16 7.859994999999999521e-19
4.642557000000000045e+00 9.113712725901824051e-16 7.909580999999999914e-19
4.643221999999999738e+00 9.012284967725445478e-16 7.922694999999999773e-19
4.643887000000000320e+00 8.926346136985483511e-16 7.858311000000000032e-19
4.644552000000000014e+00 8.881950742072725085e-16 8.471673999999999554e-19
4.645216999999999707e+00 8.980243907744625615e-16 9.107354000000000666e-19
4.645882000000000289e+00 9.063419056634183184e-16 8.532628000000000154e-19
4.646546999999999983e+00 9.063635962059598117e-16 8.381745000000000231e-19
4.647211999999999676e+00 9.188547718630179525e-16 8.641344999999999990e-19
4.647877000000000258e+00 8.944921386144256505e-16 8.729235999999999116e-19
4.648541999999999952e+00 8.723112457573922984e-16 8.732955999999999201e-19
4.649206999999999645e+00 8.814877776976590175e-16 8.862217999999999415e-19
4.649872000000000227e+00 8.952013436778172417e-16 8.971936000000000529e-19
4.650536999999999921e+00 9.039800299071932193e-16 9.118096000000000451e-19
4.651201999999999614e+00 9.083753399136812934e-16 9.548224999999999127e-19
4.651867000000000196e+00 9.066416394629302595e-16 1.035088999999999962e-18
4.652531999999999890e+00 8.834453487521238477e-16 1.062110999999999941e-18
4.653196999999999584e+00 8.774261816172649804e-16 1.056280000000000052e-18
4.653862000000000165e+00 8.968984283084910452e-16 1.117569999999999940e-18
4.654526999999999859e+00 9.056764825363672754e-16 1.179372999999999949e-18
4.655192000000000441e+00 9.177294660721441328e-16 1.211560999999999943e-18
4.655857000000000134e+00 9.601675145577567216e-16 1.234337999999999987e-18
4.656521999999999828e+00 9.457091862337424511e-16 1.161703000000000027e-18
4.657187000000000410e+00 8.720643394165980379e-16 1.054266000000000080e-18
4.657852000000000103e+00 8.706670451207629148e-16 1.049949999999999948e-18
4.658516999999999797e+00 9.236359013812411173e-16 1.082036000000000049e-18
4.659182000000000379e+00 9.178319960736010403e-16 1.015140000000000016e-18
4.659847000000000072e+00 8.506191279631754054e-16 9.169278000000000538e-19
4.660511999999999766e+00 8.354976128748905691e-16 8.549637000000000369e-19
4.661177000000000348e+00 8.758404467250423413e-16 8.373140999999999972e-19
4.661842000000000041e+00 8.891022769077857254e-16 8.324667999999999722e-19
4.662506999999999735e+00 8.910931021789975918e-16 8.229784999999999731e-19
4.663172000000000317e+00 8.958145524371926940e-16 8.233548999999999714e-19
4.663837000000000010e+00 9.011794494462514778e-16 8.224450000000000368e-19
4.664501999999999704e+00 9.232231015098946382e-16 8.452009000000000014e-19
4.665167000000000286e+00 9.482434457840158920e-16 8.450631999999999524e-19
4.665831999999999979e+00 9.347810150898729416e-16 8.365508000000000230e-19
4.666496999999999673e+00 8.845274611534919022e-16 8.147026000000000463e-19
4.667162000000000255e+00 8.421241153955784560e-16 7.963826999999999864e-19
4.667826999999999948e+00 8.406340037669204586e-16 8.053835000000000294e-19
4.668491999999999642e+00 8.715355676906402356e-16 8.300019999999999997e-19
4.669157000000000224e+00 8.917322456317034310e-16 8.480495999999999699e-19
4.669821999999999917e+00 8.678891093503126477e-16 8.590943999999999768e-19
4.670486999999999611e+00 9.101858968218259965e-16 1.000750000000000048e-18
4.671152000000000193e+00 9.115179739394662838e-16 8.612253000000000029e-19
4.671816999999999886e+00 9.201382793756559506e-16 8.649822000000000041e-19
4.672481999999999580e+00 8.935952670394590884e-16 8.445390000000000403e-19
4.673147000000000162e+00 8.426812956934401737e-16 8.153533999999999566e-19
4.673811999999999856e+00 8.053702528182984367e-16 7.910404000000000075e-19
4.674477000000000437e+00 8.135600514251437276e-16 7.923454000000000171e-19
4.675142000000000131e+00 8.662424987410837955e-16 8.522367999999999640e-19
4.675806999999999825e+00 9.179117216765156401e-16 1.033555000000000044e-18
4.676472000000000406e+00 9.226132887184221120e-16 9.390061999999999886e-19
4.677137000000000100e+00 9.273615835489235526e-16 9.349995000000000837e-19
4.677801999999999794e+00 9.097451127101696378e-16 1.030616999999999914e-18
4.678467000000000375e+00 8.639940355275578565e-16 8.354015999999999698e-19
4.679132000000000069e+00 8.614054485796465327e-16 8.160638999999999576e-19
4.679796999999999763e+00 8.818191861330502348e-16 8.197908999999999956e-19
4.680462000000000344e+00 8.780247111160711956e-16 8.118927999999999806e-19
4.681127000000000038e+00 8.578834581771802078e-16 7.978138999999999776e-19
4.681791999999999732e+00 8.793155623525504271e-16 8.102823999999999780e-19
4.682457000000000313e+00 8.634956651970294702e-16 7.948465000000000253e-19
4.683122000000000007e+00 8.283601090251681876e-16 7.540189999999999627e-19
4.683786999999999701e+00 8.683742945770089995e-16 7.724636999999999945e-19
4.684452000000000282e+00 9.022783488457190431e-16 7.798895000000000093e-19
4.685116999999999976e+00 8.813171958280377131e-16 7.525770000000000054e-19
4.685781999999999670e+00 8.792606886162095725e-16 7.526011999999999971e-19
4.686447000000000251e+00 9.075951252240868720e-16 7.594159999999999695e-19
4.687111999999999945e+00 9.128468006307513056e-16 7.649551000000000150e-19
4.687776999999999639e+00 9.084326151735162417e-16 7.644915999999999943e-19
4.688442000000000220e+00 8.946244024178578136e-16 7.561323999999999618e-19
4.689106999999999914e+00 9.066009588817567362e-16 7.569138000000000361e-19
4.689771999999999608e+00 9.173834270462127967e-16 7.573335999999999551e-19
4.690437000000000189e+00 8.703930912847807438e-16 7.343540000000000369e-19
4.691101999999999883e+00 8.174039679233125292e-16 7.148652999999999782e-19
4.691766999999999577e+00 8.250199709898049279e-16 7.224002999999999924e-19
4.692432000000000158e+00 8.728147106579476797e-16 7.430823000000000300e-19
4.693096999999999852e+00 9.132728078872538250e-16 7.563544000000000135e-19
4.693762000000000434e+00 9.312255451704625479e-16 7.701249000000000435e-19
4.694427000000000127e+00 9.091277786400525596e-16 7.652476000000000271e-19
4.695091999999999821e+00 8.783933984882800516e-16 7.490533000000000385e-19
4.695757000000000403e+00 8.455998735383738602e-16 7.330866000000000447e-19
4.696422000000000097e+00 8.580456401404065971e-16 7.381078000000000300e-19
4.697086999999999790e+00 9.008784499281961453e-16 7.635802999999999536e-19
4.697752000000000372e+00 8.917060029366124014e-16 7.565517000000000286e-19
4.698417000000000066e+00 8.633258379707963580e-16 7.363500999999999658e-19
4.699081999999999759e+00 8.308555168888330449e-16 7.156692999999999779e-19
4.699747000000000341e+00 7.927714778408434194e-16 7.003870999999999669e-19
4.700412000000000035e+00 8.158251657744561756e-16 7.049055000000000122e-19
4.701076999999999728e+00 8.976609724237590575e-16 7.363736999999999808e-19
4.701742000000000310e+00 9.233268587768409242e-16 7.472676999999999977e-19
4.702407000000000004e+00 9.018801479890386859e-16 7.463928999999999529e-19
4.703071999999999697e+00 8.720217866491481285e-16 7.349266999999999607e-19
4.703737000000000279e+00 8.756370670711048070e-16 7.361527000000000187e-19
4.704401999999999973e+00 9.078450997111519186e-16 7.442088000000000332e-19
4.705066999999999666e+00 9.028057168078098110e-16 7.413969999999999809e-19
4.705732000000000248e+00 8.788787587482130541e-16 7.349594999999999718e-19
4.706396999999999942e+00 8.649644491183218637e-16 7.268286999999999673e-19
4.707061999999999635e+00 8.451535987580890586e-16 7.176006000000000140e-19
4.707727000000000217e+00 8.363303585456531341e-16 7.135786000000000288e-19
4.708391999999999911e+00 8.268370260038074414e-16 7.080123000000000117e-19
4.709056999999999604e+00 8.289653472899463464e-16 7.039621999999999935e-19
4.709722000000000186e+00 8.957850013453494404e-16 7.378158999999999946e-19
4.710386999999999880e+00 8.962114547396985384e-16 7.588262000000000352e-19
4.711051999999999573e+00 8.471624653326626379e-16 7.404728999999999875e-19
4.711717000000000155e+00 8.532789523040452002e-16 7.372769000000000470e-19
4.712381999999999849e+00 8.730089558999199492e-16 7.464990999999999724e-19
4.713047000000000430e+00 8.754069163832592383e-16 7.512942000000000009e-19
4.713712000000000124e+00 8.716017839280067366e-16 7.407839999999999519e-19
4.714376999999999818e+00 8.887636579362747923e-16 7.434485999999999708e-19
4.715042000000000399e+00 8.892045456910988554e-16 7.494594999999999717e-19
4.715707000000000093e+00 8.813034236315904178e-16 7.627182000000000258e-19
4.716371999999999787e+00 8.737554633583618692e-16 7.470361000000000297e-19
4.717037000000000369e+00 8.489256212930083720e-16 7.319344000000000117e-19
4.717702000000000062e+00 8.098110667692311508e-16 7.171543999999999640e-19
4.718366999999999756e+00 8.132403851791647151e-16 7.309274000000000254e-19
4.719032000000000338e+00 8.381552068179665113e-16 7.421436999999999894e-19
4.719697000000000031e+00 8.775653339520446636e-16 7.657147000000000044e-19
4.720361999999999725e+00 8.899367407021726021e-16 7.803739999999999854e-19
4.721027000000000307e+00 8.643646634633222831e-16 7.536657999999999629e-19
4.721692000000000000e+00 8.896794283449209084e-16 8.611842999999999890e-19
4.722356999999999694e+00 9.134600344883239617e-16 7.645084000000000165e-19
4.723022000000000276e+00 9.072631907316977683e-16 7.678273999999999986e-19
4.723686999999999969e+00 8.952527146863522636e-16 7.624503000000000220e-19
4.724351999999999663e+00 8.941781936883578141e-16 7.693295999999999951e-19
4.725017000000000245e+00 8.804408101135168049e-16 7.552622999999999914e-19
4.725681999999999938e+00 8.527574994664439012e-16 7.514729999999999957e-19
4.726346999999999632e+00 8.164376575052648948e-16 7.355674000000000061e-19
4.727012000000000214e+00 8.081283234859175560e-16 7.316438999999999861e-19
4.727676999999999907e+00 8.329466158354908422e-16 7.452695999999999860e-19
4.728341999999999601e+00 8.408354570430769740e-16 7.482247999999999624e-19
4.729007000000000183e+00 8.423609633986122331e-16 7.487216999999999709e-19
4.729671999999999876e+00 8.338153757144773890e-16 7.426623999999999865e-19
4.730336999999999570e+00 8.498110570045856927e-16 7.532050999999999620e-19
4.731002000000000152e+00 8.725076577807103152e-16 7.630042000000000333e-19
4.731666999999999845e+00 8.986141089497818561e-16 7.764732000000000154e-19
4.732332000000000427e+00 8.844759912156563085e-16 7.732805999999999751e-19
4.732997000000000121e+00 8.518346007407146921e-16 7.570943999999999610e-19
4.733661999999999814e+00 8.483521593527152469e-16 7.663222999999999541e-19
4.734327000000000396e+00 8.474933371961634009e-16 7.667731999999999822e-19
4.734992000000000090e+00 8.362367589924759709e-16 7.628093000000000214e-19
4.735656999999999783e+00 8.035882203574721547e-16 7.567343000000000364e-19
4.736322000000000365e+00 8.156085225322268652e-16 7.561777000000000335e-19
4.736987000000000059e+00 8.619951780523134541e-16 7.751635000000000277e-19
4.737651999999999752e+00 8.769417703901881399e-16 7.861257000000000301e-19
4.738317000000000334e+00 8.749815211557735161e-16 7.836348000000000112e-19
4.738982000000000028e+00 8.724910913602719120e-16 7.895308999999999732e-19
4.739646999999999721e+00 8.785871200151673004e-16 7.956594000000000327e-19
4.740312000000000303e+00 8.646408387007042113e-16 7.860782000000000116e-19
4.740976999999999997e+00 8.410833265287287607e-16 7.741087000000000346e-19
4.741641999999999690e+00 8.321219246829506381e-16 7.799542999999999983e-19
4.742307000000000272e+00 8.453523334410158981e-16 7.824423999999999974e-19
4.742971999999999966e+00 8.835635937602196416e-16 7.979864000000000243e-19
4.743636999999999659e+00 9.150861732194199887e-16 8.241813999999999646e-19
4.744302000000000241e+00 8.790463004874353106e-16 8.045380999999999992e-19
4.744966999999999935e+00 8.065226353667484926e-16 7.699357000000000030e-19
4.745631999999999628e+00 8.022923756428291765e-16 7.580153000000000144e-19
4.746297000000000210e+00 8.613844246340163633e-16 7.925925000000000256e-19
4.746961999999999904e+00 8.749305859389179211e-16 1.201123999999999942e-18
4.747626999999999597e+00 8.789410325855798232e-16 8.244428999999999921e-19
4.748292000000000179e+00 8.742445410439638822e-16 8.156488000000000167e-19
4.748956999999999873e+00 8.635074922456741644e-16 8.168320999999999663e-19
4.749621999999999566e+00 8.531308757466110542e-16 8.173448000000000036e-19
4.750287000000000148e+00 8.410832916934511085e-16 8.135190000000000120e-19
4.750951999999999842e+00 8.527304627635953762e-16 8.226531000000000180e-19
4.751617000000000424e+00 8.537478328505602357e-16 8.549473999999999633e-19
4.752282000000000117e+00 8.688555500582624998e-16 8.441561999999999695e-19
4.752946999999999811e+00 8.915134960033154312e-16 8.519999999999999731e-19
4.753612000000000393e+00 8.691678383854631114e-16 8.427683999999999952e-19
4.754277000000000086e+00 7.941818277192699879e-16 7.854984000000000103e-19
4.754941999999999780e+00 7.972688743807438359e-16 7.943035000000000082e-19
4.755607000000000362e+00 8.481306858386546073e-16 8.263585999999999595e-19
4.756272000000000055e+00 8.842548594782687301e-16 8.446697999999999719e-19
4.756936999999999749e+00 8.868269479494930555e-16 8.416410999999999589e-19
4.757602000000000331e+00 8.873206427291600231e-16 8.360789999999999713e-19
4.758267000000000024e+00 8.766870949728715499e-16 8.348892000000000172e-19
4.758931999999999718e+00 8.535013341977955332e-16 8.174929000000000021e-19
4.759597000000000300e+00 8.781408678461777522e-16 8.341886000000000172e-19
4.760261999999999993e+00 8.934826009427493276e-16 8.469330999999999959e-19
4.760926999999999687e+00 8.720410180162343041e-16 8.275731000000000465e-19
4.761592000000000269e+00 8.503111610408730668e-16 8.100039999999999965e-19
4.762256999999999962e+00 8.212373478518813596e-16 7.936153000000000407e-19
4.762921999999999656e+00 8.187724256921541979e-16 7.951060999999999981e-19
4.763587000000000238e+00 8.147187255659210100e-16 8.041672000000000122e-19
4.764251999999999931e+00 8.077437354025993091e-16 7.916244999999999703e-19
4.764916999999999625e+00 8.369171872926232719e-16 7.917380999999999595e-19
4.765582000000000207e+00 8.348476824241394577e-16 7.908817000000000031e-19
4.766246999999999900e+00 8.310689243148750033e-16 7.800006999999999953e-19
4.766911999999999594e+00 8.221520308057548421e-16 7.778974999999999855e-19
4.767577000000000176e+00 8.108893091621701345e-16 7.670175999999999992e-19
4.768241999999999869e+00 8.306351627105667042e-16 7.786744000000000418e-19
4.768906999999999563e+00 8.825157269429956400e-16 9.154073000000000933e-19
4.769572000000000145e+00 8.907601693260192041e-16 8.070642999999999642e-19
4.770236999999999838e+00 8.781650006256519363e-16 8.459323000000000258e-19
4.770902000000000420e+00 8.764788119192023538e-16 7.965012000000000100e-19
4.771567000000000114e+00 8.674185409017242887e-16 7.959693000000000437e-19
4.772231999999999807e+00 8.284564311619707233e-16 7.812771000000000234e-19
4.772897000000000389e+00 7.921323434827518595e-16 7.595202000000000024e-19
4.773562000000000083e+00 7.847244648927773789e-16 7.529794000000000218e-19
4.774226999999999776e+00 8.396004808014166007e-16 7.838969000000000154e-19
4.774892000000000358e+00 8.497303069246963127e-16 7.898597000000000211e-19
4.775557000000000052e+00 8.241826117410235484e-16 7.741647000000000442e-19
4.776221999999999746e+00 8.330431659399655803e-16 7.822107000000000012e-19
4.776887000000000327e+00 8.396866971135288049e-16 7.921615000000000276e-19
4.777552000000000021e+00 8.445820425129884338e-16 7.957644000000000025e-19
4.778216999999999715e+00 8.331388253402116281e-16 7.691908999999999528e-19
4.778882000000000296e+00 8.086063088677356293e-16 7.611662999999999678e-19
4.779546999999999990e+00 7.959395755640101555e-16 7.579140999999999613e-19
4.780211999999999684e+00 8.124643776719230570e-16 7.667604999999999615e-19
4.780877000000000265e+00 8.363400280128029687e-16 7.777370999999999829e-19
4.781541999999999959e+00 8.565256823783968202e-16 7.865018000000000400e-19
4.782206999999999653e+00 8.685653855026339410e-16 8.048758999999999867e-19
4.782872000000000234e+00 8.347511952315438768e-16 7.752386000000000343e-19
4.783536999999999928e+00 7.861203687460292440e-16 7.529659999999999961e-19
4.784201999999999622e+00 8.053725051510471933e-16 7.561916000000000077e-19
4.784867000000000203e+00 8.322376441032580473e-16 7.645699000000000373e-19
4.785531999999999897e+00 8.317401916367067620e-16 7.650401000000000226e-19
4.786196999999999591e+00 8.052554338781569892e-16 7.541635000000000046e-19
4.786862000000000172e+00 8.076824671322244583e-16 7.655466000000000438e-19
4.787526999999999866e+00 8.362437275557170245e-16 7.781956999999999690e-19
4.788191999999999560e+00 8.714756366424762565e-16 7.910423999999999941e-19
4.788857000000000141e+00 9.064428780953222319e-16 8.100372999999999561e-19
4.789521999999999835e+00 8.920026754919691698e-16 8.080152000000000090e-19
4.790187000000000417e+00 8.711297113856571261e-16 9.062636999999999103e-19
4.790852000000000110e+00 8.353245094775517301e-16 7.771227000000000403e-19
4.791516999999999804e+00 8.340877836974890947e-16 7.788583999999999632e-19
4.792182000000000386e+00 8.405375601459780130e-16 7.744237999999999722e-19
4.792847000000000079e+00 8.014213621654833021e-16 7.650158000000000027e-19
4.793511999999999773e+00 7.786124441863503223e-16 7.446859000000000397e-19
4.794177000000000355e+00 7.998292909735568615e-16 7.602557000000000283e-19
4.794842000000000048e+00 8.099494970780567106e-16 7.658046999999999785e-19
4.795506999999999742e+00 8.198318707254768292e-16 7.683200000000000455e-19
4.796172000000000324e+00 8.431602756158135451e-16 7.803308999999999567e-19
4.796837000000000018e+00 8.465243646234528275e-16 7.857967999999999540e-19
4.797501999999999711e+00 8.644192778729494591e-16 8.012160000000000090e-19
4.798167000000000293e+00 9.004306171105843433e-16 8.214326999999999994e-19
4.798831999999999987e+00 9.218766772006561885e-16 8.398573999999999727e-19
4.799496999999999680e+00 8.966956823737492658e-16 8.329778000000000113e-19
4.800162000000000262e+00 8.466900955151906024e-16 8.188943999999999904e-19
4.800826999999999956e+00 8.098203765851453312e-16 7.944964000000000336e-19
4.801491999999999649e+00 8.316072800792054949e-16 8.229043999999999598e-19
4.802157000000000231e+00 8.460333953246188694e-16 8.277190000000000020e-19
4.802821999999999925e+00 8.119214814701421048e-16 8.311897000000000354e-19
4.803486999999999618e+00 8.067581101331659957e-16 8.132086999999999845e-19
4.804152000000000200e+00 8.305012093756099520e-16 8.220283999999999615e-19
4.804816999999999894e+00 8.131504836351611018e-16 8.062701000000000336e-19
4.805481999999999587e+00 8.353594848361138745e-16 1.006726999999999920e-18
4.806147000000000169e+00 8.581788674973732712e-16 1.017054999999999978e-18
4.806811999999999863e+00 8.375853156521548838e-16 9.878130000000000608e-19
4.807476999999999556e+00 8.392606908932646029e-16 9.758882999999999181e-19
4.808142000000000138e+00 8.557802850478781596e-16 8.183403000000000189e-19
4.808806999999999832e+00 8.578958200275666066e-16 8.178623999999999792e-19
4.809472000000000413e+00 8.514415072336810627e-16 8.080613000000000176e-19
4.810137000000000107e+00 8.247533212386991085e-16 7.946506999999999520e-19
4.810801999999999801e+00 8.025638303637323939e-16 7.939910000000000340e-19
4.811467000000000382e+00 8.080000782919367732e-16 7.896237999999999953e-19
4.812132000000000076e+00 8.238585332480855806e-16 7.968490999999999587e-19
4.812796999999999770e+00 7.967729204235486839e-16 7.913964999999999589e-19
4.813462000000000351e+00 7.561335403221621909e-16 7.676776000000000019e-19
4.814127000000000045e+00 7.686426469694456017e-16 7.680756999999999605e-19
4.814791999999999739e+00 7.919630469258829072e-16 7.812946999999999824e-19
4.815457000000000320e+00 8.191627374308233899e-16 7.959571999999999997e-19
4.816122000000000014e+00 8.495184294453360550e-16 8.259801999999999747e-19
4.816786999999999708e+00 8.534179448352299784e-16 8.119182000000000221e-19
4.817452000000000290e+00 8.418064695844543151e-16 8.082914000000000438e-19
4.818116999999999983e+00 8.377148795080103969e-16 8.011738000000000417e-19
4.818781999999999677e+00 8.325911488392544605e-16 8.025641000000000473e-19
4.819447000000000259e+00 8.192999996369475954e-16 7.907702000000000287e-19
4.820111999999999952e+00 8.241659788476426130e-16 8.039270999999999568e-19
4.820776999999999646e+00 8.243774652257933491e-16 8.014619999999999960e-19
4.821442000000000228e+00 8.612522200664838531e-16 8.165628999999999809e-19
4.822106999999999921e+00 8.733169270569434909e-16 8.328370999999999824e-19
4.822771999999999615e+00 8.170449410777465590e-16 8.114687000000000038e-19
4.823437000000000197e+00 7.472917994196486712e-16 7.841219000000000469e-19
4.824101999999999890e+00 7.695270409747519774e-16 7.942907999999999875e-19
4.824766999999999584e+00 8.271967296215148011e-16 8.216239999999999585e-19
4.825432000000000166e+00 8.444983592984319929e-16 8.256667000000000071e-19
4.826096999999999859e+00 8.444482077676784249e-16 8.276905999999999806e-19
4.826762000000000441e+00 8.476350590320797054e-16 8.408698999999999702e-19
4.827427000000000135e+00 8.420642990067750483e-16 8.463489000000000048e-19
4.828091999999999828e+00 8.301957259122458912e-16 8.359462999999999851e-19
4.828757000000000410e+00 8.340829263609226217e-16 8.451233999999999916e-19
4.829422000000000104e+00 8.570419014550357684e-16 8.572048999999999877e-19
4.830086999999999797e+00 8.711725099442829077e-16 8.575821000000000191e-19
4.830752000000000379e+00 8.523076435078032043e-16 1.010357000000000031e-18
4.831417000000000073e+00 8.298541330184360445e-16 9.779778000000000101e-19
4.832081999999999766e+00 8.320915191239014328e-16 8.193873000000000257e-19
4.832747000000000348e+00 8.227507987309457177e-16 8.103371000000000059e-19
4.833412000000000042e+00 7.623778328900956332e-16 7.831100000000000262e-19
4.834076999999999735e+00 7.617880588085954578e-16 7.567896000000000410e-19
4.834742000000000317e+00 8.185211588488891622e-16 7.983103999999999696e-19
4.835407000000000011e+00 8.088344183847134848e-16 7.869345000000000361e-19
4.836071999999999704e+00 8.008765152261718902e-16 7.853208999999999972e-19
4.836737000000000286e+00 8.129850879690390632e-16 7.869870999999999529e-19
4.837401999999999980e+00 8.134157764410439510e-16 7.862008999999999686e-19
4.838066999999999673e+00 8.309457229602747042e-16 8.055397000000000024e-19
4.838732000000000255e+00 8.594344497544675677e-16 8.096478000000000168e-19
4.839396999999999949e+00 8.502620207244513653e-16 8.061275000000000464e-19
4.840061999999999642e+00 8.282318603385888732e-16 7.993920000000000139e-19
4.840727000000000224e+00 7.790881966651983340e-16 7.663087999999999965e-19
4.841391999999999918e+00 7.924479303393596454e-16 7.824954999999999591e-19
4.842056999999999611e+00 8.167822152950968184e-16 8.002514000000000465e-19
4.842722000000000193e+00 8.053389331943161051e-16 8.053404000000000007e-19
4.843386999999999887e+00 7.681163207274519468e-16 7.966832000000000411e-19
4.844051999999999580e+00 7.523246345488156586e-16 7.953584999999999614e-19
4.844717000000000162e+00 8.077773952743128300e-16 8.240096000000000192e-19
4.845381999999999856e+00 8.629980095512133673e-16 8.437991999999999566e-19
4.846047000000000438e+00 8.681500750730571996e-16 8.549828999999999659e-19
4.846712000000000131e+00 8.516488917975853781e-16 8.386730000000000016e-19
4.847376999999999825e+00 8.430013989998321858e-16 8.372937000000000185e-19
4.848042000000000407e+00 8.282516347743391397e-16 8.313985999999999535e-19
4.848707000000000100e+00 8.135501785826690372e-16 8.130047000000000047e-19
4.849371999999999794e+00 8.218454779737188216e-16 8.191819000000000360e-19
4.850037000000000376e+00 8.208860265270816134e-16 8.386270000000000213e-19
4.850702000000000069e+00 8.370488202367332913e-16 8.355998000000000463e-19
4.851366999999999763e+00 8.515158300716165809e-16 8.411793999999999646e-19
4.852032000000000345e+00 8.468493795776057677e-16 8.272526999999999615e-19
4.852697000000000038e+00 8.125839596741080107e-16 8.054572000000000262e-19
4.853361999999999732e+00 7.768437142252181311e-16 7.910507000000000251e-19
4.854027000000000314e+00 7.749221976223087187e-16 7.860636999999999645e-19
4.854692000000000007e+00 7.702147386084748835e-16 7.842843999999999681e-19
4.855356999999999701e+00 7.981362649507407348e-16 8.103362999999999727e-19
4.856022000000000283e+00 8.029125803787485821e-16 8.030920000000000405e-19
4.856686999999999976e+00 7.864263924802669404e-16 7.868031999999999635e-19
4.857351999999999670e+00 7.832030369273190614e-16 7.866833000000000262e-19
4.858017000000000252e+00 7.858283741948000975e-16 7.910848000000000178e-19
4.858681999999999945e+00 8.075276358895578766e-16 8.015881000000000457e-19
4.859346999999999639e+00 8.335497712716066514e-16 8.161396999999999691e-19
4.860012000000000221e+00 8.467023659235097004e-16 8.309150000000000387e-19
4.860676999999999914e+00 8.362249003072051293e-16 8.160068000000000228e-19
4.861341999999999608e+00 8.325782812448780501e-16 8.074546999999999649e-19
4.862007000000000190e+00 8.477059312781530318e-16 8.231687000000000070e-19
4.862671999999999883e+00 8.366251981679575443e-16 8.198205999999999986e-19
4.863336999999999577e+00 7.920742031295654368e-16 7.850061000000000480e-19
4.864002000000000159e+00 7.491514232879601201e-16 7.706621999999999929e-19
4.864666999999999852e+00 7.433125700072639038e-16 7.630067999999999966e-19
4.865332000000000434e+00 7.496564653899270261e-16 7.648835000000000330e-19
4.865997000000000128e+00 7.658280095502013976e-16 7.709476999999999557e-19
4.866661999999999821e+00 8.000413428405159854e-16 7.964716999999999672e-19
4.867327000000000403e+00 8.032167327575629482e-16 7.958570999999999681e-19
4.867992000000000097e+00 8.024642341864707776e-16 7.911967000000000087e-19
4.868656999999999790e+00 8.201836162429666023e-16 8.046144999999999875e-19
4.869322000000000372e+00 8.194299966926040048e-16 8.347339000000000092e-19
4.869987000000000066e+00 8.209479859614338190e-16 8.081343000000000094e-19
4.870651999999999759e+00 8.190722373358576752e-16 8.078805999999999681e-19
4.871317000000000341e+00 8.083031768104989456e-16 7.971466000000000336e-19
4.871982000000000035e+00 8.101178161866251203e-16 7.983682000000000056e-19
4.872646999999999728e+00 8.102778510975568867e-16 7.965580999999999847e-19
4.873312000000000310e+00 7.850754717373428411e-16 7.882671999999999659e-19
4.873977000000000004e+00 7.667918613237154445e-16 7.829936000000000173e-19
4.874641999999999697e+00 7.860747714182063460e-16 7.874932999999999857e-19
4.875307000000000279e+00 7.939205236025167298e-16 7.850210000000000155e-19
4.875971999999999973e+00 7.491982276136839772e-16 7.676299999999999552e-19
4.876636999999999666e+00 7.465015935849203149e-16 7.698354000000000113e-19
4.877302000000000248e+00 7.749383903055511905e-16 7.845379999999999811e-19
4.877966999999999942e+00 8.155296849895697979e-16 8.159662999999999574e-19
4.878631999999999636e+00 8.212705498608804658e-16 8.209107999999999660e-19
4.879297000000000217e+00 8.279334420844389188e-16 8.214721000000000433e-19
4.879961999999999911e+00 8.420447528773005393e-16 8.243069000000000377e-19
4.880626999999999605e+00 8.324934461394082242e-16 8.296721000000000266e-19
4.881292000000000186e+00 8.218124942152501259e-16 8.041776999999999899e-19
4.881956999999999880e+00 8.173269657517262294e-16 7.992507000000000084e-19
4.882621999999999574e+00 8.214982786258884661e-16 8.022217000000000136e-19
4.883287000000000155e+00 8.225140198971595505e-16 7.922042000000000398e-19
4.883951999999999849e+00 7.868063395750202461e-16 7.771520999999999587e-19
4.884617000000000431e+00 7.648460840735819760e-16 7.688673000000000241e-19
4.885282000000000124e+00 7.699021955385439471e-16 7.654800999999999602e-19
4.885946999999999818e+00 7.844796616654499878e-16 7.785133000000000343e-19
4.886612000000000400e+00 7.722187590256475048e-16 7.715213999999999690e-19
4.887277000000000093e+00 7.703906531212535633e-16 7.615156999999999546e-19
4.887941999999999787e+00 8.105166626543354235e-16 7.889114000000000360e-19
4.888607000000000369e+00 8.391444062529974343e-16 7.954840999999999663e-19
4.889272000000000062e+00 8.384682397751319610e-16 7.985312999999999997e-19
4.889936999999999756e+00 8.109936989322555785e-16 7.720329999999999849e-19
4.890602000000000338e+00 8.118907400581430225e-16 7.770466000000000404e-19
4.891267000000000031e+00 8.221040591964783574e-16 7.919273000000000000e-19
4.891931999999999725e+00 8.193811072807814829e-16 7.865747000000000036e-19
4.892597000000000307e+00 8.034156539697539102e-16 7.758966999999999823e-19
4.893262000000000000e+00 7.933583021205112115e-16 7.826368999999999928e-19
4.893926999999999694e+00 8.064309764833922817e-16 9.036571000000000802e-19
4.894592000000000276e+00 7.655916887671099726e-16 7.424657999999999763e-19
4.895256999999999969e+00 7.376244762350679732e-16 7.311107000000000382e-19
4.895921999999999663e+00 7.631013740078771155e-16 7.590385000000000460e-19
4.896587000000000245e+00 7.897365558456095067e-16 7.637458000000000472e-19
4.897251999999999938e+00 7.798253430768208556e-16 7.522021999999999771e-19
4.897916999999999632e+00 7.270119265511655011e-16 7.115051999999999540e-19
4.898582000000000214e+00 7.032394567205311382e-16 6.847902000000000349e-19
4.899246999999999908e+00 7.380681937739481509e-16 6.992471000000000061e-19
4.899911999999999601e+00 7.907558762089657313e-16 7.203911000000000263e-19
4.900577000000000183e+00 8.427909121283030076e-16 7.387385000000000462e-19
4.901241999999999877e+00 8.441296343199163466e-16 7.404956000000000374e-19
4.901906999999999570e+00 8.088818628060254747e-16 7.270074000000000301e-19
4.902572000000000152e+00 8.025482273458161684e-16 7.187600999999999885e-19
4.903236999999999846e+00 8.194060265197013499e-16 7.446402999999999796e-19
4.903902000000000427e+00 8.185763973147399005e-16 7.285390000000000413e-19
4.904567000000000121e+00 7.958575374169257764e-16 7.238337000000000267e-19
4.905231999999999815e+00 7.567726425199832136e-16 6.973600000000000202e-19
4.905897000000000396e+00 7.457781540839833928e-16 7.026247999999999893e-19
4.906562000000000090e+00 7.610463332516680668e-16 8.110856999999999728e-19
4.907226999999999784e+00 7.691063157949805537e-16 7.365674999999999713e-19
4.907892000000000365e+00 7.778579433339604361e-16 7.157906000000000214e-19
4.908557000000000059e+00 7.701974851810423266e-16 6.828854999999999937e-19
4.909221999999999753e+00 7.514101638018001435e-16 6.709587999999999607e-19
4.909887000000000334e+00 7.877417489395497049e-16 6.834078000000000437e-19
4.910552000000000028e+00 8.185910798833114565e-16 7.044251999999999693e-19
4.911216999999999722e+00 8.118833919323711631e-16 6.983769000000000075e-19
4.911882000000000303e+00 8.094324515889160160e-16 6.992888999999999569e-19
4.912546999999999997e+00 8.049650559158507928e-16 7.006969000000000460e-19
4.913211999999999691e+00 8.053931386474764663e-16 7.011818999999999706e-19
4.913877000000000272e+00 8.020107805972934770e-16 6.984504999999999760e-19
4.914541999999999966e+00 7.966582537919964212e-16 6.970966999999999663e-19
4.915206999999999660e+00 7.714724016987252367e-16 6.995283000000000074e-19
4.915872000000000241e+00 7.400027630084467773e-16 7.166325000000000269e-19
4.916536999999999935e+00 7.500068958360761041e-16 6.917989999999999579e-19
4.917201999999999629e+00 7.800898619888978538e-16 1.912529000000000125e-18
4.917867000000000210e+00 8.137592434936785538e-16 8.776827999999999209e-19
4.918531999999999904e+00 8.055577368223367621e-16 7.300995000000000223e-19
4.919196999999999598e+00 8.093961467569751688e-16 7.976519000000000050e-19
4.919862000000000180e+00 8.014490003066970105e-16 8.789287000000000092e-19
4.920526999999999873e+00 7.676904449832524587e-16 8.078381000000000125e-19
4.921191999999999567e+00 7.913390788265908253e-16 7.235894000000000380e-19
4.921857000000000149e+00 8.314971110966630213e-16 7.542355000000000031e-19
4.922521999999999842e+00 8.297843074339192512e-16 7.410961000000000058e-19
4.923187000000000424e+00 8.217478311001699596e-16 7.451100000000000165e-19
4.923852000000000118e+00 8.142358863912873003e-16 7.454616000000000463e-19
4.924516999999999811e+00 7.994416798341574002e-16 7.416480000000000306e-19
4.925182000000000393e+00 7.562192498537353536e-16 7.242452000000000110e-19
4.925847000000000087e+00 7.340551926714357629e-16 7.209307999999999788e-19
4.926511999999999780e+00 7.433583312310695258e-16 7.282480999999999992e-19
4.927177000000000362e+00 7.503064332479322471e-16 7.342966000000000175e-19
4.927842000000000056e+00 7.524837910313483264e-16 7.325705000000000109e-19
4.928506999999999749e+00 7.557109162279768178e-16 7.439290999999999737e-19
4.929172000000000331e+00 7.735901037132031836e-16 7.642287999999999852e-19
4.929837000000000025e+00 7.918994970451923044e-16 7.777564999999999683e-19
4.930501999999999718e+00 8.187116531405635783e-16 7.910257000000000001e-19
4.931167000000000300e+00 8.158877246323297271e-16 7.937579000000000279e-19
4.931831999999999994e+00 7.750265900123876960e-16 7.735907999999999744e-19
4.932496999999999687e+00 7.618221323967929654e-16 7.697212000000000454e-19
4.933162000000000269e+00 7.673057928294206291e-16 7.852146000000000458e-19
4.933826999999999963e+00 7.727506345546591941e-16 7.873577999999999798e-19
4.934491999999999656e+00 7.723427113088950222e-16 7.877573999999999765e-19
4.935157000000000238e+00 7.507239082392176770e-16 7.972968000000000468e-19
4.935821999999999932e+00 7.168434679789150846e-16 7.760065999999999866e-19
4.936486999999999625e+00 7.249006516617254259e-16 8.172111000000000241e-19
4.937152000000000207e+00 7.358815434722451879e-16 7.929066999999999981e-19
4.937816999999999901e+00 7.151317447748547864e-16 7.849036000000000133e-19
4.938481999999999594e+00 7.279682767678678461e-16 7.961808000000000213e-19
4.939147000000000176e+00 7.695431846191964249e-16 8.210901000000000056e-19
4.939811999999999870e+00 8.118119516848227099e-16 8.488647000000000203e-19
4.940476999999999563e+00 8.365889993108287634e-16 8.568484000000000197e-19
4.941142000000000145e+00 8.271988027316015054e-16 8.509543000000000442e-19
4.941806999999999839e+00 8.034923933025851421e-16 8.439687999999999553e-19
4.942472000000000421e+00 7.828566794324315104e-16 8.526213999999999651e-19
4.943137000000000114e+00 7.444597534974058672e-16 8.167689999999999755e-19
4.943801999999999808e+00 7.526921336883604992e-16 8.110071999999999697e-19
4.944467000000000390e+00 7.979988831642947927e-16 8.608180999999999802e-19
4.945132000000000083e+00 8.151560531130472165e-16 8.812456999999999715e-19
4.945796999999999777e+00 7.936388188670769472e-16 9.980405999999999062e-19
4.946462000000000359e+00 7.487572824812487357e-16 8.442165999999999688e-19
4.947127000000000052e+00 7.333703011133330707e-16 7.910358999999999895e-19
4.947791999999999746e+00 7.397590106533735469e-16 8.026040000000000397e-19
4.948457000000000328e+00 7.331630844713802668e-16 7.922728000000000418e-19
4.949122000000000021e+00 7.326853229958112411e-16 7.918319000000000429e-19
4.949786999999999715e+00 7.699851237051313714e-16 8.464268999999999631e-19
4.950452000000000297e+00 7.970250409990229776e-16 8.628307999999999710e-19
4.951116999999999990e+00 7.939809601224823510e-16 8.576653000000000003e-19
4.951781999999999684e+00 7.827619178233147138e-16 8.023402000000000373e-19
4.952447000000000266e+00 7.600495696597908892e-16 7.694225000000000171e-19
4.953111999999999959e+00 7.511774823205459476e-16 7.673419000000000291e-19
4.953776999999999653e+00 7.553481045862789235e-16 7.783529000000000316e-19
4.954442000000000235e+00 7.295925992012694726e-16 7.502316999999999536e-19
4.955106999999999928e+00 7.036038498246016406e-16 8.649431000000000449e-19
4.955771999999999622e+00 7.424835930498791733e-16 7.737074999999999716e-19
4.956437000000000204e+00 7.956198753067878302e-16 7.915185000000000073e-19
4.957101999999999897e+00 7.746121476969985721e-16 7.687431000000000291e-19
4.957766999999999591e+00 7.426511897305686310e-16 7.596234999999999740e-19
4.958432000000000173e+00 7.412543068660455201e-16 7.639361000000000130e-19
4.959096999999999866e+00 7.614383447654214673e-16 7.726734999999999739e-19
4.959761999999999560e+00 7.616031366187146892e-16 7.715380999999999630e-19
4.960427000000000142e+00 7.506639133648950068e-16 7.680016000000000434e-19
4.961091999999999835e+00 7.636523073455332179e-16 7.832159999999999892e-19
4.961757000000000417e+00 7.939424042553559319e-16 8.060834000000000244e-19
4.962422000000000111e+00 7.945538727184193698e-16 8.134181000000000436e-19
4.963086999999999804e+00 7.687048213932449791e-16 8.084841000000000127e-19
4.963752000000000386e+00 7.741589887454699918e-16 8.220315999999999978e-19
4.964417000000000080e+00 7.868668565178499093e-16 8.261224999999999735e-19
4.965081999999999773e+00 7.884872347203798944e-16 7.895701999999999889e-19
4.965747000000000355e+00 7.800653628383115971e-16 7.920205000000000104e-19
4.966412000000000049e+00 7.563315485447958044e-16 7.534214999999999742e-19
4.967076999999999742e+00 7.175637397843407972e-16 7.256324000000000085e-19
4.967742000000000324e+00 7.012641666573555631e-16 7.137475999999999545e-19
4.968407000000000018e+00 6.873685066901743644e-16 7.073245999999999926e-19
4.969071999999999711e+00 6.911148781573521836e-16 7.069695999999999664e-19
4.969737000000000293e+00 7.057067665710493034e-16 7.078032000000000372e-19
4.970401999999999987e+00 7.438797239512260128e-16 7.347426000000000111e-19
4.971066999999999680e+00 7.619864773339159129e-16 7.402420999999999563e-19
4.971732000000000262e+00 7.454742169958736979e-16 7.328548000000000203e-19
4.972396999999999956e+00 7.525158884943004990e-16 7.360353000000000166e-19
4.973061999999999649e+00 7.794581759261536476e-16 7.560702000000000323e-19
4.973727000000000231e+00 7.976062396596665164e-16 7.675665000000000441e-19
4.974391999999999925e+00 8.109191767033114461e-16 7.748192000000000356e-19
4.975056999999999618e+00 8.106838285863978331e-16 7.727710999999999740e-19
4.975722000000000200e+00 7.988383826767945513e-16 7.729378000000000211e-19
4.976386999999999894e+00 7.924963422732506371e-16 7.675323999999999551e-19
4.977051999999999587e+00 7.746843142296502188e-16 7.810175999999999825e-19
4.977717000000000169e+00 7.657652710931333133e-16 7.635187000000000008e-19
4.978381999999999863e+00 7.413034159180548371e-16 7.478824999999999569e-19
4.979046999999999557e+00 7.070255821729254296e-16 7.363036000000000369e-19
4.979712000000000138e+00 7.163269177455091027e-16 7.391436999999999861e-19
4.980376999999999832e+00 7.335091258280411820e-16 7.522704999999999908e-19
4.981042000000000414e+00 7.611695090079751578e-16 7.753478000000000337e-19
4.981707000000000107e+00 7.719556906492702049e-16 7.818665000000000374e-19
4.982371999999999801e+00 7.610563535624306208e-16 7.720093999999999698e-19
4.983037000000000383e+00 7.418958548748950839e-16 7.591247000000000071e-19
4.983702000000000076e+00 7.357522127203903527e-16 7.583703999999999725e-19
4.984366999999999770e+00 7.685182817724427831e-16 7.761507000000000119e-19
4.985032000000000352e+00 7.875805440378493007e-16 7.871229999999999755e-19
4.985697000000000045e+00 7.828378283471722342e-16 7.904012000000000001e-19
4.986361999999999739e+00 7.792460118487620123e-16 7.909385999999999777e-19
4.987027000000000321e+00 8.087598261281362577e-16 8.163352999999999860e-19
4.987692000000000014e+00 8.096954831834552317e-16 8.218859000000000025e-19
4.988356999999999708e+00 7.948715933545134061e-16 8.398238000000000248e-19
4.989022000000000290e+00 7.449198643912605021e-16 8.404887999999999939e-19
4.989686999999999983e+00 7.208190053362139258e-16 8.499605000000000272e-19
4.990351999999999677e+00 7.113341224458938165e-16 8.542989999999999599e-19
4.991017000000000259e+00 7.000501731929566932e-16 8.867594999999999075e-19
4.991681999999999952e+00 7.298251717897701369e-16 9.911151999999999245e-19
4.992346999999999646e+00 7.568594640544231332e-16 1.105956000000000034e-18
4.993012000000000228e+00 7.821720483612769296e-16 1.156267000000000089e-18
4.993676999999999921e+00 7.785149254191774173e-16 1.153317000000000039e-18
4.994341999999999615e+00 7.433780878818426102e-16 1.120529000000000025e-18
4.995007000000000197e+00 7.098268609924929356e-16 1.104378000000000026e-18
4.995671999999999890e+00 7.059089819376571040e-16 1.120538000000000061e-18
4.996336999999999584e+00 6.997029213300230135e-16 1.121454999999999977e-18
4.997002000000000166e+00 7.108046160110570791e-16 1.141522999999999992e-18
4.997666999999999859e+00 7.377877674331362596e-16 1.161473999999999926e-18
4.998332000000000441e+00 7.757200612832338222e-16 1.181332000000000002e-18
4.998997000000000135e+00 7.567046748504686504e-16 1.117939000000000065e-18
4.999661999999999829e+00 7.029138106431149298e-16 1.063798999999999981e-18
5.000327000000000410e+00 7.039957320574820462e-16 1.065006999999999968e-18
5.000992000000000104e+00 7.096119311858149782e-16 1.076709999999999951e-18
5.001656999999999798e+00 7.191650133751471221e-16 1.086845999999999948e-18
5.002322000000000379e+00 7.278570188289037438e-16 1.086357000000000050e-18
5.002987000000000073e+00 7.124777721059028407e-16 1.070761000000000084e-18
5.003651999999999767e+00 7.243155095366038992e-16 1.074744999999999938e-18
5.004317000000000348e+00 7.731257033376549961e-16 1.127282999999999982e-18
5.004982000000000042e+00 8.126818430064622968e-16 1.169646000000000001e-18
5.005646999999999736e+00 8.000222635370924745e-16 1.141822999999999906e-18
5.006312000000000317e+00 7.568569585285667355e-16 1.094801000000000034e-18
5.006977000000000011e+00 7.532257838659183612e-16 1.082305999999999971e-18
5.007641999999999705e+00 7.785169742191981268e-16 1.103591999999999905e-18
5.008307000000000286e+00 7.737580829298819847e-16 1.098198999999999968e-18
5.008971999999999980e+00 7.775151343362280278e-16 1.090039000000000005e-18
5.009636999999999674e+00 7.728619921340288247e-16 1.065603999999999911e-18
5.010302000000000255e+00 7.458426698033534626e-16 1.013489000000000016e-18
5.010966999999999949e+00 7.507741752722116483e-16 9.526409000000000244e-19
5.011631999999999643e+00 7.419226795479261445e-16 8.935593999999999124e-19
5.012297000000000224e+00 7.039975219234180672e-16 8.534936000000000466e-19
5.012961999999999918e+00 6.939396840084560259e-16 8.306767000000000097e-19
5.013626999999999612e+00 7.370861040448104585e-16 8.500292999999999895e-19
5.014292000000000193e+00 7.733488508643707143e-16 8.673104000000000454e-19
5.014956999999999887e+00 7.520999187503062245e-16 8.397474999999999684e-19
5.015621999999999581e+00 7.202840545589937214e-16 7.951895999999999676e-19
5.016287000000000162e+00 7.415207291491796263e-16 8.073397999999999941e-19
5.016951999999999856e+00 7.459153523657699413e-16 7.956130000000000358e-19
5.017617000000000438e+00 7.404410126828557615e-16 7.964736999999999537e-19
5.018282000000000131e+00 6.989195968924289932e-16 7.596101000000000446e-19
5.018946999999999825e+00 6.772438782854686339e-16 7.374956000000000341e-19
5.019612000000000407e+00 6.732686847202580238e-16 7.244295000000000170e-19
5.020277000000000100e+00 6.939532775683498346e-16 7.350368999999999534e-19
5.020941999999999794e+00 7.160904605975449605e-16 7.483250000000000221e-19
5.021607000000000376e+00 7.111188193447054949e-16 7.416149000000000312e-19
5.022272000000000070e+00 7.157425622707902543e-16 7.429588000000000398e-19
5.022936999999999763e+00 7.385911866287233647e-16 7.517140000000000162e-19
5.023602000000000345e+00 7.610822697612387428e-16 1.540341000000000015e-18
5.024267000000000039e+00 7.112705685570788542e-16 9.377830999999999785e-19
5.024931999999999732e+00 6.947101978311921734e-16 7.046155000000000314e-19
5.025597000000000314e+00 7.146207352024974684e-16 7.190789000000000072e-19
5.026262000000000008e+00 7.244430182454501292e-16 7.275185000000000011e-19
5.026926999999999701e+00 7.261213245098432602e-16 7.171817999999999920e-19
5.027592000000000283e+00 7.126424430410262826e-16 7.072087000000000285e-19
5.028256999999999977e+00 7.019211885319047672e-16 6.939864000000000384e-19
5.028921999999999670e+00 7.047018191325451395e-16 6.990756999999999810e-19
5.029587000000000252e+00 7.056900934658995525e-16 7.007699999999999697e-19
5.030251999999999946e+00 7.048733939609988290e-16 7.042730999999999977e-19
5.030916999999999639e+00 7.155384024228168422e-16 7.091277999999999924e-19
5.031582000000000221e+00 7.301614300950225905e-16 7.124558000000000104e-19
5.032246999999999915e+00 7.214976945862254063e-16 7.043408000000000347e-19
5.032911999999999608e+00 7.079734916265950048e-16 6.978480000000000210e-19
5.033577000000000190e+00 7.141072948886818414e-16 7.113366000000000449e-19
5.034241999999999884e+00 7.400027703744863613e-16 7.336548000000000468e-19
5.034906999999999577e+00 7.594747582435795246e-16 7.429140000000000129e-19
5.035572000000000159e+00 7.464244180397320262e-16 7.302309999999999588e-19
5.036236999999999853e+00 7.362678047185646341e-16 7.283571999999999703e-19
5.036902000000000434e+00 7.500151240428718072e-16 7.353546000000000468e-19
5.037567000000000128e+00 7.515614975724979495e-16 7.425594000000000033e-19
5.038231999999999822e+00 7.491367236821569555e-16 7.439685000000000176e-19
5.038897000000000403e+00 7.259830414044900858e-16 7.485356999999999666e-19
5.039562000000000097e+00 7.096054849663338146e-16 7.327118000000000165e-19
5.040226999999999791e+00 6.965085511825491545e-16 7.213606000000000233e-19
5.040892000000000372e+00 6.986896759262464345e-16 7.248688999999999779e-19
5.041557000000000066e+00 7.304248801162295366e-16 7.421335000000000000e-19
5.042221999999999760e+00 7.208414989819245351e-16 7.406659999999999730e-19
5.042887000000000342e+00 7.029617797752596052e-16 7.413539999999999804e-19
5.043552000000000035e+00 7.031549311135952966e-16 7.509712999999999808e-19
5.044216999999999729e+00 7.172766982059907663e-16 7.651042000000000068e-19
5.044882000000000311e+00 7.276290607105284216e-16 7.747350999999999930e-19
5.045547000000000004e+00 7.443683222042054714e-16 7.871861999999999945e-19
5.046211999999999698e+00 7.324434641789833425e-16 7.920817999999999748e-19
5.046877000000000280e+00 6.933365184620644650e-16 8.046717999999999787e-19
5.047541999999999973e+00 6.759228436523515699e-16 8.109618999999999943e-19
5.048206999999999667e+00 6.966669483320501480e-16 8.195955999999999670e-19
5.048872000000000249e+00 7.409527013246622795e-16 8.201265999999999683e-19
5.049536999999999942e+00 7.728587889541594909e-16 8.231858000000000175e-19
5.050201999999999636e+00 7.633465920696041868e-16 8.190028999999999848e-19
5.050867000000000218e+00 7.501012505902422683e-16 8.194386999999999891e-19
5.051531999999999911e+00 7.689569290800942470e-16 8.361239000000000265e-19
5.052196999999999605e+00 7.850354726990355812e-16 8.439882000000000371e-19
5.052862000000000187e+00 7.396564899001095152e-16 8.068792999999999533e-19
5.053526999999999880e+00 7.139687200820588665e-16 8.011505000000000150e-19
5.054191999999999574e+00 7.110108999401299205e-16 7.949278999999999800e-19
5.054857000000000156e+00 6.788329749110015855e-16 7.858999999999999936e-19
5.055521999999999849e+00 6.736839224208343739e-16 7.861724000000000153e-19
5.056187000000000431e+00 7.248493493284624855e-16 8.079600999999999645e-19
5.056852000000000125e+00 7.599801023865964692e-16 8.403095999999999826e-19
5.057516999999999818e+00 7.610292875563295921e-16 8.265721999999999519e-19
5.058182000000000400e+00 7.389535382220673238e-16 8.175237999999999585e-19
5.058847000000000094e+00 7.004261097595432000e-16 8.004373000000000225e-19
5.059511999999999787e+00 6.924340246260104693e-16 9.256094000000000616e-19
5.060177000000000369e+00 7.082026170812270476e-16 7.869146000000000059e-19
5.060842000000000063e+00 7.344118974504046992e-16 8.060230999999999570e-19
5.061506999999999756e+00 7.266731945668710382e-16 8.042834999999999929e-19
5.062172000000000338e+00 7.077832411168192201e-16 8.044653999999999957e-19
5.062837000000000032e+00 6.933431234805512173e-16 7.954140999999999544e-19
5.063501999999999725e+00 7.077726711641412404e-16 8.012417999999999708e-19
5.064167000000000307e+00 7.167324175465560773e-16 8.009314000000000113e-19
5.064832000000000001e+00 7.070964050566524882e-16 7.876457000000000420e-19
5.065496999999999694e+00 7.065713695234411511e-16 7.898939999999999740e-19
5.066162000000000276e+00 6.872322904803489508e-16 7.607912999999999794e-19
5.066826999999999970e+00 6.791630875116729839e-16 7.678954999999999559e-19
5.067491999999999663e+00 6.863973967463520176e-16 7.493440999999999561e-19
5.068157000000000245e+00 7.183065748812671215e-16 7.635837999999999782e-19
5.068821999999999939e+00 7.447671574776362764e-16 7.835178999999999576e-19
5.069486999999999632e+00 7.257079097220130043e-16 7.685806000000000116e-19
5.070152000000000214e+00 7.177150125500234112e-16 7.523539000000000285e-19
5.070816999999999908e+00 6.998464733331846987e-16 7.347522999999999557e-19
5.071481999999999601e+00 7.112423313125403707e-16 7.410403999999999846e-19
5.072147000000000183e+00 7.398919546688567236e-16 7.491307999999999520e-19
5.072811999999999877e+00 7.297159521966370228e-16 7.392129999999999931e-19
5.073476999999999570e+00 7.199430245339599764e-16 7.311042000000000336e-19
5.074142000000000152e+00 7.372257673421713399e-16 7.337742999999999675e-19
5.074806999999999846e+00 7.234216170408274704e-16 7.262771000000000271e-19
5.075472000000000428e+00 6.920247301035377848e-16 7.047775000000000041e-19
5.076137000000000121e+00 6.955280284848029531e-16 7.001547999999999940e-19
5.076801999999999815e+00 7.080656972131671887e-16 7.038268000000000157e-19
5.077467000000000397e+00 6.862975715243060399e-16 6.924576000000000470e-19
5.078132000000000090e+00 6.790616652407594905e-16 6.761175999999999668e-19
5.078796999999999784e+00 6.831276979152239776e-16 6.937466999999999995e-19
5.079462000000000366e+00 6.729125446631467872e-16 6.773037999999999643e-19
5.080127000000000059e+00 6.861492585702539528e-16 6.837395999999999752e-19
5.080791999999999753e+00 7.095037519312098960e-16 6.941512000000000308e-19
5.081457000000000335e+00 7.226873818331720242e-16 6.928322000000000188e-19
5.082122000000000028e+00 7.105820750938011060e-16 6.808414000000000017e-19
5.082786999999999722e+00 6.756560798255038039e-16 6.680171000000000382e-19
5.083452000000000304e+00 6.705914286862521065e-16 6.560878000000000420e-19
5.084116999999999997e+00 7.052117597345708409e-16 6.736699000000000048e-19
5.084781999999999691e+00 7.323070638255704073e-16 6.841550000000000007e-19
5.085447000000000273e+00 7.188391220514632758e-16 6.990220999999999746e-19
5.086111999999999966e+00 6.949642211675496243e-16 6.738279000000000043e-19
5.086776999999999660e+00 7.084545916821702152e-16 6.790346000000000453e-19
5.087442000000000242e+00 7.212483949908128553e-16 6.872388999999999902e-19
5.088106999999999935e+00 7.218551310660636184e-16 6.990912000000000215e-19
5.088771999999999629e+00 7.170645201854989015e-16 6.888395000000000200e-19
5.089437000000000211e+00 7.252875717703085350e-16 6.903776999999999676e-19
5.090101999999999904e+00 7.461191238034182518e-16 7.021199999999999664e-19
5.090766999999999598e+00 7.357152079329662357e-16 6.986431000000000130e-19
5.091432000000000180e+00 7.143352567193374830e-16 7.071046000000000238e-19
5.092096999999999873e+00 6.816687657147424106e-16 6.894314999999999973e-19
5.092761999999999567e+00 6.571398988868207093e-16 6.822339999999999822e-19
5.093427000000000149e+00 6.818850102871670965e-16 6.999106999999999654e-19
5.094091999999999842e+00 6.908158012076063374e-16 7.082697999999999697e-19
5.094757000000000424e+00 6.823181093819501180e-16 7.100831999999999588e-19
5.095422000000000118e+00 6.870009069511067909e-16 7.141527999999999907e-19
5.096086999999999811e+00 7.112581087097599982e-16 7.281441999999999546e-19
5.096752000000000393e+00 7.451306862278794681e-16 7.545735999999999790e-19
5.097417000000000087e+00 7.516300196876708814e-16 7.742619000000000278e-19
5.098081999999999780e+00 7.253487694912864471e-16 7.776676000000000157e-19
5.098747000000000362e+00 6.986417060721048028e-16 7.564743000000000470e-19
5.099412000000000056e+00 7.157965348467651972e-16 7.904009000000000118e-19
5.100076999999999749e+00 7.375517356951723399e-16 8.559772000000000277e-19
5.100742000000000331e+00 7.289712882883551029e-16 8.359786999999999797e-19
5.101407000000000025e+00 7.456993227889944515e-16 8.374429000000000385e-19
5.102071999999999719e+00 7.726590319612728788e-16 8.520822999999999892e-19
5.102737000000000300e+00 7.511813190103195330e-16 8.405070999999999578e-19
5.103401999999999994e+00 7.113253618762367472e-16 8.206284000000000113e-19
5.104066999999999688e+00 7.030244481309201258e-16 9.646427999999999959e-19
5.104732000000000269e+00 6.871299915759781191e-16 9.484070999999999769e-19
5.105396999999999963e+00 6.717472022751883785e-16 9.409511999999999424e-19
5.106061999999999657e+00 6.722745183095573134e-16 7.850196000000000056e-19
5.106727000000000238e+00 7.002660147480683609e-16 7.904382999999999728e-19
5.107391999999999932e+00 7.016481265304515046e-16 7.892008000000000400e-19
5.108056999999999626e+00 6.889620019696542286e-16 7.863746999999999969e-19
5.108722000000000207e+00 6.920779630321467017e-16 7.707521999999999670e-19
5.109386999999999901e+00 6.741605671357909958e-16 7.670115000000000112e-19
5.110051999999999595e+00 6.497698723019564981e-16 7.507111000000000313e-19
5.110717000000000176e+00 6.424146127826224138e-16 7.470969999999999775e-19
5.111381999999999870e+00 6.774012024197447459e-16 7.717046999999999818e-19
5.112046999999999564e+00 7.066508095679428611e-16 8.022948000000000337e-19
5.112712000000000145e+00 7.189444220796282468e-16 8.221089000000000475e-19
5.113376999999999839e+00 7.224192901305621421e-16 8.290753999999999750e-19
5.114042000000000421e+00 7.012638600717309990e-16 7.895614000000000094e-19
5.114707000000000114e+00 6.737091546307556182e-16 9.972563999999999084e-19
5.115371999999999808e+00 6.893029292316625378e-16 1.005709999999999905e-18
5.116037000000000390e+00 7.289770875097309902e-16 1.030702000000000018e-18
5.116702000000000083e+00 7.319150318805893519e-16 8.285024999999999947e-19
5.117366999999999777e+00 7.183426719631417615e-16 8.132246999999999735e-19
5.118032000000000359e+00 7.020971650689786162e-16 8.049457000000000386e-19
5.118697000000000052e+00 6.809406458501179851e-16 7.904617000000000276e-19
5.119361999999999746e+00 6.742895981803022367e-16 7.831285999999999784e-19
5.120027000000000328e+00 6.896448759343627595e-16 7.975141999999999560e-19
5.120692000000000021e+00 6.912002311609078518e-16 7.979216000000000352e-19
5.121356999999999715e+00 7.000312561419832763e-16 8.068749999999999918e-19
5.122022000000000297e+00 6.953996756173702148e-16 8.013891000000000324e-19
5.122686999999999991e+00 7.178426553187813151e-16 8.197405999999999574e-19
5.123351999999999684e+00 7.377087326812599643e-16 8.277849000000000125e-19
5.124017000000000266e+00 7.268175047511367690e-16 8.106549999999999632e-19
5.124681999999999960e+00 6.874323212358154785e-16 7.778308999999999700e-19
5.125346999999999653e+00 6.948078909653154117e-16 8.023176000000000155e-19
5.126012000000000235e+00 7.247257741054310591e-16 8.315115000000000340e-19
5.126676999999999929e+00 7.330817238306637467e-16 8.322700000000000018e-19
5.127341999999999622e+00 7.064078180979244923e-16 8.115354000000000475e-19
5.128007000000000204e+00 6.698276692372240678e-16 7.878333000000000163e-19
5.128671999999999898e+00 6.610718332066921446e-16 7.726470000000000072e-19
5.129336999999999591e+00 6.901761514126156963e-16 8.038124000000000424e-19
5.130002000000000173e+00 6.874155275665167047e-16 7.899004000000000467e-19
5.130666999999999867e+00 6.679983289032925486e-16 8.122149999999999957e-19
5.131331999999999560e+00 6.602332902729228790e-16 8.126359999999999644e-19
5.131997000000000142e+00 6.562357796465832744e-16 7.830960999999999557e-19
5.132661999999999836e+00 6.510667036451043260e-16 7.686264000000000318e-19
5.133327000000000417e+00 6.775087871383693582e-16 7.923308999999999699e-19
5.133992000000000111e+00 7.051916542471030904e-16 8.035664999999999874e-19
5.134656999999999805e+00 7.125731781867150341e-16 7.914688999999999740e-19
5.135322000000000386e+00 7.011871552937018688e-16 7.801401999999999744e-19
5.135987000000000080e+00 7.105807367346967167e-16 7.721925999999999544e-19
5.136651999999999774e+00 7.085887756698834898e-16 7.841728999999999937e-19
5.137317000000000355e+00 6.882246357177783478e-16 7.978305999999999715e-19
5.137982000000000049e+00 6.905874520396468192e-16 7.862196000000000454e-19
5.138646999999999743e+00 7.239825420917866861e-16 8.344177999999999821e-19
5.139312000000000324e+00 7.050337998033818884e-16 8.418536000000000261e-19
5.139977000000000018e+00 6.678483721684687726e-16 8.069929999999999706e-19
5.140641999999999712e+00 6.850315727100463678e-16 8.182995999999999934e-19
5.141307000000000293e+00 7.090650870222643563e-16 8.252921999999999672e-19
5.141971999999999987e+00 6.915164905711549028e-16 7.901221000000000137e-19
5.142636999999999681e+00 6.834578911453563699e-16 7.993241000000000168e-19
5.143302000000000263e+00 6.966583127313152893e-16 8.039383000000000357e-19
5.143966999999999956e+00 6.731975830432259043e-16 7.923827999999999781e-19
5.144631999999999650e+00 6.495629427207024856e-16 7.948770999999999934e-19
5.145297000000000232e+00 6.420102408971653048e-16 7.783617000000000111e-19
5.145961999999999925e+00 6.434056970637954400e-16 7.749996000000000004e-19
5.146626999999999619e+00 6.531265034365263615e-16 7.867806000000000380e-19
5.147292000000000201e+00 6.655175358120783291e-16 7.961132000000000126e-19
5.147956999999999894e+00 6.570444461298829222e-16 8.189366999999999859e-19
5.148621999999999588e+00 6.766254149863487119e-16 7.913241000000000401e-19
5.149287000000000170e+00 6.960831801265642342e-16 7.954672000000000123e-19
5.149951999999999863e+00 6.839198824230827087e-16 7.754090999999999981e-19
5.150616999999999557e+00 6.987953823772157510e-16 7.854141000000000076e-19
5.151282000000000139e+00 7.120664062405377202e-16 7.932197000000000171e-19
5.151946999999999832e+00 7.218015515173701365e-16 8.140727999999999952e-19
5.152612000000000414e+00 7.335322470975278001e-16 9.300949000000000675e-19
5.153277000000000108e+00 7.313740272716855642e-16 7.987231000000000036e-19
5.153941999999999801e+00 7.324366459527001546e-16 7.946240000000000251e-19
5.154607000000000383e+00 7.406542228208198142e-16 8.006811999999999947e-19
5.155272000000000077e+00 7.333559884920246176e-16 8.045328999999999763e-19
5.155936999999999770e+00 7.042177343837471327e-16 7.763241000000000236e-19
5.156602000000000352e+00 6.920766555617118661e-16 7.714339000000000263e-19
5.157267000000000046e+00 7.058287684029203296e-16 7.732375999999999746e-19
5.157931999999999739e+00 6.952522776743594519e-16 7.734842000000000346e-19
5.158597000000000321e+00 6.670644317006935184e-16 7.457909999999999746e-19
5.159262000000000015e+00 6.733191439271431732e-16 7.529784999999999604e-19
5.159926999999999708e+00 6.651041398235005018e-16 7.560952999999999892e-19
5.160592000000000290e+00 6.644376866397684105e-16 7.491609999999999998e-19
5.161256999999999984e+00 6.750532307042606063e-16 7.462632999999999748e-19
5.161921999999999677e+00 6.660596881404107694e-16 7.408631999999999599e-19
5.162587000000000259e+00 6.739179622120709814e-16 7.395347999999999917e-19
5.163251999999999953e+00 6.952404804417980445e-16 7.559365999999999848e-19
5.163916999999999646e+00 7.080872991041917698e-16 7.648725000000000105e-19
5.164582000000000228e+00 6.974367944481888723e-16 7.614535999999999570e-19
5.165246999999999922e+00 6.919512129498914281e-16 7.442498000000000471e-19
5.165911999999999615e+00 6.950936443209830994e-16 7.363897999999999980e-19
5.166577000000000197e+00 6.911815759517558841e-16 7.376317000000000168e-19
5.167241999999999891e+00 6.743454160103321643e-16 7.306320999999999936e-19
5.167906999999999584e+00 6.702247555985302694e-16 7.308101999999999834e-19
5.168572000000000166e+00 6.596389091479742183e-16 7.129384000000000282e-19
5.169236999999999860e+00 6.644093170559890550e-16 7.296481000000000456e-19
5.169902000000000442e+00 6.701409452443192021e-16 7.261455999999999944e-19
5.170567000000000135e+00 6.974929661157307249e-16 7.427548999999999920e-19
5.171231999999999829e+00 7.017486854053992224e-16 7.219581000000000118e-19
5.171897000000000411e+00 6.781204420144561935e-16 7.023468999999999563e-19
5.172562000000000104e+00 6.689647852243592930e-16 7.008695999999999565e-19
5.173226999999999798e+00 6.705035678785573856e-16 6.936786000000000423e-19
5.173892000000000380e+00 6.677105582407012973e-16 7.095214000000000293e-19
5.174557000000000073e+00 6.719639147311418682e-16 7.151784000000000255e-19
5.175221999999999767e+00 6.822552722655659513e-16 7.095611999999999935e-19
5.175887000000000349e+00 6.785775943172451398e-16 6.998895999999999817e-19
5.176552000000000042e+00 6.792981279525482572e-16 7.073555999999999773e-19
5.177216999999999736e+00 6.894177312339048542e-16 7.184969999999999910e-19
5.177882000000000318e+00 6.998238215148004924e-16 7.222134999999999550e-19
5.178547000000000011e+00 7.063733897270917546e-16 7.257048999999999556e-19
5.179211999999999705e+00 6.966572635042716658e-16 7.350736000000000057e-19
5.179877000000000287e+00 6.716345754837643100e-16 7.108851999999999719e-19
5.180541999999999980e+00 6.709158655687871710e-16 7.171035999999999773e-19
5.181206999999999674e+00 6.728254935580630935e-16 7.218520999999999525e-19
5.181872000000000256e+00 6.627091535283185773e-16 7.242200999999999579e-19
5.182536999999999949e+00 6.898666953867909359e-16 7.271357999999999585e-19
5.183201999999999643e+00 7.172643127378705104e-16 7.425031000000000054e-19
5.183867000000000225e+00 7.136633698311904015e-16 7.565289999999999786e-19
5.184531999999999918e+00 6.909325586725057564e-16 7.470169000000000044e-19
5.185196999999999612e+00 6.589948119278367268e-16 7.501945999999999810e-19
5.185862000000000194e+00 6.581309679456472770e-16 7.681578000000000165e-19
5.186526999999999887e+00 6.759538288986981801e-16 7.886472000000000170e-19
5.187191999999999581e+00 6.665611343225687751e-16 7.491768000000000286e-19
5.187857000000000163e+00 6.746244996010284531e-16 7.648729999999999590e-19
5.188521999999999856e+00 6.766429804726772129e-16 7.559979999999999774e-19
5.189187000000000438e+00 6.869470235256773372e-16 9.037792000000000604e-19
5.189852000000000132e+00 7.114825632428036641e-16 7.606950999999999891e-19
5.190516999999999825e+00 7.053353880843797585e-16 7.460093000000000414e-19
5.191182000000000407e+00 6.941011296656512367e-16 7.407450000000000209e-19
5.191847000000000101e+00 6.950167205770776859e-16 7.465170000000000160e-19
5.192511999999999794e+00 6.836375670490725577e-16 7.636246000000000320e-19
5.193177000000000376e+00 6.741901122375119526e-16 7.349826000000000383e-19
5.193842000000000070e+00 6.757759426011786576e-16 7.416609000000000115e-19
5.194506999999999763e+00 6.724342376259361108e-16 7.413446999999999561e-19
5.195172000000000345e+00 6.528646063368772331e-16 7.362112999999999916e-19
5.195837000000000039e+00 6.637896558773330830e-16 7.546138999999999879e-19
5.196501999999999732e+00 6.597679645771508745e-16 7.464158999999999912e-19
5.197167000000000314e+00 6.600132712155613433e-16 7.379945999999999611e-19
5.197832000000000008e+00 6.776351928927441446e-16 7.738068999999999982e-19
5.198496999999999701e+00 6.557625626812922289e-16 7.607310000000000083e-19
5.199162000000000283e+00 6.372678098241744406e-16 7.444114000000000031e-19
5.199826999999999977e+00 6.336000401878845536e-16 7.599461000000000057e-19
5.200491999999999670e+00 6.540154027576002260e-16 7.736587999999999998e-19
5.201157000000000252e+00 6.619382492811308609e-16 7.842689000000000239e-19
5.201821999999999946e+00 6.333113656887864851e-16 7.762405999999999578e-19
5.202486999999999639e+00 6.251586015303824071e-16 7.674518999999999654e-19
5.203152000000000221e+00 6.536480623174733984e-16 7.886951999999999839e-19
5.203816999999999915e+00 6.776825558635693194e-16 7.987870000000000276e-19
5.204481999999999609e+00 6.836082010035192343e-16 8.205644999999999874e-19
5.205147000000000190e+00 6.719402736828177248e-16 8.109379999999999909e-19
5.205811999999999884e+00 6.833218697000117648e-16 8.195214999999999537e-19
5.206476999999999578e+00 6.823512066395820288e-16 8.106402999999999558e-19
5.207142000000000159e+00 6.961021688389667615e-16 8.037499999999999602e-19
5.207806999999999853e+00 6.946937967381967875e-16 8.057044999999999948e-19
5.208472000000000435e+00 6.842067853471322420e-16 7.936863999999999778e-19
5.209137000000000128e+00 6.947732876588670675e-16 8.177070999999999713e-19
5.209801999999999822e+00 6.840357634390032649e-16 8.138453000000000285e-19
5.210467000000000404e+00 6.607873230331542302e-16 7.892226000000000286e-19
5.211132000000000097e+00 6.454133082205142584e-16 7.828309000000000397e-19
5.211796999999999791e+00 6.493927940970903940e-16 7.985655000000000207e-19
5.212462000000000373e+00 6.692124763697862897e-16 8.506532000000000128e-19
5.213127000000000066e+00 6.561710402471977304e-16 7.847249999999999787e-19
5.213791999999999760e+00 6.316289503238806124e-16 7.648477999999999740e-19
5.214457000000000342e+00 6.521003655510562405e-16 7.719418999999999893e-19
5.215122000000000035e+00 6.727846340822034405e-16 7.788777000000000167e-19
5.215786999999999729e+00 6.968494082310945750e-16 7.884934999999999791e-19
5.216452000000000311e+00 7.025511592193624130e-16 8.020607999999999662e-19
5.217117000000000004e+00 6.647849132516503657e-16 7.906019000000000117e-19
5.217781999999999698e+00 6.484696444698316604e-16 7.784979999999999539e-19
5.218447000000000280e+00 6.817840779005633161e-16 7.981093000000000377e-19
5.219111999999999973e+00 6.833693093254257376e-16 8.085541000000000247e-19
5.219776999999999667e+00 6.669146423323712743e-16 7.952857000000000260e-19
5.220442000000000249e+00 6.758105002118349283e-16 8.066299999999999981e-19
5.221106999999999942e+00 6.599570332222832351e-16 9.134460999999999978e-19
5.221771999999999636e+00 6.664507020634489939e-16 1.014654000000000001e-18
5.222437000000000218e+00 6.941971606501995088e-16 1.055268999999999997e-18
5.223101999999999911e+00 6.558947403516230426e-16 1.001601000000000022e-18
5.223766999999999605e+00 6.395824416644875229e-16 1.012047000000000058e-18
5.224432000000000187e+00 6.795960816318951121e-16 1.063875999999999946e-18
5.225096999999999881e+00 6.978545388271792529e-16 1.090364999999999937e-18
5.225761999999999574e+00 6.732563198591308307e-16 1.026169000000000090e-18
5.226427000000000156e+00 6.590684532079578564e-16 9.409694000000000707e-19
5.227091999999999850e+00 6.677256867875160089e-16 8.912640000000000748e-19
5.227757000000000431e+00 6.564158568325257385e-16 8.435497999999999732e-19
5.228422000000000125e+00 6.614304528913858429e-16 8.307429000000000086e-19
5.229086999999999819e+00 6.819968605746842937e-16 8.330831999999999976e-19
5.229752000000000400e+00 6.758701711116546471e-16 8.115586999999999779e-19
5.230417000000000094e+00 6.798567752471449507e-16 8.139443000000000386e-19
5.231081999999999788e+00 6.826564819367995366e-16 8.120014000000000032e-19
5.231747000000000369e+00 6.676755753752092083e-16 7.935163999999999626e-19
5.232412000000000063e+00 6.565070669870324757e-16 7.733674000000000091e-19
5.233076999999999757e+00 6.721336998141011435e-16 7.777517999999999902e-19
5.233742000000000338e+00 6.981966061206333247e-16 8.093684999999999739e-19
5.234407000000000032e+00 6.872688605722301668e-16 8.103119000000000208e-19
5.235071999999999726e+00 6.786264473479533651e-16 7.803830999999999533e-19
5.235737000000000307e+00 6.638843775566712277e-16 8.810449999999999599e-19
5.236402000000000001e+00 6.856677145674615252e-16 7.814761000000000367e-19
5.237066999999999695e+00 6.971941811721891579e-16 7.885677000000000206e-19
5.237732000000000276e+00 6.907848289154671973e-16 7.771418000000000374e-19
5.238396999999999970e+00 6.761934694374496957e-16 7.683262999999999937e-19
5.239061999999999664e+00 6.639152685508738690e-16 7.815157000000000407e-19
5.239727000000000245e+00 6.377650335721218395e-16 7.300566999999999820e-19
5.240391999999999939e+00 6.243088090739100342e-16 7.277387000000000264e-19
5.241056999999999633e+00 6.159138653401999905e-16 7.485343999999999850e-19
5.241722000000000214e+00 6.198106062707068070e-16 7.393537000000000220e-19
5.242386999999999908e+00 6.290610825666926798e-16 7.481691000000000375e-19
5.243051999999999602e+00 6.476517947577317981e-16 7.615392000000000377e-19
5.243717000000000183e+00 6.681670161859851341e-16 7.694742999999999971e-19
5.244381999999999877e+00 6.675659987090027502e-16 7.648706999999999841e-19
5.245046999999999571e+00 6.448366271850583848e-16 7.467953999999999975e-19
5.245712000000000153e+00 6.403899889592375068e-16 7.438021999999999871e-19
5.246376999999999846e+00 6.718363613445127856e-16 7.668031000000000417e-19
5.247042000000000428e+00 6.827649840992191234e-16 7.641719000000000106e-19
5.247707000000000122e+00 6.719401603980175999e-16 7.548133000000000179e-19
5.248371999999999815e+00 6.731994671792186573e-16 7.561848000000000148e-19
5.249037000000000397e+00 6.790407139892516079e-16 7.494358000000000247e-19
5.249702000000000091e+00 7.005697966428778755e-16 7.617166999999999545e-19
5.250366999999999784e+00 6.944709558720756211e-16 7.523399999999999580e-19
5.251032000000000366e+00 6.754917890653056633e-16 7.323965999999999544e-19
5.251697000000000060e+00 6.633879831505742652e-16 7.182706000000000459e-19
5.252361999999999753e+00 6.627025443302252765e-16 7.128480000000000375e-19
5.253027000000000335e+00 6.606567930376046211e-16 7.138486000000000474e-19
5.253692000000000029e+00 6.463572272184456047e-16 7.058255000000000042e-19
5.254356999999999722e+00 6.450283072291868718e-16 7.071068999999999988e-19
5.255022000000000304e+00 6.680744388872183279e-16 7.227980999999999627e-19
5.255686999999999998e+00 6.805982165868293885e-16 7.439763000000000038e-19
5.256351999999999691e+00 6.660067429920587382e-16 7.236740999999999610e-19
5.257017000000000273e+00 6.492103920040180834e-16 7.297027999999999773e-19
5.257681999999999967e+00 6.518043208955640773e-16 7.343530000000000436e-19
5.258346999999999660e+00 6.588484238881319455e-16 7.363784999999999871e-19
5.259012000000000242e+00 6.838427558392062861e-16 7.453847000000000132e-19
5.259676999999999936e+00 6.957040672643081833e-16 7.525610000000000164e-19
5.260341999999999629e+00 6.898704700911035939e-16 7.486633999999999864e-19
5.261007000000000211e+00 6.866851623802992373e-16 7.446539999999999937e-19
5.261671999999999905e+00 6.791313625718369325e-16 7.542990000000000105e-19
5.262336999999999598e+00 6.614083249077421640e-16 7.622135999999999630e-19
5.263002000000000180e+00 6.807192098175659461e-16 7.523536999999999720e-19
5.263666999999999874e+00 7.081641889702689850e-16 7.719778000000000085e-19
5.264331999999999567e+00 6.981302110173746100e-16 7.756689999999999592e-19
5.264997000000000149e+00 6.833765144825040016e-16 7.710327999999999915e-19
5.265661999999999843e+00 6.847011778397143187e-16 7.702103999999999997e-19
5.266327000000000425e+00 6.703734768920043406e-16 7.739340000000000412e-19
5.266992000000000118e+00 6.423191748560355505e-16 7.568859999999999914e-19
5.267656999999999812e+00 6.385802718796755445e-16 7.779611999999999531e-19
5.268322000000000394e+00 6.524717613701881933e-16 8.559134000000000320e-19
5.268987000000000087e+00 6.484617773691050646e-16 1.159984999999999995e-18
5.269651999999999781e+00 6.725525779988028465e-16 1.859262000000000022e-17
5.270317000000000363e+00 nan nan
