# # Spectral data for TWA27A G235H
# # Wavelength (nm), Flux (erg/s/cm2/nm), Flux Error (erg/s/cm2/nm), Best Fit Model (erg/s/cm2/nm), Blackbody Model (erg/s/cm2/nm)
# # Data extracted from retrieval outputs
# 
1.668118e+03	1.327569e+00	6.011054e-02	1.401289e+00	8.314315e-04
1.668514e+03	1.374218e+00	4.850195e-02	1.424048e+00	8.330696e-04
1.668910e+03	1.395534e+00	2.725523e-02	1.431723e+00	8.347100e-04
1.669306e+03	nan	nan	1.422928e+00	8.363526e-04
1.669702e+03	1.371413e+00	1.474586e-02	1.417151e+00	8.379975e-04
1.670098e+03	1.366530e+00	1.460807e-02	1.417389e+00	8.396445e-04
1.670494e+03	1.400534e+00	1.471519e-02	1.416052e+00	8.412938e-04
1.670890e+03	1.416366e+00	1.493642e-02	1.410435e+00	8.429452e-04
1.671286e+03	1.429516e+00	1.514506e-02	1.407213e+00	8.445989e-04
1.671682e+03	1.421313e+00	1.594037e-02	1.409187e+00	8.462548e-04
1.672078e+03	1.391208e+00	1.638606e-02	1.406296e+00	8.479130e-04
1.672474e+03	1.370838e+00	1.617222e-02	1.403910e+00	8.495733e-04
1.672870e+03	1.381373e+00	1.631399e-02	1.410929e+00	8.512359e-04
1.673266e+03	1.397096e+00	1.640376e-02	1.420221e+00	8.529007e-04
1.673662e+03	1.410341e+00	1.681171e-02	1.429213e+00	8.545678e-04
1.674058e+03	1.404831e+00	1.688983e-02	1.430576e+00	8.562370e-04
1.674454e+03	1.399494e+00	1.830638e-02	1.424581e+00	8.579085e-04
1.674850e+03	1.438370e+00	1.966251e-02	1.429243e+00	8.595822e-04
1.675246e+03	1.426035e+00	1.918471e-02	1.433916e+00	8.612582e-04
1.675642e+03	1.416586e+00	2.063688e-02	1.434279e+00	8.629364e-04
1.676038e+03	1.415044e+00	2.241802e-02	1.434095e+00	8.646168e-04
1.676434e+03	1.395379e+00	2.305067e-02	1.420907e+00	8.662995e-04
1.676830e+03	1.379566e+00	2.428536e-02	1.408436e+00	8.679844e-04
1.677226e+03	1.401694e+00	2.611248e-02	1.409435e+00	8.696715e-04
1.677622e+03	1.415596e+00	2.767210e-02	1.417611e+00	8.713608e-04
1.678018e+03	1.429995e+00	2.887303e-02	1.424741e+00	8.730524e-04
1.678414e+03	1.422467e+00	3.177075e-02	1.426035e+00	8.747463e-04
1.678810e+03	nan	nan	1.429825e+00	8.764424e-04
1.679206e+03	nan	nan	1.433517e+00	8.781407e-04
1.679602e+03	nan	nan	1.428893e+00	8.798413e-04
1.679998e+03	nan	nan	1.424155e+00	8.815441e-04
1.680394e+03	nan	nan	1.424897e+00	8.832491e-04
1.680790e+03	nan	nan	1.427325e+00	8.849564e-04
1.681186e+03	nan	nan	1.427201e+00	8.866660e-04
1.681582e+03	nan	nan	1.429142e+00	8.883778e-04
1.681978e+03	nan	nan	1.429692e+00	8.900918e-04
1.682374e+03	nan	nan	1.420348e+00	8.918081e-04
1.682770e+03	nan	nan	1.414274e+00	8.935267e-04
1.683166e+03	nan	nan	1.422050e+00	8.952475e-04
1.683562e+03	1.430195e+00	3.165922e-02	1.425979e+00	8.969706e-04
1.683958e+03	1.420267e+00	2.126455e-02	1.416492e+00	8.986959e-04
1.684354e+03	1.378665e+00	1.718975e-02	1.405742e+00	9.004235e-04
1.684750e+03	1.353955e+00	1.697231e-02	1.408422e+00	9.021533e-04
1.685146e+03	1.367928e+00	1.693257e-02	1.416587e+00	9.038854e-04
1.685542e+03	1.380705e+00	1.668188e-02	1.418255e+00	9.056197e-04
1.685938e+03	1.401531e+00	1.664175e-02	1.415566e+00	9.073563e-04
1.686334e+03	1.389408e+00	1.662817e-02	1.407098e+00	9.090952e-04
1.686730e+03	1.346092e+00	1.648496e-02	1.389124e+00	9.108363e-04
1.687126e+03	1.344478e+00	1.661021e-02	1.380699e+00	9.125797e-04
1.687522e+03	1.364310e+00	1.682309e-02	1.389074e+00	9.143254e-04
1.687918e+03	1.353508e+00	1.676806e-02	1.392297e+00	9.160733e-04
1.688314e+03	1.345339e+00	1.648606e-02	1.383854e+00	9.178235e-04
1.688710e+03	1.324764e+00	1.570331e-02	1.374595e+00	9.195760e-04
1.689106e+03	1.321268e+00	1.506583e-02	1.368044e+00	9.213307e-04
1.689502e+03	1.322827e+00	1.440080e-02	1.369620e+00	9.230877e-04
1.689898e+03	1.365755e+00	1.448436e-02	1.388463e+00	9.248469e-04
1.690294e+03	1.401177e+00	1.449237e-02	1.406525e+00	9.266085e-04
1.690690e+03	1.403690e+00	1.399346e-02	1.405998e+00	9.283723e-04
1.691086e+03	1.409205e+00	1.385229e-02	1.402297e+00	9.301384e-04
1.691482e+03	1.426251e+00	1.380424e-02	1.401817e+00	9.319067e-04
1.691878e+03	1.388583e+00	1.359416e-02	1.380205e+00	9.336774e-04
1.692274e+03	1.341393e+00	1.312984e-02	1.353121e+00	9.354503e-04
1.692670e+03	1.351510e+00	1.293225e-02	1.357670e+00	9.372255e-04
1.693066e+03	1.401537e+00	1.278207e-02	1.383858e+00	9.390030e-04
1.693462e+03	1.404480e+00	1.251630e-02	1.403160e+00	9.407827e-04
1.693858e+03	1.378268e+00	1.227661e-02	1.405797e+00	9.425648e-04
1.694254e+03	nan	nan	1.390261e+00	9.443491e-04
1.694650e+03	1.351763e+00	1.212780e-02	1.375142e+00	9.461357e-04
1.695046e+03	1.361376e+00	1.227826e-02	1.369164e+00	9.479246e-04
1.695442e+03	1.358792e+00	1.259073e-02	1.368739e+00	9.497157e-04
1.695838e+03	1.372846e+00	1.248435e-02	1.373659e+00	9.515092e-04
1.696234e+03	1.374966e+00	1.295460e-02	1.378168e+00	9.533049e-04
1.696630e+03	1.354523e+00	1.346586e-02	1.374533e+00	9.551029e-04
1.697026e+03	1.324692e+00	1.351923e-02	1.364954e+00	9.569033e-04
1.697422e+03	1.306758e+00	1.314731e-02	1.352228e+00	9.587059e-04
1.697818e+03	1.324112e+00	1.262200e-02	1.345597e+00	9.605108e-04
1.698214e+03	1.353278e+00	1.251826e-02	1.359423e+00	9.623180e-04
1.698610e+03	1.360069e+00	1.263077e-02	1.372439e+00	9.641275e-04
1.699006e+03	1.353817e+00	1.267162e-02	1.366264e+00	9.659392e-04
1.699402e+03	1.344983e+00	1.298138e-02	1.346791e+00	9.677533e-04
1.699798e+03	1.336826e+00	1.502761e-02	1.337789e+00	9.695697e-04
1.700194e+03	1.339669e+00	2.792001e-02	1.347734e+00	9.713883e-04
1.700590e+03	1.308550e+00	5.372418e-02	1.352572e+00	9.732093e-04
1.700986e+03	1.274354e+00	7.567138e-02	1.347409e+00	9.750326e-04
1.701382e+03	1.284131e+00	7.589922e-02	1.358015e+00	9.768581e-04
1.701778e+03	1.338879e+00	5.420727e-02	1.378351e+00	9.786860e-04
1.702174e+03	1.362537e+00	2.824897e-02	1.379296e+00	9.805162e-04
1.702570e+03	1.371727e+00	1.501037e-02	1.360321e+00	9.823486e-04
1.702966e+03	1.344892e+00	1.277306e-02	1.351037e+00	9.841834e-04
1.703362e+03	1.338351e+00	1.276396e-02	1.347899e+00	9.860205e-04
1.703758e+03	1.300414e+00	1.283171e-02	1.335508e+00	9.878599e-04
1.704154e+03	1.281009e+00	1.283859e-02	1.328663e+00	9.897016e-04
1.704550e+03	1.298317e+00	1.307755e-02	1.333369e+00	9.915456e-04
1.704946e+03	1.307747e+00	1.414564e-02	1.332091e+00	9.933919e-04
1.705342e+03	1.281389e+00	1.570767e-02	1.318923e+00	9.952405e-04
1.705738e+03	1.290810e+00	1.671999e-02	1.322562e+00	9.970914e-04
1.706134e+03	1.320453e+00	1.711404e-02	1.334238e+00	9.989447e-04
1.706530e+03	1.302821e+00	1.698953e-02	1.324650e+00	1.000800e-03
1.706926e+03	1.284273e+00	1.689273e-02	1.316474e+00	1.002658e-03
1.707322e+03	1.258912e+00	1.589158e-02	1.317155e+00	1.004518e-03
1.707718e+03	1.268927e+00	1.553331e-02	1.313751e+00	1.006381e-03
1.708114e+03	1.255046e+00	1.615150e-02	1.295748e+00	1.008246e-03
1.708510e+03	1.222892e+00	1.631307e-02	1.276411e+00	1.010113e-03
1.708906e+03	1.268095e+00	1.712154e-02	1.292046e+00	1.011982e-03
1.709302e+03	1.307655e+00	1.725560e-02	1.321381e+00	1.013854e-03
1.709698e+03	1.332580e+00	1.633517e-02	1.338444e+00	1.015728e-03
1.710094e+03	1.338727e+00	1.586047e-02	1.333548e+00	1.017604e-03
1.710490e+03	1.311504e+00	1.559524e-02	1.298111e+00	1.019483e-03
1.710886e+03	1.268149e+00	1.520650e-02	1.254515e+00	1.021364e-03
1.711282e+03	1.259237e+00	1.489024e-02	1.240727e+00	1.023248e-03
1.711678e+03	1.266614e+00	1.421392e-02	1.250724e+00	1.025133e-03
1.712074e+03	1.263595e+00	1.390429e-02	1.267425e+00	1.027021e-03
1.712470e+03	1.290199e+00	1.397756e-02	1.286007e+00	1.028912e-03
1.712866e+03	1.318610e+00	1.398875e-02	1.298775e+00	1.030804e-03
1.713262e+03	1.325027e+00	1.406340e-02	1.295530e+00	1.032699e-03
1.713658e+03	1.271248e+00	1.301780e-02	1.269996e+00	1.034597e-03
1.714054e+03	1.228501e+00	1.240387e-02	1.233445e+00	1.036496e-03
1.714450e+03	1.201518e+00	1.199699e-02	1.213660e+00	1.038398e-03
1.714846e+03	1.222424e+00	1.192652e-02	1.224465e+00	1.040303e-03
1.715242e+03	1.271252e+00	1.200768e-02	1.252268e+00	1.042209e-03
1.715638e+03	1.265230e+00	1.192347e-02	1.262322e+00	1.044118e-03
1.716034e+03	nan	nan	1.257558e+00	1.046030e-03
1.716430e+03	1.271881e+00	1.194245e-02	1.264156e+00	1.047943e-03
1.716826e+03	1.284581e+00	1.203120e-02	1.255903e+00	1.049859e-03
1.717222e+03	nan	nan	1.235239e+00	1.051778e-03
1.717618e+03	1.216207e+00	1.184546e-02	1.223738e+00	1.053698e-03
1.718014e+03	1.203410e+00	1.173889e-02	1.215804e+00	1.055621e-03
1.718410e+03	1.186885e+00	1.155934e-02	1.197258e+00	1.057547e-03
1.718806e+03	1.161004e+00	1.153288e-02	1.182290e+00	1.059475e-03
1.719202e+03	1.151466e+00	1.154219e-02	1.172991e+00	1.061405e-03
1.719598e+03	1.214756e+00	2.072507e-02	1.174802e+00	1.063337e-03
1.719994e+03	nan	nan	1.204375e+00	1.065272e-03
1.720390e+03	1.259802e+00	1.187893e-02	1.240939e+00	1.067209e-03
1.720786e+03	1.249000e+00	1.191827e-02	1.233635e+00	1.069148e-03
1.721182e+03	1.187249e+00	1.180971e-02	1.195709e+00	1.071090e-03
1.721578e+03	1.210252e+00	1.198122e-02	1.206870e+00	1.073034e-03
1.721974e+03	nan	nan	1.253380e+00	1.074980e-03
1.722370e+03	nan	nan	1.253582e+00	1.076929e-03
1.722766e+03	nan	nan	1.217498e+00	1.078880e-03
1.723162e+03	1.170810e+00	1.205046e-02	1.186308e+00	1.080834e-03
1.723558e+03	1.142470e+00	1.185665e-02	1.171297e+00	1.082790e-03
1.723954e+03	1.177151e+00	1.201200e-02	1.196815e+00	1.084748e-03
1.724350e+03	1.225516e+00	1.212316e-02	1.233309e+00	1.086709e-03
1.724746e+03	1.222575e+00	1.218443e-02	1.239004e+00	1.088672e-03
1.725142e+03	1.218322e+00	1.221833e-02	1.236252e+00	1.090637e-03
1.725538e+03	1.222838e+00	1.225248e-02	1.240284e+00	1.092604e-03
1.725934e+03	1.199480e+00	1.228044e-02	1.223488e+00	1.094574e-03
1.726330e+03	nan	nan	1.170936e+00	1.096547e-03
1.726726e+03	1.130018e+00	1.237938e-02	1.125212e+00	1.098521e-03
1.727122e+03	nan	nan	1.128968e+00	1.100498e-03
1.727518e+03	nan	nan	1.177327e+00	1.102478e-03
1.727914e+03	1.241307e+00	1.347684e-02	1.226530e+00	1.104460e-03
1.728310e+03	1.238545e+00	1.337853e-02	1.236021e+00	1.106444e-03
1.728706e+03	1.217742e+00	1.297046e-02	1.206559e+00	1.108430e-03
1.729102e+03	1.173836e+00	1.293453e-02	1.159408e+00	1.110419e-03
1.729498e+03	1.144319e+00	1.345940e-02	1.139103e+00	1.112410e-03
1.729894e+03	1.167924e+00	1.454089e-02	1.169647e+00	1.114404e-03
1.730290e+03	1.225978e+00	1.554039e-02	1.221835e+00	1.116400e-03
1.730686e+03	1.268390e+00	1.605165e-02	1.254286e+00	1.118398e-03
1.731082e+03	1.183393e+00	1.783745e-02	1.227005e+00	1.120399e-03
1.731478e+03	1.139526e+00	1.453596e-02	1.161359e+00	1.122402e-03
1.731874e+03	1.084545e+00	1.421584e-02	1.117686e+00	1.124407e-03
1.732270e+03	1.124903e+00	1.516261e-02	1.132328e+00	1.126415e-03
1.732666e+03	1.173333e+00	1.567199e-02	1.172005e+00	1.128425e-03
1.733062e+03	1.200376e+00	1.851212e-02	1.193347e+00	1.130438e-03
1.733458e+03	1.199014e+00	2.025976e-02	1.199177e+00	1.132453e-03
1.733854e+03	1.169623e+00	2.135985e-02	1.182771e+00	1.134470e-03
1.734250e+03	1.123957e+00	2.223382e-02	1.143830e+00	1.136490e-03
1.734646e+03	1.101114e+00	2.217501e-02	1.114575e+00	1.138512e-03
1.735042e+03	1.101437e+00	2.199842e-02	1.111877e+00	1.140536e-03
1.735438e+03	1.103847e+00	2.193383e-02	1.127361e+00	1.142563e-03
1.735834e+03	1.129568e+00	2.132476e-02	1.155148e+00	1.144592e-03
1.736230e+03	1.162318e+00	2.100930e-02	1.171021e+00	1.146624e-03
1.736626e+03	1.158660e+00	1.741353e-02	1.160909e+00	1.148658e-03
1.737022e+03	1.142416e+00	1.512000e-02	1.144405e+00	1.150694e-03
1.737418e+03	1.158087e+00	1.518386e-02	1.154952e+00	1.152733e-03
1.737814e+03	1.168850e+00	1.526265e-02	1.171143e+00	1.154774e-03
1.738210e+03	1.148179e+00	1.485139e-02	1.166100e+00	1.156817e-03
1.738606e+03	1.163001e+00	1.474969e-02	1.161861e+00	1.158863e-03
1.739002e+03	1.176118e+00	1.362671e-02	1.159574e+00	1.160911e-03
1.739398e+03	1.163846e+00	1.268098e-02	1.157890e+00	1.162962e-03
1.739794e+03	nan	nan	1.149894e+00	1.165015e-03
1.740190e+03	nan	nan	1.123747e+00	1.167070e-03
1.740586e+03	nan	nan	1.095744e+00	1.169128e-03
1.740982e+03	1.099179e+00	1.178895e-02	1.110017e+00	1.171188e-03
1.741378e+03	nan	nan	1.150217e+00	1.173250e-03
1.741774e+03	1.188220e+00	1.224308e-02	1.174833e+00	1.175315e-03
1.742170e+03	1.177507e+00	1.240626e-02	1.167560e+00	1.177383e-03
1.742566e+03	1.108683e+00	1.258411e-02	1.131105e+00	1.179452e-03
1.742962e+03	1.110303e+00	1.777124e-02	1.120387e+00	1.181524e-03
1.743358e+03	1.125208e+00	3.986477e-02	1.135216e+00	1.183599e-03
1.743754e+03	1.094330e+00	7.274420e-02	1.129946e+00	1.185676e-03
1.744150e+03	1.231592e+00	9.146799e-02	1.127946e+00	1.187755e-03
1.744546e+03	1.155500e+00	7.286859e-02	1.130802e+00	1.189837e-03
1.744942e+03	1.135054e+00	4.011495e-02	1.118722e+00	1.191921e-03
1.745338e+03	1.110077e+00	2.673942e-02	1.119591e+00	1.194007e-03
1.745734e+03	1.125179e+00	2.452950e-02	1.139473e+00	1.196096e-03
1.746130e+03	1.195083e+00	1.475756e-02	1.159005e+00	1.198187e-03
1.746526e+03	1.162099e+00	1.452113e-02	1.138973e+00	1.200281e-03
1.746922e+03	1.109778e+00	1.415802e-02	1.089364e+00	1.202377e-03
1.747318e+03	1.077365e+00	1.398105e-02	1.063097e+00	1.204475e-03
1.747714e+03	1.075505e+00	1.390916e-02	1.069268e+00	1.206576e-03
1.748110e+03	1.066359e+00	1.385981e-02	1.080566e+00	1.208679e-03
1.748506e+03	1.123552e+00	1.430468e-02	1.111492e+00	1.210785e-03
1.748902e+03	1.157763e+00	1.314127e-02	1.143644e+00	1.212893e-03
1.749298e+03	1.136148e+00	1.218813e-02	1.129357e+00	1.215003e-03
1.749694e+03	1.134993e+00	1.216090e-02	1.111328e+00	1.217116e-03
1.750090e+03	1.098793e+00	1.183868e-02	1.084926e+00	1.219231e-03
1.750486e+03	1.014440e+00	1.153821e-02	1.032470e+00	1.221349e-03
1.750882e+03	1.017732e+00	1.152805e-02	1.020601e+00	1.223469e-03
1.751278e+03	1.076025e+00	1.167748e-02	1.057406e+00	1.225591e-03
1.751674e+03	1.085753e+00	1.168922e-02	1.069716e+00	1.227716e-03
1.752070e+03	1.079012e+00	1.201457e-02	1.065149e+00	1.229843e-03
1.752466e+03	1.116472e+00	1.225732e-02	1.094342e+00	1.231973e-03
1.752862e+03	1.153561e+00	1.265317e-02	1.135286e+00	1.234105e-03
1.753258e+03	1.127761e+00	1.266167e-02	1.129528e+00	1.236239e-03
1.753654e+03	1.088072e+00	1.227896e-02	1.087730e+00	1.238376e-03
1.754050e+03	1.061499e+00	1.207204e-02	1.052341e+00	1.240516e-03
1.754446e+03	1.054917e+00	1.184485e-02	1.038135e+00	1.242657e-03
1.754842e+03	1.082804e+00	1.197536e-02	1.062327e+00	1.244801e-03
1.755238e+03	1.100298e+00	1.215449e-02	1.073258e+00	1.246948e-03
1.755634e+03	1.051813e+00	1.199179e-02	1.039252e+00	1.249097e-03
1.756030e+03	1.001822e+00	1.197517e-02	1.002802e+00	1.251248e-03
1.756426e+03	9.885206e-01	1.202492e-02	9.969543e-01	1.253402e-03
1.756822e+03	1.005651e+00	1.207924e-02	1.018705e+00	1.255558e-03
1.757218e+03	1.056004e+00	1.231176e-02	1.057493e+00	1.257717e-03
1.757614e+03	1.073958e+00	1.243882e-02	1.065158e+00	1.259878e-03
1.758010e+03	1.045881e+00	1.251534e-02	1.032005e+00	1.262041e-03
1.758406e+03	1.026817e+00	1.251707e-02	1.006233e+00	1.264207e-03
1.758802e+03	1.020148e+00	1.221396e-02	1.006592e+00	1.266375e-03
1.759198e+03	1.043677e+00	1.218620e-02	1.040848e+00	1.268546e-03
1.759594e+03	1.071712e+00	1.232507e-02	1.076804e+00	1.270719e-03
1.759990e+03	1.090487e+00	1.264627e-02	1.086166e+00	1.272895e-03
1.760386e+03	1.071909e+00	1.276031e-02	1.055632e+00	1.275073e-03
1.760782e+03	1.010175e+00	1.258909e-02	1.000043e+00	1.277253e-03
1.761178e+03	1.018396e+00	1.277042e-02	1.001353e+00	1.279436e-03
1.761574e+03	1.069487e+00	1.305962e-02	1.043791e+00	1.281621e-03
1.761970e+03	1.052357e+00	1.295505e-02	1.043268e+00	1.283809e-03
1.762366e+03	9.943927e-01	1.258108e-02	1.006725e+00	1.285999e-03
1.762762e+03	9.789213e-01	1.240539e-02	9.870098e-01	1.288191e-03
1.763158e+03	nan	nan	9.978592e-01	1.290386e-03
1.763554e+03	nan	nan	1.039817e+00	1.292583e-03
1.763950e+03	1.085390e+00	1.309269e-02	1.053062e+00	1.294783e-03
1.764346e+03	1.023247e+00	1.254968e-02	1.013945e+00	1.296985e-03
1.764742e+03	1.039778e+00	1.283801e-02	1.007005e+00	1.299190e-03
1.765138e+03	1.068840e+00	1.315204e-02	1.041203e+00	1.301397e-03
1.765534e+03	1.071306e+00	1.418039e-02	1.068212e+00	1.303606e-03
1.765930e+03	1.108163e+00	1.501452e-02	1.103733e+00	1.305818e-03
1.766326e+03	1.131877e+00	1.534197e-02	1.122876e+00	1.308033e-03
1.766722e+03	1.076544e+00	1.486677e-02	1.073431e+00	1.310249e-03
1.767118e+03	9.982908e-01	1.421572e-02	1.001642e+00	1.312469e-03
1.767514e+03	9.718862e-01	1.393208e-02	9.659939e-01	1.314690e-03
1.767910e+03	9.668553e-01	1.380898e-02	9.434751e-01	1.316914e-03
1.768306e+03	9.576067e-01	1.374643e-02	9.293245e-01	1.319141e-03
1.768702e+03	9.834009e-01	1.399508e-02	9.422032e-01	1.321370e-03
1.769098e+03	1.033243e+00	1.432264e-02	9.838104e-01	1.323601e-03
1.769494e+03	1.069749e+00	1.455800e-02	1.033155e+00	1.325835e-03
1.769890e+03	1.063255e+00	1.497088e-02	1.050473e+00	1.328071e-03
1.770286e+03	1.046886e+00	1.502019e-02	1.029678e+00	1.330310e-03
1.770682e+03	1.033089e+00	1.433302e-02	1.011650e+00	1.332551e-03
1.771078e+03	1.004321e+00	1.362993e-02	9.838798e-01	1.334794e-03
1.771474e+03	9.984623e-01	1.359443e-02	9.724971e-01	1.337040e-03
1.771870e+03	9.908124e-01	1.352476e-02	9.819760e-01	1.339289e-03
1.772266e+03	9.602688e-01	1.379642e-02	9.549553e-01	1.341539e-03
1.772662e+03	9.374341e-01	1.380323e-02	9.175688e-01	1.343793e-03
1.773058e+03	9.578329e-01	1.396910e-02	9.377913e-01	1.346048e-03
1.773454e+03	1.021442e+00	1.454677e-02	9.962605e-01	1.348307e-03
1.773850e+03	1.044188e+00	1.481566e-02	1.032936e+00	1.350567e-03
1.774246e+03	9.991456e-01	1.439189e-02	1.007882e+00	1.352830e-03
1.774642e+03	nan	nan	9.564452e-01	1.355096e-03
1.775038e+03	9.062181e-01	1.359081e-02	9.312301e-01	1.357364e-03
1.775434e+03	9.326254e-01	1.384552e-02	9.411623e-01	1.359634e-03
1.775830e+03	9.572080e-01	1.396017e-02	9.461496e-01	1.361907e-03
1.776226e+03	9.270738e-01	1.372339e-02	9.096274e-01	1.364182e-03
1.776622e+03	9.126925e-01	1.366972e-02	8.847600e-01	1.366460e-03
1.777018e+03	9.485542e-01	1.374089e-02	9.189725e-01	1.368740e-03
1.777414e+03	9.672540e-01	1.235384e-02	9.551735e-01	1.371023e-03
1.777810e+03	9.542696e-01	1.118661e-02	9.544634e-01	1.373308e-03
1.778206e+03	9.641395e-01	1.104034e-02	9.536090e-01	1.375595e-03
1.778602e+03	9.706168e-01	1.104112e-02	9.586559e-01	1.377885e-03
1.778998e+03	9.438283e-01	1.092786e-02	9.381012e-01	1.380177e-03
1.779394e+03	9.085648e-01	1.085724e-02	9.009225e-01	1.382472e-03
1.779790e+03	9.193822e-01	1.100282e-02	9.075603e-01	1.384770e-03
1.780186e+03	9.877267e-01	1.138611e-02	9.672101e-01	1.387069e-03
1.780582e+03	1.002464e+00	1.153423e-02	9.818855e-01	1.389372e-03
1.780978e+03	9.346326e-01	1.158437e-02	9.302425e-01	1.391676e-03
1.781374e+03	8.877480e-01	1.182075e-02	8.861508e-01	1.393983e-03
1.781770e+03	9.107307e-01	1.202946e-02	9.048562e-01	1.396293e-03
1.782166e+03	9.351505e-01	1.249074e-02	9.288193e-01	1.398605e-03
1.782562e+03	9.271333e-01	1.248970e-02	9.187356e-01	1.400919e-03
1.782958e+03	9.496575e-01	1.240662e-02	9.272803e-01	1.403236e-03
1.783354e+03	1.009442e+00	1.298175e-02	9.769652e-01	1.405555e-03
1.783750e+03	1.037192e+00	1.332752e-02	1.014374e+00	1.407877e-03
1.784146e+03	1.020407e+00	1.340289e-02	1.006902e+00	1.410202e-03
1.784542e+03	9.746724e-01	1.310479e-02	9.642809e-01	1.412528e-03
1.784938e+03	9.416717e-01	1.299118e-02	9.230043e-01	1.414857e-03
1.785334e+03	9.084946e-01	1.257408e-02	9.029960e-01	1.417189e-03
1.785730e+03	8.750718e-01	1.176934e-02	8.805369e-01	1.419523e-03
1.786126e+03	8.924182e-01	1.119418e-02	8.826667e-01	1.421860e-03
1.786522e+03	9.058986e-01	1.090402e-02	8.906508e-01	1.424199e-03
1.786918e+03	8.622421e-01	1.063930e-02	8.545295e-01	1.426540e-03
1.787314e+03	8.438293e-01	1.050185e-02	8.377250e-01	1.428884e-03
1.787710e+03	8.816229e-01	1.055551e-02	8.736665e-01	1.431230e-03
1.788106e+03	9.050834e-01	1.062802e-02	8.964722e-01	1.433579e-03
1.788502e+03	9.017626e-01	1.058567e-02	8.951482e-01	1.435931e-03
1.788898e+03	9.254728e-01	1.064733e-02	9.090911e-01	1.438284e-03
1.789294e+03	9.544952e-01	1.060124e-02	9.406430e-01	1.440641e-03
1.789690e+03	9.593469e-01	1.061969e-02	9.533685e-01	1.442999e-03
1.790086e+03	9.250839e-01	1.046149e-02	9.361931e-01	1.445360e-03
1.790482e+03	8.966856e-01	1.034585e-02	9.164291e-01	1.447724e-03
1.790878e+03	9.093729e-01	1.040185e-02	9.152041e-01	1.450090e-03
1.791274e+03	9.010268e-01	1.036552e-02	8.991069e-01	1.452459e-03
1.791670e+03	8.782481e-01	1.041817e-02	8.800863e-01	1.454830e-03
1.792066e+03	8.783839e-01	1.054933e-02	8.811091e-01	1.457203e-03
1.792462e+03	8.931117e-01	1.275383e-02	8.953951e-01	1.459579e-03
1.792858e+03	9.028537e-01	1.289395e-02	8.993604e-01	1.461957e-03
1.793254e+03	8.639383e-01	1.275324e-02	8.828915e-01	1.464338e-03
1.793650e+03	8.343519e-01	1.090403e-02	8.574616e-01	1.466721e-03
1.794046e+03	8.485165e-01	1.078777e-02	8.551954e-01	1.469107e-03
1.794442e+03	8.597060e-01	1.081314e-02	8.657498e-01	1.471496e-03
1.794838e+03	8.526727e-01	1.089289e-02	8.605739e-01	1.473886e-03
1.795234e+03	8.831027e-01	1.111872e-02	8.771606e-01	1.476279e-03
1.795630e+03	9.383154e-01	1.139954e-02	9.153610e-01	1.478675e-03
1.796026e+03	8.865030e-01	1.117857e-02	8.758521e-01	1.481073e-03
1.796422e+03	8.337725e-01	1.092601e-02	8.298956e-01	1.483474e-03
1.796818e+03	8.933354e-01	1.119271e-02	8.771492e-01	1.485877e-03
1.797214e+03	9.288545e-01	1.133855e-02	9.217519e-01	1.488282e-03
1.797610e+03	9.230985e-01	1.124117e-02	9.358268e-01	1.490690e-03
1.798006e+03	9.318420e-01	1.104882e-02	9.450340e-01	1.493101e-03
1.798402e+03	9.491934e-01	1.102325e-02	9.449994e-01	1.495514e-03
1.798798e+03	9.274294e-01	1.098794e-02	9.219787e-01	1.497929e-03
1.799194e+03	8.518203e-01	1.069232e-02	8.651406e-01	1.500347e-03
1.799590e+03	8.174503e-01	1.057271e-02	8.329407e-01	1.502767e-03
1.799986e+03	8.353677e-01	1.064680e-02	8.423326e-01	1.505190e-03
1.800382e+03	8.428707e-01	1.080593e-02	8.450700e-01	1.507616e-03
1.800778e+03	8.086557e-01	1.085469e-02	8.151985e-01	1.510043e-03
1.801174e+03	nan	nan	7.965878e-01	1.512474e-03
1.801570e+03	8.099468e-01	1.337973e-02	8.265641e-01	1.514906e-03
1.801966e+03	8.386850e-01	1.327429e-02	8.539674e-01	1.517342e-03
1.802362e+03	8.138597e-01	1.171436e-02	8.402481e-01	1.519779e-03
1.802758e+03	nan	nan	8.206019e-01	1.522219e-03
1.803154e+03	nan	nan	8.330356e-01	1.524662e-03
1.803550e+03	8.633373e-01	1.149865e-02	8.532362e-01	1.527107e-03
1.803946e+03	8.972303e-01	1.165326e-02	8.943868e-01	1.529555e-03
1.804342e+03	9.263524e-01	1.169927e-02	9.305496e-01	1.532005e-03
1.804738e+03	9.001337e-01	1.154579e-02	9.102068e-01	1.534457e-03
1.805134e+03	8.642767e-01	1.116222e-02	8.708314e-01	1.536912e-03
1.805530e+03	8.371923e-01	1.108339e-02	8.378863e-01	1.539370e-03
1.805926e+03	8.381288e-01	1.137480e-02	8.266039e-01	1.541830e-03
1.806322e+03	8.516496e-01	1.153365e-02	8.501365e-01	1.544292e-03
1.806718e+03	8.573909e-01	1.154798e-02	8.573044e-01	1.546757e-03
1.807114e+03	7.961014e-01	1.128270e-02	8.078634e-01	1.549224e-03
1.807510e+03	7.778835e-01	1.094839e-02	7.823295e-01	1.551694e-03
1.807906e+03	8.366841e-01	1.117906e-02	8.268054e-01	1.554167e-03
1.808302e+03	8.562875e-01	1.150518e-02	8.549593e-01	1.556642e-03
1.808698e+03	8.275808e-01	1.159729e-02	8.393281e-01	1.559119e-03
1.809094e+03	8.457952e-01	1.171494e-02	8.508206e-01	1.561599e-03
1.809490e+03	8.761735e-01	1.165864e-02	8.816547e-01	1.564081e-03
1.809886e+03	8.879666e-01	1.166820e-02	8.982941e-01	1.566566e-03
1.810282e+03	8.493544e-01	1.160469e-02	8.634088e-01	1.569053e-03
1.810678e+03	7.577514e-01	1.151834e-02	7.809484e-01	1.571543e-03
1.811074e+03	7.576060e-01	1.164388e-02	7.574813e-01	1.574035e-03
1.811470e+03	8.305141e-01	1.211260e-02	8.143978e-01	1.576530e-03
1.811866e+03	8.380667e-01	1.186199e-02	8.480552e-01	1.579027e-03
1.812262e+03	7.649022e-01	1.330070e-02	8.083702e-01	1.581527e-03
1.812658e+03	7.496266e-01	1.262069e-02	7.829333e-01	1.584029e-03
1.813054e+03	8.172016e-01	1.091384e-02	8.229868e-01	1.586533e-03
1.813450e+03	8.529268e-01	1.097703e-02	8.650764e-01	1.589040e-03
1.813846e+03	8.893673e-01	1.086184e-02	9.021971e-01	1.591550e-03
1.814242e+03	9.483460e-01	1.095383e-02	9.451078e-01	1.594062e-03
1.814638e+03	9.504223e-01	1.094301e-02	9.385153e-01	1.596577e-03
1.815034e+03	8.813100e-01	1.068560e-02	8.839847e-01	1.599094e-03
1.815430e+03	8.722947e-01	1.072250e-02	8.625807e-01	1.601613e-03
1.815826e+03	nan	nan	8.639475e-01	1.604135e-03
1.816222e+03	nan	nan	8.691069e-01	1.606660e-03
1.816618e+03	8.770161e-01	1.047078e-02	8.623862e-01	1.609187e-03
1.817014e+03	8.101428e-01	1.021907e-02	8.099180e-01	1.611716e-03
1.817410e+03	7.922658e-01	1.016560e-02	7.872975e-01	1.614248e-03
1.817806e+03	8.075807e-01	1.029988e-02	8.076440e-01	1.616783e-03
1.818202e+03	8.064683e-01	1.037761e-02	8.126796e-01	1.619320e-03
1.818598e+03	8.121416e-01	1.078137e-02	8.084716e-01	1.621859e-03
1.818994e+03	8.281881e-01	1.187826e-02	8.176411e-01	1.624401e-03
1.819390e+03	8.104732e-01	1.223443e-02	8.100584e-01	1.626946e-03
1.819786e+03	8.103396e-01	1.230951e-02	8.024738e-01	1.629493e-03
1.820182e+03	8.288474e-01	1.253713e-02	8.143942e-01	1.632042e-03
1.820578e+03	8.200732e-01	1.234465e-02	8.150094e-01	1.634594e-03
1.820974e+03	8.067246e-01	1.209254e-02	8.067240e-01	1.637148e-03
1.821370e+03	7.835867e-01	1.196287e-02	7.909441e-01	1.639705e-03
1.821766e+03	7.470240e-01	1.182687e-02	7.628404e-01	1.642265e-03
1.822162e+03	7.403163e-01	1.181704e-02	7.456785e-01	1.644826e-03
1.822558e+03	7.855382e-01	1.212326e-02	7.774879e-01	1.647391e-03
1.822954e+03	8.533589e-01	1.248001e-02	8.481876e-01	1.649958e-03
1.823350e+03	8.981817e-01	1.274523e-02	8.984686e-01	1.652527e-03
1.823746e+03	9.063077e-01	1.275914e-02	9.096514e-01	1.655099e-03
1.824142e+03	9.075432e-01	1.177096e-02	9.036839e-01	1.657673e-03
1.824538e+03	8.662324e-01	1.121465e-02	8.712167e-01	1.660250e-03
1.824934e+03	8.030163e-01	1.062897e-02	8.213999e-01	1.662829e-03
1.825330e+03	7.917945e-01	1.048129e-02	8.038476e-01	1.665411e-03
1.825726e+03	8.182512e-01	1.056214e-02	8.129299e-01	1.667995e-03
1.826122e+03	7.462016e-01	1.053379e-02	7.715051e-01	1.670582e-03
1.826518e+03	7.200445e-01	1.342383e-02	7.380823e-01	1.673172e-03
1.826914e+03	7.890555e-01	2.558300e-02	7.751378e-01	1.675763e-03
1.827310e+03	8.119104e-01	4.306038e-02	7.946231e-01	1.678358e-03
1.827706e+03	8.673122e-01	5.304931e-02	8.016058e-01	1.680954e-03
1.828102e+03	nan	nan	8.386273e-01	1.683554e-03
1.828498e+03	9.091722e-01	2.868666e-02	8.635730e-01	1.686155e-03
1.828894e+03	8.375368e-01	1.370685e-02	8.584050e-01	1.688760e-03
1.829290e+03	8.562559e-01	1.094149e-02	8.658280e-01	1.691366e-03
1.829686e+03	8.758011e-01	1.127199e-02	8.775290e-01	1.693976e-03
1.830082e+03	8.185463e-01	1.231186e-02	8.464658e-01	1.696587e-03
1.830478e+03	8.133318e-01	1.250897e-02	8.152223e-01	1.699202e-03
1.830874e+03	8.315514e-01	1.262486e-02	8.243607e-01	1.701818e-03
1.831270e+03	8.390754e-01	1.271214e-02	8.359811e-01	1.704438e-03
1.831666e+03	8.255550e-01	1.261461e-02	8.336216e-01	1.707059e-03
1.832062e+03	7.838442e-01	1.234680e-02	7.928290e-01	1.709684e-03
1.832458e+03	7.505721e-01	1.209599e-02	7.534083e-01	1.712310e-03
1.832854e+03	7.681441e-01	1.182000e-02	7.668090e-01	1.714940e-03
1.833250e+03	8.048005e-01	1.131563e-02	8.012271e-01	1.717571e-03
1.833646e+03	8.140947e-01	1.115580e-02	8.192531e-01	1.720206e-03
1.834042e+03	8.145039e-01	1.097840e-02	8.232709e-01	1.722842e-03
1.834438e+03	8.000666e-01	1.194745e-02	8.203048e-01	1.725481e-03
1.834834e+03	7.699839e-01	1.175853e-02	7.917365e-01	1.728123e-03
1.835230e+03	7.889741e-01	1.188929e-02	7.968853e-01	1.730767e-03
1.835626e+03	8.248460e-01	1.104325e-02	8.299670e-01	1.733414e-03
1.836022e+03	8.197656e-01	1.045312e-02	8.238356e-01	1.736063e-03
1.836418e+03	8.351923e-01	1.042532e-02	8.291173e-01	1.738715e-03
1.836814e+03	8.601032e-01	1.060029e-02	8.544348e-01	1.741369e-03
1.837210e+03	8.306414e-01	1.051520e-02	8.310666e-01	1.744026e-03
1.837606e+03	7.551057e-01	1.030478e-02	7.713409e-01	1.746685e-03
1.838002e+03	7.599672e-01	1.032300e-02	7.660681e-01	1.749347e-03
1.838398e+03	8.143240e-01	1.061155e-02	8.154903e-01	1.752011e-03
1.838794e+03	nan	nan	8.178564e-01	1.754678e-03
1.839190e+03	nan	nan	7.755165e-01	1.757347e-03
1.839586e+03	7.487506e-01	1.058629e-02	7.448287e-01	1.760019e-03
1.839982e+03	7.756724e-01	1.067240e-02	7.611512e-01	1.762693e-03
1.840378e+03	8.175076e-01	1.079903e-02	8.028540e-01	1.765370e-03
1.840774e+03	8.556245e-01	1.078417e-02	8.387415e-01	1.768049e-03
1.841170e+03	8.921856e-01	1.098387e-02	8.699530e-01	1.770731e-03
1.841566e+03	8.381671e-01	1.094077e-02	8.353079e-01	1.773415e-03
1.841962e+03	7.497504e-01	1.069754e-02	7.562468e-01	1.776102e-03
1.842358e+03	7.240985e-01	1.058813e-02	7.205108e-01	1.778791e-03
1.842754e+03	7.400829e-01	1.069178e-02	7.222048e-01	1.781483e-03
1.843150e+03	7.500166e-01	1.072767e-02	7.366488e-01	1.784177e-03
1.843546e+03	7.463077e-01	1.073612e-02	7.381524e-01	1.786874e-03
1.843942e+03	7.261366e-01	1.061982e-02	7.179576e-01	1.789573e-03
1.844338e+03	7.139418e-01	1.055122e-02	7.010647e-01	1.792275e-03
1.844734e+03	7.494206e-01	1.066338e-02	7.181216e-01	1.794979e-03
1.845130e+03	nan	nan	7.600488e-01	1.797686e-03
1.845526e+03	nan	nan	7.725512e-01	1.800395e-03
1.845922e+03	7.788403e-01	1.073642e-02	7.618154e-01	1.803107e-03
1.846318e+03	7.794380e-01	1.092992e-02	7.449201e-01	1.805821e-03
1.846714e+03	7.284241e-01	1.068858e-02	7.091440e-01	1.808538e-03
1.847110e+03	7.028349e-01	1.057139e-02	6.954446e-01	1.811257e-03
1.847506e+03	nan	nan	7.067348e-01	1.813979e-03
1.847902e+03	nan	nan	6.853996e-01	1.816703e-03
1.848298e+03	6.293484e-01	1.004734e-02	6.457091e-01	1.819430e-03
1.848694e+03	6.630959e-01	1.011808e-02	6.681523e-01	1.822159e-03
1.849090e+03	7.270723e-01	1.015780e-02	7.237223e-01	1.824891e-03
1.849486e+03	7.338932e-01	1.020623e-02	7.371886e-01	1.827625e-03
1.849882e+03	7.369553e-01	1.068621e-02	7.330928e-01	1.830362e-03
1.850278e+03	7.226991e-01	1.088925e-02	7.227768e-01	1.833101e-03
1.850674e+03	7.402805e-01	1.092718e-02	7.342937e-01	1.835843e-03
1.851070e+03	7.836396e-01	1.088371e-02	7.696404e-01	1.838587e-03
1.851466e+03	8.081760e-01	1.089313e-02	7.962575e-01	1.841334e-03
1.851862e+03	8.222003e-01	1.089179e-02	8.101977e-01	1.844083e-03
1.852258e+03	8.175911e-01	1.070636e-02	8.005299e-01	1.846835e-03
1.852654e+03	7.928568e-01	1.062020e-02	7.764561e-01	1.849589e-03
1.853050e+03	7.315116e-01	1.036931e-02	7.310329e-01	1.852346e-03
1.853446e+03	7.093174e-01	1.032127e-02	7.091971e-01	1.855106e-03
1.853842e+03	7.174003e-01	1.052627e-02	7.185657e-01	1.857867e-03
1.854238e+03	7.443366e-01	1.063093e-02	7.381128e-01	1.860632e-03
1.854634e+03	7.316102e-01	1.035975e-02	7.310409e-01	1.863399e-03
1.855030e+03	7.147501e-01	1.025275e-02	7.104469e-01	1.866168e-03
1.855426e+03	7.573519e-01	1.039478e-02	7.415307e-01	1.868940e-03
1.855822e+03	7.662957e-01	1.043086e-02	7.540066e-01	1.871714e-03
1.856218e+03	6.942608e-01	1.016922e-02	7.005917e-01	1.874491e-03
1.856614e+03	6.298440e-01	9.964622e-03	6.393022e-01	1.877270e-03
1.857010e+03	6.486055e-01	9.986174e-03	6.405463e-01	1.880052e-03
1.857406e+03	6.820979e-01	9.887424e-03	6.694021e-01	1.882837e-03
1.857802e+03	6.532611e-01	9.682126e-03	6.509245e-01	1.885624e-03
1.858198e+03	6.302719e-01	9.616706e-03	6.229097e-01	1.888413e-03
1.858594e+03	6.442155e-01	9.679749e-03	6.295836e-01	1.891205e-03
1.858990e+03	6.604078e-01	9.723545e-03	6.397048e-01	1.893999e-03
1.859386e+03	6.771865e-01	9.734855e-03	6.553071e-01	1.896796e-03
1.859782e+03	6.905954e-01	9.845274e-03	6.743387e-01	1.899596e-03
1.860178e+03	6.758591e-01	9.798837e-03	6.738062e-01	1.902397e-03
1.860574e+03	6.608504e-01	9.788113e-03	6.695492e-01	1.905202e-03
1.860970e+03	6.583216e-01	9.774740e-03	6.637804e-01	1.908009e-03
1.861366e+03	6.679304e-01	9.804107e-03	6.626039e-01	1.910818e-03
1.861762e+03	7.124227e-01	9.946763e-03	6.996470e-01	1.913630e-03
1.862158e+03	7.376589e-01	1.007489e-02	7.327743e-01	1.916445e-03
1.862554e+03	7.100947e-01	1.007680e-02	7.209083e-01	1.919262e-03
1.862950e+03	6.969116e-01	1.026436e-02	7.098696e-01	1.922081e-03
1.863346e+03	7.284354e-01	1.050815e-02	7.321815e-01	1.924903e-03
1.863742e+03	7.467321e-01	1.086313e-02	7.506388e-01	1.927728e-03
1.864138e+03	7.246481e-01	1.099856e-02	7.432715e-01	1.930555e-03
1.864534e+03	7.085873e-01	1.099670e-02	7.194421e-01	1.933384e-03
1.864930e+03	6.943622e-01	1.103305e-02	6.885706e-01	1.936216e-03
1.865326e+03	6.579651e-01	1.145781e-02	6.529208e-01	1.939051e-03
1.865722e+03	6.687194e-01	1.169957e-02	6.638704e-01	1.941888e-03
1.866118e+03	7.242281e-01	1.218703e-02	7.190974e-01	1.944727e-03
1.866514e+03	7.521464e-01	1.248434e-02	7.492645e-01	1.947569e-03
1.866910e+03	7.386142e-01	1.241128e-02	7.379501e-01	1.950414e-03
1.867306e+03	7.233361e-01	1.221110e-02	7.208401e-01	1.953261e-03
1.867702e+03	6.791792e-01	1.120080e-02	6.881980e-01	1.956110e-03
1.868098e+03	6.495010e-01	1.076691e-02	6.583839e-01	1.958962e-03
1.868494e+03	7.071473e-01	1.082350e-02	6.986756e-01	1.961817e-03
1.868890e+03	7.331131e-01	1.102613e-02	7.463178e-01	1.964674e-03
1.869286e+03	7.624746e-01	1.223793e-02	7.641803e-01	1.967533e-03
1.869682e+03	7.479621e-01	1.098342e-02	7.668742e-01	1.970396e-03
1.870078e+03	7.583204e-01	1.087611e-02	7.664011e-01	1.973260e-03
1.870474e+03	7.705912e-01	1.115123e-02	7.675565e-01	1.976127e-03
1.870870e+03	7.372202e-01	1.112713e-02	7.438032e-01	1.978997e-03
1.871266e+03	6.894955e-01	1.101516e-02	7.050228e-01	1.981869e-03
1.871662e+03	6.955398e-01	1.184629e-02	6.999539e-01	1.984743e-03
1.872058e+03	7.304224e-01	1.249648e-02	7.298722e-01	1.987621e-03
1.872454e+03	7.294937e-01	1.232603e-02	7.257137e-01	1.990500e-03
1.872850e+03	6.747376e-01	1.192243e-02	6.696305e-01	1.993382e-03
1.873246e+03	6.229935e-01	1.226977e-02	6.213190e-01	1.996267e-03
1.873642e+03	nan	nan	6.357619e-01	1.999154e-03
1.874038e+03	nan	nan	6.980799e-01	2.002044e-03
1.874434e+03	7.440806e-01	1.659410e-02	7.396266e-01	2.004936e-03
1.874830e+03	7.370294e-01	1.635358e-02	7.261868e-01	2.007830e-03
1.875226e+03	7.406366e-01	1.628463e-02	6.972369e-01	2.010728e-03
1.875622e+03	7.743252e-01	1.673036e-02	7.113645e-01	2.013627e-03
1.876018e+03	7.859243e-01	1.666636e-02	7.520269e-01	2.016529e-03
1.876414e+03	7.580945e-01	1.614495e-02	7.480514e-01	2.019434e-03
1.876810e+03	7.110901e-01	1.536264e-02	7.113264e-01	2.022341e-03
1.877206e+03	6.976706e-01	1.451463e-02	6.981425e-01	2.025251e-03
1.877602e+03	7.021685e-01	1.226177e-02	7.040843e-01	2.028163e-03
1.877998e+03	6.882996e-01	1.068358e-02	6.841978e-01	2.031078e-03
1.878394e+03	6.583191e-01	1.012071e-02	6.530615e-01	2.033995e-03
1.878790e+03	6.528246e-01	1.017371e-02	6.408284e-01	2.036915e-03
1.879186e+03	6.849753e-01	9.832887e-03	6.623682e-01	2.039837e-03
1.879582e+03	6.997135e-01	9.880099e-03	6.760314e-01	2.042762e-03
1.879978e+03	7.180567e-01	9.971270e-03	6.968581e-01	2.045689e-03
1.880374e+03	7.443772e-01	9.962985e-03	7.354335e-01	2.048619e-03
1.880770e+03	7.691625e-01	9.995235e-03	7.576126e-01	2.051551e-03
1.881166e+03	7.454038e-01	9.997072e-03	7.197677e-01	2.054486e-03
1.881562e+03	7.085656e-01	9.923422e-03	6.909971e-01	2.057423e-03
1.881958e+03	7.441344e-01	1.006611e-02	7.251950e-01	2.060363e-03
1.882354e+03	7.932495e-01	1.026332e-02	7.740351e-01	2.063305e-03
1.882750e+03	8.269674e-01	1.047047e-02	7.975610e-01	2.066250e-03
1.883146e+03	8.094468e-01	1.046634e-02	7.916660e-01	2.069197e-03
1.883542e+03	7.921197e-01	1.044933e-02	7.786667e-01	2.072147e-03
1.883938e+03	7.788558e-01	1.043561e-02	7.684817e-01	2.075099e-03
1.884334e+03	7.689681e-01	1.041046e-02	7.675696e-01	2.078054e-03
1.884730e+03	7.420383e-01	1.082270e-02	7.425790e-01	2.081011e-03
1.885126e+03	7.045679e-01	1.076191e-02	6.962324e-01	2.083971e-03
1.885522e+03	6.997619e-01	1.030941e-02	6.895793e-01	2.086933e-03
1.885918e+03	7.324505e-01	1.048183e-02	7.229019e-01	2.089898e-03
1.886314e+03	7.600947e-01	1.056994e-02	7.536067e-01	2.092865e-03
1.886710e+03	7.333556e-01	1.042859e-02	7.342767e-01	2.095835e-03
1.887106e+03	7.492747e-01	1.030942e-02	7.345632e-01	2.098807e-03
1.887502e+03	7.883838e-01	1.029158e-02	7.679423e-01	2.101782e-03
1.887898e+03	7.901737e-01	1.023823e-02	7.741799e-01	2.104759e-03
1.888294e+03	7.584565e-01	1.008505e-02	7.504626e-01	2.107739e-03
1.888690e+03	6.899971e-01	9.905183e-03	6.987092e-01	2.110721e-03
1.889086e+03	7.013549e-01	9.939486e-03	6.937251e-01	2.113706e-03
1.889482e+03	7.633770e-01	1.009877e-02	7.427691e-01	2.116693e-03
1.889878e+03	7.738335e-01	1.013393e-02	7.610638e-01	2.119683e-03
1.890274e+03	7.552905e-01	1.019799e-02	7.472320e-01	2.122675e-03
1.890670e+03	7.611178e-01	1.008545e-02	7.458428e-01	2.125670e-03
1.891066e+03	7.541561e-01	1.018607e-02	7.372287e-01	2.128668e-03
1.891462e+03	7.086365e-01	1.020159e-02	6.933458e-01	2.131667e-03
1.891858e+03	6.642093e-01	9.989301e-03	6.481525e-01	2.134670e-03
1.892254e+03	6.561031e-01	9.987189e-03	6.394893e-01	2.137675e-03
1.892650e+03	6.885621e-01	1.059977e-02	6.748047e-01	2.140682e-03
1.893046e+03	nan	nan	7.011706e-01	2.143692e-03
1.893442e+03	7.110103e-01	1.021480e-02	7.133068e-01	2.146704e-03
1.893838e+03	7.122318e-01	1.031971e-02	7.194843e-01	2.149719e-03
1.894234e+03	6.952615e-01	1.050304e-02	7.071429e-01	2.152736e-03
1.894630e+03	6.757990e-01	1.035697e-02	6.886759e-01	2.155756e-03
1.895026e+03	6.971643e-01	1.022469e-02	7.036945e-01	2.158778e-03
1.895422e+03	7.478093e-01	1.028347e-02	7.524898e-01	2.161803e-03
1.895818e+03	7.371215e-01	1.016512e-02	7.529602e-01	2.164830e-03
1.896214e+03	7.164556e-01	1.021686e-02	7.201819e-01	2.167860e-03
1.896610e+03	7.563273e-01	1.052734e-02	7.387916e-01	2.170893e-03
1.897006e+03	7.881063e-01	1.081777e-02	7.757315e-01	2.173927e-03
1.897402e+03	7.686449e-01	1.067202e-02	7.617321e-01	2.176965e-03
1.897798e+03	7.189370e-01	1.032594e-02	7.159307e-01	2.180005e-03
1.898194e+03	6.850818e-01	1.011764e-02	6.792457e-01	2.183047e-03
1.898590e+03	7.037264e-01	1.007428e-02	6.855557e-01	2.186092e-03
1.898986e+03	7.598229e-01	1.015952e-02	7.403484e-01	2.189139e-03
1.899382e+03	7.890182e-01	1.022670e-02	7.812615e-01	2.192189e-03
1.899778e+03	7.905114e-01	1.023325e-02	7.879234e-01	2.195241e-03
1.900174e+03	7.845426e-01	1.027522e-02	7.918359e-01	2.198296e-03
1.900570e+03	7.754529e-01	1.044190e-02	7.734453e-01	2.201353e-03
1.900966e+03	7.448934e-01	1.037817e-02	7.494996e-01	2.204413e-03
1.901362e+03	7.305896e-01	1.039131e-02	7.254996e-01	2.207475e-03
1.901758e+03	7.613708e-01	1.061168e-02	7.522279e-01	2.210540e-03
1.902154e+03	7.937775e-01	1.077530e-02	7.870865e-01	2.213607e-03
1.902550e+03	7.610445e-01	1.051685e-02	7.630858e-01	2.216677e-03
1.902946e+03	7.129215e-01	1.027298e-02	7.071923e-01	2.219749e-03
1.903342e+03	7.048208e-01	1.009017e-02	7.001410e-01	2.222824e-03
1.903738e+03	7.168631e-01	1.027395e-02	7.184559e-01	2.225901e-03
1.904134e+03	7.296792e-01	1.035501e-02	7.362734e-01	2.228981e-03
1.904530e+03	7.766225e-01	1.064381e-02	7.628157e-01	2.232063e-03
1.904926e+03	7.794449e-01	1.070165e-02	7.724902e-01	2.235148e-03
1.905322e+03	7.529479e-01	1.097629e-02	7.537153e-01	2.238236e-03
1.905718e+03	7.216684e-01	1.090046e-02	7.216052e-01	2.241325e-03
1.906114e+03	7.046637e-01	1.078001e-02	7.093531e-01	2.244417e-03
1.906510e+03	7.221453e-01	1.059910e-02	7.209145e-01	2.247512e-03
1.906906e+03	7.139541e-01	1.054305e-02	7.191720e-01	2.250609e-03
1.907302e+03	7.438735e-01	1.054756e-02	7.387536e-01	2.253709e-03
1.907698e+03	7.655983e-01	1.049117e-02	7.662828e-01	2.256811e-03
1.908094e+03	7.784868e-01	1.060520e-02	7.806102e-01	2.259916e-03
1.908490e+03	7.762569e-01	1.083334e-02	7.845122e-01	2.263023e-03
1.908886e+03	7.622025e-01	1.080464e-02	7.694320e-01	2.266133e-03
1.909282e+03	7.437939e-01	1.061117e-02	7.494578e-01	2.269245e-03
1.909678e+03	7.451029e-01	1.024872e-02	7.423572e-01	2.272360e-03
1.910074e+03	7.507328e-01	1.080104e-02	7.434482e-01	2.275477e-03
1.910470e+03	7.175651e-01	1.008060e-02	7.205641e-01	2.278597e-03
1.910866e+03	6.778437e-01	9.934761e-03	6.785473e-01	2.281719e-03
1.911262e+03	6.319735e-01	9.738898e-03	6.386360e-01	2.284844e-03
1.911658e+03	6.325990e-01	9.660668e-03	6.366424e-01	2.287971e-03
1.912054e+03	7.132044e-01	9.830424e-03	6.950185e-01	2.291100e-03
1.912450e+03	7.560568e-01	9.862994e-03	7.478698e-01	2.294232e-03
1.912846e+03	7.797349e-01	9.878897e-03	7.662555e-01	2.297367e-03
1.913242e+03	7.799560e-01	9.819331e-03	7.700350e-01	2.300504e-03
1.913638e+03	7.822555e-01	9.830723e-03	7.666423e-01	2.303644e-03
1.914034e+03	8.065773e-01	9.870288e-03	7.940069e-01	2.306786e-03
1.914430e+03	7.808787e-01	9.694618e-03	7.861317e-01	2.309930e-03
1.914826e+03	7.657679e-01	9.638562e-03	7.681101e-01	2.313077e-03
1.915222e+03	7.888268e-01	9.725937e-03	7.867823e-01	2.316227e-03
1.915618e+03	7.816953e-01	9.716763e-03	7.888566e-01	2.319379e-03
1.916014e+03	7.136264e-01	9.551995e-03	7.332282e-01	2.322534e-03
1.916410e+03	6.695030e-01	9.442527e-03	6.752253e-01	2.325691e-03
1.916806e+03	nan	nan	6.684462e-01	2.328850e-03
1.917202e+03	nan	nan	6.951571e-01	2.332012e-03
1.917598e+03	7.287271e-01	9.524417e-03	7.208498e-01	2.335176e-03
1.917994e+03	7.138138e-01	9.537376e-03	7.250145e-01	2.338343e-03
1.918390e+03	7.301634e-01	9.598518e-03	7.349743e-01	2.341513e-03
1.918786e+03	7.689674e-01	9.614908e-03	7.695510e-01	2.344685e-03
1.919182e+03	7.809563e-01	9.662547e-03	7.860091e-01	2.347859e-03
1.919578e+03	7.569619e-01	9.656640e-03	7.605977e-01	2.351036e-03
1.919974e+03	7.511479e-01	9.658692e-03	7.397485e-01	2.354216e-03
1.920370e+03	7.226835e-01	9.643236e-03	7.241497e-01	2.357397e-03
1.920766e+03	6.738339e-01	9.626254e-03	6.820154e-01	2.360582e-03
1.921162e+03	6.935140e-01	9.644090e-03	6.966545e-01	2.363769e-03
1.921558e+03	7.397894e-01	9.755850e-03	7.378179e-01	2.366958e-03
1.921954e+03	7.326767e-01	9.775636e-03	7.413206e-01	2.370150e-03
1.922350e+03	7.242424e-01	1.012478e-02	7.468251e-01	2.373344e-03
1.922746e+03	nan	nan	7.533550e-01	2.376541e-03
1.923142e+03	nan	nan	7.519609e-01	2.379740e-03
1.923538e+03	6.975467e-01	1.527323e-02	7.320293e-01	2.382942e-03
1.923934e+03	7.074092e-01	1.014778e-02	7.007785e-01	2.386146e-03
1.924330e+03	nan	nan	6.990423e-01	2.389353e-03
1.924726e+03	nan	nan	7.241237e-01	2.392562e-03
1.925122e+03	7.419519e-01	1.044885e-02	7.520018e-01	2.395773e-03
1.925518e+03	7.401095e-01	1.043916e-02	7.532461e-01	2.398988e-03
1.925914e+03	7.200916e-01	1.035417e-02	7.358182e-01	2.402204e-03
1.926310e+03	7.426173e-01	1.572230e-02	7.111812e-01	2.405423e-03
1.926706e+03	6.680938e-01	1.016789e-02	6.796588e-01	2.408645e-03
1.927102e+03	6.735753e-01	1.012841e-02	6.885986e-01	2.411869e-03
1.927498e+03	7.443296e-01	1.056693e-02	7.423173e-01	2.415095e-03
1.927894e+03	7.945957e-01	8.710286e-03	7.828250e-01	2.418324e-03
1.928290e+03	7.790577e-01	8.433431e-03	7.806830e-01	2.421556e-03
1.928686e+03	7.489055e-01	8.591749e-03	7.500237e-01	2.424790e-03
1.929082e+03	7.468194e-01	8.149050e-03	7.316928e-01	2.428026e-03
1.929478e+03	7.342929e-01	8.001659e-03	7.211723e-01	2.431265e-03
1.929874e+03	7.243118e-01	8.146258e-03	7.111432e-01	2.434507e-03
1.930270e+03	6.735589e-01	8.471915e-03	6.868649e-01	2.437751e-03
1.930666e+03	6.757554e-01	8.523881e-03	6.565169e-01	2.440997e-03
1.931062e+03	nan	nan	6.254793e-01	2.444246e-03
1.931458e+03	nan	nan	6.163048e-01	2.447497e-03
1.931854e+03	nan	nan	6.535605e-01	2.450751e-03
1.932250e+03	7.198912e-01	7.844148e-03	7.067431e-01	2.454007e-03
1.932646e+03	7.338132e-01	7.839295e-03	7.384834e-01	2.457266e-03
1.933042e+03	7.467567e-01	7.874620e-03	7.458217e-01	2.460527e-03
1.933438e+03	7.277872e-01	7.720020e-03	7.312742e-01	2.463791e-03
1.933834e+03	7.019362e-01	7.593056e-03	7.105944e-01	2.467057e-03
1.934230e+03	7.337648e-01	7.706655e-03	7.227323e-01	2.470325e-03
1.934626e+03	7.612331e-01	7.723735e-03	7.514315e-01	2.473596e-03
1.935022e+03	7.716938e-01	7.856484e-03	7.634533e-01	2.476870e-03
1.935418e+03	7.659475e-01	7.941479e-03	7.578611e-01	2.480146e-03
1.935814e+03	7.622781e-01	8.036948e-03	7.517955e-01	2.483425e-03
1.936210e+03	7.398093e-01	8.946247e-03	7.487808e-01	2.486705e-03
1.936606e+03	7.442073e-01	9.195354e-03	7.455652e-01	2.489989e-03
1.937002e+03	7.676925e-01	8.217812e-03	7.560767e-01	2.493275e-03
1.937398e+03	7.752633e-01	8.203392e-03	7.596257e-01	2.496563e-03
1.937794e+03	7.529367e-01	8.035726e-03	7.453425e-01	2.499854e-03
1.938190e+03	7.087272e-01	7.909807e-03	7.093382e-01	2.503147e-03
1.938586e+03	6.690851e-01	7.902574e-03	6.759708e-01	2.506443e-03
1.938982e+03	6.668397e-01	7.800677e-03	6.676988e-01	2.509741e-03
1.939378e+03	6.766237e-01	7.629008e-03	6.732822e-01	2.513042e-03
1.939774e+03	7.058782e-01	7.959399e-03	6.830938e-01	2.516345e-03
1.940170e+03	7.142384e-01	8.101751e-03	6.942118e-01	2.519651e-03
1.940566e+03	7.178107e-01	8.258919e-03	6.932624e-01	2.522959e-03
1.940962e+03	7.176955e-01	8.121535e-03	6.995200e-01	2.526270e-03
1.941358e+03	7.550615e-01	8.195326e-03	7.283198e-01	2.529583e-03
1.941754e+03	7.705733e-01	8.298023e-03	7.499154e-01	2.532898e-03
1.942150e+03	7.572456e-01	8.268143e-03	7.538104e-01	2.536216e-03
1.942546e+03	7.503033e-01	8.205653e-03	7.533474e-01	2.539536e-03
1.942942e+03	7.277432e-01	8.114482e-03	7.287953e-01	2.542859e-03
1.943338e+03	6.748794e-01	8.192510e-03	6.898120e-01	2.546185e-03
1.943734e+03	6.966484e-01	8.714051e-03	6.969164e-01	2.549513e-03
1.944130e+03	7.365249e-01	9.183945e-03	7.200220e-01	2.552843e-03
1.944526e+03	7.023821e-01	9.468835e-03	6.952562e-01	2.556176e-03
1.944922e+03	6.649371e-01	9.176359e-03	6.568245e-01	2.559511e-03
1.945318e+03	6.539438e-01	9.202196e-03	6.329148e-01	2.562848e-03
1.945714e+03	5.988805e-01	8.724772e-03	6.018022e-01	2.566189e-03
1.946110e+03	6.190275e-01	8.851053e-03	6.204966e-01	2.569531e-03
1.946506e+03	7.088500e-01	9.709486e-03	6.911353e-01	2.572876e-03
1.946902e+03	7.420511e-01	9.940574e-03	7.356253e-01	2.576224e-03
1.947298e+03	7.380232e-01	9.567072e-03	7.371714e-01	2.579574e-03
1.947694e+03	7.101310e-01	9.086368e-03	7.135946e-01	2.582926e-03
1.948090e+03	nan	nan	6.800250e-01	2.586281e-03
1.948486e+03	6.708903e-01	8.630495e-03	6.676643e-01	2.589638e-03
1.948882e+03	7.013522e-01	8.856248e-03	6.810336e-01	2.592998e-03
1.949278e+03	6.839375e-01	8.350284e-03	6.905072e-01	2.596360e-03
1.949674e+03	7.325128e-01	8.713622e-03	7.155404e-01	2.599725e-03
1.950070e+03	7.249560e-01	8.504526e-03	7.180999e-01	2.603092e-03
1.950466e+03	6.842915e-01	8.214693e-03	6.839856e-01	2.606462e-03
1.950862e+03	6.571281e-01	9.856194e-03	6.596848e-01	2.609834e-03
1.951258e+03	6.659891e-01	1.626097e-02	6.625687e-01	2.613208e-03
1.951654e+03	7.047426e-01	2.513930e-02	6.875693e-01	2.616585e-03
1.952050e+03	7.454531e-01	2.940801e-02	7.097142e-01	2.619965e-03
1.952446e+03	7.256256e-01	2.509909e-02	7.064374e-01	2.623346e-03
1.952842e+03	6.878687e-01	1.609149e-02	6.836922e-01	2.626731e-03
1.953238e+03	6.879070e-01	9.490919e-03	6.809962e-01	2.630117e-03
1.953634e+03	7.495830e-01	7.834239e-03	7.194958e-01	2.633507e-03
1.954030e+03	7.602433e-01	7.442224e-03	7.475233e-01	2.636898e-03
1.954426e+03	7.546605e-01	7.431966e-03	7.460557e-01	2.640292e-03
1.954822e+03	7.453325e-01	7.452224e-03	7.414467e-01	2.643689e-03
1.955218e+03	7.099244e-01	7.490733e-03	7.097758e-01	2.647088e-03
1.955614e+03	6.707749e-01	7.399824e-03	6.709689e-01	2.650489e-03
1.956010e+03	6.741045e-01	7.355262e-03	6.622944e-01	2.653893e-03
1.956406e+03	6.729588e-01	7.341709e-03	6.683500e-01	2.657300e-03
1.956802e+03	7.070095e-01	7.454539e-03	6.999344e-01	2.660709e-03
1.957198e+03	7.471977e-01	7.647304e-03	7.410145e-01	2.664120e-03
1.957594e+03	7.733715e-01	7.813002e-03	7.615042e-01	2.667533e-03
1.957990e+03	7.466616e-01	7.747679e-03	7.478547e-01	2.670950e-03
1.958386e+03	7.499576e-01	7.999195e-03	7.449418e-01	2.674368e-03
1.958782e+03	7.951178e-01	8.288447e-03	7.787620e-01	2.677789e-03
1.959178e+03	7.928084e-01	8.303393e-03	7.800244e-01	2.681213e-03
1.959574e+03	7.536584e-01	9.574879e-03	7.448098e-01	2.684639e-03
1.959970e+03	7.186992e-01	9.540419e-03	7.129813e-01	2.688067e-03
1.960366e+03	6.962796e-01	9.680474e-03	6.868763e-01	2.691498e-03
1.960762e+03	6.683403e-01	1.004402e-02	6.663798e-01	2.694931e-03
1.961158e+03	6.665812e-01	8.669406e-03	6.707507e-01	2.698367e-03
1.961554e+03	6.930933e-01	8.450968e-03	6.937126e-01	2.701805e-03
1.961950e+03	7.139693e-01	8.560205e-03	7.154976e-01	2.705245e-03
1.962346e+03	7.279141e-01	8.699076e-03	7.375616e-01	2.708688e-03
1.962742e+03	7.486265e-01	8.898514e-03	7.526122e-01	2.712134e-03
1.963138e+03	7.385830e-01	8.835312e-03	7.392703e-01	2.715581e-03
1.963534e+03	6.978309e-01	8.655444e-03	7.008620e-01	2.719032e-03
1.963930e+03	6.936293e-01	8.635281e-03	6.978712e-01	2.722484e-03
1.964326e+03	7.283137e-01	8.944582e-03	7.211955e-01	2.725940e-03
1.964722e+03	7.046926e-01	9.131004e-03	7.089598e-01	2.729397e-03
1.965118e+03	6.980954e-01	9.641144e-03	7.008359e-01	2.732857e-03
1.965514e+03	7.186111e-01	9.064884e-03	7.095200e-01	2.736320e-03
1.965910e+03	7.221287e-01	9.229714e-03	7.108603e-01	2.739785e-03
1.966306e+03	7.280649e-01	9.230343e-03	7.181218e-01	2.743252e-03
1.966702e+03	7.345101e-01	9.271493e-03	7.217549e-01	2.746722e-03
1.967098e+03	7.135357e-01	8.803025e-03	7.077853e-01	2.750194e-03
1.967494e+03	6.921740e-01	8.734390e-03	6.861385e-01	2.753669e-03
1.967890e+03	6.678273e-01	8.449549e-03	6.667570e-01	2.757146e-03
1.968286e+03	6.952408e-01	8.298682e-03	6.825449e-01	2.760625e-03
1.968682e+03	7.304330e-01	8.219876e-03	7.098128e-01	2.764107e-03
1.969078e+03	7.339968e-01	8.493606e-03	7.209287e-01	2.767591e-03
1.969474e+03	nan	nan	7.416746e-01	2.771078e-03
1.969870e+03	nan	nan	7.650721e-01	2.774567e-03
1.970266e+03	nan	nan	7.740280e-01	2.778059e-03
1.970662e+03	7.304365e-01	8.745333e-03	7.344798e-01	2.781553e-03
1.971058e+03	6.721747e-01	7.828089e-03	6.831228e-01	2.785050e-03
1.971454e+03	6.967533e-01	7.930076e-03	6.834477e-01	2.788549e-03
1.971850e+03	6.988305e-01	7.600678e-03	6.981291e-01	2.792050e-03
1.972246e+03	7.221956e-01	7.583772e-03	7.153804e-01	2.795554e-03
1.972642e+03	7.425189e-01	7.719396e-03	7.261972e-01	2.799060e-03
1.973038e+03	6.914049e-01	7.544647e-03	6.962068e-01	2.802568e-03
1.973434e+03	6.899289e-01	7.719640e-03	6.782592e-01	2.806079e-03
1.973830e+03	6.950077e-01	7.749137e-03	6.834683e-01	2.809593e-03
1.974226e+03	7.001403e-01	7.770262e-03	6.890318e-01	2.813109e-03
1.974622e+03	7.365498e-01	8.125917e-03	7.085887e-01	2.816627e-03
1.975018e+03	7.332179e-01	8.070017e-03	7.118387e-01	2.820148e-03
1.975414e+03	6.774063e-01	8.035200e-03	6.707809e-01	2.823671e-03
1.975810e+03	6.070865e-01	7.668819e-03	6.146315e-01	2.827196e-03
1.976206e+03	6.070475e-01	7.664138e-03	6.064306e-01	2.830724e-03
1.976602e+03	6.613181e-01	7.782195e-03	6.482186e-01	2.834255e-03
1.976998e+03	7.047117e-01	7.655435e-03	6.860785e-01	2.837788e-03
1.977394e+03	6.981347e-01	7.520960e-03	6.757541e-01	2.841323e-03
1.977790e+03	6.272625e-01	7.190015e-03	6.223445e-01	2.844861e-03
1.978186e+03	5.746980e-01	6.979221e-03	5.795386e-01	2.848401e-03
1.978582e+03	6.260109e-01	7.359777e-03	6.095532e-01	2.851943e-03
1.978978e+03	7.034469e-01	7.772129e-03	6.751451e-01	2.855488e-03
1.979374e+03	7.173869e-01	7.743119e-03	6.962335e-01	2.859035e-03
1.979770e+03	nan	nan	6.758887e-01	2.862585e-03
1.980166e+03	nan	nan	6.467201e-01	2.866137e-03
1.980562e+03	6.348842e-01	7.395053e-03	6.323564e-01	2.869692e-03
1.980958e+03	6.648115e-01	7.462323e-03	6.514652e-01	2.873249e-03
1.981354e+03	6.875482e-01	7.263840e-03	6.765153e-01	2.876808e-03
1.981750e+03	6.946522e-01	7.044607e-03	6.850261e-01	2.880370e-03
1.982146e+03	6.869232e-01	7.012147e-03	6.755657e-01	2.883934e-03
1.982542e+03	6.579696e-01	6.894734e-03	6.494176e-01	2.887500e-03
1.982938e+03	6.536602e-01	6.864578e-03	6.515090e-01	2.891069e-03
1.983334e+03	6.970751e-01	7.016745e-03	6.864598e-01	2.894641e-03
1.983730e+03	6.933485e-01	7.062923e-03	6.860589e-01	2.898215e-03
1.984126e+03	6.811506e-01	7.103964e-03	6.690581e-01	2.901791e-03
1.984522e+03	6.897212e-01	7.028463e-03	6.734779e-01	2.905369e-03
1.984918e+03	6.824356e-01	6.997562e-03	6.753534e-01	2.908950e-03
1.985314e+03	6.771028e-01	6.986305e-03	6.752680e-01	2.912534e-03
1.985710e+03	6.694674e-01	7.035815e-03	6.691210e-01	2.916120e-03
1.986106e+03	6.641824e-01	6.994855e-03	6.535059e-01	2.919708e-03
1.986502e+03	6.438194e-01	6.908092e-03	6.374644e-01	2.923298e-03
1.986898e+03	6.306678e-01	6.868614e-03	6.371902e-01	2.926891e-03
1.987294e+03	6.591571e-01	7.023427e-03	6.559924e-01	2.930487e-03
1.987690e+03	6.668089e-01	7.077107e-03	6.662967e-01	2.934085e-03
1.988086e+03	6.629748e-01	7.099455e-03	6.657399e-01	2.937685e-03
1.988482e+03	6.826487e-01	7.096079e-03	6.803419e-01	2.941287e-03
1.988878e+03	7.084724e-01	7.227806e-03	6.928209e-01	2.944892e-03
1.989274e+03	6.776640e-01	7.081316e-03	6.732155e-01	2.948500e-03
1.989670e+03	6.592453e-01	6.945062e-03	6.539901e-01	2.952110e-03
1.990066e+03	6.461971e-01	6.881684e-03	6.421789e-01	2.955722e-03
1.990462e+03	6.271681e-01	6.797692e-03	6.301104e-01	2.959336e-03
1.990858e+03	6.286885e-01	6.715258e-03	6.337354e-01	2.962953e-03
1.991254e+03	6.616977e-01	6.778784e-03	6.543903e-01	2.966573e-03
1.991650e+03	6.592919e-01	6.813110e-03	6.547860e-01	2.970195e-03
1.992046e+03	6.414604e-01	6.853597e-03	6.458412e-01	2.973819e-03
1.992442e+03	6.586472e-01	6.898029e-03	6.618970e-01	2.977445e-03
1.992838e+03	6.820395e-01	6.909808e-03	6.815192e-01	2.981074e-03
1.993234e+03	6.957548e-01	7.510354e-03	6.838219e-01	2.984706e-03
1.993630e+03	7.099456e-01	7.027499e-03	6.923146e-01	2.988339e-03
1.994026e+03	6.953211e-01	6.958175e-03	6.935422e-01	2.991975e-03
1.994422e+03	6.839777e-01	6.952388e-03	6.817544e-01	2.995614e-03
1.994818e+03	6.749290e-01	7.021654e-03	6.732585e-01	2.999255e-03
1.995214e+03	6.583926e-01	7.095204e-03	6.591884e-01	3.002898e-03
1.995610e+03	6.638643e-01	7.107172e-03	6.591969e-01	3.006544e-03
1.996006e+03	6.978737e-01	7.220596e-03	6.881026e-01	3.010192e-03
1.996402e+03	7.127557e-01	7.359833e-03	7.075246e-01	3.013842e-03
1.996798e+03	7.116815e-01	7.423799e-03	7.041577e-01	3.017495e-03
1.997194e+03	6.644245e-01	7.266559e-03	6.640782e-01	3.021150e-03
1.997590e+03	6.140153e-01	7.045791e-03	6.148046e-01	3.024808e-03
1.997986e+03	6.472615e-01	7.078879e-03	6.272731e-01	3.028468e-03
1.998382e+03	6.750104e-01	7.052045e-03	6.718583e-01	3.032130e-03
1.998778e+03	6.942895e-01	7.132789e-03	6.939513e-01	3.035795e-03
1.999174e+03	6.920385e-01	7.082405e-03	6.915150e-01	3.039462e-03
1.999570e+03	6.663190e-01	7.014067e-03	6.646885e-01	3.043131e-03
1.999966e+03	6.387085e-01	6.893512e-03	6.421997e-01	3.046803e-03
2.000362e+03	6.506777e-01	6.993205e-03	6.512764e-01	3.050477e-03
2.000758e+03	nan	nan	6.623595e-01	3.054154e-03
2.001154e+03	6.451174e-01	8.544734e-03	6.634645e-01	3.057833e-03
2.001550e+03	6.764887e-01	7.140155e-03	6.720161e-01	3.061514e-03
2.001946e+03	6.597899e-01	7.117982e-03	6.577792e-01	3.065198e-03
2.002342e+03	6.274321e-01	6.968572e-03	6.321374e-01	3.068884e-03
2.002738e+03	6.561032e-01	7.017536e-03	6.488576e-01	3.072573e-03
2.003134e+03	6.917610e-01	7.158423e-03	6.830156e-01	3.076263e-03
2.003530e+03	6.883935e-01	7.196068e-03	6.890062e-01	3.079957e-03
2.003926e+03	6.846026e-01	7.184101e-03	6.823460e-01	3.083652e-03
2.004322e+03	6.813360e-01	7.295225e-03	6.782399e-01	3.087350e-03
2.004718e+03	6.804608e-01	7.573523e-03	6.762300e-01	3.091050e-03
2.005114e+03	6.598446e-01	7.363528e-03	6.704791e-01	3.094753e-03
2.005510e+03	6.578002e-01	7.274504e-03	6.655082e-01	3.098458e-03
2.005906e+03	6.574259e-01	7.399061e-03	6.604348e-01	3.102166e-03
2.006302e+03	6.492165e-01	7.200581e-03	6.502759e-01	3.105875e-03
2.006698e+03	6.474532e-01	7.083849e-03	6.436398e-01	3.109588e-03
2.007094e+03	6.586747e-01	7.182923e-03	6.466150e-01	3.113302e-03
2.007490e+03	6.915790e-01	7.422234e-03	6.702654e-01	3.117019e-03
2.007886e+03	7.095219e-01	7.424639e-03	6.878861e-01	3.120738e-03
2.008282e+03	6.672440e-01	7.371024e-03	6.578135e-01	3.124460e-03
2.008678e+03	6.191231e-01	7.326299e-03	6.122146e-01	3.128184e-03
2.009074e+03	6.152013e-01	7.285149e-03	6.124419e-01	3.131910e-03
2.009470e+03	6.419960e-01	7.362251e-03	6.419711e-01	3.135639e-03
2.009866e+03	nan	nan	6.626400e-01	3.139370e-03
2.010262e+03	nan	nan	6.654713e-01	3.143103e-03
2.010658e+03	6.532527e-01	7.646392e-03	6.503249e-01	3.146839e-03
2.011054e+03	6.436512e-01	7.591192e-03	6.365108e-01	3.150577e-03
2.011450e+03	6.413207e-01	7.530221e-03	6.353026e-01	3.154317e-03
2.011846e+03	6.550654e-01	7.461425e-03	6.478746e-01	3.158060e-03
2.012242e+03	6.657080e-01	7.637964e-03	6.589620e-01	3.161805e-03
2.012638e+03	6.644410e-01	7.830846e-03	6.601761e-01	3.165553e-03
2.013034e+03	6.616945e-01	7.447170e-03	6.633302e-01	3.169303e-03
2.013430e+03	6.382947e-01	7.264467e-03	6.520065e-01	3.173055e-03
2.013826e+03	6.428750e-01	7.327110e-03	6.415880e-01	3.176809e-03
2.014222e+03	6.819903e-01	7.383996e-03	6.675596e-01	3.180566e-03
2.014618e+03	nan	nan	6.979753e-01	3.184326e-03
2.015014e+03	nan	nan	6.975142e-01	3.188087e-03
2.015410e+03	6.670053e-01	7.143120e-03	6.703642e-01	3.191851e-03
2.015806e+03	6.696853e-01	7.093594e-03	6.571080e-01	3.195617e-03
2.016202e+03	6.530067e-01	6.966100e-03	6.440822e-01	3.199386e-03
2.016598e+03	6.331245e-01	6.946362e-03	6.285302e-01	3.203157e-03
2.016994e+03	6.270743e-01	6.893498e-03	6.243646e-01	3.206930e-03
2.017390e+03	6.570143e-01	6.898097e-03	6.441488e-01	3.210706e-03
2.017786e+03	6.973903e-01	7.050062e-03	6.714755e-01	3.214484e-03
2.018182e+03	6.822470e-01	6.965837e-03	6.727198e-01	3.218264e-03
2.018578e+03	6.664970e-01	6.936653e-03	6.608654e-01	3.222047e-03
2.018974e+03	6.554296e-01	6.876849e-03	6.494558e-01	3.225832e-03
2.019370e+03	6.264620e-01	6.824238e-03	6.263254e-01	3.229620e-03
2.019766e+03	6.051209e-01	6.754656e-03	6.002347e-01	3.233409e-03
2.020162e+03	5.999439e-01	6.715831e-03	5.941373e-01	3.237201e-03
2.020558e+03	nan	nan	6.112292e-01	3.240996e-03
2.020954e+03	6.874672e-01	6.860243e-03	6.650978e-01	3.244792e-03
2.021350e+03	7.224285e-01	6.912093e-03	7.006242e-01	3.248592e-03
2.021746e+03	7.185294e-01	7.078136e-03	6.881213e-01	3.252393e-03
2.022142e+03	6.872150e-01	7.048842e-03	6.690781e-01	3.256197e-03
2.022538e+03	6.779446e-01	7.048291e-03	6.620250e-01	3.260003e-03
2.022934e+03	6.681109e-01	6.870540e-03	6.587943e-01	3.263811e-03
2.023330e+03	6.587641e-01	6.726307e-03	6.525484e-01	3.267622e-03
2.023726e+03	6.823577e-01	6.755469e-03	6.617492e-01	3.271435e-03
2.024122e+03	7.060980e-01	6.781789e-03	6.856460e-01	3.275250e-03
2.024518e+03	6.968723e-01	6.778841e-03	6.868268e-01	3.279068e-03
2.024914e+03	6.862687e-01	6.739253e-03	6.797897e-01	3.282888e-03
2.025310e+03	6.602602e-01	6.668198e-03	6.592236e-01	3.286710e-03
2.025706e+03	6.257186e-01	6.601883e-03	6.258744e-01	3.290535e-03
2.026102e+03	6.219431e-01	6.562358e-03	6.213176e-01	3.294362e-03
2.026498e+03	6.283077e-01	6.605231e-03	6.392589e-01	3.298191e-03
2.026894e+03	6.169843e-01	6.591051e-03	6.403680e-01	3.302023e-03
2.027290e+03	6.294084e-01	6.673026e-03	6.379265e-01	3.305857e-03
2.027686e+03	6.510248e-01	6.781972e-03	6.387458e-01	3.309693e-03
2.028082e+03	6.682438e-01	6.795047e-03	6.502308e-01	3.313532e-03
2.028478e+03	6.816039e-01	6.838789e-03	6.614970e-01	3.317373e-03
2.028874e+03	6.207307e-01	6.695944e-03	6.247017e-01	3.321216e-03
2.029270e+03	5.852722e-01	6.753076e-03	5.925824e-01	3.325061e-03
2.029666e+03	6.339315e-01	7.051912e-03	6.241555e-01	3.328909e-03
2.030062e+03	6.601588e-01	7.130935e-03	6.562240e-01	3.332760e-03
2.030458e+03	6.468030e-01	7.079481e-03	6.459100e-01	3.336612e-03
2.030854e+03	6.226619e-01	6.886539e-03	6.287848e-01	3.340467e-03
2.031250e+03	6.399663e-01	6.794074e-03	6.449281e-01	3.344324e-03
2.031646e+03	6.938297e-01	6.900176e-03	6.884756e-01	3.348183e-03
2.032042e+03	7.164334e-01	6.957507e-03	7.088614e-01	3.352045e-03
2.032438e+03	7.021136e-01	7.085265e-03	6.948178e-01	3.355909e-03
2.032834e+03	6.746658e-01	7.027431e-03	6.730447e-01	3.359776e-03
2.033230e+03	6.627449e-01	6.828235e-03	6.634389e-01	3.363644e-03
2.033626e+03	6.528493e-01	6.819971e-03	6.581248e-01	3.367515e-03
2.034022e+03	6.461874e-01	6.849392e-03	6.572093e-01	3.371389e-03
2.034418e+03	6.574593e-01	6.938724e-03	6.600572e-01	3.375264e-03
2.034814e+03	6.540116e-01	6.873298e-03	6.527420e-01	3.379142e-03
2.035210e+03	6.374470e-01	6.770400e-03	6.320647e-01	3.383022e-03
2.035606e+03	6.033897e-01	6.670116e-03	6.028744e-01	3.386905e-03
2.036002e+03	6.115847e-01	6.769358e-03	6.065532e-01	3.390790e-03
2.036398e+03	6.699587e-01	6.946624e-03	6.536910e-01	3.394677e-03
2.036794e+03	6.946578e-01	8.937349e-03	6.951712e-01	3.398566e-03
2.037190e+03	6.717369e-01	8.947585e-03	6.890978e-01	3.402458e-03
2.037586e+03	6.949206e-01	7.149528e-03	6.824836e-01	3.406352e-03
2.037982e+03	6.970292e-01	7.129334e-03	6.898057e-01	3.410248e-03
2.038378e+03	6.590669e-01	7.013295e-03	6.714821e-01	3.414147e-03
2.038774e+03	6.445553e-01	7.012951e-03	6.541249e-01	3.418048e-03
2.039170e+03	6.374291e-01	6.982579e-03	6.451487e-01	3.421951e-03
2.039566e+03	6.332064e-01	7.005622e-03	6.337405e-01	3.425856e-03
2.039962e+03	6.404967e-01	6.998684e-03	6.364324e-01	3.429764e-03
2.040358e+03	6.343037e-01	7.023715e-03	6.341383e-01	3.433674e-03
2.040754e+03	6.334379e-01	6.974375e-03	6.251330e-01	3.437587e-03
2.041150e+03	6.254076e-01	6.944044e-03	6.259326e-01	3.441501e-03
2.041546e+03	6.530276e-01	7.033057e-03	6.417245e-01	3.445418e-03
2.041942e+03	6.745377e-01	7.137743e-03	6.616237e-01	3.449337e-03
2.042338e+03	6.728797e-01	7.197454e-03	6.701386e-01	3.453259e-03
2.042734e+03	7.057541e-01	7.362239e-03	6.982065e-01	3.457183e-03
2.043130e+03	7.136027e-01	7.351632e-03	7.092783e-01	3.461109e-03
2.043526e+03	6.649267e-01	7.204174e-03	6.679059e-01	3.465037e-03
2.043922e+03	6.339715e-01	7.114093e-03	6.286935e-01	3.468968e-03
2.044318e+03	6.178335e-01	6.995049e-03	6.170837e-01	3.472901e-03
2.044714e+03	6.079025e-01	7.023826e-03	6.158878e-01	3.476836e-03
2.045110e+03	6.200450e-01	7.082566e-03	6.227153e-01	3.480773e-03
2.045506e+03	6.317174e-01	7.241365e-03	6.316718e-01	3.484713e-03
2.045902e+03	6.335962e-01	7.353010e-03	6.354992e-01	3.488655e-03
2.046298e+03	6.563794e-01	7.329317e-03	6.553118e-01	3.492600e-03
2.046694e+03	6.790443e-01	7.362874e-03	6.780983e-01	3.496546e-03
2.047090e+03	6.675926e-01	7.515618e-03	6.768893e-01	3.500495e-03
2.047486e+03	6.944156e-01	7.793943e-03	6.915668e-01	3.504446e-03
2.047882e+03	7.035918e-01	8.017490e-03	7.011522e-01	3.508400e-03
2.048278e+03	6.709128e-01	7.924609e-03	6.746257e-01	3.512355e-03
2.048674e+03	6.493964e-01	7.906108e-03	6.402191e-01	3.516313e-03
2.049070e+03	6.295762e-01	7.793703e-03	6.200798e-01	3.520274e-03
2.049466e+03	6.188972e-01	7.820892e-03	6.152385e-01	3.524236e-03
2.049862e+03	6.264937e-01	7.897524e-03	6.188074e-01	3.528201e-03
2.050258e+03	6.434702e-01	7.710539e-03	6.412649e-01	3.532168e-03
2.050654e+03	6.780742e-01	7.651425e-03	6.751397e-01	3.536137e-03
2.051050e+03	6.967436e-01	7.649460e-03	6.926710e-01	3.540109e-03
2.051446e+03	6.788343e-01	7.545598e-03	6.832076e-01	3.544083e-03
2.051842e+03	6.542033e-01	7.427522e-03	6.571736e-01	3.548059e-03
2.052238e+03	6.507259e-01	7.377527e-03	6.456335e-01	3.552037e-03
2.052634e+03	6.813669e-01	7.495487e-03	6.652971e-01	3.556018e-03
2.053030e+03	6.990057e-01	7.606946e-03	6.854302e-01	3.560001e-03
2.053426e+03	6.601664e-01	7.462610e-03	6.720952e-01	3.563986e-03
2.053822e+03	6.413743e-01	7.312646e-03	6.417284e-01	3.567973e-03
2.054218e+03	6.072887e-01	6.971368e-03	6.068399e-01	3.571963e-03
2.054614e+03	5.887669e-01	6.889250e-03	5.945660e-01	3.575955e-03
2.055010e+03	6.363662e-01	7.212484e-03	6.327879e-01	3.579949e-03
2.055406e+03	6.604774e-01	7.210477e-03	6.573379e-01	3.583945e-03
2.055802e+03	nan	nan	6.409552e-01	3.587944e-03
2.056198e+03	nan	nan	6.415046e-01	3.591945e-03
2.056594e+03	6.800647e-01	7.292633e-03	6.739454e-01	3.595948e-03
2.056990e+03	6.957482e-01	7.357272e-03	6.854526e-01	3.599954e-03
2.057386e+03	6.758415e-01	7.213329e-03	6.777680e-01	3.603961e-03
2.057782e+03	6.902314e-01	8.372587e-03	6.881282e-01	3.607971e-03
2.058178e+03	6.981595e-01	7.374678e-03	7.095452e-01	3.611983e-03
2.058574e+03	6.973966e-01	7.280236e-03	7.061578e-01	3.615998e-03
2.058970e+03	6.813725e-01	7.157648e-03	6.783040e-01	3.620015e-03
2.059366e+03	6.728740e-01	7.118905e-03	6.691277e-01	3.624033e-03
2.059762e+03	6.835713e-01	7.171410e-03	6.805131e-01	3.628055e-03
2.060158e+03	6.886631e-01	7.202558e-03	6.778103e-01	3.632078e-03
2.060554e+03	6.641998e-01	7.109066e-03	6.579421e-01	3.636104e-03
2.060950e+03	6.328024e-01	6.954012e-03	6.409921e-01	3.640132e-03
2.061346e+03	6.376470e-01	6.902185e-03	6.458054e-01	3.644162e-03
2.061742e+03	6.660605e-01	6.905526e-03	6.623807e-01	3.648194e-03
2.062138e+03	nan	nan	6.565975e-01	3.652229e-03
2.062534e+03	nan	nan	6.544844e-01	3.656266e-03
2.062930e+03	6.707843e-01	6.886398e-03	6.627227e-01	3.660305e-03
2.063326e+03	6.611209e-01	6.865710e-03	6.516147e-01	3.664346e-03
2.063722e+03	6.307359e-01	6.850449e-03	6.240506e-01	3.668390e-03
2.064118e+03	6.034846e-01	7.120756e-03	6.005759e-01	3.672435e-03
2.064514e+03	6.231134e-01	9.679044e-03	6.140813e-01	3.676483e-03
2.064910e+03	6.463584e-01	1.636811e-02	6.377033e-01	3.680534e-03
2.065306e+03	6.663954e-01	2.442824e-02	6.465884e-01	3.684586e-03
2.065702e+03	6.747759e-01	2.809145e-02	6.401566e-01	3.688641e-03
2.066098e+03	6.526568e-01	2.440102e-02	6.417131e-01	3.692698e-03
2.066494e+03	7.030747e-01	1.675024e-02	6.758020e-01	3.696757e-03
2.066890e+03	7.187911e-01	1.038273e-02	6.922953e-01	3.700818e-03
2.067286e+03	6.573569e-01	7.290651e-03	6.626173e-01	3.704882e-03
2.067682e+03	6.464123e-01	7.364041e-03	6.518605e-01	3.708948e-03
2.068078e+03	6.812830e-01	7.032114e-03	6.724847e-01	3.713016e-03
2.068474e+03	6.807902e-01	7.049871e-03	6.742579e-01	3.717086e-03
2.068870e+03	6.572973e-01	7.078999e-03	6.478146e-01	3.721158e-03
2.069266e+03	6.360028e-01	6.998599e-03	6.330251e-01	3.725233e-03
2.069662e+03	6.500281e-01	7.044200e-03	6.529359e-01	3.729310e-03
2.070058e+03	6.955070e-01	7.270074e-03	6.906877e-01	3.733389e-03
2.070454e+03	7.207697e-01	7.430364e-03	7.159965e-01	3.737471e-03
2.070850e+03	nan	nan	7.062196e-01	3.741554e-03
2.071246e+03	6.711500e-01	7.296999e-03	6.776166e-01	3.745640e-03
2.071642e+03	6.336689e-01	7.092760e-03	6.438610e-01	3.749728e-03
2.072038e+03	6.265418e-01	6.911936e-03	6.342413e-01	3.753818e-03
2.072434e+03	nan	nan	6.530238e-01	3.757911e-03
2.072830e+03	6.674395e-01	7.243909e-03	6.639143e-01	3.762005e-03
2.073226e+03	6.465221e-01	7.211320e-03	6.483612e-01	3.766102e-03
2.073622e+03	6.371548e-01	7.153339e-03	6.348005e-01	3.770201e-03
2.074018e+03	6.451880e-01	7.214528e-03	6.427649e-01	3.774302e-03
2.074414e+03	6.597841e-01	7.252763e-03	6.613776e-01	3.778406e-03
2.074810e+03	6.608123e-01	7.239466e-03	6.627654e-01	3.782511e-03
2.075206e+03	6.477341e-01	7.187711e-03	6.472154e-01	3.786619e-03
2.075602e+03	6.675341e-01	7.286065e-03	6.604440e-01	3.790729e-03
2.075998e+03	6.820636e-01	7.334181e-03	6.781216e-01	3.794842e-03
2.076394e+03	6.513106e-01	7.192050e-03	6.513394e-01	3.798956e-03
2.076790e+03	6.392992e-01	7.211106e-03	6.341436e-01	3.803073e-03
2.077186e+03	6.641684e-01	7.194830e-03	6.567642e-01	3.807192e-03
2.077582e+03	6.629455e-01	7.169349e-03	6.663475e-01	3.811313e-03
2.077978e+03	6.654783e-01	7.452452e-03	6.661577e-01	3.815436e-03
2.078374e+03	6.664600e-01	7.427031e-03	6.692524e-01	3.819561e-03
2.078770e+03	6.592823e-01	7.342104e-03	6.651035e-01	3.823689e-03
2.079166e+03	6.644453e-01	7.454438e-03	6.662816e-01	3.827819e-03
2.079562e+03	6.604819e-01	7.440604e-03	6.675631e-01	3.831951e-03
2.079958e+03	6.702182e-01	7.488366e-03	6.705755e-01	3.836085e-03
2.080354e+03	6.772301e-01	7.417338e-03	6.723463e-01	3.840221e-03
2.080750e+03	6.825277e-01	7.519315e-03	6.643437e-01	3.844360e-03
2.081146e+03	6.492920e-01	7.381637e-03	6.452820e-01	3.848501e-03
2.081542e+03	6.373170e-01	7.261380e-03	6.401662e-01	3.852644e-03
2.081938e+03	6.585641e-01	7.262451e-03	6.647541e-01	3.856789e-03
2.082334e+03	6.672041e-01	7.275708e-03	6.803373e-01	3.860936e-03
2.082730e+03	6.684261e-01	7.278539e-03	6.767874e-01	3.865086e-03
2.083126e+03	nan	nan	6.772746e-01	3.869237e-03
2.083522e+03	nan	nan	6.699639e-01	3.873391e-03
2.083918e+03	6.696503e-01	7.109861e-03	6.651586e-01	3.877547e-03
2.084314e+03	6.698230e-01	6.963713e-03	6.687328e-01	3.881705e-03
2.084710e+03	6.647774e-01	6.962515e-03	6.709244e-01	3.885866e-03
2.085106e+03	6.626326e-01	6.981585e-03	6.676576e-01	3.890028e-03
2.085502e+03	6.712904e-01	7.061264e-03	6.637764e-01	3.894193e-03
2.085898e+03	6.770637e-01	7.087890e-03	6.766950e-01	3.898360e-03
2.086294e+03	6.888912e-01	7.181303e-03	6.862569e-01	3.902529e-03
2.086690e+03	6.652184e-01	7.112526e-03	6.602116e-01	3.906700e-03
2.087086e+03	6.473577e-01	7.098766e-03	6.343107e-01	3.910874e-03
2.087482e+03	6.629067e-01	7.228426e-03	6.469437e-01	3.915049e-03
2.087878e+03	6.833591e-01	7.542414e-03	6.707604e-01	3.919227e-03
2.088274e+03	6.611724e-01	7.544378e-03	6.701482e-01	3.923407e-03
2.088670e+03	6.584397e-01	7.982575e-03	6.606663e-01	3.927589e-03
2.089066e+03	6.587229e-01	8.693006e-03	6.524665e-01	3.931773e-03
2.089462e+03	6.539720e-01	8.874248e-03	6.483447e-01	3.935960e-03
2.089858e+03	6.459787e-01	9.002809e-03	6.433785e-01	3.940148e-03
2.090254e+03	6.548784e-01	9.082797e-03	6.539946e-01	3.944339e-03
2.090650e+03	6.871154e-01	9.694854e-03	6.901388e-01	3.948532e-03
2.091046e+03	7.141307e-01	1.024413e-02	7.128640e-01	3.952727e-03
2.091442e+03	7.005612e-01	9.929867e-03	7.025594e-01	3.956924e-03
2.091838e+03	6.640446e-01	9.174872e-03	6.746113e-01	3.961124e-03
2.092234e+03	6.684640e-01	8.871000e-03	6.794846e-01	3.965325e-03
2.092630e+03	7.183103e-01	9.386334e-03	7.108196e-01	3.969529e-03
2.093026e+03	7.181984e-01	9.196011e-03	7.129762e-01	3.973735e-03
2.093422e+03	6.911241e-01	8.848840e-03	6.857001e-01	3.977943e-03
2.093818e+03	6.647636e-01	8.531153e-03	6.564893e-01	3.982153e-03
2.094214e+03	6.563616e-01	8.367824e-03	6.441152e-01	3.986365e-03
2.094610e+03	6.553275e-01	7.824827e-03	6.461648e-01	3.990579e-03
2.095006e+03	6.574571e-01	7.455758e-03	6.570203e-01	3.994796e-03
2.095402e+03	6.644579e-01	7.220847e-03	6.697038e-01	3.999015e-03
2.095798e+03	6.610399e-01	7.036858e-03	6.678931e-01	4.003236e-03
2.096194e+03	6.514421e-01	7.000428e-03	6.614317e-01	4.007459e-03
2.096590e+03	6.450343e-01	6.947280e-03	6.606134e-01	4.011684e-03
2.096986e+03	6.540505e-01	6.954361e-03	6.645294e-01	4.015911e-03
2.097382e+03	6.693418e-01	6.951626e-03	6.662281e-01	4.020140e-03
2.097778e+03	6.786700e-01	6.950772e-03	6.666249e-01	4.024372e-03
2.098174e+03	6.893908e-01	6.971693e-03	6.784021e-01	4.028606e-03
2.098570e+03	6.907975e-01	6.908598e-03	6.888895e-01	4.032842e-03
2.098966e+03	6.777709e-01	6.901814e-03	6.830181e-01	4.037080e-03
2.099362e+03	nan	nan	6.641533e-01	4.041320e-03
2.099758e+03	nan	nan	6.549909e-01	4.045562e-03
2.100154e+03	6.775995e-01	6.815937e-03	6.665683e-01	4.049806e-03
2.100550e+03	6.921735e-01	6.837892e-03	6.800053e-01	4.054053e-03
2.100946e+03	7.084874e-01	6.929537e-03	6.949724e-01	4.058301e-03
2.101342e+03	6.928190e-01	7.250742e-03	6.954460e-01	4.062552e-03
2.101738e+03	6.624056e-01	6.804777e-03	6.720602e-01	4.066805e-03
2.102134e+03	6.646017e-01	6.791657e-03	6.622319e-01	4.071060e-03
2.102530e+03	6.775901e-01	6.968277e-03	6.751202e-01	4.075317e-03
2.102926e+03	6.878367e-01	7.068355e-03	6.843641e-01	4.079576e-03
2.103322e+03	6.872804e-01	7.052908e-03	6.872142e-01	4.083838e-03
2.103718e+03	6.875549e-01	7.045074e-03	6.939816e-01	4.088101e-03
2.104114e+03	6.944905e-01	7.047197e-03	6.928668e-01	4.092367e-03
2.104510e+03	6.919017e-01	7.065784e-03	6.828261e-01	4.096635e-03
2.104906e+03	6.728187e-01	7.084108e-03	6.664052e-01	4.100904e-03
2.105302e+03	6.578785e-01	7.040532e-03	6.572228e-01	4.105176e-03
2.105698e+03	6.840822e-01	7.142639e-03	6.814909e-01	4.109451e-03
2.106094e+03	7.070978e-01	7.210928e-03	7.019191e-01	4.113727e-03
2.106490e+03	7.089675e-01	7.247202e-03	7.050715e-01	4.118005e-03
2.106886e+03	7.079678e-01	7.262411e-03	7.064344e-01	4.122285e-03
2.107282e+03	6.870684e-01	7.198094e-03	6.899701e-01	4.126568e-03
2.107678e+03	6.729602e-01	7.154798e-03	6.727923e-01	4.130853e-03
2.108074e+03	6.669526e-01	7.178990e-03	6.609294e-01	4.135139e-03
2.108470e+03	6.486457e-01	7.114927e-03	6.427313e-01	4.139428e-03
2.108866e+03	6.536162e-01	7.095589e-03	6.502075e-01	4.143719e-03
2.109262e+03	6.806412e-01	7.237946e-03	6.743806e-01	4.148012e-03
2.109658e+03	6.872494e-01	7.276940e-03	6.856824e-01	4.152307e-03
2.110054e+03	6.918033e-01	7.314543e-03	6.922316e-01	4.156605e-03
2.110450e+03	6.996701e-01	7.394165e-03	7.045637e-01	4.160904e-03
2.110846e+03	7.165578e-01	7.307730e-03	7.112397e-01	4.165205e-03
2.111242e+03	7.029550e-01	7.102652e-03	6.955960e-01	4.169509e-03
2.111638e+03	6.684128e-01	6.925513e-03	6.682301e-01	4.173815e-03
2.112034e+03	nan	nan	6.600854e-01	4.178122e-03
2.112430e+03	6.669771e-01	6.926131e-03	6.687302e-01	4.182432e-03
2.112826e+03	6.822136e-01	7.003279e-03	6.779906e-01	4.186744e-03
2.113222e+03	7.012459e-01	7.276949e-03	6.924024e-01	4.191058e-03
2.113618e+03	7.041557e-01	7.400652e-03	6.989711e-01	4.195374e-03
2.114014e+03	7.091781e-01	7.308679e-03	7.043484e-01	4.199692e-03
2.114410e+03	7.269019e-01	7.318130e-03	7.153308e-01	4.204013e-03
2.114806e+03	7.182809e-01	7.309659e-03	7.113116e-01	4.208335e-03
2.115202e+03	7.012573e-01	7.160239e-03	6.995269e-01	4.212660e-03
2.115598e+03	6.862645e-01	7.080400e-03	6.951708e-01	4.216986e-03
2.115994e+03	6.975669e-01	7.174126e-03	7.006469e-01	4.221315e-03
2.116390e+03	7.077170e-01	7.157948e-03	7.011425e-01	4.225645e-03
2.116786e+03	6.903692e-01	7.056373e-03	6.836240e-01	4.229978e-03
2.117182e+03	6.612108e-01	7.013217e-03	6.635593e-01	4.234313e-03
2.117578e+03	6.524836e-01	7.179228e-03	6.571360e-01	4.238650e-03
2.117974e+03	6.631739e-01	7.390423e-03	6.713701e-01	4.242989e-03
2.118370e+03	6.874363e-01	7.401231e-03	6.933534e-01	4.247330e-03
2.118766e+03	6.960401e-01	7.338290e-03	7.006208e-01	4.251673e-03
2.119162e+03	6.806601e-01	7.309895e-03	6.883812e-01	4.256019e-03
2.119558e+03	6.797498e-01	7.158967e-03	6.818010e-01	4.260366e-03
2.119954e+03	6.878118e-01	7.095145e-03	6.867255e-01	4.264715e-03
2.120350e+03	6.778175e-01	7.006937e-03	6.833408e-01	4.269067e-03
2.120746e+03	6.780208e-01	7.031555e-03	6.887134e-01	4.273420e-03
2.121142e+03	6.973595e-01	7.877885e-03	6.958272e-01	4.277776e-03
2.121538e+03	6.807753e-01	7.287674e-03	6.928280e-01	4.282134e-03
2.121934e+03	6.855777e-01	7.302286e-03	6.915579e-01	4.286493e-03
2.122330e+03	6.972561e-01	7.430868e-03	6.999663e-01	4.290855e-03
2.122726e+03	7.093250e-01	7.375156e-03	7.126301e-01	4.295219e-03
2.123122e+03	nan	nan	7.109179e-01	4.299585e-03
2.123518e+03	nan	nan	6.929548e-01	4.303953e-03
2.123914e+03	6.914133e-01	7.413177e-03	6.926638e-01	4.308323e-03
2.124310e+03	7.071544e-01	7.936039e-03	7.056375e-01	4.312695e-03
2.124706e+03	7.104165e-01	7.630793e-03	7.204382e-01	4.317069e-03
2.125102e+03	7.264378e-01	7.380075e-03	7.281297e-01	4.321445e-03
2.125498e+03	7.002520e-01	7.274475e-03	7.101929e-01	4.325823e-03
2.125894e+03	6.886058e-01	7.262193e-03	6.939729e-01	4.330204e-03
2.126290e+03	6.897072e-01	7.298297e-03	6.888001e-01	4.334586e-03
2.126686e+03	6.910801e-01	7.303839e-03	6.893401e-01	4.338970e-03
2.127082e+03	6.878560e-01	7.311567e-03	6.884836e-01	4.343357e-03
2.127478e+03	6.739031e-01	7.252752e-03	6.739682e-01	4.347745e-03
2.127874e+03	6.725920e-01	7.280837e-03	6.678045e-01	4.352136e-03
2.128270e+03	6.798017e-01	7.345180e-03	6.807167e-01	4.356528e-03
2.128666e+03	6.725101e-01	7.400970e-03	6.801384e-01	4.360923e-03
2.129062e+03	6.673550e-01	7.382970e-03	6.798950e-01	4.365320e-03
2.129458e+03	6.839212e-01	7.302110e-03	6.856997e-01	4.369718e-03
2.129854e+03	6.927836e-01	7.331364e-03	6.816708e-01	4.374119e-03
2.130250e+03	6.978306e-01	7.277448e-03	6.862194e-01	4.378522e-03
2.130646e+03	7.037453e-01	7.309666e-03	6.973345e-01	4.382927e-03
2.131042e+03	7.063996e-01	7.305374e-03	6.979185e-01	4.387334e-03
2.131438e+03	7.039592e-01	7.245644e-03	7.038278e-01	4.391742e-03
2.131834e+03	7.083038e-01	7.365006e-03	7.087072e-01	4.396153e-03
2.132230e+03	6.987152e-01	7.422783e-03	7.000491e-01	4.400566e-03
2.132626e+03	6.928737e-01	7.291336e-03	6.960666e-01	4.404981e-03
2.133022e+03	7.067685e-01	7.358294e-03	7.066776e-01	4.409398e-03
2.133418e+03	nan	nan	7.114030e-01	4.413817e-03
2.133814e+03	nan	nan	7.024927e-01	4.418238e-03
2.134210e+03	6.908435e-01	7.174261e-03	6.893333e-01	4.422661e-03
2.134606e+03	6.907737e-01	7.132350e-03	6.891573e-01	4.427086e-03
2.135002e+03	7.054159e-01	7.171803e-03	7.017451e-01	4.431514e-03
2.135398e+03	7.212119e-01	7.343219e-03	7.176616e-01	4.435943e-03
2.135794e+03	7.245565e-01	7.478472e-03	7.204955e-01	4.440374e-03
2.136190e+03	7.238743e-01	7.750804e-03	7.075571e-01	4.444807e-03
2.136586e+03	7.230398e-01	7.972134e-03	7.067041e-01	4.449242e-03
2.136982e+03	7.023264e-01	7.908944e-03	7.084229e-01	4.453679e-03
2.137378e+03	6.928299e-01	7.854039e-03	7.018157e-01	4.458119e-03
2.137774e+03	6.981804e-01	7.816718e-03	6.959090e-01	4.462560e-03
2.138170e+03	6.776298e-01	7.650936e-03	6.832785e-01	4.467003e-03
2.138566e+03	6.658313e-01	7.559470e-03	6.779699e-01	4.471448e-03
2.138962e+03	6.792662e-01	7.605931e-03	6.893592e-01	4.475896e-03
2.139358e+03	nan	nan	7.059995e-01	4.480345e-03
2.139754e+03	nan	nan	7.119565e-01	4.484796e-03
2.140150e+03	6.911316e-01	7.725152e-03	6.963355e-01	4.489249e-03
2.140546e+03	6.717414e-01	7.646659e-03	6.802735e-01	4.493705e-03
2.140942e+03	6.859844e-01	7.625896e-03	6.848904e-01	4.498162e-03
2.141338e+03	6.868599e-01	7.513183e-03	6.932497e-01	4.502621e-03
2.141734e+03	nan	nan	6.998889e-01	4.507083e-03
2.142130e+03	nan	nan	6.960069e-01	4.511546e-03
2.142526e+03	6.803558e-01	7.454173e-03	6.803600e-01	4.516011e-03
2.142922e+03	6.726366e-01	7.214110e-03	6.824557e-01	4.520478e-03
2.143318e+03	6.922157e-01	7.121300e-03	7.035085e-01	4.524948e-03
2.143714e+03	7.241794e-01	7.269340e-03	7.254239e-01	4.529419e-03
2.144110e+03	7.432972e-01	7.404615e-03	7.362565e-01	4.533892e-03
2.144506e+03	7.324232e-01	7.432134e-03	7.363181e-01	4.538367e-03
2.144902e+03	7.449315e-01	7.397002e-03	7.371069e-01	4.542845e-03
2.145298e+03	7.315025e-01	7.362478e-03	7.354477e-01	4.547324e-03
2.145694e+03	7.256891e-01	7.132682e-03	7.261615e-01	4.551805e-03
2.146090e+03	7.257151e-01	7.109584e-03	7.216395e-01	4.556288e-03
2.146486e+03	7.322942e-01	7.100737e-03	7.215287e-01	4.560773e-03
2.146882e+03	7.267823e-01	7.121863e-03	7.182452e-01	4.565261e-03
2.147278e+03	7.206595e-01	7.068967e-03	7.176592e-01	4.569750e-03
2.147674e+03	7.134996e-01	7.074322e-03	7.132230e-01	4.574241e-03
2.148070e+03	7.055974e-01	6.974829e-03	7.090616e-01	4.578734e-03
2.148466e+03	7.034792e-01	6.982265e-03	7.085745e-01	4.583229e-03
2.148862e+03	6.937163e-01	7.176877e-03	6.961755e-01	4.587726e-03
2.149258e+03	6.915335e-01	7.215437e-03	6.879264e-01	4.592225e-03
2.149654e+03	6.894873e-01	7.179992e-03	6.862250e-01	4.596726e-03
2.150050e+03	6.753011e-01	6.891618e-03	6.771365e-01	4.601229e-03
2.150446e+03	6.881049e-01	7.215274e-03	6.763514e-01	4.605734e-03
2.150842e+03	7.020523e-01	6.880208e-03	6.996368e-01	4.610241e-03
2.151238e+03	7.381454e-01	7.257152e-03	7.202539e-01	4.614750e-03
2.151634e+03	7.125794e-01	8.052789e-03	7.199576e-01	4.619260e-03
2.152030e+03	6.949152e-01	7.634424e-03	7.053402e-01	4.623773e-03
2.152426e+03	6.872862e-01	7.324949e-03	7.005245e-01	4.628288e-03
2.152822e+03	6.891440e-01	6.618881e-03	6.969674e-01	4.632805e-03
2.153218e+03	6.772656e-01	6.534138e-03	6.939785e-01	4.637323e-03
2.153614e+03	7.086788e-01	6.667761e-03	7.081400e-01	4.641844e-03
2.154010e+03	7.223057e-01	6.731982e-03	7.162859e-01	4.646367e-03
2.154406e+03	7.160861e-01	6.723594e-03	7.117333e-01	4.650891e-03
2.154802e+03	nan	nan	7.155674e-01	4.655418e-03
2.155198e+03	nan	nan	7.161595e-01	4.659946e-03
2.155594e+03	7.118650e-01	7.982182e-03	7.128160e-01	4.664477e-03
2.155990e+03	7.031842e-01	9.987417e-03	7.040147e-01	4.669009e-03
2.156386e+03	6.974235e-01	1.447131e-02	6.996049e-01	4.673543e-03
2.156782e+03	6.872397e-01	2.106815e-02	7.075852e-01	4.678079e-03
2.157178e+03	6.906887e-01	2.330529e-02	7.182180e-01	4.682618e-03
2.157574e+03	7.228330e-01	1.976235e-02	7.249161e-01	4.687158e-03
2.157970e+03	7.279850e-01	1.507639e-02	7.270244e-01	4.691700e-03
2.158366e+03	7.222693e-01	1.154602e-02	7.240951e-01	4.696244e-03
2.158762e+03	7.221214e-01	1.031321e-02	7.210048e-01	4.700790e-03
2.159158e+03	7.150773e-01	1.009664e-02	7.141333e-01	4.705338e-03
2.159554e+03	7.028988e-01	9.967668e-03	7.069493e-01	4.709888e-03
2.159950e+03	7.068301e-01	9.910763e-03	7.059156e-01	4.714439e-03
2.160346e+03	7.070875e-01	8.676515e-03	7.012938e-01	4.718993e-03
2.160742e+03	7.078334e-01	7.642357e-03	7.106282e-01	4.723549e-03
2.161138e+03	7.317591e-01	7.727441e-03	7.347139e-01	4.728106e-03
2.161534e+03	7.325733e-01	7.769574e-03	7.375215e-01	4.732666e-03
2.161930e+03	7.120166e-01	7.667863e-03	7.154291e-01	4.737227e-03
2.162326e+03	7.036189e-01	7.660393e-03	7.034882e-01	4.741791e-03
2.162722e+03	7.151369e-01	7.970256e-03	7.121981e-01	4.746356e-03
2.163118e+03	7.105947e-01	9.845931e-03	7.100279e-01	4.750923e-03
2.163514e+03	7.037500e-01	1.125232e-02	7.066909e-01	4.755492e-03
2.163910e+03	7.155091e-01	1.155866e-02	7.190179e-01	4.760064e-03
2.164306e+03	nan	nan	7.259019e-01	4.764637e-03
2.164702e+03	7.215194e-01	1.678344e-02	7.258592e-01	4.769212e-03
2.165098e+03	7.240056e-01	1.251908e-02	7.232752e-01	4.773788e-03
2.165494e+03	7.093567e-01	1.236154e-02	7.108143e-01	4.778367e-03
2.165890e+03	7.107816e-01	1.239423e-02	7.028879e-01	4.782948e-03
2.166286e+03	7.212646e-01	1.254792e-02	7.108557e-01	4.787530e-03
2.166682e+03	7.195267e-01	1.250861e-02	7.204736e-01	4.792115e-03
2.167078e+03	7.100737e-01	1.166787e-02	7.195891e-01	4.796701e-03
2.167474e+03	7.241371e-01	1.117587e-02	7.154926e-01	4.801290e-03
2.167870e+03	7.341389e-01	9.062741e-03	7.240197e-01	4.805880e-03
2.168266e+03	7.381492e-01	7.921527e-03	7.394238e-01	4.810472e-03
2.168662e+03	7.464832e-01	7.786294e-03	7.460857e-01	4.815066e-03
2.169058e+03	7.474695e-01	7.751275e-03	7.403832e-01	4.819662e-03
2.169454e+03	7.391298e-01	7.723159e-03	7.346572e-01	4.824260e-03
2.169850e+03	7.325655e-01	7.472540e-03	7.299579e-01	4.828860e-03
2.170246e+03	7.206025e-01	7.263120e-03	7.145746e-01	4.833461e-03
2.170642e+03	6.960247e-01	7.126478e-03	6.969142e-01	4.838065e-03
2.171038e+03	7.037822e-01	7.143642e-03	6.983326e-01	4.842670e-03
2.171434e+03	7.096513e-01	7.141277e-03	7.038588e-01	4.847278e-03
2.171830e+03	7.140373e-01	7.104781e-03	7.129734e-01	4.851887e-03
2.172226e+03	7.120977e-01	7.095140e-03	7.185754e-01	4.856498e-03
2.172622e+03	7.063727e-01	6.934991e-03	7.090910e-01	4.861111e-03
2.173018e+03	7.041833e-01	6.860305e-03	7.053698e-01	4.865726e-03
2.173414e+03	7.140924e-01	6.926476e-03	7.141408e-01	4.870343e-03
2.173810e+03	7.199590e-01	7.053276e-03	7.200577e-01	4.874962e-03
2.174206e+03	7.145728e-01	7.146386e-03	7.165276e-01	4.879582e-03
2.174602e+03	7.300422e-01	7.009040e-03	7.249996e-01	4.884205e-03
2.174998e+03	7.375497e-01	7.221161e-03	7.359937e-01	4.888829e-03
2.175394e+03	7.359418e-01	7.891859e-03	7.272233e-01	4.893455e-03
2.175790e+03	7.172055e-01	7.865000e-03	7.112726e-01	4.898083e-03
2.176186e+03	6.974968e-01	8.216186e-03	6.999322e-01	4.902713e-03
2.176582e+03	6.928047e-01	7.623631e-03	6.995750e-01	4.907345e-03
2.176978e+03	7.069153e-01	7.683286e-03	7.035864e-01	4.911979e-03
2.177374e+03	7.120199e-01	7.718573e-03	7.047321e-01	4.916615e-03
2.177770e+03	7.082660e-01	7.688044e-03	7.065559e-01	4.921252e-03
2.178166e+03	7.026023e-01	7.589313e-03	7.117805e-01	4.925891e-03
2.178562e+03	6.946941e-01	7.567380e-03	7.117375e-01	4.930533e-03
2.178958e+03	6.904611e-01	7.546469e-03	7.080307e-01	4.935176e-03
2.179354e+03	7.015346e-01	7.536942e-03	7.092847e-01	4.939821e-03
2.179750e+03	7.151710e-01	7.440037e-03	7.174007e-01	4.944468e-03
2.180146e+03	7.184654e-01	7.265079e-03	7.175992e-01	4.949116e-03
2.180542e+03	7.118426e-01	7.187026e-03	7.141714e-01	4.953767e-03
2.180938e+03	7.221303e-01	7.216469e-03	7.177055e-01	4.958419e-03
2.181334e+03	7.327015e-01	7.171683e-03	7.265069e-01	4.963074e-03
2.181730e+03	7.395570e-01	7.147501e-03	7.350063e-01	4.967730e-03
2.182126e+03	7.264719e-01	7.099435e-03	7.247899e-01	4.972388e-03
2.182522e+03	7.080860e-01	7.080848e-03	7.071011e-01	4.977048e-03
2.182918e+03	7.068188e-01	7.061515e-03	7.053643e-01	4.981709e-03
2.183314e+03	7.031807e-01	7.203122e-03	7.068843e-01	4.986373e-03
2.183710e+03	7.073951e-01	7.241241e-03	7.155069e-01	4.991038e-03
2.184106e+03	7.164956e-01	7.286704e-03	7.258565e-01	4.995706e-03
2.184502e+03	7.274702e-01	7.315528e-03	7.223848e-01	5.000375e-03
2.184898e+03	7.241070e-01	7.303662e-03	7.185233e-01	5.005046e-03
2.185294e+03	7.222926e-01	7.267015e-03	7.180693e-01	5.009719e-03
2.185690e+03	7.206553e-01	7.250340e-03	7.210881e-01	5.014393e-03
2.186086e+03	7.155479e-01	7.271406e-03	7.165749e-01	5.019070e-03
2.186482e+03	nan	nan	7.116257e-01	5.023748e-03
2.186878e+03	nan	nan	7.198786e-01	5.028428e-03
2.187274e+03	7.218245e-01	7.317246e-03	7.205868e-01	5.033110e-03
2.187670e+03	7.202837e-01	7.273579e-03	7.139788e-01	5.037794e-03
2.188066e+03	nan	nan	7.182950e-01	5.042480e-03
2.188462e+03	nan	nan	7.238423e-01	5.047167e-03
2.188858e+03	7.245936e-01	6.957543e-03	7.250894e-01	5.051857e-03
2.189254e+03	nan	nan	7.211997e-01	5.056548e-03
2.189650e+03	7.105040e-01	6.985418e-03	7.137934e-01	5.061241e-03
2.190046e+03	7.203570e-01	6.948773e-03	7.088515e-01	5.065936e-03
2.190442e+03	7.263446e-01	7.000595e-03	7.103159e-01	5.070633e-03
2.190838e+03	7.282063e-01	6.941375e-03	7.197241e-01	5.075331e-03
2.191234e+03	7.379767e-01	6.987831e-03	7.292323e-01	5.080031e-03
2.191630e+03	7.379008e-01	6.920720e-03	7.302544e-01	5.084734e-03
2.192026e+03	7.279573e-01	6.974628e-03	7.247638e-01	5.089438e-03
2.192422e+03	7.321856e-01	7.008671e-03	7.176980e-01	5.094143e-03
2.192818e+03	6.969072e-01	7.111612e-03	7.031881e-01	5.098851e-03
2.193214e+03	6.971995e-01	7.006062e-03	6.930848e-01	5.103560e-03
2.193610e+03	7.231704e-01	7.292179e-03	7.031030e-01	5.108272e-03
2.194006e+03	7.139591e-01	7.239162e-03	7.154176e-01	5.112985e-03
2.194402e+03	7.100909e-01	7.349961e-03	7.192321e-01	5.117700e-03
2.194798e+03	7.195032e-01	7.260258e-03	7.272209e-01	5.122416e-03
2.195194e+03	7.389902e-01	7.283435e-03	7.347642e-01	5.127135e-03
2.195590e+03	7.238772e-01	7.032311e-03	7.297246e-01	5.131855e-03
2.195986e+03	nan	nan	7.235512e-01	5.136577e-03
2.196382e+03	nan	nan	7.273380e-01	5.141301e-03
2.196778e+03	nan	nan	7.275673e-01	5.146027e-03
2.197174e+03	nan	nan	7.165942e-01	5.150754e-03
2.197570e+03	7.031320e-01	7.260919e-03	7.120952e-01	5.155484e-03
2.197966e+03	7.226866e-01	7.325046e-03	7.208658e-01	5.160215e-03
2.198362e+03	nan	nan	7.284405e-01	5.164948e-03
2.198758e+03	7.328112e-01	7.275469e-03	7.279345e-01	5.169682e-03
2.199154e+03	nan	nan	7.255583e-01	5.174419e-03
2.199550e+03	7.150307e-01	7.694289e-03	7.261746e-01	5.179157e-03
2.199946e+03	7.154595e-01	7.704530e-03	7.247330e-01	5.183897e-03
2.200342e+03	7.111423e-01	7.475411e-03	7.220630e-01	5.188639e-03
2.200738e+03	7.126364e-01	7.413658e-03	7.218403e-01	5.193383e-03
2.201134e+03	7.168415e-01	7.023811e-03	7.259631e-01	5.198128e-03
2.201530e+03	7.170586e-01	6.908988e-03	7.282778e-01	5.202876e-03
2.201926e+03	7.100083e-01	7.031285e-03	7.231834e-01	5.207625e-03
2.202322e+03	7.064120e-01	7.377842e-03	7.209237e-01	5.212375e-03
2.202718e+03	7.171996e-01	7.603535e-03	7.206226e-01	5.217128e-03
2.203114e+03	7.060042e-01	7.511024e-03	7.111945e-01	5.221882e-03
2.203510e+03	7.085672e-01	7.204417e-03	6.996811e-01	5.226639e-03
2.203906e+03	6.982942e-01	6.724300e-03	6.990594e-01	5.231396e-03
2.204302e+03	7.045192e-01	6.689364e-03	7.077238e-01	5.236156e-03
2.204698e+03	7.001525e-01	6.671069e-03	7.126186e-01	5.240918e-03
2.205094e+03	6.933140e-01	6.638868e-03	7.100417e-01	5.245681e-03
2.205490e+03	6.990722e-01	6.684289e-03	7.089007e-01	5.250446e-03
2.205886e+03	6.835486e-01	6.644357e-03	7.016204e-01	5.255213e-03
2.206282e+03	nan	nan	6.830143e-01	5.259981e-03
2.206678e+03	nan	nan	6.818228e-01	5.264752e-03
2.207074e+03	7.088661e-01	8.222595e-03	7.009907e-01	5.269524e-03
2.207470e+03	7.265055e-01	6.765863e-03	7.181489e-01	5.274298e-03
2.207866e+03	7.199186e-01	6.750323e-03	7.160992e-01	5.279073e-03
2.208262e+03	7.015219e-01	6.819564e-03	6.984013e-01	5.283850e-03
2.208658e+03	6.853453e-01	6.804339e-03	6.853475e-01	5.288630e-03
2.209054e+03	6.871369e-01	6.800154e-03	6.926003e-01	5.293410e-03
2.209450e+03	7.159928e-01	6.995544e-03	7.130994e-01	5.298193e-03
2.209846e+03	nan	nan	7.235444e-01	5.302978e-03
2.210242e+03	nan	nan	7.194031e-01	5.307764e-03
2.210638e+03	7.173966e-01	6.883329e-03	7.114486e-01	5.312552e-03
2.211034e+03	7.095082e-01	6.798393e-03	7.095358e-01	5.317341e-03
2.211430e+03	7.150133e-01	6.798429e-03	7.146391e-01	5.322133e-03
2.211826e+03	7.374776e-01	7.016171e-03	7.285701e-01	5.326926e-03
2.212222e+03	7.466363e-01	8.457701e-03	7.390862e-01	5.331721e-03
2.212618e+03	7.386474e-01	1.451070e-02	7.357448e-01	5.336517e-03
2.213014e+03	7.213978e-01	2.692041e-02	7.240197e-01	5.341316e-03
2.213410e+03	7.089811e-01	4.233729e-02	7.181963e-01	5.346116e-03
2.213806e+03	7.695729e-01	5.618382e-02	7.225010e-01	5.350918e-03
2.214202e+03	7.734876e-01	5.993104e-02	7.300063e-01	5.355721e-03
2.214598e+03	7.710723e-01	5.355884e-02	7.311181e-01	5.360526e-03
2.214994e+03	7.386614e-01	3.808446e-02	7.258886e-01	5.365334e-03
2.215390e+03	7.349305e-01	2.363092e-02	7.221067e-01	5.370142e-03
2.215786e+03	7.229100e-01	1.304996e-02	7.184012e-01	5.374953e-03
2.216182e+03	7.381323e-01	9.304853e-03	7.153623e-01	5.379765e-03
2.216578e+03	7.217724e-01	7.832940e-03	7.132214e-01	5.384579e-03
2.216974e+03	7.025241e-01	7.820394e-03	7.079895e-01	5.389395e-03
2.217370e+03	7.057331e-01	7.974839e-03	7.077941e-01	5.394212e-03
2.217766e+03	7.163155e-01	8.030593e-03	7.199198e-01	5.399031e-03
2.218162e+03	7.407946e-01	8.158914e-03	7.336974e-01	5.403852e-03
2.218558e+03	7.501269e-01	8.202228e-03	7.343860e-01	5.408675e-03
2.218954e+03	7.210881e-01	8.040637e-03	7.153545e-01	5.413499e-03
2.219350e+03	6.994235e-01	7.904214e-03	6.963476e-01	5.418325e-03
2.219746e+03	6.943442e-01	7.908841e-03	6.932631e-01	5.423153e-03
2.220142e+03	7.003237e-01	7.606797e-03	6.969241e-01	5.427982e-03
2.220538e+03	7.067459e-01	7.485795e-03	7.023941e-01	5.432814e-03
2.220934e+03	7.063784e-01	7.510198e-03	7.029418e-01	5.437646e-03
2.221330e+03	7.061637e-01	7.533196e-03	6.990247e-01	5.442481e-03
2.221726e+03	7.117878e-01	7.504746e-03	7.049500e-01	5.447317e-03
2.222122e+03	7.207496e-01	7.534225e-03	7.197124e-01	5.452155e-03
2.222518e+03	7.368918e-01	7.629737e-03	7.290667e-01	5.456995e-03
2.222914e+03	nan	nan	7.270894e-01	5.461836e-03
2.223310e+03	nan	nan	7.200457e-01	5.466680e-03
2.223706e+03	7.176113e-01	7.514006e-03	7.191574e-01	5.471524e-03
2.224102e+03	7.382743e-01	7.566509e-03	7.281942e-01	5.476371e-03
2.224498e+03	7.564458e-01	7.623848e-03	7.394751e-01	5.481219e-03
2.224894e+03	7.584516e-01	7.533233e-03	7.436974e-01	5.486069e-03
2.225290e+03	7.552708e-01	7.449644e-03	7.425164e-01	5.490921e-03
2.225686e+03	7.553345e-01	7.235145e-03	7.418528e-01	5.495774e-03
2.226082e+03	7.456582e-01	7.082846e-03	7.343010e-01	5.500629e-03
2.226478e+03	7.227833e-01	7.005885e-03	7.189309e-01	5.505486e-03
2.226874e+03	7.197237e-01	7.047542e-03	7.144695e-01	5.510344e-03
2.227270e+03	7.188739e-01	6.986328e-03	7.151121e-01	5.515204e-03
2.227666e+03	7.110648e-01	6.861691e-03	7.080155e-01	5.520066e-03
2.228062e+03	7.085374e-01	6.722626e-03	7.080212e-01	5.524929e-03
2.228458e+03	7.187071e-01	6.644872e-03	7.104021e-01	5.529794e-03
2.228854e+03	7.125557e-01	6.613693e-03	7.038026e-01	5.534661e-03
2.229250e+03	7.150909e-01	6.639518e-03	7.032410e-01	5.539530e-03
2.229646e+03	7.208458e-01	6.588506e-03	7.086685e-01	5.544400e-03
2.230042e+03	7.197642e-01	6.567567e-03	7.111409e-01	5.549271e-03
2.230438e+03	7.294685e-01	6.625356e-03	7.209815e-01	5.554145e-03
2.230834e+03	7.472939e-01	6.672892e-03	7.363102e-01	5.559020e-03
2.231230e+03	7.444242e-01	6.783501e-03	7.403183e-01	5.563897e-03
2.231626e+03	7.338878e-01	6.858277e-03	7.356985e-01	5.568775e-03
2.232022e+03	7.308566e-01	6.927422e-03	7.345017e-01	5.573656e-03
2.232418e+03	7.251759e-01	7.180297e-03	7.300135e-01	5.578537e-03
2.232814e+03	6.923181e-01	7.103980e-03	7.167747e-01	5.583421e-03
2.233210e+03	7.083307e-01	7.316446e-03	7.073233e-01	5.588306e-03
2.233606e+03	7.084945e-01	6.724383e-03	7.109877e-01	5.593193e-03
2.234002e+03	7.178138e-01	6.717020e-03	7.159264e-01	5.598081e-03
2.234398e+03	7.232910e-01	6.630054e-03	7.106756e-01	5.602972e-03
2.234794e+03	7.139996e-01	6.569857e-03	7.023401e-01	5.607863e-03
2.235190e+03	7.046171e-01	6.541901e-03	6.987800e-01	5.612757e-03
2.235586e+03	6.949416e-01	6.545856e-03	6.967785e-01	5.617652e-03
2.235982e+03	6.927455e-01	6.535653e-03	6.979079e-01	5.622549e-03
2.236378e+03	6.942247e-01	6.684548e-03	7.008282e-01	5.627447e-03
2.236774e+03	7.102488e-01	6.831934e-03	7.131710e-01	5.632347e-03
2.237170e+03	7.306125e-01	7.090705e-03	7.272584e-01	5.637249e-03
2.237566e+03	7.281060e-01	7.174223e-03	7.289769e-01	5.642152e-03
2.237962e+03	7.228870e-01	7.161092e-03	7.258556e-01	5.647057e-03
2.238358e+03	7.065222e-01	7.230661e-03	7.224591e-01	5.651964e-03
2.238754e+03	7.140729e-01	7.213467e-03	7.164858e-01	5.656872e-03
2.239150e+03	7.179097e-01	7.223499e-03	7.163853e-01	5.661782e-03
2.239546e+03	7.348449e-01	7.240831e-03	7.315002e-01	5.666694e-03
2.239942e+03	7.394400e-01	7.371434e-03	7.448901e-01	5.671607e-03
2.240338e+03	7.348574e-01	7.412192e-03	7.429617e-01	5.676522e-03
2.240734e+03	7.355608e-01	7.393718e-03	7.386310e-01	5.681438e-03
2.241130e+03	7.287405e-01	7.284103e-03	7.336079e-01	5.686356e-03
2.241526e+03	7.179699e-01	7.117459e-03	7.223482e-01	5.691276e-03
2.241922e+03	7.086535e-01	7.051081e-03	7.123237e-01	5.696197e-03
2.242318e+03	7.140532e-01	6.962860e-03	7.105442e-01	5.701120e-03
2.242714e+03	7.065716e-01	6.812726e-03	7.082816e-01	5.706045e-03
2.243110e+03	7.036176e-01	6.383678e-03	7.048275e-01	5.710971e-03
2.243506e+03	6.992756e-01	6.276921e-03	7.037344e-01	5.715899e-03
2.243902e+03	7.013366e-01	6.346952e-03	7.077416e-01	5.720828e-03
2.244298e+03	nan	nan	7.093184e-01	5.725759e-03
2.244694e+03	7.144817e-01	1.104380e-02	7.050841e-01	5.730692e-03
2.245090e+03	nan	nan	7.126537e-01	5.735626e-03
2.245486e+03	7.418068e-01	6.369579e-03	7.350060e-01	5.740562e-03
2.245882e+03	7.315439e-01	6.332150e-03	7.437505e-01	5.745500e-03
2.246278e+03	7.154993e-01	6.316453e-03	7.318489e-01	5.750439e-03
2.246674e+03	7.007301e-01	6.312074e-03	7.162809e-01	5.755380e-03
2.247070e+03	7.131182e-01	6.384445e-03	7.099498e-01	5.760322e-03
2.247466e+03	7.095278e-01	6.352975e-03	7.076908e-01	5.765266e-03
2.247862e+03	7.128427e-01	6.451154e-03	7.101065e-01	5.770212e-03
2.248258e+03	7.161715e-01	6.490476e-03	7.165970e-01	5.775159e-03
2.248654e+03	7.308301e-01	6.510979e-03	7.293352e-01	5.780108e-03
2.249050e+03	7.349793e-01	6.543814e-03	7.366751e-01	5.785058e-03
2.249446e+03	7.196174e-01	6.520167e-03	7.220670e-01	5.790010e-03
2.249842e+03	6.995092e-01	6.521289e-03	7.029611e-01	5.794964e-03
2.250238e+03	6.873801e-01	6.536589e-03	6.939829e-01	5.799919e-03
2.250634e+03	nan	nan	7.039148e-01	5.804876e-03
2.251030e+03	nan	nan	7.249227e-01	5.809834e-03
2.251426e+03	nan	nan	7.321399e-01	5.814794e-03
2.251822e+03	nan	nan	7.211854e-01	5.819755e-03
2.252218e+03	7.076786e-01	6.980797e-03	7.154134e-01	5.824719e-03
2.252614e+03	7.042000e-01	6.882183e-03	7.155296e-01	5.829683e-03
2.253010e+03	7.156447e-01	6.760450e-03	7.183140e-01	5.834650e-03
2.253406e+03	7.211340e-01	6.800560e-03	7.218181e-01	5.839617e-03
2.253802e+03	7.143694e-01	6.858068e-03	7.173525e-01	5.844587e-03
2.254198e+03	7.082114e-01	7.073604e-03	7.089247e-01	5.849558e-03
2.254594e+03	6.912300e-01	7.049366e-03	6.957886e-01	5.854531e-03
2.254990e+03	6.897616e-01	7.058013e-03	6.938023e-01	5.859505e-03
2.255386e+03	7.055524e-01	7.083800e-03	7.078068e-01	5.864480e-03
2.255782e+03	7.088746e-01	6.854377e-03	7.152648e-01	5.869458e-03
2.256178e+03	7.097332e-01	7.077568e-03	7.157734e-01	5.874437e-03
2.256574e+03	7.222518e-01	7.521366e-03	7.224324e-01	5.879417e-03
2.256970e+03	7.295659e-01	7.637033e-03	7.292390e-01	5.884399e-03
2.257366e+03	7.128217e-01	7.511760e-03	7.165162e-01	5.889383e-03
2.257762e+03	6.884226e-01	7.072174e-03	6.953505e-01	5.894368e-03
2.258158e+03	6.944894e-01	7.027133e-03	6.973872e-01	5.899355e-03
2.258554e+03	7.185982e-01	7.146386e-03	7.103987e-01	5.904343e-03
2.258950e+03	7.248080e-01	7.166861e-03	7.178203e-01	5.909333e-03
2.259346e+03	7.201531e-01	7.068517e-03	7.149373e-01	5.914324e-03
2.259742e+03	7.134276e-01	6.647397e-03	7.142047e-01	5.919317e-03
2.260138e+03	7.087367e-01	6.560687e-03	7.125517e-01	5.924312e-03
2.260534e+03	7.022125e-01	6.485755e-03	7.072098e-01	5.929308e-03
2.260930e+03	7.040819e-01	6.602910e-03	7.101277e-01	5.934306e-03
2.261326e+03	6.992449e-01	6.966770e-03	7.112666e-01	5.939305e-03
2.261722e+03	7.004417e-01	7.040070e-03	7.108210e-01	5.944305e-03
2.262118e+03	7.059875e-01	6.775727e-03	7.088886e-01	5.949308e-03
2.262514e+03	7.036811e-01	6.568202e-03	7.095404e-01	5.954312e-03
2.262910e+03	6.973947e-01	6.508348e-03	7.054003e-01	5.959317e-03
2.263306e+03	6.918994e-01	6.472713e-03	6.950417e-01	5.964324e-03
2.263702e+03	6.903312e-01	6.482195e-03	6.952151e-01	5.969332e-03
2.264098e+03	6.833178e-01	6.331200e-03	6.983806e-01	5.974342e-03
2.264494e+03	nan	nan	6.950799e-01	5.979354e-03
2.264890e+03	nan	nan	6.939611e-01	5.984367e-03
2.265286e+03	nan	nan	7.017295e-01	5.989381e-03
2.265682e+03	6.993144e-01	6.464885e-03	7.072196e-01	5.994398e-03
2.266078e+03	7.057675e-01	6.567958e-03	7.103752e-01	5.999415e-03
2.266474e+03	7.025474e-01	6.590492e-03	7.050518e-01	6.004434e-03
2.266870e+03	6.996463e-01	6.571556e-03	7.023555e-01	6.009455e-03
2.267266e+03	7.061745e-01	6.543263e-03	7.110895e-01	6.014477e-03
2.267662e+03	7.102362e-01	6.556135e-03	7.195462e-01	6.019501e-03
2.268058e+03	7.152331e-01	6.545205e-03	7.232099e-01	6.024526e-03
2.268454e+03	7.112793e-01	6.601539e-03	7.188693e-01	6.029553e-03
2.268850e+03	6.971629e-01	6.590602e-03	7.077860e-01	6.034581e-03
2.269246e+03	7.006839e-01	6.619411e-03	7.060765e-01	6.039611e-03
2.269642e+03	7.028592e-01	6.607637e-03	7.100424e-01	6.044643e-03
2.270038e+03	6.963216e-01	6.601328e-03	7.027009e-01	6.049676e-03
2.270434e+03	6.781310e-01	6.557412e-03	6.950175e-01	6.054710e-03
2.270830e+03	nan	nan	7.033721e-01	6.059746e-03
2.271226e+03	nan	nan	7.141860e-01	6.064783e-03
2.271622e+03	7.070753e-01	6.650469e-03	7.101853e-01	6.069822e-03
2.272018e+03	6.767878e-01	6.518550e-03	6.935518e-01	6.074863e-03
2.272414e+03	6.774178e-01	6.380937e-03	6.923375e-01	6.079904e-03
2.272810e+03	6.961420e-01	6.457199e-03	7.018702e-01	6.084948e-03
2.273206e+03	6.972105e-01	6.656933e-03	7.040504e-01	6.089993e-03
2.273602e+03	6.981271e-01	6.789749e-03	7.060526e-01	6.095039e-03
2.273998e+03	6.959469e-01	6.686800e-03	6.991237e-01	6.100087e-03
2.274394e+03	6.908800e-01	6.430198e-03	6.901367e-01	6.105137e-03
2.274790e+03	6.962885e-01	6.408200e-03	7.007407e-01	6.110187e-03
2.275186e+03	7.228566e-01	6.499076e-03	7.230599e-01	6.115240e-03
2.275582e+03	nan	nan	7.244123e-01	6.120294e-03
2.275978e+03	nan	nan	7.073379e-01	6.125349e-03
2.276374e+03	6.974243e-01	6.370495e-03	6.998157e-01	6.130406e-03
2.276770e+03	7.019289e-01	6.860935e-03	7.089106e-01	6.135464e-03
2.277166e+03	7.164690e-01	6.931618e-03	7.175598e-01	6.140524e-03
2.277562e+03	7.143679e-01	6.467382e-03	7.162167e-01	6.145586e-03
2.277958e+03	7.103129e-01	6.388757e-03	7.114030e-01	6.150648e-03
2.278354e+03	7.012984e-01	6.373139e-03	7.031179e-01	6.155713e-03
2.278750e+03	6.858663e-01	6.311560e-03	6.899580e-01	6.160778e-03
2.279146e+03	6.878538e-01	6.262569e-03	6.881312e-01	6.165846e-03
2.279542e+03	7.021162e-01	6.278321e-03	6.952564e-01	6.170914e-03
2.279938e+03	7.025694e-01	6.281086e-03	6.916695e-01	6.175985e-03
2.280334e+03	6.827489e-01	6.286252e-03	6.767513e-01	6.181056e-03
2.280730e+03	6.643430e-01	6.268194e-03	6.691591e-01	6.186129e-03
2.281126e+03	6.820904e-01	6.287227e-03	6.844929e-01	6.191204e-03
2.281522e+03	7.118956e-01	6.358229e-03	7.087522e-01	6.196280e-03
2.281918e+03	7.151601e-01	6.356607e-03	7.169927e-01	6.201358e-03
2.282314e+03	7.125364e-01	6.344042e-03	7.176580e-01	6.206437e-03
2.282710e+03	7.078868e-01	6.335156e-03	7.128914e-01	6.211517e-03
2.283106e+03	6.917099e-01	6.302734e-03	7.005870e-01	6.216599e-03
2.283502e+03	6.962496e-01	6.324202e-03	6.928429e-01	6.221682e-03
2.283898e+03	7.062209e-01	7.496394e-03	6.893671e-01	6.226767e-03
2.284294e+03	6.978481e-01	7.651205e-03	6.810178e-01	6.231853e-03
2.284690e+03	6.820638e-01	6.442486e-03	6.808811e-01	6.236941e-03
2.285086e+03	7.021064e-01	6.428394e-03	6.991522e-01	6.242030e-03
2.285482e+03	7.056517e-01	6.453466e-03	7.034241e-01	6.247121e-03
2.285878e+03	6.958874e-01	6.503053e-03	6.974453e-01	6.252213e-03
2.286274e+03	7.055797e-01	6.708582e-03	7.078996e-01	6.257307e-03
2.286670e+03	7.076667e-01	6.807786e-03	7.116679e-01	6.262402e-03
2.287066e+03	7.050625e-01	6.884242e-03	7.048891e-01	6.267498e-03
2.287462e+03	7.060671e-01	6.936266e-03	7.037091e-01	6.272596e-03
2.287858e+03	7.048782e-01	7.014040e-03	7.088540e-01	6.277695e-03
2.288254e+03	7.123069e-01	7.202121e-03	7.127651e-01	6.282796e-03
2.288650e+03	6.981836e-01	7.381224e-03	7.039738e-01	6.287898e-03
2.289046e+03	6.818379e-01	7.391092e-03	6.980339e-01	6.293002e-03
2.289442e+03	nan	nan	7.014875e-01	6.298107e-03
2.289838e+03	6.999692e-01	7.417368e-03	7.112459e-01	6.303213e-03
2.290234e+03	7.121791e-01	7.508474e-03	7.147235e-01	6.308321e-03
2.290630e+03	nan	nan	7.133891e-01	6.313431e-03
2.291026e+03	7.075450e-01	7.493829e-03	7.095294e-01	6.318541e-03
2.291422e+03	6.951679e-01	6.994982e-03	6.934839e-01	6.323654e-03
2.291818e+03	6.724146e-01	6.711207e-03	6.759407e-01	6.328767e-03
2.292214e+03	6.709445e-01	6.629218e-03	6.756214e-01	6.333882e-03
2.292610e+03	6.775011e-01	6.431826e-03	6.794040e-01	6.338999e-03
2.293006e+03	6.616699e-01	6.309692e-03	6.575954e-01	6.344117e-03
2.293402e+03	5.995073e-01	6.117999e-03	5.998429e-01	6.349236e-03
2.293798e+03	5.393931e-01	5.882776e-03	5.501175e-01	6.354357e-03
2.294194e+03	5.564580e-01	5.945253e-03	5.579827e-01	6.359479e-03
2.294590e+03	5.720064e-01	5.993980e-03	5.814162e-01	6.364602e-03
2.294986e+03	5.838360e-01	6.062271e-03	5.911292e-01	6.369727e-03
2.295382e+03	5.970312e-01	6.055382e-03	5.976189e-01	6.374854e-03
2.295778e+03	6.046478e-01	6.070710e-03	6.081681e-01	6.379981e-03
2.296174e+03	6.048076e-01	6.062307e-03	6.128563e-01	6.385110e-03
2.296570e+03	6.045763e-01	6.268696e-03	6.110125e-01	6.390241e-03
2.296966e+03	6.190367e-01	6.525358e-03	6.188936e-01	6.395373e-03
2.297362e+03	6.410416e-01	6.675874e-03	6.337623e-01	6.400506e-03
2.297758e+03	6.391881e-01	6.697529e-03	6.389401e-01	6.405641e-03
2.298154e+03	6.217134e-01	6.373931e-03	6.333081e-01	6.410777e-03
2.298550e+03	6.274616e-01	6.212975e-03	6.364587e-01	6.415915e-03
2.298946e+03	6.365357e-01	6.196041e-03	6.461871e-01	6.421054e-03
2.299342e+03	6.450577e-01	6.243334e-03	6.538602e-01	6.426194e-03
2.299738e+03	6.526051e-01	6.326329e-03	6.624803e-01	6.431336e-03
2.300134e+03	6.509261e-01	6.288142e-03	6.605055e-01	6.436479e-03
2.300530e+03	6.285536e-01	6.153566e-03	6.407832e-01	6.441624e-03
2.300926e+03	6.193369e-01	6.082853e-03	6.248160e-01	6.446769e-03
2.301322e+03	6.193989e-01	6.076195e-03	6.242000e-01	6.451917e-03
2.301718e+03	6.481911e-01	6.181188e-03	6.479402e-01	6.457065e-03
2.302114e+03	6.694064e-01	6.223792e-03	6.716658e-01	6.462215e-03
2.302510e+03	6.696817e-01	6.240003e-03	6.733540e-01	6.467367e-03
2.302906e+03	6.422378e-01	6.169359e-03	6.563713e-01	6.472520e-03
2.303302e+03	6.327600e-01	6.121060e-03	6.493596e-01	6.477674e-03
2.303698e+03	6.362855e-01	6.091290e-03	6.507788e-01	6.482829e-03
2.304094e+03	6.646002e-01	6.135614e-03	6.645451e-01	6.487986e-03
2.304490e+03	6.738403e-01	6.100488e-03	6.742730e-01	6.493145e-03
2.304886e+03	6.469126e-01	6.028468e-03	6.532344e-01	6.498304e-03
2.305282e+03	6.362106e-01	6.053861e-03	6.377305e-01	6.503465e-03
2.305678e+03	6.329142e-01	6.048433e-03	6.319875e-01	6.508628e-03
2.306074e+03	6.480521e-01	6.078117e-03	6.453174e-01	6.513791e-03
2.306470e+03	6.501478e-01	6.074799e-03	6.522999e-01	6.518957e-03
2.306866e+03	6.507985e-01	6.077907e-03	6.523447e-01	6.524123e-03
2.307262e+03	6.666989e-01	6.109942e-03	6.628750e-01	6.529291e-03
2.307658e+03	6.536112e-01	6.076801e-03	6.561927e-01	6.534460e-03
2.308054e+03	6.666306e-01	6.135274e-03	6.635056e-01	6.539631e-03
2.308450e+03	6.906813e-01	9.105134e-03	6.768714e-01	6.544803e-03
2.308846e+03	6.668738e-01	9.043205e-03	6.593704e-01	6.549976e-03
2.309242e+03	6.467408e-01	6.302815e-03	6.400716e-01	6.555150e-03
2.309638e+03	6.351712e-01	6.309441e-03	6.291022e-01	6.560326e-03
2.310034e+03	6.350180e-01	6.376471e-03	6.260926e-01	6.565504e-03
2.310430e+03	6.549220e-01	6.474006e-03	6.421094e-01	6.570682e-03
2.310826e+03	6.497390e-01	6.466819e-03	6.429020e-01	6.575862e-03
2.311222e+03	6.174941e-01	6.382131e-03	6.217680e-01	6.581044e-03
2.311618e+03	6.274097e-01	6.436135e-03	6.201154e-01	6.586226e-03
2.312014e+03	6.436392e-01	6.493036e-03	6.338687e-01	6.591410e-03
2.312410e+03	6.466100e-01	6.468748e-03	6.382793e-01	6.596596e-03
2.312806e+03	6.577298e-01	6.412990e-03	6.461899e-01	6.601782e-03
2.313202e+03	6.637579e-01	6.390404e-03	6.499632e-01	6.606970e-03
2.313598e+03	6.530675e-01	6.263892e-03	6.395914e-01	6.612160e-03
2.313994e+03	6.410405e-01	6.223923e-03	6.318693e-01	6.617350e-03
2.314390e+03	6.363760e-01	6.218596e-03	6.291490e-01	6.622542e-03
2.314786e+03	6.201046e-01	6.179473e-03	6.108336e-01	6.627736e-03
2.315182e+03	6.098992e-01	6.210949e-03	6.177915e-01	6.632930e-03
2.315578e+03	6.434639e-01	6.999196e-03	6.468621e-01	6.638126e-03
2.315974e+03	6.240977e-01	6.218208e-03	6.409096e-01	6.643324e-03
2.316370e+03	5.969379e-01	6.142275e-03	6.184123e-01	6.648522e-03
2.316766e+03	6.198627e-01	6.269124e-03	6.295257e-01	6.653722e-03
2.317162e+03	6.348869e-01	6.595898e-03	6.402275e-01	6.658923e-03
2.317558e+03	6.024638e-01	6.351864e-03	6.218397e-01	6.664126e-03
2.317954e+03	6.053471e-01	8.144375e-03	6.209318e-01	6.669330e-03
2.318350e+03	6.391365e-01	6.336090e-03	6.449550e-01	6.674535e-03
2.318746e+03	6.480230e-01	6.541134e-03	6.554006e-01	6.679741e-03
2.319142e+03	6.575052e-01	6.743531e-03	6.478294e-01	6.684949e-03
2.319538e+03	6.447314e-01	6.256303e-03	6.491138e-01	6.690158e-03
2.319934e+03	6.531700e-01	6.286012e-03	6.555501e-01	6.695369e-03
2.320330e+03	6.250202e-01	6.263165e-03	6.328310e-01	6.700580e-03
2.320726e+03	5.959232e-01	6.374403e-03	6.089088e-01	6.705793e-03
2.321122e+03	6.162167e-01	6.416247e-03	6.218891e-01	6.711008e-03
2.321518e+03	6.446006e-01	6.631957e-03	6.403726e-01	6.716223e-03
2.321914e+03	6.326892e-01	6.686057e-03	6.279269e-01	6.721440e-03
2.322310e+03	5.945333e-01	6.550025e-03	5.889319e-01	6.726659e-03
2.322706e+03	nan	nan	5.404783e-01	6.731878e-03
2.323102e+03	nan	nan	5.200054e-01	6.737099e-03
2.323498e+03	5.444869e-01	6.304333e-03	5.393736e-01	6.742321e-03
2.323894e+03	5.686775e-01	6.336651e-03	5.671412e-01	6.747544e-03
2.324290e+03	5.977752e-01	6.465133e-03	5.893626e-01	6.752769e-03
2.324686e+03	5.931770e-01	6.448229e-03	5.900736e-01	6.757995e-03
2.325082e+03	5.771900e-01	6.397101e-03	5.849417e-01	6.763222e-03
2.325478e+03	nan	nan	5.889696e-01	6.768451e-03
2.325874e+03	nan	nan	5.844198e-01	6.773680e-03
2.326270e+03	5.672223e-01	6.498042e-03	5.871792e-01	6.778911e-03
2.326666e+03	5.946015e-01	6.605767e-03	6.039912e-01	6.784144e-03
2.327062e+03	6.175218e-01	6.711896e-03	6.126346e-01	6.789377e-03
2.327458e+03	6.217716e-01	6.682887e-03	6.141420e-01	6.794612e-03
2.327854e+03	6.074598e-01	6.548748e-03	6.042022e-01	6.799848e-03
2.328250e+03	nan	nan	5.869295e-01	6.805086e-03
2.328646e+03	nan	nan	5.811548e-01	6.810324e-03
2.329042e+03	5.933499e-01	6.388244e-03	5.964702e-01	6.815564e-03
2.329438e+03	6.212744e-01	6.390141e-03	6.176807e-01	6.820806e-03
2.329834e+03	6.219586e-01	6.316279e-03	6.152725e-01	6.826048e-03
2.330230e+03	5.701357e-01	6.036919e-03	5.758486e-01	6.831292e-03
2.330626e+03	5.491441e-01	5.903918e-03	5.532555e-01	6.836537e-03
2.331022e+03	5.683556e-01	5.911878e-03	5.674033e-01	6.841783e-03
2.331418e+03	nan	nan	5.820061e-01	6.847031e-03
2.331814e+03	nan	nan	5.910814e-01	6.852279e-03
2.332210e+03	6.073060e-01	5.997075e-03	6.148474e-01	6.857529e-03
2.332606e+03	6.237955e-01	6.044091e-03	6.272510e-01	6.862781e-03
2.333002e+03	6.198605e-01	6.010972e-03	6.169951e-01	6.868033e-03
2.333398e+03	6.059625e-01	5.964559e-03	6.080975e-01	6.873287e-03
2.333794e+03	5.972125e-01	5.962037e-03	5.982673e-01	6.878542e-03
2.334190e+03	5.901777e-01	5.883947e-03	5.935361e-01	6.883798e-03
2.334586e+03	5.778357e-01	5.862244e-03	5.890320e-01	6.889055e-03
2.334982e+03	5.762985e-01	5.893993e-03	5.872648e-01	6.894314e-03
2.335378e+03	5.709528e-01	5.889569e-03	5.812844e-01	6.899574e-03
2.335774e+03	5.903498e-01	5.956056e-03	5.898967e-01	6.904835e-03
2.336170e+03	6.122592e-01	5.988053e-03	6.156523e-01	6.910098e-03
2.336566e+03	6.010443e-01	5.946507e-03	6.109713e-01	6.915361e-03
2.336962e+03	5.895325e-01	5.924653e-03	5.978462e-01	6.920626e-03
2.337358e+03	6.000813e-01	5.911315e-03	6.062882e-01	6.925892e-03
2.337754e+03	6.017189e-01	5.910568e-03	6.064771e-01	6.931160e-03
2.338150e+03	5.983697e-01	9.257472e-03	5.934451e-01	6.936428e-03
2.338546e+03	5.701833e-01	6.292138e-03	5.815426e-01	6.941698e-03
2.338942e+03	5.701703e-01	5.849205e-03	5.771726e-01	6.946969e-03
2.339338e+03	5.742386e-01	5.903244e-03	5.829892e-01	6.952241e-03
2.339734e+03	5.811893e-01	6.106362e-03	5.867163e-01	6.957515e-03
2.340130e+03	5.692233e-01	6.296698e-03	5.734565e-01	6.962790e-03
2.340526e+03	nan	nan	5.740179e-01	6.968066e-03
2.340922e+03	5.983151e-01	6.473444e-03	5.888572e-01	6.973343e-03
2.341318e+03	nan	nan	5.807535e-01	6.978621e-03
2.341714e+03	nan	nan	5.853995e-01	6.983900e-03
2.342110e+03	6.256668e-01	6.747336e-03	6.146615e-01	6.989181e-03
2.342506e+03	6.424730e-01	6.642350e-03	6.297614e-01	6.994463e-03
2.342902e+03	6.231402e-01	6.518264e-03	6.196781e-01	6.999746e-03
2.343298e+03	5.994817e-01	6.425939e-03	6.019172e-01	7.005031e-03
2.343694e+03	5.826042e-01	6.385872e-03	5.841422e-01	7.010316e-03
2.344090e+03	nan	nan	5.829193e-01	7.015603e-03
2.344486e+03	nan	nan	5.702748e-01	7.020891e-03
2.344882e+03	5.351563e-01	5.892143e-03	5.449694e-01	7.026180e-03
2.345278e+03	5.386885e-01	5.901567e-03	5.466724e-01	7.031471e-03
2.345674e+03	5.848266e-01	6.026709e-03	5.899200e-01	7.036762e-03
2.346070e+03	6.309242e-01	6.091318e-03	6.291397e-01	7.042055e-03
2.346466e+03	6.221473e-01	6.026248e-03	6.232623e-01	7.047349e-03
2.346862e+03	5.972451e-01	5.923390e-03	6.058310e-01	7.052644e-03
2.347258e+03	5.995183e-01	5.918259e-03	5.992143e-01	7.057940e-03
2.347654e+03	6.002375e-01	5.924825e-03	6.022232e-01	7.063238e-03
2.348050e+03	6.089970e-01	5.994088e-03	6.158495e-01	7.068536e-03
2.348446e+03	6.088210e-01	6.004892e-03	6.236697e-01	7.073836e-03
2.348842e+03	6.185782e-01	6.059621e-03	6.228134e-01	7.079137e-03
2.349238e+03	5.990569e-01	6.062658e-03	6.001197e-01	7.084439e-03
2.349634e+03	5.676295e-01	6.643808e-03	5.728615e-01	7.089743e-03
2.350030e+03	nan	nan	5.815778e-01	7.095047e-03
2.350426e+03	nan	nan	5.855711e-01	7.100353e-03
2.350822e+03	5.635128e-01	8.168817e-03	5.636943e-01	7.105660e-03
2.351218e+03	5.630481e-01	6.534920e-03	5.581401e-01	7.110968e-03
2.351614e+03	5.658351e-01	6.768391e-03	5.641855e-01	7.116277e-03
2.352010e+03	nan	nan	5.611012e-01	7.121588e-03
2.352406e+03	5.181883e-01	6.077324e-03	5.193751e-01	7.126899e-03
2.352802e+03	4.786475e-01	5.988109e-03	4.886201e-01	7.132212e-03
2.353198e+03	5.058962e-01	6.118171e-03	5.133668e-01	7.137526e-03
2.353594e+03	5.259390e-01	6.118672e-03	5.320605e-01	7.142841e-03
2.353990e+03	5.158556e-01	5.989871e-03	5.198370e-01	7.148157e-03
2.354386e+03	5.235996e-01	6.000457e-03	5.225851e-01	7.153475e-03
2.354782e+03	5.556072e-01	6.076345e-03	5.480516e-01	7.158793e-03
2.355178e+03	5.580377e-01	6.123367e-03	5.620053e-01	7.164113e-03
2.355574e+03	5.623037e-01	6.134064e-03	5.624502e-01	7.169434e-03
2.355970e+03	5.453705e-01	6.054833e-03	5.483679e-01	7.174756e-03
2.356366e+03	5.387544e-01	6.009470e-03	5.429451e-01	7.180079e-03
2.356762e+03	5.622237e-01	6.120440e-03	5.585944e-01	7.185403e-03
2.357158e+03	5.735558e-01	6.182956e-03	5.708710e-01	7.190728e-03
2.357554e+03	5.733945e-01	6.197786e-03	5.702119e-01	7.196055e-03
2.357950e+03	5.675891e-01	6.186493e-03	5.658907e-01	7.201383e-03
2.358346e+03	5.422168e-01	6.078020e-03	5.506181e-01	7.206712e-03
2.358742e+03	5.237952e-01	6.032454e-03	5.357573e-01	7.212042e-03
2.359138e+03	5.373047e-01	6.039631e-03	5.446642e-01	7.217373e-03
2.359534e+03	5.648368e-01	6.178797e-03	5.671257e-01	7.222705e-03
2.359930e+03	5.796425e-01	6.464946e-03	5.815707e-01	7.228038e-03
2.360326e+03	nan	nan	5.682264e-01	7.233373e-03
2.360722e+03	5.545250e-01	6.389164e-03	5.570562e-01	7.238708e-03
2.361118e+03	5.532838e-01	6.268749e-03	5.501357e-01	7.244045e-03
2.361514e+03	5.356282e-01	6.024239e-03	5.371947e-01	7.249383e-03
2.361910e+03	5.448319e-01	6.103444e-03	5.393905e-01	7.254722e-03
2.362306e+03	5.532254e-01	6.216524e-03	5.482174e-01	7.260062e-03
2.362702e+03	5.570456e-01	6.307634e-03	5.504636e-01	7.265403e-03
2.363098e+03	5.496406e-01	6.218120e-03	5.453496e-01	7.270746e-03
2.363494e+03	5.633563e-01	6.201676e-03	5.536124e-01	7.276089e-03
2.363890e+03	5.788287e-01	6.356403e-03	5.665276e-01	7.281434e-03
2.364286e+03	5.683268e-01	6.661784e-03	5.699272e-01	7.286780e-03
2.364682e+03	5.668714e-01	6.932613e-03	5.751621e-01	7.292126e-03
2.365078e+03	5.708723e-01	7.051741e-03	5.777242e-01	7.297474e-03
2.365474e+03	5.816829e-01	6.821550e-03	5.778301e-01	7.302823e-03
2.365870e+03	5.822218e-01	6.664250e-03	5.802289e-01	7.308173e-03
2.366266e+03	5.766696e-01	6.577463e-03	5.734826e-01	7.313525e-03
2.366662e+03	5.720446e-01	6.462651e-03	5.667919e-01	7.318877e-03
2.367058e+03	5.522785e-01	6.362160e-03	5.525187e-01	7.324230e-03
2.367454e+03	5.151329e-01	6.230141e-03	5.249850e-01	7.329585e-03
2.367850e+03	5.083514e-01	6.277555e-03	5.183928e-01	7.334941e-03
2.368246e+03	5.461727e-01	6.388514e-03	5.437796e-01	7.340297e-03
2.368642e+03	5.487477e-01	6.317872e-03	5.525230e-01	7.345655e-03
2.369038e+03	5.563849e-01	6.351300e-03	5.567537e-01	7.351014e-03
2.369434e+03	5.708948e-01	6.382103e-03	5.720128e-01	7.356374e-03
2.369830e+03	5.655211e-01	6.331725e-03	5.686667e-01	7.361735e-03
2.370226e+03	5.501292e-01	6.256731e-03	5.596685e-01	7.367098e-03
2.370622e+03	5.472623e-01	6.153876e-03	5.630347e-01	7.372461e-03
2.371018e+03	5.520481e-01	6.061669e-03	5.669481e-01	7.377825e-03
2.371414e+03	5.501408e-01	6.240652e-03	5.593840e-01	7.383191e-03
2.371810e+03	5.694992e-01	6.490898e-03	5.710678e-01	7.388557e-03
2.372206e+03	5.888571e-01	6.694968e-03	5.859180e-01	7.393925e-03
2.372602e+03	5.723301e-01	6.539067e-03	5.764045e-01	7.399293e-03
2.372998e+03	5.558759e-01	6.545836e-03	5.682355e-01	7.404663e-03
2.373394e+03	5.598565e-01	6.721918e-03	5.716632e-01	7.410034e-03
2.373790e+03	5.546142e-01	6.719971e-03	5.657621e-01	7.415406e-03
2.374186e+03	5.547659e-01	6.760788e-03	5.518675e-01	7.420779e-03
2.374582e+03	5.627173e-01	6.936682e-03	5.555746e-01	7.426153e-03
2.374978e+03	5.619430e-01	7.202879e-03	5.633279e-01	7.431528e-03
2.375374e+03	5.473105e-01	7.346991e-03	5.573739e-01	7.436904e-03
2.375770e+03	5.451882e-01	7.956004e-03	5.513225e-01	7.442281e-03
2.376166e+03	5.457816e-01	9.237497e-03	5.518378e-01	7.447660e-03
2.376562e+03	5.317579e-01	9.634032e-03	5.369120e-01	7.453039e-03
2.376958e+03	5.268631e-01	1.017331e-02	5.363802e-01	7.458419e-03
2.377354e+03	5.567411e-01	1.216579e-02	5.713244e-01	7.463801e-03
2.377750e+03	nan	nan	5.822433e-01	7.469183e-03
2.378146e+03	nan	nan	5.484944e-01	7.474567e-03
2.378542e+03	nan	nan	5.301353e-01	7.479952e-03
2.378938e+03	nan	nan	5.369078e-01	7.485337e-03
2.379334e+03	nan	nan	5.436148e-01	7.490724e-03
2.379730e+03	nan	nan	5.466867e-01	7.496112e-03
2.380126e+03	nan	nan	5.545182e-01	7.501500e-03
2.380522e+03	nan	nan	5.497512e-01	7.506890e-03
2.380918e+03	nan	nan	5.247821e-01	7.512281e-03
2.381314e+03	nan	nan	5.273263e-01	7.517673e-03
2.381710e+03	nan	nan	5.419305e-01	7.523066e-03
2.382106e+03	nan	nan	5.422789e-01	7.528460e-03
2.382502e+03	nan	nan	5.222922e-01	7.533855e-03
2.382898e+03	nan	nan	4.950621e-01	7.539251e-03
2.383294e+03	nan	nan	4.850589e-01	7.544648e-03
2.383690e+03	nan	nan	4.836663e-01	7.550046e-03
2.384086e+03	nan	nan	4.941773e-01	7.555446e-03
2.384482e+03	nan	nan	5.131033e-01	7.560846e-03
2.384878e+03	nan	nan	5.344083e-01	7.566247e-03
2.385274e+03	nan	nan	5.403256e-01	7.571649e-03
2.385670e+03	nan	nan	5.137767e-01	7.577052e-03
2.386066e+03	nan	nan	4.980757e-01	7.582457e-03
2.386462e+03	nan	nan	4.982756e-01	7.587862e-03
2.386858e+03	nan	nan	4.884270e-01	7.593268e-03
2.387254e+03	nan	nan	4.893876e-01	7.598675e-03
2.387650e+03	nan	nan	5.007591e-01	7.604084e-03
2.388046e+03	nan	nan	4.904726e-01	7.609493e-03
2.388442e+03	nan	nan	4.888221e-01	7.614903e-03
2.388838e+03	nan	nan	5.086701e-01	7.620315e-03
2.389234e+03	nan	nan	5.130325e-01	7.625727e-03
2.389630e+03	nan	nan	5.307746e-01	7.631140e-03
2.390026e+03	nan	nan	5.538106e-01	7.636555e-03
2.390422e+03	nan	nan	5.587033e-01	7.641970e-03
2.390818e+03	nan	nan	5.533522e-01	7.647386e-03
2.391214e+03	nan	nan	5.239508e-01	7.652804e-03
2.391610e+03	nan	nan	4.920451e-01	7.658222e-03
2.392006e+03	nan	nan	4.874011e-01	7.663641e-03
2.392402e+03	nan	nan	4.949703e-01	7.669062e-03
2.392798e+03	nan	nan	4.981619e-01	7.674483e-03
2.393194e+03	nan	nan	5.130797e-01	7.679905e-03
2.393590e+03	nan	nan	5.485497e-01	7.685328e-03
2.393986e+03	nan	nan	5.715166e-01	7.690753e-03
2.394382e+03	nan	nan	5.576126e-01	7.696178e-03
2.394778e+03	nan	nan	5.250595e-01	7.701604e-03
2.395174e+03	nan	nan	5.127231e-01	7.707031e-03
2.395570e+03	nan	nan	5.243187e-01	7.712459e-03
2.395966e+03	nan	nan	5.266630e-01	7.717888e-03
2.396362e+03	nan	nan	5.142016e-01	7.723319e-03
2.396758e+03	nan	nan	4.952304e-01	7.728750e-03
2.397154e+03	nan	nan	4.969573e-01	7.734182e-03
2.397550e+03	nan	nan	5.103312e-01	7.739615e-03
2.397946e+03	nan	nan	4.965669e-01	7.745049e-03
2.398342e+03	nan	nan	5.003156e-01	7.750484e-03
2.398738e+03	nan	nan	5.224219e-01	7.755919e-03
2.399134e+03	nan	nan	5.203444e-01	7.761356e-03
2.399530e+03	nan	nan	5.178917e-01	7.766794e-03
2.399926e+03	nan	nan	5.186898e-01	7.772233e-03
2.400322e+03	nan	nan	5.057584e-01	7.777673e-03
2.400718e+03	nan	nan	5.017449e-01	7.783113e-03
2.401114e+03	nan	nan	5.001333e-01	7.788555e-03
2.401510e+03	nan	nan	5.030409e-01	7.793998e-03
2.401906e+03	nan	nan	5.022962e-01	7.799441e-03
2.402302e+03	nan	nan	4.901016e-01	7.804886e-03
2.402698e+03	nan	nan	4.885394e-01	7.810331e-03
2.403094e+03	nan	nan	5.135143e-01	7.815777e-03
2.403490e+03	nan	nan	5.334476e-01	7.821225e-03
2.403886e+03	nan	nan	5.113857e-01	7.826673e-03
2.404282e+03	nan	nan	4.854348e-01	7.832122e-03
2.404678e+03	nan	nan	4.889448e-01	7.837572e-03
2.405074e+03	nan	nan	4.893478e-01	7.843023e-03
2.405470e+03	nan	nan	4.873381e-01	7.848475e-03
2.405866e+03	nan	nan	4.909590e-01	7.853928e-03
2.406262e+03	nan	nan	4.995365e-01	7.859382e-03
2.406658e+03	nan	nan	5.008746e-01	7.864837e-03
2.407054e+03	nan	nan	4.875697e-01	7.870292e-03
2.407450e+03	nan	nan	4.807464e-01	7.875749e-03
2.407846e+03	nan	nan	4.726342e-01	7.881207e-03
2.408242e+03	nan	nan	4.572344e-01	7.886665e-03
2.408638e+03	nan	nan	4.646371e-01	7.892125e-03
2.409034e+03	nan	nan	4.768329e-01	7.897585e-03
2.409430e+03	nan	nan	4.844045e-01	7.903046e-03
2.409826e+03	nan	nan	4.783310e-01	7.908508e-03
2.410222e+03	nan	nan	4.745905e-01	7.913971e-03
2.410618e+03	nan	nan	4.926507e-01	7.919435e-03
2.411014e+03	nan	nan	5.015243e-01	7.924900e-03
2.411410e+03	nan	nan	4.821301e-01	7.930366e-03
2.411806e+03	nan	nan	4.675435e-01	7.935832e-03
2.412202e+03	nan	nan	4.775517e-01	7.941300e-03
2.412598e+03	nan	nan	4.757399e-01	7.946769e-03
2.412994e+03	nan	nan	4.610845e-01	7.952238e-03
2.413390e+03	nan	nan	4.583778e-01	7.957708e-03
2.413786e+03	nan	nan	4.490291e-01	7.963179e-03
2.414182e+03	nan	nan	4.401366e-01	7.968651e-03
2.414578e+03	nan	nan	4.517096e-01	7.974124e-03
2.414974e+03	nan	nan	4.760651e-01	7.979598e-03
2.415370e+03	nan	nan	4.991265e-01	7.985073e-03
2.415766e+03	nan	nan	4.864750e-01	7.990549e-03
2.416162e+03	nan	nan	4.526116e-01	7.996025e-03
2.416558e+03	nan	nan	4.333968e-01	8.001503e-03
2.416954e+03	nan	nan	4.414639e-01	8.006981e-03
2.417350e+03	nan	nan	4.585188e-01	8.012460e-03
2.417746e+03	nan	nan	4.641719e-01	8.017940e-03
2.418142e+03	nan	nan	4.743821e-01	8.023421e-03
2.418538e+03	nan	nan	4.987957e-01	8.028903e-03
2.418934e+03	nan	nan	5.120881e-01	8.034385e-03
2.419330e+03	nan	nan	4.667135e-01	8.039869e-03
2.419726e+03	nan	nan	4.210571e-01	8.045353e-03
2.420122e+03	nan	nan	4.463966e-01	8.050839e-03
2.420518e+03	nan	nan	4.873801e-01	8.056325e-03
2.420914e+03	nan	nan	4.890854e-01	8.061812e-03
2.421310e+03	nan	nan	4.679313e-01	8.067300e-03
2.421706e+03	nan	nan	4.468476e-01	8.072788e-03
2.422102e+03	nan	nan	4.442170e-01	8.078278e-03
2.422498e+03	nan	nan	4.582591e-01	8.083768e-03
2.422894e+03	nan	nan	4.719547e-01	8.089260e-03
2.423290e+03	nan	nan	4.650674e-01	8.094752e-03
2.423686e+03	nan	nan	4.749312e-01	8.100245e-03
2.424082e+03	nan	nan	4.924366e-01	8.105739e-03
2.424478e+03	nan	nan	4.853084e-01	8.111234e-03
2.424874e+03	nan	nan	4.733534e-01	8.116729e-03
2.425270e+03	nan	nan	4.664299e-01	8.122226e-03
2.425666e+03	nan	nan	4.458879e-01	8.127723e-03
2.426062e+03	nan	nan	4.409858e-01	8.133221e-03
2.426458e+03	nan	nan	4.483360e-01	8.138720e-03
2.426854e+03	nan	nan	4.553546e-01	8.144220e-03
2.427250e+03	nan	nan	4.681509e-01	8.149720e-03
2.427646e+03	nan	nan	4.612429e-01	8.155222e-03
2.428042e+03	nan	nan	4.355711e-01	8.160724e-03
2.428438e+03	nan	nan	4.293721e-01	8.166227e-03
2.428834e+03	nan	nan	4.534609e-01	8.171731e-03
2.429230e+03	nan	nan	4.762854e-01	8.177236e-03
2.429626e+03	nan	nan	4.835012e-01	8.182741e-03
2.430022e+03	nan	nan	4.747166e-01	8.188248e-03
2.430418e+03	nan	nan	4.610352e-01	8.193755e-03
2.430814e+03	nan	nan	4.472360e-01	8.199263e-03
2.431210e+03	nan	nan	4.321279e-01	8.204772e-03
2.431606e+03	nan	nan	4.326195e-01	8.210282e-03
2.432002e+03	nan	nan	4.480873e-01	8.215792e-03
2.432398e+03	nan	nan	4.718097e-01	8.221304e-03
2.432794e+03	nan	nan	4.846666e-01	8.226816e-03
2.433190e+03	nan	nan	4.649583e-01	8.232329e-03
2.433586e+03	nan	nan	4.258676e-01	8.237843e-03
2.433982e+03	nan	nan	4.118820e-01	8.243357e-03
2.434378e+03	nan	nan	4.228738e-01	8.248873e-03
2.434774e+03	nan	nan	4.284364e-01	8.254389e-03
2.435170e+03	nan	nan	4.377304e-01	8.259906e-03
2.435566e+03	nan	nan	4.603557e-01	8.265424e-03
2.435962e+03	nan	nan	4.641541e-01	8.270942e-03
2.436358e+03	nan	nan	4.333056e-01	8.276462e-03
2.436754e+03	nan	nan	3.911487e-01	8.281982e-03
2.437150e+03	nan	nan	3.769309e-01	8.287503e-03
2.437546e+03	nan	nan	4.011918e-01	8.293024e-03
2.437942e+03	nan	nan	4.297169e-01	8.298547e-03
2.438338e+03	nan	nan	4.542630e-01	8.304070e-03
2.438734e+03	nan	nan	4.696187e-01	8.309595e-03
2.439130e+03	nan	nan	4.706593e-01	8.315119e-03
2.439526e+03	nan	nan	4.688180e-01	8.320645e-03
2.439922e+03	nan	nan	4.560952e-01	8.326172e-03
2.440318e+03	nan	nan	4.465690e-01	8.331699e-03
2.440714e+03	nan	nan	4.529168e-01	8.337227e-03
2.441110e+03	nan	nan	4.492676e-01	8.342756e-03
2.441506e+03	nan	nan	4.274463e-01	8.348285e-03
2.441902e+03	nan	nan	4.165427e-01	8.353816e-03
2.442298e+03	nan	nan	4.117802e-01	8.359347e-03
2.442694e+03	nan	nan	4.032194e-01	8.364879e-03
2.443090e+03	nan	nan	4.208202e-01	8.370412e-03
2.443486e+03	nan	nan	4.341892e-01	8.375945e-03
2.443882e+03	nan	nan	4.131205e-01	8.381479e-03
2.444278e+03	nan	nan	3.856107e-01	8.387014e-03
2.444674e+03	nan	nan	3.931201e-01	8.392550e-03
2.445070e+03	nan	nan	4.291372e-01	8.398086e-03
2.445466e+03	nan	nan	4.528480e-01	8.403624e-03
2.445862e+03	nan	nan	4.523703e-01	8.409162e-03
2.446258e+03	nan	nan	4.346567e-01	8.414700e-03
2.446654e+03	nan	nan	4.311489e-01	8.420240e-03
2.447050e+03	nan	nan	4.385166e-01	8.425780e-03
2.447446e+03	nan	nan	4.212580e-01	8.431321e-03
2.447842e+03	nan	nan	3.945360e-01	8.436863e-03
2.448238e+03	nan	nan	3.876712e-01	8.442406e-03
2.448634e+03	nan	nan	4.004338e-01	8.447949e-03
2.449030e+03	nan	nan	4.219072e-01	8.453493e-03
2.449426e+03	nan	nan	4.305425e-01	8.459038e-03
2.449822e+03	nan	nan	4.284431e-01	8.464583e-03
2.450218e+03	nan	nan	4.277589e-01	8.470129e-03
2.450614e+03	nan	nan	4.367038e-01	8.475676e-03
2.451010e+03	nan	nan	4.440621e-01	8.481224e-03
2.451406e+03	nan	nan	4.267015e-01	8.486772e-03
2.451802e+03	nan	nan	4.039964e-01	8.492321e-03
2.452198e+03	nan	nan	4.015286e-01	8.497871e-03
2.452594e+03	nan	nan	4.016382e-01	8.503422e-03
2.452990e+03	nan	nan	3.907266e-01	8.508973e-03
2.453386e+03	nan	nan	3.835636e-01	8.514525e-03
2.453782e+03	nan	nan	3.812595e-01	8.520078e-03
2.454178e+03	nan	nan	3.679603e-01	8.525632e-03
2.454574e+03	nan	nan	3.580803e-01	8.531186e-03
2.454970e+03	nan	nan	3.750936e-01	8.536741e-03
2.455366e+03	nan	nan	4.127857e-01	8.542296e-03
2.455762e+03	nan	nan	4.370275e-01	8.547853e-03
2.456158e+03	nan	nan	4.488267e-01	8.553410e-03
2.456554e+03	nan	nan	4.476028e-01	8.558968e-03
2.456950e+03	nan	nan	4.330759e-01	8.564526e-03
2.457346e+03	nan	nan	4.259890e-01	8.570085e-03
2.457742e+03	nan	nan	4.202068e-01	8.575645e-03
2.458138e+03	nan	nan	4.186572e-01	8.581206e-03
2.458534e+03	nan	nan	4.228656e-01	8.586767e-03
2.458930e+03	nan	nan	4.237480e-01	8.592329e-03
2.459326e+03	nan	nan	4.057625e-01	8.597892e-03
2.459722e+03	nan	nan	3.839350e-01	8.603455e-03
2.460118e+03	nan	nan	3.868389e-01	8.609019e-03
2.460514e+03	nan	nan	3.761761e-01	8.614584e-03
2.460910e+03	nan	nan	3.331012e-01	8.620149e-03
2.461306e+03	nan	nan	3.154088e-01	8.625715e-03
2.461702e+03	nan	nan	3.550679e-01	8.631282e-03
2.462098e+03	nan	nan	4.108438e-01	8.636850e-03
2.462494e+03	nan	nan	4.293936e-01	8.642418e-03
2.462890e+03	nan	nan	4.164450e-01	8.647987e-03
2.463286e+03	nan	nan	4.024534e-01	8.653557e-03
2.463682e+03	nan	nan	4.033032e-01	8.659127e-03
2.464078e+03	nan	nan	4.211366e-01	8.664698e-03
2.464474e+03	nan	nan	4.303796e-01	8.670269e-03
2.464870e+03	nan	nan	4.201826e-01	8.675842e-03
2.465266e+03	nan	nan	4.079421e-01	8.681414e-03
2.465662e+03	nan	nan	3.994383e-01	8.686988e-03
2.466058e+03	nan	nan	3.916819e-01	8.692562e-03
2.466454e+03	nan	nan	3.977797e-01	8.698137e-03
2.466850e+03	nan	nan	4.119217e-01	8.703713e-03
2.467246e+03	nan	nan	4.063623e-01	8.709289e-03
2.467642e+03	nan	nan	3.736251e-01	8.714866e-03
2.468038e+03	nan	nan	3.602393e-01	8.720444e-03
2.468434e+03	nan	nan	3.780816e-01	8.726022e-03
2.468830e+03	nan	nan	4.037207e-01	8.731601e-03
2.469226e+03	nan	nan	4.279273e-01	8.737180e-03
2.469622e+03	nan	nan	4.282649e-01	8.742761e-03
2.470018e+03	nan	nan	4.049618e-01	8.748341e-03
2.470414e+03	nan	nan	3.848477e-01	8.753923e-03
2.470810e+03	nan	nan	3.813705e-01	8.759505e-03
2.471206e+03	nan	nan	3.945155e-01	8.765088e-03
2.471602e+03	nan	nan	3.978380e-01	8.770671e-03
2.471998e+03	nan	nan	3.824074e-01	8.776256e-03
2.472394e+03	nan	nan	3.804511e-01	8.781840e-03
2.472790e+03	nan	nan	3.902411e-01	8.787426e-03
2.473186e+03	nan	nan	3.863995e-01	8.793012e-03
2.473582e+03	nan	nan	3.603170e-01	8.798598e-03
2.473978e+03	nan	nan	3.493001e-01	8.804186e-03
2.474374e+03	nan	nan	3.719028e-01	8.809773e-03
2.474770e+03	nan	nan	3.670753e-01	8.815362e-03
2.475166e+03	nan	nan	3.430153e-01	8.820951e-03
2.475562e+03	nan	nan	3.458112e-01	8.826541e-03
2.475958e+03	nan	nan	3.582745e-01	8.832131e-03
2.476354e+03	nan	nan	3.868449e-01	8.837722e-03
2.476750e+03	nan	nan	4.240033e-01	8.843314e-03
2.477146e+03	nan	nan	4.227593e-01	8.848906e-03
2.477542e+03	nan	nan	4.042531e-01	8.854499e-03
2.477938e+03	nan	nan	4.035858e-01	8.860093e-03
2.478334e+03	nan	nan	3.891048e-01	8.865687e-03
2.478730e+03	nan	nan	3.658109e-01	8.871282e-03
2.479126e+03	nan	nan	3.560279e-01	8.876877e-03
2.479522e+03	nan	nan	3.632669e-01	8.882473e-03
2.479918e+03	nan	nan	3.723858e-01	8.888070e-03
2.480314e+03	nan	nan	3.718699e-01	8.893667e-03
2.480710e+03	nan	nan	3.695572e-01	8.899264e-03
2.481106e+03	nan	nan	3.553156e-01	8.904863e-03
2.481502e+03	nan	nan	3.420855e-01	8.910462e-03
2.481898e+03	nan	nan	3.446224e-01	8.916061e-03
2.482294e+03	nan	nan	3.425731e-01	8.921662e-03
2.482690e+03	nan	nan	3.480338e-01	8.927262e-03
2.483086e+03	3.770538e-01	8.314061e-03	3.713901e-01	8.932864e-03
2.483482e+03	3.979627e-01	7.195035e-03	3.900443e-01	8.938466e-03
2.483878e+03	4.139888e-01	6.025040e-03	3.999365e-01	8.944068e-03
2.484274e+03	4.082200e-01	5.785206e-03	3.999609e-01	8.949671e-03
2.484670e+03	4.078050e-01	5.575383e-03	4.068499e-01	8.955275e-03
2.485066e+03	4.149731e-01	5.136581e-03	4.171147e-01	8.960879e-03
2.485462e+03	4.194131e-01	4.605495e-03	4.226041e-01	8.966484e-03
2.485858e+03	4.057816e-01	4.230445e-03	4.112513e-01	8.972090e-03
2.486254e+03	3.874700e-01	3.928040e-03	3.921969e-01	8.977696e-03
2.486650e+03	3.740457e-01	3.771383e-03	3.757255e-01	8.983303e-03
2.487046e+03	3.736998e-01	3.788159e-03	3.638741e-01	8.988910e-03
2.487442e+03	3.618777e-01	3.809578e-03	3.490302e-01	8.994518e-03
2.487838e+03	3.508135e-01	3.860712e-03	3.415162e-01	9.000126e-03
2.488234e+03	3.495571e-01	3.866851e-03	3.404433e-01	9.005735e-03
2.488630e+03	3.490778e-01	3.867184e-03	3.438638e-01	9.011344e-03
2.489026e+03	3.700847e-01	3.927295e-03	3.611526e-01	9.016955e-03
2.489422e+03	3.695754e-01	3.899182e-03	3.592088e-01	9.022565e-03
2.489818e+03	3.562413e-01	3.816419e-03	3.505480e-01	9.028176e-03
2.490214e+03	3.499704e-01	3.772608e-03	3.445339e-01	9.033788e-03
2.490610e+03	3.342114e-01	3.732603e-03	3.342078e-01	9.039401e-03
2.491006e+03	3.188804e-01	3.691416e-03	3.257647e-01	9.045013e-03
2.491402e+03	3.414471e-01	3.795180e-03	3.396746e-01	9.050627e-03
2.491798e+03	3.634459e-01	3.890227e-03	3.562344e-01	9.056241e-03
2.492194e+03	3.638241e-01	3.926594e-03	3.610115e-01	9.061855e-03
2.492590e+03	3.768988e-01	4.080188e-03	3.737428e-01	9.067471e-03
2.492986e+03	3.631639e-01	4.008765e-03	3.714502e-01	9.073086e-03
2.493382e+03	3.525483e-01	3.940698e-03	3.571847e-01	9.078702e-03
2.493778e+03	3.782454e-01	4.044249e-03	3.675578e-01	9.084319e-03
2.494174e+03	3.947871e-01	4.152841e-03	3.872326e-01	9.089937e-03
2.494570e+03	3.727683e-01	4.098711e-03	3.758215e-01	9.095554e-03
2.494966e+03	3.651202e-01	4.068355e-03	3.682278e-01	9.101173e-03
2.495362e+03	3.974858e-01	4.229712e-03	3.937719e-01	9.106792e-03
2.495758e+03	4.011322e-01	4.201428e-03	4.050419e-01	9.112411e-03
2.496154e+03	3.937893e-01	4.197802e-03	3.957934e-01	9.118031e-03
2.496550e+03	3.804903e-01	4.135296e-03	3.864788e-01	9.123652e-03
2.496946e+03	3.878730e-01	4.188805e-03	3.889412e-01	9.129273e-03
2.497342e+03	3.754421e-01	4.098524e-03	3.832485e-01	9.134895e-03
2.497738e+03	3.572872e-01	3.999027e-03	3.613865e-01	9.140517e-03
2.498134e+03	3.265198e-01	3.800831e-03	3.293575e-01	9.146139e-03
2.498530e+03	3.236753e-01	3.797470e-03	3.227866e-01	9.151763e-03
2.498926e+03	3.285794e-01	4.045500e-03	3.383330e-01	9.157386e-03
2.499322e+03	3.375559e-01	4.041520e-03	3.497815e-01	9.163011e-03
2.499718e+03	3.577804e-01	3.837468e-03	3.570690e-01	9.168635e-03
2.500114e+03	3.621564e-01	3.787336e-03	3.650972e-01	9.174261e-03
2.500510e+03	3.528228e-01	3.749729e-03	3.587647e-01	9.179887e-03
2.500906e+03	3.384489e-01	3.695146e-03	3.494000e-01	9.185513e-03
2.501302e+03	3.694715e-01	3.794592e-03	3.708958e-01	9.191140e-03
2.501698e+03	3.797885e-01	3.823779e-03	3.844858e-01	9.196767e-03
2.502094e+03	3.718658e-01	3.795373e-03	3.782017e-01	9.202395e-03
2.502490e+03	3.781834e-01	3.804558e-03	3.754450e-01	9.208023e-03
2.502886e+03	3.779902e-01	3.804972e-03	3.668951e-01	9.213652e-03
2.503282e+03	3.405729e-01	3.708354e-03	3.382534e-01	9.219282e-03
2.503678e+03	3.272696e-01	3.649004e-03	3.280786e-01	9.224912e-03
2.504074e+03	3.511222e-01	3.718419e-03	3.453836e-01	9.230542e-03
2.504470e+03	3.457023e-01	3.688299e-03	3.467415e-01	9.236173e-03
2.504866e+03	3.360300e-01	3.666686e-03	3.396592e-01	9.241804e-03
2.505262e+03	3.436656e-01	3.689554e-03	3.403892e-01	9.247436e-03
2.505658e+03	3.344703e-01	3.689190e-03	3.280124e-01	9.253069e-03
2.506054e+03	3.099087e-01	3.621216e-03	3.053635e-01	9.258702e-03
2.506450e+03	3.079194e-01	3.617685e-03	3.033259e-01	9.264335e-03
2.506846e+03	3.274990e-01	3.664884e-03	3.228126e-01	9.269969e-03
2.507242e+03	3.435422e-01	3.694846e-03	3.409680e-01	9.275603e-03
2.507638e+03	3.543442e-01	3.728619e-03	3.518168e-01	9.281238e-03
2.508034e+03	3.542227e-01	3.728304e-03	3.558786e-01	9.286874e-03
2.508430e+03	3.505903e-01	3.711015e-03	3.576535e-01	9.292510e-03
2.508826e+03	3.739856e-01	3.776822e-03	3.702033e-01	9.298146e-03
2.509222e+03	3.711940e-01	3.763229e-03	3.683771e-01	9.303783e-03
2.509618e+03	3.621725e-01	3.744117e-03	3.559418e-01	9.309420e-03
2.510014e+03	3.630360e-01	3.793234e-03	3.556517e-01	9.315058e-03
2.510410e+03	3.507219e-01	3.709965e-03	3.498593e-01	9.320696e-03
2.510806e+03	3.355426e-01	3.694009e-03	3.379845e-01	9.326335e-03
2.511202e+03	3.367002e-01	3.736432e-03	3.349073e-01	9.331974e-03
2.511598e+03	3.471408e-01	3.780520e-03	3.424068e-01	9.337614e-03
2.511994e+03	3.427341e-01	3.771987e-03	3.358704e-01	9.343254e-03
2.512390e+03	3.341714e-01	3.726220e-03	3.233790e-01	9.348894e-03
2.512786e+03	3.324160e-01	3.719681e-03	3.210391e-01	9.354535e-03
2.513182e+03	3.334317e-01	3.727832e-03	3.238744e-01	9.360177e-03
2.513578e+03	3.364538e-01	3.759626e-03	3.292889e-01	9.365819e-03
2.513974e+03	3.553997e-01	3.780618e-03	3.470595e-01	9.371461e-03
2.514370e+03	3.603764e-01	3.792875e-03	3.545066e-01	9.377104e-03
2.514766e+03	3.332916e-01	3.677878e-03	3.315131e-01	9.382748e-03
2.515162e+03	3.010477e-01	3.598011e-03	2.973491e-01	9.388392e-03
2.515558e+03	2.926790e-01	3.565719e-03	2.888378e-01	9.394036e-03
2.515954e+03	3.239107e-01	3.636171e-03	3.162703e-01	9.399681e-03
2.516350e+03	3.507186e-01	3.711382e-03	3.521049e-01	9.405326e-03
2.516746e+03	3.767164e-01	3.755524e-03	3.849777e-01	9.410972e-03
2.517142e+03	3.979962e-01	3.787794e-03	4.026201e-01	9.416618e-03
2.517538e+03	3.775106e-01	3.737169e-03	3.853413e-01	9.422264e-03
2.517934e+03	3.675570e-01	3.709769e-03	3.677383e-01	9.427911e-03
2.518330e+03	3.610669e-01	3.713872e-03	3.555220e-01	9.433559e-03
2.518726e+03	3.531227e-01	3.661349e-03	3.485136e-01	9.439207e-03
2.519122e+03	3.463412e-01	3.648485e-03	3.433120e-01	9.444855e-03
2.519518e+03	3.251954e-01	3.606010e-03	3.236016e-01	9.450504e-03
2.519914e+03	3.354640e-01	3.671763e-03	3.245747e-01	9.456153e-03
2.520310e+03	3.423415e-01	3.737490e-03	3.297557e-01	9.461802e-03
2.520706e+03	3.330621e-01	3.762325e-03	3.295437e-01	9.467452e-03
2.521102e+03	3.549581e-01	3.878484e-03	3.518118e-01	9.473103e-03
2.521498e+03	3.693849e-01	3.938179e-03	3.673959e-01	9.478754e-03
2.521894e+03	3.575669e-01	3.920997e-03	3.602913e-01	9.484405e-03
2.522290e+03	3.493812e-01	3.883474e-03	3.514686e-01	9.490057e-03
2.522686e+03	3.531042e-01	3.948203e-03	3.507990e-01	9.495709e-03
2.523082e+03	3.509727e-01	3.970588e-03	3.469298e-01	9.501362e-03
2.523478e+03	3.393175e-01	3.929267e-03	3.343963e-01	9.507015e-03
2.523874e+03	3.100581e-01	3.832749e-03	3.046849e-01	9.512668e-03
2.524270e+03	2.938237e-01	3.820975e-03	2.883407e-01	9.518322e-03
2.524666e+03	3.187243e-01	4.088083e-03	3.091677e-01	9.523977e-03
2.525062e+03	3.408192e-01	4.037488e-03	3.283757e-01	9.529631e-03
2.525458e+03	3.327898e-01	3.838414e-03	3.206321e-01	9.535286e-03
2.525854e+03	3.268828e-01	3.710777e-03	3.149961e-01	9.540942e-03
2.526250e+03	3.358587e-01	3.728110e-03	3.234856e-01	9.546598e-03
2.526646e+03	3.549755e-01	3.788143e-03	3.434775e-01	9.552254e-03
2.527042e+03	3.600156e-01	3.825659e-03	3.469565e-01	9.557911e-03
2.527438e+03	3.218128e-01	3.701365e-03	3.159535e-01	9.563568e-03
2.527834e+03	2.986467e-01	3.613006e-03	2.923397e-01	9.569226e-03
2.528230e+03	3.047845e-01	3.645898e-03	2.965956e-01	9.574884e-03
2.528626e+03	3.246769e-01	3.790320e-03	3.080029e-01	9.580542e-03
2.529022e+03	3.162370e-01	3.701581e-03	3.090597e-01	9.586201e-03
2.529418e+03	3.210182e-01	3.705279e-03	3.173074e-01	9.591860e-03
2.529814e+03	3.408674e-01	3.800131e-03	3.373708e-01	9.597519e-03
2.530210e+03	3.509842e-01	3.776481e-03	3.494728e-01	9.603179e-03
2.530606e+03	3.653983e-01	3.842585e-03	3.628522e-01	9.608840e-03
2.531002e+03	3.582913e-01	3.785900e-03	3.577417e-01	9.614501e-03
2.531398e+03	3.284193e-01	3.720796e-03	3.339930e-01	9.620162e-03
2.531794e+03	3.382059e-01	3.741671e-03	3.378065e-01	9.625823e-03
2.532190e+03	3.719519e-01	3.869892e-03	3.619140e-01	9.631485e-03
2.532586e+03	3.593254e-01	3.796184e-03	3.513626e-01	9.637147e-03
2.532982e+03	3.264519e-01	3.710685e-03	3.199266e-01	9.642810e-03
2.533378e+03	3.222695e-01	3.709717e-03	3.160689e-01	9.648473e-03
2.533774e+03	3.519348e-01	3.783407e-03	3.439625e-01	9.654136e-03
2.534170e+03	3.718492e-01	3.871529e-03	3.631441e-01	9.659800e-03
2.534566e+03	3.522988e-01	3.813724e-03	3.475765e-01	9.665464e-03
2.534962e+03	3.286955e-01	3.728327e-03	3.217447e-01	9.671129e-03
2.535358e+03	3.197579e-01	6.373062e-03	3.064274e-01	9.676794e-03
2.535754e+03	3.065437e-01	4.581307e-03	2.968963e-01	9.682459e-03
2.536150e+03	2.947009e-01	3.679584e-03	2.911458e-01	9.688125e-03
2.536546e+03	3.131916e-01	3.813417e-03	3.044262e-01	9.693791e-03
2.536942e+03	3.173411e-01	3.778393e-03	3.105126e-01	9.699457e-03
2.537338e+03	3.068603e-01	3.703875e-03	3.071829e-01	9.705124e-03
2.537734e+03	3.138843e-01	3.700605e-03	3.172066e-01	9.710791e-03
2.538130e+03	3.444239e-01	3.773450e-03	3.436214e-01	9.716458e-03
2.538526e+03	3.595271e-01	3.841957e-03	3.485096e-01	9.722126e-03
2.538922e+03	3.273761e-01	3.761863e-03	3.208709e-01	9.727794e-03
2.539318e+03	3.074382e-01	3.732063e-03	3.025687e-01	9.733463e-03
2.539714e+03	3.127601e-01	3.785636e-03	3.055348e-01	9.739132e-03
2.540110e+03	3.213598e-01	3.819095e-03	3.125351e-01	9.744801e-03
2.540506e+03	3.077664e-01	3.796685e-03	3.014549e-01	9.750470e-03
2.540902e+03	2.946823e-01	3.712080e-03	2.962610e-01	9.756140e-03
2.541298e+03	3.244422e-01	3.846296e-03	3.174195e-01	9.761811e-03
2.541694e+03	3.351423e-01	3.857172e-03	3.325836e-01	9.767481e-03
2.542090e+03	3.423628e-01	3.832967e-03	3.407376e-01	9.773152e-03
2.542486e+03	3.411068e-01	3.853207e-03	3.354415e-01	9.778824e-03
2.542882e+03	nan	nan	3.071785e-01	9.784495e-03
2.543278e+03	3.021271e-01	3.695951e-03	2.927214e-01	9.790167e-03
2.543674e+03	3.033707e-01	3.722045e-03	2.932347e-01	9.795839e-03
2.544070e+03	3.082569e-01	3.739905e-03	2.997086e-01	9.801512e-03
2.544466e+03	3.260798e-01	3.791428e-03	3.161997e-01	9.807185e-03
2.544862e+03	3.468190e-01	3.868661e-03	3.373314e-01	9.812858e-03
2.545258e+03	3.490512e-01	3.849825e-03	3.445942e-01	9.818532e-03
2.545654e+03	3.324454e-01	3.795644e-03	3.368468e-01	9.824206e-03
2.546050e+03	3.293408e-01	3.762196e-03	3.328576e-01	9.829880e-03
2.546446e+03	3.362419e-01	3.789835e-03	3.360578e-01	9.835555e-03
2.546842e+03	3.281286e-01	3.749759e-03	3.308355e-01	9.841230e-03
2.547238e+03	3.343932e-01	3.753787e-03	3.310792e-01	9.846905e-03
2.547634e+03	3.484961e-01	3.808679e-03	3.384210e-01	9.852581e-03
2.548030e+03	3.417927e-01	3.795041e-03	3.337038e-01	9.858257e-03
2.548426e+03	3.180577e-01	3.715181e-03	3.184378e-01	9.863933e-03
2.548822e+03	3.006111e-01	3.715372e-03	3.019197e-01	9.869609e-03
2.549218e+03	2.974022e-01	3.693577e-03	2.977379e-01	9.875286e-03
2.549614e+03	3.189557e-01	3.760146e-03	3.082370e-01	9.880963e-03
2.550010e+03	3.072456e-01	3.690786e-03	3.049222e-01	9.886641e-03
2.550406e+03	3.195500e-01	3.731449e-03	3.122134e-01	9.892319e-03
2.550802e+03	nan	nan	3.337291e-01	9.897997e-03
2.551198e+03	nan	nan	3.583629e-01	9.903675e-03
2.551594e+03	nan	nan	3.711221e-01	9.909354e-03
2.551990e+03	3.401509e-01	3.819313e-03	3.457748e-01	9.915033e-03
2.552386e+03	3.173960e-01	3.697310e-03	3.185273e-01	9.920712e-03
2.552782e+03	3.036218e-01	3.688535e-03	3.021953e-01	9.926391e-03
2.553178e+03	2.995083e-01	3.686272e-03	2.994790e-01	9.932071e-03
2.553574e+03	3.212293e-01	3.746851e-03	3.186203e-01	9.937752e-03
2.553970e+03	3.451416e-01	3.828369e-03	3.396002e-01	9.943432e-03
2.554366e+03	3.580371e-01	3.848515e-03	3.491196e-01	9.949113e-03
2.554762e+03	3.445920e-01	3.780082e-03	3.383367e-01	9.954794e-03
2.555158e+03	3.161232e-01	3.678932e-03	3.162320e-01	9.960475e-03
2.555554e+03	3.136900e-01	3.685001e-03	3.112562e-01	9.966157e-03
2.555950e+03	3.208743e-01	3.786263e-03	3.160452e-01	9.971839e-03
2.556346e+03	3.106075e-01	3.818389e-03	3.098393e-01	9.977521e-03
2.556742e+03	3.165333e-01	3.880809e-03	3.139528e-01	9.983203e-03
2.557138e+03	3.237219e-01	3.888163e-03	3.282031e-01	9.988886e-03
2.557534e+03	3.265878e-01	3.889618e-03	3.346536e-01	9.994569e-03
2.557930e+03	3.278400e-01	3.898194e-03	3.335458e-01	1.000025e-02
2.558326e+03	3.276041e-01	3.902294e-03	3.345936e-01	1.000594e-02
2.558722e+03	3.407035e-01	3.982347e-03	3.390308e-01	1.001162e-02
2.559118e+03	3.258866e-01	3.842954e-03	3.268441e-01	1.001730e-02
2.559514e+03	3.112802e-01	3.750658e-03	3.116544e-01	1.002299e-02
2.559910e+03	2.996340e-01	3.690097e-03	3.021906e-01	1.002867e-02
2.560306e+03	2.963244e-01	3.735294e-03	2.971161e-01	1.003436e-02
2.560702e+03	2.956378e-01	3.752612e-03	2.955656e-01	1.004004e-02
2.561098e+03	2.890696e-01	3.722471e-03	2.932320e-01	1.004573e-02
2.561494e+03	3.048774e-01	3.794711e-03	3.101494e-01	1.005141e-02
2.561890e+03	3.300635e-01	3.953089e-03	3.306874e-01	1.005710e-02
2.562286e+03	3.223356e-01	3.974667e-03	3.210521e-01	1.006279e-02
2.562682e+03	2.979514e-01	4.160544e-03	2.980220e-01	1.006847e-02
2.563078e+03	2.969732e-01	4.319670e-03	2.957327e-01	1.007416e-02
2.563474e+03	3.072993e-01	4.364995e-03	3.056827e-01	1.007985e-02
2.563870e+03	3.230904e-01	4.478080e-03	3.149449e-01	1.008553e-02
2.564266e+03	3.198095e-01	4.250280e-03	3.155747e-01	1.009122e-02
2.564662e+03	3.051624e-01	5.430790e-03	3.087226e-01	1.009691e-02
2.565058e+03	3.128775e-01	4.210273e-03	3.199244e-01	1.010260e-02
2.565454e+03	3.218373e-01	4.205062e-03	3.267299e-01	1.010829e-02
2.565850e+03	3.052607e-01	4.080239e-03	3.117939e-01	1.011397e-02
2.566246e+03	2.860865e-01	3.963884e-03	2.914256e-01	1.011966e-02
2.566642e+03	2.891463e-01	3.988914e-03	2.927582e-01	1.012535e-02
2.567038e+03	2.935602e-01	3.960231e-03	2.995149e-01	1.013104e-02
2.567434e+03	2.996670e-01	3.801886e-03	3.021894e-01	1.013673e-02
2.567830e+03	3.147116e-01	3.725530e-03	3.110183e-01	1.014242e-02
2.568226e+03	3.167869e-01	3.622302e-03	3.123968e-01	1.014811e-02
2.568622e+03	3.068558e-01	3.557284e-03	3.038745e-01	1.015380e-02
2.569018e+03	2.967575e-01	3.587963e-03	2.973691e-01	1.015949e-02
2.569414e+03	2.879529e-01	3.468850e-03	2.899410e-01	1.016518e-02
2.569810e+03	2.826827e-01	3.434831e-03	2.835073e-01	1.017087e-02
2.570206e+03	3.083157e-01	3.479452e-03	3.057390e-01	1.017656e-02
2.570602e+03	3.477589e-01	3.568702e-03	3.435541e-01	1.018225e-02
2.570998e+03	3.700834e-01	3.629290e-03	3.696265e-01	1.018795e-02
2.571394e+03	3.768258e-01	3.686674e-03	3.769858e-01	1.019364e-02
2.571790e+03	3.618151e-01	3.658314e-03	3.630645e-01	1.019933e-02
2.572186e+03	3.486633e-01	3.634873e-03	3.489968e-01	1.020502e-02
2.572582e+03	3.457628e-01	3.612707e-03	3.461049e-01	1.021071e-02
2.572978e+03	3.351176e-01	3.589478e-03	3.363201e-01	1.021641e-02
2.573374e+03	3.135111e-01	3.552783e-03	3.134301e-01	1.022210e-02
2.573770e+03	3.044059e-01	3.536189e-03	3.010879e-01	1.022779e-02
2.574166e+03	3.088946e-01	3.621902e-03	3.049317e-01	1.023349e-02
2.574562e+03	3.055133e-01	3.539240e-03	3.028583e-01	1.023918e-02
2.574958e+03	2.971030e-01	3.521095e-03	2.939499e-01	1.024487e-02
2.575354e+03	2.971249e-01	3.508283e-03	2.924501e-01	1.025057e-02
2.575750e+03	2.896266e-01	3.530751e-03	2.879963e-01	1.025626e-02
2.576146e+03	2.823438e-01	3.535270e-03	2.866967e-01	1.026196e-02
2.576542e+03	2.879998e-01	3.542925e-03	2.923013e-01	1.026765e-02
2.576938e+03	2.896144e-01	3.517066e-03	2.890721e-01	1.027334e-02
2.577334e+03	2.807958e-01	3.499701e-03	2.770457e-01	1.027904e-02
2.577730e+03	2.804417e-01	3.490690e-03	2.758755e-01	1.028473e-02
2.578126e+03	2.807060e-01	3.502200e-03	2.765836e-01	1.029043e-02
2.578522e+03	2.877209e-01	3.518459e-03	2.824177e-01	1.029613e-02
2.578918e+03	3.045718e-01	3.577719e-03	3.001149e-01	1.030182e-02
2.579314e+03	3.251509e-01	3.613009e-03	3.243057e-01	1.030752e-02
2.579710e+03	3.491261e-01	3.672329e-03	3.487590e-01	1.031321e-02
2.580106e+03	3.674665e-01	3.707717e-03	3.661273e-01	1.031891e-02
2.580502e+03	3.587706e-01	3.719577e-03	3.547905e-01	1.032461e-02
2.580898e+03	3.297356e-01	3.637876e-03	3.261201e-01	1.033030e-02
2.581294e+03	3.084640e-01	3.584825e-03	3.061439e-01	1.033600e-02
2.581690e+03	3.049930e-01	3.556444e-03	3.052770e-01	1.034170e-02
2.582086e+03	3.207861e-01	3.592823e-03	3.195464e-01	1.034739e-02
2.582482e+03	3.204422e-01	3.609494e-03	3.173378e-01	1.035309e-02
2.582878e+03	2.942255e-01	3.547769e-03	2.941377e-01	1.035879e-02
2.583274e+03	2.887299e-01	3.524392e-03	2.903509e-01	1.036448e-02
2.583670e+03	3.130786e-01	3.642501e-03	3.063150e-01	1.037018e-02
2.584066e+03	3.334241e-01	3.756199e-03	3.171450e-01	1.037588e-02
2.584462e+03	3.346423e-01	3.863654e-03	3.191949e-01	1.038158e-02
2.584858e+03	3.169265e-01	3.923190e-03	3.095020e-01	1.038728e-02
2.585254e+03	3.134589e-01	3.800074e-03	3.159883e-01	1.039298e-02
2.585650e+03	3.388241e-01	3.931882e-03	3.420979e-01	1.039867e-02
2.586046e+03	3.528726e-01	3.970684e-03	3.580485e-01	1.040437e-02
2.586442e+03	3.542625e-01	3.934460e-03	3.581539e-01	1.041007e-02
2.586838e+03	3.363615e-01	3.795286e-03	3.336574e-01	1.041577e-02
2.587234e+03	2.965581e-01	3.651904e-03	2.961407e-01	1.042147e-02
2.587630e+03	2.900133e-01	3.609421e-03	2.897414e-01	1.042717e-02
2.588026e+03	3.043761e-01	3.686054e-03	2.979898e-01	1.043287e-02
2.588422e+03	3.078313e-01	3.687348e-03	3.015797e-01	1.043857e-02
2.588818e+03	3.205780e-01	3.745515e-03	3.110174e-01	1.044427e-02
2.589214e+03	3.159377e-01	3.644686e-03	3.087176e-01	1.044997e-02
2.589610e+03	3.056873e-01	3.619191e-03	3.065814e-01	1.045567e-02
2.590006e+03	3.118983e-01	3.618868e-03	3.132154e-01	1.046137e-02
2.590402e+03	3.112710e-01	3.620365e-03	3.139485e-01	1.046707e-02
2.590798e+03	3.143082e-01	3.646385e-03	3.206562e-01	1.047277e-02
2.591194e+03	3.255961e-01	3.686683e-03	3.323279e-01	1.047847e-02
2.591590e+03	3.328743e-01	3.709374e-03	3.365240e-01	1.048417e-02
2.591986e+03	3.286463e-01	3.711531e-03	3.262653e-01	1.048987e-02
2.592382e+03	3.097137e-01	3.683377e-03	3.064273e-01	1.049557e-02
2.592778e+03	2.840169e-01	4.602098e-03	2.910230e-01	1.050128e-02
2.593174e+03	2.832725e-01	4.564811e-03	2.901022e-01	1.050698e-02
2.593570e+03	3.097193e-01	3.680815e-03	3.090151e-01	1.051268e-02
2.593966e+03	3.194457e-01	3.709508e-03	3.182063e-01	1.051838e-02
2.594362e+03	2.993991e-01	3.666296e-03	3.008627e-01	1.052408e-02
2.594758e+03	2.871729e-01	3.653310e-03	2.907398e-01	1.052978e-02
2.595154e+03	3.047146e-01	3.747430e-03	3.033304e-01	1.053549e-02
2.595550e+03	3.188523e-01	3.855430e-03	3.148287e-01	1.054119e-02
2.595946e+03	3.132931e-01	3.776789e-03	3.127519e-01	1.054689e-02
2.596342e+03	3.144415e-01	3.745260e-03	3.135896e-01	1.055259e-02
2.596738e+03	3.218259e-01	3.804591e-03	3.219952e-01	1.055830e-02
2.597134e+03	3.122997e-01	3.837475e-03	3.137348e-01	1.056400e-02
2.597530e+03	2.818197e-01	3.798680e-03	2.851222e-01	1.056970e-02
2.597926e+03	2.684386e-01	3.784471e-03	2.700504e-01	1.057540e-02
2.598322e+03	2.839559e-01	3.809170e-03	2.823355e-01	1.058111e-02
2.598718e+03	3.198677e-01	3.960718e-03	3.072127e-01	1.058681e-02
2.599114e+03	3.237856e-01	4.025755e-03	3.155796e-01	1.059251e-02
2.599510e+03	3.194623e-01	3.996937e-03	3.210825e-01	1.059822e-02
2.599906e+03	3.340299e-01	4.090234e-03	3.374069e-01	1.060392e-02
2.600302e+03	3.397166e-01	4.080800e-03	3.412122e-01	1.060962e-02
2.600698e+03	3.270325e-01	4.001836e-03	3.288140e-01	1.061533e-02
2.601094e+03	3.062264e-01	3.941124e-03	3.077930e-01	1.062103e-02
2.601490e+03	2.764871e-01	3.813930e-03	2.854335e-01	1.062673e-02
2.601886e+03	2.902574e-01	3.861587e-03	3.020714e-01	1.063244e-02
2.602282e+03	3.319708e-01	4.070850e-03	3.372580e-01	1.063814e-02
2.602678e+03	3.371874e-01	3.972637e-03	3.409158e-01	1.064385e-02
2.603074e+03	3.234088e-01	3.906693e-03	3.269002e-01	1.064955e-02
2.603470e+03	3.188142e-01	3.892948e-03	3.184686e-01	1.065525e-02
2.603866e+03	3.124584e-01	3.835965e-03	3.101223e-01	1.066096e-02
2.604262e+03	2.915161e-01	3.721506e-03	2.966896e-01	1.066666e-02
2.604658e+03	2.936209e-01	3.788899e-03	3.001107e-01	1.067237e-02
2.605054e+03	3.121791e-01	3.811191e-03	3.110878e-01	1.067807e-02
2.605450e+03	3.151674e-01	3.800013e-03	3.124637e-01	1.068378e-02
2.605846e+03	3.106932e-01	3.787331e-03	3.109202e-01	1.068948e-02
2.606242e+03	3.161158e-01	3.813330e-03	3.189327e-01	1.069519e-02
2.606638e+03	3.320934e-01	3.886638e-03	3.347845e-01	1.070089e-02
2.607034e+03	3.446361e-01	3.983742e-03	3.438892e-01	1.070660e-02
2.607430e+03	3.161518e-01	3.895276e-03	3.217344e-01	1.071230e-02
2.607826e+03	2.943355e-01	3.834683e-03	2.964928e-01	1.071801e-02
2.608222e+03	2.827894e-01	3.853896e-03	2.839211e-01	1.072371e-02
2.608618e+03	2.796105e-01	3.910759e-03	2.796197e-01	1.072942e-02
2.609014e+03	2.940099e-01	3.946662e-03	2.891493e-01	1.073512e-02
2.609410e+03	2.983063e-01	3.951570e-03	2.937262e-01	1.074083e-02
2.609806e+03	2.940775e-01	4.190606e-03	2.949313e-01	1.074653e-02
2.610202e+03	3.177161e-01	4.724401e-03	3.164638e-01	1.075224e-02
2.610598e+03	3.422651e-01	5.258285e-03	3.395136e-01	1.075795e-02
2.610994e+03	3.452666e-01	5.597097e-03	3.407976e-01	1.076365e-02
2.611390e+03	3.366599e-01	5.786354e-03	3.356618e-01	1.076936e-02
2.611786e+03	3.397680e-01	5.937612e-03	3.405618e-01	1.077506e-02
2.612182e+03	3.390876e-01	5.864805e-03	3.427478e-01	1.078077e-02
2.612578e+03	3.248216e-01	5.686253e-03	3.301566e-01	1.078648e-02
2.612974e+03	3.139235e-01	5.679844e-03	3.171071e-01	1.079218e-02
2.613370e+03	3.174266e-01	5.764708e-03	3.183345e-01	1.079789e-02
2.613766e+03	3.193548e-01	5.630063e-03	3.228012e-01	1.080359e-02
2.614162e+03	3.172249e-01	5.335179e-03	3.209130e-01	1.080930e-02
2.614558e+03	3.139943e-01	5.039408e-03	3.159974e-01	1.081501e-02
2.614954e+03	nan	nan	3.156270e-01	1.082071e-02
2.615350e+03	3.233751e-01	4.157533e-03	3.244114e-01	1.082642e-02
2.615746e+03	3.313025e-01	4.156604e-03	3.290250e-01	1.083212e-02
2.616142e+03	3.223378e-01	4.023956e-03	3.222394e-01	1.083783e-02
2.616538e+03	3.092791e-01	3.940278e-03	3.124789e-01	1.084354e-02
2.616934e+03	3.150386e-01	3.955739e-03	3.136372e-01	1.084924e-02
2.617330e+03	3.171742e-01	3.945969e-03	3.135538e-01	1.085495e-02
2.617726e+03	2.959085e-01	3.831807e-03	2.954126e-01	1.086066e-02
2.618122e+03	2.894403e-01	3.790528e-03	2.862265e-01	1.086636e-02
2.618518e+03	2.937674e-01	3.909764e-03	2.912270e-01	1.087207e-02
2.618914e+03	nan	nan	2.968171e-01	1.087778e-02
2.619310e+03	nan	nan	3.088167e-01	1.088348e-02
2.619706e+03	3.124463e-01	3.911552e-03	3.140254e-01	1.088919e-02
2.620102e+03	3.201712e-01	3.932740e-03	3.182579e-01	1.089490e-02
2.620498e+03	3.117401e-01	3.913334e-03	3.157268e-01	1.090060e-02
2.620894e+03	3.221696e-01	4.126210e-03	3.229068e-01	1.090631e-02
2.621290e+03	3.255836e-01	4.153602e-03	3.259203e-01	1.091202e-02
2.621686e+03	3.116906e-01	4.148873e-03	3.089708e-01	1.091772e-02
2.622082e+03	3.062331e-01	4.225761e-03	3.023253e-01	1.092343e-02
2.622478e+03	3.078214e-01	4.263736e-03	3.067520e-01	1.092914e-02
2.622874e+03	3.125619e-01	4.326332e-03	3.121753e-01	1.093484e-02
2.623270e+03	3.248038e-01	4.746221e-03	3.225924e-01	1.094055e-02
2.623666e+03	3.274501e-01	5.095880e-03	3.272457e-01	1.094626e-02
2.624062e+03	3.139657e-01	5.033319e-03	3.168970e-01	1.095196e-02
2.624458e+03	3.207372e-01	5.140817e-03	3.177854e-01	1.095767e-02
2.624854e+03	3.254050e-01	5.606389e-03	3.188773e-01	1.096338e-02
2.625250e+03	3.160574e-01	6.235170e-03	3.079345e-01	1.096909e-02
2.625646e+03	3.107174e-01	6.303152e-03	2.968656e-01	1.097479e-02
2.626042e+03	3.047567e-01	6.208328e-03	2.891752e-01	1.098050e-02
2.626438e+03	2.985470e-01	6.116320e-03	2.861553e-01	1.098621e-02
2.626834e+03	3.047886e-01	6.232544e-03	2.934860e-01	1.099191e-02
2.627230e+03	3.083635e-01	6.253532e-03	3.049347e-01	1.099762e-02
2.627626e+03	3.104542e-01	6.222423e-03	3.114264e-01	1.100333e-02
2.628022e+03	3.193734e-01	5.514299e-03	3.182388e-01	1.100903e-02
2.628418e+03	3.224292e-01	4.111476e-03	3.202326e-01	1.101474e-02
2.628814e+03	3.174723e-01	3.857697e-03	3.168794e-01	1.102045e-02
2.629210e+03	3.230221e-01	3.811182e-03	3.218286e-01	1.102615e-02
2.629606e+03	3.242025e-01	3.784650e-03	3.260662e-01	1.103186e-02
2.630002e+03	3.118369e-01	3.725211e-03	3.154362e-01	1.103757e-02
2.630398e+03	2.971946e-01	3.692214e-03	3.010281e-01	1.104327e-02
2.630794e+03	3.099948e-01	3.745501e-03	3.101047e-01	1.104898e-02
2.631190e+03	3.217478e-01	3.745463e-03	3.204582e-01	1.105469e-02
2.631586e+03	3.157932e-01	3.994536e-03	3.160378e-01	1.106039e-02
2.631982e+03	3.084484e-01	3.937304e-03	3.122131e-01	1.106610e-02
2.632378e+03	3.152384e-01	3.719775e-03	3.176224e-01	1.107181e-02
2.632774e+03	3.296554e-01	3.767981e-03	3.306491e-01	1.107752e-02
2.633170e+03	3.208617e-01	3.723142e-03	3.230830e-01	1.108322e-02
2.633566e+03	3.061447e-01	3.698787e-03	3.086515e-01	1.108893e-02
2.633962e+03	2.852097e-01	3.649442e-03	2.879524e-01	1.109463e-02
2.634358e+03	2.671398e-01	3.586062e-03	2.707932e-01	1.110034e-02
2.634754e+03	2.786551e-01	3.603779e-03	2.819225e-01	1.110605e-02
2.635150e+03	3.088726e-01	3.683596e-03	3.083716e-01	1.111175e-02
2.635546e+03	3.215710e-01	3.716681e-03	3.186117e-01	1.111746e-02
2.635942e+03	3.075747e-01	3.682725e-03	3.059640e-01	1.112317e-02
2.636338e+03	3.032999e-01	3.694255e-03	3.023845e-01	1.112887e-02
2.636734e+03	3.178112e-01	3.761696e-03	3.173547e-01	1.113458e-02
2.637130e+03	3.241013e-01	3.814080e-03	3.229246e-01	1.114029e-02
2.637526e+03	3.294264e-01	3.819072e-03	3.288085e-01	1.114599e-02
2.637922e+03	3.305731e-01	3.829365e-03	3.299059e-01	1.115170e-02
2.638318e+03	3.171441e-01	3.748342e-03	3.178394e-01	1.115741e-02
2.638714e+03	3.112324e-01	3.731392e-03	3.127929e-01	1.116311e-02
2.639110e+03	3.227285e-01	3.746854e-03	3.250727e-01	1.116882e-02
2.639506e+03	3.377785e-01	3.774902e-03	3.388312e-01	1.117452e-02
2.639902e+03	3.301340e-01	3.751967e-03	3.307252e-01	1.118023e-02
2.640298e+03	3.040413e-01	3.717216e-03	3.048910e-01	1.118594e-02
2.640694e+03	2.826694e-01	3.667357e-03	2.873518e-01	1.119164e-02
2.641090e+03	2.876511e-01	3.688376e-03	2.905800e-01	1.119735e-02
2.641486e+03	2.971938e-01	3.753449e-03	2.985636e-01	1.120305e-02
2.641882e+03	2.892691e-01	3.721070e-03	2.934811e-01	1.120876e-02
2.642278e+03	2.944226e-01	3.746854e-03	2.983260e-01	1.121446e-02
2.642674e+03	3.081630e-01	3.797238e-03	3.103212e-01	1.122017e-02
2.643070e+03	3.111067e-01	3.733494e-03	3.140409e-01	1.122588e-02
2.643466e+03	3.095648e-01	3.753412e-03	3.143119e-01	1.123158e-02
2.643862e+03	3.044714e-01	3.774426e-03	3.097574e-01	1.123729e-02
2.644258e+03	3.077099e-01	3.831964e-03	3.153795e-01	1.124299e-02
2.644654e+03	3.231497e-01	3.923381e-03	3.305013e-01	1.124870e-02
2.645050e+03	3.165514e-01	3.898610e-03	3.196504e-01	1.125440e-02
2.645446e+03	2.952130e-01	3.827738e-03	2.928867e-01	1.126011e-02
2.645842e+03	2.815270e-01	3.720386e-03	2.767393e-01	1.126581e-02
2.646238e+03	2.880490e-01	3.713297e-03	2.881971e-01	1.127152e-02
2.646634e+03	3.006784e-01	3.709869e-03	3.068475e-01	1.127722e-02
2.647030e+03	3.066039e-01	3.691038e-03	3.117091e-01	1.128293e-02
2.647426e+03	3.066918e-01	3.676419e-03	3.094615e-01	1.128863e-02
2.647822e+03	2.993914e-01	3.658952e-03	3.006623e-01	1.129434e-02
2.648218e+03	3.021810e-01	3.667215e-03	3.034166e-01	1.130004e-02
2.648614e+03	3.137490e-01	3.726633e-03	3.170055e-01	1.130574e-02
2.649010e+03	3.191691e-01	3.760204e-03	3.235370e-01	1.131145e-02
2.649406e+03	nan	nan	3.155609e-01	1.131715e-02
2.649802e+03	3.088511e-01	4.530246e-03	3.134601e-01	1.132286e-02
2.650198e+03	3.123590e-01	3.728998e-03	3.162303e-01	1.132856e-02
2.650594e+03	3.113619e-01	3.729569e-03	3.143237e-01	1.133427e-02
2.650990e+03	3.123399e-01	3.739420e-03	3.157399e-01	1.133997e-02
2.651386e+03	3.114018e-01	3.735160e-03	3.158889e-01	1.134567e-02
2.651782e+03	3.088312e-01	3.760268e-03	3.141232e-01	1.135138e-02
2.652178e+03	3.055142e-01	3.776070e-03	3.106159e-01	1.135708e-02
2.652574e+03	3.033688e-01	3.807979e-03	3.074396e-01	1.136278e-02
2.652970e+03	3.205372e-01	4.171681e-03	3.218016e-01	1.136849e-02
2.653366e+03	3.305499e-01	3.870976e-03	3.370022e-01	1.137419e-02
2.653762e+03	3.300357e-01	3.868559e-03	3.379070e-01	1.137989e-02
2.654158e+03	3.298934e-01	3.840561e-03	3.374306e-01	1.138560e-02
2.654554e+03	3.156032e-01	3.768041e-03	3.214453e-01	1.139130e-02
2.654950e+03	3.053844e-01	3.735354e-03	3.095920e-01	1.139700e-02
2.655346e+03	3.054410e-01	3.741883e-03	3.096767e-01	1.140271e-02
2.655742e+03	3.113258e-01	3.986689e-03	3.131328e-01	1.140841e-02
2.656138e+03	3.289159e-01	3.844902e-03	3.304531e-01	1.141411e-02
2.656534e+03	3.219991e-01	3.808709e-03	3.245780e-01	1.141981e-02
2.656930e+03	3.269118e-01	3.800177e-03	3.290275e-01	1.142552e-02
2.657326e+03	3.424362e-01	3.873922e-03	3.464956e-01	1.143122e-02
2.657722e+03	3.424413e-01	3.856891e-03	3.507214e-01	1.143692e-02
2.658118e+03	3.346489e-01	3.811785e-03	3.456593e-01	1.144262e-02
2.658514e+03	3.401582e-01	3.820404e-03	3.511522e-01	1.144832e-02
2.658910e+03	3.423396e-01	3.824217e-03	3.529727e-01	1.145403e-02
2.659306e+03	3.285573e-01	3.783627e-03	3.345423e-01	1.145973e-02
2.659702e+03	3.078068e-01	3.741011e-03	3.113088e-01	1.146543e-02
2.660098e+03	2.950129e-01	3.695542e-03	2.960725e-01	1.147113e-02
2.660494e+03	2.814896e-01	3.640503e-03	2.859555e-01	1.147683e-02
2.660890e+03	2.980137e-01	3.718594e-03	3.016252e-01	1.148253e-02
2.661286e+03	3.239618e-01	3.810508e-03	3.271751e-01	1.148823e-02
2.661682e+03	3.396807e-01	3.833655e-03	3.454455e-01	1.149393e-02
2.662078e+03	3.454273e-01	3.868021e-03	3.535991e-01	1.149963e-02
2.662474e+03	3.559893e-01	3.989588e-03	3.608412e-01	1.150533e-02
2.662870e+03	3.462634e-01	3.977378e-03	3.553307e-01	1.151104e-02
2.663266e+03	3.283111e-01	3.980421e-03	3.389616e-01	1.151674e-02
2.663662e+03	3.154553e-01	4.026260e-03	3.245537e-01	1.152244e-02
2.664058e+03	3.052588e-01	4.132882e-03	3.110712e-01	1.152814e-02
2.664454e+03	3.031776e-01	4.293911e-03	3.072899e-01	1.153384e-02
2.664850e+03	2.958186e-01	4.403195e-03	3.023735e-01	1.153953e-02
2.665246e+03	2.911523e-01	4.951088e-03	3.032932e-01	1.154523e-02
2.665642e+03	nan	nan	3.073829e-01	1.155093e-02
2.666038e+03	2.881802e-01	5.131724e-03	2.997487e-01	1.155663e-02
2.666434e+03	2.904713e-01	5.219889e-03	3.018815e-01	1.156233e-02
2.666830e+03	2.861906e-01	5.248878e-03	2.984867e-01	1.156803e-02
2.667226e+03	2.809519e-01	5.289511e-03	2.947504e-01	1.157373e-02
2.667622e+03	3.039864e-01	5.689516e-03	3.134347e-01	1.157943e-02
2.668018e+03	3.113825e-01	5.757708e-03	3.227057e-01	1.158513e-02
2.668414e+03	3.017742e-01	5.474443e-03	3.147302e-01	1.159082e-02
2.668810e+03	3.033737e-01	5.364238e-03	3.145076e-01	1.159652e-02
2.669206e+03	3.011776e-01	5.301386e-03	3.134474e-01	1.160222e-02
2.669602e+03	2.871943e-01	5.158629e-03	2.997096e-01	1.160792e-02
2.669998e+03	2.703032e-01	4.932309e-03	2.823241e-01	1.161362e-02
2.670394e+03	2.559761e-01	4.679599e-03	2.665754e-01	1.161931e-02
2.670790e+03	2.511021e-01	4.378772e-03	2.609511e-01	1.162501e-02
2.671186e+03	2.751929e-01	4.158316e-03	2.845523e-01	1.163071e-02
2.671582e+03	3.125210e-01	4.259041e-03	3.257477e-01	1.163640e-02
2.671978e+03	3.370043e-01	4.399860e-03	3.559994e-01	1.164210e-02
2.672374e+03	3.424830e-01	4.437794e-03	3.610410e-01	1.164780e-02
2.672770e+03	3.175037e-01	4.322166e-03	3.351558e-01	1.165349e-02
2.673166e+03	2.885869e-01	4.123544e-03	3.027035e-01	1.165919e-02
2.673562e+03	2.839337e-01	4.102302e-03	2.948609e-01	1.166489e-02
2.673958e+03	2.924273e-01	4.589504e-03	3.039784e-01	1.167058e-02
2.674354e+03	3.052511e-01	8.192994e-03	3.154301e-01	1.167628e-02
2.674750e+03	3.036630e-01	9.274527e-03	3.139616e-01	1.168197e-02
2.675146e+03	2.990771e-01	9.142522e-03	3.094029e-01	1.168767e-02
2.675542e+03	3.007444e-01	9.273968e-03	3.071491e-01	1.169336e-02
2.675938e+03	2.827699e-01	8.652497e-03	2.911482e-01	1.169906e-02
2.676334e+03	2.766078e-01	8.567827e-03	2.849276e-01	1.170475e-02
2.676730e+03	2.748225e-01	8.576397e-03	2.819231e-01	1.171045e-02
2.677126e+03	2.521313e-01	7.692251e-03	2.589476e-01	1.171614e-02
2.677522e+03	2.452748e-01	6.150301e-03	2.510588e-01	1.172184e-02
2.677918e+03	2.645175e-01	5.456498e-03	2.711968e-01	1.172753e-02
2.678314e+03	2.901931e-01	4.915799e-03	3.003017e-01	1.173322e-02
2.678710e+03	3.099592e-01	4.840624e-03	3.200553e-01	1.173892e-02
2.679106e+03	3.028937e-01	4.304737e-03	3.147429e-01	1.174461e-02
2.679502e+03	2.947279e-01	4.003818e-03	3.066544e-01	1.175030e-02
2.679898e+03	3.064115e-01	4.012740e-03	3.145471e-01	1.175600e-02
2.680294e+03	3.063729e-01	3.985631e-03	3.156327e-01	1.176169e-02
2.680690e+03	3.054955e-01	3.921263e-03	3.158112e-01	1.176738e-02
2.681086e+03	3.075766e-01	3.910212e-03	3.167251e-01	1.177308e-02
2.681482e+03	2.940263e-01	3.821901e-03	3.031810e-01	1.177877e-02
2.681878e+03	2.905344e-01	3.818957e-03	3.001518e-01	1.178446e-02
2.682274e+03	3.040007e-01	3.853513e-03	3.110687e-01	1.179015e-02
2.682670e+03	3.012654e-01	3.812637e-03	3.079623e-01	1.179584e-02
2.683066e+03	3.014224e-01	3.813190e-03	3.056338e-01	1.180153e-02
2.683462e+03	3.001397e-01	3.798550e-03	3.044191e-01	1.180723e-02
2.683858e+03	3.109340e-01	4.202636e-03	3.128563e-01	1.181292e-02
2.684254e+03	3.067867e-01	3.793746e-03	3.112370e-01	1.181861e-02
2.684650e+03	2.935955e-01	3.750589e-03	3.011788e-01	1.182430e-02
2.685046e+03	3.013112e-01	3.782571e-03	3.062835e-01	1.182999e-02
2.685442e+03	3.041986e-01	3.798354e-03	3.077316e-01	1.183568e-02
2.685838e+03	2.845444e-01	3.747699e-03	2.904530e-01	1.184137e-02
2.686234e+03	2.750746e-01	3.702056e-03	2.773338e-01	1.184706e-02
2.686630e+03	2.815514e-01	3.717214e-03	2.803967e-01	1.185275e-02
2.687026e+03	2.964599e-01	5.318528e-03	3.024831e-01	1.185843e-02
2.687422e+03	3.287670e-01	7.198517e-03	3.284177e-01	1.186412e-02
2.687818e+03	3.160770e-01	8.818915e-03	3.206518e-01	1.186981e-02
2.688214e+03	2.826713e-01	9.440019e-03	2.949090e-01	1.187550e-02
2.688610e+03	2.860509e-01	8.757460e-03	2.937813e-01	1.188119e-02
2.689006e+03	3.016537e-01	7.114266e-03	3.090351e-01	1.188688e-02
2.689402e+03	3.234276e-01	5.409860e-03	3.285881e-01	1.189256e-02
2.689798e+03	3.368661e-01	4.283906e-03	3.385739e-01	1.189825e-02
2.690194e+03	3.341785e-01	3.778354e-03	3.309653e-01	1.190394e-02
2.690590e+03	3.042159e-01	3.659776e-03	3.064136e-01	1.190963e-02
2.690986e+03	2.837802e-01	3.580694e-03	2.896026e-01	1.191531e-02
2.691382e+03	2.959871e-01	3.645238e-03	2.940698e-01	1.192100e-02
2.691778e+03	2.933488e-01	3.627205e-03	2.949867e-01	1.192668e-02
2.692174e+03	3.008995e-01	3.660912e-03	2.980124e-01	1.193237e-02
2.692570e+03	3.096053e-01	3.708192e-03	3.032324e-01	1.193806e-02
2.692966e+03	2.958559e-01	3.655430e-03	2.889301e-01	1.194374e-02
2.693362e+03	2.630275e-01	3.477603e-03	2.620363e-01	1.194943e-02
2.693758e+03	2.546371e-01	3.498561e-03	2.540766e-01	1.195511e-02
2.694154e+03	2.667007e-01	3.641886e-03	2.651219e-01	1.196080e-02
2.694550e+03	2.575244e-01	3.605006e-03	2.599642e-01	1.196648e-02
2.694946e+03	2.556067e-01	3.571608e-03	2.565889e-01	1.197217e-02
2.695342e+03	2.702991e-01	3.637767e-03	2.673466e-01	1.197785e-02
2.695738e+03	2.688189e-01	3.675929e-03	2.692258e-01	1.198353e-02
2.696134e+03	2.662367e-01	3.785392e-03	2.685137e-01	1.198922e-02
2.696530e+03	2.754088e-01	3.849457e-03	2.780289e-01	1.199490e-02
2.696926e+03	2.923617e-01	3.933971e-03	2.927942e-01	1.200058e-02
2.697322e+03	2.958459e-01	3.947128e-03	2.971530e-01	1.200626e-02
2.697718e+03	nan	nan	2.951227e-01	1.201195e-02
2.698114e+03	2.969714e-01	3.989577e-03	3.002512e-01	1.201763e-02
2.698510e+03	2.890587e-01	3.949977e-03	2.946410e-01	1.202331e-02
2.698906e+03	2.809472e-01	3.895964e-03	2.880445e-01	1.202899e-02
2.699302e+03	3.075947e-01	4.085313e-03	3.079783e-01	1.203467e-02
2.699698e+03	3.229432e-01	4.152334e-03	3.239249e-01	1.204035e-02
2.700094e+03	3.170051e-01	4.097931e-03	3.243446e-01	1.204604e-02
2.700490e+03	3.286353e-01	4.137921e-03	3.322142e-01	1.205172e-02
2.700886e+03	3.306424e-01	4.091335e-03	3.320324e-01	1.205740e-02
2.701282e+03	2.988119e-01	3.773546e-03	3.033283e-01	1.206308e-02
2.701678e+03	2.779424e-01	3.661564e-03	2.820999e-01	1.206876e-02
2.702074e+03	2.956815e-01	3.733731e-03	2.950925e-01	1.207443e-02
2.702470e+03	3.059238e-01	3.793068e-03	3.035889e-01	1.208011e-02
2.702866e+03	nan	nan	2.870819e-01	1.208579e-02
2.703262e+03	2.694402e-01	3.565496e-03	2.703968e-01	1.209147e-02
2.703658e+03	2.879245e-01	3.567606e-03	2.840313e-01	1.209715e-02
2.704054e+03	3.065989e-01	3.635187e-03	3.010742e-01	1.210283e-02
2.704450e+03	2.882603e-01	3.661726e-03	2.884185e-01	1.210850e-02
2.704846e+03	2.767456e-01	3.626368e-03	2.755811e-01	1.211418e-02
2.705242e+03	2.777615e-01	3.671084e-03	2.753692e-01	1.211986e-02
2.705638e+03	2.745707e-01	3.660467e-03	2.752598e-01	1.212553e-02
2.706034e+03	2.763101e-01	3.634031e-03	2.813933e-01	1.213121e-02
2.706430e+03	2.858008e-01	3.662348e-03	2.902047e-01	1.213689e-02
2.706826e+03	2.837504e-01	3.617248e-03	2.887570e-01	1.214256e-02
2.707222e+03	2.818135e-01	3.574890e-03	2.865085e-01	1.214824e-02
2.707618e+03	2.993346e-01	3.560915e-03	3.009444e-01	1.215391e-02
2.708014e+03	3.132101e-01	3.579539e-03	3.144618e-01	1.215959e-02
2.708410e+03	3.076648e-01	3.864337e-03	3.086978e-01	1.216526e-02
2.708806e+03	nan	nan	2.882909e-01	1.217094e-02
2.709202e+03	2.708052e-01	4.140524e-03	2.711744e-01	1.217661e-02
2.709598e+03	nan	nan	2.665056e-01	1.218228e-02
2.709994e+03	nan	nan	2.702519e-01	1.218796e-02
2.710390e+03	2.887525e-01	3.546799e-03	2.796516e-01	1.219363e-02
2.710786e+03	2.829691e-01	3.479841e-03	2.759388e-01	1.219930e-02
2.711182e+03	2.631332e-01	3.428811e-03	2.617943e-01	1.220498e-02
2.711578e+03	2.611035e-01	3.410793e-03	2.601139e-01	1.221065e-02
2.711974e+03	2.695685e-01	3.424618e-03	2.666930e-01	1.221632e-02
2.712370e+03	2.766222e-01	3.421207e-03	2.717812e-01	1.222199e-02
2.712766e+03	2.835202e-01	3.412356e-03	2.794654e-01	1.222766e-02
2.713162e+03	2.966699e-01	3.440386e-03	2.961039e-01	1.223333e-02
2.713558e+03	3.170927e-01	3.513999e-03	3.130204e-01	1.223900e-02
2.713954e+03	3.048035e-01	3.440514e-03	3.074182e-01	1.224467e-02
2.714350e+03	2.899465e-01	3.392563e-03	2.932232e-01	1.225034e-02
2.714746e+03	2.894771e-01	3.407446e-03	2.880210e-01	1.225601e-02
2.715142e+03	2.792736e-01	3.385314e-03	2.795889e-01	1.226168e-02
2.715538e+03	2.829685e-01	3.439694e-03	2.794811e-01	1.226735e-02
2.715934e+03	2.783045e-01	3.419871e-03	2.740420e-01	1.227302e-02
2.716330e+03	2.604254e-01	3.385133e-03	2.609963e-01	1.227869e-02
2.716726e+03	2.703065e-01	3.410849e-03	2.699526e-01	1.228435e-02
2.717122e+03	2.888087e-01	3.414478e-03	2.867969e-01	1.229002e-02
2.717518e+03	2.732403e-01	3.357443e-03	2.737976e-01	1.229569e-02
2.717914e+03	2.569227e-01	3.326739e-03	2.567845e-01	1.230136e-02
2.718310e+03	2.680590e-01	3.357839e-03	2.657235e-01	1.230702e-02
2.718706e+03	2.874843e-01	3.424520e-03	2.866417e-01	1.231269e-02
2.719102e+03	2.954826e-01	3.536552e-03	2.990996e-01	1.231835e-02
2.719498e+03	3.026933e-01	3.634469e-03	3.062526e-01	1.232402e-02
2.719894e+03	3.015554e-01	3.609436e-03	2.998488e-01	1.232968e-02
2.720290e+03	2.742213e-01	3.494748e-03	2.751845e-01	1.233535e-02
2.720686e+03	2.716450e-01	3.488706e-03	2.709008e-01	1.234101e-02
2.721082e+03	2.900807e-01	3.555697e-03	2.859481e-01	1.234668e-02
2.721478e+03	2.938101e-01	3.578984e-03	2.927300e-01	1.235234e-02
2.721874e+03	2.964745e-01	3.538309e-03	2.945802e-01	1.235800e-02
2.722270e+03	2.867520e-01	3.466403e-03	2.838190e-01	1.236367e-02
2.722666e+03	2.689486e-01	3.424318e-03	2.656854e-01	1.236933e-02
2.723062e+03	2.594566e-01	3.417142e-03	2.555338e-01	1.237499e-02
2.723458e+03	2.714948e-01	3.512950e-03	2.661325e-01	1.238065e-02
2.723854e+03	2.861586e-01	3.601183e-03	2.789315e-01	1.238632e-02
2.724250e+03	2.746199e-01	3.545365e-03	2.685746e-01	1.239198e-02
2.724646e+03	2.651423e-01	3.481367e-03	2.620418e-01	1.239764e-02
2.725042e+03	2.714100e-01	3.478127e-03	2.664297e-01	1.240330e-02
2.725438e+03	2.663669e-01	3.623333e-03	2.630096e-01	1.240896e-02
2.725834e+03	2.567594e-01	3.439101e-03	2.554730e-01	1.241462e-02
2.726230e+03	2.723912e-01	3.435272e-03	2.667187e-01	1.242028e-02
2.726626e+03	2.920742e-01	3.511697e-03	2.837552e-01	1.242594e-02
2.727022e+03	2.874992e-01	3.498196e-03	2.848058e-01	1.243159e-02
2.727418e+03	2.809604e-01	3.499630e-03	2.783684e-01	1.243725e-02
2.727814e+03	2.768481e-01	3.462572e-03	2.749123e-01	1.244291e-02
2.728210e+03	2.709047e-01	3.430666e-03	2.702254e-01	1.244857e-02
2.728606e+03	2.642186e-01	3.417658e-03	2.614102e-01	1.245422e-02
2.729002e+03	2.510101e-01	3.371747e-03	2.487609e-01	1.245988e-02
2.729398e+03	2.507265e-01	3.375350e-03	2.504773e-01	1.246554e-02
2.729794e+03	2.733016e-01	3.459086e-03	2.697594e-01	1.247119e-02
2.730190e+03	2.799002e-01	3.487139e-03	2.731746e-01	1.247685e-02
2.730586e+03	nan	nan	2.582440e-01	1.248250e-02
2.730982e+03	nan	nan	2.680540e-01	1.248816e-02
2.731378e+03	3.038335e-01	3.565043e-03	3.009931e-01	1.249381e-02
2.731774e+03	3.176020e-01	3.617643e-03	3.145987e-01	1.249947e-02
2.732170e+03	3.058475e-01	3.578681e-03	3.063494e-01	1.250512e-02
2.732566e+03	2.968257e-01	3.545176e-03	2.973501e-01	1.251077e-02
2.732962e+03	2.950995e-01	3.594693e-03	2.946292e-01	1.251643e-02
2.733358e+03	2.896902e-01	3.601300e-03	2.900199e-01	1.252208e-02
2.733754e+03	2.938789e-01	3.614584e-03	2.948204e-01	1.252773e-02
2.734150e+03	3.079401e-01	3.670477e-03	3.065166e-01	1.253338e-02
2.734546e+03	3.125340e-01	3.715829e-03	3.114813e-01	1.253903e-02
2.734942e+03	2.909032e-01	3.613287e-03	2.912059e-01	1.254468e-02
2.735338e+03	2.647455e-01	3.510971e-03	2.626909e-01	1.255034e-02
2.735734e+03	2.532941e-01	3.476718e-03	2.467669e-01	1.255599e-02
2.736130e+03	2.369574e-01	3.415794e-03	2.321343e-01	1.256163e-02
2.736526e+03	2.400959e-01	3.418483e-03	2.348646e-01	1.256728e-02
2.736922e+03	2.607751e-01	3.505306e-03	2.525945e-01	1.257293e-02
2.737318e+03	2.707006e-01	3.541562e-03	2.668309e-01	1.257858e-02
2.737714e+03	2.720193e-01	3.550446e-03	2.716751e-01	1.258423e-02
2.738110e+03	2.719271e-01	3.604918e-03	2.702300e-01	1.258988e-02
2.738506e+03	2.593653e-01	3.937684e-03	2.589264e-01	1.259552e-02
2.738902e+03	2.568000e-01	3.874995e-03	2.533013e-01	1.260117e-02
2.739298e+03	2.657374e-01	3.546272e-03	2.572856e-01	1.260682e-02
2.739694e+03	2.705147e-01	3.532273e-03	2.627808e-01	1.261246e-02
2.740090e+03	2.606884e-01	3.522808e-03	2.533760e-01	1.261811e-02
2.740486e+03	nan	nan	2.403366e-01	1.262375e-02
2.740882e+03	nan	nan	2.521192e-01	1.262940e-02
2.741278e+03	2.707861e-01	3.630984e-03	2.664797e-01	1.263504e-02
2.741674e+03	2.691106e-01	3.610628e-03	2.648425e-01	1.264069e-02
2.742070e+03	2.779362e-01	3.638884e-03	2.767148e-01	1.264633e-02
2.742466e+03	3.002161e-01	3.757776e-03	2.994975e-01	1.265197e-02
2.742862e+03	3.099916e-01	3.812016e-03	3.091968e-01	1.265761e-02
2.743258e+03	2.972006e-01	3.757374e-03	2.966380e-01	1.266326e-02
2.743654e+03	2.817374e-01	3.730165e-03	2.815276e-01	1.266890e-02
2.744050e+03	2.773967e-01	3.709308e-03	2.757122e-01	1.267454e-02
2.744446e+03	2.745830e-01	3.654870e-03	2.734708e-01	1.268018e-02
2.744842e+03	2.681019e-01	3.667845e-03	2.674751e-01	1.268582e-02
2.745238e+03	2.622989e-01	3.645845e-03	2.635939e-01	1.269146e-02
2.745634e+03	2.702465e-01	3.906534e-03	2.697372e-01	1.269710e-02
2.746030e+03	2.678677e-01	3.794119e-03	2.659688e-01	1.270274e-02
2.746426e+03	2.622692e-01	3.618757e-03	2.615425e-01	1.270838e-02
2.746822e+03	2.752893e-01	3.704104e-03	2.727127e-01	1.271402e-02
2.747218e+03	2.801949e-01	3.718595e-03	2.774916e-01	1.271965e-02
2.747614e+03	2.669058e-01	3.659912e-03	2.656173e-01	1.272529e-02
2.748010e+03	2.627799e-01	3.634222e-03	2.596018e-01	1.273093e-02
2.748406e+03	2.714627e-01	3.668252e-03	2.677946e-01	1.273656e-02
2.748802e+03	2.842914e-01	3.732012e-03	2.819783e-01	1.274220e-02
2.749198e+03	2.910630e-01	3.734418e-03	2.888265e-01	1.274784e-02
2.749594e+03	2.819486e-01	3.629529e-03	2.779364e-01	1.275347e-02
2.749990e+03	2.520078e-01	3.543971e-03	2.462419e-01	1.275911e-02
2.750386e+03	nan	nan	2.232859e-01	1.276474e-02
2.750782e+03	nan	nan	2.301943e-01	1.277037e-02
2.751178e+03	2.559437e-01	3.621475e-03	2.512692e-01	1.277601e-02
2.751574e+03	2.740249e-01	3.693364e-03	2.718369e-01	1.278164e-02
2.751970e+03	2.874678e-01	3.797188e-03	2.844278e-01	1.278727e-02
2.752366e+03	2.911139e-01	3.845815e-03	2.848769e-01	1.279290e-02
2.752762e+03	2.757044e-01	3.798873e-03	2.704597e-01	1.279854e-02
2.753158e+03	2.701900e-01	3.768170e-03	2.655756e-01	1.280417e-02
2.753554e+03	2.831991e-01	3.908704e-03	2.766767e-01	1.280980e-02
2.753950e+03	nan	nan	2.686289e-01	1.281543e-02
2.754346e+03	nan	nan	2.493823e-01	1.282106e-02
2.754742e+03	2.470105e-01	3.980221e-03	2.386862e-01	1.282669e-02
2.755138e+03	2.471522e-01	3.961115e-03	2.413877e-01	1.283231e-02
2.755534e+03	2.629904e-01	4.357477e-03	2.568348e-01	1.283794e-02
2.755930e+03	2.596133e-01	4.864304e-03	2.552100e-01	1.284357e-02
2.756326e+03	2.523190e-01	5.705061e-03	2.528149e-01	1.284920e-02
2.756722e+03	2.799258e-01	7.808918e-03	2.792331e-01	1.285482e-02
2.757118e+03	nan	nan	3.092643e-01	1.286045e-02
2.757514e+03	3.009394e-01	8.879883e-03	2.969699e-01	1.286608e-02
2.757910e+03	2.617357e-01	7.848374e-03	2.607228e-01	1.287170e-02
2.758306e+03	2.482387e-01	7.527080e-03	2.487136e-01	1.287733e-02
2.758702e+03	2.649927e-01	8.010728e-03	2.651856e-01	1.288295e-02
2.759098e+03	2.800457e-01	8.513104e-03	2.777397e-01	1.288858e-02
2.759494e+03	2.701015e-01	8.332650e-03	2.689545e-01	1.289420e-02
2.759890e+03	2.603043e-01	7.555342e-03	2.596703e-01	1.289982e-02
2.760286e+03	2.586092e-01	6.279135e-03	2.577786e-01	1.290544e-02
2.760682e+03	2.713281e-01	5.433061e-03	2.678874e-01	1.291107e-02
2.761078e+03	2.799101e-01	5.187918e-03	2.741486e-01	1.291669e-02
2.761474e+03	2.697188e-01	4.726261e-03	2.686020e-01	1.292231e-02
2.761870e+03	2.842086e-01	4.605645e-03	2.850169e-01	1.292793e-02
2.762266e+03	2.993046e-01	4.543742e-03	2.970958e-01	1.293355e-02
2.762662e+03	2.788466e-01	4.131865e-03	2.803104e-01	1.293917e-02
2.763058e+03	2.770088e-01	4.033171e-03	2.793757e-01	1.294479e-02
2.763454e+03	2.847515e-01	4.003293e-03	2.861660e-01	1.295041e-02
2.763850e+03	2.681668e-01	3.742001e-03	2.714809e-01	1.295602e-02
2.764246e+03	2.473509e-01	3.615378e-03	2.488358e-01	1.296164e-02
2.764642e+03	2.363624e-01	3.578041e-03	2.349858e-01	1.296726e-02
2.765038e+03	2.432804e-01	3.607927e-03	2.392229e-01	1.297287e-02
2.765434e+03	2.544582e-01	3.656299e-03	2.464852e-01	1.297849e-02
2.765830e+03	2.446307e-01	3.605077e-03	2.421682e-01	1.298411e-02
2.766226e+03	2.416880e-01	3.583529e-03	2.389063e-01	1.298972e-02
2.766622e+03	2.415279e-01	3.555793e-03	2.392763e-01	1.299534e-02
2.767018e+03	2.511305e-01	3.601545e-03	2.472473e-01	1.300095e-02
2.767414e+03	2.544722e-01	3.617720e-03	2.484340e-01	1.300656e-02
2.767810e+03	2.378368e-01	3.554919e-03	2.342914e-01	1.301218e-02
2.768206e+03	2.308949e-01	3.509828e-03	2.299907e-01	1.301779e-02
2.768602e+03	2.481906e-01	3.622368e-03	2.435339e-01	1.302340e-02
2.768998e+03	2.560989e-01	4.810467e-03	2.549548e-01	1.302901e-02
2.769394e+03	2.631983e-01	3.667484e-03	2.555306e-01	1.303462e-02
2.769790e+03	2.539712e-01	3.928413e-03	2.497258e-01	1.304023e-02
2.770186e+03	2.429006e-01	3.828450e-03	2.398696e-01	1.304584e-02
2.770582e+03	2.405404e-01	3.513619e-03	2.363956e-01	1.305145e-02
2.770978e+03	2.503896e-01	3.532484e-03	2.468676e-01	1.305706e-02
2.771374e+03	2.587928e-01	3.548563e-03	2.546664e-01	1.306267e-02
2.771770e+03	2.492460e-01	3.511671e-03	2.464746e-01	1.306828e-02
2.772166e+03	2.448789e-01	3.807213e-03	2.448220e-01	1.307389e-02
2.772562e+03	2.648281e-01	3.906796e-03	2.633134e-01	1.307949e-02
2.772958e+03	2.774136e-01	3.675415e-03	2.742756e-01	1.308510e-02
2.773354e+03	2.723127e-01	3.620341e-03	2.713757e-01	1.309070e-02
2.773750e+03	2.785455e-01	3.631194e-03	2.796201e-01	1.309631e-02
2.774146e+03	3.039123e-01	3.715997e-03	3.041380e-01	1.310191e-02
2.774542e+03	3.076745e-01	3.735953e-03	3.074844e-01	1.310752e-02
2.774938e+03	2.833274e-01	3.645779e-03	2.851712e-01	1.311312e-02
2.775334e+03	2.656767e-01	3.575676e-03	2.673141e-01	1.311872e-02
2.775730e+03	2.514123e-01	3.522072e-03	2.531659e-01	1.312433e-02
2.776126e+03	2.447607e-01	3.965259e-03	2.456306e-01	1.312993e-02
2.776522e+03	nan	nan	2.534312e-01	1.313553e-02
2.776918e+03	2.629552e-01	3.572361e-03	2.611052e-01	1.314113e-02
2.777314e+03	2.631229e-01	3.542216e-03	2.640783e-01	1.314673e-02
2.777710e+03	2.564493e-01	3.518384e-03	2.552854e-01	1.315233e-02
2.778106e+03	2.343591e-01	3.430809e-03	2.335507e-01	1.315793e-02
2.778502e+03	2.288603e-01	3.410046e-03	2.254098e-01	1.316353e-02
2.778898e+03	2.368924e-01	3.439243e-03	2.314908e-01	1.316913e-02
2.779294e+03	2.489741e-01	3.507490e-03	2.409997e-01	1.317473e-02
2.779690e+03	2.581965e-01	3.521513e-03	2.476768e-01	1.318032e-02
2.780086e+03	2.520513e-01	3.473266e-03	2.477501e-01	1.318592e-02
2.780482e+03	2.608378e-01	3.485100e-03	2.587402e-01	1.319151e-02
2.780878e+03	2.676696e-01	3.513437e-03	2.662212e-01	1.319711e-02
2.781274e+03	2.634793e-01	3.494573e-03	2.620573e-01	1.320271e-02
2.781670e+03	2.680946e-01	3.483671e-03	2.629423e-01	1.320830e-02
2.782066e+03	2.685492e-01	3.507473e-03	2.631232e-01	1.321389e-02
2.782462e+03	2.611316e-01	3.456385e-03	2.598250e-01	1.321949e-02
2.782858e+03	2.627162e-01	3.467856e-03	2.636160e-01	1.322508e-02
2.783254e+03	2.695184e-01	3.548034e-03	2.719489e-01	1.323067e-02
2.783650e+03	2.813550e-01	3.571458e-03	2.756626e-01	1.323626e-02
2.784046e+03	2.723848e-01	3.585490e-03	2.713242e-01	1.324185e-02
2.784442e+03	2.702264e-01	3.566229e-03	2.692644e-01	1.324744e-02
2.784838e+03	2.637905e-01	3.525947e-03	2.571836e-01	1.325303e-02
2.785234e+03	nan	nan	2.380308e-01	1.325862e-02
2.785630e+03	2.412203e-01	3.383877e-03	2.399726e-01	1.326421e-02
2.786026e+03	2.451176e-01	3.406830e-03	2.404607e-01	1.326980e-02
2.786422e+03	2.295548e-01	3.351276e-03	2.255116e-01	1.327539e-02
2.786818e+03	2.333722e-01	3.367314e-03	2.311806e-01	1.328097e-02
2.787214e+03	2.571538e-01	3.435593e-03	2.545183e-01	1.328656e-02
2.787610e+03	2.601519e-01	3.424479e-03	2.579629e-01	1.329215e-02
2.788006e+03	2.412723e-01	3.363788e-03	2.411930e-01	1.329773e-02
2.788402e+03	2.399600e-01	3.364110e-03	2.369008e-01	1.330332e-02
2.788798e+03	2.485428e-01	3.368558e-03	2.416165e-01	1.330890e-02
2.789194e+03	2.441665e-01	3.351862e-03	2.406154e-01	1.331448e-02
2.789590e+03	2.500669e-01	3.353032e-03	2.486233e-01	1.332007e-02
2.789986e+03	2.728011e-01	3.415289e-03	2.691429e-01	1.332565e-02
2.790382e+03	2.786077e-01	3.452516e-03	2.727907e-01	1.333123e-02
2.790778e+03	2.627719e-01	3.388354e-03	2.606009e-01	1.333681e-02
2.791174e+03	2.514957e-01	3.360404e-03	2.497079e-01	1.334239e-02
2.791570e+03	2.461814e-01	3.360505e-03	2.438539e-01	1.334797e-02
2.791966e+03	2.418037e-01	3.349037e-03	2.377396e-01	1.335355e-02
2.792362e+03	2.299435e-01	3.286390e-03	2.300507e-01	1.335913e-02
2.792758e+03	2.368177e-01	3.303598e-03	2.429810e-01	1.336471e-02
2.793154e+03	2.597526e-01	3.394713e-03	2.622078e-01	1.337029e-02
2.793550e+03	2.729371e-01	3.435278e-03	2.710726e-01	1.337586e-02
2.793946e+03	2.817312e-01	3.500236e-03	2.739303e-01	1.338144e-02
2.794342e+03	2.739774e-01	3.539261e-03	2.645223e-01	1.338702e-02
2.794738e+03	2.667654e-01	3.500576e-03	2.612769e-01	1.339259e-02
2.795134e+03	2.744407e-01	3.479876e-03	2.688911e-01	1.339817e-02
2.795530e+03	2.721097e-01	3.408676e-03	2.653714e-01	1.340374e-02
2.795926e+03	2.615828e-01	3.386328e-03	2.531619e-01	1.340932e-02
2.796322e+03	2.659252e-01	3.431176e-03	2.504669e-01	1.341489e-02
2.796718e+03	2.669084e-01	3.413503e-03	2.556771e-01	1.342046e-02
2.797114e+03	2.629209e-01	3.394734e-03	2.586416e-01	1.342603e-02
2.797510e+03	2.601940e-01	3.370961e-03	2.549795e-01	1.343160e-02
2.797906e+03	2.588494e-01	3.374054e-03	2.526612e-01	1.343717e-02
2.798302e+03	2.585393e-01	3.392891e-03	2.576522e-01	1.344274e-02
2.798698e+03	2.593019e-01	3.375624e-03	2.595742e-01	1.344831e-02
2.799094e+03	2.640186e-01	3.371844e-03	2.675403e-01	1.345388e-02
2.799490e+03	2.852558e-01	3.433326e-03	2.880787e-01	1.345945e-02
2.799886e+03	2.894208e-01	3.459264e-03	2.886234e-01	1.346502e-02
2.800282e+03	2.678301e-01	3.390249e-03	2.655655e-01	1.347058e-02
2.800678e+03	2.435142e-01	3.320856e-03	2.403493e-01	1.347615e-02
2.801074e+03	2.361883e-01	3.283471e-03	2.305932e-01	1.348172e-02
2.801470e+03	2.544527e-01	3.337559e-03	2.455332e-01	1.348728e-02
2.801866e+03	2.675276e-01	3.378418e-03	2.573444e-01	1.349284e-02
2.802262e+03	2.535108e-01	3.343708e-03	2.449314e-01	1.349841e-02
2.802658e+03	2.403153e-01	3.292808e-03	2.329751e-01	1.350397e-02
2.803054e+03	2.412460e-01	3.336515e-03	2.337192e-01	1.350953e-02
2.803450e+03	2.323002e-01	3.281556e-03	2.255401e-01	1.351510e-02
2.803846e+03	2.142156e-01	3.255209e-03	2.096084e-01	1.352066e-02
2.804242e+03	2.136657e-01	3.221116e-03	2.102531e-01	1.352622e-02
2.804638e+03	2.258596e-01	3.277332e-03	2.191198e-01	1.353178e-02
2.805034e+03	2.205986e-01	3.270900e-03	2.146286e-01	1.353734e-02
2.805430e+03	2.107595e-01	3.212291e-03	2.086124e-01	1.354290e-02
2.805826e+03	2.243853e-01	3.254538e-03	2.226364e-01	1.354845e-02
2.806222e+03	2.488778e-01	3.338861e-03	2.454929e-01	1.355401e-02
2.806618e+03	2.614249e-01	3.371681e-03	2.567523e-01	1.355957e-02
2.807014e+03	2.671469e-01	3.402473e-03	2.613338e-01	1.356512e-02
2.807410e+03	2.785239e-01	3.463902e-03	2.718581e-01	1.357068e-02
2.807806e+03	2.835053e-01	3.477403e-03	2.772993e-01	1.357624e-02
2.808202e+03	2.735866e-01	3.446172e-03	2.713126e-01	1.358179e-02
2.808598e+03	2.701189e-01	3.450930e-03	2.648343e-01	1.358734e-02
2.808994e+03	2.505751e-01	3.379255e-03	2.439713e-01	1.359290e-02
2.809390e+03	2.322495e-01	3.327624e-03	2.295207e-01	1.359845e-02
2.809786e+03	2.450139e-01	3.621108e-03	2.432992e-01	1.360400e-02
2.810182e+03	2.603356e-01	3.549266e-03	2.569920e-01	1.360955e-02
2.810578e+03	2.528346e-01	3.441470e-03	2.513476e-01	1.361510e-02
2.810974e+03	2.466834e-01	3.390633e-03	2.464147e-01	1.362065e-02
2.811370e+03	2.603780e-01	3.440722e-03	2.584641e-01	1.362620e-02
2.811766e+03	2.831528e-01	3.521934e-03	2.751032e-01	1.363175e-02
2.812162e+03	2.951626e-01	3.557302e-03	2.827967e-01	1.363730e-02
2.812558e+03	2.809734e-01	3.542485e-03	2.762357e-01	1.364284e-02
2.812954e+03	2.550605e-01	3.438814e-03	2.569127e-01	1.364839e-02
2.813350e+03	2.373119e-01	3.378673e-03	2.377381e-01	1.365394e-02
2.813746e+03	2.194376e-01	3.366712e-03	2.170180e-01	1.365948e-02
2.814142e+03	2.249904e-01	3.350254e-03	2.211127e-01	1.366503e-02
2.814538e+03	2.474896e-01	3.414904e-03	2.419435e-01	1.367057e-02
2.814934e+03	2.498611e-01	3.417690e-03	2.490414e-01	1.367611e-02
2.815330e+03	2.564198e-01	3.446613e-03	2.556320e-01	1.368166e-02
2.815726e+03	2.749566e-01	3.536290e-03	2.700244e-01	1.368720e-02
2.816122e+03	2.725998e-01	3.588213e-03	2.694483e-01	1.369274e-02
2.816518e+03	2.563177e-01	3.508410e-03	2.529801e-01	1.369828e-02
2.816914e+03	2.431276e-01	3.445385e-03	2.353259e-01	1.370382e-02
2.817310e+03	2.318366e-01	3.410280e-03	2.255462e-01	1.370936e-02
2.817706e+03	2.283086e-01	3.397509e-03	2.232545e-01	1.371490e-02
2.818102e+03	2.324068e-01	3.414921e-03	2.296294e-01	1.372044e-02
2.818498e+03	2.465573e-01	3.472127e-03	2.444972e-01	1.372597e-02
2.818894e+03	2.451661e-01	3.464460e-03	2.387489e-01	1.373151e-02
2.819290e+03	2.268951e-01	3.416485e-03	2.187446e-01	1.373705e-02
2.819686e+03	2.305070e-01	3.486045e-03	2.228777e-01	1.374258e-02
2.820082e+03	nan	nan	2.189521e-01	1.374812e-02
2.820478e+03	2.086044e-01	3.339366e-03	1.989011e-01	1.375365e-02
2.820874e+03	2.077996e-01	3.370554e-03	1.966600e-01	1.375918e-02
2.821270e+03	2.269908e-01	3.456845e-03	2.176202e-01	1.376472e-02
2.821666e+03	2.392050e-01	3.514194e-03	2.312427e-01	1.377025e-02
2.822062e+03	2.354775e-01	3.455158e-03	2.292456e-01	1.377578e-02
2.822458e+03	2.341038e-01	3.478333e-03	2.272659e-01	1.378131e-02
2.822854e+03	2.343344e-01	3.461274e-03	2.273481e-01	1.378684e-02
2.823250e+03	2.471573e-01	3.506526e-03	2.393675e-01	1.379237e-02
2.823646e+03	2.617511e-01	3.548853e-03	2.544985e-01	1.379790e-02
2.824042e+03	2.537454e-01	3.520758e-03	2.481337e-01	1.380342e-02
2.824438e+03	2.394507e-01	3.458415e-03	2.353714e-01	1.380895e-02
2.824834e+03	2.483772e-01	3.531111e-03	2.404744e-01	1.381448e-02
2.825230e+03	2.485635e-01	3.503597e-03	2.397566e-01	1.382000e-02
2.825626e+03	2.411643e-01	3.434671e-03	2.335226e-01	1.382553e-02
2.826022e+03	2.506959e-01	3.490328e-03	2.418931e-01	1.383105e-02
2.826418e+03	2.686559e-01	3.562854e-03	2.541131e-01	1.383658e-02
2.826814e+03	2.551076e-01	3.521844e-03	2.398608e-01	1.384210e-02
2.827210e+03	2.283274e-01	3.416207e-03	2.192305e-01	1.384762e-02
2.827606e+03	nan	nan	2.174990e-01	1.385314e-02
2.828002e+03	2.372165e-01	3.803850e-03	2.376594e-01	1.385866e-02
2.828398e+03	2.690501e-01	3.557454e-03	2.643568e-01	1.386418e-02
2.828794e+03	2.750695e-01	3.619690e-03	2.777596e-01	1.386970e-02
2.829190e+03	2.813059e-01	7.064290e-03	2.770956e-01	1.387522e-02
2.829586e+03	2.749031e-01	3.579672e-03	2.671344e-01	1.388074e-02
2.829982e+03	2.640687e-01	3.658711e-03	2.558533e-01	1.388626e-02
2.830378e+03	2.481459e-01	3.601128e-03	2.451026e-01	1.389177e-02
2.830774e+03	2.539833e-01	3.606783e-03	2.523077e-01	1.389729e-02
2.831170e+03	2.685281e-01	3.676398e-03	2.645683e-01	1.390281e-02
2.831566e+03	2.607333e-01	3.631090e-03	2.585075e-01	1.390832e-02
2.831962e+03	2.473349e-01	3.579534e-03	2.482089e-01	1.391383e-02
2.832358e+03	2.534305e-01	3.585024e-03	2.534119e-01	1.391935e-02
2.832754e+03	2.748936e-01	3.693207e-03	2.713025e-01	1.392486e-02
2.833150e+03	2.744176e-01	3.705938e-03	2.689760e-01	1.393037e-02
2.833546e+03	2.444185e-01	3.618218e-03	2.412292e-01	1.393588e-02
2.833942e+03	2.357324e-01	3.671785e-03	2.329253e-01	1.394139e-02
2.834338e+03	2.401918e-01	3.705300e-03	2.375674e-01	1.394690e-02
2.834734e+03	2.319360e-01	3.615737e-03	2.296139e-01	1.395241e-02
2.835130e+03	2.327328e-01	3.524680e-03	2.252362e-01	1.395792e-02
2.835526e+03	2.249263e-01	3.440925e-03	2.171291e-01	1.396343e-02
2.835922e+03	2.205908e-01	3.423793e-03	2.150119e-01	1.396893e-02
2.836318e+03	2.326310e-01	3.465549e-03	2.266388e-01	1.397444e-02
2.836714e+03	2.489526e-01	3.555732e-03	2.419959e-01	1.397994e-02
2.837110e+03	2.496629e-01	3.561380e-03	2.417636e-01	1.398545e-02
2.837506e+03	2.355212e-01	3.484159e-03	2.263436e-01	1.399095e-02
2.837902e+03	2.281297e-01	3.413469e-03	2.192293e-01	1.399646e-02
2.838298e+03	2.276352e-01	3.423994e-03	2.210794e-01	1.400196e-02
2.838694e+03	2.232832e-01	3.416997e-03	2.246291e-01	1.400746e-02
2.839090e+03	2.390106e-01	3.500811e-03	2.423242e-01	1.401296e-02
2.839486e+03	2.582962e-01	3.609617e-03	2.597499e-01	1.401846e-02
2.839882e+03	2.606428e-01	3.618591e-03	2.619866e-01	1.402396e-02
2.840278e+03	2.541937e-01	3.575589e-03	2.532970e-01	1.402946e-02
2.840674e+03	2.442384e-01	3.599886e-03	2.411752e-01	1.403496e-02
2.841070e+03	2.286277e-01	3.640891e-03	2.320557e-01	1.404045e-02
2.841466e+03	2.324859e-01	3.950201e-03	2.378208e-01	1.404595e-02
2.841862e+03	2.479356e-01	3.714023e-03	2.509756e-01	1.405145e-02
2.842258e+03	2.569721e-01	3.758986e-03	2.559564e-01	1.405694e-02
2.842654e+03	2.509883e-01	3.926612e-03	2.429926e-01	1.406243e-02
2.843050e+03	2.341616e-01	3.500973e-03	2.275755e-01	1.406793e-02
2.843446e+03	2.378798e-01	3.500520e-03	2.309940e-01	1.407342e-02
2.843842e+03	2.425951e-01	3.505275e-03	2.389906e-01	1.407891e-02
2.844238e+03	2.411821e-01	3.890577e-03	2.392242e-01	1.408440e-02
2.844634e+03	2.374993e-01	3.818845e-03	2.324193e-01	1.408989e-02
2.845030e+03	2.330964e-01	3.439529e-03	2.267134e-01	1.409538e-02
2.845426e+03	2.309661e-01	3.404482e-03	2.265167e-01	1.410087e-02
2.845822e+03	2.388339e-01	3.480682e-03	2.356767e-01	1.410636e-02
2.846218e+03	2.414664e-01	3.424192e-03	2.392685e-01	1.411185e-02
2.846614e+03	2.412545e-01	3.422092e-03	2.393869e-01	1.411734e-02
2.847010e+03	2.507544e-01	3.704524e-03	2.487344e-01	1.412282e-02
2.847406e+03	2.549865e-01	4.414951e-03	2.535936e-01	1.412831e-02
2.847802e+03	2.513854e-01	3.462609e-03	2.470138e-01	1.413379e-02
2.848198e+03	2.478631e-01	3.435142e-03	2.412065e-01	1.413928e-02
2.848594e+03	nan	nan	2.423259e-01	1.414476e-02
2.848990e+03	2.496449e-01	3.450123e-03	2.429622e-01	1.415024e-02
2.849386e+03	2.316117e-01	3.388212e-03	2.278259e-01	1.415572e-02
2.849782e+03	2.227731e-01	3.399357e-03	2.196662e-01	1.416120e-02
2.850178e+03	2.266732e-01	3.347752e-03	2.219565e-01	1.416668e-02
2.850574e+03	2.277322e-01	3.352455e-03	2.227773e-01	1.417216e-02
2.850970e+03	2.419378e-01	3.402157e-03	2.318132e-01	1.417764e-02
2.851366e+03	nan	nan	2.364146e-01	1.418312e-02
2.851762e+03	2.367852e-01	3.383504e-03	2.349091e-01	1.418859e-02
2.852158e+03	2.361426e-01	3.380987e-03	2.351260e-01	1.419407e-02
2.852554e+03	2.344812e-01	3.375252e-03	2.318841e-01	1.419955e-02
2.852950e+03	2.377881e-01	3.378414e-03	2.315755e-01	1.420502e-02
2.853346e+03	2.305818e-01	3.334174e-03	2.238184e-01	1.421049e-02
2.853742e+03	2.225865e-01	3.331082e-03	2.170428e-01	1.421597e-02
2.854138e+03	2.191643e-01	3.311718e-03	2.169439e-01	1.422144e-02
2.854534e+03	2.077413e-01	3.270990e-03	2.069175e-01	1.422691e-02
2.854930e+03	2.116897e-01	3.285591e-03	2.062633e-01	1.423238e-02
2.855326e+03	2.221448e-01	3.352463e-03	2.111940e-01	1.423785e-02
2.855722e+03	2.114744e-01	3.445617e-03	2.042993e-01	1.424332e-02
2.856118e+03	2.122069e-01	3.464638e-03	2.057959e-01	1.424879e-02
2.856514e+03	2.241070e-01	3.343916e-03	2.156973e-01	1.425426e-02
2.856910e+03	2.280635e-01	3.324786e-03	2.215100e-01	1.425972e-02
2.857306e+03	2.272445e-01	3.346234e-03	2.240633e-01	1.426519e-02
2.857702e+03	2.337245e-01	3.381358e-03	2.335950e-01	1.427065e-02
2.858098e+03	2.547986e-01	3.454852e-03	2.547290e-01	1.427612e-02
2.858494e+03	2.716872e-01	3.495721e-03	2.691379e-01	1.428158e-02
2.858890e+03	2.767308e-01	3.480385e-03	2.737490e-01	1.428705e-02
2.859286e+03	2.765810e-01	3.500690e-03	2.738952e-01	1.429251e-02
2.859682e+03	2.625203e-01	3.455212e-03	2.592416e-01	1.429797e-02
2.860078e+03	2.453956e-01	3.408512e-03	2.436379e-01	1.430343e-02
2.860474e+03	2.463821e-01	3.409146e-03	2.466914e-01	1.430889e-02
2.860870e+03	2.500087e-01	3.426865e-03	2.463739e-01	1.431435e-02
2.861266e+03	2.431856e-01	3.380677e-03	2.403177e-01	1.431981e-02
2.861662e+03	2.395797e-01	3.371040e-03	2.357735e-01	1.432526e-02
2.862058e+03	2.383381e-01	3.387597e-03	2.342986e-01	1.433072e-02
2.862454e+03	2.466509e-01	3.421062e-03	2.441283e-01	1.433618e-02
2.862850e+03	2.649217e-01	3.529832e-03	2.633183e-01	1.434163e-02
2.863246e+03	2.663841e-01	3.471489e-03	2.635197e-01	1.434708e-02
2.863642e+03	2.382661e-01	3.373007e-03	2.373016e-01	1.435254e-02
2.864038e+03	2.224500e-01	3.618411e-03	2.194641e-01	1.435799e-02
2.864434e+03	nan	nan	2.276189e-01	1.436344e-02
2.864830e+03	2.426653e-01	3.417122e-03	2.478365e-01	1.436889e-02
2.865226e+03	2.472999e-01	3.459068e-03	2.477931e-01	1.437434e-02
2.865622e+03	2.375778e-01	3.404076e-03	2.337253e-01	1.437979e-02
2.866018e+03	2.357034e-01	3.377545e-03	2.291441e-01	1.438524e-02
2.866414e+03	2.297070e-01	3.353898e-03	2.263924e-01	1.439069e-02
2.866810e+03	2.227393e-01	3.338342e-03	2.250146e-01	1.439614e-02
2.867206e+03	2.345749e-01	3.403218e-03	2.384514e-01	1.440158e-02
2.867602e+03	2.539484e-01	3.869551e-03	2.473561e-01	1.440703e-02
2.867998e+03	nan	nan	2.323655e-01	1.441247e-02
2.868394e+03	2.328916e-01	3.786825e-03	2.324889e-01	1.441791e-02
2.868790e+03	2.418806e-01	4.062585e-03	2.380598e-01	1.442336e-02
2.869186e+03	2.457289e-01	4.215708e-03	2.400758e-01	1.442880e-02
2.869582e+03	2.496421e-01	4.696999e-03	2.428328e-01	1.443424e-02
2.869978e+03	2.362650e-01	4.379126e-03	2.352311e-01	1.443968e-02
2.870374e+03	2.416053e-01	5.395378e-03	2.353287e-01	1.444512e-02
2.870770e+03	2.527367e-01	6.217844e-03	2.454298e-01	1.445056e-02
2.871166e+03	2.471413e-01	6.857757e-03	2.401535e-01	1.445600e-02
2.871562e+03	2.331947e-01	6.961057e-03	2.252060e-01	1.446143e-02
2.871958e+03	2.290171e-01	7.144646e-03	2.207477e-01	1.446687e-02
2.872354e+03	2.250421e-01	7.050605e-03	2.180575e-01	1.447231e-02
2.872750e+03	2.119146e-01	6.787019e-03	2.057276e-01	1.447774e-02
2.873146e+03	1.982789e-01	6.437843e-03	1.944026e-01	1.448317e-02
2.873542e+03	2.172790e-01	6.901976e-03	2.126802e-01	1.448861e-02
2.873938e+03	nan	nan	2.321936e-01	1.449404e-02
2.874334e+03	2.398149e-01	6.239066e-03	2.388693e-01	1.449947e-02
2.874730e+03	nan	nan	2.330886e-01	1.450490e-02
2.875126e+03	nan	nan	2.333747e-01	1.451033e-02
2.875522e+03	2.518938e-01	4.673998e-03	2.539329e-01	1.451576e-02
2.875918e+03	nan	nan	2.702054e-01	1.452119e-02
2.876314e+03	nan	nan	2.677480e-01	1.452662e-02
2.876710e+03	nan	nan	2.578295e-01	1.453204e-02
2.877106e+03	nan	nan	2.498717e-01	1.453747e-02
2.877502e+03	2.415472e-01	3.860796e-03	2.423984e-01	1.454289e-02
2.877898e+03	2.287597e-01	3.628517e-03	2.330927e-01	1.454832e-02
2.878294e+03	nan	nan	2.387600e-01	1.455374e-02
2.878690e+03	nan	nan	2.422408e-01	1.455916e-02
2.879086e+03	2.342725e-01	3.575154e-03	2.352342e-01	1.456458e-02
2.879482e+03	2.377356e-01	3.549834e-03	2.398945e-01	1.457000e-02
2.879878e+03	2.428167e-01	3.549238e-03	2.465132e-01	1.457542e-02
2.880274e+03	2.427879e-01	3.520809e-03	2.442205e-01	1.458084e-02
2.880670e+03	2.437667e-01	3.555506e-03	2.392068e-01	1.458626e-02
2.881066e+03	2.398020e-01	3.513328e-03	2.353743e-01	1.459168e-02
2.881462e+03	2.380195e-01	3.508604e-03	2.366957e-01	1.459709e-02
2.881858e+03	2.453175e-01	3.575283e-03	2.446626e-01	1.460251e-02
2.882254e+03	2.467614e-01	3.578713e-03	2.431197e-01	1.460792e-02
2.882650e+03	2.314686e-01	3.519107e-03	2.279789e-01	1.461333e-02
2.883046e+03	2.289545e-01	3.514398e-03	2.271297e-01	1.461875e-02
2.883442e+03	2.440782e-01	3.601776e-03	2.423950e-01	1.462416e-02
2.883838e+03	2.393632e-01	3.488150e-03	2.383383e-01	1.462957e-02
2.884234e+03	2.311447e-01	3.448737e-03	2.296293e-01	1.463498e-02
2.884630e+03	2.411297e-01	3.523643e-03	2.353891e-01	1.464039e-02
2.885026e+03	2.491853e-01	3.534370e-03	2.433290e-01	1.464580e-02
2.885422e+03	2.444198e-01	3.510167e-03	2.412671e-01	1.465121e-02
2.885818e+03	2.249009e-01	3.464729e-03	2.218441e-01	1.465661e-02
2.886214e+03	2.122807e-01	3.397173e-03	2.101373e-01	1.466202e-02
2.886610e+03	2.270008e-01	3.492460e-03	2.240062e-01	1.466742e-02
2.887006e+03	2.553110e-01	3.535503e-03	2.464211e-01	1.467283e-02
2.887402e+03	2.591566e-01	3.553774e-03	2.496957e-01	1.467823e-02
2.887798e+03	2.369533e-01	3.447800e-03	2.306669e-01	1.468363e-02
2.888194e+03	2.234345e-01	3.407103e-03	2.167843e-01	1.468904e-02
2.888590e+03	2.141809e-01	3.364230e-03	2.091733e-01	1.469444e-02
2.888986e+03	2.177713e-01	3.386292e-03	2.151395e-01	1.469984e-02
2.889382e+03	2.237294e-01	3.404756e-03	2.215660e-01	1.470523e-02
2.889778e+03	2.175140e-01	3.450977e-03	2.152184e-01	1.471063e-02
2.890174e+03	2.249311e-01	3.498081e-03	2.209615e-01	1.471603e-02
2.890570e+03	2.329346e-01	3.491112e-03	2.267690e-01	1.472143e-02
2.890966e+03	2.271090e-01	3.425274e-03	2.186548e-01	1.472682e-02
2.891362e+03	2.095428e-01	3.324764e-03	2.049301e-01	1.473222e-02
2.891758e+03	2.197763e-01	3.361973e-03	2.157723e-01	1.473761e-02
2.892154e+03	2.350225e-01	3.416650e-03	2.289682e-01	1.474300e-02
2.892550e+03	2.446068e-01	3.439235e-03	2.366270e-01	1.474840e-02
2.892946e+03	2.511616e-01	3.558202e-03	2.436140e-01	1.475379e-02
2.893342e+03	2.432658e-01	3.450100e-03	2.369363e-01	1.475918e-02
2.893738e+03	2.467162e-01	3.439522e-03	2.395042e-01	1.476457e-02
2.894134e+03	2.624586e-01	3.503812e-03	2.570813e-01	1.476995e-02
2.894530e+03	2.741818e-01	3.524750e-03	2.704019e-01	1.477534e-02
2.894926e+03	2.664836e-01	3.502698e-03	2.649339e-01	1.478073e-02
2.895322e+03	2.532950e-01	3.472105e-03	2.514917e-01	1.478611e-02
2.895718e+03	2.446069e-01	3.442733e-03	2.413073e-01	1.479150e-02
2.896114e+03	2.394833e-01	3.376408e-03	2.356395e-01	1.479688e-02
2.896510e+03	2.407681e-01	3.371000e-03	2.354667e-01	1.480227e-02
2.896906e+03	2.427667e-01	3.387004e-03	2.385165e-01	1.480765e-02
2.897302e+03	2.511234e-01	3.482072e-03	2.496945e-01	1.481303e-02
2.897698e+03	2.640618e-01	3.624776e-03	2.633129e-01	1.481841e-02
2.898094e+03	2.669205e-01	3.654987e-03	2.636298e-01	1.482379e-02
2.898490e+03	2.466250e-01	3.540345e-03	2.405480e-01	1.482917e-02
2.898886e+03	2.246409e-01	3.433663e-03	2.170337e-01	1.483455e-02
2.899282e+03	2.156951e-01	3.401096e-03	2.052134e-01	1.483992e-02
2.899678e+03	2.113257e-01	3.372296e-03	2.000930e-01	1.484530e-02
2.900074e+03	2.196518e-01	3.437291e-03	2.088933e-01	1.485067e-02
2.900470e+03	2.243410e-01	3.470765e-03	2.173536e-01	1.485605e-02
2.900866e+03	2.132633e-01	3.376965e-03	2.111845e-01	1.486142e-02
2.901262e+03	2.166033e-01	3.351072e-03	2.160816e-01	1.486679e-02
2.901658e+03	2.355330e-01	3.424599e-03	2.337143e-01	1.487217e-02
2.902054e+03	2.345996e-01	3.414532e-03	2.311549e-01	1.487754e-02
2.902450e+03	2.251563e-01	3.384025e-03	2.206961e-01	1.488291e-02
2.902846e+03	2.311851e-01	3.401938e-03	2.256051e-01	1.488827e-02
2.903242e+03	2.497956e-01	3.480889e-03	2.442966e-01	1.489364e-02
2.903638e+03	2.515767e-01	3.473346e-03	2.464858e-01	1.489901e-02
2.904034e+03	2.262702e-01	3.383802e-03	2.233758e-01	1.490438e-02
2.904430e+03	2.151211e-01	3.679611e-03	2.109134e-01	1.490974e-02
2.904826e+03	2.273825e-01	4.285200e-03	2.197225e-01	1.491510e-02
2.905222e+03	2.285843e-01	3.376216e-03	2.250986e-01	1.492047e-02
2.905618e+03	2.391063e-01	3.582067e-03	2.385760e-01	1.492583e-02
2.906014e+03	2.459591e-01	3.607289e-03	2.463064e-01	1.493119e-02
2.906410e+03	2.384999e-01	3.577379e-03	2.373558e-01	1.493655e-02
2.906806e+03	2.331832e-01	3.487604e-03	2.298280e-01	1.494191e-02
2.907202e+03	2.296571e-01	3.375942e-03	2.240531e-01	1.494727e-02
2.907598e+03	2.163091e-01	3.362370e-03	2.115592e-01	1.495263e-02
2.907994e+03	1.930479e-01	3.325720e-03	1.887860e-01	1.495799e-02
2.908390e+03	1.814910e-01	3.306941e-03	1.795098e-01	1.496334e-02
2.908786e+03	1.934215e-01	3.342850e-03	1.906677e-01	1.496870e-02
2.909182e+03	2.055449e-01	3.377894e-03	2.020795e-01	1.497405e-02
2.909578e+03	2.134013e-01	3.405726e-03	2.070290e-01	1.497940e-02
2.909974e+03	1.994148e-01	3.346262e-03	1.931255e-01	1.498476e-02
2.910370e+03	1.841849e-01	3.273622e-03	1.805292e-01	1.499011e-02
2.910766e+03	1.995804e-01	3.304813e-03	1.978041e-01	1.499546e-02
2.911162e+03	2.366432e-01	3.430622e-03	2.346201e-01	1.500081e-02
2.911558e+03	2.508144e-01	3.435131e-03	2.487835e-01	1.500616e-02
2.911954e+03	2.443879e-01	3.488430e-03	2.417770e-01	1.501150e-02
2.912350e+03	2.439223e-01	3.507038e-03	2.403914e-01	1.501685e-02
2.912746e+03	2.413490e-01	3.525216e-03	2.412805e-01	1.502220e-02
2.913142e+03	2.410697e-01	3.527142e-03	2.418651e-01	1.502754e-02
2.913538e+03	2.416422e-01	3.532266e-03	2.400789e-01	1.503289e-02
2.913934e+03	2.398850e-01	3.428796e-03	2.374971e-01	1.503823e-02
2.914330e+03	2.370917e-01	3.411487e-03	2.337512e-01	1.504357e-02
2.914726e+03	2.320549e-01	3.367844e-03	2.288159e-01	1.504891e-02
2.915122e+03	2.283071e-01	3.383870e-03	2.230146e-01	1.505425e-02
2.915518e+03	2.253116e-01	3.379731e-03	2.179581e-01	1.505959e-02
2.915914e+03	2.298213e-01	3.394738e-03	2.220431e-01	1.506493e-02
2.916310e+03	2.341240e-01	3.468633e-03	2.279914e-01	1.507027e-02
2.916706e+03	2.294240e-01	3.531399e-03	2.219605e-01	1.507560e-02
2.917102e+03	2.197259e-01	3.355582e-03	2.149556e-01	1.508094e-02
2.917498e+03	2.272621e-01	3.414348e-03	2.233365e-01	1.508627e-02
2.917894e+03	2.395753e-01	3.470668e-03	2.325557e-01	1.509161e-02
2.918290e+03	2.292408e-01	3.432101e-03	2.260930e-01	1.509694e-02
2.918686e+03	2.303216e-01	3.519741e-03	2.311717e-01	1.510227e-02
2.919082e+03	nan	nan	2.382905e-01	1.510760e-02
2.919478e+03	2.365926e-01	3.452557e-03	2.331458e-01	1.511293e-02
2.919874e+03	2.295585e-01	3.434899e-03	2.237144e-01	1.511826e-02
2.920270e+03	2.185200e-01	3.383833e-03	2.135761e-01	1.512359e-02
2.920666e+03	2.195939e-01	3.438482e-03	2.141359e-01	1.512892e-02
2.921062e+03	2.193530e-01	3.449846e-03	2.140219e-01	1.513424e-02
2.921458e+03	2.151523e-01	3.471694e-03	2.095506e-01	1.513957e-02
2.921854e+03	2.095257e-01	3.402088e-03	2.094459e-01	1.514489e-02
2.922250e+03	2.158048e-01	3.431373e-03	2.177428e-01	1.515021e-02
2.922646e+03	2.231887e-01	3.440873e-03	2.256534e-01	1.515554e-02
2.923042e+03	2.204169e-01	3.442925e-03	2.181991e-01	1.516086e-02
2.923438e+03	2.090690e-01	3.386068e-03	2.084270e-01	1.516618e-02
2.923834e+03	2.157815e-01	3.428365e-03	2.148231e-01	1.517150e-02
2.924230e+03	2.216698e-01	3.533155e-03	2.176474e-01	1.517682e-02
2.924626e+03	2.067222e-01	3.354998e-03	2.084200e-01	1.518213e-02
2.925022e+03	2.265571e-01	3.532628e-03	2.207660e-01	1.518745e-02
2.925418e+03	2.424819e-01	3.619430e-03	2.325800e-01	1.519276e-02
2.925814e+03	2.244190e-01	3.498940e-03	2.163214e-01	1.519808e-02
2.926210e+03	2.209065e-01	3.436385e-03	2.184586e-01	1.520339e-02
2.926606e+03	2.382091e-01	3.447087e-03	2.362067e-01	1.520871e-02
2.927002e+03	2.368293e-01	3.721594e-03	2.294701e-01	1.521402e-02
2.927398e+03	2.192697e-01	3.577339e-03	2.134286e-01	1.521933e-02
2.927794e+03	2.124790e-01	3.643711e-03	2.083996e-01	1.522464e-02
2.928190e+03	2.211565e-01	3.394204e-03	2.177137e-01	1.522995e-02
2.928586e+03	2.315166e-01	3.738836e-03	2.250316e-01	1.523525e-02
2.928982e+03	2.134558e-01	3.399269e-03	2.066558e-01	1.524056e-02
2.929378e+03	1.863993e-01	3.234980e-03	1.843356e-01	1.524587e-02
2.929774e+03	1.899014e-01	3.265963e-03	1.893819e-01	1.525117e-02
2.930170e+03	2.144325e-01	3.376875e-03	2.107227e-01	1.525647e-02
2.930566e+03	2.313284e-01	3.477790e-03	2.255615e-01	1.526178e-02
2.930962e+03	2.317396e-01	3.637029e-03	2.353671e-01	1.526708e-02
2.931358e+03	2.509354e-01	3.795505e-03	2.439551e-01	1.527238e-02
2.931754e+03	2.389026e-01	3.470270e-03	2.342497e-01	1.527768e-02
2.932150e+03	2.274033e-01	3.535306e-03	2.252167e-01	1.528298e-02
2.932546e+03	2.348946e-01	3.614700e-03	2.383341e-01	1.528828e-02
2.932942e+03	2.549782e-01	4.059431e-03	2.513061e-01	1.529357e-02
2.933338e+03	2.458992e-01	3.828344e-03	2.417141e-01	1.529887e-02
2.933734e+03	2.346857e-01	3.679970e-03	2.297686e-01	1.530417e-02
2.934130e+03	2.275213e-01	3.395936e-03	2.272696e-01	1.530946e-02
2.934526e+03	2.386645e-01	3.437992e-03	2.340682e-01	1.531475e-02
2.934922e+03	2.381114e-01	3.448333e-03	2.378383e-01	1.532004e-02
2.935318e+03	2.277961e-01	3.432010e-03	2.276560e-01	1.532534e-02
2.935714e+03	nan	nan	2.248047e-01	1.533063e-02
2.936110e+03	2.331805e-01	3.472690e-03	2.301464e-01	1.533592e-02
2.936506e+03	nan	nan	2.311714e-01	1.534120e-02
2.936902e+03	2.327382e-01	3.376092e-03	2.305057e-01	1.534649e-02
2.937298e+03	2.332975e-01	3.400366e-03	2.296112e-01	1.535178e-02
2.937694e+03	2.303376e-01	3.390484e-03	2.287047e-01	1.535706e-02
2.938090e+03	2.305061e-01	3.390321e-03	2.265412e-01	1.536235e-02
2.938486e+03	2.344915e-01	3.419453e-03	2.282936e-01	1.536763e-02
2.938882e+03	2.382479e-01	3.416924e-03	2.311287e-01	1.537291e-02
2.939278e+03	2.394887e-01	3.423024e-03	2.358311e-01	1.537819e-02
2.939674e+03	2.383431e-01	3.447236e-03	2.339028e-01	1.538347e-02
2.940070e+03	2.185036e-01	3.327251e-03	2.145543e-01	1.538875e-02
2.940466e+03	2.013423e-01	3.253389e-03	2.018964e-01	1.539403e-02
2.940862e+03	2.149173e-01	3.338779e-03	2.120536e-01	1.539931e-02
2.941258e+03	2.187117e-01	4.229466e-03	2.136567e-01	1.540458e-02
2.941654e+03	2.030947e-01	3.333713e-03	2.037495e-01	1.540986e-02
2.942050e+03	2.141606e-01	3.363592e-03	2.106509e-01	1.541513e-02
2.942446e+03	2.316500e-01	3.446772e-03	2.275710e-01	1.542041e-02
2.942842e+03	2.387815e-01	3.477219e-03	2.387167e-01	1.542568e-02
2.943238e+03	2.388373e-01	3.481579e-03	2.369933e-01	1.543095e-02
2.943634e+03	2.226764e-01	3.413625e-03	2.199033e-01	1.543622e-02
2.944030e+03	2.176573e-01	3.431614e-03	2.094701e-01	1.544149e-02
2.944426e+03	2.114636e-01	3.460866e-03	2.033274e-01	1.544676e-02
2.944822e+03	2.069639e-01	3.498181e-03	2.036455e-01	1.545202e-02
2.945218e+03	2.191868e-01	3.536040e-03	2.174045e-01	1.545729e-02
2.945614e+03	2.317947e-01	3.558763e-03	2.286633e-01	1.546256e-02
2.946010e+03	2.340632e-01	3.567045e-03	2.303426e-01	1.546782e-02
2.946406e+03	2.256235e-01	3.525245e-03	2.180819e-01	1.547308e-02
2.946802e+03	1.998733e-01	3.166745e-03	1.946063e-01	1.547834e-02
2.947198e+03	1.908610e-01	3.140453e-03	1.853014e-01	1.548361e-02
2.947594e+03	1.964325e-01	3.194791e-03	1.918169e-01	1.548887e-02
2.947990e+03	2.030763e-01	3.221899e-03	1.988996e-01	1.549413e-02
2.948386e+03	1.959720e-01	3.162024e-03	1.905092e-01	1.549938e-02
2.948782e+03	1.844271e-01	3.073145e-03	1.843358e-01	1.550464e-02
2.949178e+03	2.085587e-01	3.191657e-03	2.054110e-01	1.550990e-02
2.949574e+03	2.330803e-01	3.306034e-03	2.298526e-01	1.551515e-02
2.949970e+03	2.387791e-01	3.292838e-03	2.384831e-01	1.552041e-02
2.950366e+03	2.401003e-01	3.305318e-03	2.386961e-01	1.552566e-02
2.950762e+03	2.362806e-01	3.283683e-03	2.340959e-01	1.553091e-02
2.951158e+03	2.322427e-01	3.272392e-03	2.331579e-01	1.553616e-02
2.951554e+03	2.389274e-01	3.344454e-03	2.361540e-01	1.554141e-02
2.951950e+03	2.291758e-01	3.291118e-03	2.277886e-01	1.554666e-02
2.952346e+03	2.230868e-01	3.228947e-03	2.213638e-01	1.555191e-02
2.952742e+03	2.295724e-01	3.298166e-03	2.245492e-01	1.555715e-02
2.953138e+03	2.279465e-01	3.276079e-03	2.213711e-01	1.556240e-02
2.953534e+03	2.140057e-01	3.245168e-03	2.093348e-01	1.556764e-02
2.953930e+03	2.120915e-01	3.301546e-03	2.055660e-01	1.557289e-02
2.954326e+03	2.163011e-01	3.291191e-03	2.110464e-01	1.557813e-02
2.954722e+03	2.137669e-01	3.258246e-03	2.110151e-01	1.558337e-02
2.955118e+03	2.108960e-01	3.278351e-03	2.082398e-01	1.558861e-02
2.955514e+03	2.089409e-01	3.338656e-03	2.048152e-01	1.559385e-02
2.955910e+03	1.937794e-01	3.407953e-03	1.967822e-01	1.559909e-02
2.956306e+03	1.937058e-01	3.504264e-03	1.948376e-01	1.560433e-02
2.956702e+03	2.088549e-01	3.562810e-03	2.076036e-01	1.560957e-02
2.957098e+03	2.299224e-01	3.756906e-03	2.274587e-01	1.561480e-02
2.957494e+03	2.405285e-01	3.800118e-03	2.416836e-01	1.562003e-02
2.957890e+03	2.434750e-01	3.783992e-03	2.454095e-01	1.562527e-02
2.958286e+03	2.323307e-01	3.541290e-03	2.350827e-01	1.563050e-02
2.958682e+03	2.219831e-01	3.320089e-03	2.256332e-01	1.563573e-02
2.959078e+03	2.239106e-01	3.326731e-03	2.240181e-01	1.564096e-02
2.959474e+03	2.148989e-01	3.267234e-03	2.153900e-01	1.564619e-02
2.959870e+03	2.107062e-01	3.265478e-03	2.108162e-01	1.565142e-02
2.960266e+03	nan	nan	2.179153e-01	1.565665e-02
2.960662e+03	nan	nan	2.218050e-01	1.566187e-02
2.961058e+03	2.150159e-01	3.260429e-03	2.142509e-01	1.566710e-02
2.961454e+03	2.140960e-01	3.253829e-03	2.149221e-01	1.567232e-02
2.961850e+03	2.245489e-01	3.306983e-03	2.228547e-01	1.567754e-02
2.962246e+03	2.190402e-01	3.330837e-03	2.171783e-01	1.568277e-02
2.962642e+03	2.037754e-01	3.238772e-03	2.061588e-01	1.568799e-02
2.963038e+03	2.080853e-01	3.284046e-03	2.074985e-01	1.569321e-02
2.963434e+03	2.076030e-01	3.261510e-03	2.050020e-01	1.569843e-02
2.963830e+03	1.978658e-01	3.231244e-03	1.986397e-01	1.570364e-02
2.964226e+03	2.079328e-01	3.227240e-03	2.105859e-01	1.570886e-02
2.964622e+03	2.296720e-01	3.330575e-03	2.278554e-01	1.571408e-02
2.965018e+03	2.367444e-01	3.363669e-03	2.366870e-01	1.571929e-02
2.965414e+03	2.352857e-01	3.346380e-03	2.358800e-01	1.572450e-02
2.965810e+03	2.221961e-01	3.293346e-03	2.196912e-01	1.572972e-02
2.966206e+03	2.026896e-01	3.201650e-03	1.997578e-01	1.573493e-02
2.966602e+03	1.970669e-01	3.213387e-03	1.956934e-01	1.574014e-02
2.966998e+03	2.112081e-01	3.272717e-03	2.086771e-01	1.574535e-02
2.967394e+03	2.197951e-01	3.272339e-03	2.191453e-01	1.575055e-02
2.967790e+03	2.228908e-01	3.277371e-03	2.216291e-01	1.575576e-02
2.968186e+03	2.072029e-01	3.265293e-03	2.060676e-01	1.576097e-02
2.968582e+03	1.841117e-01	3.050873e-03	1.845132e-01	1.576617e-02
2.968978e+03	1.862600e-01	3.054107e-03	1.861202e-01	1.577138e-02
2.969374e+03	2.036118e-01	3.121082e-03	2.037003e-01	1.577658e-02
2.969770e+03	2.157342e-01	3.147353e-03	2.175386e-01	1.578178e-02
2.970166e+03	2.211425e-01	3.171514e-03	2.222413e-01	1.578698e-02
2.970562e+03	2.180536e-01	3.147055e-03	2.200348e-01	1.579218e-02
2.970958e+03	2.150088e-01	3.130098e-03	2.159292e-01	1.579738e-02
2.971354e+03	2.101599e-01	3.103333e-03	2.097308e-01	1.580258e-02
2.971750e+03	2.044898e-01	3.053386e-03	2.030679e-01	1.580777e-02
2.972146e+03	1.982792e-01	3.028699e-03	2.007152e-01	1.581297e-02
2.972542e+03	2.060450e-01	3.038446e-03	2.080225e-01	1.581816e-02
2.972938e+03	2.123735e-01	3.075033e-03	2.139923e-01	1.582336e-02
2.973334e+03	2.121953e-01	3.059597e-03	2.194527e-01	1.582855e-02
2.973730e+03	2.310348e-01	3.390358e-03	2.315498e-01	1.583374e-02
2.974126e+03	2.333080e-01	3.134311e-03	2.346721e-01	1.583893e-02
2.974522e+03	2.199376e-01	3.081126e-03	2.229699e-01	1.584412e-02
2.974918e+03	2.058729e-01	3.012228e-03	2.114139e-01	1.584931e-02
2.975314e+03	2.100001e-01	3.040389e-03	2.164515e-01	1.585449e-02
2.975710e+03	2.264504e-01	3.097475e-03	2.298949e-01	1.585968e-02
2.976106e+03	2.269977e-01	3.114372e-03	2.325758e-01	1.586486e-02
2.976502e+03	2.220725e-01	3.058328e-03	2.296695e-01	1.587005e-02
2.976898e+03	2.268782e-01	3.063858e-03	2.349497e-01	1.587523e-02
2.977294e+03	2.387963e-01	3.089753e-03	2.472644e-01	1.588041e-02
2.977690e+03	2.433952e-01	3.141841e-03	2.495825e-01	1.588559e-02
2.978086e+03	2.300795e-01	3.077563e-03	2.371333e-01	1.589077e-02
2.978482e+03	2.197741e-01	3.054504e-03	2.262788e-01	1.589595e-02
2.978878e+03	2.124057e-01	3.351510e-03	2.181047e-01	1.590112e-02
2.979274e+03	nan	nan	2.178429e-01	1.590630e-02
2.979670e+03	nan	nan	2.150289e-01	1.591148e-02
2.980066e+03	2.091077e-01	2.996139e-03	2.107917e-01	1.591665e-02
2.980462e+03	2.185472e-01	3.025164e-03	2.231698e-01	1.592182e-02
2.980858e+03	2.315478e-01	3.288738e-03	2.322347e-01	1.592699e-02
2.981254e+03	2.198295e-01	3.202272e-03	2.228077e-01	1.593216e-02
2.981650e+03	2.160173e-01	3.209524e-03	2.187595e-01	1.593733e-02
2.982046e+03	2.145019e-01	3.004319e-03	2.175277e-01	1.594250e-02
2.982442e+03	2.059278e-01	2.931825e-03	2.093558e-01	1.594767e-02
2.982838e+03	nan	nan	2.080627e-01	1.595283e-02
2.983234e+03	2.137468e-01	3.537283e-03	2.122471e-01	1.595800e-02
2.983630e+03	2.083846e-01	3.033350e-03	2.115775e-01	1.596316e-02
2.984026e+03	2.098732e-01	2.924435e-03	2.141454e-01	1.596833e-02
2.984422e+03	2.164399e-01	3.016327e-03	2.203189e-01	1.597349e-02
2.984818e+03	2.196963e-01	3.024219e-03	2.243979e-01	1.597865e-02
2.985214e+03	2.147586e-01	2.938048e-03	2.225007e-01	1.598381e-02
2.985610e+03	2.167410e-01	2.938272e-03	2.250544e-01	1.598897e-02
2.986006e+03	2.227689e-01	2.960125e-03	2.285765e-01	1.599412e-02
2.986402e+03	2.081735e-01	2.939101e-03	2.140144e-01	1.599928e-02
2.986798e+03	1.996310e-01	2.905579e-03	2.036470e-01	1.600443e-02
2.987194e+03	2.014375e-01	2.898000e-03	2.019058e-01	1.600959e-02
2.987590e+03	1.946373e-01	2.885575e-03	1.978033e-01	1.601474e-02
2.987986e+03	1.999620e-01	2.910591e-03	2.021448e-01	1.601989e-02
2.988382e+03	1.994611e-01	2.899991e-03	1.989645e-01	1.602504e-02
2.988778e+03	1.809357e-01	2.832395e-03	1.827655e-01	1.603019e-02
2.989174e+03	1.751650e-01	2.820987e-03	1.781346e-01	1.603534e-02
2.989570e+03	1.870275e-01	2.857437e-03	1.892425e-01	1.604049e-02
2.989966e+03	2.023697e-01	2.923321e-03	2.044692e-01	1.604564e-02
2.990362e+03	nan	nan	2.100589e-01	1.605078e-02
2.990758e+03	2.007017e-01	2.959324e-03	2.054254e-01	1.605592e-02
2.991154e+03	nan	nan	2.092422e-01	1.606107e-02
2.991550e+03	2.118619e-01	3.023121e-03	2.159325e-01	1.606621e-02
2.991946e+03	2.059859e-01	3.004822e-03	2.122086e-01	1.607135e-02
2.992342e+03	2.087155e-01	3.025122e-03	2.151779e-01	1.607649e-02
2.992738e+03	2.153398e-01	3.028746e-03	2.204995e-01	1.608163e-02
2.993134e+03	2.117068e-01	2.997165e-03	2.137916e-01	1.608677e-02
2.993530e+03	2.131306e-01	2.982564e-03	2.125113e-01	1.609190e-02
2.993926e+03	2.207410e-01	3.036000e-03	2.224283e-01	1.609704e-02
2.994322e+03	2.258036e-01	3.088969e-03	2.296751e-01	1.610217e-02
2.994718e+03	2.227250e-01	3.094173e-03	2.273788e-01	1.610730e-02
2.995114e+03	2.152879e-01	3.018072e-03	2.226535e-01	1.611243e-02
2.995510e+03	2.194206e-01	3.071858e-03	2.260441e-01	1.611757e-02
2.995906e+03	2.209772e-01	3.058636e-03	2.258768e-01	1.612269e-02
2.996302e+03	2.112257e-01	3.032693e-03	2.150026e-01	1.612782e-02
2.996698e+03	2.023565e-01	3.085864e-03	2.060513e-01	1.613295e-02
2.997094e+03	2.085532e-01	3.115569e-03	2.131062e-01	1.613808e-02
2.997490e+03	2.173622e-01	3.085109e-03	2.225392e-01	1.614320e-02
2.997886e+03	2.152939e-01	3.087704e-03	2.211712e-01	1.614833e-02
2.998282e+03	2.109324e-01	3.087534e-03	2.130900e-01	1.615345e-02
2.998678e+03	1.975954e-01	3.090078e-03	2.024757e-01	1.615857e-02
2.999074e+03	2.021407e-01	3.205091e-03	2.089387e-01	1.616369e-02
2.999470e+03	2.238306e-01	3.296348e-03	2.307453e-01	1.616881e-02
2.999866e+03	2.305945e-01	3.382832e-03	2.400129e-01	1.617393e-02
3.000262e+03	2.239175e-01	3.351331e-03	2.352288e-01	1.617904e-02
3.000658e+03	2.112526e-01	3.195197e-03	2.213871e-01	1.618416e-02
3.001054e+03	2.050440e-01	3.189573e-03	2.114209e-01	1.618928e-02
3.001450e+03	2.111409e-01	3.219529e-03	2.135588e-01	1.619439e-02
3.001846e+03	2.083532e-01	3.221574e-03	2.149364e-01	1.619950e-02
3.002242e+03	2.067976e-01	3.232125e-03	2.142400e-01	1.620461e-02
3.002638e+03	2.145662e-01	3.260712e-03	2.202952e-01	1.620972e-02
3.003034e+03	2.108852e-01	3.240625e-03	2.152830e-01	1.621483e-02
3.003430e+03	1.962345e-01	3.177818e-03	2.023704e-01	1.621994e-02
3.003826e+03	1.976186e-01	3.192654e-03	2.044755e-01	1.622505e-02
3.004222e+03	2.081648e-01	3.215227e-03	2.132100e-01	1.623015e-02
3.004618e+03	2.049909e-01	3.224732e-03	2.102623e-01	1.623526e-02
3.005014e+03	1.996612e-01	3.209171e-03	2.071237e-01	1.624036e-02
3.005410e+03	1.996698e-01	3.193821e-03	2.090211e-01	1.624546e-02
3.005806e+03	1.989815e-01	3.158993e-03	2.097173e-01	1.625056e-02
3.006202e+03	2.041451e-01	3.184684e-03	2.111584e-01	1.625566e-02
3.006598e+03	1.977471e-01	3.167262e-03	2.035628e-01	1.626076e-02
3.006994e+03	1.877683e-01	3.108080e-03	1.952460e-01	1.626586e-02
3.007390e+03	1.856501e-01	3.086224e-03	1.919340e-01	1.627096e-02
3.007786e+03	1.773712e-01	3.044855e-03	1.841246e-01	1.627605e-02
3.008182e+03	1.733248e-01	3.035369e-03	1.813540e-01	1.628115e-02
3.008578e+03	1.836767e-01	3.074302e-03	1.891963e-01	1.628624e-02
3.008974e+03	nan	nan	1.911931e-01	1.629133e-02
3.009370e+03	1.823376e-01	3.060011e-03	1.882771e-01	1.629642e-02
3.009766e+03	1.815168e-01	3.039111e-03	1.871995e-01	1.630151e-02
3.010162e+03	1.784821e-01	3.024106e-03	1.861524e-01	1.630660e-02
3.010558e+03	1.890708e-01	3.058767e-03	1.948274e-01	1.631169e-02
3.010954e+03	1.943409e-01	3.063829e-03	1.999724e-01	1.631677e-02
3.011350e+03	1.953917e-01	3.058535e-03	2.011623e-01	1.632186e-02
3.011746e+03	1.993229e-01	3.068647e-03	2.037847e-01	1.632694e-02
3.012142e+03	1.995800e-01	3.049954e-03	2.056046e-01	1.633203e-02
3.012538e+03	2.009468e-01	3.074880e-03	2.069082e-01	1.633711e-02
3.012934e+03	2.019858e-01	3.074156e-03	2.096776e-01	1.634219e-02
3.013330e+03	2.067369e-01	3.076094e-03	2.146479e-01	1.634727e-02
3.013726e+03	2.106310e-01	3.083293e-03	2.196278e-01	1.635235e-02
3.014122e+03	2.115941e-01	3.081541e-03	2.247785e-01	1.635742e-02
3.014518e+03	2.218799e-01	3.129345e-03	2.359880e-01	1.636250e-02
3.014914e+03	2.388582e-01	3.182163e-03	2.488855e-01	1.636757e-02
3.015310e+03	2.310031e-01	3.152909e-03	2.428759e-01	1.637265e-02
3.015706e+03	2.155827e-01	3.092364e-03	2.265082e-01	1.637772e-02
3.016102e+03	2.131960e-01	3.066574e-03	2.242386e-01	1.638279e-02
3.016498e+03	2.162858e-01	3.140403e-03	2.252718e-01	1.638786e-02
3.016894e+03	2.115669e-01	3.076846e-03	2.198457e-01	1.639293e-02
3.017290e+03	2.051185e-01	3.001973e-03	2.148768e-01	1.639800e-02
3.017686e+03	2.004767e-01	2.961907e-03	2.146222e-01	1.640306e-02
3.018082e+03	2.107645e-01	3.050287e-03	2.230580e-01	1.640813e-02
3.018478e+03	2.172420e-01	3.052626e-03	2.266741e-01	1.641319e-02
3.018874e+03	2.204017e-01	3.051067e-03	2.269506e-01	1.641826e-02
3.019270e+03	2.163044e-01	3.013858e-03	2.247033e-01	1.642332e-02
3.019666e+03	2.099007e-01	2.989639e-03	2.240742e-01	1.642838e-02
3.020062e+03	2.169907e-01	3.202579e-03	2.292821e-01	1.643344e-02
3.020458e+03	nan	nan	2.257295e-01	1.643850e-02
3.020854e+03	2.100881e-01	2.993408e-03	2.260949e-01	1.644355e-02
3.021250e+03	2.199459e-01	3.044095e-03	2.278383e-01	1.644861e-02
3.021646e+03	2.051255e-01	2.992040e-03	2.136698e-01	1.645366e-02
3.022042e+03	nan	nan	1.947735e-01	1.645872e-02
3.022438e+03	1.784572e-01	2.877925e-03	1.892877e-01	1.646377e-02
3.022834e+03	1.894153e-01	2.914551e-03	2.021171e-01	1.646882e-02
3.023230e+03	2.067710e-01	2.992962e-03	2.141294e-01	1.647387e-02
3.023626e+03	2.007792e-01	3.126257e-03	2.066621e-01	1.647892e-02
3.024022e+03	1.871784e-01	2.930376e-03	1.982089e-01	1.648397e-02
3.024418e+03	1.952494e-01	2.970565e-03	2.052911e-01	1.648901e-02
3.024814e+03	2.009472e-01	3.240465e-03	2.140270e-01	1.649406e-02
3.025210e+03	1.992796e-01	3.211248e-03	2.112297e-01	1.649910e-02
3.025606e+03	1.982401e-01	3.236913e-03	2.049089e-01	1.650415e-02
3.026002e+03	1.908928e-01	3.040874e-03	1.989818e-01	1.650919e-02
3.026398e+03	1.833284e-01	3.026659e-03	1.938452e-01	1.651423e-02
3.026794e+03	1.907350e-01	3.052083e-03	2.026944e-01	1.651927e-02
3.027190e+03	2.102216e-01	3.116265e-03	2.198518e-01	1.652431e-02
3.027586e+03	2.204890e-01	3.183461e-03	2.300356e-01	1.652934e-02
3.027982e+03	2.117789e-01	3.122319e-03	2.229837e-01	1.653438e-02
3.028378e+03	1.993686e-01	3.083325e-03	2.110840e-01	1.653941e-02
3.028774e+03	1.981314e-01	3.209202e-03	2.074414e-01	1.654445e-02
3.029170e+03	1.899283e-01	3.076026e-03	2.014030e-01	1.654948e-02
3.029566e+03	1.852176e-01	3.027748e-03	1.960958e-01	1.655451e-02
3.029962e+03	1.856843e-01	3.070278e-03	1.961449e-01	1.655954e-02
3.030358e+03	1.913536e-01	3.088905e-03	2.014024e-01	1.656457e-02
3.030754e+03	2.037912e-01	3.156630e-03	2.087125e-01	1.656960e-02
3.031150e+03	2.002872e-01	3.108628e-03	2.015096e-01	1.657462e-02
3.031546e+03	1.917501e-01	3.089659e-03	1.948877e-01	1.657965e-02
3.031942e+03	1.951065e-01	3.109674e-03	2.014331e-01	1.658467e-02
3.032338e+03	2.121329e-01	3.169448e-03	2.165726e-01	1.658970e-02
3.032734e+03	2.181538e-01	3.134730e-03	2.247054e-01	1.659472e-02
3.033130e+03	2.135457e-01	3.113204e-03	2.213584e-01	1.659974e-02
3.033526e+03	2.092905e-01	3.490127e-03	2.164142e-01	1.660476e-02
3.033922e+03	2.016559e-01	3.541772e-03	2.112441e-01	1.660977e-02
3.034318e+03	2.030234e-01	3.509921e-03	2.140753e-01	1.661479e-02
3.034714e+03	2.143765e-01	3.281283e-03	2.198343e-01	1.661981e-02
3.035110e+03	2.068741e-01	3.291051e-03	2.122006e-01	1.662482e-02
3.035506e+03	1.985247e-01	3.179633e-03	2.046625e-01	1.662983e-02
3.035902e+03	2.032534e-01	3.194306e-03	2.079573e-01	1.663485e-02
3.036298e+03	2.086413e-01	3.234688e-03	2.134836e-01	1.663986e-02
3.036694e+03	2.066777e-01	3.246358e-03	2.148047e-01	1.664487e-02
3.037090e+03	2.058629e-01	3.437106e-03	2.162599e-01	1.664988e-02
3.037486e+03	2.138582e-01	3.679058e-03	2.225739e-01	1.665488e-02
3.037882e+03	2.158560e-01	3.788217e-03	2.242676e-01	1.665989e-02
3.038278e+03	2.080404e-01	3.724505e-03	2.142709e-01	1.666489e-02
3.038674e+03	2.012188e-01	3.669422e-03	2.069311e-01	1.666990e-02
3.039070e+03	1.991993e-01	3.631981e-03	2.035206e-01	1.667490e-02
3.039466e+03	1.988253e-01	3.589724e-03	2.057565e-01	1.667990e-02
3.039862e+03	2.121315e-01	3.709863e-03	2.204917e-01	1.668490e-02
3.040258e+03	2.172344e-01	3.752991e-03	2.285708e-01	1.668990e-02
3.040654e+03	2.140651e-01	3.662357e-03	2.246972e-01	1.669490e-02
3.041050e+03	2.082569e-01	3.262713e-03	2.156216e-01	1.669989e-02
3.041446e+03	2.066533e-01	3.095791e-03	2.135225e-01	1.670489e-02
3.041842e+03	2.132255e-01	3.109506e-03	2.201501e-01	1.670988e-02
3.042238e+03	2.148848e-01	3.102716e-03	2.209424e-01	1.671487e-02
3.042634e+03	2.032884e-01	3.049887e-03	2.116987e-01	1.671987e-02
3.043030e+03	1.934485e-01	3.014298e-03	2.046859e-01	1.672486e-02
3.043426e+03	1.900261e-01	2.996576e-03	2.006491e-01	1.672985e-02
3.043822e+03	1.914195e-01	2.997208e-03	2.023512e-01	1.673483e-02
3.044218e+03	1.924974e-01	3.015974e-03	2.027059e-01	1.673982e-02
3.044614e+03	1.844358e-01	2.982570e-03	1.975200e-01	1.674480e-02
3.045010e+03	1.823720e-01	2.970234e-03	1.953684e-01	1.674979e-02
3.045406e+03	1.917192e-01	3.020909e-03	2.003154e-01	1.675477e-02
3.045802e+03	1.906510e-01	3.016388e-03	1.981056e-01	1.675975e-02
3.046198e+03	1.828919e-01	2.968231e-03	1.916787e-01	1.676473e-02
3.046594e+03	1.960689e-01	3.116489e-03	2.026290e-01	1.676971e-02
3.046990e+03	nan	nan	2.128601e-01	1.677469e-02
3.047386e+03	nan	nan	2.097000e-01	1.677967e-02
3.047782e+03	1.940390e-01	3.160926e-03	2.010918e-01	1.678464e-02
3.048178e+03	1.900396e-01	3.018065e-03	1.967741e-01	1.678962e-02
3.048574e+03	1.974776e-01	3.114441e-03	2.037046e-01	1.679459e-02
3.048970e+03	2.011318e-01	3.049736e-03	2.050111e-01	1.679956e-02
3.049366e+03	1.870813e-01	2.961688e-03	1.906529e-01	1.680453e-02
3.049762e+03	1.731127e-01	2.901896e-03	1.792569e-01	1.680950e-02
3.050158e+03	1.808775e-01	2.912836e-03	1.893963e-01	1.681447e-02
3.050554e+03	1.940367e-01	2.954208e-03	2.003993e-01	1.681944e-02
3.050950e+03	1.905535e-01	2.919023e-03	1.952917e-01	1.682440e-02
3.051346e+03	1.889770e-01	2.917439e-03	1.958051e-01	1.682937e-02
3.051742e+03	1.971098e-01	2.919035e-03	2.039369e-01	1.683433e-02
3.052138e+03	1.976942e-01	2.950543e-03	2.044345e-01	1.683929e-02
3.052534e+03	1.888142e-01	2.877555e-03	1.951572e-01	1.684425e-02
3.052930e+03	1.812630e-01	2.857300e-03	1.857322e-01	1.684921e-02
3.053326e+03	1.885198e-01	2.898557e-03	1.910273e-01	1.685417e-02
3.053722e+03	2.002377e-01	2.912501e-03	2.072173e-01	1.685913e-02
3.054118e+03	2.003866e-01	2.910606e-03	2.153715e-01	1.686409e-02
3.054514e+03	2.009929e-01	2.902458e-03	2.152929e-01	1.686904e-02
3.054910e+03	2.048612e-01	2.891216e-03	2.159753e-01	1.687399e-02
3.055306e+03	2.187597e-01	2.959395e-03	2.283516e-01	1.687895e-02
3.055702e+03	2.361629e-01	3.014267e-03	2.407137e-01	1.688390e-02
3.056098e+03	2.335278e-01	3.023065e-03	2.380934e-01	1.688885e-02
3.056494e+03	2.204782e-01	2.969937e-03	2.271423e-01	1.689380e-02
3.056890e+03	2.120231e-01	2.935359e-03	2.203176e-01	1.689874e-02
3.057286e+03	2.146474e-01	2.950009e-03	2.234531e-01	1.690369e-02
3.057682e+03	2.123831e-01	2.940371e-03	2.204257e-01	1.690863e-02
3.058078e+03	2.071991e-01	2.926670e-03	2.131583e-01	1.691358e-02
3.058474e+03	2.042375e-01	2.930943e-03	2.090399e-01	1.691852e-02
3.058870e+03	1.929919e-01	2.874457e-03	2.008409e-01	1.692346e-02
3.059266e+03	1.933081e-01	2.887417e-03	2.025333e-01	1.692840e-02
3.059662e+03	2.062189e-01	2.942416e-03	2.131739e-01	1.693334e-02
3.060058e+03	2.109244e-01	2.966854e-03	2.175877e-01	1.693828e-02
3.060454e+03	2.057155e-01	2.965900e-03	2.137232e-01	1.694321e-02
3.060850e+03	2.050438e-01	2.953596e-03	2.128203e-01	1.694815e-02
3.061246e+03	2.029715e-01	2.995318e-03	2.124969e-01	1.695308e-02
3.061642e+03	2.026590e-01	2.971024e-03	2.117313e-01	1.695801e-02
3.062038e+03	2.011064e-01	2.963419e-03	2.106657e-01	1.696294e-02
3.062434e+03	2.140352e-01	3.257362e-03	2.190122e-01	1.696787e-02
3.062830e+03	2.202707e-01	3.048404e-03	2.321627e-01	1.697280e-02
3.063226e+03	2.213156e-01	3.051369e-03	2.325176e-01	1.697773e-02
3.063622e+03	2.124128e-01	3.090745e-03	2.223739e-01	1.698266e-02
3.064018e+03	nan	nan	2.106719e-01	1.698758e-02
3.064414e+03	1.896763e-01	3.025529e-03	1.998121e-01	1.699250e-02
3.064810e+03	1.961576e-01	3.064849e-03	1.975992e-01	1.699743e-02
3.065206e+03	1.944278e-01	3.036696e-03	1.941622e-01	1.700235e-02
3.065602e+03	1.873772e-01	2.975999e-03	1.926342e-01	1.700727e-02
3.065998e+03	1.940902e-01	3.024830e-03	1.995994e-01	1.701219e-02
3.066394e+03	1.997186e-01	3.133579e-03	2.065692e-01	1.701710e-02
3.066790e+03	2.047850e-01	3.089474e-03	2.121787e-01	1.702202e-02
3.067186e+03	2.131264e-01	3.161247e-03	2.162863e-01	1.702693e-02
3.067582e+03	2.089264e-01	3.086910e-03	2.213904e-01	1.703185e-02
3.067978e+03	2.099528e-01	3.124930e-03	2.217901e-01	1.703676e-02
3.068374e+03	2.139339e-01	3.143245e-03	2.219914e-01	1.704167e-02
3.068770e+03	2.102153e-01	3.126077e-03	2.172835e-01	1.704658e-02
3.069166e+03	1.970887e-01	3.133645e-03	2.040182e-01	1.705149e-02
3.069562e+03	1.901527e-01	3.133327e-03	1.974172e-01	1.705640e-02
3.069958e+03	1.949104e-01	3.167214e-03	2.005014e-01	1.706130e-02
3.070354e+03	1.919212e-01	3.150935e-03	2.014574e-01	1.706621e-02
3.070750e+03	1.793440e-01	3.037159e-03	1.895149e-01	1.707111e-02
3.071146e+03	1.724454e-01	3.051512e-03	1.842708e-01	1.707601e-02
3.071542e+03	1.846936e-01	3.127840e-03	1.956727e-01	1.708091e-02
3.071938e+03	1.851540e-01	3.129805e-03	1.964409e-01	1.708581e-02
3.072334e+03	1.852189e-01	3.136703e-03	1.923576e-01	1.709071e-02
3.072730e+03	1.886165e-01	3.221361e-03	1.931850e-01	1.709561e-02
3.073126e+03	1.878241e-01	3.235550e-03	1.916812e-01	1.710050e-02
3.073522e+03	1.865834e-01	3.214427e-03	1.939037e-01	1.710540e-02
3.073918e+03	1.929912e-01	3.234846e-03	2.018797e-01	1.711029e-02
3.074314e+03	1.956503e-01	3.252989e-03	2.032018e-01	1.711518e-02
3.074710e+03	1.919276e-01	3.227273e-03	1.969679e-01	1.712007e-02
3.075106e+03	1.873795e-01	3.199614e-03	1.902214e-01	1.712496e-02
3.075502e+03	1.895737e-01	3.195653e-03	1.958604e-01	1.712985e-02
3.075898e+03	2.100262e-01	3.274251e-03	2.145524e-01	1.713474e-02
3.076294e+03	2.153334e-01	3.250481e-03	2.221468e-01	1.713962e-02
3.076690e+03	2.111036e-01	3.240060e-03	2.197103e-01	1.714451e-02
3.077086e+03	2.099212e-01	3.164351e-03	2.137084e-01	1.714939e-02
3.077482e+03	2.015511e-01	3.100564e-03	2.069264e-01	1.715427e-02
3.077878e+03	2.024659e-01	3.087879e-03	2.107509e-01	1.715915e-02
3.078274e+03	2.126023e-01	3.157097e-03	2.214049e-01	1.716403e-02
3.078670e+03	2.212499e-01	3.171505e-03	2.329906e-01	1.716891e-02
3.079066e+03	2.285541e-01	3.187300e-03	2.363003e-01	1.717379e-02
3.079462e+03	2.221011e-01	3.191451e-03	2.275927e-01	1.717866e-02
3.079858e+03	2.184894e-01	3.203909e-03	2.244372e-01	1.718354e-02
3.080254e+03	2.176277e-01	3.152582e-03	2.199154e-01	1.718841e-02
3.080650e+03	2.082941e-01	3.150239e-03	2.117580e-01	1.719328e-02
3.081046e+03	2.016127e-01	3.073827e-03	2.117749e-01	1.719815e-02
3.081442e+03	2.106924e-01	3.102291e-03	2.200527e-01	1.720302e-02
3.081838e+03	2.173713e-01	3.206619e-03	2.234665e-01	1.720789e-02
3.082234e+03	2.057279e-01	3.155152e-03	2.143164e-01	1.721275e-02
3.082630e+03	1.986473e-01	3.078049e-03	2.061415e-01	1.721762e-02
3.083026e+03	1.968702e-01	3.065933e-03	1.993697e-01	1.722248e-02
3.083422e+03	1.863898e-01	3.034248e-03	1.900745e-01	1.722735e-02
3.083818e+03	1.910930e-01	3.051361e-03	1.982491e-01	1.723221e-02
3.084214e+03	2.095870e-01	3.130134e-03	2.145431e-01	1.723707e-02
3.084610e+03	2.133058e-01	3.111896e-03	2.158756e-01	1.724193e-02
3.085006e+03	2.084887e-01	3.111358e-03	2.129750e-01	1.724678e-02
3.085402e+03	2.148205e-01	3.222985e-03	2.209087e-01	1.725164e-02
3.085798e+03	2.153117e-01	3.275869e-03	2.212162e-01	1.725649e-02
3.086194e+03	2.037644e-01	3.205246e-03	2.129088e-01	1.726135e-02
3.086590e+03	2.045077e-01	3.069088e-03	2.101357e-01	1.726620e-02
3.086986e+03	2.055374e-01	3.060129e-03	2.085415e-01	1.727105e-02
3.087382e+03	2.031355e-01	3.057802e-03	2.100470e-01	1.727590e-02
3.087778e+03	2.033841e-01	3.038566e-03	2.116628e-01	1.728075e-02
3.088174e+03	2.008536e-01	3.044142e-03	2.067201e-01	1.728560e-02
3.088570e+03	1.963699e-01	3.028578e-03	2.028313e-01	1.729044e-02
3.088966e+03	1.944554e-01	3.002082e-03	2.005519e-01	1.729529e-02
3.089362e+03	1.892172e-01	2.968703e-03	1.925117e-01	1.730013e-02
3.089758e+03	1.844706e-01	2.988159e-03	1.885928e-01	1.730497e-02
3.090154e+03	1.918667e-01	3.204013e-03	1.974113e-01	1.730981e-02
3.090550e+03	2.014270e-01	3.177124e-03	2.058885e-01	1.731465e-02
3.090946e+03	1.982247e-01	3.197569e-03	2.005942e-01	1.731949e-02
3.091342e+03	1.907438e-01	2.969749e-03	1.941534e-01	1.732433e-02
3.091738e+03	1.874513e-01	2.904168e-03	1.934616e-01	1.732916e-02
3.092134e+03	1.877121e-01	2.868385e-03	1.986397e-01	1.733400e-02
3.092530e+03	1.965604e-01	2.916595e-03	2.067332e-01	1.733883e-02
3.092926e+03	2.003271e-01	2.918387e-03	2.088717e-01	1.734366e-02
3.093322e+03	1.922279e-01	2.889499e-03	2.017561e-01	1.734849e-02
3.093718e+03	1.929254e-01	2.886060e-03	2.025427e-01	1.735332e-02
3.094114e+03	2.055348e-01	2.970748e-03	2.140715e-01	1.735815e-02
3.094510e+03	2.055001e-01	3.071445e-03	2.169053e-01	1.736297e-02
3.094906e+03	1.946776e-01	2.973341e-03	2.061873e-01	1.736780e-02
3.095302e+03	1.864172e-01	2.889024e-03	1.955655e-01	1.737262e-02
3.095698e+03	1.763600e-01	2.858187e-03	1.867957e-01	1.737744e-02
3.096094e+03	1.838815e-01	2.912909e-03	1.943581e-01	1.738227e-02
3.096490e+03	1.992706e-01	2.978275e-03	2.067928e-01	1.738709e-02
3.096886e+03	1.896162e-01	2.925927e-03	1.981966e-01	1.739190e-02
3.097282e+03	1.867138e-01	2.920701e-03	1.925120e-01	1.739672e-02
3.097678e+03	1.939265e-01	2.964178e-03	1.928070e-01	1.740154e-02
3.098074e+03	1.961612e-01	2.977970e-03	1.932602e-01	1.740635e-02
3.098470e+03	1.983128e-01	3.013819e-03	2.010054e-01	1.741116e-02
3.098866e+03	1.954643e-01	2.967780e-03	2.062413e-01	1.741598e-02
3.099262e+03	1.979949e-01	2.990729e-03	2.112700e-01	1.742079e-02
3.099658e+03	2.075080e-01	3.032141e-03	2.186914e-01	1.742560e-02
3.100054e+03	2.063000e-01	3.022379e-03	2.167019e-01	1.743040e-02
3.100450e+03	2.030681e-01	3.037082e-03	2.112229e-01	1.743521e-02
3.100846e+03	2.115699e-01	3.071979e-03	2.175170e-01	1.744002e-02
3.101242e+03	nan	nan	2.304881e-01	1.744482e-02
3.101638e+03	2.251547e-01	3.105076e-03	2.317332e-01	1.744962e-02
3.102034e+03	2.144144e-01	3.041925e-03	2.233429e-01	1.745442e-02
3.102430e+03	2.019034e-01	3.033323e-03	2.076458e-01	1.745922e-02
3.102826e+03	1.914440e-01	2.972277e-03	2.017714e-01	1.746402e-02
3.103222e+03	1.995623e-01	3.041852e-03	2.072481e-01	1.746882e-02
3.103618e+03	1.993116e-01	3.005742e-03	2.133323e-01	1.747362e-02
3.104014e+03	2.073628e-01	3.057139e-03	2.195622e-01	1.747841e-02
3.104410e+03	2.090571e-01	3.076858e-03	2.168938e-01	1.748321e-02
3.104806e+03	2.082602e-01	3.057835e-03	2.123033e-01	1.748800e-02
3.105202e+03	2.045643e-01	3.058386e-03	2.076411e-01	1.749279e-02
3.105598e+03	1.979383e-01	3.023266e-03	2.049410e-01	1.749758e-02
3.105994e+03	1.918118e-01	3.022203e-03	2.000335e-01	1.750237e-02
3.106390e+03	1.869861e-01	2.985433e-03	1.973644e-01	1.750715e-02
3.106786e+03	1.942247e-01	3.047954e-03	2.034495e-01	1.751194e-02
3.107182e+03	2.065931e-01	3.097030e-03	2.121967e-01	1.751672e-02
3.107578e+03	2.067475e-01	3.132976e-03	2.103483e-01	1.752151e-02
3.107974e+03	1.865011e-01	3.005810e-03	2.018647e-01	1.752629e-02
3.108370e+03	1.894504e-01	3.047778e-03	2.006519e-01	1.753107e-02
3.108766e+03	1.959653e-01	3.068439e-03	1.970444e-01	1.753585e-02
3.109162e+03	1.883774e-01	3.024721e-03	1.962444e-01	1.754062e-02
3.109558e+03	1.993993e-01	3.060246e-03	2.106230e-01	1.754540e-02
3.109954e+03	2.143836e-01	3.132153e-03	2.195029e-01	1.755018e-02
3.110350e+03	2.071397e-01	3.098843e-03	2.123137e-01	1.755495e-02
3.110746e+03	1.964223e-01	3.065497e-03	2.052283e-01	1.755972e-02
3.111142e+03	1.939317e-01	3.052833e-03	2.023240e-01	1.756449e-02
3.111538e+03	1.994132e-01	3.072973e-03	2.022281e-01	1.756926e-02
3.111934e+03	2.011012e-01	3.070427e-03	2.021742e-01	1.757403e-02
3.112330e+03	1.984712e-01	3.045589e-03	2.063015e-01	1.757880e-02
3.112726e+03	2.018668e-01	3.056071e-03	2.076412e-01	1.758356e-02
3.113122e+03	1.985691e-01	3.059536e-03	2.012322e-01	1.758833e-02
3.113518e+03	1.895727e-01	3.031227e-03	1.939416e-01	1.759309e-02
3.113914e+03	1.851613e-01	3.033039e-03	1.922322e-01	1.759785e-02
3.114310e+03	1.865827e-01	3.017379e-03	1.925866e-01	1.760261e-02
3.114706e+03	1.801651e-01	2.988680e-03	1.895522e-01	1.760737e-02
3.115102e+03	1.830093e-01	2.998297e-03	1.948661e-01	1.761213e-02
3.115498e+03	1.954995e-01	3.033123e-03	2.101978e-01	1.761689e-02
3.115894e+03	2.072990e-01	3.073644e-03	2.172705e-01	1.762164e-02
3.116290e+03	2.020200e-01	3.053574e-03	2.094129e-01	1.762639e-02
3.116686e+03	2.001331e-01	3.026146e-03	2.084885e-01	1.763115e-02
3.117082e+03	2.118242e-01	3.086598e-03	2.167400e-01	1.763590e-02
3.117478e+03	2.083995e-01	3.090705e-03	2.113630e-01	1.764065e-02
3.117874e+03	1.914153e-01	3.013103e-03	1.978959e-01	1.764540e-02
3.118270e+03	1.869187e-01	3.007767e-03	1.918314e-01	1.765014e-02
3.118666e+03	1.869483e-01	2.959745e-03	1.919851e-01	1.765489e-02
3.119062e+03	1.914060e-01	2.970827e-03	1.975872e-01	1.765963e-02
3.119458e+03	1.983002e-01	2.983912e-03	2.071934e-01	1.766438e-02
3.119854e+03	2.059858e-01	3.001099e-03	2.125492e-01	1.766912e-02
3.120250e+03	2.071272e-01	3.002654e-03	2.125152e-01	1.767386e-02
3.120646e+03	2.043394e-01	3.000333e-03	2.075694e-01	1.767860e-02
3.121042e+03	1.978419e-01	2.973608e-03	2.017019e-01	1.768333e-02
3.121438e+03	1.984551e-01	2.987439e-03	2.011887e-01	1.768807e-02
3.121834e+03	2.034116e-01	2.989415e-03	2.082834e-01	1.769280e-02
3.122230e+03	2.131569e-01	3.045844e-03	2.166214e-01	1.769754e-02
3.122626e+03	2.076171e-01	3.006809e-03	2.110732e-01	1.770227e-02
3.123022e+03	2.029244e-01	2.968541e-03	2.108952e-01	1.770700e-02
3.123418e+03	2.126719e-01	3.008826e-03	2.206437e-01	1.771173e-02
3.123814e+03	2.150076e-01	3.009278e-03	2.185280e-01	1.771646e-02
3.124210e+03	2.030363e-01	2.977185e-03	2.045289e-01	1.772119e-02
3.124606e+03	1.950647e-01	2.956171e-03	1.996057e-01	1.772591e-02
3.125002e+03	2.020232e-01	2.943988e-03	2.102794e-01	1.773064e-02
3.125398e+03	2.118611e-01	2.988121e-03	2.180097e-01	1.773536e-02
3.125794e+03	2.105262e-01	2.994992e-03	2.154981e-01	1.774008e-02
3.126190e+03	2.095866e-01	2.986944e-03	2.140022e-01	1.774480e-02
3.126586e+03	2.149139e-01	3.010684e-03	2.199304e-01	1.774952e-02
3.126982e+03	2.144106e-01	3.002410e-03	2.188078e-01	1.775424e-02
3.127378e+03	2.078408e-01	2.968890e-03	2.100052e-01	1.775895e-02
3.127774e+03	2.023779e-01	2.969236e-03	2.026067e-01	1.776367e-02
3.128170e+03	1.991373e-01	2.959256e-03	1.990634e-01	1.776838e-02
3.128566e+03	1.945423e-01	2.929494e-03	1.963948e-01	1.777309e-02
3.128962e+03	1.928665e-01	2.933611e-03	1.974130e-01	1.777780e-02
3.129358e+03	1.892771e-01	2.988247e-03	1.956209e-01	1.778251e-02
3.129754e+03	1.843605e-01	2.978255e-03	1.903886e-01	1.778722e-02
3.130150e+03	1.812450e-01	2.944029e-03	1.891155e-01	1.779193e-02
3.130546e+03	1.824811e-01	2.950105e-03	1.923528e-01	1.779663e-02
3.130942e+03	1.910517e-01	2.989172e-03	1.982808e-01	1.780133e-02
3.131338e+03	1.945047e-01	2.996180e-03	2.003775e-01	1.780604e-02
3.131734e+03	1.987830e-01	2.991235e-03	1.996563e-01	1.781074e-02
3.132130e+03	2.081654e-01	3.009351e-03	2.035078e-01	1.781544e-02
3.132526e+03	2.018064e-01	3.010193e-03	1.984873e-01	1.782014e-02
3.132922e+03	1.834389e-01	2.919512e-03	1.858012e-01	1.782483e-02
3.133318e+03	1.830467e-01	2.916957e-03	1.840022e-01	1.782953e-02
3.133714e+03	1.933840e-01	2.932882e-03	1.920183e-01	1.783422e-02
3.134110e+03	2.033846e-01	2.957176e-03	2.058419e-01	1.783892e-02
3.134506e+03	2.103983e-01	2.988958e-03	2.131328e-01	1.784361e-02
3.134902e+03	2.018729e-01	2.973178e-03	2.044089e-01	1.784830e-02
3.135298e+03	1.914903e-01	2.925191e-03	1.965936e-01	1.785299e-02
3.135694e+03	1.889232e-01	2.980937e-03	1.955940e-01	1.785767e-02
3.136090e+03	2.012270e-01	2.968160e-03	2.069907e-01	1.786236e-02
3.136486e+03	2.228693e-01	3.045525e-03	2.276445e-01	1.786704e-02
3.136882e+03	2.275160e-01	3.085704e-03	2.322753e-01	1.787173e-02
3.137278e+03	2.066060e-01	3.006219e-03	2.132702e-01	1.787641e-02
3.137674e+03	1.918828e-01	2.950508e-03	1.948545e-01	1.788109e-02
3.138070e+03	1.826674e-01	2.919370e-03	1.895299e-01	1.788577e-02
3.138466e+03	1.874063e-01	2.935828e-03	1.970524e-01	1.789045e-02
3.138862e+03	2.000907e-01	2.986038e-03	2.094367e-01	1.789512e-02
3.139258e+03	2.098869e-01	3.021112e-03	2.157029e-01	1.789980e-02
3.139654e+03	2.079850e-01	3.017774e-03	2.179339e-01	1.790447e-02
3.140050e+03	2.136654e-01	3.109389e-03	2.225509e-01	1.790915e-02
3.140446e+03	2.120394e-01	3.129372e-03	2.176904e-01	1.791382e-02
3.140842e+03	2.002013e-01	3.029093e-03	2.060533e-01	1.791849e-02
3.141238e+03	1.949500e-01	2.965923e-03	1.963615e-01	1.792315e-02
3.141634e+03	1.852446e-01	2.937436e-03	1.894859e-01	1.792782e-02
3.142030e+03	1.827553e-01	2.900293e-03	1.921048e-01	1.793249e-02
3.142426e+03	1.999884e-01	2.969198e-03	2.082414e-01	1.793715e-02
3.142822e+03	2.130951e-01	3.015657e-03	2.136695e-01	1.794181e-02
3.143218e+03	1.989269e-01	2.983974e-03	1.976286e-01	1.794647e-02
3.143614e+03	1.858614e-01	2.926349e-03	1.890926e-01	1.795113e-02
3.144010e+03	1.949346e-01	2.970655e-03	1.977591e-01	1.795579e-02
3.144406e+03	2.029550e-01	2.994846e-03	2.055415e-01	1.796045e-02
3.144802e+03	2.089975e-01	3.005989e-03	2.089372e-01	1.796511e-02
3.145198e+03	2.121194e-01	3.039273e-03	2.089235e-01	1.796976e-02
3.145594e+03	2.154888e-01	3.051022e-03	2.130315e-01	1.797441e-02
3.145990e+03	2.103939e-01	3.135118e-03	2.111947e-01	1.797907e-02
3.146386e+03	2.009950e-01	3.002905e-03	2.065574e-01	1.798372e-02
3.146782e+03	2.032201e-01	3.029414e-03	2.074097e-01	1.798837e-02
3.147178e+03	2.062903e-01	3.127615e-03	2.070986e-01	1.799301e-02
3.147574e+03	1.993422e-01	3.123641e-03	2.009791e-01	1.799766e-02
3.147970e+03	1.986741e-01	3.089208e-03	2.033846e-01	1.800230e-02
3.148366e+03	2.123149e-01	3.108999e-03	2.106058e-01	1.800695e-02
3.148762e+03	2.079102e-01	3.101755e-03	2.080881e-01	1.801159e-02
3.149158e+03	2.016667e-01	3.095784e-03	2.045006e-01	1.801623e-02
3.149554e+03	1.957561e-01	3.081786e-03	2.012362e-01	1.802087e-02
3.149950e+03	1.929336e-01	3.114746e-03	2.009218e-01	1.802551e-02
3.150346e+03	1.998506e-01	3.163472e-03	2.068631e-01	1.803014e-02
3.150742e+03	2.079564e-01	3.187904e-03	2.122609e-01	1.803478e-02
3.151138e+03	2.193793e-01	3.249385e-03	2.228570e-01	1.803941e-02
3.151534e+03	2.235405e-01	3.282731e-03	2.239561e-01	1.804405e-02
3.151930e+03	2.056336e-01	3.188011e-03	2.096414e-01	1.804868e-02
3.152326e+03	1.993052e-01	3.116137e-03	2.051128e-01	1.805331e-02
3.152722e+03	2.013953e-01	3.162991e-03	2.029179e-01	1.805793e-02
3.153118e+03	1.990351e-01	3.278708e-03	1.995812e-01	1.806256e-02
3.153514e+03	2.005894e-01	3.155331e-03	1.970915e-01	1.806719e-02
3.153910e+03	1.940365e-01	3.108745e-03	1.935464e-01	1.807181e-02
3.154306e+03	1.941538e-01	3.118725e-03	1.934753e-01	1.807643e-02
3.154702e+03	1.977468e-01	3.166692e-03	1.962158e-01	1.808105e-02
3.155098e+03	2.000375e-01	3.154676e-03	1.969112e-01	1.808567e-02
3.155494e+03	1.903131e-01	3.062154e-03	1.898283e-01	1.809029e-02
3.155890e+03	1.906582e-01	3.063920e-03	1.902920e-01	1.809491e-02
3.156286e+03	1.946706e-01	3.065465e-03	1.928149e-01	1.809953e-02
3.156682e+03	1.930792e-01	3.030599e-03	1.902897e-01	1.810414e-02
3.157078e+03	1.952061e-01	3.042931e-03	1.922426e-01	1.810875e-02
3.157474e+03	1.967827e-01	3.109449e-03	1.946238e-01	1.811336e-02
3.157870e+03	1.939043e-01	3.027947e-03	1.923410e-01	1.811797e-02
3.158266e+03	1.872095e-01	2.964717e-03	1.907354e-01	1.812258e-02
3.158662e+03	1.928159e-01	2.978609e-03	1.989163e-01	1.812719e-02
3.159058e+03	2.011317e-01	3.062967e-03	2.065390e-01	1.813180e-02
3.159454e+03	2.046997e-01	2.996817e-03	2.079158e-01	1.813640e-02
3.159850e+03	2.050604e-01	3.019999e-03	2.046524e-01	1.814100e-02
3.160246e+03	2.013945e-01	3.017805e-03	2.021410e-01	1.814561e-02
3.160642e+03	2.049825e-01	3.027625e-03	2.074444e-01	1.815021e-02
3.161038e+03	2.123354e-01	3.046205e-03	2.128158e-01	1.815481e-02
3.161434e+03	2.098672e-01	3.016005e-03	2.094839e-01	1.815940e-02
3.161830e+03	nan	nan	2.080862e-01	1.816400e-02
3.162226e+03	2.092103e-01	2.989251e-03	2.142789e-01	1.816859e-02
3.162622e+03	2.108970e-01	3.044335e-03	2.198240e-01	1.817319e-02
3.163018e+03	2.192475e-01	3.020688e-03	2.269566e-01	1.817778e-02
3.163414e+03	2.237486e-01	3.040264e-03	2.274371e-01	1.818237e-02
3.163810e+03	2.195499e-01	3.068670e-03	2.236388e-01	1.818696e-02
3.164206e+03	2.134466e-01	3.039425e-03	2.158024e-01	1.819155e-02
3.164602e+03	2.055408e-01	3.003722e-03	2.063210e-01	1.819613e-02
3.164998e+03	2.018597e-01	2.962517e-03	1.983344e-01	1.820072e-02
3.165394e+03	1.942290e-01	2.928947e-03	1.921272e-01	1.820530e-02
3.165790e+03	1.990799e-01	2.947443e-03	1.965631e-01	1.820988e-02
3.166186e+03	2.023349e-01	2.956751e-03	2.000519e-01	1.821446e-02
3.166582e+03	nan	nan	1.997229e-01	1.821904e-02
3.166978e+03	nan	nan	2.007821e-01	1.822362e-02
3.167374e+03	nan	nan	2.013148e-01	1.822820e-02
3.167770e+03	nan	nan	2.001155e-01	1.823277e-02
3.168166e+03	nan	nan	2.036914e-01	1.823735e-02
3.168562e+03	nan	nan	2.086207e-01	1.824192e-02
3.168958e+03	nan	nan	2.018441e-01	1.824649e-02
3.169354e+03	nan	nan	1.977346e-01	1.825106e-02
3.169750e+03	nan	nan	2.027757e-01	1.825563e-02
