# # Spectral data for TWA27A G140H
# # Wavelength (nm), Flux (erg/s/cm2/nm), Flux Error (erg/s/cm2/nm), Best Fit Model (erg/s/cm2/nm), Blackbody Model (erg/s/cm2/nm)
# # Data extracted from retrieval outputs
# 
9.701175e+02	nan	nan	1.802674e+00	8.764832e-07
9.703525e+02	nan	nan	1.785675e+00	8.802822e-07
9.705875e+02	nan	nan	1.722445e+00	8.840956e-07
9.708225e+02	nan	nan	1.665314e+00	8.879234e-07
9.710575e+02	nan	nan	1.692334e+00	8.917656e-07
9.712925e+02	nan	nan	1.746336e+00	8.956223e-07
9.715275e+02	nan	nan	1.762124e+00	8.994936e-07
9.717625e+02	nan	nan	1.763743e+00	9.033794e-07
9.719975e+02	nan	nan	1.753359e+00	9.072799e-07
9.722325e+02	nan	nan	1.744664e+00	9.111950e-07
9.724675e+02	1.781588e+00	6.937830e-02	1.732280e+00	9.151249e-07
9.727025e+02	1.740668e+00	6.220123e-02	1.670933e+00	9.190695e-07
9.729375e+02	1.671919e+00	5.359098e-02	1.555925e+00	9.230290e-07
9.731725e+02	1.561009e+00	5.026016e-02	1.466557e+00	9.270033e-07
9.734075e+02	1.542625e+00	5.026872e-02	1.490098e+00	9.309925e-07
9.736425e+02	1.576881e+00	5.076064e-02	1.548855e+00	9.349967e-07
9.738775e+02	1.596325e+00	5.121978e-02	1.576498e+00	9.390159e-07
9.741125e+02	1.599285e+00	5.099610e-02	1.593296e+00	9.430501e-07
9.743475e+02	1.548398e+00	4.907082e-02	1.565649e+00	9.470995e-07
9.745825e+02	1.477737e+00	5.208602e-02	1.495745e+00	9.511639e-07
9.748175e+02	1.470873e+00	5.911887e-02	1.484396e+00	9.552436e-07
9.750525e+02	1.485432e+00	6.406199e-02	1.532256e+00	9.593385e-07
9.752875e+02	1.482919e+00	6.635698e-02	1.552344e+00	9.634487e-07
9.755225e+02	1.486631e+00	6.848697e-02	1.530291e+00	9.675743e-07
9.757575e+02	1.503835e+00	7.167449e-02	1.517901e+00	9.717152e-07
9.759925e+02	1.532647e+00	7.796166e-02	1.538999e+00	9.758715e-07
9.762275e+02	1.544197e+00	8.666467e-02	1.568226e+00	9.800434e-07
9.764625e+02	1.539654e+00	9.159106e-02	1.581685e+00	9.842307e-07
9.766975e+02	1.568569e+00	1.053878e-01	1.595280e+00	9.884337e-07
9.769325e+02	1.574919e+00	1.208055e-01	1.593972e+00	9.926522e-07
9.771675e+02	nan	nan	1.549435e+00	9.968865e-07
9.774025e+02	nan	nan	1.533513e+00	1.001136e-06
9.776375e+02	nan	nan	1.575918e+00	1.005402e-06
9.778725e+02	nan	nan	1.599025e+00	1.009684e-06
9.781075e+02	nan	nan	1.585284e+00	1.013981e-06
9.783425e+02	nan	nan	1.553057e+00	1.018294e-06
9.785775e+02	nan	nan	1.515529e+00	1.022624e-06
9.788125e+02	nan	nan	1.517848e+00	1.026969e-06
9.790475e+02	nan	nan	1.551273e+00	1.031331e-06
9.792825e+02	1.543941e+00	1.187840e-01	1.611396e+00	1.035708e-06
9.795175e+02	1.583560e+00	1.212187e-01	1.669115e+00	1.040102e-06
9.797525e+02	1.594004e+00	1.180006e-01	1.694979e+00	1.044512e-06
9.799875e+02	1.601206e+00	1.132403e-01	1.692026e+00	1.048938e-06
9.802225e+02	1.603942e+00	1.075903e-01	1.673925e+00	1.053380e-06
9.804575e+02	1.612050e+00	1.009823e-01	1.674415e+00	1.057839e-06
9.806925e+02	1.617332e+00	9.432619e-02	1.689931e+00	1.062314e-06
9.809275e+02	1.609620e+00	9.061370e-02	1.693887e+00	1.066806e-06
9.811625e+02	1.628595e+00	8.696577e-02	1.669130e+00	1.071314e-06
9.813975e+02	1.621185e+00	8.005163e-02	1.600402e+00	1.075839e-06
9.816325e+02	1.538318e+00	7.278997e-02	1.506660e+00	1.080381e-06
9.818675e+02	1.521065e+00	6.533968e-02	1.478152e+00	1.084939e-06
9.821025e+02	1.575407e+00	5.914099e-02	1.529198e+00	1.089514e-06
9.823375e+02	1.628670e+00	6.030740e-02	1.580255e+00	1.094105e-06
9.825725e+02	1.653361e+00	5.822855e-02	1.607872e+00	1.098714e-06
9.828075e+02	1.652913e+00	4.914098e-02	1.609546e+00	1.103339e-06
9.830425e+02	1.650309e+00	3.988380e-02	1.589562e+00	1.107981e-06
9.832775e+02	1.619407e+00	3.352457e-02	1.559654e+00	1.112641e-06
9.835125e+02	1.609276e+00	3.040841e-02	1.527728e+00	1.117317e-06
9.837475e+02	nan	nan	1.507868e+00	1.122010e-06
9.839825e+02	nan	nan	1.511156e+00	1.126721e-06
9.842175e+02	1.670391e+00	2.865232e-02	1.540118e+00	1.131448e-06
9.844525e+02	1.690498e+00	2.871282e-02	1.567739e+00	1.136193e-06
9.846875e+02	1.708382e+00	2.881113e-02	1.591074e+00	1.140955e-06
9.849225e+02	1.730286e+00	2.894104e-02	1.621567e+00	1.145735e-06
9.851575e+02	1.730400e+00	2.900133e-02	1.650209e+00	1.150532e-06
9.853925e+02	1.714541e+00	3.085886e-02	1.667779e+00	1.155346e-06
9.856275e+02	1.741626e+00	3.548954e-02	1.678042e+00	1.160178e-06
9.858625e+02	1.784296e+00	4.190271e-02	1.679340e+00	1.165028e-06
9.860975e+02	1.789181e+00	5.258489e-02	1.679505e+00	1.169895e-06
9.863325e+02	1.798758e+00	6.100993e-02	1.687289e+00	1.174780e-06
9.865675e+02	1.812319e+00	6.766707e-02	1.688890e+00	1.179682e-06
9.868025e+02	1.811145e+00	7.526733e-02	1.693406e+00	1.184602e-06
9.870375e+02	1.779154e+00	8.216856e-02	1.696083e+00	1.189540e-06
9.872725e+02	1.779211e+00	8.657689e-02	1.685140e+00	1.194496e-06
9.875075e+02	1.832152e+00	9.005559e-02	1.704334e+00	1.199470e-06
9.877425e+02	1.877218e+00	9.432432e-02	1.739482e+00	1.204462e-06
9.879775e+02	1.861550e+00	9.372674e-02	1.739286e+00	1.209472e-06
9.882125e+02	1.823481e+00	9.391381e-02	1.732063e+00	1.214500e-06
9.884475e+02	1.839923e+00	9.896121e-02	1.748270e+00	1.219546e-06
9.886825e+02	1.888846e+00	1.036471e-01	1.759066e+00	1.224611e-06
9.889175e+02	1.910254e+00	1.056240e-01	1.757832e+00	1.229693e-06
9.891525e+02	1.903885e+00	1.069962e-01	1.777737e+00	1.234794e-06
9.893875e+02	1.888353e+00	1.097570e-01	1.813427e+00	1.239914e-06
9.896225e+02	1.848175e+00	1.115505e-01	1.813737e+00	1.245051e-06
9.898575e+02	1.747023e+00	1.109289e-01	1.755141e+00	1.250208e-06
9.900925e+02	1.666071e+00	1.067396e-01	1.653330e+00	1.255382e-06
9.903275e+02	1.619337e+00	1.048211e-01	1.550772e+00	1.260576e-06
9.905625e+02	1.557043e+00	1.000410e-01	1.497982e+00	1.265788e-06
9.907975e+02	1.491375e+00	9.524434e-02	1.480484e+00	1.271019e-06
9.910325e+02	1.466587e+00	9.358065e-02	1.475745e+00	1.276268e-06
9.912675e+02	1.505678e+00	9.628278e-02	1.492610e+00	1.281536e-06
9.915025e+02	1.509637e+00	9.413331e-02	1.469272e+00	1.286824e-06
9.917375e+02	1.440848e+00	8.821772e-02	1.408596e+00	1.292130e-06
9.919725e+02	1.417112e+00	8.670446e-02	1.400450e+00	1.297455e-06
9.922075e+02	1.517672e+00	9.269968e-02	1.439353e+00	1.302799e-06
9.924425e+02	1.490220e+00	8.612705e-02	1.453135e+00	1.308162e-06
9.926775e+02	1.486041e+00	8.305387e-02	1.460064e+00	1.313544e-06
9.929125e+02	1.527437e+00	7.999366e-02	1.494223e+00	1.318946e-06
9.931475e+02	1.591369e+00	7.970204e-02	1.518378e+00	1.324367e-06
9.933825e+02	1.622501e+00	7.553391e-02	1.513050e+00	1.329807e-06
9.936175e+02	1.565514e+00	6.833893e-02	1.514254e+00	1.335267e-06
9.938525e+02	1.600205e+00	6.758600e-02	1.581991e+00	1.340746e-06
9.940875e+02	1.695419e+00	6.810503e-02	1.656181e+00	1.346244e-06
9.943225e+02	1.756182e+00	6.784643e-02	1.669659e+00	1.351762e-06
9.945575e+02	1.741302e+00	6.498322e-02	1.656204e+00	1.357300e-06
9.947925e+02	1.747624e+00	6.366480e-02	1.665786e+00	1.362857e-06
9.950275e+02	1.760707e+00	6.235544e-02	1.694151e+00	1.368434e-06
9.952625e+02	1.789063e+00	5.875043e-02	1.710715e+00	1.374031e-06
9.954975e+02	1.821125e+00	5.788359e-02	1.720740e+00	1.379648e-06
9.957325e+02	1.793677e+00	5.295909e-02	1.708386e+00	1.385285e-06
9.959675e+02	1.750766e+00	4.994190e-02	1.688997e+00	1.390941e-06
9.962025e+02	1.735895e+00	4.775881e-02	1.693184e+00	1.396618e-06
9.964375e+02	1.756357e+00	4.399721e-02	1.716309e+00	1.402315e-06
9.966725e+02	1.803003e+00	4.070494e-02	1.749006e+00	1.408032e-06
9.969075e+02	1.797033e+00	3.744466e-02	1.739186e+00	1.413769e-06
9.971425e+02	1.679386e+00	3.405292e-02	1.686379e+00	1.419526e-06
9.973775e+02	1.593894e+00	3.114475e-02	1.646764e+00	1.425304e-06
9.976125e+02	1.618489e+00	3.096702e-02	1.645547e+00	1.431102e-06
9.978475e+02	1.673512e+00	3.121735e-02	1.689922e+00	1.436920e-06
9.980825e+02	1.727121e+00	3.113797e-02	1.740649e+00	1.442759e-06
9.983175e+02	1.704890e+00	2.928639e-02	1.734093e+00	1.448619e-06
9.985525e+02	1.709654e+00	2.916004e-02	1.664688e+00	1.454499e-06
9.987875e+02	1.631527e+00	2.886041e-02	1.604005e+00	1.460399e-06
9.990225e+02	1.606588e+00	2.885455e-02	1.593112e+00	1.466321e-06
9.992575e+02	1.559042e+00	2.886052e-02	1.615529e+00	1.472263e-06
9.994925e+02	1.616506e+00	3.104903e-02	1.672947e+00	1.478227e-06
9.997275e+02	1.661794e+00	3.219519e-02	1.698771e+00	1.484211e-06
9.999625e+02	1.670063e+00	3.339243e-02	1.682658e+00	1.490216e-06
1.000198e+03	1.735634e+00	3.734825e-02	1.699290e+00	1.496255e-06
1.000433e+03	1.761179e+00	3.984361e-02	1.715673e+00	1.502302e-06
1.000668e+03	1.756284e+00	4.063911e-02	1.706127e+00	1.508371e-06
1.000903e+03	1.722550e+00	4.082861e-02	1.682566e+00	1.514460e-06
1.001138e+03	1.684275e+00	4.165373e-02	1.655086e+00	1.520571e-06
1.001373e+03	1.663176e+00	4.245040e-02	1.660079e+00	1.526704e-06
1.001608e+03	1.702356e+00	4.493913e-02	1.689621e+00	1.532858e-06
1.001843e+03	1.757672e+00	4.605176e-02	1.721828e+00	1.539033e-06
1.002078e+03	1.746587e+00	4.525392e-02	1.733807e+00	1.545230e-06
1.002313e+03	1.724237e+00	4.393002e-02	1.722911e+00	1.551448e-06
1.002548e+03	1.744614e+00	4.313748e-02	1.731271e+00	1.557688e-06
1.002783e+03	1.715460e+00	4.354055e-02	1.737747e+00	1.563950e-06
1.003018e+03	1.669607e+00	4.204439e-02	1.717945e+00	1.570233e-06
1.003253e+03	1.663345e+00	4.038086e-02	1.688226e+00	1.576539e-06
1.003488e+03	nan	nan	1.671314e+00	1.582866e-06
1.003723e+03	nan	nan	1.669239e+00	1.589216e-06
1.003958e+03	1.589142e+00	4.176815e-02	1.688166e+00	1.595587e-06
1.004193e+03	1.651399e+00	4.285180e-02	1.740943e+00	1.601980e-06
1.004428e+03	1.733098e+00	4.430823e-02	1.804275e+00	1.608396e-06
1.004663e+03	1.768109e+00	4.586340e-02	1.828688e+00	1.614834e-06
1.004898e+03	1.759509e+00	4.898401e-02	1.788090e+00	1.621294e-06
1.005133e+03	1.732734e+00	4.928105e-02	1.722152e+00	1.627777e-06
1.005368e+03	1.656893e+00	4.770650e-02	1.665195e+00	1.634281e-06
1.005603e+03	1.573477e+00	4.604138e-02	1.639106e+00	1.640809e-06
1.005838e+03	1.564691e+00	4.595617e-02	1.643099e+00	1.647359e-06
1.006073e+03	1.622239e+00	4.738441e-02	1.664700e+00	1.653931e-06
1.006308e+03	1.640283e+00	4.799516e-02	1.662264e+00	1.660527e-06
1.006543e+03	1.632914e+00	4.817144e-02	1.653687e+00	1.667145e-06
1.006778e+03	1.656580e+00	4.888555e-02	1.695632e+00	1.673786e-06
1.007013e+03	1.740539e+00	5.144802e-02	1.760695e+00	1.680449e-06
1.007248e+03	1.743609e+00	5.132368e-02	1.779129e+00	1.687136e-06
1.007483e+03	1.692835e+00	4.682423e-02	1.764657e+00	1.693846e-06
1.007718e+03	1.736980e+00	4.694038e-02	1.778477e+00	1.700578e-06
1.007953e+03	1.768328e+00	4.516651e-02	1.802756e+00	1.707334e-06
1.008188e+03	1.776654e+00	4.440752e-02	1.808218e+00	1.714113e-06
1.008423e+03	1.780893e+00	4.405487e-02	1.813328e+00	1.720916e-06
1.008658e+03	1.824407e+00	4.367935e-02	1.827743e+00	1.727741e-06
1.008893e+03	1.755612e+00	4.261755e-02	1.823736e+00	1.734591e-06
1.009128e+03	1.745023e+00	4.033206e-02	1.788354e+00	1.741463e-06
1.009363e+03	1.739261e+00	3.807480e-02	1.765501e+00	1.748359e-06
1.009598e+03	1.779197e+00	3.716053e-02	1.756032e+00	1.755279e-06
1.009833e+03	1.834908e+00	3.259097e-02	1.763840e+00	1.762222e-06
1.010068e+03	1.907774e+00	3.192796e-02	1.822625e+00	1.769189e-06
1.010303e+03	1.966842e+00	3.019715e-02	1.874667e+00	1.776180e-06
1.010538e+03	1.957783e+00	2.893933e-02	1.881856e+00	1.783195e-06
1.010773e+03	1.912625e+00	2.851480e-02	1.861542e+00	1.790234e-06
1.011008e+03	1.880992e+00	2.841307e-02	1.814550e+00	1.797297e-06
1.011243e+03	1.828875e+00	2.815064e-02	1.775379e+00	1.804383e-06
1.011478e+03	1.809438e+00	2.804942e-02	1.791019e+00	1.811494e-06
1.011713e+03	1.810963e+00	2.794929e-02	1.836561e+00	1.818630e-06
1.011948e+03	1.805873e+00	2.790669e-02	1.851801e+00	1.825789e-06
1.012183e+03	1.850269e+00	2.818129e-02	1.866531e+00	1.832973e-06
1.012418e+03	1.950529e+00	2.907623e-02	1.868129e+00	1.840181e-06
1.012653e+03	1.987725e+00	2.940233e-02	1.829100e+00	1.847414e-06
1.012888e+03	1.963464e+00	2.929734e-02	1.828541e+00	1.854671e-06
1.013123e+03	1.964709e+00	2.982442e-02	1.883862e+00	1.861953e-06
1.013358e+03	1.960284e+00	3.036907e-02	1.905272e+00	1.869259e-06
1.013593e+03	1.883830e+00	3.019454e-02	1.854766e+00	1.876591e-06
1.013828e+03	1.755648e+00	2.974372e-02	1.798558e+00	1.883947e-06
1.014063e+03	nan	nan	1.779013e+00	1.891328e-06
1.014298e+03	nan	nan	1.801323e+00	1.898734e-06
1.014533e+03	1.819615e+00	3.042714e-02	1.840312e+00	1.906165e-06
1.014768e+03	1.794299e+00	3.016464e-02	1.839343e+00	1.913621e-06
1.015003e+03	1.769111e+00	3.020840e-02	1.839070e+00	1.921102e-06
1.015238e+03	1.849121e+00	3.149521e-02	1.876369e+00	1.928609e-06
1.015473e+03	1.895623e+00	3.280212e-02	1.879701e+00	1.936141e-06
1.015708e+03	1.832211e+00	3.467540e-02	1.844275e+00	1.943698e-06
1.015943e+03	1.794150e+00	3.324799e-02	1.827025e+00	1.951281e-06
1.016178e+03	1.809636e+00	3.547107e-02	1.852445e+00	1.958889e-06
1.016413e+03	1.830929e+00	3.699261e-02	1.871749e+00	1.966523e-06
1.016648e+03	1.849204e+00	3.723225e-02	1.863986e+00	1.974183e-06
1.016883e+03	1.873616e+00	3.776476e-02	1.856369e+00	1.981868e-06
1.017118e+03	1.841298e+00	3.770673e-02	1.833542e+00	1.989579e-06
1.017353e+03	1.796699e+00	3.718743e-02	1.829597e+00	1.997316e-06
1.017588e+03	1.892701e+00	3.894739e-02	1.881096e+00	2.005079e-06
1.017823e+03	1.953696e+00	4.084544e-02	1.907960e+00	2.012868e-06
1.018058e+03	1.894158e+00	4.006542e-02	1.871652e+00	2.020683e-06
1.018293e+03	1.793159e+00	3.840363e-02	1.842563e+00	2.028524e-06
1.018528e+03	1.854890e+00	3.938378e-02	1.830071e+00	2.036392e-06
1.018763e+03	1.818795e+00	3.740194e-02	1.832647e+00	2.044286e-06
1.018998e+03	1.871899e+00	3.651748e-02	1.887698e+00	2.052206e-06
1.019233e+03	1.912495e+00	3.601639e-02	1.940873e+00	2.060152e-06
1.019468e+03	1.926808e+00	3.566896e-02	1.934160e+00	2.068126e-06
1.019703e+03	1.921756e+00	3.493053e-02	1.911677e+00	2.076125e-06
1.019938e+03	1.931292e+00	3.455854e-02	1.886666e+00	2.084152e-06
1.020173e+03	1.917165e+00	3.445857e-02	1.872989e+00	2.092205e-06
1.020408e+03	1.909922e+00	3.433235e-02	1.907212e+00	2.100285e-06
1.020643e+03	1.937454e+00	3.433217e-02	1.950939e+00	2.108392e-06
1.020878e+03	1.958759e+00	3.395947e-02	1.985971e+00	2.116526e-06
1.021113e+03	1.949896e+00	3.351399e-02	2.007476e+00	2.124687e-06
1.021348e+03	1.890727e+00	3.213409e-02	1.967396e+00	2.132875e-06
1.021583e+03	1.819440e+00	3.107230e-02	1.911637e+00	2.141091e-06
1.021818e+03	1.788926e+00	3.039663e-02	1.879621e+00	2.149333e-06
1.022053e+03	1.762571e+00	2.992282e-02	1.859914e+00	2.157603e-06
1.022288e+03	1.773966e+00	2.867024e-02	1.869695e+00	2.165901e-06
1.022523e+03	1.850945e+00	2.823870e-02	1.933140e+00	2.174226e-06
1.022758e+03	1.898491e+00	2.730937e-02	1.972357e+00	2.182578e-06
1.022993e+03	1.888793e+00	2.687584e-02	1.966939e+00	2.190958e-06
1.023228e+03	1.842152e+00	2.687359e-02	1.975376e+00	2.199366e-06
1.023463e+03	1.834065e+00	2.671184e-02	1.985461e+00	2.207802e-06
1.023698e+03	1.878128e+00	2.675179e-02	1.996568e+00	2.216265e-06
1.023933e+03	1.937540e+00	2.686063e-02	1.998943e+00	2.224757e-06
1.024168e+03	1.958644e+00	2.679813e-02	2.010194e+00	2.233276e-06
1.024403e+03	1.964879e+00	2.678357e-02	2.041019e+00	2.241824e-06
1.024638e+03	1.893804e+00	2.671547e-02	2.028926e+00	2.250400e-06
1.024873e+03	1.832180e+00	2.656034e-02	1.995734e+00	2.259004e-06
1.025108e+03	1.866431e+00	2.656648e-02	1.974553e+00	2.267636e-06
1.025343e+03	1.814284e+00	2.631672e-02	1.909101e+00	2.276297e-06
1.025578e+03	1.786373e+00	2.627698e-02	1.855690e+00	2.284986e-06
1.025813e+03	1.824968e+00	2.643334e-02	1.846879e+00	2.293704e-06
1.026048e+03	1.771602e+00	2.640193e-02	1.803540e+00	2.302450e-06
1.026283e+03	1.686567e+00	2.624099e-02	1.759563e+00	2.311226e-06
1.026518e+03	1.681554e+00	2.633176e-02	1.779120e+00	2.320030e-06
1.026753e+03	1.736007e+00	2.644546e-02	1.837168e+00	2.328863e-06
1.026988e+03	1.834190e+00	2.694183e-02	1.880633e+00	2.337724e-06
1.027223e+03	1.866640e+00	2.741529e-02	1.864775e+00	2.346615e-06
1.027458e+03	1.841310e+00	2.782976e-02	1.828815e+00	2.355535e-06
1.027693e+03	1.788474e+00	2.787399e-02	1.823054e+00	2.364484e-06
1.027928e+03	1.758715e+00	2.798404e-02	1.858470e+00	2.373463e-06
1.028163e+03	1.755777e+00	3.007856e-02	1.882126e+00	2.382470e-06
1.028398e+03	1.703690e+00	3.160063e-02	1.870130e+00	2.391508e-06
1.028633e+03	1.696580e+00	3.213298e-02	1.872787e+00	2.400574e-06
1.028868e+03	1.817273e+00	3.481522e-02	1.911948e+00	2.409670e-06
1.029103e+03	1.860020e+00	3.555845e-02	1.912715e+00	2.418796e-06
1.029338e+03	1.832663e+00	3.367262e-02	1.894532e+00	2.427952e-06
1.029573e+03	1.826807e+00	3.323247e-02	1.938965e+00	2.437137e-06
1.029808e+03	1.820841e+00	3.419736e-02	1.964424e+00	2.446353e-06
1.030043e+03	1.823931e+00	3.447422e-02	1.923300e+00	2.455598e-06
1.030278e+03	1.795511e+00	3.441979e-02	1.876521e+00	2.464873e-06
1.030513e+03	1.807741e+00	3.512107e-02	1.897088e+00	2.474179e-06
1.030748e+03	1.867901e+00	3.658336e-02	1.987475e+00	2.483515e-06
1.030983e+03	1.860903e+00	3.679098e-02	2.041640e+00	2.492881e-06
1.031218e+03	1.838820e+00	3.626272e-02	2.031064e+00	2.502277e-06
1.031453e+03	1.876915e+00	3.678506e-02	2.010450e+00	2.511704e-06
1.031688e+03	1.876498e+00	3.684673e-02	2.001061e+00	2.521161e-06
1.031923e+03	1.823624e+00	3.745345e-02	1.979483e+00	2.530650e-06
1.032158e+03	1.818378e+00	3.800956e-02	1.966067e+00	2.540168e-06
1.032393e+03	1.791864e+00	3.747406e-02	1.954185e+00	2.549718e-06
1.032628e+03	1.757711e+00	3.724405e-02	1.923973e+00	2.559298e-06
1.032863e+03	1.838837e+00	4.139161e-02	1.948771e+00	2.568910e-06
1.033098e+03	1.909910e+00	4.250325e-02	1.972717e+00	2.578552e-06
1.033333e+03	1.999099e+00	5.206291e-02	1.971591e+00	2.588225e-06
1.033568e+03	1.888680e+00	4.344997e-02	1.986580e+00	2.597930e-06
1.033803e+03	1.850758e+00	4.227939e-02	1.970146e+00	2.607666e-06
1.034038e+03	1.789845e+00	4.175735e-02	1.922732e+00	2.617433e-06
1.034273e+03	1.803066e+00	4.254710e-02	1.876218e+00	2.627232e-06
1.034508e+03	1.751821e+00	4.146616e-02	1.798948e+00	2.637062e-06
1.034743e+03	1.729662e+00	4.055264e-02	1.760941e+00	2.646924e-06
1.034978e+03	1.808894e+00	4.196369e-02	1.833149e+00	2.656818e-06
1.035213e+03	1.806667e+00	4.188143e-02	1.895434e+00	2.666743e-06
1.035448e+03	1.790262e+00	4.120813e-02	1.935148e+00	2.676700e-06
1.035683e+03	1.841306e+00	4.096337e-02	1.964856e+00	2.686690e-06
1.035918e+03	1.866373e+00	4.037526e-02	1.967566e+00	2.696711e-06
1.036153e+03	1.941359e+00	4.157334e-02	2.005981e+00	2.706764e-06
1.036388e+03	1.967334e+00	4.180474e-02	2.045773e+00	2.716850e-06
1.036623e+03	1.941700e+00	4.118552e-02	2.038786e+00	2.726967e-06
1.036858e+03	1.947590e+00	4.134459e-02	2.028320e+00	2.737118e-06
1.037093e+03	1.980260e+00	4.157003e-02	2.043045e+00	2.747300e-06
1.037328e+03	2.055250e+00	4.287790e-02	2.093678e+00	2.757515e-06
1.037563e+03	2.057198e+00	4.278764e-02	2.140700e+00	2.767763e-06
1.037798e+03	1.977975e+00	4.110659e-02	2.107965e+00	2.778044e-06
1.038033e+03	1.878890e+00	3.905323e-02	2.025006e+00	2.788357e-06
1.038268e+03	1.781827e+00	3.726183e-02	1.964169e+00	2.798703e-06
1.038503e+03	1.843318e+00	3.826764e-02	1.983638e+00	2.809082e-06
1.038738e+03	1.919728e+00	3.863938e-02	2.061901e+00	2.819494e-06
1.038973e+03	1.934142e+00	3.843999e-02	2.086358e+00	2.829939e-06
1.039208e+03	1.922754e+00	3.809981e-02	2.068293e+00	2.840418e-06
1.039443e+03	1.898702e+00	3.688600e-02	2.056015e+00	2.850930e-06
1.039678e+03	1.881997e+00	3.565904e-02	2.012159e+00	2.861475e-06
1.039913e+03	1.868803e+00	3.461048e-02	1.954732e+00	2.872053e-06
1.040148e+03	1.909944e+00	3.417046e-02	1.994998e+00	2.882666e-06
1.040383e+03	1.966959e+00	3.439601e-02	2.093300e+00	2.893312e-06
1.040618e+03	1.996621e+00	3.449818e-02	2.172453e+00	2.903991e-06
1.040853e+03	2.045686e+00	3.477910e-02	2.169291e+00	2.914705e-06
1.041088e+03	2.015338e+00	3.388218e-02	2.066494e+00	2.925452e-06
1.041323e+03	1.946984e+00	3.319483e-02	1.960693e+00	2.936233e-06
1.041558e+03	1.876697e+00	3.238129e-02	1.937985e+00	2.947049e-06
1.041793e+03	1.935907e+00	3.431595e-02	1.996971e+00	2.957898e-06
1.042028e+03	2.036441e+00	3.128439e-02	2.059608e+00	2.968782e-06
1.042263e+03	2.033148e+00	3.042924e-02	2.056456e+00	2.979701e-06
1.042498e+03	1.967973e+00	2.961312e-02	2.007524e+00	2.990653e-06
1.042733e+03	1.885479e+00	2.899975e-02	1.958525e+00	3.001640e-06
1.042968e+03	1.817631e+00	2.872013e-02	1.942642e+00	3.012662e-06
1.043203e+03	1.870135e+00	2.864038e-02	1.996367e+00	3.023719e-06
1.043438e+03	1.996302e+00	2.784883e-02	2.077314e+00	3.034810e-06
1.043673e+03	2.062774e+00	2.722419e-02	2.105108e+00	3.045937e-06
1.043908e+03	2.056492e+00	2.725411e-02	2.108594e+00	3.057098e-06
1.044143e+03	2.056877e+00	2.715337e-02	2.117740e+00	3.068294e-06
1.044378e+03	2.051157e+00	2.703876e-02	2.106410e+00	3.079526e-06
1.044613e+03	2.042577e+00	2.703510e-02	2.083184e+00	3.090792e-06
1.044848e+03	2.045326e+00	2.722753e-02	2.081771e+00	3.102094e-06
1.045083e+03	2.069625e+00	2.723160e-02	2.128924e+00	3.113432e-06
1.045318e+03	2.145869e+00	2.765361e-02	2.173409e+00	3.124805e-06
1.045553e+03	2.209567e+00	2.896839e-02	2.191809e+00	3.136213e-06
1.045788e+03	2.184352e+00	2.986280e-02	2.182420e+00	3.147658e-06
1.046023e+03	2.086142e+00	2.956827e-02	2.104983e+00	3.159138e-06
1.046258e+03	1.918256e+00	2.875217e-02	1.986530e+00	3.170654e-06
1.046493e+03	1.885108e+00	2.911982e-02	1.941449e+00	3.182206e-06
1.046728e+03	1.932375e+00	3.070179e-02	1.950689e+00	3.193794e-06
1.046963e+03	1.904118e+00	3.116300e-02	1.950319e+00	3.205418e-06
1.047198e+03	1.900990e+00	3.120396e-02	1.955037e+00	3.217078e-06
1.047433e+03	1.927483e+00	3.037379e-02	1.977716e+00	3.228775e-06
1.047668e+03	1.946251e+00	3.061763e-02	2.004716e+00	3.240508e-06
1.047903e+03	1.904136e+00	3.107129e-02	1.953403e+00	3.252278e-06
1.048138e+03	1.821923e+00	3.043846e-02	1.863978e+00	3.264085e-06
1.048373e+03	1.832590e+00	3.060679e-02	1.812580e+00	3.275928e-06
1.048608e+03	1.896322e+00	3.151027e-02	1.833934e+00	3.287808e-06
1.048843e+03	1.890608e+00	3.175036e-02	1.868162e+00	3.299724e-06
1.049078e+03	1.884028e+00	3.153201e-02	1.876887e+00	3.311678e-06
1.049313e+03	1.908760e+00	3.158594e-02	1.896880e+00	3.323669e-06
1.049548e+03	1.924924e+00	3.161904e-02	1.899147e+00	3.335697e-06
1.049783e+03	1.872802e+00	3.139365e-02	1.867129e+00	3.347763e-06
1.050018e+03	1.854264e+00	3.207581e-02	1.867881e+00	3.359865e-06
1.050253e+03	1.902551e+00	3.217131e-02	1.915495e+00	3.372005e-06
1.050488e+03	1.936068e+00	3.234596e-02	1.928546e+00	3.384183e-06
1.050723e+03	1.902838e+00	3.346819e-02	1.902428e+00	3.396399e-06
1.050958e+03	1.852957e+00	3.403130e-02	1.839554e+00	3.408652e-06
1.051193e+03	1.810723e+00	3.383164e-02	1.787973e+00	3.420943e-06
1.051428e+03	1.797440e+00	3.363375e-02	1.797003e+00	3.433272e-06
1.051663e+03	1.804711e+00	3.476014e-02	1.857276e+00	3.445638e-06
1.051898e+03	1.826223e+00	3.621927e-02	1.902687e+00	3.458044e-06
1.052133e+03	1.840990e+00	3.649384e-02	1.885293e+00	3.470487e-06
1.052368e+03	nan	nan	1.848482e+00	3.482968e-06
1.052603e+03	nan	nan	1.840322e+00	3.495488e-06
1.052838e+03	1.880186e+00	3.655737e-02	1.835653e+00	3.508047e-06
1.053073e+03	1.820423e+00	3.419765e-02	1.784073e+00	3.520644e-06
1.053308e+03	1.802887e+00	3.190192e-02	1.755768e+00	3.533280e-06
1.053543e+03	1.828284e+00	3.369604e-02	1.798310e+00	3.545955e-06
1.053778e+03	1.868752e+00	3.655806e-02	1.836458e+00	3.558668e-06
1.054013e+03	1.876566e+00	3.688469e-02	1.818052e+00	3.571421e-06
1.054248e+03	1.839423e+00	3.633593e-02	1.794665e+00	3.584212e-06
1.054483e+03	1.848651e+00	3.705102e-02	1.789926e+00	3.597043e-06
1.054718e+03	1.781560e+00	3.782880e-02	1.757103e+00	3.609913e-06
1.054953e+03	1.719171e+00	3.819166e-02	1.717645e+00	3.622823e-06
1.055188e+03	1.783957e+00	3.953768e-02	1.735465e+00	3.635772e-06
1.055423e+03	1.840509e+00	4.085532e-02	1.744221e+00	3.648760e-06
1.055658e+03	1.827938e+00	4.194372e-02	1.726132e+00	3.661789e-06
1.055893e+03	nan	nan	1.725180e+00	3.674857e-06
1.056128e+03	1.742318e+00	4.238823e-02	1.740871e+00	3.687965e-06
1.056363e+03	1.715541e+00	4.235843e-02	1.747144e+00	3.701113e-06
1.056598e+03	1.711513e+00	4.260525e-02	1.719278e+00	3.714300e-06
1.056833e+03	1.736057e+00	4.335536e-02	1.679909e+00	3.727529e-06
1.057068e+03	1.740248e+00	4.349045e-02	1.672065e+00	3.740797e-06
1.057303e+03	1.756035e+00	4.276579e-02	1.709931e+00	3.754106e-06
1.057538e+03	1.818681e+00	4.250009e-02	1.758454e+00	3.767455e-06
1.057773e+03	1.823906e+00	4.494513e-02	1.789983e+00	3.780845e-06
1.058008e+03	1.795549e+00	4.633898e-02	1.791979e+00	3.794275e-06
1.058243e+03	1.796640e+00	4.299719e-02	1.773935e+00	3.807747e-06
1.058478e+03	1.801568e+00	4.045923e-02	1.744368e+00	3.821259e-06
1.058713e+03	1.747518e+00	3.963571e-02	1.686860e+00	3.834812e-06
1.058948e+03	1.734869e+00	3.885305e-02	1.657965e+00	3.848406e-06
1.059183e+03	1.722101e+00	3.677543e-02	1.678706e+00	3.862041e-06
1.059418e+03	1.741863e+00	3.692518e-02	1.715992e+00	3.875718e-06
1.059653e+03	1.766307e+00	3.731789e-02	1.739830e+00	3.889436e-06
1.059888e+03	1.788081e+00	3.752870e-02	1.757398e+00	3.903196e-06
1.060123e+03	1.737960e+00	3.749672e-02	1.776965e+00	3.916997e-06
1.060358e+03	1.774455e+00	3.851026e-02	1.794608e+00	3.930839e-06
1.060593e+03	nan	nan	1.787004e+00	3.944724e-06
1.060828e+03	1.689179e+00	3.638885e-02	1.752360e+00	3.958650e-06
1.061063e+03	1.672130e+00	3.633350e-02	1.758933e+00	3.972619e-06
1.061298e+03	1.715542e+00	3.670555e-02	1.802533e+00	3.986629e-06
1.061533e+03	1.790226e+00	3.686546e-02	1.838531e+00	4.000682e-06
1.061768e+03	1.831691e+00	3.645038e-02	1.841287e+00	4.014777e-06
1.062003e+03	1.811356e+00	3.574179e-02	1.825257e+00	4.028914e-06
1.062238e+03	1.790808e+00	3.495007e-02	1.806380e+00	4.043094e-06
1.062473e+03	1.789803e+00	3.377885e-02	1.797581e+00	4.057317e-06
1.062708e+03	1.829485e+00	3.378874e-02	1.826333e+00	4.071582e-06
1.062943e+03	1.866508e+00	3.517277e-02	1.872988e+00	4.085890e-06
1.063178e+03	1.856666e+00	3.469660e-02	1.909107e+00	4.100241e-06
1.063413e+03	1.878849e+00	3.324113e-02	1.903440e+00	4.114635e-06
1.063648e+03	1.880693e+00	3.302211e-02	1.889254e+00	4.129072e-06
1.063883e+03	1.898377e+00	3.306352e-02	1.879625e+00	4.143553e-06
1.064118e+03	1.925152e+00	3.307263e-02	1.862226e+00	4.158076e-06
1.064353e+03	1.949359e+00	3.174292e-02	1.847642e+00	4.172643e-06
1.064588e+03	1.896394e+00	2.984022e-02	1.829221e+00	4.187254e-06
1.064823e+03	1.936286e+00	2.980767e-02	1.833588e+00	4.201908e-06
1.065058e+03	1.956855e+00	2.947564e-02	1.858391e+00	4.216607e-06
1.065293e+03	1.941646e+00	2.920938e-02	1.857790e+00	4.231348e-06
1.065528e+03	nan	nan	1.828463e+00	4.246134e-06
1.065763e+03	nan	nan	1.816075e+00	4.260964e-06
1.065998e+03	1.858144e+00	2.854178e-02	1.868765e+00	4.275839e-06
1.066233e+03	1.796682e+00	2.827088e-02	1.880802e+00	4.290757e-06
1.066468e+03	1.748347e+00	2.810631e-02	1.829364e+00	4.305720e-06
1.066703e+03	1.790279e+00	2.826129e-02	1.823406e+00	4.320727e-06
1.066938e+03	1.820789e+00	2.832365e-02	1.844956e+00	4.335779e-06
1.067173e+03	1.828989e+00	2.821761e-02	1.888618e+00	4.350876e-06
1.067408e+03	1.870211e+00	2.834579e-02	1.930315e+00	4.366018e-06
1.067643e+03	1.934659e+00	2.856288e-02	1.914055e+00	4.381204e-06
1.067878e+03	1.928208e+00	2.890311e-02	1.869272e+00	4.396436e-06
1.068113e+03	1.930832e+00	2.977620e-02	1.881805e+00	4.411712e-06
1.068348e+03	1.958391e+00	2.993439e-02	1.917016e+00	4.427034e-06
1.068583e+03	2.010451e+00	3.014079e-02	1.933534e+00	4.442401e-06
1.068818e+03	2.020538e+00	3.126895e-02	1.954351e+00	4.457814e-06
1.069053e+03	1.999791e+00	3.355143e-02	1.968051e+00	4.473272e-06
1.069288e+03	2.003795e+00	3.362315e-02	1.979572e+00	4.488776e-06
1.069523e+03	1.971481e+00	3.558776e-02	1.980189e+00	4.504326e-06
1.069758e+03	1.902953e+00	3.932581e-02	1.980989e+00	4.519922e-06
1.069993e+03	1.928850e+00	3.764385e-02	1.998246e+00	4.535564e-06
1.070228e+03	1.941266e+00	3.305766e-02	2.006010e+00	4.551252e-06
1.070463e+03	1.930558e+00	3.206609e-02	1.973036e+00	4.566986e-06
1.070698e+03	1.950592e+00	3.158881e-02	1.941604e+00	4.582766e-06
1.070933e+03	1.996886e+00	3.154189e-02	1.956987e+00	4.598593e-06
1.071168e+03	1.973916e+00	3.126571e-02	1.976243e+00	4.614467e-06
1.071403e+03	1.974091e+00	3.122976e-02	2.004061e+00	4.630387e-06
1.071638e+03	2.004527e+00	3.129435e-02	2.035859e+00	4.646354e-06
1.071873e+03	2.006931e+00	3.145105e-02	2.019670e+00	4.662368e-06
1.072108e+03	2.002443e+00	3.167889e-02	1.998157e+00	4.678428e-06
1.072343e+03	1.992113e+00	3.159400e-02	2.014522e+00	4.694536e-06
1.072578e+03	1.961180e+00	3.127382e-02	2.043406e+00	4.710692e-06
1.072813e+03	1.937297e+00	3.113018e-02	1.991887e+00	4.726894e-06
1.073048e+03	1.962752e+00	3.111393e-02	1.950363e+00	4.743144e-06
1.073283e+03	1.981045e+00	3.093172e-02	1.965853e+00	4.759442e-06
1.073518e+03	1.943810e+00	3.072277e-02	1.972157e+00	4.775787e-06
1.073753e+03	1.948180e+00	3.189699e-02	2.006149e+00	4.792180e-06
1.073988e+03	1.987283e+00	3.427561e-02	2.046934e+00	4.808621e-06
1.074223e+03	2.025099e+00	3.570791e-02	2.051584e+00	4.825110e-06
1.074458e+03	2.039463e+00	3.658321e-02	2.031947e+00	4.841647e-06
1.074693e+03	2.031547e+00	3.598470e-02	2.033682e+00	4.858233e-06
1.074928e+03	2.031720e+00	3.574679e-02	2.072389e+00	4.874866e-06
1.075163e+03	2.021806e+00	3.366172e-02	2.100102e+00	4.891549e-06
1.075398e+03	1.991334e+00	3.270943e-02	2.086439e+00	4.908279e-06
1.075633e+03	1.999443e+00	3.265964e-02	2.081231e+00	4.925059e-06
1.075868e+03	2.053544e+00	3.303357e-02	2.075804e+00	4.941887e-06
1.076103e+03	2.095032e+00	3.412413e-02	2.072580e+00	4.958765e-06
1.076338e+03	nan	nan	2.079274e+00	4.975691e-06
1.076573e+03	2.057938e+00	3.420313e-02	2.072360e+00	4.992666e-06
1.076808e+03	2.076776e+00	3.525403e-02	2.075431e+00	5.009691e-06
1.077043e+03	2.078072e+00	3.500140e-02	2.087536e+00	5.026765e-06
1.077278e+03	2.074667e+00	3.340121e-02	2.129314e+00	5.043889e-06
1.077513e+03	2.047585e+00	3.207947e-02	2.144752e+00	5.061062e-06
1.077748e+03	1.980167e+00	3.195503e-02	2.094763e+00	5.078285e-06
1.077983e+03	1.992537e+00	3.429463e-02	2.086144e+00	5.095558e-06
1.078218e+03	nan	nan	2.122707e+00	5.112881e-06
1.078453e+03	2.049698e+00	3.364698e-02	2.149935e+00	5.130253e-06
1.078688e+03	2.091482e+00	3.436166e-02	2.142765e+00	5.147677e-06
1.078923e+03	2.038329e+00	3.196183e-02	2.145645e+00	5.165150e-06
1.079158e+03	2.010083e+00	3.077504e-02	2.167332e+00	5.182674e-06
1.079393e+03	1.984327e+00	3.087305e-02	2.126558e+00	5.200248e-06
1.079628e+03	1.991706e+00	3.321652e-02	2.082936e+00	5.217873e-06
1.079863e+03	2.033969e+00	3.808577e-02	2.100214e+00	5.235549e-06
1.080098e+03	2.059172e+00	3.889202e-02	2.131957e+00	5.253276e-06
1.080333e+03	2.064561e+00	3.899428e-02	2.164464e+00	5.271054e-06
1.080568e+03	2.046198e+00	4.098536e-02	2.119744e+00	5.288882e-06
1.080803e+03	2.087108e+00	3.904531e-02	2.054793e+00	5.306763e-06
1.081038e+03	2.109048e+00	3.918824e-02	2.061540e+00	5.324694e-06
1.081273e+03	2.108951e+00	3.890825e-02	2.077792e+00	5.342677e-06
1.081508e+03	2.121518e+00	3.934774e-02	2.090865e+00	5.360712e-06
1.081743e+03	2.150783e+00	4.002260e-02	2.102736e+00	5.378798e-06
1.081978e+03	2.164374e+00	3.821787e-02	2.117826e+00	5.396936e-06
1.082213e+03	2.143220e+00	3.521575e-02	2.135331e+00	5.415127e-06
1.082448e+03	2.104856e+00	3.437316e-02	2.152455e+00	5.433369e-06
1.082683e+03	2.084625e+00	3.379334e-02	2.174721e+00	5.451663e-06
1.082918e+03	2.133919e+00	3.308049e-02	2.178536e+00	5.470010e-06
1.083153e+03	2.157940e+00	3.216915e-02	2.181461e+00	5.488410e-06
1.083388e+03	2.072378e+00	3.080927e-02	2.179510e+00	5.506861e-06
1.083623e+03	2.043524e+00	3.016853e-02	2.160750e+00	5.525366e-06
1.083858e+03	2.108226e+00	3.035572e-02	2.159448e+00	5.543923e-06
1.084093e+03	2.155777e+00	3.057581e-02	2.188734e+00	5.562534e-06
1.084328e+03	2.183028e+00	3.074735e-02	2.201168e+00	5.581197e-06
1.084563e+03	2.173084e+00	3.056192e-02	2.183622e+00	5.599913e-06
1.084798e+03	2.129906e+00	3.031702e-02	2.173216e+00	5.618683e-06
1.085033e+03	2.141075e+00	3.037244e-02	2.163357e+00	5.637507e-06
1.085268e+03	2.174478e+00	3.049377e-02	2.154202e+00	5.656383e-06
1.085503e+03	nan	nan	2.170458e+00	5.675314e-06
1.085738e+03	nan	nan	2.154070e+00	5.694298e-06
1.085973e+03	2.212948e+00	3.213079e-02	2.133749e+00	5.713336e-06
1.086208e+03	2.241181e+00	3.700882e-02	2.158664e+00	5.732428e-06
1.086443e+03	2.245609e+00	3.781274e-02	2.157690e+00	5.751575e-06
1.086678e+03	2.212629e+00	3.736504e-02	2.161644e+00	5.770775e-06
1.086913e+03	2.192325e+00	3.746348e-02	2.181637e+00	5.790030e-06
1.087148e+03	2.206229e+00	3.868365e-02	2.162531e+00	5.809340e-06
1.087383e+03	2.210717e+00	3.888133e-02	2.150883e+00	5.828704e-06
1.087618e+03	2.172748e+00	3.831667e-02	2.162328e+00	5.848123e-06
1.087853e+03	2.177765e+00	3.817502e-02	2.179022e+00	5.867597e-06
1.088088e+03	2.198869e+00	3.694112e-02	2.208120e+00	5.887125e-06
1.088323e+03	2.186302e+00	2.953751e-02	2.208752e+00	5.906709e-06
1.088558e+03	2.180145e+00	2.813570e-02	2.159193e+00	5.926349e-06
1.088793e+03	2.194191e+00	2.764952e-02	2.096638e+00	5.946043e-06
1.089028e+03	nan	nan	2.071549e+00	5.965794e-06
1.089263e+03	2.180375e+00	2.754583e-02	2.118759e+00	5.985599e-06
1.089498e+03	2.170823e+00	2.739576e-02	2.169321e+00	6.005461e-06
1.089733e+03	2.174475e+00	2.692045e-02	2.154598e+00	6.025378e-06
1.089968e+03	2.211084e+00	2.709182e-02	2.126441e+00	6.045352e-06
1.090203e+03	2.226629e+00	2.784712e-02	2.127967e+00	6.065382e-06
1.090438e+03	2.228717e+00	2.828798e-02	2.158665e+00	6.085468e-06
1.090673e+03	2.243146e+00	2.796485e-02	2.165706e+00	6.105610e-06
1.090908e+03	2.222976e+00	3.119224e-02	2.134307e+00	6.125809e-06
1.091143e+03	nan	nan	2.105560e+00	6.146064e-06
1.091378e+03	2.175744e+00	3.076150e-02	2.110989e+00	6.166376e-06
1.091613e+03	2.171780e+00	2.851241e-02	2.126738e+00	6.186746e-06
1.091848e+03	2.215902e+00	2.872582e-02	2.120931e+00	6.207172e-06
1.092083e+03	2.225557e+00	2.899815e-02	2.115553e+00	6.227655e-06
1.092318e+03	2.227057e+00	3.061312e-02	2.130465e+00	6.248196e-06
1.092553e+03	2.203800e+00	3.254605e-02	2.133528e+00	6.268794e-06
1.092788e+03	2.175229e+00	3.297795e-02	2.140149e+00	6.289450e-06
1.093023e+03	2.164702e+00	3.306725e-02	2.136298e+00	6.310163e-06
1.093258e+03	2.159361e+00	3.322854e-02	2.107462e+00	6.330934e-06
1.093493e+03	2.175120e+00	3.292004e-02	2.094372e+00	6.351763e-06
1.093728e+03	2.191916e+00	3.103827e-02	2.103027e+00	6.372650e-06
1.093963e+03	2.248060e+00	2.956389e-02	2.123370e+00	6.393596e-06
1.094198e+03	2.297338e+00	2.931774e-02	2.134820e+00	6.414599e-06
1.094433e+03	2.244272e+00	2.882327e-02	2.136895e+00	6.435661e-06
1.094668e+03	2.170060e+00	2.837855e-02	2.140340e+00	6.456782e-06
1.094903e+03	2.154385e+00	2.746797e-02	2.130100e+00	6.477961e-06
1.095138e+03	2.196168e+00	2.756452e-02	2.118401e+00	6.499200e-06
1.095373e+03	2.252275e+00	2.889112e-02	2.121099e+00	6.520497e-06
1.095608e+03	2.256538e+00	3.017846e-02	2.099869e+00	6.541853e-06
1.095843e+03	2.194332e+00	2.965384e-02	2.067072e+00	6.563269e-06
1.096078e+03	2.166286e+00	2.936241e-02	2.063043e+00	6.584744e-06
1.096313e+03	2.189352e+00	2.899827e-02	2.068070e+00	6.606278e-06
1.096548e+03	2.192292e+00	2.890293e-02	2.076193e+00	6.627872e-06
1.096783e+03	nan	nan	2.089365e+00	6.649526e-06
1.097018e+03	nan	nan	2.080227e+00	6.671239e-06
1.097253e+03	2.065583e+00	2.865064e-02	2.032500e+00	6.693013e-06
1.097488e+03	nan	nan	2.011756e+00	6.714847e-06
1.097723e+03	nan	nan	2.021402e+00	6.736741e-06
1.097958e+03	2.169957e+00	3.061784e-02	2.042935e+00	6.758696e-06
1.098193e+03	2.195097e+00	3.138362e-02	2.063106e+00	6.780711e-06
1.098428e+03	2.187614e+00	3.151846e-02	2.053560e+00	6.802786e-06
1.098663e+03	2.132654e+00	3.124452e-02	2.048064e+00	6.824923e-06
1.098898e+03	2.108856e+00	3.064381e-02	2.048923e+00	6.847121e-06
1.099133e+03	2.092743e+00	3.040556e-02	2.044547e+00	6.869379e-06
1.099368e+03	2.136341e+00	3.069724e-02	2.071831e+00	6.891699e-06
1.099603e+03	2.183781e+00	3.066592e-02	2.082921e+00	6.914080e-06
1.099838e+03	2.147726e+00	3.024584e-02	2.065431e+00	6.936523e-06
1.100073e+03	2.117536e+00	3.011089e-02	2.045799e+00	6.959027e-06
1.100308e+03	2.104473e+00	3.007409e-02	2.037485e+00	6.981594e-06
1.100543e+03	2.095170e+00	3.095802e-02	2.047907e+00	7.004222e-06
1.100778e+03	2.107094e+00	3.155948e-02	2.071112e+00	7.026912e-06
1.101013e+03	2.116902e+00	3.155794e-02	2.042450e+00	7.049664e-06
1.101248e+03	nan	nan	2.027505e+00	7.072478e-06
1.101483e+03	nan	nan	2.062886e+00	7.095355e-06
1.101718e+03	2.220234e+00	3.023966e-02	2.072051e+00	7.118295e-06
1.101953e+03	2.153321e+00	2.948964e-02	2.033259e+00	7.141297e-06
1.102188e+03	2.116868e+00	2.946566e-02	2.004894e+00	7.164362e-06
1.102423e+03	2.101383e+00	3.012402e-02	1.987699e+00	7.187490e-06
1.102658e+03	nan	nan	2.011802e+00	7.210681e-06
1.102893e+03	nan	nan	2.069725e+00	7.233935e-06
1.103128e+03	2.181777e+00	3.172832e-02	2.056918e+00	7.257253e-06
1.103363e+03	2.042373e+00	3.078056e-02	1.983059e+00	7.280635e-06
1.103598e+03	1.894601e+00	2.981574e-02	1.939986e+00	7.304080e-06
1.103833e+03	1.874246e+00	2.902872e-02	1.979512e+00	7.327588e-06
1.104068e+03	1.945390e+00	2.840169e-02	1.993799e+00	7.351161e-06
1.104303e+03	1.979006e+00	2.776904e-02	1.981009e+00	7.374798e-06
1.104538e+03	1.958317e+00	2.734166e-02	1.989588e+00	7.398499e-06
1.104773e+03	1.972634e+00	2.735837e-02	1.973835e+00	7.422264e-06
1.105008e+03	1.997863e+00	2.746278e-02	1.959819e+00	7.446094e-06
1.105243e+03	1.961126e+00	2.738246e-02	1.960782e+00	7.469989e-06
1.105478e+03	1.884835e+00	2.716374e-02	1.927995e+00	7.493948e-06
1.105713e+03	1.861421e+00	2.699106e-02	1.910632e+00	7.517972e-06
1.105948e+03	1.923472e+00	2.698424e-02	1.973650e+00	7.542062e-06
1.106183e+03	1.959333e+00	2.709661e-02	2.010958e+00	7.566216e-06
1.106418e+03	1.964785e+00	2.717402e-02	1.963863e+00	7.590436e-06
1.106653e+03	1.957502e+00	2.699160e-02	1.929540e+00	7.614721e-06
1.106888e+03	1.969642e+00	2.711819e-02	1.933460e+00	7.639072e-06
1.107123e+03	1.928424e+00	2.701460e-02	1.937255e+00	7.663489e-06
1.107358e+03	1.933853e+00	2.713221e-02	1.964983e+00	7.687971e-06
1.107593e+03	1.957650e+00	2.764394e-02	2.007411e+00	7.712520e-06
1.107828e+03	1.944716e+00	2.756500e-02	1.992217e+00	7.737135e-06
1.108063e+03	1.893660e+00	2.778216e-02	1.920796e+00	7.761816e-06
1.108298e+03	1.933320e+00	2.735281e-02	1.925680e+00	7.786563e-06
1.108533e+03	2.013622e+00	2.873630e-02	2.004223e+00	7.811378e-06
1.108768e+03	2.013337e+00	2.890036e-02	2.038223e+00	7.836259e-06
1.109003e+03	2.022555e+00	2.883199e-02	2.006364e+00	7.861206e-06
1.109238e+03	1.999174e+00	2.765873e-02	1.947159e+00	7.886221e-06
1.109473e+03	2.018387e+00	2.791101e-02	1.938912e+00	7.911303e-06
1.109708e+03	2.045193e+00	2.804263e-02	1.960562e+00	7.936453e-06
1.109943e+03	2.046926e+00	2.794736e-02	1.940467e+00	7.961669e-06
1.110178e+03	nan	nan	1.910658e+00	7.986954e-06
1.110413e+03	nan	nan	1.885243e+00	8.012306e-06
1.110648e+03	1.890208e+00	2.678857e-02	1.873408e+00	8.037726e-06
1.110883e+03	1.914537e+00	2.651498e-02	1.882631e+00	8.063214e-06
1.111118e+03	1.927795e+00	2.625780e-02	1.872301e+00	8.088770e-06
1.111353e+03	1.903856e+00	2.612496e-02	1.887073e+00	8.114395e-06
1.111588e+03	1.943802e+00	2.601948e-02	1.966938e+00	8.140088e-06
1.111823e+03	1.969913e+00	2.594551e-02	2.013360e+00	8.165850e-06
1.112058e+03	1.974180e+00	2.584692e-02	1.991437e+00	8.191680e-06
1.112293e+03	1.940712e+00	2.584749e-02	1.938962e+00	8.217580e-06
1.112528e+03	1.937171e+00	2.594662e-02	1.914058e+00	8.243548e-06
1.112763e+03	2.001732e+00	2.623022e-02	1.976099e+00	8.269586e-06
1.112998e+03	2.058585e+00	2.652975e-02	2.020219e+00	8.295693e-06
1.113233e+03	2.041125e+00	2.656879e-02	1.960521e+00	8.321869e-06
1.113468e+03	2.014570e+00	2.656918e-02	1.925695e+00	8.348115e-06
1.113703e+03	1.982340e+00	2.693701e-02	1.939142e+00	8.374431e-06
1.113938e+03	1.945550e+00	2.726384e-02	1.945798e+00	8.400817e-06
1.114173e+03	1.958705e+00	2.733543e-02	1.975326e+00	8.427273e-06
1.114408e+03	2.027702e+00	2.764855e-02	2.031198e+00	8.453799e-06
1.114643e+03	2.087102e+00	2.790860e-02	2.066905e+00	8.480395e-06
1.114878e+03	2.080743e+00	2.803982e-02	2.028202e+00	8.507062e-06
1.115113e+03	2.042165e+00	2.797246e-02	1.950205e+00	8.533800e-06
1.115348e+03	2.025106e+00	2.719317e-02	1.943485e+00	8.560608e-06
1.115583e+03	2.046586e+00	2.679538e-02	1.996425e+00	8.587488e-06
1.115818e+03	2.044131e+00	2.673262e-02	2.051578e+00	8.614438e-06
1.116053e+03	2.025096e+00	2.665972e-02	2.070396e+00	8.641460e-06
1.116288e+03	1.958850e+00	2.666678e-02	1.995738e+00	8.668553e-06
1.116523e+03	1.906865e+00	2.659111e-02	1.935000e+00	8.695718e-06
1.116758e+03	1.912968e+00	2.662868e-02	1.931351e+00	8.722955e-06
1.116993e+03	1.932755e+00	2.678499e-02	1.959119e+00	8.750263e-06
1.117228e+03	1.877408e+00	2.670317e-02	1.944452e+00	8.777643e-06
1.117463e+03	1.827368e+00	2.666332e-02	1.904239e+00	8.805096e-06
1.117698e+03	1.874811e+00	2.679270e-02	1.945322e+00	8.832621e-06
1.117933e+03	1.939024e+00	2.721341e-02	2.026880e+00	8.860218e-06
1.118168e+03	2.008175e+00	2.756008e-02	2.066758e+00	8.887888e-06
1.118403e+03	2.021858e+00	2.754375e-02	2.074176e+00	8.915630e-06
1.118638e+03	2.040068e+00	2.738746e-02	2.078515e+00	8.943446e-06
1.118873e+03	1.995329e+00	2.749542e-02	2.024278e+00	8.971335e-06
1.119108e+03	1.925188e+00	2.753080e-02	1.919015e+00	8.999296e-06
1.119343e+03	1.885246e+00	2.763485e-02	1.864312e+00	9.027332e-06
1.119578e+03	1.873725e+00	2.778070e-02	1.861684e+00	9.055440e-06
1.119813e+03	1.893971e+00	2.772568e-02	1.888797e+00	9.083623e-06
1.120048e+03	1.938821e+00	2.789187e-02	1.923655e+00	9.111879e-06
1.120283e+03	1.940144e+00	2.800014e-02	1.934415e+00	9.140209e-06
1.120518e+03	1.956140e+00	2.812638e-02	1.936799e+00	9.168613e-06
1.120753e+03	2.034568e+00	2.843259e-02	1.989042e+00	9.197092e-06
1.120988e+03	2.032847e+00	2.824227e-02	1.998212e+00	9.225645e-06
1.121223e+03	1.985052e+00	2.798247e-02	1.959152e+00	9.254273e-06
1.121458e+03	1.980334e+00	2.821072e-02	1.969624e+00	9.282975e-06
1.121693e+03	1.975699e+00	2.830535e-02	2.009869e+00	9.311752e-06
1.121928e+03	1.964598e+00	2.827805e-02	2.026159e+00	9.340605e-06
1.122163e+03	1.964238e+00	2.872484e-02	2.006119e+00	9.369532e-06
1.122398e+03	1.973596e+00	2.897229e-02	1.969089e+00	9.398535e-06
1.122633e+03	1.965649e+00	2.903017e-02	1.968505e+00	9.427613e-06
1.122868e+03	2.016036e+00	2.945105e-02	2.002450e+00	9.456767e-06
1.123103e+03	2.058488e+00	2.959228e-02	2.053170e+00	9.485997e-06
1.123338e+03	2.017212e+00	2.932326e-02	2.051666e+00	9.515303e-06
1.123573e+03	1.939156e+00	2.887115e-02	2.013906e+00	9.544685e-06
1.123808e+03	1.941267e+00	2.884593e-02	2.005046e+00	9.574143e-06
1.124043e+03	2.013101e+00	2.915140e-02	2.059951e+00	9.603678e-06
1.124278e+03	2.055713e+00	2.347262e-02	2.054425e+00	9.633289e-06
1.124513e+03	2.083485e+00	2.371450e-02	2.046014e+00	9.662977e-06
1.124748e+03	2.112838e+00	2.400551e-02	2.058838e+00	9.692742e-06
1.124983e+03	2.100852e+00	2.434354e-02	2.065572e+00	9.722584e-06
1.125218e+03	1.995564e+00	2.431333e-02	2.033701e+00	9.752504e-06
1.125453e+03	1.954345e+00	2.403225e-02	1.999530e+00	9.782500e-06
1.125688e+03	1.973208e+00	2.399637e-02	2.012113e+00	9.812574e-06
1.125923e+03	2.011623e+00	2.409823e-02	2.022265e+00	9.842726e-06
1.126158e+03	2.008224e+00	2.380556e-02	2.012022e+00	9.872956e-06
1.126393e+03	1.956530e+00	2.368503e-02	2.029764e+00	9.903264e-06
1.126628e+03	1.992738e+00	2.403320e-02	2.066789e+00	9.933650e-06
1.126863e+03	2.066212e+00	2.401492e-02	2.088000e+00	9.964114e-06
1.127098e+03	2.073022e+00	2.454192e-02	2.086687e+00	9.994657e-06
1.127333e+03	nan	nan	2.084048e+00	1.002528e-05
1.127568e+03	2.084409e+00	2.534941e-02	2.076928e+00	1.005598e-05
1.127803e+03	2.017000e+00	2.516610e-02	2.027490e+00	1.008676e-05
1.128038e+03	1.983652e+00	2.439593e-02	1.981176e+00	1.011762e-05
1.128273e+03	2.003097e+00	2.442581e-02	1.990081e+00	1.014855e-05
1.128508e+03	2.026465e+00	2.484786e-02	2.017873e+00	1.017957e-05
1.128743e+03	2.028964e+00	2.423971e-02	2.025676e+00	1.021067e-05
1.128978e+03	2.036551e+00	2.420973e-02	2.022098e+00	1.024184e-05
1.129213e+03	2.072736e+00	2.315746e-02	2.040080e+00	1.027310e-05
1.129448e+03	nan	nan	2.053251e+00	1.030444e-05
1.129683e+03	nan	nan	2.024604e+00	1.033585e-05
1.129918e+03	2.050130e+00	2.799205e-02	2.001685e+00	1.036735e-05
1.130153e+03	2.050547e+00	2.792765e-02	1.996877e+00	1.039893e-05
1.130388e+03	2.032382e+00	2.757312e-02	2.002042e+00	1.043059e-05
1.130623e+03	2.020009e+00	2.729190e-02	2.031676e+00	1.046233e-05
1.130858e+03	2.000949e+00	2.779451e-02	2.040049e+00	1.049415e-05
1.131093e+03	1.985252e+00	2.775486e-02	2.008349e+00	1.052605e-05
1.131328e+03	2.007648e+00	2.767886e-02	1.983389e+00	1.055803e-05
1.131563e+03	2.020427e+00	2.821557e-02	1.972360e+00	1.059010e-05
1.131798e+03	2.029198e+00	2.886692e-02	1.966347e+00	1.062224e-05
1.132033e+03	2.038173e+00	2.832875e-02	1.986380e+00	1.065447e-05
1.132268e+03	2.052438e+00	2.821737e-02	2.019518e+00	1.068678e-05
1.132503e+03	2.048826e+00	2.813333e-02	2.033511e+00	1.071917e-05
1.132738e+03	2.022192e+00	3.087697e-02	2.015703e+00	1.075165e-05
1.132973e+03	2.041398e+00	3.136485e-02	1.997562e+00	1.078420e-05
1.133208e+03	2.072705e+00	2.852740e-02	2.002242e+00	1.081684e-05
1.133443e+03	nan	nan	1.984018e+00	1.084957e-05
1.133678e+03	1.960161e+00	2.703188e-02	1.946587e+00	1.088237e-05
1.133913e+03	1.899760e+00	2.681799e-02	1.924788e+00	1.091526e-05
1.134148e+03	1.866254e+00	2.687666e-02	1.895086e+00	1.094824e-05
1.134383e+03	1.815076e+00	2.615070e-02	1.841203e+00	1.098129e-05
1.134618e+03	1.789929e+00	2.503676e-02	1.794290e+00	1.101443e-05
1.134853e+03	1.800598e+00	2.238653e-02	1.794408e+00	1.104765e-05
1.135088e+03	1.866546e+00	1.995836e-02	1.835975e+00	1.108096e-05
1.135323e+03	1.941363e+00	1.979682e-02	1.929768e+00	1.111435e-05
1.135558e+03	1.976930e+00	1.986544e-02	2.009311e+00	1.114783e-05
1.135793e+03	1.945704e+00	1.991810e-02	1.984812e+00	1.118139e-05
1.136028e+03	1.891005e+00	1.991883e-02	1.911505e+00	1.121504e-05
1.136263e+03	1.894694e+00	2.022847e-02	1.904109e+00	1.124877e-05
1.136498e+03	nan	nan	1.949007e+00	1.128258e-05
1.136733e+03	nan	nan	1.954411e+00	1.131648e-05
1.136968e+03	1.925901e+00	2.024257e-02	1.910837e+00	1.135047e-05
1.137203e+03	1.902288e+00	2.010842e-02	1.873925e+00	1.138454e-05
1.137438e+03	1.936617e+00	2.015870e-02	1.874295e+00	1.141870e-05
1.137673e+03	1.955739e+00	2.049868e-02	1.872996e+00	1.145294e-05
1.137908e+03	1.889972e+00	2.029279e-02	1.817054e+00	1.148727e-05
1.138143e+03	1.734330e+00	1.976383e-02	1.671460e+00	1.152168e-05
1.138378e+03	1.512538e+00	1.881236e-02	1.506161e+00	1.155618e-05
1.138613e+03	1.539641e+00	1.890999e-02	1.524324e+00	1.159077e-05
1.138848e+03	1.762158e+00	1.966339e-02	1.710454e+00	1.162545e-05
1.139083e+03	1.923157e+00	2.017395e-02	1.845457e+00	1.166021e-05
1.139318e+03	1.942591e+00	2.019047e-02	1.873816e+00	1.169506e-05
1.139553e+03	1.923434e+00	2.000700e-02	1.873888e+00	1.172999e-05
1.139788e+03	1.931470e+00	2.001833e-02	1.890459e+00	1.176501e-05
1.140023e+03	1.933300e+00	2.057799e-02	1.871045e+00	1.180013e-05
1.140258e+03	1.846058e+00	2.080453e-02	1.736764e+00	1.183532e-05
1.140493e+03	1.552810e+00	1.989340e-02	1.494062e+00	1.187061e-05
1.140728e+03	1.388432e+00	1.936449e-02	1.363728e+00	1.190598e-05
1.140963e+03	1.533408e+00	1.987161e-02	1.501833e+00	1.194145e-05
1.141198e+03	1.763318e+00	2.121681e-02	1.708935e+00	1.197700e-05
1.141433e+03	1.904096e+00	2.389007e-02	1.834184e+00	1.201264e-05
1.141668e+03	1.978987e+00	2.610361e-02	1.895480e+00	1.204837e-05
1.141903e+03	1.999474e+00	2.678763e-02	1.921278e+00	1.208418e-05
1.142138e+03	2.028911e+00	2.735692e-02	1.924079e+00	1.212009e-05
1.142373e+03	1.999697e+00	2.709112e-02	1.913662e+00	1.215609e-05
1.142608e+03	2.003827e+00	2.732111e-02	1.914083e+00	1.219217e-05
1.142843e+03	2.001847e+00	2.713945e-02	1.925440e+00	1.222835e-05
1.143078e+03	1.988135e+00	2.713123e-02	1.919553e+00	1.226461e-05
1.143313e+03	1.971418e+00	2.697073e-02	1.928125e+00	1.230097e-05
1.143548e+03	1.982141e+00	2.707026e-02	1.937355e+00	1.233741e-05
1.143783e+03	1.961472e+00	2.699449e-02	1.907836e+00	1.237395e-05
1.144018e+03	nan	nan	1.874504e+00	1.241057e-05
1.144253e+03	nan	nan	1.878031e+00	1.244729e-05
1.144488e+03	1.946874e+00	2.692840e-02	1.927195e+00	1.248409e-05
1.144723e+03	1.966222e+00	2.692841e-02	1.966294e+00	1.252099e-05
1.144958e+03	1.969163e+00	2.662385e-02	1.967556e+00	1.255798e-05
1.145193e+03	2.021054e+00	2.686696e-02	1.965370e+00	1.259506e-05
1.145428e+03	1.981158e+00	2.533759e-02	1.971360e+00	1.263223e-05
1.145663e+03	2.005141e+00	2.418638e-02	1.987639e+00	1.266950e-05
1.145898e+03	1.999875e+00	2.425957e-02	1.993371e+00	1.270685e-05
1.146133e+03	1.997297e+00	2.429473e-02	1.971786e+00	1.274430e-05
1.146368e+03	2.000521e+00	2.410576e-02	1.934184e+00	1.278184e-05
1.146603e+03	2.010207e+00	2.313619e-02	1.942266e+00	1.281948e-05
1.146838e+03	2.072321e+00	2.272816e-02	2.000730e+00	1.285720e-05
1.147073e+03	2.084746e+00	2.289834e-02	2.021238e+00	1.289502e-05
1.147308e+03	2.003841e+00	2.238063e-02	1.997683e+00	1.293293e-05
1.147543e+03	2.030966e+00	2.257493e-02	1.996085e+00	1.297093e-05
1.147778e+03	nan	nan	1.995996e+00	1.300903e-05
1.148013e+03	2.049155e+00	2.235316e-02	1.951825e+00	1.304722e-05
1.148248e+03	nan	nan	1.926695e+00	1.308551e-05
1.148483e+03	nan	nan	1.971707e+00	1.312389e-05
1.148718e+03	nan	nan	2.029958e+00	1.316236e-05
1.148953e+03	2.083812e+00	2.230466e-02	2.060627e+00	1.320092e-05
1.149188e+03	2.105554e+00	2.265126e-02	2.045588e+00	1.323959e-05
1.149423e+03	2.064662e+00	2.375472e-02	2.007039e+00	1.327834e-05
1.149658e+03	2.034762e+00	2.220803e-02	1.990306e+00	1.331719e-05
1.149893e+03	nan	nan	2.004570e+00	1.335614e-05
1.150128e+03	2.147429e+00	2.635558e-02	2.035634e+00	1.339518e-05
1.150363e+03	2.066498e+00	2.238108e-02	2.030966e+00	1.343431e-05
1.150598e+03	2.059263e+00	2.334539e-02	2.004188e+00	1.347354e-05
1.150833e+03	2.066280e+00	2.332844e-02	1.990736e+00	1.351287e-05
1.151068e+03	2.063787e+00	2.345560e-02	1.993960e+00	1.355229e-05
1.151303e+03	2.065925e+00	2.382097e-02	2.005521e+00	1.359181e-05
1.151538e+03	2.062775e+00	2.377009e-02	2.009072e+00	1.363143e-05
1.151773e+03	2.060516e+00	2.371494e-02	2.001233e+00	1.367114e-05
1.152008e+03	2.057187e+00	2.355973e-02	1.995696e+00	1.371095e-05
1.152243e+03	2.061545e+00	2.348755e-02	1.991863e+00	1.375085e-05
1.152478e+03	1.996675e+00	2.300035e-02	1.962407e+00	1.379085e-05
1.152713e+03	1.950315e+00	2.247461e-02	1.942671e+00	1.383095e-05
1.152948e+03	1.958956e+00	2.208225e-02	1.971531e+00	1.387115e-05
1.153183e+03	1.988999e+00	2.209749e-02	1.988404e+00	1.391144e-05
1.153418e+03	1.997160e+00	2.219962e-02	1.978906e+00	1.395183e-05
1.153653e+03	2.012292e+00	2.225848e-02	1.970433e+00	1.399232e-05
1.153888e+03	2.018070e+00	2.184552e-02	1.946359e+00	1.403291e-05
1.154123e+03	2.034223e+00	2.080460e-02	1.943459e+00	1.407359e-05
1.154358e+03	2.048486e+00	2.003955e-02	1.958119e+00	1.411438e-05
1.154593e+03	2.018290e+00	1.967282e-02	1.956143e+00	1.415526e-05
1.154828e+03	1.996526e+00	1.942390e-02	1.981662e+00	1.419624e-05
1.155063e+03	2.018952e+00	1.941792e-02	2.026367e+00	1.423732e-05
1.155298e+03	2.054898e+00	1.932322e-02	2.035902e+00	1.427850e-05
1.155533e+03	2.077519e+00	1.938158e-02	2.008615e+00	1.431978e-05
1.155768e+03	2.029413e+00	1.937701e-02	1.980745e+00	1.436116e-05
1.156003e+03	2.029791e+00	1.964810e-02	1.989493e+00	1.440263e-05
1.156238e+03	2.028216e+00	1.959204e-02	2.006878e+00	1.444421e-05
1.156473e+03	2.028105e+00	1.971007e-02	1.995436e+00	1.448589e-05
1.156708e+03	2.046656e+00	1.988984e-02	1.988401e+00	1.452767e-05
1.156943e+03	2.033960e+00	1.988765e-02	1.979748e+00	1.456954e-05
1.157178e+03	1.973538e+00	1.983609e-02	1.965285e+00	1.461152e-05
1.157413e+03	1.999002e+00	1.999447e-02	1.983376e+00	1.465360e-05
1.157648e+03	2.031351e+00	2.030012e-02	1.999771e+00	1.469578e-05
1.157883e+03	2.003750e+00	2.063600e-02	1.998717e+00	1.473806e-05
1.158118e+03	2.039541e+00	2.099815e-02	2.004756e+00	1.478045e-05
1.158353e+03	2.052791e+00	2.096289e-02	2.003033e+00	1.482293e-05
1.158588e+03	2.069574e+00	2.065694e-02	2.011548e+00	1.486552e-05
1.158823e+03	2.059923e+00	2.119995e-02	2.019972e+00	1.490821e-05
1.159058e+03	2.030367e+00	2.116171e-02	2.008340e+00	1.495100e-05
1.159293e+03	1.992960e+00	2.086286e-02	1.996243e+00	1.499389e-05
1.159528e+03	1.939403e+00	2.037556e-02	1.967586e+00	1.503689e-05
1.159763e+03	1.938432e+00	2.085588e-02	1.957027e+00	1.507998e-05
1.159998e+03	1.975151e+00	2.103923e-02	1.986853e+00	1.512318e-05
1.160233e+03	1.955275e+00	2.120075e-02	1.972516e+00	1.516649e-05
1.160468e+03	1.977038e+00	2.129052e-02	1.933560e+00	1.520990e-05
1.160703e+03	2.001234e+00	2.106579e-02	1.923025e+00	1.525341e-05
1.160938e+03	1.988896e+00	2.077171e-02	1.907025e+00	1.529702e-05
1.161173e+03	1.961305e+00	2.030421e-02	1.898524e+00	1.534074e-05
1.161408e+03	1.978710e+00	2.019054e-02	1.931394e+00	1.538456e-05
1.161643e+03	2.044738e+00	2.077171e-02	1.980222e+00	1.542849e-05
1.161878e+03	2.043764e+00	2.167261e-02	1.999938e+00	1.547252e-05
1.162113e+03	2.000244e+00	2.125617e-02	1.975128e+00	1.551665e-05
1.162348e+03	1.962327e+00	2.054199e-02	1.946614e+00	1.556089e-05
1.162583e+03	1.980171e+00	2.155527e-02	1.970909e+00	1.560524e-05
1.162818e+03	2.041995e+00	2.200218e-02	2.015404e+00	1.564969e-05
1.163053e+03	2.091565e+00	2.205791e-02	2.041107e+00	1.569425e-05
1.163288e+03	2.112159e+00	2.227186e-02	2.044306e+00	1.573891e-05
1.163523e+03	2.070047e+00	2.208635e-02	1.997256e+00	1.578367e-05
1.163758e+03	1.999041e+00	2.173640e-02	1.936318e+00	1.582855e-05
1.163993e+03	1.962237e+00	2.117299e-02	1.922784e+00	1.587353e-05
1.164228e+03	1.975318e+00	2.322955e-02	1.948484e+00	1.591861e-05
1.164463e+03	2.023589e+00	2.645180e-02	2.000684e+00	1.596380e-05
1.164698e+03	2.066435e+00	2.829408e-02	2.025470e+00	1.600910e-05
1.164933e+03	2.064473e+00	2.855083e-02	2.017449e+00	1.605451e-05
1.165168e+03	2.049837e+00	2.772259e-02	2.031681e+00	1.610002e-05
1.165403e+03	2.040052e+00	2.749501e-02	2.022034e+00	1.614564e-05
1.165638e+03	1.955975e+00	2.749148e-02	1.940842e+00	1.619137e-05
1.165873e+03	1.903195e+00	2.836854e-02	1.891792e+00	1.623720e-05
1.166108e+03	1.985847e+00	2.844766e-02	1.962943e+00	1.628315e-05
1.166343e+03	2.053968e+00	3.087865e-02	2.031644e+00	1.632920e-05
1.166578e+03	2.058636e+00	3.228527e-02	2.026437e+00	1.637536e-05
1.166813e+03	2.073276e+00	3.314794e-02	2.020128e+00	1.642163e-05
1.167048e+03	2.061772e+00	3.331621e-02	2.016644e+00	1.646800e-05
1.167283e+03	2.020547e+00	3.261278e-02	2.004441e+00	1.651449e-05
1.167518e+03	2.012776e+00	3.228181e-02	2.003665e+00	1.656108e-05
1.167753e+03	1.994952e+00	2.899109e-02	1.996334e+00	1.660779e-05
1.167988e+03	1.989657e+00	2.837355e-02	1.997434e+00	1.665460e-05
1.168223e+03	2.136839e+00	5.084335e-02	1.982444e+00	1.670152e-05
1.168458e+03	1.971311e+00	2.505669e-02	1.931309e+00	1.674856e-05
1.168693e+03	1.938153e+00	2.496463e-02	1.886477e+00	1.679570e-05
1.168928e+03	1.904254e+00	2.454089e-02	1.826315e+00	1.684295e-05
1.169163e+03	1.716573e+00	2.075111e-02	1.678431e+00	1.689032e-05
1.169398e+03	1.589194e+00	1.973947e-02	1.588927e+00	1.693779e-05
1.169633e+03	1.804475e+00	2.084414e-02	1.718522e+00	1.698538e-05
1.169868e+03	1.919847e+00	2.084981e-02	1.860535e+00	1.703307e-05
1.170103e+03	1.968624e+00	2.043918e-02	1.918508e+00	1.708088e-05
1.170338e+03	2.013343e+00	2.043858e-02	1.958120e+00	1.712880e-05
1.170573e+03	2.046930e+00	2.075452e-02	1.988575e+00	1.717683e-05
1.170808e+03	nan	nan	2.012751e+00	1.722497e-05
1.171043e+03	2.048493e+00	2.030617e-02	2.015593e+00	1.727323e-05
1.171278e+03	2.022438e+00	1.974350e-02	1.991596e+00	1.732159e-05
1.171513e+03	2.002429e+00	1.948277e-02	1.947097e+00	1.737007e-05
1.171748e+03	1.965186e+00	1.948607e-02	1.910915e+00	1.741866e-05
1.171983e+03	1.974540e+00	1.965975e-02	1.940809e+00	1.746737e-05
1.172218e+03	2.016494e+00	1.964387e-02	2.014405e+00	1.751619e-05
1.172453e+03	2.022004e+00	1.961146e-02	2.045360e+00	1.756512e-05
1.172688e+03	1.972922e+00	1.942679e-02	2.036144e+00	1.761416e-05
1.172923e+03	2.006892e+00	1.957954e-02	2.030827e+00	1.766332e-05
1.173158e+03	2.056462e+00	2.150613e-02	2.005828e+00	1.771259e-05
1.173393e+03	2.057266e+00	2.017086e-02	1.952483e+00	1.776198e-05
1.173628e+03	1.981931e+00	2.021870e-02	1.891986e+00	1.781148e-05
1.173863e+03	2.016046e+00	2.063178e-02	1.861610e+00	1.786109e-05
1.174098e+03	1.946937e+00	2.194309e-02	1.907537e+00	1.791082e-05
1.174333e+03	2.014662e+00	2.646581e-02	1.984197e+00	1.796067e-05
1.174568e+03	2.047555e+00	2.908359e-02	2.008514e+00	1.801063e-05
1.174803e+03	2.037190e+00	2.931320e-02	1.998152e+00	1.806070e-05
1.175038e+03	2.020665e+00	2.934591e-02	1.968512e+00	1.811089e-05
1.175273e+03	1.952113e+00	2.866488e-02	1.900065e+00	1.816120e-05
1.175508e+03	1.913401e+00	2.833688e-02	1.860476e+00	1.821162e-05
1.175743e+03	1.943403e+00	2.836114e-02	1.873549e+00	1.826216e-05
1.175978e+03	1.962423e+00	2.938123e-02	1.890319e+00	1.831281e-05
1.176213e+03	1.957618e+00	3.298331e-02	1.892534e+00	1.836358e-05
1.176448e+03	1.956157e+00	3.419852e-02	1.899711e+00	1.841447e-05
1.176683e+03	1.958501e+00	3.328771e-02	1.908141e+00	1.846547e-05
1.176918e+03	1.897411e+00	2.642598e-02	1.836475e+00	1.851659e-05
1.177153e+03	1.713266e+00	2.239205e-02	1.653814e+00	1.856783e-05
1.177388e+03	1.462033e+00	2.068745e-02	1.450540e+00	1.861919e-05
1.177623e+03	1.358528e+00	1.983256e-02	1.386689e+00	1.867066e-05
1.177858e+03	1.567398e+00	1.968114e-02	1.543097e+00	1.872226e-05
1.178093e+03	1.802045e+00	1.966441e-02	1.738180e+00	1.877397e-05
1.178328e+03	1.881706e+00	1.929581e-02	1.821527e+00	1.882579e-05
1.178563e+03	1.913601e+00	1.928468e-02	1.850908e+00	1.887774e-05
1.178798e+03	1.952355e+00	1.988597e-02	1.877034e+00	1.892981e-05
1.179033e+03	1.968260e+00	2.009234e-02	1.890283e+00	1.898199e-05
1.179268e+03	1.958483e+00	2.005925e-02	1.878589e+00	1.903430e-05
1.179503e+03	1.954598e+00	1.960506e-02	1.881942e+00	1.908672e-05
1.179738e+03	1.947027e+00	1.950942e-02	1.903976e+00	1.913926e-05
1.179973e+03	1.943711e+00	1.947833e-02	1.891923e+00	1.919193e-05
1.180208e+03	1.941005e+00	1.951185e-02	1.874631e+00	1.924471e-05
1.180443e+03	1.958153e+00	1.964764e-02	1.897772e+00	1.929761e-05
1.180678e+03	2.010728e+00	1.996529e-02	1.921083e+00	1.935064e-05
1.180913e+03	1.959449e+00	1.967570e-02	1.904531e+00	1.940378e-05
1.181148e+03	1.964512e+00	1.974354e-02	1.885340e+00	1.945705e-05
1.181383e+03	1.964062e+00	1.997466e-02	1.888618e+00	1.951043e-05
1.181618e+03	1.892277e+00	1.992808e-02	1.873948e+00	1.956394e-05
1.181853e+03	1.869970e+00	2.014400e-02	1.854920e+00	1.961757e-05
1.182088e+03	1.918206e+00	2.302071e-02	1.873905e+00	1.967132e-05
1.182323e+03	1.950250e+00	2.388956e-02	1.889443e+00	1.972519e-05
1.182558e+03	1.958726e+00	2.510903e-02	1.901670e+00	1.977919e-05
1.182793e+03	1.925059e+00	2.600683e-02	1.901164e+00	1.983330e-05
1.183028e+03	1.888653e+00	2.712981e-02	1.895102e+00	1.988754e-05
1.183263e+03	1.907596e+00	2.898352e-02	1.906764e+00	1.994191e-05
1.183498e+03	1.910415e+00	2.949327e-02	1.899051e+00	1.999639e-05
1.183733e+03	1.875220e+00	2.894144e-02	1.871329e+00	2.005100e-05
1.183968e+03	1.851491e+00	2.878266e-02	1.868263e+00	2.010573e-05
1.184203e+03	1.901843e+00	2.931839e-02	1.896121e+00	2.016059e-05
1.184438e+03	nan	nan	1.943295e+00	2.021557e-05
1.184673e+03	nan	nan	1.975729e+00	2.027067e-05
1.184908e+03	nan	nan	1.927503e+00	2.032590e-05
1.185143e+03	1.861324e+00	2.798933e-02	1.843158e+00	2.038125e-05
1.185378e+03	1.877968e+00	2.765003e-02	1.834809e+00	2.043673e-05
1.185613e+03	1.940028e+00	2.661693e-02	1.898936e+00	2.049233e-05
1.185848e+03	1.930195e+00	2.347621e-02	1.925691e+00	2.054806e-05
1.186083e+03	1.893079e+00	2.141167e-02	1.895268e+00	2.060391e-05
1.186318e+03	1.901230e+00	2.097615e-02	1.879886e+00	2.065989e-05
1.186553e+03	1.929924e+00	2.124382e-02	1.892466e+00	2.071599e-05
1.186788e+03	1.933947e+00	2.131477e-02	1.892025e+00	2.077222e-05
1.187023e+03	1.879202e+00	2.099101e-02	1.882952e+00	2.082858e-05
1.187258e+03	1.874947e+00	2.101212e-02	1.899450e+00	2.088506e-05
1.187493e+03	1.922899e+00	2.137461e-02	1.933384e+00	2.094167e-05
1.187728e+03	1.940467e+00	2.161839e-02	1.932402e+00	2.099840e-05
1.187963e+03	1.930498e+00	2.264256e-02	1.905669e+00	2.105526e-05
1.188198e+03	1.859271e+00	2.302579e-02	1.870987e+00	2.111225e-05
1.188433e+03	1.783958e+00	2.283438e-02	1.773929e+00	2.116937e-05
1.188668e+03	1.684608e+00	2.327309e-02	1.693055e+00	2.122662e-05
1.188903e+03	1.792645e+00	2.489258e-02	1.768885e+00	2.128399e-05
1.189138e+03	1.888897e+00	2.568856e-02	1.868131e+00	2.134149e-05
1.189373e+03	1.903131e+00	2.581018e-02	1.883202e+00	2.139912e-05
1.189608e+03	1.893764e+00	2.587452e-02	1.884181e+00	2.145688e-05
1.189843e+03	1.944335e+00	2.650369e-02	1.908928e+00	2.151477e-05
1.190078e+03	1.946163e+00	2.621239e-02	1.909240e+00	2.157278e-05
1.190313e+03	1.941266e+00	2.498094e-02	1.899214e+00	2.163093e-05
1.190548e+03	1.940365e+00	2.460837e-02	1.917650e+00	2.168920e-05
1.190783e+03	1.920662e+00	2.597322e-02	1.927808e+00	2.174761e-05
1.191018e+03	1.909863e+00	2.501265e-02	1.901077e+00	2.180614e-05
1.191253e+03	1.918614e+00	2.440161e-02	1.869659e+00	2.186480e-05
1.191488e+03	1.901614e+00	2.435455e-02	1.861300e+00	2.192360e-05
1.191723e+03	1.892296e+00	2.434569e-02	1.891603e+00	2.198252e-05
1.191958e+03	1.914982e+00	2.457583e-02	1.937794e+00	2.204158e-05
1.192193e+03	1.934021e+00	2.474379e-02	1.950609e+00	2.210077e-05
1.192428e+03	nan	nan	1.938508e+00	2.216008e-05
1.192663e+03	1.930764e+00	2.721403e-02	1.930634e+00	2.221953e-05
1.192898e+03	1.975548e+00	2.710517e-02	1.950845e+00	2.227911e-05
1.193133e+03	1.977214e+00	2.436654e-02	1.975353e+00	2.233883e-05
1.193368e+03	1.994751e+00	2.657699e-02	1.956271e+00	2.239867e-05
1.193603e+03	1.947825e+00	2.847612e-02	1.913790e+00	2.245865e-05
1.193838e+03	1.898916e+00	2.832634e-02	1.885263e+00	2.251876e-05
1.194073e+03	1.872431e+00	2.796629e-02	1.883233e+00	2.257900e-05
1.194308e+03	1.879191e+00	2.748235e-02	1.910316e+00	2.263938e-05
1.194543e+03	1.910377e+00	2.869638e-02	1.939265e+00	2.269989e-05
1.194778e+03	1.891675e+00	2.759499e-02	1.934429e+00	2.276053e-05
1.195013e+03	1.866875e+00	2.886279e-02	1.882401e+00	2.282130e-05
1.195248e+03	1.773993e+00	2.357447e-02	1.834403e+00	2.288221e-05
1.195483e+03	1.843771e+00	2.185844e-02	1.856248e+00	2.294326e-05
1.195718e+03	1.925770e+00	2.113042e-02	1.905231e+00	2.300444e-05
1.195953e+03	1.923768e+00	2.090595e-02	1.925912e+00	2.306575e-05
1.196188e+03	1.876949e+00	2.118961e-02	1.901182e+00	2.312720e-05
1.196423e+03	1.839557e+00	2.075293e-02	1.871814e+00	2.318878e-05
1.196658e+03	1.856443e+00	2.145814e-02	1.884891e+00	2.325050e-05
1.196893e+03	1.877204e+00	2.217307e-02	1.906330e+00	2.331235e-05
1.197128e+03	1.869953e+00	2.197067e-02	1.895868e+00	2.337434e-05
1.197363e+03	1.787092e+00	2.175277e-02	1.824819e+00	2.343646e-05
1.197598e+03	1.661704e+00	2.094746e-02	1.732395e+00	2.349872e-05
1.197833e+03	1.669163e+00	2.107565e-02	1.752098e+00	2.356112e-05
1.198068e+03	1.743875e+00	2.142361e-02	1.849430e+00	2.362365e-05
1.198303e+03	1.795325e+00	2.163329e-02	1.900764e+00	2.368632e-05
1.198538e+03	1.854858e+00	2.191019e-02	1.903594e+00	2.374913e-05
1.198773e+03	1.905756e+00	2.227936e-02	1.909173e+00	2.381208e-05
1.199008e+03	1.876185e+00	2.229415e-02	1.902438e+00	2.387516e-05
1.199243e+03	1.807311e+00	2.201978e-02	1.865561e+00	2.393838e-05
1.199478e+03	1.832228e+00	3.130390e-02	1.861979e+00	2.400174e-05
1.199713e+03	nan	nan	1.892153e+00	2.406523e-05
1.199948e+03	1.858046e+00	2.192349e-02	1.914901e+00	2.412887e-05
1.200183e+03	1.860697e+00	2.141870e-02	1.919901e+00	2.419264e-05
1.200418e+03	1.806653e+00	2.072629e-02	1.900784e+00	2.425655e-05
1.200653e+03	1.819710e+00	2.081052e-02	1.902911e+00	2.432060e-05
1.200888e+03	1.901840e+00	2.128730e-02	1.927882e+00	2.438479e-05
1.201123e+03	1.886258e+00	2.120514e-02	1.932326e+00	2.444912e-05
1.201358e+03	1.857841e+00	2.110184e-02	1.945113e+00	2.451359e-05
1.201593e+03	1.893657e+00	2.122564e-02	1.962979e+00	2.457820e-05
1.201828e+03	1.915857e+00	2.137779e-02	1.947775e+00	2.464295e-05
1.202063e+03	1.876312e+00	2.226880e-02	1.924007e+00	2.470784e-05
1.202298e+03	1.843053e+00	2.293607e-02	1.912948e+00	2.477287e-05
1.202533e+03	1.886558e+00	2.393038e-02	1.926452e+00	2.483804e-05
1.202768e+03	1.891476e+00	2.440997e-02	1.927094e+00	2.490336e-05
1.203003e+03	1.812797e+00	2.375127e-02	1.899197e+00	2.496881e-05
1.203238e+03	1.789950e+00	2.357722e-02	1.887543e+00	2.503440e-05
1.203473e+03	1.857458e+00	2.398826e-02	1.897071e+00	2.510014e-05
1.203708e+03	1.938574e+00	2.510737e-02	1.930471e+00	2.516602e-05
1.203943e+03	1.956042e+00	2.565634e-02	1.977949e+00	2.523204e-05
1.204178e+03	1.966830e+00	2.585466e-02	1.994226e+00	2.529821e-05
1.204413e+03	1.949878e+00	2.521235e-02	1.982609e+00	2.536452e-05
1.204648e+03	1.917818e+00	2.327674e-02	1.963203e+00	2.543097e-05
1.204883e+03	1.887156e+00	2.215074e-02	1.941814e+00	2.549756e-05
1.205118e+03	1.890895e+00	2.174457e-02	1.944686e+00	2.556430e-05
1.205353e+03	1.935893e+00	2.094562e-02	1.959683e+00	2.563118e-05
1.205588e+03	1.947694e+00	1.999681e-02	1.977399e+00	2.569820e-05
1.205823e+03	1.989529e+00	1.988417e-02	2.027033e+00	2.576537e-05
1.206058e+03	2.046124e+00	1.977315e-02	2.069777e+00	2.583268e-05
1.206293e+03	2.021321e+00	1.962180e-02	2.064633e+00	2.590014e-05
1.206528e+03	2.002736e+00	1.970852e-02	2.016975e+00	2.596774e-05
1.206763e+03	1.964416e+00	2.012973e-02	1.969268e+00	2.603549e-05
1.206998e+03	1.899024e+00	2.011774e-02	1.945921e+00	2.610338e-05
1.207233e+03	1.897412e+00	2.001925e-02	1.933340e+00	2.617142e-05
1.207468e+03	1.954665e+00	2.021108e-02	1.939425e+00	2.623960e-05
1.207703e+03	2.007483e+00	2.007459e-02	1.967299e+00	2.630793e-05
1.207938e+03	2.029716e+00	1.988740e-02	1.989035e+00	2.637641e-05
1.208173e+03	1.999205e+00	2.018075e-02	1.985590e+00	2.644503e-05
1.208408e+03	1.975018e+00	2.056080e-02	1.997275e+00	2.651380e-05
1.208643e+03	1.982521e+00	2.093734e-02	2.008037e+00	2.658272e-05
1.208878e+03	1.945334e+00	2.171250e-02	1.967902e+00	2.665178e-05
1.209113e+03	1.846557e+00	2.183965e-02	1.911925e+00	2.672099e-05
1.209348e+03	1.828915e+00	2.178499e-02	1.912621e+00	2.679035e-05
1.209583e+03	1.906262e+00	2.237639e-02	1.961469e+00	2.685986e-05
1.209818e+03	2.014375e+00	2.307459e-02	2.017303e+00	2.692951e-05
1.210053e+03	2.087998e+00	2.340891e-02	2.056895e+00	2.699932e-05
1.210288e+03	2.019331e+00	2.270470e-02	2.036489e+00	2.706927e-05
1.210523e+03	1.933847e+00	2.232216e-02	1.993243e+00	2.713937e-05
1.210758e+03	1.955446e+00	2.769340e-02	1.973810e+00	2.720962e-05
1.210993e+03	1.888239e+00	2.101632e-02	1.963319e+00	2.728002e-05
1.211228e+03	1.858693e+00	2.085457e-02	1.948040e+00	2.735057e-05
1.211463e+03	1.881174e+00	2.090841e-02	1.927453e+00	2.742126e-05
1.211698e+03	1.892488e+00	2.080432e-02	1.922597e+00	2.749211e-05
1.211933e+03	1.888392e+00	2.071295e-02	1.934267e+00	2.756311e-05
1.212168e+03	1.944188e+00	2.073955e-02	1.960865e+00	2.763426e-05
1.212403e+03	1.999784e+00	2.092031e-02	1.995572e+00	2.770556e-05
1.212638e+03	2.031831e+00	2.135895e-02	2.010945e+00	2.777701e-05
1.212873e+03	1.974361e+00	2.148669e-02	1.975139e+00	2.784862e-05
1.213108e+03	1.872591e+00	2.142209e-02	1.932579e+00	2.792037e-05
1.213343e+03	1.861698e+00	2.131977e-02	1.940577e+00	2.799227e-05
1.213578e+03	1.908874e+00	2.131422e-02	1.989788e+00	2.806433e-05
1.213813e+03	1.994119e+00	2.179556e-02	2.044083e+00	2.813654e-05
1.214048e+03	2.054714e+00	2.139954e-02	2.069339e+00	2.820890e-05
1.214283e+03	2.076210e+00	2.061261e-02	2.064329e+00	2.828142e-05
1.214518e+03	2.072950e+00	2.141028e-02	2.056634e+00	2.835409e-05
1.214753e+03	2.030273e+00	2.238140e-02	2.055029e+00	2.842691e-05
1.214988e+03	2.022467e+00	2.257148e-02	2.056303e+00	2.849988e-05
1.215223e+03	2.049092e+00	2.298829e-02	2.063786e+00	2.857301e-05
1.215458e+03	nan	nan	2.071831e+00	2.864629e-05
1.215693e+03	nan	nan	2.063647e+00	2.871973e-05
1.215928e+03	1.973642e+00	2.265988e-02	2.031918e+00	2.879332e-05
1.216163e+03	1.972514e+00	2.267856e-02	2.000999e+00	2.886706e-05
1.216398e+03	2.001742e+00	2.221100e-02	2.000073e+00	2.894096e-05
1.216633e+03	1.988281e+00	2.132390e-02	2.000156e+00	2.901502e-05
1.216868e+03	1.973091e+00	2.114843e-02	2.002239e+00	2.908923e-05
1.217103e+03	1.997072e+00	2.149945e-02	2.025625e+00	2.916360e-05
1.217338e+03	2.020675e+00	2.147519e-02	2.055303e+00	2.923812e-05
1.217573e+03	2.009074e+00	2.150390e-02	2.068333e+00	2.931280e-05
1.217808e+03	2.013945e+00	2.230984e-02	2.066013e+00	2.938763e-05
1.218043e+03	2.040587e+00	2.236216e-02	2.046458e+00	2.946262e-05
1.218278e+03	2.060851e+00	2.185154e-02	2.034183e+00	2.953777e-05
1.218513e+03	2.085678e+00	2.161847e-02	2.047958e+00	2.961307e-05
1.218748e+03	2.064846e+00	2.135144e-02	2.059161e+00	2.968853e-05
1.218983e+03	2.007621e+00	2.117800e-02	2.055618e+00	2.976415e-05
1.219218e+03	2.003521e+00	2.121454e-02	2.061106e+00	2.983993e-05
1.219453e+03	2.036833e+00	2.136730e-02	2.066207e+00	2.991587e-05
1.219688e+03	2.048006e+00	2.127885e-02	2.061848e+00	2.999196e-05
1.219923e+03	2.037569e+00	2.141120e-02	2.053581e+00	3.006821e-05
1.220158e+03	2.040294e+00	2.157570e-02	2.045307e+00	3.014462e-05
1.220393e+03	2.074281e+00	2.126813e-02	2.032731e+00	3.022119e-05
1.220628e+03	2.064441e+00	2.144713e-02	2.017781e+00	3.029792e-05
1.220863e+03	2.042436e+00	2.157605e-02	2.028352e+00	3.037481e-05
1.221098e+03	2.037854e+00	2.086590e-02	2.039487e+00	3.045186e-05
1.221333e+03	1.990194e+00	2.012002e-02	2.018693e+00	3.052907e-05
1.221568e+03	1.953797e+00	1.945704e-02	2.008715e+00	3.060644e-05
1.221803e+03	1.961613e+00	1.929439e-02	2.023763e+00	3.068397e-05
1.222038e+03	1.945516e+00	1.942209e-02	2.036319e+00	3.076166e-05
1.222273e+03	1.976334e+00	1.973748e-02	2.032221e+00	3.083951e-05
1.222508e+03	1.959193e+00	1.902208e-02	2.011355e+00	3.091752e-05
1.222743e+03	1.977189e+00	1.908570e-02	2.017946e+00	3.099570e-05
1.222978e+03	2.036909e+00	1.918621e-02	2.056295e+00	3.107403e-05
1.223213e+03	2.098452e+00	1.923733e-02	2.084027e+00	3.115253e-05
1.223448e+03	2.116393e+00	1.930554e-02	2.064849e+00	3.123119e-05
1.223683e+03	2.093793e+00	1.926774e-02	2.024467e+00	3.131001e-05
1.223918e+03	2.075984e+00	1.922300e-02	2.025850e+00	3.138900e-05
1.224153e+03	2.083302e+00	1.924494e-02	2.055314e+00	3.146815e-05
1.224388e+03	2.071353e+00	1.927053e-02	2.072091e+00	3.154746e-05
1.224623e+03	2.080645e+00	1.923553e-02	2.085634e+00	3.162694e-05
1.224858e+03	2.091674e+00	1.935253e-02	2.083479e+00	3.170657e-05
1.225093e+03	2.094946e+00	1.936665e-02	2.071813e+00	3.178638e-05
1.225328e+03	2.072538e+00	1.939301e-02	2.053892e+00	3.186634e-05
1.225563e+03	2.066736e+00	1.945905e-02	2.045581e+00	3.194648e-05
1.225798e+03	2.037041e+00	1.949484e-02	2.056387e+00	3.202677e-05
1.226033e+03	2.014230e+00	1.996127e-02	2.071117e+00	3.210724e-05
1.226268e+03	2.046517e+00	2.085832e-02	2.077812e+00	3.218786e-05
1.226503e+03	2.065384e+00	2.100152e-02	2.060795e+00	3.226865e-05
1.226738e+03	2.075205e+00	2.098854e-02	2.053451e+00	3.234961e-05
1.226973e+03	2.099689e+00	2.082183e-02	2.066417e+00	3.243074e-05
1.227208e+03	2.086655e+00	2.037434e-02	2.051599e+00	3.251203e-05
1.227443e+03	2.013482e+00	2.047018e-02	2.009327e+00	3.259348e-05
1.227678e+03	2.003818e+00	2.020969e-02	2.005575e+00	3.267511e-05
1.227913e+03	2.078933e+00	2.119999e-02	2.051310e+00	3.275690e-05
1.228148e+03	2.108504e+00	2.281445e-02	2.090299e+00	3.283886e-05
1.228383e+03	2.090849e+00	2.266804e-02	2.099583e+00	3.292098e-05
1.228618e+03	2.059744e+00	2.244953e-02	2.093368e+00	3.300328e-05
1.228853e+03	2.041818e+00	2.225372e-02	2.088202e+00	3.308574e-05
1.229088e+03	2.049265e+00	2.199696e-02	2.083579e+00	3.316837e-05
1.229323e+03	2.036609e+00	2.147655e-02	2.067952e+00	3.325117e-05
1.229558e+03	1.998135e+00	2.116272e-02	2.037987e+00	3.333414e-05
1.229793e+03	1.976106e+00	2.104922e-02	2.029906e+00	3.341727e-05
1.230028e+03	1.997771e+00	2.113912e-02	2.061962e+00	3.350058e-05
1.230263e+03	2.033340e+00	2.122846e-02	2.090329e+00	3.358405e-05
1.230498e+03	2.070256e+00	2.132664e-02	2.084020e+00	3.366770e-05
1.230733e+03	2.078918e+00	2.207065e-02	2.079785e+00	3.375151e-05
1.230968e+03	2.060131e+00	2.118745e-02	2.079561e+00	3.383550e-05
1.231203e+03	2.038089e+00	2.101866e-02	2.078231e+00	3.391966e-05
1.231438e+03	2.024447e+00	2.083465e-02	2.074416e+00	3.400398e-05
1.231673e+03	2.005686e+00	2.064721e-02	2.047458e+00	3.408848e-05
1.231908e+03	2.009590e+00	2.059977e-02	2.035462e+00	3.417315e-05
1.232143e+03	2.006519e+00	2.068423e-02	2.036862e+00	3.425799e-05
1.232378e+03	1.995729e+00	2.082775e-02	2.034924e+00	3.434301e-05
1.232613e+03	2.021938e+00	2.098907e-02	2.054727e+00	3.442819e-05
1.232848e+03	2.048381e+00	2.106984e-02	2.080723e+00	3.451355e-05
1.233083e+03	2.063460e+00	2.124125e-02	2.080606e+00	3.459908e-05
1.233318e+03	2.032350e+00	2.105567e-02	2.056593e+00	3.468478e-05
1.233553e+03	2.012618e+00	2.081413e-02	2.052932e+00	3.477066e-05
1.233788e+03	2.055053e+00	2.103019e-02	2.073460e+00	3.485671e-05
1.234023e+03	2.043654e+00	2.173684e-02	2.078681e+00	3.494294e-05
1.234258e+03	2.058567e+00	2.187429e-02	2.061506e+00	3.502933e-05
1.234493e+03	1.992179e+00	2.169713e-02	2.037709e+00	3.511591e-05
1.234728e+03	1.957424e+00	2.155204e-02	2.031120e+00	3.520265e-05
1.234963e+03	1.987785e+00	2.294115e-02	2.063496e+00	3.528958e-05
1.235198e+03	2.032947e+00	2.532455e-02	2.083467e+00	3.537667e-05
1.235433e+03	2.053875e+00	2.511500e-02	2.079456e+00	3.546394e-05
1.235668e+03	2.060694e+00	2.319406e-02	2.084424e+00	3.555139e-05
1.235903e+03	2.034174e+00	2.306827e-02	2.087366e+00	3.563901e-05
1.236138e+03	2.031390e+00	2.313153e-02	2.082352e+00	3.572681e-05
1.236373e+03	2.052702e+00	2.341850e-02	2.068999e+00	3.581479e-05
1.236608e+03	2.025894e+00	2.325497e-02	2.044872e+00	3.590294e-05
1.236843e+03	2.016234e+00	2.305677e-02	2.041873e+00	3.599127e-05
1.237078e+03	2.064135e+00	2.352358e-02	2.066102e+00	3.607978e-05
1.237313e+03	2.068429e+00	2.381038e-02	2.089548e+00	3.616846e-05
1.237548e+03	2.023725e+00	2.374326e-02	2.080267e+00	3.625732e-05
1.237783e+03	2.009634e+00	2.309423e-02	2.068610e+00	3.634636e-05
1.238018e+03	2.030815e+00	2.241733e-02	2.080330e+00	3.643558e-05
1.238253e+03	2.075831e+00	2.252325e-02	2.096759e+00	3.652497e-05
1.238488e+03	2.088470e+00	2.272294e-02	2.113663e+00	3.661455e-05
1.238723e+03	2.055024e+00	2.238450e-02	2.104417e+00	3.670430e-05
1.238958e+03	1.979472e+00	2.211028e-02	2.068984e+00	3.679423e-05
1.239193e+03	1.888669e+00	2.129269e-02	2.028144e+00	3.688435e-05
1.239428e+03	1.872129e+00	2.120471e-02	2.029532e+00	3.697464e-05
1.239663e+03	1.958599e+00	2.166526e-02	2.066977e+00	3.706511e-05
1.239898e+03	1.943823e+00	2.118374e-02	2.068041e+00	3.715576e-05
1.240133e+03	1.912685e+00	2.055322e-02	2.062717e+00	3.724659e-05
1.240368e+03	2.111837e+00	3.608385e-02	2.068438e+00	3.733761e-05
1.240603e+03	1.948303e+00	2.106702e-02	2.043375e+00	3.742880e-05
1.240838e+03	1.916973e+00	2.092118e-02	1.994480e+00	3.752018e-05
1.241073e+03	1.959445e+00	2.143674e-02	1.983529e+00	3.761174e-05
1.241308e+03	2.015920e+00	2.325421e-02	2.008934e+00	3.770347e-05
1.241543e+03	1.994031e+00	2.574026e-02	2.016514e+00	3.779540e-05
1.241778e+03	1.941178e+00	2.555599e-02	2.005908e+00	3.788750e-05
1.242013e+03	1.897566e+00	2.456361e-02	1.973690e+00	3.797979e-05
1.242248e+03	1.872162e+00	2.293593e-02	1.970923e+00	3.807226e-05
1.242483e+03	1.876044e+00	2.274271e-02	1.997067e+00	3.816491e-05
1.242718e+03	1.890719e+00	2.284059e-02	2.011846e+00	3.825774e-05
1.242953e+03	1.901842e+00	2.283677e-02	1.992786e+00	3.835076e-05
1.243188e+03	nan	nan	1.918006e+00	3.844397e-05
1.243423e+03	1.691449e+00	2.312655e-02	1.771963e+00	3.853736e-05
1.243658e+03	1.655509e+00	2.346466e-02	1.726517e+00	3.863093e-05
1.243893e+03	1.759242e+00	2.374440e-02	1.864240e+00	3.872469e-05
1.244128e+03	1.852482e+00	2.310629e-02	1.970827e+00	3.881863e-05
1.244363e+03	1.876076e+00	2.236237e-02	2.002466e+00	3.891276e-05
1.244598e+03	1.905587e+00	2.099433e-02	2.015772e+00	3.900707e-05
1.244833e+03	1.924826e+00	1.942797e-02	2.044894e+00	3.910157e-05
1.245068e+03	1.959873e+00	1.913120e-02	2.075760e+00	3.919626e-05
1.245303e+03	1.971523e+00	1.921754e-02	2.069296e+00	3.929113e-05
1.245538e+03	1.961175e+00	1.912560e-02	2.028262e+00	3.938619e-05
1.245773e+03	1.953001e+00	1.912914e-02	2.018877e+00	3.948143e-05
1.246008e+03	1.949938e+00	1.925025e-02	2.036617e+00	3.957686e-05
1.246243e+03	1.921738e+00	1.959597e-02	2.032967e+00	3.967249e-05
1.246478e+03	1.908904e+00	2.074445e-02	2.039467e+00	3.976829e-05
1.246713e+03	1.934823e+00	2.025721e-02	2.044772e+00	3.986429e-05
1.246948e+03	1.975702e+00	1.971878e-02	2.037307e+00	3.996047e-05
1.247183e+03	1.997250e+00	1.961889e-02	2.054716e+00	4.005685e-05
1.247418e+03	1.989678e+00	1.989977e-02	2.063534e+00	4.015341e-05
1.247653e+03	1.997670e+00	2.114363e-02	2.045016e+00	4.025016e-05
1.247888e+03	1.960684e+00	2.221498e-02	2.019944e+00	4.034710e-05
1.248123e+03	1.944807e+00	2.248754e-02	2.017117e+00	4.044423e-05
1.248358e+03	1.948953e+00	2.267926e-02	2.044436e+00	4.054155e-05
1.248593e+03	1.935992e+00	2.278695e-02	2.047766e+00	4.063906e-05
1.248828e+03	1.941140e+00	2.291852e-02	2.040226e+00	4.073676e-05
1.249063e+03	1.993023e+00	2.299053e-02	2.060327e+00	4.083465e-05
1.249298e+03	2.006239e+00	2.315821e-02	2.068091e+00	4.093274e-05
1.249533e+03	2.018071e+00	2.216105e-02	2.058126e+00	4.103101e-05
1.249768e+03	1.972983e+00	2.169591e-02	2.042783e+00	4.112947e-05
1.250003e+03	1.979740e+00	2.159450e-02	2.024616e+00	4.122813e-05
1.250238e+03	1.977789e+00	2.186667e-02	2.032910e+00	4.132698e-05
1.250473e+03	2.001672e+00	2.306574e-02	2.078673e+00	4.142602e-05
1.250708e+03	2.025918e+00	2.341693e-02	2.090320e+00	4.152526e-05
1.250943e+03	1.951481e+00	2.301291e-02	2.062717e+00	4.162469e-05
1.251178e+03	1.977010e+00	2.298637e-02	2.056188e+00	4.172431e-05
1.251413e+03	1.957445e+00	2.285722e-02	2.054290e+00	4.182412e-05
1.251648e+03	2.005220e+00	2.566931e-02	2.024934e+00	4.192413e-05
1.251883e+03	1.934755e+00	2.246080e-02	1.985895e+00	4.202433e-05
1.252118e+03	1.905055e+00	2.270389e-02	1.939123e+00	4.212473e-05
1.252353e+03	1.719537e+00	2.111449e-02	1.789314e+00	4.222532e-05
1.252588e+03	1.591003e+00	2.059322e-02	1.639992e+00	4.232610e-05
1.252823e+03	1.767670e+00	2.201924e-02	1.752837e+00	4.242708e-05
1.253058e+03	1.929414e+00	2.301140e-02	1.948517e+00	4.252826e-05
1.253293e+03	1.995337e+00	2.388020e-02	2.039876e+00	4.262963e-05
1.253528e+03	1.994248e+00	2.463061e-02	2.039451e+00	4.273120e-05
1.253763e+03	1.955443e+00	2.736413e-02	2.033300e+00	4.283296e-05
1.253998e+03	1.984735e+00	2.815675e-02	2.066803e+00	4.293493e-05
1.254233e+03	2.055182e+00	2.864877e-02	2.073794e+00	4.303708e-05
1.254468e+03	2.054954e+00	2.846466e-02	2.052103e+00	4.313944e-05
1.254703e+03	2.031239e+00	2.842444e-02	2.035398e+00	4.324199e-05
1.254938e+03	2.003278e+00	2.864373e-02	2.039637e+00	4.334474e-05
1.255173e+03	1.996420e+00	2.784469e-02	2.045054e+00	4.344769e-05
1.255408e+03	2.011034e+00	2.805914e-02	2.064666e+00	4.355083e-05
1.255643e+03	2.075759e+00	2.993704e-02	2.079046e+00	4.365418e-05
1.255878e+03	2.099878e+00	3.045448e-02	2.084750e+00	4.375772e-05
1.256113e+03	2.080985e+00	3.016747e-02	2.096159e+00	4.386146e-05
1.256348e+03	2.061647e+00	2.953595e-02	2.106059e+00	4.396540e-05
1.256583e+03	2.033712e+00	2.808673e-02	2.068216e+00	4.406954e-05
1.256818e+03	1.963392e+00	2.681160e-02	2.038154e+00	4.417389e-05
1.257053e+03	1.950989e+00	2.640972e-02	2.045088e+00	4.427843e-05
1.257288e+03	1.990553e+00	2.584049e-02	2.046648e+00	4.438317e-05
1.257523e+03	2.001590e+00	2.512470e-02	2.040589e+00	4.448811e-05
1.257758e+03	1.988001e+00	2.492578e-02	2.038604e+00	4.459325e-05
1.257993e+03	1.997418e+00	2.495554e-02	2.049089e+00	4.469860e-05
1.258228e+03	2.034499e+00	2.530737e-02	2.059999e+00	4.480414e-05
1.258463e+03	2.052983e+00	2.554941e-02	2.065435e+00	4.490989e-05
1.258698e+03	2.042205e+00	2.572432e-02	2.054678e+00	4.501584e-05
1.258933e+03	1.989084e+00	2.526010e-02	2.032847e+00	4.512199e-05
1.259168e+03	2.008535e+00	2.412195e-02	2.033335e+00	4.522835e-05
1.259403e+03	1.978302e+00	2.420437e-02	2.038793e+00	4.533491e-05
1.259638e+03	1.949538e+00	2.522571e-02	2.030256e+00	4.544167e-05
1.259873e+03	1.985774e+00	2.620499e-02	2.023113e+00	4.554863e-05
1.260108e+03	2.003753e+00	2.799856e-02	2.037861e+00	4.565580e-05
1.260343e+03	1.995931e+00	2.874133e-02	2.043956e+00	4.576317e-05
1.260578e+03	1.992262e+00	2.871749e-02	2.051980e+00	4.587075e-05
1.260813e+03	2.053712e+00	2.955134e-02	2.087788e+00	4.597853e-05
1.261048e+03	2.050874e+00	2.941750e-02	2.092717e+00	4.608652e-05
1.261283e+03	2.059820e+00	2.687968e-02	2.068901e+00	4.619471e-05
1.261518e+03	2.073033e+00	2.637401e-02	2.056575e+00	4.630311e-05
1.261753e+03	2.061624e+00	2.589640e-02	2.060391e+00	4.641171e-05
1.261988e+03	2.030089e+00	2.376577e-02	2.060134e+00	4.652052e-05
1.262223e+03	1.996460e+00	2.317586e-02	2.044449e+00	4.662954e-05
1.262458e+03	1.989017e+00	2.308854e-02	2.040385e+00	4.673876e-05
1.262693e+03	2.046372e+00	2.524867e-02	2.063426e+00	4.684819e-05
1.262928e+03	2.084466e+00	2.589432e-02	2.082470e+00	4.695782e-05
1.263163e+03	2.044180e+00	2.541470e-02	2.088618e+00	4.706767e-05
1.263398e+03	2.033093e+00	2.510926e-02	2.062574e+00	4.717772e-05
1.263633e+03	1.969739e+00	2.390793e-02	2.029742e+00	4.728798e-05
1.263868e+03	1.958065e+00	2.232717e-02	2.014339e+00	4.739845e-05
1.264103e+03	1.984077e+00	2.411239e-02	1.992808e+00	4.750912e-05
1.264338e+03	2.002768e+00	2.250262e-02	1.993822e+00	4.762001e-05
1.264573e+03	2.010455e+00	2.218021e-02	2.038312e+00	4.773110e-05
1.264808e+03	2.019151e+00	2.203629e-02	2.064734e+00	4.784241e-05
1.265043e+03	2.034859e+00	2.201743e-02	2.078168e+00	4.795392e-05
1.265278e+03	2.077457e+00	2.201134e-02	2.095680e+00	4.806565e-05
1.265513e+03	2.089287e+00	2.209258e-02	2.099086e+00	4.817758e-05
1.265748e+03	nan	nan	2.078685e+00	4.828973e-05
1.265983e+03	2.039978e+00	2.377866e-02	2.041658e+00	4.840208e-05
1.266218e+03	2.020141e+00	2.193300e-02	2.022570e+00	4.851465e-05
1.266453e+03	2.044405e+00	2.139037e-02	2.048285e+00	4.862743e-05
1.266688e+03	2.065236e+00	2.114368e-02	2.086253e+00	4.874042e-05
1.266923e+03	2.066921e+00	2.013723e-02	2.088845e+00	4.885362e-05
1.267158e+03	2.088573e+00	1.965110e-02	2.078653e+00	4.896704e-05
1.267393e+03	2.105104e+00	1.993017e-02	2.061011e+00	4.908066e-05
1.267628e+03	2.099675e+00	2.044208e-02	2.044169e+00	4.919450e-05
1.267863e+03	2.070289e+00	2.041754e-02	2.026021e+00	4.930856e-05
1.268098e+03	2.026775e+00	2.035602e-02	1.975776e+00	4.942282e-05
1.268333e+03	2.006456e+00	1.975135e-02	1.954095e+00	4.953731e-05
1.268568e+03	2.059293e+00	1.989650e-02	2.018873e+00	4.965200e-05
1.268803e+03	2.071956e+00	2.011350e-02	2.069496e+00	4.976691e-05
1.269038e+03	2.087579e+00	2.087389e-02	2.075332e+00	4.988203e-05
1.269273e+03	2.095105e+00	2.071423e-02	2.073142e+00	4.999737e-05
1.269508e+03	2.089286e+00	2.018528e-02	2.079417e+00	5.011293e-05
1.269743e+03	2.085522e+00	2.029127e-02	2.064175e+00	5.022870e-05
1.269978e+03	2.055529e+00	2.038305e-02	2.047074e+00	5.034468e-05
1.270213e+03	2.042787e+00	2.024972e-02	2.054810e+00	5.046089e-05
1.270448e+03	2.052859e+00	2.041573e-02	2.066496e+00	5.057730e-05
1.270683e+03	2.053088e+00	2.132961e-02	2.046371e+00	5.069394e-05
1.270918e+03	2.071384e+00	2.253184e-02	2.033876e+00	5.081079e-05
1.271153e+03	2.076812e+00	2.290652e-02	2.046109e+00	5.092786e-05
1.271388e+03	2.063281e+00	2.314436e-02	2.065308e+00	5.104515e-05
1.271623e+03	2.040162e+00	2.304982e-02	2.091261e+00	5.116265e-05
1.271858e+03	2.080062e+00	2.323514e-02	2.101543e+00	5.128038e-05
1.272093e+03	2.087854e+00	2.160807e-02	2.093804e+00	5.139832e-05
1.272328e+03	2.084308e+00	2.084230e-02	2.090793e+00	5.151648e-05
1.272563e+03	2.088680e+00	2.094567e-02	2.107014e+00	5.163486e-05
1.272798e+03	2.102137e+00	2.093508e-02	2.109301e+00	5.175345e-05
1.273033e+03	nan	nan	2.082997e+00	5.187227e-05
1.273268e+03	nan	nan	2.072444e+00	5.199131e-05
1.273503e+03	2.068121e+00	2.101605e-02	2.086183e+00	5.211057e-05
1.273738e+03	2.047933e+00	2.080794e-02	2.078090e+00	5.223005e-05
1.273973e+03	2.023961e+00	2.080474e-02	2.044035e+00	5.234975e-05
1.274208e+03	1.990488e+00	2.013462e-02	2.018962e+00	5.246967e-05
1.274443e+03	2.010133e+00	1.998720e-02	2.021867e+00	5.258981e-05
1.274678e+03	2.045579e+00	2.002798e-02	2.037799e+00	5.271017e-05
1.274913e+03	2.076400e+00	2.019236e-02	2.053216e+00	5.283076e-05
1.275148e+03	2.113134e+00	2.034704e-02	2.070818e+00	5.295157e-05
1.275383e+03	2.088462e+00	2.001356e-02	2.074978e+00	5.307260e-05
1.275618e+03	2.059073e+00	2.015282e-02	2.064864e+00	5.319385e-05
1.275853e+03	2.065229e+00	2.086286e-02	2.069006e+00	5.331533e-05
1.276088e+03	2.100079e+00	2.073679e-02	2.084458e+00	5.343703e-05
1.276323e+03	2.116214e+00	2.013525e-02	2.106786e+00	5.355895e-05
1.276558e+03	nan	nan	2.107181e+00	5.368110e-05
1.276793e+03	nan	nan	2.090162e+00	5.380347e-05
1.277028e+03	2.098614e+00	2.004888e-02	2.087383e+00	5.392607e-05
1.277263e+03	2.124342e+00	2.001184e-02	2.096319e+00	5.404889e-05
1.277498e+03	2.143004e+00	1.993061e-02	2.113920e+00	5.417194e-05
1.277733e+03	2.141037e+00	1.995799e-02	2.119071e+00	5.429521e-05
1.277968e+03	2.103925e+00	1.981577e-02	2.102732e+00	5.441871e-05
1.278203e+03	2.090046e+00	2.046105e-02	2.105759e+00	5.454243e-05
1.278438e+03	2.087503e+00	1.695016e-02	2.093001e+00	5.466639e-05
1.278673e+03	2.035282e+00	1.711141e-02	2.074621e+00	5.479056e-05
1.278908e+03	2.053999e+00	1.763503e-02	2.073647e+00	5.491497e-05
1.279143e+03	2.105035e+00	1.751451e-02	2.103874e+00	5.503960e-05
1.279378e+03	2.136032e+00	1.772251e-02	2.115301e+00	5.516446e-05
1.279613e+03	2.149842e+00	1.783830e-02	2.106616e+00	5.528955e-05
1.279848e+03	2.144538e+00	1.787142e-02	2.097224e+00	5.541486e-05
1.280083e+03	2.119204e+00	1.805490e-02	2.082374e+00	5.554041e-05
1.280318e+03	2.107160e+00	1.796164e-02	2.072679e+00	5.566618e-05
1.280553e+03	2.115257e+00	1.927761e-02	2.071840e+00	5.579218e-05
1.280788e+03	2.120649e+00	2.125638e-02	2.075572e+00	5.591841e-05
1.281023e+03	2.128330e+00	2.248922e-02	2.092635e+00	5.604487e-05
1.281258e+03	2.125416e+00	2.388754e-02	2.105584e+00	5.617157e-05
1.281493e+03	2.098296e+00	2.234793e-02	2.097318e+00	5.629849e-05
1.281728e+03	2.113377e+00	2.352896e-02	2.081071e+00	5.642564e-05
1.281963e+03	2.147045e+00	2.409568e-02	2.073299e+00	5.655302e-05
1.282198e+03	2.177451e+00	2.747236e-02	2.070204e+00	5.668064e-05
1.282433e+03	2.126844e+00	3.066673e-02	2.038021e+00	5.680848e-05
1.282668e+03	2.054020e+00	3.058685e-02	2.020285e+00	5.693656e-05
1.282903e+03	2.092068e+00	3.313259e-02	2.045223e+00	5.706487e-05
1.283138e+03	2.098306e+00	3.447425e-02	2.042181e+00	5.719341e-05
1.283373e+03	2.028350e+00	3.352457e-02	2.011085e+00	5.732219e-05
1.283608e+03	2.039476e+00	3.285506e-02	2.022279e+00	5.745119e-05
1.283843e+03	2.106620e+00	3.251941e-02	2.063549e+00	5.758043e-05
1.284078e+03	2.078220e+00	2.840831e-02	2.080865e+00	5.770991e-05
1.284313e+03	2.079309e+00	2.415883e-02	2.083982e+00	5.783962e-05
1.284548e+03	nan	nan	2.083655e+00	5.796956e-05
1.284783e+03	nan	nan	2.067381e+00	5.809974e-05
1.285018e+03	2.063412e+00	2.047267e-02	2.040563e+00	5.823015e-05
1.285253e+03	2.092276e+00	2.032477e-02	2.060432e+00	5.836080e-05
1.285488e+03	2.112870e+00	2.041541e-02	2.101674e+00	5.849168e-05
1.285723e+03	2.062459e+00	2.000211e-02	2.101382e+00	5.862280e-05
1.285958e+03	2.016252e+00	1.962963e-02	2.048488e+00	5.875415e-05
1.286193e+03	1.967834e+00	1.941332e-02	1.995249e+00	5.888574e-05
1.286428e+03	2.046314e+00	2.349881e-02	1.997373e+00	5.901757e-05
1.286663e+03	2.052082e+00	2.015542e-02	2.031545e+00	5.914963e-05
1.286898e+03	2.061988e+00	1.998777e-02	2.060240e+00	5.928194e-05
1.287133e+03	2.113011e+00	2.023467e-02	2.092707e+00	5.941448e-05
1.287368e+03	2.149589e+00	2.032668e-02	2.108616e+00	5.954725e-05
1.287603e+03	2.120518e+00	1.999643e-02	2.087916e+00	5.968027e-05
1.287838e+03	2.066667e+00	1.955273e-02	2.075903e+00	5.981352e-05
1.288073e+03	2.026256e+00	1.940098e-02	2.082141e+00	5.994701e-05
1.288308e+03	2.006067e+00	1.914078e-02	2.053036e+00	6.008074e-05
1.288543e+03	2.031962e+00	1.907431e-02	2.019838e+00	6.021472e-05
1.288778e+03	2.055246e+00	1.928780e-02	2.031283e+00	6.034893e-05
1.289013e+03	2.083023e+00	1.983915e-02	2.057228e+00	6.048338e-05
1.289248e+03	2.115745e+00	2.020969e-02	2.069991e+00	6.061807e-05
1.289483e+03	2.137644e+00	2.075717e-02	2.074225e+00	6.075300e-05
1.289718e+03	2.149487e+00	2.059354e-02	2.087467e+00	6.088817e-05
1.289953e+03	2.123842e+00	1.995964e-02	2.098059e+00	6.102358e-05
1.290188e+03	2.028416e+00	1.973160e-02	2.099968e+00	6.115924e-05
1.290423e+03	2.009183e+00	1.950889e-02	2.105272e+00	6.129513e-05
1.290658e+03	2.061343e+00	1.986042e-02	2.099038e+00	6.143127e-05
1.290893e+03	2.083742e+00	2.031725e-02	2.075533e+00	6.156765e-05
1.291128e+03	2.057523e+00	2.078276e-02	2.051807e+00	6.170428e-05
1.291363e+03	2.097036e+00	2.331144e-02	2.037964e+00	6.184115e-05
1.291598e+03	nan	nan	2.042368e+00	6.197826e-05
1.291833e+03	2.062312e+00	1.980515e-02	2.064654e+00	6.211561e-05
1.292068e+03	2.039064e+00	2.034297e-02	2.072764e+00	6.225321e-05
1.292303e+03	2.078016e+00	2.087703e-02	2.052277e+00	6.239105e-05
1.292538e+03	2.104687e+00	2.103714e-02	2.034036e+00	6.252914e-05
1.292773e+03	2.071425e+00	1.956872e-02	2.040628e+00	6.266747e-05
1.293008e+03	2.070122e+00	1.803352e-02	2.055097e+00	6.280605e-05
1.293243e+03	2.074283e+00	1.929901e-02	2.075125e+00	6.294487e-05
1.293478e+03	2.065956e+00	2.104148e-02	2.104311e+00	6.308394e-05
1.293713e+03	2.118140e+00	2.102175e-02	2.109754e+00	6.322325e-05
1.293948e+03	2.121742e+00	2.013818e-02	2.107369e+00	6.336281e-05
1.294183e+03	2.118748e+00	1.956373e-02	2.120566e+00	6.350262e-05
1.294418e+03	2.097073e+00	1.907330e-02	2.109712e+00	6.364268e-05
1.294653e+03	2.061617e+00	1.988891e-02	2.060157e+00	6.378298e-05
1.294888e+03	2.089756e+00	2.009215e-02	2.031312e+00	6.392353e-05
1.295123e+03	2.165877e+00	2.082852e-02	2.059177e+00	6.406432e-05
1.295358e+03	2.181949e+00	2.110741e-02	2.099244e+00	6.420537e-05
1.295593e+03	2.117962e+00	2.005467e-02	2.101699e+00	6.434667e-05
1.295828e+03	2.103826e+00	1.880009e-02	2.101336e+00	6.448821e-05
1.296063e+03	2.089212e+00	1.870183e-02	2.112842e+00	6.463000e-05
1.296298e+03	2.072221e+00	1.866770e-02	2.110185e+00	6.477204e-05
1.296533e+03	2.099716e+00	1.834679e-02	2.091829e+00	6.491434e-05
1.296768e+03	2.085753e+00	1.760629e-02	2.072173e+00	6.505688e-05
1.297003e+03	2.078300e+00	1.754682e-02	2.065727e+00	6.519967e-05
1.297238e+03	2.070700e+00	1.760908e-02	2.069549e+00	6.534272e-05
1.297473e+03	2.084794e+00	1.775778e-02	2.078008e+00	6.548601e-05
1.297708e+03	2.098952e+00	1.845699e-02	2.086380e+00	6.562956e-05
1.297943e+03	2.077932e+00	1.925614e-02	2.091348e+00	6.577335e-05
1.298178e+03	2.075596e+00	1.863778e-02	2.094930e+00	6.591740e-05
1.298413e+03	2.077623e+00	1.774050e-02	2.092411e+00	6.606171e-05
1.298648e+03	2.100446e+00	1.735879e-02	2.078640e+00	6.620626e-05
1.298883e+03	2.136401e+00	1.748902e-02	2.047867e+00	6.635107e-05
1.299118e+03	2.153046e+00	1.802897e-02	2.022534e+00	6.649613e-05
1.299353e+03	2.114044e+00	1.856000e-02	2.037823e+00	6.664144e-05
1.299588e+03	2.125181e+00	1.968240e-02	2.066098e+00	6.678701e-05
1.299823e+03	2.156982e+00	2.013732e-02	2.079268e+00	6.693284e-05
1.300058e+03	2.109657e+00	2.005788e-02	2.081104e+00	6.707891e-05
1.300293e+03	2.061262e+00	1.972830e-02	2.082064e+00	6.722525e-05
1.300528e+03	2.073714e+00	1.965947e-02	2.100225e+00	6.737183e-05
1.300763e+03	2.108720e+00	1.959246e-02	2.107121e+00	6.751868e-05
1.300998e+03	2.076984e+00	1.896846e-02	2.071755e+00	6.766578e-05
1.301233e+03	2.023591e+00	1.811332e-02	2.033331e+00	6.781313e-05
1.301468e+03	2.047377e+00	1.801467e-02	2.037964e+00	6.796074e-05
1.301703e+03	2.112802e+00	1.844843e-02	2.071989e+00	6.810861e-05
1.301938e+03	2.140721e+00	1.873970e-02	2.106094e+00	6.825673e-05
1.302173e+03	2.089081e+00	1.865987e-02	2.119110e+00	6.840512e-05
1.302408e+03	2.041915e+00	1.814024e-02	2.106800e+00	6.855376e-05
1.302643e+03	2.080144e+00	1.785689e-02	2.087744e+00	6.870265e-05
1.302878e+03	2.110152e+00	1.766432e-02	2.078391e+00	6.885181e-05
1.303113e+03	2.098362e+00	1.785553e-02	2.077391e+00	6.900123e-05
1.303348e+03	2.096211e+00	1.794602e-02	2.064211e+00	6.915090e-05
1.303583e+03	2.090221e+00	1.790677e-02	2.062532e+00	6.930083e-05
1.303818e+03	2.124700e+00	1.929049e-02	2.096039e+00	6.945103e-05
1.304053e+03	nan	nan	2.118374e+00	6.960148e-05
1.304288e+03	2.096352e+00	1.908722e-02	2.110948e+00	6.975219e-05
1.304523e+03	2.088750e+00	1.937264e-02	2.106617e+00	6.990317e-05
1.304758e+03	nan	nan	2.107387e+00	7.005440e-05
1.304993e+03	2.102250e+00	2.042970e-02	2.098978e+00	7.020590e-05
1.305228e+03	2.114884e+00	1.971538e-02	2.085623e+00	7.035765e-05
1.305463e+03	2.134224e+00	2.039005e-02	2.076660e+00	7.050967e-05
1.305698e+03	2.120197e+00	2.137821e-02	2.078278e+00	7.066195e-05
1.305933e+03	2.073778e+00	2.131815e-02	2.086863e+00	7.081449e-05
1.306168e+03	2.074552e+00	2.179272e-02	2.086208e+00	7.096730e-05
1.306403e+03	2.090199e+00	2.183983e-02	2.068964e+00	7.112037e-05
1.306638e+03	2.100149e+00	2.183821e-02	2.057042e+00	7.127370e-05
1.306873e+03	2.079430e+00	2.178873e-02	2.031077e+00	7.142730e-05
1.307108e+03	2.058172e+00	2.164322e-02	2.009956e+00	7.158116e-05
1.307343e+03	2.079998e+00	2.182695e-02	2.028013e+00	7.173528e-05
1.307578e+03	2.105443e+00	2.246969e-02	2.054332e+00	7.188967e-05
1.307813e+03	2.071797e+00	2.291696e-02	2.053123e+00	7.204433e-05
1.308048e+03	2.011515e+00	2.168102e-02	2.025304e+00	7.219925e-05
1.308283e+03	2.021214e+00	2.041728e-02	2.012713e+00	7.235443e-05
1.308518e+03	2.070368e+00	1.789224e-02	2.019691e+00	7.250988e-05
1.308753e+03	2.088813e+00	2.225931e-02	2.040413e+00	7.266560e-05
1.308988e+03	2.103489e+00	2.169502e-02	2.037470e+00	7.282158e-05
1.309223e+03	2.089479e+00	1.827663e-02	1.998273e+00	7.297783e-05
1.309458e+03	2.072103e+00	1.815994e-02	1.972521e+00	7.313435e-05
1.309693e+03	2.035428e+00	1.774305e-02	1.969292e+00	7.329114e-05
1.309928e+03	1.988677e+00	1.676917e-02	1.984305e+00	7.344819e-05
1.310163e+03	nan	nan	2.024234e+00	7.360551e-05
1.310398e+03	2.167204e+00	3.193171e-02	2.058608e+00	7.376310e-05
1.310633e+03	nan	nan	2.056554e+00	7.392096e-05
1.310868e+03	2.157721e+00	8.945145e-02	2.059847e+00	7.407909e-05
1.311103e+03	2.042996e+00	1.767811e-02	2.074810e+00	7.423749e-05
1.311338e+03	nan	nan	2.064537e+00	7.439616e-05
1.311573e+03	nan	nan	2.045424e+00	7.455509e-05
1.311808e+03	nan	nan	2.037750e+00	7.471430e-05
1.312043e+03	nan	nan	2.048634e+00	7.487378e-05
1.312278e+03	nan	nan	2.046485e+00	7.503353e-05
1.312513e+03	nan	nan	1.988331e+00	7.519355e-05
1.312748e+03	nan	nan	1.934091e+00	7.535384e-05
1.312983e+03	nan	nan	1.947670e+00	7.551441e-05
1.313218e+03	nan	nan	1.990786e+00	7.567525e-05
1.313453e+03	2.086094e+00	1.698618e-02	2.023007e+00	7.583636e-05
1.313688e+03	2.107493e+00	1.747706e-02	2.025470e+00	7.599774e-05
1.313923e+03	2.107699e+00	1.826594e-02	2.017333e+00	7.615939e-05
1.314158e+03	2.065313e+00	1.922722e-02	2.009399e+00	7.632132e-05
1.314393e+03	2.091262e+00	1.948603e-02	2.003494e+00	7.648353e-05
1.314628e+03	2.017865e+00	1.796417e-02	2.013816e+00	7.664601e-05
1.314863e+03	2.024109e+00	1.702422e-02	2.032552e+00	7.680876e-05
1.315098e+03	2.137189e+00	2.138210e-02	2.031176e+00	7.697179e-05
1.315333e+03	1.989355e+00	1.832398e-02	1.982975e+00	7.713509e-05
1.315568e+03	1.989235e+00	1.679994e-02	1.936737e+00	7.729867e-05
1.315803e+03	1.996756e+00	1.675940e-02	1.941990e+00	7.746252e-05
1.316038e+03	2.040258e+00	1.720830e-02	1.984168e+00	7.762665e-05
1.316273e+03	2.027309e+00	2.087251e-02	2.031568e+00	7.779106e-05
1.316508e+03	2.024519e+00	2.206628e-02	2.055812e+00	7.795575e-05
1.316743e+03	2.166877e+00	2.693729e-02	2.052527e+00	7.812071e-05
1.316978e+03	nan	nan	2.039340e+00	7.828595e-05
1.317213e+03	2.038425e+00	1.929383e-02	2.032144e+00	7.845146e-05
1.317448e+03	2.038548e+00	2.054614e-02	2.033368e+00	7.861726e-05
1.317683e+03	2.038429e+00	2.071805e-02	2.015505e+00	7.878333e-05
1.317918e+03	2.004907e+00	2.072998e-02	1.966202e+00	7.894968e-05
1.318153e+03	1.999745e+00	2.144079e-02	1.943372e+00	7.911632e-05
1.318388e+03	2.055132e+00	2.210035e-02	1.971356e+00	7.928323e-05
1.318623e+03	nan	nan	1.999126e+00	7.945042e-05
1.318858e+03	nan	nan	2.013290e+00	7.961789e-05
1.319093e+03	2.122555e+00	2.243298e-02	2.031464e+00	7.978564e-05
1.319328e+03	2.089613e+00	2.301428e-02	2.027510e+00	7.995367e-05
1.319563e+03	2.051350e+00	2.493741e-02	2.010812e+00	8.012199e-05
1.319798e+03	2.084036e+00	2.571258e-02	2.018705e+00	8.029058e-05
1.320033e+03	2.039160e+00	2.529959e-02	2.009385e+00	8.045946e-05
1.320268e+03	1.967092e+00	2.438278e-02	1.988202e+00	8.062862e-05
1.320503e+03	1.989250e+00	2.446406e-02	2.005678e+00	8.079806e-05
1.320738e+03	2.012950e+00	2.375128e-02	2.015712e+00	8.096778e-05
1.320973e+03	2.013259e+00	2.136258e-02	2.003973e+00	8.113779e-05
1.321208e+03	1.999287e+00	1.926281e-02	1.996226e+00	8.130808e-05
1.321443e+03	1.999965e+00	1.704378e-02	1.971587e+00	8.147866e-05
1.321678e+03	2.041816e+00	1.618045e-02	1.955151e+00	8.164952e-05
1.321913e+03	2.059159e+00	1.607034e-02	1.962454e+00	8.182066e-05
1.322148e+03	2.037051e+00	1.601677e-02	1.960881e+00	8.199209e-05
1.322383e+03	2.057511e+00	1.611448e-02	1.976889e+00	8.216380e-05
1.322618e+03	2.128048e+00	1.649437e-02	2.011828e+00	8.233580e-05
1.322853e+03	2.134584e+00	1.647837e-02	2.012521e+00	8.250808e-05
1.323088e+03	2.035679e+00	1.612629e-02	1.980340e+00	8.268065e-05
1.323323e+03	1.986568e+00	1.599032e-02	1.963610e+00	8.285351e-05
1.323558e+03	1.982809e+00	1.601051e-02	1.964249e+00	8.302665e-05
1.323793e+03	1.971502e+00	1.611527e-02	1.946805e+00	8.320008e-05
1.324028e+03	1.957690e+00	1.593745e-02	1.928561e+00	8.337380e-05
1.324263e+03	2.053518e+00	1.627660e-02	1.966067e+00	8.354780e-05
1.324498e+03	2.107580e+00	1.648739e-02	2.012188e+00	8.372210e-05
1.324733e+03	2.065047e+00	1.608406e-02	1.991964e+00	8.389668e-05
1.324968e+03	1.977656e+00	1.560952e-02	1.934682e+00	8.407155e-05
1.325203e+03	1.918853e+00	1.557592e-02	1.879599e+00	8.424671e-05
1.325438e+03	1.891483e+00	1.652649e-02	1.852024e+00	8.442216e-05
1.325673e+03	1.941631e+00	2.462039e-02	1.884807e+00	8.459790e-05
1.325908e+03	nan	nan	1.934701e+00	8.477393e-05
1.326143e+03	2.104511e+00	9.779783e-02	1.954396e+00	8.495024e-05
1.326378e+03	nan	nan	1.974753e+00	8.512685e-05
1.326613e+03	2.152562e+00	1.549615e-01	1.963136e+00	8.530375e-05
1.326848e+03	2.014522e+00	1.364859e-01	1.884947e+00	8.548095e-05
1.327083e+03	1.925797e+00	9.743210e-02	1.814033e+00	8.565843e-05
1.327318e+03	1.990140e+00	5.060159e-02	1.859788e+00	8.583621e-05
1.327553e+03	2.041133e+00	2.491559e-02	1.944802e+00	8.601427e-05
1.327788e+03	2.012324e+00	1.688801e-02	1.940671e+00	8.619263e-05
1.328023e+03	1.950003e+00	1.585029e-02	1.890674e+00	8.637129e-05
1.328258e+03	1.919397e+00	1.590465e-02	1.877181e+00	8.655023e-05
1.328493e+03	nan	nan	1.909096e+00	8.672948e-05
1.328728e+03	1.997490e+00	1.633280e-02	1.922520e+00	8.690901e-05
1.328963e+03	1.955955e+00	1.668923e-02	1.894253e+00	8.708884e-05
1.329198e+03	1.886570e+00	1.644101e-02	1.866174e+00	8.726896e-05
1.329433e+03	1.834769e+00	1.622576e-02	1.839333e+00	8.744938e-05
1.329668e+03	1.797670e+00	1.591949e-02	1.819942e+00	8.763010e-05
1.329903e+03	1.801119e+00	1.596303e-02	1.823315e+00	8.781110e-05
1.330138e+03	1.846446e+00	1.619977e-02	1.841682e+00	8.799241e-05
1.330373e+03	1.871704e+00	1.641924e-02	1.856302e+00	8.817401e-05
1.330608e+03	1.889115e+00	1.659467e-02	1.847342e+00	8.835591e-05
1.330843e+03	1.898428e+00	1.687989e-02	1.834044e+00	8.853811e-05
1.331078e+03	1.861243e+00	1.671430e-02	1.804955e+00	8.872060e-05
1.331313e+03	1.790380e+00	1.660280e-02	1.741046e+00	8.890339e-05
1.331548e+03	1.731869e+00	1.632379e-02	1.703761e+00	8.908648e-05
1.331783e+03	1.701647e+00	1.624806e-02	1.665792e+00	8.926987e-05
1.332018e+03	1.613546e+00	1.591092e-02	1.601461e+00	8.945355e-05
1.332253e+03	1.519452e+00	1.537885e-02	1.542296e+00	8.963754e-05
1.332488e+03	1.488257e+00	1.514350e-02	1.492714e+00	8.982182e-05
1.332723e+03	1.605638e+00	1.562586e-02	1.559944e+00	9.000640e-05
1.332958e+03	1.772640e+00	1.640206e-02	1.685804e+00	9.019129e-05
1.333193e+03	1.778301e+00	1.646889e-02	1.712471e+00	9.037647e-05
1.333428e+03	1.722027e+00	1.828346e-02	1.707249e+00	9.056196e-05
1.333663e+03	nan	nan	1.732168e+00	9.074774e-05
1.333898e+03	1.765582e+00	1.671004e-02	1.680584e+00	9.093383e-05
1.334133e+03	1.579361e+00	1.585725e-02	1.550211e+00	9.112022e-05
1.334368e+03	1.519408e+00	1.563784e-02	1.472864e+00	9.130691e-05
1.334603e+03	1.419987e+00	1.523729e-02	1.367107e+00	9.149390e-05
1.334838e+03	1.245508e+00	1.440513e-02	1.203309e+00	9.168120e-05
1.335073e+03	1.238509e+00	1.431097e-02	1.185061e+00	9.186880e-05
1.335308e+03	1.335552e+00	1.487358e-02	1.281354e+00	9.205670e-05
1.335543e+03	1.376402e+00	1.509588e-02	1.320495e+00	9.224491e-05
1.335778e+03	1.374538e+00	1.510525e-02	1.312781e+00	9.243342e-05
1.336013e+03	1.442575e+00	1.553247e-02	1.371605e+00	9.262223e-05
1.336248e+03	1.549709e+00	1.600993e-02	1.475566e+00	9.281135e-05
1.336483e+03	1.487043e+00	1.567257e-02	1.445473e+00	9.300077e-05
1.336718e+03	1.476126e+00	1.566326e-02	1.396505e+00	9.319050e-05
1.336953e+03	1.450566e+00	1.553930e-02	1.390038e+00	9.338054e-05
1.337188e+03	1.308688e+00	1.493030e-02	1.291644e+00	9.357088e-05
1.337423e+03	1.293199e+00	1.465542e-02	1.261354e+00	9.376153e-05
1.337658e+03	1.424808e+00	1.549723e-02	1.361674e+00	9.395248e-05
1.337893e+03	1.473875e+00	1.569420e-02	1.418771e+00	9.414375e-05
1.338128e+03	1.483544e+00	1.578102e-02	1.423392e+00	9.433531e-05
1.338363e+03	1.495103e+00	1.590897e-02	1.441369e+00	9.452719e-05
1.338598e+03	1.508739e+00	1.588659e-02	1.460918e+00	9.471938e-05
1.338833e+03	1.549283e+00	1.616459e-02	1.480364e+00	9.491187e-05
1.339068e+03	1.534929e+00	1.813423e-02	1.463880e+00	9.510467e-05
1.339303e+03	1.442843e+00	1.756818e-02	1.408479e+00	9.529778e-05
1.339538e+03	nan	nan	1.441322e+00	9.549120e-05
1.339773e+03	1.589361e+00	1.569648e-02	1.515941e+00	9.568494e-05
1.340008e+03	1.545796e+00	3.040337e-02	1.448417e+00	9.587898e-05
1.340243e+03	1.487590e+00	3.032263e-02	1.409865e+00	9.607333e-05
1.340478e+03	1.529686e+00	3.040061e-02	1.436653e+00	9.626799e-05
1.340713e+03	1.479775e+00	1.598767e-02	1.444655e+00	9.646296e-05
1.340948e+03	1.486244e+00	1.577662e-02	1.459617e+00	9.665825e-05
1.341183e+03	1.486340e+00	1.575779e-02	1.473119e+00	9.685384e-05
1.341418e+03	1.482901e+00	1.572765e-02	1.451015e+00	9.704975e-05
1.341653e+03	1.405071e+00	1.551115e-02	1.369262e+00	9.724597e-05
1.341888e+03	1.328998e+00	1.526902e-02	1.311113e+00	9.744251e-05
1.342123e+03	nan	nan	1.314917e+00	9.763935e-05
1.342358e+03	1.313024e+00	1.531819e-02	1.312442e+00	9.783652e-05
1.342593e+03	1.334197e+00	1.539409e-02	1.302900e+00	9.803399e-05
1.342828e+03	1.292014e+00	1.522063e-02	1.256372e+00	9.823178e-05
1.343063e+03	1.218573e+00	1.494482e-02	1.229300e+00	9.842988e-05
1.343298e+03	nan	nan	1.270206e+00	9.862830e-05
1.343533e+03	nan	nan	1.378806e+00	9.882703e-05
1.343768e+03	1.476028e+00	1.571155e-02	1.432726e+00	9.902608e-05
1.344003e+03	1.421859e+00	1.545586e-02	1.392242e+00	9.922545e-05
1.344238e+03	1.427301e+00	1.568539e-02	1.381776e+00	9.942513e-05
1.344473e+03	1.372336e+00	1.728081e-02	1.315813e+00	9.962513e-05
1.344708e+03	1.216624e+00	1.495987e-02	1.212081e+00	9.982544e-05
1.344943e+03	1.290822e+00	1.493840e-02	1.285204e+00	1.000261e-04
1.345178e+03	1.435893e+00	1.653365e-02	1.423754e+00	1.002270e-04
1.345413e+03	1.420770e+00	1.659055e-02	1.432351e+00	1.004283e-04
1.345648e+03	1.396173e+00	1.536271e-02	1.396741e+00	1.006299e-04
1.345883e+03	1.487328e+00	1.515340e-02	1.440845e+00	1.008318e-04
1.346118e+03	1.568074e+00	1.556138e-02	1.482648e+00	1.010340e-04
1.346353e+03	1.452172e+00	1.524876e-02	1.390008e+00	1.012365e-04
1.346588e+03	1.292897e+00	1.455086e-02	1.263218e+00	1.014394e-04
1.346823e+03	1.268138e+00	1.415462e-02	1.260291e+00	1.016426e-04
1.347058e+03	1.385712e+00	1.434818e-02	1.358029e+00	1.018461e-04
1.347293e+03	1.421292e+00	1.453861e-02	1.395467e+00	1.020499e-04
1.347528e+03	1.377371e+00	1.461558e-02	1.336871e+00	1.022541e-04
1.347763e+03	1.281678e+00	1.429049e-02	1.256542e+00	1.024585e-04
1.347998e+03	1.262115e+00	1.417137e-02	1.233935e+00	1.026633e-04
1.348233e+03	1.315277e+00	1.433439e-02	1.283369e+00	1.028684e-04
1.348468e+03	1.369857e+00	1.453882e-02	1.354280e+00	1.030739e-04
1.348703e+03	1.487900e+00	1.487117e-02	1.453076e+00	1.032796e-04
1.348938e+03	1.443247e+00	1.468853e-02	1.439199e+00	1.034857e-04
1.349173e+03	1.429323e+00	1.466876e-02	1.424694e+00	1.036921e-04
1.349408e+03	1.475489e+00	1.491641e-02	1.464299e+00	1.038988e-04
1.349643e+03	1.504903e+00	1.495520e-02	1.459569e+00	1.041059e-04
1.349878e+03	1.436742e+00	1.470869e-02	1.401731e+00	1.043132e-04
1.350113e+03	1.303567e+00	1.437890e-02	1.286872e+00	1.045209e-04
1.350348e+03	1.184315e+00	1.400780e-02	1.151116e+00	1.047290e-04
1.350583e+03	1.120907e+00	1.391618e-02	1.103318e+00	1.049373e-04
1.350818e+03	1.220459e+00	1.462234e-02	1.189951e+00	1.051460e-04
1.351053e+03	1.390525e+00	1.507431e-02	1.357064e+00	1.053550e-04
1.351288e+03	nan	nan	1.404398e+00	1.055643e-04
1.351523e+03	1.331853e+00	1.522282e-02	1.322505e+00	1.057740e-04
1.351758e+03	1.271004e+00	1.540689e-02	1.279840e+00	1.059840e-04
1.351993e+03	1.271001e+00	1.527042e-02	1.301585e+00	1.061943e-04
1.352228e+03	1.265513e+00	1.496095e-02	1.303603e+00	1.064049e-04
1.352463e+03	1.230796e+00	1.453838e-02	1.262057e+00	1.066159e-04
1.352698e+03	1.227287e+00	1.425473e-02	1.258384e+00	1.068272e-04
1.352933e+03	1.285649e+00	1.443690e-02	1.319144e+00	1.070388e-04
1.353168e+03	1.352954e+00	1.468234e-02	1.383761e+00	1.072508e-04
1.353403e+03	1.402168e+00	1.486538e-02	1.400908e+00	1.074630e-04
1.353638e+03	1.329051e+00	1.478351e-02	1.304796e+00	1.076757e-04
1.353873e+03	1.237818e+00	1.455446e-02	1.204648e+00	1.078886e-04
1.354108e+03	1.221672e+00	1.450139e-02	1.178590e+00	1.081019e-04
1.354343e+03	1.220405e+00	1.454124e-02	1.215711e+00	1.083155e-04
1.354578e+03	1.212588e+00	1.453089e-02	1.259256e+00	1.085294e-04
1.354813e+03	1.197989e+00	1.542996e-02	1.258997e+00	1.087437e-04
1.355048e+03	nan	nan	1.275585e+00	1.089583e-04
1.355283e+03	1.327450e+00	1.495592e-02	1.334669e+00	1.091732e-04
1.355518e+03	1.346571e+00	1.505096e-02	1.343886e+00	1.093885e-04
1.355753e+03	1.230750e+00	1.517158e-02	1.271453e+00	1.096041e-04
1.355988e+03	1.243319e+00	1.543154e-02	1.305386e+00	1.098200e-04
1.356223e+03	1.353605e+00	1.597990e-02	1.389328e+00	1.100363e-04
1.356458e+03	1.333235e+00	1.593786e-02	1.368183e+00	1.102529e-04
1.356693e+03	1.360269e+00	1.595958e-02	1.357668e+00	1.104698e-04
1.356928e+03	1.356151e+00	1.597317e-02	1.359525e+00	1.106871e-04
1.357163e+03	1.333510e+00	1.613584e-02	1.356780e+00	1.109047e-04
1.357398e+03	1.329406e+00	1.624308e-02	1.350656e+00	1.111226e-04
1.357633e+03	nan	nan	1.289221e+00	1.113409e-04
1.357868e+03	nan	nan	1.264356e+00	1.115595e-04
1.358103e+03	1.338563e+00	1.619643e-02	1.296293e+00	1.117785e-04
1.358338e+03	1.299789e+00	1.569555e-02	1.282296e+00	1.119978e-04
1.358573e+03	nan	nan	1.243157e+00	1.122174e-04
1.358808e+03	1.236268e+00	1.535130e-02	1.231822e+00	1.124373e-04
1.359043e+03	1.254120e+00	1.519005e-02	1.253253e+00	1.126576e-04
1.359278e+03	1.254082e+00	1.514550e-02	1.275075e+00	1.128783e-04
1.359513e+03	1.146579e+00	1.465998e-02	1.200166e+00	1.130993e-04
1.359748e+03	nan	nan	1.155854e+00	1.133206e-04
1.359983e+03	nan	nan	1.271454e+00	1.135422e-04
1.360218e+03	1.362495e+00	1.554850e-02	1.371091e+00	1.137642e-04
1.360453e+03	1.380230e+00	1.577480e-02	1.377933e+00	1.139866e-04
1.360688e+03	1.348980e+00	1.589657e-02	1.351662e+00	1.142092e-04
1.360923e+03	1.325265e+00	1.594917e-02	1.321205e+00	1.144322e-04
1.361158e+03	1.290945e+00	1.570009e-02	1.280702e+00	1.146556e-04
1.361393e+03	1.246722e+00	1.554332e-02	1.242713e+00	1.148793e-04
1.361628e+03	1.177530e+00	1.530323e-02	1.203200e+00	1.151033e-04
1.361863e+03	1.126712e+00	1.527061e-02	1.169258e+00	1.153277e-04
1.362098e+03	1.137829e+00	1.515721e-02	1.151584e+00	1.155524e-04
1.362333e+03	1.112398e+00	1.460911e-02	1.127672e+00	1.157775e-04
1.362568e+03	nan	nan	1.176238e+00	1.160029e-04
1.362803e+03	nan	nan	1.235068e+00	1.162287e-04
1.363038e+03	1.222632e+00	1.616391e-02	1.245620e+00	1.164548e-04
1.363273e+03	1.254190e+00	1.475559e-02	1.267572e+00	1.166812e-04
1.363508e+03	1.323057e+00	1.492277e-02	1.307307e+00	1.169080e-04
1.363743e+03	1.359965e+00	1.455023e-02	1.323558e+00	1.171351e-04
1.363978e+03	1.371543e+00	1.435577e-02	1.322345e+00	1.173626e-04
1.364213e+03	1.304910e+00	1.413149e-02	1.270879e+00	1.175905e-04
1.364448e+03	1.215999e+00	1.399352e-02	1.190184e+00	1.178186e-04
1.364683e+03	1.156921e+00	1.385493e-02	1.137443e+00	1.180471e-04
1.364918e+03	1.156550e+00	1.402270e-02	1.148397e+00	1.182760e-04
1.365153e+03	1.263272e+00	1.478626e-02	1.253672e+00	1.185052e-04
1.365388e+03	1.335176e+00	1.518134e-02	1.346811e+00	1.187348e-04
1.365623e+03	1.344637e+00	1.577607e-02	1.368195e+00	1.189647e-04
1.365858e+03	1.383873e+00	1.684530e-02	1.361903e+00	1.191949e-04
1.366093e+03	1.368783e+00	1.704800e-02	1.316468e+00	1.194255e-04
1.366328e+03	1.296673e+00	1.676071e-02	1.249521e+00	1.196565e-04
1.366563e+03	1.255476e+00	1.639881e-02	1.205439e+00	1.198878e-04
1.366798e+03	1.241682e+00	1.609991e-02	1.205377e+00	1.201194e-04
1.367033e+03	1.263661e+00	1.621555e-02	1.255542e+00	1.203514e-04
1.367268e+03	1.290733e+00	1.641569e-02	1.295638e+00	1.205838e-04
1.367503e+03	1.272431e+00	1.581232e-02	1.276529e+00	1.208165e-04
1.367738e+03	1.249969e+00	1.516912e-02	1.249305e+00	1.210495e-04
1.367973e+03	1.264443e+00	1.506025e-02	1.242322e+00	1.212829e-04
1.368208e+03	1.305082e+00	1.527953e-02	1.266605e+00	1.215167e-04
1.368443e+03	1.306051e+00	1.546763e-02	1.255057e+00	1.217508e-04
1.368678e+03	1.240985e+00	1.522511e-02	1.215835e+00	1.219853e-04
1.368913e+03	1.252311e+00	1.531914e-02	1.237683e+00	1.222201e-04
1.369148e+03	1.281172e+00	1.630178e-02	1.273720e+00	1.224552e-04
1.369383e+03	1.267600e+00	1.499627e-02	1.261141e+00	1.226908e-04
1.369618e+03	1.252404e+00	1.474515e-02	1.252992e+00	1.229266e-04
1.369853e+03	1.273193e+00	1.478459e-02	1.268088e+00	1.231629e-04
1.370088e+03	1.264217e+00	1.483862e-02	1.251723e+00	1.233994e-04
1.370323e+03	1.251351e+00	1.486757e-02	1.231459e+00	1.236364e-04
1.370558e+03	1.257772e+00	1.492863e-02	1.230959e+00	1.238737e-04
1.370793e+03	1.205158e+00	1.481434e-02	1.190322e+00	1.241113e-04
1.371028e+03	1.133168e+00	1.485089e-02	1.142603e+00	1.243493e-04
1.371263e+03	1.143623e+00	1.506849e-02	1.144564e+00	1.245877e-04
1.371498e+03	1.149626e+00	1.505682e-02	1.153335e+00	1.248264e-04
1.371733e+03	1.194271e+00	1.512785e-02	1.197226e+00	1.250655e-04
1.371968e+03	1.278607e+00	1.526697e-02	1.265484e+00	1.253049e-04
1.372203e+03	1.296875e+00	1.496652e-02	1.283397e+00	1.255447e-04
1.372438e+03	1.252699e+00	1.462999e-02	1.267492e+00	1.257848e-04
1.372673e+03	1.270863e+00	1.490440e-02	1.264870e+00	1.260253e-04
1.372908e+03	1.263090e+00	1.512078e-02	1.249835e+00	1.262662e-04
1.373143e+03	1.213582e+00	1.459552e-02	1.226338e+00	1.265074e-04
1.373378e+03	1.235231e+00	1.451098e-02	1.251086e+00	1.267490e-04
1.373613e+03	1.235497e+00	1.467521e-02	1.258265e+00	1.269910e-04
1.373848e+03	1.165576e+00	1.456150e-02	1.203491e+00	1.272333e-04
1.374083e+03	1.143634e+00	1.454276e-02	1.177305e+00	1.274759e-04
1.374318e+03	1.162129e+00	1.459371e-02	1.216574e+00	1.277189e-04
1.374553e+03	1.166846e+00	1.453357e-02	1.279285e+00	1.279623e-04
1.374788e+03	1.212545e+00	1.471036e-02	1.301819e+00	1.282061e-04
1.375023e+03	1.248062e+00	1.610471e-02	1.282212e+00	1.284502e-04
1.375258e+03	1.256388e+00	1.727110e-02	1.286840e+00	1.286947e-04
1.375493e+03	1.291178e+00	1.770753e-02	1.318341e+00	1.289395e-04
1.375728e+03	nan	nan	1.297836e+00	1.291847e-04
1.375963e+03	nan	nan	1.251003e+00	1.294302e-04
1.376198e+03	1.215045e+00	1.707796e-02	1.245602e+00	1.296762e-04
1.376433e+03	1.247914e+00	1.733896e-02	1.264361e+00	1.299225e-04
1.376668e+03	1.238769e+00	1.765027e-02	1.260391e+00	1.301691e-04
1.376903e+03	1.219568e+00	1.754857e-02	1.249676e+00	1.304161e-04
1.377138e+03	1.251947e+00	1.793103e-02	1.292005e+00	1.306635e-04
1.377373e+03	nan	nan	1.329571e+00	1.309113e-04
1.377608e+03	1.274358e+00	2.818094e-02	1.331761e+00	1.311594e-04
1.377843e+03	1.299789e+00	1.729401e-02	1.312814e+00	1.314079e-04
1.378078e+03	1.258150e+00	1.700166e-02	1.270798e+00	1.316567e-04
1.378313e+03	1.217456e+00	1.640009e-02	1.253540e+00	1.319059e-04
1.378548e+03	1.180262e+00	1.505448e-02	1.244580e+00	1.321555e-04
1.378783e+03	1.182690e+00	1.406668e-02	1.219359e+00	1.324054e-04
1.379018e+03	1.181491e+00	1.394098e-02	1.217868e+00	1.326558e-04
1.379253e+03	1.250064e+00	1.517359e-02	1.247514e+00	1.329064e-04
1.379488e+03	1.274812e+00	1.407765e-02	1.279383e+00	1.331575e-04
1.379723e+03	1.272114e+00	1.415147e-02	1.303105e+00	1.334089e-04
1.379958e+03	1.290065e+00	1.430438e-02	1.327765e+00	1.336607e-04
1.380193e+03	1.348641e+00	1.420871e-02	1.354366e+00	1.339129e-04
1.380428e+03	1.335855e+00	1.396099e-02	1.315569e+00	1.341654e-04
1.380663e+03	1.277014e+00	1.390183e-02	1.260399e+00	1.344183e-04
1.380898e+03	1.308550e+00	1.395784e-02	1.276374e+00	1.346716e-04
1.381133e+03	nan	nan	1.278890e+00	1.349252e-04
1.381368e+03	nan	nan	1.317640e+00	1.351793e-04
1.381603e+03	1.352195e+00	1.417642e-02	1.390617e+00	1.354336e-04
1.381838e+03	1.396436e+00	1.430762e-02	1.412529e+00	1.356884e-04
1.382073e+03	1.382285e+00	1.439408e-02	1.371108e+00	1.359435e-04
1.382308e+03	1.304185e+00	1.440060e-02	1.281946e+00	1.361990e-04
1.382543e+03	nan	nan	1.173847e+00	1.364549e-04
1.382778e+03	1.130694e+00	1.394340e-02	1.137845e+00	1.367112e-04
1.383013e+03	1.206367e+00	1.421530e-02	1.188971e+00	1.369678e-04
1.383248e+03	1.285691e+00	1.434122e-02	1.252401e+00	1.372248e-04
1.383483e+03	1.297678e+00	1.457830e-02	1.302780e+00	1.374822e-04
1.383718e+03	1.220640e+00	2.469892e-02	1.329360e+00	1.377399e-04
1.383953e+03	1.312208e+00	1.574389e-02	1.336339e+00	1.379981e-04
1.384188e+03	1.332559e+00	1.604576e-02	1.330708e+00	1.382566e-04
1.384423e+03	1.295916e+00	1.585247e-02	1.311795e+00	1.385155e-04
1.384658e+03	1.310613e+00	1.596757e-02	1.308594e+00	1.387747e-04
1.384893e+03	1.297085e+00	1.589879e-02	1.284771e+00	1.390343e-04
1.385128e+03	1.280160e+00	1.561277e-02	1.284658e+00	1.392944e-04
1.385363e+03	1.347559e+00	1.595609e-02	1.333889e+00	1.395547e-04
1.385598e+03	1.317980e+00	1.593034e-02	1.309398e+00	1.398155e-04
1.385833e+03	1.214454e+00	1.527985e-02	1.227870e+00	1.400767e-04
1.386068e+03	1.277967e+00	1.851868e-02	1.231112e+00	1.403382e-04
1.386303e+03	1.290873e+00	1.580492e-02	1.262991e+00	1.406001e-04
1.386538e+03	1.281483e+00	1.552690e-02	1.258420e+00	1.408624e-04
1.386773e+03	1.287342e+00	1.532560e-02	1.298325e+00	1.411250e-04
1.387008e+03	1.315349e+00	1.513039e-02	1.338673e+00	1.413881e-04
1.387243e+03	1.361465e+00	1.509652e-02	1.372249e+00	1.416515e-04
1.387478e+03	nan	nan	1.387473e+00	1.419153e-04
1.387713e+03	nan	nan	1.342301e+00	1.421795e-04
1.387948e+03	1.248078e+00	1.477571e-02	1.236660e+00	1.424441e-04
1.388183e+03	1.141585e+00	1.458028e-02	1.156717e+00	1.427090e-04
1.388418e+03	nan	nan	1.210383e+00	1.429743e-04
1.388653e+03	1.272711e+00	1.519537e-02	1.287745e+00	1.432401e-04
1.388888e+03	1.331714e+00	1.536941e-02	1.331113e+00	1.435062e-04
1.389123e+03	nan	nan	1.365324e+00	1.437726e-04
1.389358e+03	nan	nan	1.358590e+00	1.440395e-04
1.389593e+03	1.301306e+00	1.508267e-02	1.259509e+00	1.443067e-04
1.389828e+03	1.213511e+00	1.478212e-02	1.189808e+00	1.445744e-04
1.390063e+03	1.221060e+00	1.475084e-02	1.193299e+00	1.448424e-04
1.390298e+03	1.229891e+00	1.467379e-02	1.216697e+00	1.451108e-04
1.390533e+03	1.199381e+00	1.446588e-02	1.177192e+00	1.453796e-04
1.390768e+03	1.116219e+00	1.412819e-02	1.102146e+00	1.456488e-04
1.391003e+03	nan	nan	1.096964e+00	1.459183e-04
1.391238e+03	nan	nan	1.174522e+00	1.461883e-04
1.391473e+03	1.216989e+00	1.435813e-02	1.214634e+00	1.464586e-04
1.391708e+03	1.179222e+00	1.415958e-02	1.206829e+00	1.467293e-04
1.391943e+03	1.165716e+00	1.405964e-02	1.211838e+00	1.470005e-04
1.392178e+03	1.196975e+00	1.406580e-02	1.224199e+00	1.472720e-04
1.392413e+03	1.171409e+00	1.388454e-02	1.203240e+00	1.475438e-04
1.392648e+03	1.130243e+00	1.379533e-02	1.136525e+00	1.478161e-04
1.392883e+03	1.146249e+00	1.387427e-02	1.157702e+00	1.480888e-04
1.393118e+03	1.231936e+00	1.424691e-02	1.222776e+00	1.483618e-04
1.393353e+03	1.244397e+00	1.415269e-02	1.228031e+00	1.486353e-04
1.393588e+03	1.206757e+00	1.395551e-02	1.187721e+00	1.489091e-04
1.393823e+03	1.173906e+00	1.404721e-02	1.188683e+00	1.491834e-04
1.394058e+03	1.223063e+00	1.431932e-02	1.218640e+00	1.494580e-04
1.394293e+03	1.275273e+00	1.452715e-02	1.273371e+00	1.497330e-04
1.394528e+03	1.299845e+00	1.460308e-02	1.280681e+00	1.500084e-04
1.394763e+03	1.271089e+00	1.451289e-02	1.237444e+00	1.502842e-04
1.394998e+03	1.251549e+00	1.446251e-02	1.209904e+00	1.505604e-04
1.395233e+03	1.210207e+00	1.448073e-02	1.175739e+00	1.508369e-04
1.395468e+03	1.149821e+00	1.415193e-02	1.153601e+00	1.511139e-04
1.395703e+03	1.161109e+00	1.376245e-02	1.161390e+00	1.513913e-04
1.395938e+03	1.292038e+00	1.432492e-02	1.275052e+00	1.516690e-04
1.396173e+03	1.356278e+00	1.462319e-02	1.323806e+00	1.519472e-04
1.396408e+03	1.283123e+00	1.449808e-02	1.246786e+00	1.522257e-04
1.396643e+03	1.246966e+00	1.414479e-02	1.221894e+00	1.525047e-04
1.396878e+03	1.173119e+00	1.684714e-02	1.224648e+00	1.527840e-04
1.397113e+03	1.158047e+00	1.628922e-02	1.197050e+00	1.530638e-04
1.397348e+03	1.178299e+00	1.412170e-02	1.182784e+00	1.533439e-04
1.397583e+03	nan	nan	1.183224e+00	1.536244e-04
1.397818e+03	1.193437e+00	1.467708e-02	1.177346e+00	1.539053e-04
1.398053e+03	1.165339e+00	1.408810e-02	1.156013e+00	1.541867e-04
1.398288e+03	1.137007e+00	1.404669e-02	1.132925e+00	1.544684e-04
1.398523e+03	1.121647e+00	1.400935e-02	1.112241e+00	1.547505e-04
1.398758e+03	1.113061e+00	1.396085e-02	1.108756e+00	1.550330e-04
1.398993e+03	1.173830e+00	1.415871e-02	1.170268e+00	1.553159e-04
1.399228e+03	1.228439e+00	1.437513e-02	1.226930e+00	1.555992e-04
1.399463e+03	1.184241e+00	1.419604e-02	1.190423e+00	1.558829e-04
1.399698e+03	1.155775e+00	1.407691e-02	1.140941e+00	1.561671e-04
1.399933e+03	1.138817e+00	1.404164e-02	1.138921e+00	1.564516e-04
1.400168e+03	1.187628e+00	1.418251e-02	1.197752e+00	1.567365e-04
1.400403e+03	1.217959e+00	1.428756e-02	1.210091e+00	1.570218e-04
1.400638e+03	1.133559e+00	1.410776e-02	1.147448e+00	1.573075e-04
1.400873e+03	1.100476e+00	1.397189e-02	1.120340e+00	1.575936e-04
1.401108e+03	1.088475e+00	1.393953e-02	1.120753e+00	1.578801e-04
1.401343e+03	1.121184e+00	1.402522e-02	1.132326e+00	1.581671e-04
1.401578e+03	1.138776e+00	1.403689e-02	1.155379e+00	1.584544e-04
1.401813e+03	1.208727e+00	1.426323e-02	1.219503e+00	1.587421e-04
1.402048e+03	nan	nan	1.240837e+00	1.590302e-04
1.402283e+03	nan	nan	1.196319e+00	1.593188e-04
1.402518e+03	nan	nan	1.155179e+00	1.596077e-04
1.402753e+03	nan	nan	1.165973e+00	1.598971e-04
1.402988e+03	nan	nan	1.196602e+00	1.601868e-04
1.403223e+03	1.190997e+00	1.546950e-02	1.220731e+00	1.604770e-04
1.403458e+03	1.240585e+00	1.556730e-02	1.258496e+00	1.607675e-04
1.403693e+03	1.216246e+00	1.542513e-02	1.243860e+00	1.610585e-04
1.403928e+03	1.129871e+00	1.504313e-02	1.171108e+00	1.613499e-04
1.404163e+03	1.096098e+00	1.500744e-02	1.129727e+00	1.616416e-04
1.404398e+03	1.084556e+00	1.485825e-02	1.129217e+00	1.619338e-04
1.404633e+03	1.168330e+00	1.525274e-02	1.181928e+00	1.622264e-04
1.404868e+03	1.141326e+00	1.511238e-02	1.192434e+00	1.625194e-04
1.405103e+03	1.107226e+00	1.549448e-02	1.137268e+00	1.628128e-04
1.405338e+03	1.128920e+00	1.568383e-02	1.153479e+00	1.631066e-04
1.405573e+03	1.172944e+00	1.562502e-02	1.198041e+00	1.634008e-04
1.405808e+03	nan	nan	1.235560e+00	1.636955e-04
1.406043e+03	1.280849e+00	1.512532e-02	1.280453e+00	1.639905e-04
1.406278e+03	1.299723e+00	1.487697e-02	1.280569e+00	1.642860e-04
1.406513e+03	1.255128e+00	1.477478e-02	1.224961e+00	1.645818e-04
1.406748e+03	1.171717e+00	1.488841e-02	1.131550e+00	1.648781e-04
1.406983e+03	1.120693e+00	1.489771e-02	1.074663e+00	1.651748e-04
1.407218e+03	1.121726e+00	1.435958e-02	1.081631e+00	1.654719e-04
1.407453e+03	1.157632e+00	1.422534e-02	1.127047e+00	1.657694e-04
1.407688e+03	1.187790e+00	1.419269e-02	1.167475e+00	1.660673e-04
1.407923e+03	nan	nan	1.186068e+00	1.663657e-04
1.408158e+03	nan	nan	1.158652e+00	1.666644e-04
1.408393e+03	1.120148e+00	1.430862e-02	1.114317e+00	1.669636e-04
1.408628e+03	1.091993e+00	1.409662e-02	1.103737e+00	1.672631e-04
1.408863e+03	1.075438e+00	1.394684e-02	1.078963e+00	1.675631e-04
1.409098e+03	1.093812e+00	1.381682e-02	1.090770e+00	1.678635e-04
1.409333e+03	1.124913e+00	1.408564e-02	1.136686e+00	1.681643e-04
1.409568e+03	1.124059e+00	1.421448e-02	1.150255e+00	1.684656e-04
1.409803e+03	1.166971e+00	1.435579e-02	1.174522e+00	1.687672e-04
1.410038e+03	1.194850e+00	1.437858e-02	1.190562e+00	1.690693e-04
1.410273e+03	1.141971e+00	1.391312e-02	1.130409e+00	1.693718e-04
1.410508e+03	1.082805e+00	1.361907e-02	1.073069e+00	1.696747e-04
1.410743e+03	1.114853e+00	1.363951e-02	1.102565e+00	1.699780e-04
1.410978e+03	1.165475e+00	1.392168e-02	1.162635e+00	1.702817e-04
1.411213e+03	1.129876e+00	1.439634e-02	1.127211e+00	1.705859e-04
1.411448e+03	1.004366e+00	1.420388e-02	1.034862e+00	1.708904e-04
1.411683e+03	1.002748e+00	3.293139e-02	1.030396e+00	1.711954e-04
1.411918e+03	1.105737e+00	1.432987e-02	1.071893e+00	1.715008e-04
1.412153e+03	nan	nan	1.046406e+00	1.718066e-04
1.412388e+03	9.961769e-01	1.395777e-02	9.888749e-01	1.721129e-04
1.412623e+03	1.069036e+00	1.472955e-02	1.068444e+00	1.724195e-04
1.412858e+03	1.164326e+00	1.517201e-02	1.170450e+00	1.727266e-04
1.413093e+03	1.197156e+00	1.549570e-02	1.198362e+00	1.730341e-04
1.413328e+03	1.167337e+00	1.542392e-02	1.163136e+00	1.733420e-04
1.413563e+03	1.138728e+00	1.513466e-02	1.136995e+00	1.736504e-04
1.413798e+03	1.180093e+00	1.542108e-02	1.172607e+00	1.739591e-04
1.414033e+03	1.156031e+00	1.560920e-02	1.140723e+00	1.742683e-04
1.414268e+03	1.041204e+00	1.504561e-02	1.052436e+00	1.745779e-04
1.414503e+03	1.004983e+00	1.543234e-02	1.011454e+00	1.748880e-04
1.414738e+03	9.491095e-01	1.511041e-02	9.676672e-01	1.751984e-04
1.414973e+03	1.000700e+00	1.551353e-02	1.009142e+00	1.755093e-04
1.415208e+03	1.087016e+00	1.660721e-02	1.112718e+00	1.758206e-04
1.415443e+03	1.143935e+00	1.817175e-02	1.184033e+00	1.761323e-04
1.415678e+03	1.144894e+00	1.851337e-02	1.175829e+00	1.764445e-04
1.415913e+03	1.104509e+00	1.901826e-02	1.119210e+00	1.767571e-04
1.416148e+03	1.071021e+00	2.414402e-02	1.088819e+00	1.770701e-04
1.416383e+03	1.101530e+00	2.677710e-02	1.121929e+00	1.773835e-04
1.416618e+03	1.070453e+00	2.738778e-02	1.112982e+00	1.776973e-04
1.416853e+03	9.964031e-01	2.673353e-02	1.028879e+00	1.780116e-04
1.417088e+03	9.968831e-01	2.715159e-02	1.000716e+00	1.783263e-04
1.417323e+03	1.043700e+00	3.137166e-02	1.041732e+00	1.786415e-04
1.417558e+03	1.012785e+00	3.197038e-02	1.021179e+00	1.789570e-04
1.417793e+03	9.870179e-01	3.309687e-02	9.856924e-01	1.792730e-04
1.418028e+03	9.833853e-01	3.627706e-02	9.903014e-01	1.795894e-04
1.418263e+03	1.000084e+00	3.748551e-02	1.007873e+00	1.799063e-04
1.418498e+03	1.060116e+00	4.221652e-02	1.061280e+00	1.802236e-04
1.418733e+03	1.083265e+00	4.560572e-02	1.083804e+00	1.805413e-04
1.418968e+03	9.964691e-01	5.298910e-02	9.961532e-01	1.808594e-04
1.419203e+03	nan	nan	9.495494e-01	1.811780e-04
1.419438e+03	nan	nan	9.833457e-01	1.814970e-04
1.419673e+03	nan	nan	1.068746e+00	1.818164e-04
1.419908e+03	nan	nan	1.109829e+00	1.821362e-04
1.420143e+03	nan	nan	1.112284e+00	1.824565e-04
1.420378e+03	nan	nan	1.138438e+00	1.827773e-04
1.420613e+03	nan	nan	1.121238e+00	1.830984e-04
1.420848e+03	nan	nan	1.135243e+00	1.834200e-04
1.421083e+03	nan	nan	1.156210e+00	1.837420e-04
1.421318e+03	nan	nan	1.109485e+00	1.840645e-04
1.421553e+03	nan	nan	1.040757e+00	1.843874e-04
1.421788e+03	nan	nan	1.025178e+00	1.847107e-04
1.422023e+03	nan	nan	1.053847e+00	1.850344e-04
1.422258e+03	nan	nan	1.102435e+00	1.853586e-04
1.422493e+03	nan	nan	1.110641e+00	1.856832e-04
1.422728e+03	nan	nan	1.124338e+00	1.860083e-04
1.422963e+03	nan	nan	1.129285e+00	1.863338e-04
1.423198e+03	nan	nan	1.062586e+00	1.866597e-04
1.423433e+03	nan	nan	1.022679e+00	1.869861e-04
1.423668e+03	nan	nan	1.027190e+00	1.873129e-04
1.423903e+03	nan	nan	9.696066e-01	1.876402e-04
1.424138e+03	nan	nan	9.636148e-01	1.879678e-04
1.424373e+03	nan	nan	1.037613e+00	1.882960e-04
1.424608e+03	nan	nan	1.108691e+00	1.886245e-04
1.424843e+03	nan	nan	1.106392e+00	1.889535e-04
1.425078e+03	nan	nan	1.041151e+00	1.892830e-04
1.425313e+03	nan	nan	1.019392e+00	1.896128e-04
1.425548e+03	nan	nan	1.043670e+00	1.899431e-04
1.425783e+03	nan	nan	1.044175e+00	1.902739e-04
1.426018e+03	nan	nan	9.961288e-01	1.906051e-04
1.426253e+03	nan	nan	9.872797e-01	1.909367e-04
1.426488e+03	nan	nan	1.055533e+00	1.912688e-04
1.426723e+03	nan	nan	1.084619e+00	1.916013e-04
1.426958e+03	nan	nan	1.040915e+00	1.919343e-04
1.427193e+03	nan	nan	1.040625e+00	1.922677e-04
1.427428e+03	nan	nan	1.053172e+00	1.926016e-04
1.427663e+03	nan	nan	1.065044e+00	1.929359e-04
1.427898e+03	nan	nan	1.108012e+00	1.932706e-04
1.428133e+03	nan	nan	1.071751e+00	1.936058e-04
1.428368e+03	nan	nan	9.899794e-01	1.939414e-04
1.428603e+03	nan	nan	9.524461e-01	1.942775e-04
1.428838e+03	nan	nan	9.221338e-01	1.946140e-04
1.429073e+03	nan	nan	9.344077e-01	1.949510e-04
1.429308e+03	nan	nan	1.011213e+00	1.952884e-04
1.429543e+03	nan	nan	1.084169e+00	1.956262e-04
1.429778e+03	nan	nan	1.134247e+00	1.959645e-04
1.430013e+03	nan	nan	1.123565e+00	1.963033e-04
1.430248e+03	nan	nan	1.159030e+00	1.966425e-04
1.430483e+03	nan	nan	1.220154e+00	1.969821e-04
1.430718e+03	nan	nan	1.197321e+00	1.973222e-04
1.430953e+03	nan	nan	1.113472e+00	1.976627e-04
1.431188e+03	nan	nan	1.075842e+00	1.980037e-04
1.431423e+03	nan	nan	1.072387e+00	1.983452e-04
1.431658e+03	nan	nan	1.027505e+00	1.986871e-04
1.431893e+03	nan	nan	9.939055e-01	1.990294e-04
1.432128e+03	nan	nan	1.017804e+00	1.993722e-04
1.432363e+03	nan	nan	1.040974e+00	1.997154e-04
1.432598e+03	nan	nan	1.042023e+00	2.000591e-04
1.432833e+03	nan	nan	1.056440e+00	2.004032e-04
1.433068e+03	nan	nan	1.089503e+00	2.007478e-04
1.433303e+03	nan	nan	1.117224e+00	2.010929e-04
1.433538e+03	nan	nan	1.092581e+00	2.014384e-04
1.433773e+03	nan	nan	1.030161e+00	2.017843e-04
1.434008e+03	nan	nan	9.968047e-01	2.021307e-04
1.434243e+03	nan	nan	9.937420e-01	2.024776e-04
1.434478e+03	nan	nan	1.046307e+00	2.028249e-04
1.434713e+03	nan	nan	1.107891e+00	2.031727e-04
1.434948e+03	nan	nan	1.101649e+00	2.035209e-04
1.435183e+03	nan	nan	1.075440e+00	2.038696e-04
1.435418e+03	nan	nan	1.066124e+00	2.042187e-04
1.435653e+03	nan	nan	1.055939e+00	2.045683e-04
1.435888e+03	nan	nan	1.042103e+00	2.049183e-04
1.436123e+03	nan	nan	1.062554e+00	2.052688e-04
1.436358e+03	nan	nan	1.092400e+00	2.056198e-04
1.436593e+03	nan	nan	1.074782e+00	2.059712e-04
1.436828e+03	nan	nan	1.037104e+00	2.063231e-04
1.437063e+03	nan	nan	1.038185e+00	2.066754e-04
1.437298e+03	nan	nan	1.071486e+00	2.070282e-04
1.437533e+03	nan	nan	1.109722e+00	2.073814e-04
1.437768e+03	nan	nan	1.095455e+00	2.077352e-04
1.438003e+03	nan	nan	1.037654e+00	2.080893e-04
1.438238e+03	nan	nan	1.063529e+00	2.084439e-04
1.438473e+03	nan	nan	1.150202e+00	2.087990e-04
1.438708e+03	nan	nan	1.198066e+00	2.091546e-04
1.438943e+03	nan	nan	1.174898e+00	2.095106e-04
1.439178e+03	nan	nan	1.085498e+00	2.098671e-04
1.439413e+03	nan	nan	1.004038e+00	2.102240e-04
1.439648e+03	nan	nan	9.846736e-01	2.105814e-04
1.439883e+03	nan	nan	1.055465e+00	2.109392e-04
1.440118e+03	nan	nan	1.135923e+00	2.112976e-04
1.440353e+03	nan	nan	1.139305e+00	2.116563e-04
1.440588e+03	nan	nan	1.102349e+00	2.120156e-04
1.440823e+03	nan	nan	1.048094e+00	2.123753e-04
1.441058e+03	nan	nan	1.000924e+00	2.127355e-04
1.441293e+03	nan	nan	1.024616e+00	2.130961e-04
1.441528e+03	nan	nan	1.066709e+00	2.134572e-04
1.441763e+03	nan	nan	1.078762e+00	2.138188e-04
1.441998e+03	nan	nan	1.080740e+00	2.141808e-04
1.442233e+03	nan	nan	1.055959e+00	2.145433e-04
1.442468e+03	nan	nan	1.051113e+00	2.149063e-04
1.442703e+03	nan	nan	1.090169e+00	2.152697e-04
1.442938e+03	nan	nan	1.133529e+00	2.156336e-04
1.443173e+03	nan	nan	1.155247e+00	2.159980e-04
1.443408e+03	nan	nan	1.172810e+00	2.163629e-04
1.443643e+03	nan	nan	1.172084e+00	2.167282e-04
1.443878e+03	nan	nan	1.103421e+00	2.170939e-04
1.444113e+03	nan	nan	1.046894e+00	2.174602e-04
1.444348e+03	nan	nan	1.028923e+00	2.178269e-04
1.444583e+03	nan	nan	1.044997e+00	2.181941e-04
1.444818e+03	nan	nan	1.069809e+00	2.185617e-04
1.445053e+03	nan	nan	1.062256e+00	2.189299e-04
1.445288e+03	nan	nan	1.041869e+00	2.192985e-04
1.445523e+03	nan	nan	1.044298e+00	2.196675e-04
1.445758e+03	nan	nan	1.085009e+00	2.200371e-04
1.445993e+03	nan	nan	1.111092e+00	2.204071e-04
1.446228e+03	nan	nan	1.121213e+00	2.207776e-04
1.446463e+03	nan	nan	1.121119e+00	2.211485e-04
1.446698e+03	nan	nan	1.084914e+00	2.215200e-04
1.446933e+03	nan	nan	1.055990e+00	2.218919e-04
1.447168e+03	nan	nan	1.061966e+00	2.222642e-04
1.447403e+03	nan	nan	1.077129e+00	2.226371e-04
1.447638e+03	nan	nan	1.076510e+00	2.230104e-04
1.447873e+03	nan	nan	1.060153e+00	2.233842e-04
1.448108e+03	nan	nan	1.081058e+00	2.237585e-04
1.448343e+03	nan	nan	1.138303e+00	2.241333e-04
1.448578e+03	nan	nan	1.158661e+00	2.245085e-04
1.448813e+03	nan	nan	1.139272e+00	2.248842e-04
1.449048e+03	nan	nan	1.142636e+00	2.252604e-04
1.449283e+03	nan	nan	1.178666e+00	2.256370e-04
1.449518e+03	nan	nan	1.181120e+00	2.260142e-04
1.449753e+03	nan	nan	1.127238e+00	2.263918e-04
1.449988e+03	nan	nan	1.083496e+00	2.267699e-04
1.450223e+03	nan	nan	1.075629e+00	2.271485e-04
1.450458e+03	nan	nan	1.058474e+00	2.275275e-04
1.450693e+03	nan	nan	1.030575e+00	2.279070e-04
1.450928e+03	nan	nan	9.891980e-01	2.282871e-04
1.451163e+03	nan	nan	1.007740e+00	2.286676e-04
1.451398e+03	nan	nan	1.117405e+00	2.290485e-04
1.451633e+03	nan	nan	1.219801e+00	2.294300e-04
1.451868e+03	nan	nan	1.236193e+00	2.298119e-04
1.452103e+03	nan	nan	1.191153e+00	2.301943e-04
1.452338e+03	nan	nan	1.154436e+00	2.305772e-04
1.452573e+03	nan	nan	1.145049e+00	2.309606e-04
1.452808e+03	nan	nan	1.174351e+00	2.313445e-04
1.453043e+03	nan	nan	1.162396e+00	2.317288e-04
1.453278e+03	nan	nan	1.093687e+00	2.321137e-04
1.453513e+03	nan	nan	1.052907e+00	2.324990e-04
1.453748e+03	nan	nan	1.045416e+00	2.328848e-04
1.453983e+03	nan	nan	1.064671e+00	2.332711e-04
1.454218e+03	nan	nan	1.071877e+00	2.336578e-04
1.454453e+03	nan	nan	1.073691e+00	2.340451e-04
1.454688e+03	nan	nan	1.137915e+00	2.344328e-04
1.454923e+03	nan	nan	1.218638e+00	2.348211e-04
1.455158e+03	nan	nan	1.254824e+00	2.352098e-04
1.455393e+03	nan	nan	1.209869e+00	2.355990e-04
1.455628e+03	nan	nan	1.126124e+00	2.359887e-04
1.455863e+03	nan	nan	1.077077e+00	2.363788e-04
1.456098e+03	nan	nan	1.079835e+00	2.367695e-04
1.456333e+03	nan	nan	1.077489e+00	2.371606e-04
1.456568e+03	nan	nan	1.058408e+00	2.375523e-04
1.456803e+03	nan	nan	1.080309e+00	2.379444e-04
1.457038e+03	nan	nan	1.106262e+00	2.383370e-04
1.457273e+03	nan	nan	1.106079e+00	2.387301e-04
1.457508e+03	nan	nan	1.097505e+00	2.391237e-04
1.457743e+03	nan	nan	1.121199e+00	2.395178e-04
1.457978e+03	nan	nan	1.188257e+00	2.399124e-04
1.458213e+03	nan	nan	1.218658e+00	2.403075e-04
1.458448e+03	nan	nan	1.217202e+00	2.407031e-04
1.458683e+03	nan	nan	1.213712e+00	2.410991e-04
1.458918e+03	nan	nan	1.179333e+00	2.414957e-04
1.459153e+03	nan	nan	1.143038e+00	2.418927e-04
1.459388e+03	nan	nan	1.152243e+00	2.422902e-04
1.459623e+03	nan	nan	1.176536e+00	2.426883e-04
1.459858e+03	nan	nan	1.176142e+00	2.430868e-04
1.460093e+03	nan	nan	1.139526e+00	2.434858e-04
1.460328e+03	nan	nan	1.086879e+00	2.438853e-04
1.460563e+03	nan	nan	1.072938e+00	2.442853e-04
1.460798e+03	nan	nan	1.102713e+00	2.446858e-04
1.461033e+03	nan	nan	1.119166e+00	2.450868e-04
1.461268e+03	nan	nan	1.110542e+00	2.454883e-04
1.461503e+03	nan	nan	1.094615e+00	2.458903e-04
1.461738e+03	nan	nan	1.081076e+00	2.462928e-04
1.461973e+03	nan	nan	1.064486e+00	2.466958e-04
1.462208e+03	nan	nan	1.056156e+00	2.470992e-04
1.462443e+03	nan	nan	1.079239e+00	2.475032e-04
1.462678e+03	nan	nan	1.073520e+00	2.479077e-04
1.462913e+03	nan	nan	1.046304e+00	2.483127e-04
1.463148e+03	nan	nan	1.026252e+00	2.487182e-04
1.463383e+03	nan	nan	1.031851e+00	2.491241e-04
1.463618e+03	nan	nan	1.065668e+00	2.495306e-04
1.463853e+03	nan	nan	1.117394e+00	2.499376e-04
1.464088e+03	nan	nan	1.143055e+00	2.503451e-04
1.464323e+03	nan	nan	1.155266e+00	2.507530e-04
1.464558e+03	nan	nan	1.165023e+00	2.511615e-04
1.464793e+03	nan	nan	1.131485e+00	2.515705e-04
1.465028e+03	nan	nan	1.105224e+00	2.519800e-04
1.465263e+03	nan	nan	1.102103e+00	2.523900e-04
1.465498e+03	nan	nan	1.149880e+00	2.528004e-04
1.465733e+03	nan	nan	1.222111e+00	2.532114e-04
1.465968e+03	nan	nan	1.185980e+00	2.536229e-04
1.466203e+03	nan	nan	1.113265e+00	2.540349e-04
1.466438e+03	nan	nan	1.101836e+00	2.544474e-04
1.466673e+03	nan	nan	1.134582e+00	2.548604e-04
1.466908e+03	nan	nan	1.152030e+00	2.552739e-04
1.467143e+03	nan	nan	1.122986e+00	2.556880e-04
1.467378e+03	nan	nan	1.085050e+00	2.561025e-04
1.467613e+03	nan	nan	1.066228e+00	2.565175e-04
1.467848e+03	nan	nan	1.032783e+00	2.569330e-04
1.468083e+03	nan	nan	1.007084e+00	2.573491e-04
1.468318e+03	nan	nan	1.001054e+00	2.577656e-04
1.468553e+03	nan	nan	1.022384e+00	2.581827e-04
1.468788e+03	nan	nan	1.032810e+00	2.586002e-04
1.469023e+03	nan	nan	1.025704e+00	2.590183e-04
1.469258e+03	nan	nan	1.015322e+00	2.594369e-04
1.469493e+03	nan	nan	1.015697e+00	2.598560e-04
1.469728e+03	nan	nan	1.047810e+00	2.602756e-04
1.469963e+03	nan	nan	1.081407e+00	2.606957e-04
1.470198e+03	nan	nan	1.071553e+00	2.611163e-04
1.470433e+03	nan	nan	1.065256e+00	2.615374e-04
1.470668e+03	nan	nan	1.079063e+00	2.619591e-04
1.470903e+03	nan	nan	1.085876e+00	2.623812e-04
1.471138e+03	nan	nan	1.109486e+00	2.628039e-04
1.471373e+03	nan	nan	1.136600e+00	2.632271e-04
1.471608e+03	nan	nan	1.121751e+00	2.636507e-04
1.471843e+03	nan	nan	1.092849e+00	2.640749e-04
1.472078e+03	nan	nan	1.080665e+00	2.644997e-04
1.472313e+03	nan	nan	1.101970e+00	2.649249e-04
1.472548e+03	nan	nan	1.140546e+00	2.653506e-04
1.472783e+03	nan	nan	1.168422e+00	2.657769e-04
1.473018e+03	nan	nan	1.151475e+00	2.662036e-04
1.473253e+03	nan	nan	1.109800e+00	2.666309e-04
1.473488e+03	nan	nan	1.097343e+00	2.670587e-04
1.473723e+03	nan	nan	1.079530e+00	2.674870e-04
1.473958e+03	nan	nan	1.035332e+00	2.679159e-04
1.474193e+03	nan	nan	1.032155e+00	2.683452e-04
1.474428e+03	nan	nan	1.039660e+00	2.687751e-04
1.474663e+03	nan	nan	1.046877e+00	2.692055e-04
1.474898e+03	nan	nan	1.099242e+00	2.696364e-04
1.475133e+03	nan	nan	1.113878e+00	2.700678e-04
1.475368e+03	nan	nan	1.090066e+00	2.704997e-04
1.475603e+03	nan	nan	1.082893e+00	2.709322e-04
1.475838e+03	nan	nan	1.091290e+00	2.713651e-04
1.476073e+03	nan	nan	1.107553e+00	2.717986e-04
1.476308e+03	nan	nan	1.082751e+00	2.722326e-04
1.476543e+03	nan	nan	1.052845e+00	2.726672e-04
1.476778e+03	nan	nan	1.050863e+00	2.731022e-04
1.477013e+03	nan	nan	1.065471e+00	2.735378e-04
1.477248e+03	nan	nan	1.094396e+00	2.739739e-04
1.477483e+03	nan	nan	1.102720e+00	2.744105e-04
1.477718e+03	nan	nan	1.069459e+00	2.748476e-04
1.477953e+03	nan	nan	1.054837e+00	2.752853e-04
1.478188e+03	nan	nan	1.096911e+00	2.757235e-04
1.478423e+03	nan	nan	1.162701e+00	2.761622e-04
1.478658e+03	nan	nan	1.199275e+00	2.766014e-04
1.478893e+03	nan	nan	1.189760e+00	2.770411e-04
1.479128e+03	nan	nan	1.137106e+00	2.774814e-04
1.479363e+03	nan	nan	1.086586e+00	2.779222e-04
1.479598e+03	nan	nan	1.043408e+00	2.783635e-04
1.479833e+03	nan	nan	1.004429e+00	2.788054e-04
1.480068e+03	nan	nan	1.016412e+00	2.792478e-04
1.480303e+03	nan	nan	1.061541e+00	2.796907e-04
1.480538e+03	nan	nan	1.073172e+00	2.801341e-04
1.480773e+03	1.071758e+00	2.219031e-02	1.062087e+00	2.805780e-04
1.481008e+03	1.082658e+00	1.742011e-02	1.077143e+00	2.810225e-04
1.481243e+03	1.114631e+00	1.682384e-02	1.114620e+00	2.814675e-04
1.481478e+03	1.105421e+00	1.513632e-02	1.110723e+00	2.819131e-04
1.481713e+03	1.024273e+00	1.312939e-02	1.046369e+00	2.823591e-04
1.481948e+03	9.987435e-01	1.255862e-02	1.013209e+00	2.828057e-04
1.482183e+03	1.002992e+00	1.200873e-02	1.017523e+00	2.832528e-04
1.482418e+03	1.076019e+00	1.201737e-02	1.053131e+00	2.837005e-04
1.482653e+03	1.125251e+00	1.203956e-02	1.100247e+00	2.841487e-04
1.482888e+03	1.112215e+00	1.194626e-02	1.100760e+00	2.845974e-04
1.483123e+03	1.078537e+00	1.190171e-02	1.087009e+00	2.850466e-04
1.483358e+03	1.109175e+00	1.213779e-02	1.112405e+00	2.854964e-04
1.483593e+03	1.173488e+00	1.228606e-02	1.168914e+00	2.859467e-04
1.483828e+03	1.216614e+00	1.219372e-02	1.190842e+00	2.863975e-04
1.484063e+03	1.190478e+00	1.214005e-02	1.159394e+00	2.868489e-04
1.484298e+03	1.081854e+00	1.198231e-02	1.082115e+00	2.873008e-04
1.484533e+03	1.059760e+00	1.189505e-02	1.052947e+00	2.877532e-04
1.484768e+03	1.078020e+00	1.205363e-02	1.062053e+00	2.882062e-04
1.485003e+03	1.066701e+00	1.189797e-02	1.052717e+00	2.886597e-04
1.485238e+03	1.095530e+00	1.195887e-02	1.080492e+00	2.891137e-04
1.485473e+03	1.128943e+00	1.225033e-02	1.110885e+00	2.895682e-04
1.485708e+03	1.120367e+00	1.237572e-02	1.102845e+00	2.900233e-04
1.485943e+03	1.083335e+00	1.238446e-02	1.084750e+00	2.904790e-04
1.486178e+03	1.083074e+00	1.260582e-02	1.088738e+00	2.909351e-04
1.486413e+03	1.121824e+00	1.276606e-02	1.134191e+00	2.913918e-04
1.486648e+03	1.169899e+00	1.293676e-02	1.178067e+00	2.918491e-04
1.486883e+03	1.205541e+00	1.327692e-02	1.206455e+00	2.923068e-04
1.487118e+03	1.185478e+00	1.548518e-02	1.164737e+00	2.927652e-04
1.487353e+03	1.083038e+00	1.467739e-02	1.115489e+00	2.932240e-04
1.487588e+03	1.103730e+00	1.466733e-02	1.120252e+00	2.936834e-04
1.487823e+03	1.119752e+00	1.457535e-02	1.124537e+00	2.941433e-04
1.488058e+03	1.141296e+00	1.394302e-02	1.136260e+00	2.946038e-04
1.488293e+03	1.119342e+00	1.383248e-02	1.102011e+00	2.950648e-04
1.488528e+03	1.049040e+00	1.366482e-02	1.034032e+00	2.955263e-04
1.488763e+03	1.030285e+00	1.334966e-02	1.025074e+00	2.959884e-04
1.488998e+03	1.083877e+00	1.363613e-02	1.080784e+00	2.964510e-04
1.489233e+03	1.145850e+00	1.403543e-02	1.144970e+00	2.969141e-04
1.489468e+03	1.134633e+00	1.382106e-02	1.140329e+00	2.973778e-04
1.489703e+03	1.095003e+00	1.283154e-02	1.096262e+00	2.978421e-04
1.489938e+03	1.086117e+00	1.260130e-02	1.074109e+00	2.983068e-04
1.490173e+03	1.102699e+00	1.259740e-02	1.084156e+00	2.987722e-04
1.490408e+03	1.110556e+00	1.250453e-02	1.097466e+00	2.992380e-04
1.490643e+03	1.100697e+00	1.256212e-02	1.087312e+00	2.997044e-04
1.490878e+03	1.083566e+00	1.238699e-02	1.082982e+00	3.001714e-04
1.491113e+03	nan	nan	1.144697e+00	3.006388e-04
1.491348e+03	1.203937e+00	1.275124e-02	1.167680e+00	3.011069e-04
1.491583e+03	1.120496e+00	1.248799e-02	1.119753e+00	3.015754e-04
1.491818e+03	1.101873e+00	1.241888e-02	1.101083e+00	3.020445e-04
1.492053e+03	1.122874e+00	1.248456e-02	1.121023e+00	3.025142e-04
1.492288e+03	1.115542e+00	1.247132e-02	1.121204e+00	3.029844e-04
1.492523e+03	1.069941e+00	1.230610e-02	1.075233e+00	3.034552e-04
1.492758e+03	1.034724e+00	1.226855e-02	1.037999e+00	3.039264e-04
1.492993e+03	1.080425e+00	1.230049e-02	1.076628e+00	3.043983e-04
1.493228e+03	1.142963e+00	1.257174e-02	1.128726e+00	3.048707e-04
1.493463e+03	1.139457e+00	1.248395e-02	1.124731e+00	3.053436e-04
1.493698e+03	1.120348e+00	1.250775e-02	1.099747e+00	3.058171e-04
1.493933e+03	1.074339e+00	1.261168e-02	1.060214e+00	3.062911e-04
1.494168e+03	1.028783e+00	1.224827e-02	1.027508e+00	3.067657e-04
1.494403e+03	1.066988e+00	1.233170e-02	1.060281e+00	3.072408e-04
1.494638e+03	1.116401e+00	1.266309e-02	1.104954e+00	3.077165e-04
1.494873e+03	1.124118e+00	1.269429e-02	1.107550e+00	3.081927e-04
1.495108e+03	1.102368e+00	1.254213e-02	1.084704e+00	3.086694e-04
1.495343e+03	1.102028e+00	1.237075e-02	1.086818e+00	3.091468e-04
1.495578e+03	1.142909e+00	1.252636e-02	1.123530e+00	3.096246e-04
1.495813e+03	1.112812e+00	1.239394e-02	1.123760e+00	3.101030e-04
1.496048e+03	1.111302e+00	1.246826e-02	1.107214e+00	3.105820e-04
1.496283e+03	1.099000e+00	1.234656e-02	1.089948e+00	3.110615e-04
1.496518e+03	1.079627e+00	1.229586e-02	1.073903e+00	3.115416e-04
1.496753e+03	1.127613e+00	1.227894e-02	1.118017e+00	3.120222e-04
1.496988e+03	1.174436e+00	1.237722e-02	1.167626e+00	3.125034e-04
1.497223e+03	1.172126e+00	1.233970e-02	1.154690e+00	3.129851e-04
1.497458e+03	1.123763e+00	1.230487e-02	1.108027e+00	3.134673e-04
1.497693e+03	1.129282e+00	1.243978e-02	1.112776e+00	3.139502e-04
1.497928e+03	1.174874e+00	1.262813e-02	1.158576e+00	3.144336e-04
1.498163e+03	1.141873e+00	1.235460e-02	1.151910e+00	3.149175e-04
1.498398e+03	1.127792e+00	1.216023e-02	1.137613e+00	3.154020e-04
1.498633e+03	1.169073e+00	1.217578e-02	1.166550e+00	3.158870e-04
1.498868e+03	1.202395e+00	1.225192e-02	1.191679e+00	3.163726e-04
1.499103e+03	1.184338e+00	1.213115e-02	1.170279e+00	3.168588e-04
1.499338e+03	1.128301e+00	1.195181e-02	1.113531e+00	3.173455e-04
1.499573e+03	1.091042e+00	1.185246e-02	1.084979e+00	3.178327e-04
1.499808e+03	1.108674e+00	1.233723e-02	1.099763e+00	3.183205e-04
1.500043e+03	1.136432e+00	1.216103e-02	1.126393e+00	3.188089e-04
1.500278e+03	1.150548e+00	1.209177e-02	1.127437e+00	3.192978e-04
1.500513e+03	1.114763e+00	1.196037e-02	1.082185e+00	3.197873e-04
1.500748e+03	1.074599e+00	1.182812e-02	1.038041e+00	3.202774e-04
1.500983e+03	1.082679e+00	1.184806e-02	1.060246e+00	3.207680e-04
1.501218e+03	1.128794e+00	1.207152e-02	1.116995e+00	3.212591e-04
1.501453e+03	1.138432e+00	1.220231e-02	1.128561e+00	3.217508e-04
1.501688e+03	1.096332e+00	1.204949e-02	1.085579e+00	3.222431e-04
1.501923e+03	1.061349e+00	1.203864e-02	1.048534e+00	3.227360e-04
1.502158e+03	1.046417e+00	1.241998e-02	1.044593e+00	3.232294e-04
1.502393e+03	1.062587e+00	1.342005e-02	1.062652e+00	3.237233e-04
1.502628e+03	1.126618e+00	1.591217e-02	1.113635e+00	3.242178e-04
1.502863e+03	nan	nan	1.160355e+00	3.247129e-04
1.503098e+03	1.195312e+00	1.828514e-02	1.180270e+00	3.252085e-04
1.503333e+03	1.204484e+00	1.999419e-02	1.185610e+00	3.257047e-04
1.503568e+03	1.139511e+00	2.063106e-02	1.132942e+00	3.262015e-04
1.503803e+03	1.085261e+00	2.064292e-02	1.078271e+00	3.266988e-04
1.504038e+03	1.122464e+00	2.130391e-02	1.101018e+00	3.271967e-04
1.504273e+03	1.173153e+00	2.205601e-02	1.142939e+00	3.276952e-04
1.504508e+03	1.180898e+00	2.195620e-02	1.155284e+00	3.281942e-04
1.504743e+03	1.171791e+00	2.041124e-02	1.172409e+00	3.286938e-04
1.504978e+03	1.169069e+00	1.931134e-02	1.181932e+00	3.291939e-04
1.505213e+03	1.141877e+00	1.832355e-02	1.161157e+00	3.296946e-04
1.505448e+03	1.122692e+00	1.771258e-02	1.131171e+00	3.301959e-04
1.505683e+03	1.131558e+00	1.624061e-02	1.125617e+00	3.306977e-04
1.505918e+03	1.133530e+00	1.317125e-02	1.124081e+00	3.312001e-04
1.506153e+03	1.113270e+00	1.205158e-02	1.121458e+00	3.317031e-04
1.506388e+03	1.129840e+00	1.192872e-02	1.139387e+00	3.322066e-04
1.506623e+03	1.174963e+00	1.202213e-02	1.165961e+00	3.327107e-04
1.506858e+03	1.179911e+00	1.206610e-02	1.160732e+00	3.332154e-04
1.507093e+03	1.181136e+00	1.202742e-02	1.159417e+00	3.337206e-04
1.507328e+03	1.180619e+00	1.203361e-02	1.154353e+00	3.342264e-04
1.507563e+03	1.134074e+00	1.196736e-02	1.112867e+00	3.347328e-04
1.507798e+03	1.108078e+00	1.189808e-02	1.088865e+00	3.352397e-04
1.508033e+03	1.119509e+00	1.195414e-02	1.106623e+00	3.357472e-04
1.508268e+03	1.151503e+00	1.197507e-02	1.106527e+00	3.362553e-04
1.508503e+03	1.134205e+00	1.207697e-02	1.091453e+00	3.367639e-04
1.508738e+03	1.113779e+00	1.192797e-02	1.097182e+00	3.372731e-04
1.508973e+03	1.167048e+00	1.207283e-02	1.149592e+00	3.377829e-04
1.509208e+03	1.248584e+00	1.222776e-02	1.212050e+00	3.382933e-04
1.509443e+03	1.253524e+00	1.225499e-02	1.213273e+00	3.388042e-04
1.509678e+03	1.181878e+00	1.235393e-02	1.167873e+00	3.393157e-04
1.509913e+03	1.154784e+00	1.234893e-02	1.148409e+00	3.398277e-04
1.510148e+03	1.128712e+00	1.231962e-02	1.125525e+00	3.403404e-04
1.510383e+03	1.124520e+00	1.225753e-02	1.128989e+00	3.408536e-04
1.510618e+03	1.163727e+00	1.253948e-02	1.152944e+00	3.413674e-04
1.510853e+03	1.141742e+00	1.239248e-02	1.140327e+00	3.418817e-04
1.511088e+03	1.130522e+00	1.242113e-02	1.130827e+00	3.423967e-04
1.511323e+03	1.139496e+00	1.226724e-02	1.138580e+00	3.429122e-04
1.511558e+03	1.175346e+00	1.235429e-02	1.154739e+00	3.434282e-04
1.511793e+03	1.143398e+00	1.236106e-02	1.141705e+00	3.439449e-04
1.512028e+03	1.166439e+00	1.242446e-02	1.168127e+00	3.444621e-04
1.512263e+03	1.232570e+00	1.267062e-02	1.212500e+00	3.449799e-04
1.512498e+03	nan	nan	1.167959e+00	3.454983e-04
1.512733e+03	1.121397e+00	1.317470e-02	1.121107e+00	3.460172e-04
1.512968e+03	1.145850e+00	1.243601e-02	1.133030e+00	3.465368e-04
1.513203e+03	1.106063e+00	1.254839e-02	1.112438e+00	3.470569e-04
1.513438e+03	1.045239e+00	1.216628e-02	1.060836e+00	3.475775e-04
1.513673e+03	1.039411e+00	1.223909e-02	1.045894e+00	3.480988e-04
1.513908e+03	1.052917e+00	1.219249e-02	1.067118e+00	3.486206e-04
1.514143e+03	1.145298e+00	1.244906e-02	1.141167e+00	3.491431e-04
1.514378e+03	1.213007e+00	1.249744e-02	1.222595e+00	3.496660e-04
1.514613e+03	1.257586e+00	1.253528e-02	1.261661e+00	3.501896e-04
1.514848e+03	1.209259e+00	1.256086e-02	1.227952e+00	3.507138e-04
1.515083e+03	1.161309e+00	1.256928e-02	1.172003e+00	3.512385e-04
1.515318e+03	1.163403e+00	1.260640e-02	1.168419e+00	3.517638e-04
1.515553e+03	1.213568e+00	1.268113e-02	1.204169e+00	3.522897e-04
1.515788e+03	1.228574e+00	1.265888e-02	1.228085e+00	3.528162e-04
1.516023e+03	1.211884e+00	1.274285e-02	1.217082e+00	3.533432e-04
1.516258e+03	1.122975e+00	1.262744e-02	1.144372e+00	3.538708e-04
1.516493e+03	1.082971e+00	1.238547e-02	1.094259e+00	3.543990e-04
1.516728e+03	1.113809e+00	1.241081e-02	1.114721e+00	3.549278e-04
1.516963e+03	1.133897e+00	1.244192e-02	1.118579e+00	3.554572e-04
1.517198e+03	1.082712e+00	1.224191e-02	1.069905e+00	3.559872e-04
1.517433e+03	1.014610e+00	1.222742e-02	1.020629e+00	3.565177e-04
1.517668e+03	1.006303e+00	1.223419e-02	1.023310e+00	3.570488e-04
1.517903e+03	1.060625e+00	1.260867e-02	1.090361e+00	3.575805e-04
1.518138e+03	1.170369e+00	1.296465e-02	1.189454e+00	3.581128e-04
1.518373e+03	1.249117e+00	1.319736e-02	1.246690e+00	3.586457e-04
1.518608e+03	1.194818e+00	1.293626e-02	1.197202e+00	3.591792e-04
1.518843e+03	1.143564e+00	1.273824e-02	1.135993e+00	3.597132e-04
1.519078e+03	1.144806e+00	1.274122e-02	1.145450e+00	3.602478e-04
1.519313e+03	1.159299e+00	1.274808e-02	1.169525e+00	3.607831e-04
1.519548e+03	1.165614e+00	1.278654e-02	1.180073e+00	3.613189e-04
1.519783e+03	1.164900e+00	1.269148e-02	1.174085e+00	3.618552e-04
1.520018e+03	1.145933e+00	1.258618e-02	1.143743e+00	3.623922e-04
1.520253e+03	1.129238e+00	1.259012e-02	1.128397e+00	3.629298e-04
1.520488e+03	1.149776e+00	1.259498e-02	1.147094e+00	3.634679e-04
1.520723e+03	1.192147e+00	1.270897e-02	1.175900e+00	3.640067e-04
1.520958e+03	1.219035e+00	1.253459e-02	1.204836e+00	3.645460e-04
1.521193e+03	1.243086e+00	1.287657e-02	1.233718e+00	3.650859e-04
1.521428e+03	1.255789e+00	1.268589e-02	1.249850e+00	3.656264e-04
1.521663e+03	nan	nan	1.227609e+00	3.661675e-04
1.521898e+03	nan	nan	1.191302e+00	3.667092e-04
1.522133e+03	1.196738e+00	1.227321e-02	1.184367e+00	3.672515e-04
1.522368e+03	1.208801e+00	1.220005e-02	1.194490e+00	3.677943e-04
1.522603e+03	1.163425e+00	1.205388e-02	1.162805e+00	3.683378e-04
1.522838e+03	1.137475e+00	1.321620e-02	1.145618e+00	3.688818e-04
1.523073e+03	nan	nan	1.193884e+00	3.694265e-04
1.523308e+03	1.246388e+00	1.231415e-02	1.233766e+00	3.699717e-04
1.523543e+03	1.239712e+00	1.233749e-02	1.236412e+00	3.705175e-04
1.523778e+03	1.237390e+00	1.225439e-02	1.229061e+00	3.710639e-04
1.524013e+03	1.202545e+00	1.213085e-02	1.194462e+00	3.716109e-04
1.524248e+03	1.154144e+00	1.214310e-02	1.142697e+00	3.721585e-04
1.524483e+03	1.143010e+00	1.220660e-02	1.127984e+00	3.727067e-04
1.524718e+03	1.131837e+00	1.199894e-02	1.115549e+00	3.732555e-04
1.524953e+03	1.123192e+00	1.195041e-02	1.106737e+00	3.738049e-04
1.525188e+03	1.149016e+00	1.205312e-02	1.128198e+00	3.743548e-04
1.525423e+03	1.169747e+00	1.217729e-02	1.154029e+00	3.749054e-04
1.525658e+03	1.194087e+00	1.244953e-02	1.175854e+00	3.754566e-04
1.525893e+03	1.161856e+00	1.244227e-02	1.147936e+00	3.760083e-04
1.526128e+03	1.087826e+00	1.227365e-02	1.091151e+00	3.765607e-04
1.526363e+03	1.109581e+00	1.228486e-02	1.105532e+00	3.771136e-04
1.526598e+03	1.175117e+00	1.252020e-02	1.152360e+00	3.776672e-04
1.526833e+03	1.158789e+00	1.248255e-02	1.136819e+00	3.782213e-04
1.527068e+03	1.147863e+00	1.241595e-02	1.133266e+00	3.787761e-04
1.527303e+03	1.179641e+00	1.251472e-02	1.164177e+00	3.793314e-04
1.527538e+03	nan	nan	1.159970e+00	3.798873e-04
1.527773e+03	1.156772e+00	1.230616e-02	1.167652e+00	3.804439e-04
1.528008e+03	1.163030e+00	1.229158e-02	1.172459e+00	3.810010e-04
1.528243e+03	1.170872e+00	1.257905e-02	1.179819e+00	3.815587e-04
1.528478e+03	1.192395e+00	1.272668e-02	1.181639e+00	3.821171e-04
1.528713e+03	1.197353e+00	1.279376e-02	1.171853e+00	3.826760e-04
1.528948e+03	1.236280e+00	1.293695e-02	1.197266e+00	3.832355e-04
1.529183e+03	1.217651e+00	1.286371e-02	1.202243e+00	3.837957e-04
1.529418e+03	1.162529e+00	1.249337e-02	1.175775e+00	3.843564e-04
1.529653e+03	1.198084e+00	1.240293e-02	1.198947e+00	3.849177e-04
1.529888e+03	1.242230e+00	1.253686e-02	1.226283e+00	3.854797e-04
1.530123e+03	1.217078e+00	1.235496e-02	1.217419e+00	3.860422e-04
1.530358e+03	1.218466e+00	1.251369e-02	1.217503e+00	3.866054e-04
1.530593e+03	1.220192e+00	1.247849e-02	1.213548e+00	3.871691e-04
1.530828e+03	1.226707e+00	1.249625e-02	1.208149e+00	3.877335e-04
1.531063e+03	1.231417e+00	1.282950e-02	1.207585e+00	3.882984e-04
1.531298e+03	1.206291e+00	1.291929e-02	1.197052e+00	3.888640e-04
1.531533e+03	1.186730e+00	1.297781e-02	1.175945e+00	3.894301e-04
1.531768e+03	1.174436e+00	1.275073e-02	1.153951e+00	3.899969e-04
1.532003e+03	1.131014e+00	1.281771e-02	1.114422e+00	3.905642e-04
1.532238e+03	1.074001e+00	1.258680e-02	1.075736e+00	3.911322e-04
1.532473e+03	1.085920e+00	1.301660e-02	1.087321e+00	3.917008e-04
1.532708e+03	1.119101e+00	1.263828e-02	1.112622e+00	3.922700e-04
1.532943e+03	1.108394e+00	1.257750e-02	1.110688e+00	3.928398e-04
1.533178e+03	1.153101e+00	1.266789e-02	1.136808e+00	3.934101e-04
1.533413e+03	1.247668e+00	1.298267e-02	1.198085e+00	3.939811e-04
1.533648e+03	1.262724e+00	1.315908e-02	1.233999e+00	3.945528e-04
1.533883e+03	1.240916e+00	1.299306e-02	1.232726e+00	3.951250e-04
1.534118e+03	1.225844e+00	1.290085e-02	1.222948e+00	3.956978e-04
1.534353e+03	1.226012e+00	1.296295e-02	1.217391e+00	3.962712e-04
1.534588e+03	1.195399e+00	1.300713e-02	1.203630e+00	3.968453e-04
1.534823e+03	1.168237e+00	1.288223e-02	1.182110e+00	3.974199e-04
1.535058e+03	1.145677e+00	1.283582e-02	1.154284e+00	3.979952e-04
1.535293e+03	1.176331e+00	1.301983e-02	1.173927e+00	3.985710e-04
1.535528e+03	1.199382e+00	1.322058e-02	1.205234e+00	3.991475e-04
1.535763e+03	1.159649e+00	1.309987e-02	1.192964e+00	3.997246e-04
1.535998e+03	1.196740e+00	1.337092e-02	1.214991e+00	4.003023e-04
1.536233e+03	1.260580e+00	1.348223e-02	1.245156e+00	4.008806e-04
1.536468e+03	1.203199e+00	1.337152e-02	1.201543e+00	4.014595e-04
1.536703e+03	1.168684e+00	1.330240e-02	1.167811e+00	4.020391e-04
1.536938e+03	1.192558e+00	1.341124e-02	1.185134e+00	4.026192e-04
1.537173e+03	1.202678e+00	1.338403e-02	1.208023e+00	4.032000e-04
1.537408e+03	1.180129e+00	1.366239e-02	1.199771e+00	4.037813e-04
1.537643e+03	1.156588e+00	1.403475e-02	1.177941e+00	4.043633e-04
1.537878e+03	1.160040e+00	1.411702e-02	1.176324e+00	4.049459e-04
1.538113e+03	1.143816e+00	1.395730e-02	1.171673e+00	4.055291e-04
1.538348e+03	1.155176e+00	1.415435e-02	1.173361e+00	4.061129e-04
1.538583e+03	1.173080e+00	1.415673e-02	1.191204e+00	4.066974e-04
1.538818e+03	1.213626e+00	1.437954e-02	1.236025e+00	4.072824e-04
1.539053e+03	1.263962e+00	1.456796e-02	1.278039e+00	4.078681e-04
1.539288e+03	1.247651e+00	1.448335e-02	1.253449e+00	4.084544e-04
1.539523e+03	1.177155e+00	1.402070e-02	1.189140e+00	4.090413e-04
1.539758e+03	1.154590e+00	1.392265e-02	1.164224e+00	4.096288e-04
1.539993e+03	1.180144e+00	1.403587e-02	1.177451e+00	4.102169e-04
1.540228e+03	1.198977e+00	1.409802e-02	1.189203e+00	4.108056e-04
1.540463e+03	1.160214e+00	1.389216e-02	1.162035e+00	4.113950e-04
1.540698e+03	1.126436e+00	1.368264e-02	1.127027e+00	4.119850e-04
1.540933e+03	1.102200e+00	1.348520e-02	1.118948e+00	4.125756e-04
1.541168e+03	1.119448e+00	1.335682e-02	1.136899e+00	4.131668e-04
1.541403e+03	1.229600e+00	1.403457e-02	1.204275e+00	4.137586e-04
1.541638e+03	1.265664e+00	1.402214e-02	1.262864e+00	4.143511e-04
1.541873e+03	1.220700e+00	1.389080e-02	1.239351e+00	4.149442e-04
1.542108e+03	1.189066e+00	1.393719e-02	1.197429e+00	4.155379e-04
1.542343e+03	1.138048e+00	1.383353e-02	1.152822e+00	4.161322e-04
1.542578e+03	1.115744e+00	1.356257e-02	1.122468e+00	4.167271e-04
1.542813e+03	1.158726e+00	1.361158e-02	1.158159e+00	4.173226e-04
1.543048e+03	1.198977e+00	1.383495e-02	1.195258e+00	4.179188e-04
1.543283e+03	1.180704e+00	1.378259e-02	1.172780e+00	4.185156e-04
1.543518e+03	1.152753e+00	1.369855e-02	1.146389e+00	4.191130e-04
1.543753e+03	1.149509e+00	1.394850e-02	1.152010e+00	4.197111e-04
1.543988e+03	1.147355e+00	1.392218e-02	1.150332e+00	4.203097e-04
1.544223e+03	1.159390e+00	1.385762e-02	1.160543e+00	4.209090e-04
1.544458e+03	1.187234e+00	1.384463e-02	1.190738e+00	4.215089e-04
1.544693e+03	1.209516e+00	1.378049e-02	1.220629e+00	4.221095e-04
1.544928e+03	1.200225e+00	1.351123e-02	1.229994e+00	4.227106e-04
1.545163e+03	1.197915e+00	1.327092e-02	1.225563e+00	4.233124e-04
1.545398e+03	1.234000e+00	1.315545e-02	1.245068e+00	4.239148e-04
1.545633e+03	1.260597e+00	1.302938e-02	1.266500e+00	4.245178e-04
1.545868e+03	1.246428e+00	1.297872e-02	1.247789e+00	4.251215e-04
1.546103e+03	1.257711e+00	1.306391e-02	1.243845e+00	4.257257e-04
1.546338e+03	1.260907e+00	1.303076e-02	1.253198e+00	4.263306e-04
1.546573e+03	nan	nan	1.222784e+00	4.269362e-04
1.546808e+03	nan	nan	1.201898e+00	4.275423e-04
1.547043e+03	1.192829e+00	1.281533e-02	1.199098e+00	4.281491e-04
1.547278e+03	1.178688e+00	1.274401e-02	1.187681e+00	4.287565e-04
1.547513e+03	1.157206e+00	1.285773e-02	1.168548e+00	4.293645e-04
1.547748e+03	1.147580e+00	1.306320e-02	1.158082e+00	4.299732e-04
1.547983e+03	1.176532e+00	1.344954e-02	1.184333e+00	4.305825e-04
1.548218e+03	1.207424e+00	1.376924e-02	1.215459e+00	4.311924e-04
1.548453e+03	1.222693e+00	1.393203e-02	1.229207e+00	4.318030e-04
1.548688e+03	1.226480e+00	1.403160e-02	1.224371e+00	4.324141e-04
1.548923e+03	1.204404e+00	1.396834e-02	1.193317e+00	4.330259e-04
1.549158e+03	1.196270e+00	1.387931e-02	1.193887e+00	4.336384e-04
1.549393e+03	1.227011e+00	1.393443e-02	1.234630e+00	4.342514e-04
1.549628e+03	1.266876e+00	1.408773e-02	1.281133e+00	4.348651e-04
1.549863e+03	1.293261e+00	1.428217e-02	1.300573e+00	4.354795e-04
1.550098e+03	1.249523e+00	1.393080e-02	1.246809e+00	4.360944e-04
1.550333e+03	1.171774e+00	1.322471e-02	1.168139e+00	4.367100e-04
1.550568e+03	1.143501e+00	1.281305e-02	1.139367e+00	4.373262e-04
1.550803e+03	1.124836e+00	1.272731e-02	1.120109e+00	4.379431e-04
1.551038e+03	1.132591e+00	1.270634e-02	1.134754e+00	4.385606e-04
1.551273e+03	1.207931e+00	1.291496e-02	1.209632e+00	4.391787e-04
1.551508e+03	1.269543e+00	1.306230e-02	1.265968e+00	4.397974e-04
1.551743e+03	1.243787e+00	1.281832e-02	1.235574e+00	4.404168e-04
1.551978e+03	1.217532e+00	1.278153e-02	1.208046e+00	4.410368e-04
1.552213e+03	1.259173e+00	1.297975e-02	1.252606e+00	4.416575e-04
1.552448e+03	1.284456e+00	1.297735e-02	1.283190e+00	4.422788e-04
1.552683e+03	1.257982e+00	1.294514e-02	1.262197e+00	4.429007e-04
1.552918e+03	1.224768e+00	1.288862e-02	1.220466e+00	4.435233e-04
1.553153e+03	1.229566e+00	1.283512e-02	1.218237e+00	4.441465e-04
1.553388e+03	1.246412e+00	1.308217e-02	1.225783e+00	4.447703e-04
1.553623e+03	1.222794e+00	1.297939e-02	1.203911e+00	4.453947e-04
1.553858e+03	1.214022e+00	1.341086e-02	1.198919e+00	4.460198e-04
1.554093e+03	1.258128e+00	1.438274e-02	1.245003e+00	4.466456e-04
1.554328e+03	1.259550e+00	1.494788e-02	1.257093e+00	4.472720e-04
1.554563e+03	1.197447e+00	1.515448e-02	1.197712e+00	4.478990e-04
1.554798e+03	1.167740e+00	1.582827e-02	1.176258e+00	4.485266e-04
1.555033e+03	1.210003e+00	1.543722e-02	1.225110e+00	4.491549e-04
1.555268e+03	1.256681e+00	1.657637e-02	1.263693e+00	4.497838e-04
1.555503e+03	1.252365e+00	1.553356e-02	1.244338e+00	4.504134e-04
1.555738e+03	1.200163e+00	1.541528e-02	1.197660e+00	4.510436e-04
1.555973e+03	1.209545e+00	1.699826e-02	1.196421e+00	4.516744e-04
1.556208e+03	1.235825e+00	1.757339e-02	1.227143e+00	4.523059e-04
1.556443e+03	1.249109e+00	1.721305e-02	1.240968e+00	4.529381e-04
1.556678e+03	1.239992e+00	1.761770e-02	1.242291e+00	4.535708e-04
1.556913e+03	1.239716e+00	2.035110e-02	1.236190e+00	4.542042e-04
1.557148e+03	1.211210e+00	2.128393e-02	1.205173e+00	4.548383e-04
1.557383e+03	1.181777e+00	1.919519e-02	1.186049e+00	4.554730e-04
1.557618e+03	1.160877e+00	1.584451e-02	1.180727e+00	4.561083e-04
1.557853e+03	1.171741e+00	1.587393e-02	1.177421e+00	4.567443e-04
1.558088e+03	1.171421e+00	1.579782e-02	1.176981e+00	4.573809e-04
1.558323e+03	1.166580e+00	1.502933e-02	1.182614e+00	4.580181e-04
1.558558e+03	1.194800e+00	1.448737e-02	1.202213e+00	4.586560e-04
1.558793e+03	1.225334e+00	1.436633e-02	1.231247e+00	4.592946e-04
1.559028e+03	1.237036e+00	1.449425e-02	1.249489e+00	4.599338e-04
1.559263e+03	1.242282e+00	1.447992e-02	1.243579e+00	4.605736e-04
1.559498e+03	1.257454e+00	1.454351e-02	1.241007e+00	4.612141e-04
1.559733e+03	1.291875e+00	1.486383e-02	1.260923e+00	4.618552e-04
1.559968e+03	1.254937e+00	1.453063e-02	1.261746e+00	4.624970e-04
1.560203e+03	1.195445e+00	1.429208e-02	1.213045e+00	4.631394e-04
1.560438e+03	1.179894e+00	1.423105e-02	1.200421e+00	4.637824e-04
1.560673e+03	1.207576e+00	1.435578e-02	1.225660e+00	4.644261e-04
1.560908e+03	1.236563e+00	1.455965e-02	1.237344e+00	4.650705e-04
1.561143e+03	1.225894e+00	1.504231e-02	1.225233e+00	4.657155e-04
1.561378e+03	1.232513e+00	1.513437e-02	1.229949e+00	4.663611e-04
1.561613e+03	1.231516e+00	1.495793e-02	1.245471e+00	4.670074e-04
1.561848e+03	1.220871e+00	1.523445e-02	1.246132e+00	4.676544e-04
1.562083e+03	1.224843e+00	1.739326e-02	1.256465e+00	4.683019e-04
1.562318e+03	nan	nan	1.269932e+00	4.689502e-04
1.562553e+03	nan	nan	1.265379e+00	4.695991e-04
1.562788e+03	1.226368e+00	1.698725e-02	1.239485e+00	4.702486e-04
1.563023e+03	1.190867e+00	1.696262e-02	1.208725e+00	4.708988e-04
1.563258e+03	1.217652e+00	1.816123e-02	1.233990e+00	4.715496e-04
1.563493e+03	1.255298e+00	2.016677e-02	1.285872e+00	4.722011e-04
1.563728e+03	1.242912e+00	1.988622e-02	1.281525e+00	4.728532e-04
1.563963e+03	nan	nan	1.260773e+00	4.735060e-04
1.564198e+03	1.268874e+00	2.076412e-02	1.274474e+00	4.741594e-04
1.564433e+03	1.270614e+00	2.059164e-02	1.274895e+00	4.748135e-04
1.564668e+03	1.228210e+00	1.952198e-02	1.237605e+00	4.754683e-04
1.564903e+03	1.187766e+00	1.901964e-02	1.203768e+00	4.761237e-04
1.565138e+03	1.185044e+00	1.851111e-02	1.195002e+00	4.767797e-04
1.565373e+03	1.202005e+00	1.717949e-02	1.211563e+00	4.774364e-04
1.565608e+03	1.148163e+00	1.646314e-02	1.174613e+00	4.780938e-04
1.565843e+03	1.104039e+00	1.613622e-02	1.127851e+00	4.787518e-04
1.566078e+03	1.143910e+00	1.648225e-02	1.167729e+00	4.794104e-04
1.566313e+03	1.205797e+00	1.658764e-02	1.231835e+00	4.800697e-04
1.566548e+03	1.246968e+00	1.549035e-02	1.259755e+00	4.807297e-04
1.566783e+03	1.265223e+00	1.418293e-02	1.278048e+00	4.813903e-04
1.567018e+03	1.276472e+00	1.387346e-02	1.290873e+00	4.820516e-04
1.567253e+03	1.277992e+00	1.317017e-02	1.290704e+00	4.827135e-04
1.567488e+03	1.290264e+00	1.340502e-02	1.302722e+00	4.833761e-04
1.567723e+03	1.294623e+00	1.387591e-02	1.307882e+00	4.840393e-04
1.567958e+03	1.284862e+00	1.380121e-02	1.295934e+00	4.847032e-04
1.568193e+03	1.292656e+00	1.421120e-02	1.295771e+00	4.853678e-04
1.568428e+03	1.296628e+00	1.565348e-02	1.305155e+00	4.860330e-04
1.568663e+03	1.287173e+00	1.577610e-02	1.289458e+00	4.866989e-04
1.568898e+03	1.246180e+00	1.561520e-02	1.253672e+00	4.873654e-04
1.569133e+03	1.213062e+00	1.656624e-02	1.241993e+00	4.880326e-04
1.569368e+03	1.211318e+00	1.990329e-02	1.254695e+00	4.887004e-04
1.569603e+03	1.266664e+00	2.596928e-02	1.257465e+00	4.893689e-04
1.569838e+03	1.210155e+00	2.249570e-02	1.232020e+00	4.900381e-04
1.570073e+03	1.200200e+00	2.139099e-02	1.220527e+00	4.907079e-04
1.570308e+03	1.223876e+00	2.167703e-02	1.245518e+00	4.913784e-04
1.570543e+03	1.248273e+00	2.201759e-02	1.276921e+00	4.920495e-04
1.570778e+03	1.262230e+00	2.211250e-02	1.284555e+00	4.927213e-04
1.571013e+03	1.249081e+00	2.183801e-02	1.276413e+00	4.933938e-04
1.571248e+03	1.232171e+00	2.154110e-02	1.259007e+00	4.940669e-04
1.571483e+03	1.244722e+00	2.139122e-02	1.264944e+00	4.947407e-04
1.571718e+03	1.269025e+00	2.180371e-02	1.290882e+00	4.954151e-04
1.571953e+03	1.257861e+00	2.093785e-02	1.277564e+00	4.960903e-04
1.572188e+03	1.230746e+00	1.762101e-02	1.251828e+00	4.967660e-04
1.572423e+03	1.217533e+00	1.603752e-02	1.243915e+00	4.974425e-04
1.572658e+03	1.229730e+00	1.566726e-02	1.246742e+00	4.981195e-04
1.572893e+03	1.256829e+00	1.577477e-02	1.270076e+00	4.987973e-04
1.573128e+03	1.280530e+00	1.589586e-02	1.276986e+00	4.994757e-04
1.573363e+03	1.272072e+00	1.584659e-02	1.267052e+00	5.001548e-04
1.573598e+03	1.259316e+00	1.566609e-02	1.251569e+00	5.008346e-04
1.573833e+03	1.269469e+00	1.565495e-02	1.258480e+00	5.015150e-04
1.574068e+03	1.296837e+00	1.603276e-02	1.296229e+00	5.021961e-04
1.574303e+03	1.316741e+00	1.680488e-02	1.320070e+00	5.028778e-04
1.574538e+03	1.311045e+00	1.698554e-02	1.321072e+00	5.035602e-04
1.574773e+03	1.272759e+00	1.738875e-02	1.296923e+00	5.042433e-04
1.575008e+03	1.243508e+00	1.948596e-02	1.269347e+00	5.049270e-04
1.575243e+03	1.283256e+00	2.052605e-02	1.289986e+00	5.056114e-04
1.575478e+03	1.316382e+00	2.096320e-02	1.316535e+00	5.062965e-04
1.575713e+03	1.283635e+00	2.057281e-02	1.296425e+00	5.069822e-04
1.575948e+03	1.254431e+00	2.014243e-02	1.271359e+00	5.076687e-04
1.576183e+03	1.251687e+00	2.018068e-02	1.261682e+00	5.083557e-04
1.576418e+03	1.242328e+00	2.001505e-02	1.255559e+00	5.090435e-04
1.576653e+03	1.231053e+00	1.923733e-02	1.256736e+00	5.097319e-04
1.576888e+03	1.244210e+00	1.704705e-02	1.265877e+00	5.104210e-04
1.577123e+03	1.279084e+00	1.663537e-02	1.283524e+00	5.111107e-04
1.577358e+03	1.292194e+00	1.665237e-02	1.304187e+00	5.118011e-04
1.577593e+03	1.293446e+00	1.644559e-02	1.306330e+00	5.124922e-04
1.577828e+03	1.266311e+00	1.522725e-02	1.280945e+00	5.131840e-04
1.578063e+03	1.258499e+00	1.468801e-02	1.262403e+00	5.138764e-04
1.578298e+03	1.278509e+00	1.523734e-02	1.278976e+00	5.145695e-04
1.578533e+03	1.276352e+00	1.481069e-02	1.292090e+00	5.152633e-04
1.578768e+03	1.271905e+00	1.450587e-02	1.284732e+00	5.159577e-04
1.579003e+03	1.290386e+00	1.464419e-02	1.281754e+00	5.166528e-04
1.579238e+03	1.308465e+00	1.458522e-02	1.299181e+00	5.173486e-04
1.579473e+03	1.310478e+00	1.464689e-02	1.314352e+00	5.180451e-04
1.579708e+03	1.291049e+00	1.651164e-02	1.321095e+00	5.187422e-04
1.579943e+03	1.280568e+00	1.591501e-02	1.315573e+00	5.194400e-04
1.580178e+03	1.256779e+00	1.406507e-02	1.280819e+00	5.201385e-04
1.580413e+03	1.185619e+00	1.715225e-02	1.243109e+00	5.208377e-04
1.580648e+03	1.187488e+00	1.706099e-02	1.251648e+00	5.215375e-04
1.580883e+03	1.272302e+00	1.387818e-02	1.298557e+00	5.222380e-04
1.581118e+03	1.314736e+00	1.410188e-02	1.327185e+00	5.229391e-04
1.581353e+03	1.319258e+00	1.430332e-02	1.324738e+00	5.236410e-04
1.581588e+03	1.280615e+00	1.419734e-02	1.298268e+00	5.243435e-04
1.581823e+03	1.257312e+00	1.421854e-02	1.274796e+00	5.250467e-04
1.582058e+03	1.275225e+00	1.530216e-02	1.282798e+00	5.257506e-04
1.582293e+03	1.328980e+00	1.987012e-02	1.307160e+00	5.264551e-04
1.582528e+03	1.337265e+00	3.023668e-02	1.326768e+00	5.271604e-04
1.582763e+03	1.312013e+00	4.446239e-02	1.325493e+00	5.278663e-04
1.582998e+03	1.270346e+00	5.720882e-02	1.325838e+00	5.285728e-04
1.583233e+03	1.244173e+00	6.214456e-02	1.321471e+00	5.292801e-04
1.583468e+03	1.243775e+00	5.719694e-02	1.297798e+00	5.299880e-04
1.583703e+03	1.235223e+00	4.474583e-02	1.273284e+00	5.306967e-04
1.583938e+03	1.221948e+00	3.058978e-02	1.249693e+00	5.314059e-04
1.584173e+03	1.251878e+00	2.060198e-02	1.254822e+00	5.321159e-04
1.584408e+03	1.279702e+00	1.656933e-02	1.270921e+00	5.328266e-04
1.584643e+03	1.258634e+00	1.548977e-02	1.271752e+00	5.335379e-04
1.584878e+03	1.264465e+00	1.522171e-02	1.280146e+00	5.342499e-04
1.585113e+03	1.246679e+00	1.514712e-02	1.275616e+00	5.349626e-04
1.585348e+03	1.252283e+00	1.510750e-02	1.291624e+00	5.356760e-04
1.585583e+03	1.270934e+00	1.537207e-02	1.327840e+00	5.363900e-04
1.585818e+03	1.269150e+00	1.545797e-02	1.332048e+00	5.371047e-04
1.586053e+03	1.292097e+00	1.573848e-02	1.340901e+00	5.378201e-04
1.586288e+03	1.327540e+00	1.603474e-02	1.352526e+00	5.385362e-04
1.586523e+03	1.294988e+00	1.785844e-02	1.310629e+00	5.392530e-04
1.586758e+03	1.267227e+00	1.827571e-02	1.282142e+00	5.399705e-04
1.586993e+03	1.274391e+00	2.334295e-02	1.302792e+00	5.406886e-04
1.587228e+03	1.304075e+00	2.802981e-02	1.337718e+00	5.414074e-04
1.587463e+03	nan	nan	1.356870e+00	5.421269e-04
1.587698e+03	1.305191e+00	3.730260e-02	1.342947e+00	5.428471e-04
1.587933e+03	1.266030e+00	3.897840e-02	1.319203e+00	5.435680e-04
1.588168e+03	nan	nan	1.314536e+00	5.442895e-04
1.588403e+03	1.277570e+00	3.988253e-02	1.325412e+00	5.450118e-04
1.588638e+03	1.330500e+00	4.110099e-02	1.338942e+00	5.457347e-04
1.588873e+03	1.336318e+00	4.111765e-02	1.329698e+00	5.464583e-04
1.589108e+03	1.302910e+00	4.011394e-02	1.301155e+00	5.471826e-04
1.589343e+03	1.291580e+00	3.891542e-02	1.296499e+00	5.479076e-04
1.589578e+03	1.284641e+00	2.463857e-02	1.302863e+00	5.486332e-04
1.589813e+03	1.256118e+00	1.726215e-02	1.278307e+00	5.493596e-04
1.590048e+03	1.259337e+00	1.657022e-02	1.251809e+00	5.500866e-04
1.590283e+03	1.251636e+00	1.647906e-02	1.253912e+00	5.508143e-04
1.590518e+03	1.277758e+00	1.673425e-02	1.286514e+00	5.515427e-04
1.590753e+03	1.339090e+00	1.678982e-02	1.325450e+00	5.522718e-04
1.590988e+03	1.332219e+00	1.612557e-02	1.326754e+00	5.530016e-04
1.591223e+03	1.327250e+00	1.580858e-02	1.324486e+00	5.537321e-04
1.591458e+03	1.327484e+00	1.580956e-02	1.326141e+00	5.544633e-04
1.591693e+03	1.286004e+00	1.632185e-02	1.311059e+00	5.551951e-04
1.591928e+03	1.247563e+00	1.638857e-02	1.302539e+00	5.559277e-04
1.592163e+03	1.238085e+00	1.651194e-02	1.305884e+00	5.566609e-04
1.592398e+03	1.260849e+00	1.697492e-02	1.315561e+00	5.573948e-04
1.592633e+03	1.305101e+00	1.732480e-02	1.326595e+00	5.581294e-04
1.592868e+03	1.319640e+00	1.732022e-02	1.324885e+00	5.588647e-04
1.593103e+03	1.272758e+00	1.705072e-02	1.300235e+00	5.596007e-04
1.593338e+03	1.251743e+00	1.719058e-02	1.286202e+00	5.603374e-04
1.593573e+03	1.301216e+00	1.757443e-02	1.313368e+00	5.610747e-04
1.593808e+03	1.326368e+00	1.795436e-02	1.334210e+00	5.618128e-04
1.594043e+03	1.312339e+00	1.799678e-02	1.329379e+00	5.625516e-04
1.594278e+03	1.302819e+00	1.816511e-02	1.320573e+00	5.632910e-04
1.594513e+03	1.279810e+00	1.901051e-02	1.310560e+00	5.640311e-04
1.594748e+03	1.269758e+00	1.943649e-02	1.321484e+00	5.647720e-04
1.594983e+03	1.278119e+00	2.049778e-02	1.338700e+00	5.655135e-04
1.595218e+03	1.290339e+00	2.096630e-02	1.348970e+00	5.662557e-04
1.595453e+03	1.332850e+00	2.142699e-02	1.362873e+00	5.669986e-04
1.595688e+03	1.356443e+00	2.166315e-02	1.367502e+00	5.677422e-04
1.595923e+03	1.355454e+00	2.166884e-02	1.356147e+00	5.684865e-04
1.596158e+03	1.351100e+00	2.159229e-02	1.353105e+00	5.692315e-04
1.596393e+03	1.363717e+00	2.140684e-02	1.360424e+00	5.699772e-04
1.596628e+03	1.350552e+00	2.106837e-02	1.363737e+00	5.707236e-04
1.596863e+03	1.305771e+00	1.921713e-02	1.348338e+00	5.714707e-04
1.597098e+03	1.279468e+00	1.819066e-02	1.321730e+00	5.722184e-04
1.597333e+03	1.287172e+00	1.836678e-02	1.304707e+00	5.729669e-04
1.597568e+03	1.297271e+00	1.795947e-02	1.298505e+00	5.737161e-04
1.597803e+03	1.320174e+00	1.786747e-02	1.311375e+00	5.744659e-04
1.598038e+03	1.338591e+00	1.792549e-02	1.335011e+00	5.752165e-04
1.598273e+03	1.336155e+00	1.794933e-02	1.345517e+00	5.759677e-04
1.598508e+03	1.330611e+00	1.788032e-02	1.348553e+00	5.767197e-04
1.598743e+03	1.315992e+00	1.785755e-02	1.348177e+00	5.774723e-04
1.598978e+03	1.300664e+00	1.776024e-02	1.338517e+00	5.782257e-04
1.599213e+03	1.286480e+00	1.811722e-02	1.323525e+00	5.789797e-04
1.599448e+03	1.289012e+00	1.850626e-02	1.312622e+00	5.797345e-04
1.599683e+03	1.291716e+00	1.881891e-02	1.310445e+00	5.804899e-04
1.599918e+03	1.314753e+00	1.911280e-02	1.322579e+00	5.812461e-04
1.600153e+03	1.349786e+00	1.938488e-02	1.344271e+00	5.820029e-04
1.600388e+03	1.362787e+00	1.992110e-02	1.352644e+00	5.827605e-04
1.600623e+03	1.349507e+00	2.089553e-02	1.336416e+00	5.835187e-04
1.600858e+03	1.306224e+00	2.162944e-02	1.340831e+00	5.842777e-04
1.601093e+03	1.348738e+00	2.405840e-02	1.374207e+00	5.850373e-04
1.601328e+03	1.350867e+00	2.482610e-02	1.378116e+00	5.857976e-04
1.601563e+03	1.329047e+00	2.458639e-02	1.352993e+00	5.865587e-04
1.601798e+03	1.311417e+00	2.442719e-02	1.336919e+00	5.873204e-04
1.602033e+03	1.297997e+00	2.424456e-02	1.323984e+00	5.880829e-04
1.602268e+03	1.272970e+00	2.381640e-02	1.301793e+00	5.888461e-04
1.602503e+03	1.313266e+00	2.342910e-02	1.304663e+00	5.896099e-04
1.602738e+03	1.342057e+00	2.241902e-02	1.342844e+00	5.903745e-04
1.602973e+03	1.357974e+00	2.226049e-02	1.371336e+00	5.911397e-04
1.603208e+03	1.331871e+00	2.186716e-02	1.369792e+00	5.919057e-04
1.603443e+03	1.330946e+00	2.185158e-02	1.359919e+00	5.926724e-04
1.603678e+03	1.348769e+00	2.204789e-02	1.359609e+00	5.934398e-04
1.603913e+03	1.346474e+00	2.203420e-02	1.349626e+00	5.942078e-04
1.604148e+03	1.315441e+00	2.176478e-02	1.322939e+00	5.949766e-04
1.604383e+03	1.294333e+00	2.137381e-02	1.308933e+00	5.957461e-04
1.604618e+03	1.274542e+00	2.102125e-02	1.309679e+00	5.965163e-04
1.604853e+03	1.284945e+00	2.108041e-02	1.323451e+00	5.972872e-04
1.605088e+03	1.318647e+00	2.152372e-02	1.350403e+00	5.980588e-04
1.605323e+03	1.321627e+00	2.165169e-02	1.360764e+00	5.988311e-04
1.605558e+03	1.293932e+00	2.139525e-02	1.338235e+00	5.996041e-04
1.605793e+03	1.276480e+00	2.120889e-02	1.317160e+00	6.003779e-04
1.606028e+03	1.298418e+00	2.139535e-02	1.322174e+00	6.011523e-04
1.606263e+03	1.302662e+00	2.142403e-02	1.332543e+00	6.019274e-04
1.606498e+03	1.328243e+00	2.159907e-02	1.327299e+00	6.027033e-04
1.606733e+03	1.312035e+00	2.121408e-02	1.326420e+00	6.034799e-04
1.606968e+03	1.323129e+00	2.128266e-02	1.347120e+00	6.042571e-04
1.607203e+03	1.313304e+00	2.123644e-02	1.354419e+00	6.050351e-04
1.607438e+03	1.300006e+00	2.115064e-02	1.352647e+00	6.058138e-04
1.607673e+03	1.298151e+00	2.123415e-02	1.353595e+00	6.065932e-04
1.607908e+03	1.295425e+00	1.962928e-02	1.349083e+00	6.073733e-04
1.608143e+03	1.331814e+00	1.839878e-02	1.355412e+00	6.081541e-04
1.608378e+03	1.345273e+00	1.853548e-02	1.362383e+00	6.089356e-04
1.608613e+03	1.347904e+00	1.855175e-02	1.360558e+00	6.097178e-04
1.608848e+03	1.357939e+00	1.855722e-02	1.365856e+00	6.105008e-04
1.609083e+03	1.367930e+00	1.895705e-02	1.372701e+00	6.112844e-04
1.609318e+03	1.333934e+00	2.465880e-02	1.356680e+00	6.120688e-04
1.609553e+03	1.305953e+00	3.248698e-02	1.345520e+00	6.128539e-04
1.609788e+03	1.302235e+00	3.483418e-02	1.349952e+00	6.136397e-04
1.610023e+03	1.313964e+00	3.718792e-02	1.359418e+00	6.144262e-04
1.610258e+03	1.340506e+00	4.188446e-02	1.366599e+00	6.152134e-04
1.610493e+03	1.315063e+00	4.902925e-02	1.352361e+00	6.160013e-04
1.610728e+03	nan	nan	1.335674e+00	6.167900e-04
1.610963e+03	nan	nan	1.336128e+00	6.175793e-04
1.611198e+03	1.267312e+00	5.286508e-02	1.336967e+00	6.183694e-04
1.611433e+03	1.280131e+00	5.355222e-02	1.342073e+00	6.191602e-04
1.611668e+03	nan	nan	1.355479e+00	6.199517e-04
1.611903e+03	1.274073e+00	5.295917e-02	1.351314e+00	6.207439e-04
1.612138e+03	nan	nan	1.336723e+00	6.215368e-04
1.612373e+03	1.314452e+00	4.647640e-02	1.342873e+00	6.223304e-04
1.612608e+03	1.321926e+00	3.432533e-02	1.363687e+00	6.231248e-04
1.612843e+03	1.310377e+00	3.119804e-02	1.375515e+00	6.239199e-04
1.613078e+03	1.289921e+00	2.474776e-02	1.363164e+00	6.247156e-04
1.613313e+03	1.280124e+00	1.866267e-02	1.346192e+00	6.255122e-04
1.613548e+03	1.293661e+00	1.838613e-02	1.344898e+00	6.263094e-04
1.613783e+03	1.293132e+00	1.747148e-02	1.348691e+00	6.271073e-04
1.614018e+03	1.305169e+00	1.672431e-02	1.357134e+00	6.279060e-04
1.614253e+03	1.315644e+00	1.639487e-02	1.367859e+00	6.287053e-04
1.614488e+03	1.317395e+00	1.611471e-02	1.368088e+00	6.295054e-04
1.614723e+03	1.318211e+00	1.611890e-02	1.359507e+00	6.303062e-04
1.614958e+03	1.314565e+00	1.607268e-02	1.358906e+00	6.311078e-04
1.615193e+03	1.302109e+00	1.603844e-02	1.359869e+00	6.319100e-04
1.615428e+03	nan	nan	1.344151e+00	6.327130e-04
1.615663e+03	1.256317e+00	1.621518e-02	1.340172e+00	6.335167e-04
1.615898e+03	1.320455e+00	1.664333e-02	1.354782e+00	6.343211e-04
1.616133e+03	1.377876e+00	1.855752e-02	1.363131e+00	6.351262e-04
1.616368e+03	nan	nan	1.368551e+00	6.359320e-04
1.616603e+03	nan	nan	1.383901e+00	6.367386e-04
1.616838e+03	1.315921e+00	1.806463e-02	1.383680e+00	6.375459e-04
1.617073e+03	1.317415e+00	1.825162e-02	1.375689e+00	6.383539e-04
1.617308e+03	1.344758e+00	1.863099e-02	1.389363e+00	6.391626e-04
1.617543e+03	1.397308e+00	2.140869e-02	1.414809e+00	6.399721e-04
1.617778e+03	1.398871e+00	2.342043e-02	1.425662e+00	6.407822e-04
1.618013e+03	1.395825e+00	2.333585e-02	1.415692e+00	6.415931e-04
1.618248e+03	1.348158e+00	2.264131e-02	1.386876e+00	6.424047e-04
1.618483e+03	1.303379e+00	2.157598e-02	1.357674e+00	6.432171e-04
1.618718e+03	1.288153e+00	2.049656e-02	1.353109e+00	6.440301e-04
1.618953e+03	1.312478e+00	2.086819e-02	1.347793e+00	6.448439e-04
1.619188e+03	1.303852e+00	2.014547e-02	1.328568e+00	6.456584e-04
1.619423e+03	1.284551e+00	1.916266e-02	1.311699e+00	6.464737e-04
1.619658e+03	1.283994e+00	1.863696e-02	1.315004e+00	6.472896e-04
1.619893e+03	1.287381e+00	1.862285e-02	1.325391e+00	6.481063e-04
1.620128e+03	1.308349e+00	1.854866e-02	1.340353e+00	6.489237e-04
1.620363e+03	1.343468e+00	1.867468e-02	1.368820e+00	6.497418e-04
1.620598e+03	1.349084e+00	1.863580e-02	1.375263e+00	6.505607e-04
1.620833e+03	1.306993e+00	1.814088e-02	1.346251e+00	6.513803e-04
1.621068e+03	1.256482e+00	1.760077e-02	1.321967e+00	6.522006e-04
1.621303e+03	1.269139e+00	1.760196e-02	1.330768e+00	6.530216e-04
1.621538e+03	1.340043e+00	1.794740e-02	1.357662e+00	6.538434e-04
1.621773e+03	1.366659e+00	1.792095e-02	1.367036e+00	6.546658e-04
1.622008e+03	1.366803e+00	1.773028e-02	1.372115e+00	6.554891e-04
1.622243e+03	1.368432e+00	1.768513e-02	1.380568e+00	6.563130e-04
1.622478e+03	1.368663e+00	1.751995e-02	1.378305e+00	6.571377e-04
1.622713e+03	1.357520e+00	1.733320e-02	1.380730e+00	6.579631e-04
1.622948e+03	1.334373e+00	1.721596e-02	1.372960e+00	6.587892e-04
1.623183e+03	1.343128e+00	1.716859e-02	1.367549e+00	6.596160e-04
1.623418e+03	1.366463e+00	1.672434e-02	1.381409e+00	6.604436e-04
1.623653e+03	1.368285e+00	1.669263e-02	1.388024e+00	6.612719e-04
1.623888e+03	1.351567e+00	1.718041e-02	1.391534e+00	6.621010e-04
1.624123e+03	1.363298e+00	1.724179e-02	1.396521e+00	6.629307e-04
1.624358e+03	1.393021e+00	1.743875e-02	1.400444e+00	6.637612e-04
1.624593e+03	1.388670e+00	1.747742e-02	1.386772e+00	6.645925e-04
1.624828e+03	1.353254e+00	1.655686e-02	1.375831e+00	6.654244e-04
1.625063e+03	1.312494e+00	1.540243e-02	1.375688e+00	6.662571e-04
1.625298e+03	1.294165e+00	1.534360e-02	1.364115e+00	6.670905e-04
1.625533e+03	1.278479e+00	1.523896e-02	1.342894e+00	6.679247e-04
1.625768e+03	1.246985e+00	1.524604e-02	1.336068e+00	6.687596e-04
1.626003e+03	1.231676e+00	1.489004e-02	1.340429e+00	6.695952e-04
1.626238e+03	nan	nan	1.360616e+00	6.704315e-04
1.626473e+03	nan	nan	1.383433e+00	6.712686e-04
1.626708e+03	1.325176e+00	1.610193e-02	1.381763e+00	6.721064e-04
1.626943e+03	1.325698e+00	1.641906e-02	1.379323e+00	6.729450e-04
1.627178e+03	1.377652e+00	1.669691e-02	1.398241e+00	6.737843e-04
1.627413e+03	1.389446e+00	1.667060e-02	1.399469e+00	6.746243e-04
1.627648e+03	1.330500e+00	1.633883e-02	1.384571e+00	6.754650e-04
1.627883e+03	1.334905e+00	1.645752e-02	1.383337e+00	6.763065e-04
1.628118e+03	1.356129e+00	1.646501e-02	1.383095e+00	6.771487e-04
1.628353e+03	1.362908e+00	1.641337e-02	1.382204e+00	6.779917e-04
1.628588e+03	1.375567e+00	1.651493e-02	1.385864e+00	6.788354e-04
1.628823e+03	nan	nan	1.380428e+00	6.796798e-04
1.629058e+03	nan	nan	1.376266e+00	6.805249e-04
1.629293e+03	1.306373e+00	1.700925e-02	1.379132e+00	6.813708e-04
1.629528e+03	1.307083e+00	1.729702e-02	1.387837e+00	6.822175e-04
1.629763e+03	1.350126e+00	1.762603e-02	1.396231e+00	6.830648e-04
1.629998e+03	1.367655e+00	1.739092e-02	1.391594e+00	6.839129e-04
1.630233e+03	1.343280e+00	1.751970e-02	1.390355e+00	6.847618e-04
1.630468e+03	1.312605e+00	1.746166e-02	1.394232e+00	6.856113e-04
1.630703e+03	1.315169e+00	1.730155e-02	1.378343e+00	6.864616e-04
1.630938e+03	1.310402e+00	1.758059e-02	1.352444e+00	6.873127e-04
1.631173e+03	1.316255e+00	1.768355e-02	1.356669e+00	6.881645e-04
1.631408e+03	1.352509e+00	1.932404e-02	1.382294e+00	6.890170e-04
1.631643e+03	1.371150e+00	1.899378e-02	1.391282e+00	6.898703e-04
1.631878e+03	1.375064e+00	1.901912e-02	1.382961e+00	6.907243e-04
1.632113e+03	1.347118e+00	1.852614e-02	1.362925e+00	6.915790e-04
1.632348e+03	1.332308e+00	1.785117e-02	1.352423e+00	6.924345e-04
1.632583e+03	1.360165e+00	1.790651e-02	1.364584e+00	6.932907e-04
1.632818e+03	1.353852e+00	1.784842e-02	1.374159e+00	6.941477e-04
1.633053e+03	1.337506e+00	1.796441e-02	1.383866e+00	6.950054e-04
1.633288e+03	1.380860e+00	1.827894e-02	1.410857e+00	6.958638e-04
1.633523e+03	1.408170e+00	1.818829e-02	1.430844e+00	6.967230e-04
1.633758e+03	1.331111e+00	2.186736e-02	1.422015e+00	6.975829e-04
1.633993e+03	1.320833e+00	2.110368e-02	1.400749e+00	6.984436e-04
1.634228e+03	1.368265e+00	1.659411e-02	1.387220e+00	6.993050e-04
1.634463e+03	nan	nan	1.377455e+00	7.001672e-04
1.634698e+03	nan	nan	1.369920e+00	7.010301e-04
1.634933e+03	1.391232e+00	1.656975e-02	1.377901e+00	7.018937e-04
1.635168e+03	1.371868e+00	1.636879e-02	1.388194e+00	7.027581e-04
1.635403e+03	1.342975e+00	1.615362e-02	1.386583e+00	7.036232e-04
1.635638e+03	1.344685e+00	1.628748e-02	1.380641e+00	7.044890e-04
1.635873e+03	1.356847e+00	1.646050e-02	1.379778e+00	7.053557e-04
1.636108e+03	1.350004e+00	1.648573e-02	1.381134e+00	7.062230e-04
1.636343e+03	1.361574e+00	1.644327e-02	1.382782e+00	7.070911e-04
1.636578e+03	1.369973e+00	1.640544e-02	1.380389e+00	7.079599e-04
1.636813e+03	1.367194e+00	1.636068e-02	1.370411e+00	7.088295e-04
1.637048e+03	1.352323e+00	1.626351e-02	1.368628e+00	7.096998e-04
1.637283e+03	1.361162e+00	1.626336e-02	1.395339e+00	7.105709e-04
1.637518e+03	1.412721e+00	1.635133e-02	1.427024e+00	7.114427e-04
1.637753e+03	1.428566e+00	1.657155e-02	1.425575e+00	7.123153e-04
1.637988e+03	1.366926e+00	1.637579e-02	1.406500e+00	7.131886e-04
1.638223e+03	1.375832e+00	1.694266e-02	1.399330e+00	7.140627e-04
1.638458e+03	1.392245e+00	1.810216e-02	1.401289e+00	7.149375e-04
1.638693e+03	1.391650e+00	1.837774e-02	1.401275e+00	7.158130e-04
1.638928e+03	1.377731e+00	1.831217e-02	1.409713e+00	7.166893e-04
1.639163e+03	1.364155e+00	1.959783e-02	1.414256e+00	7.175664e-04
1.639398e+03	1.352141e+00	2.350581e-02	1.388938e+00	7.184441e-04
1.639633e+03	1.343234e+00	2.715141e-02	1.371094e+00	7.193227e-04
1.639868e+03	1.337000e+00	3.506476e-02	1.385029e+00	7.202020e-04
1.640103e+03	1.337855e+00	3.890640e-02	1.400903e+00	7.210820e-04
1.640338e+03	1.336928e+00	4.338775e-02	1.402488e+00	7.219628e-04
1.640573e+03	nan	nan	1.406582e+00	7.228443e-04
1.640808e+03	nan	nan	1.415928e+00	7.237266e-04
1.641043e+03	1.340231e+00	4.593142e-02	1.412193e+00	7.246096e-04
1.641278e+03	1.332601e+00	4.695547e-02	1.397839e+00	7.254934e-04
1.641513e+03	1.333686e+00	4.705302e-02	1.376696e+00	7.263779e-04
1.641748e+03	1.345034e+00	4.679153e-02	1.362004e+00	7.272632e-04
1.641983e+03	1.383409e+00	4.787588e-02	1.376160e+00	7.281493e-04
1.642218e+03	1.410583e+00	4.608100e-02	1.392701e+00	7.290360e-04
1.642453e+03	1.403431e+00	3.929538e-02	1.394806e+00	7.299236e-04
1.642688e+03	nan	nan	1.387782e+00	7.308119e-04
1.642923e+03	nan	nan	1.389427e+00	7.317009e-04
1.643158e+03	1.372453e+00	2.350631e-02	1.404830e+00	7.325907e-04
1.643393e+03	1.379509e+00	2.104804e-02	1.409346e+00	7.334812e-04
1.643628e+03	1.395128e+00	1.924356e-02	1.402636e+00	7.343725e-04
1.643863e+03	nan	nan	1.401714e+00	7.352646e-04
1.644098e+03	1.391955e+00	1.858417e-02	1.404003e+00	7.361574e-04
1.644333e+03	1.372671e+00	1.857200e-02	1.416335e+00	7.370509e-04
1.644568e+03	1.395241e+00	1.916094e-02	1.422913e+00	7.379452e-04
1.644803e+03	1.379991e+00	2.131466e-02	1.416235e+00	7.388403e-04
1.645038e+03	1.400583e+00	3.056277e-02	1.420327e+00	7.397361e-04
1.645273e+03	1.405201e+00	4.831009e-02	1.406766e+00	7.406327e-04
1.645508e+03	1.400792e+00	7.063202e-02	1.394748e+00	7.415300e-04
1.645743e+03	nan	nan	1.404467e+00	7.424281e-04
1.645978e+03	1.519609e+00	1.011886e-01	1.397860e+00	7.433269e-04
1.646213e+03	1.396187e+00	8.964313e-02	1.388848e+00	7.442265e-04
1.646448e+03	1.363900e+00	7.068150e-02	1.392202e+00	7.451268e-04
1.646683e+03	1.372474e+00	4.855892e-02	1.396290e+00	7.460279e-04
1.646918e+03	1.373157e+00	3.157475e-02	1.399549e+00	7.469298e-04
1.647153e+03	1.368951e+00	2.377764e-02	1.412673e+00	7.478324e-04
1.647388e+03	1.368256e+00	2.160288e-02	1.418328e+00	7.487357e-04
1.647623e+03	1.360706e+00	2.124743e-02	1.414295e+00	7.496399e-04
1.647858e+03	1.359969e+00	2.188596e-02	1.408956e+00	7.505447e-04
1.648093e+03	1.374985e+00	2.315388e-02	1.405168e+00	7.514504e-04
1.648328e+03	1.393926e+00	2.413548e-02	1.410442e+00	7.523568e-04
1.648563e+03	1.401012e+00	2.439406e-02	1.412863e+00	7.532639e-04
1.648798e+03	1.387978e+00	2.469175e-02	1.410583e+00	7.541718e-04
1.649033e+03	1.344724e+00	2.478876e-02	1.399162e+00	7.550805e-04
1.649268e+03	1.303152e+00	2.454769e-02	1.388304e+00	7.559899e-04
1.649503e+03	1.328537e+00	2.817903e-02	1.397425e+00	7.569001e-04
1.649738e+03	1.323358e+00	2.550234e-02	1.393009e+00	7.578111e-04
1.649973e+03	1.357395e+00	2.544792e-02	1.376359e+00	7.587228e-04
1.650208e+03	1.385502e+00	2.587897e-02	1.393545e+00	7.596352e-04
1.650443e+03	1.395817e+00	2.581771e-02	1.409820e+00	7.605485e-04
1.650678e+03	1.355761e+00	2.518482e-02	1.389672e+00	7.614625e-04
1.650913e+03	1.345537e+00	2.502191e-02	1.372713e+00	7.623772e-04
1.651148e+03	1.367165e+00	2.475909e-02	1.380811e+00	7.632927e-04
1.651383e+03	1.362418e+00	2.463379e-02	1.394736e+00	7.642090e-04
1.651618e+03	1.348601e+00	2.397857e-02	1.395367e+00	7.651260e-04
1.651853e+03	1.350837e+00	2.351732e-02	1.394475e+00	7.660438e-04
1.652088e+03	nan	nan	1.406829e+00	7.669623e-04
1.652323e+03	nan	nan	1.411607e+00	7.678817e-04
1.652558e+03	1.394011e+00	2.071131e-02	1.401754e+00	7.688017e-04
1.652793e+03	1.388066e+00	2.044812e-02	1.386418e+00	7.697226e-04
1.653028e+03	1.386092e+00	2.017171e-02	1.391346e+00	7.706442e-04
1.653263e+03	1.385826e+00	1.980758e-02	1.416939e+00	7.715665e-04
1.653498e+03	1.400637e+00	1.996134e-02	1.427263e+00	7.724897e-04
1.653733e+03	1.416734e+00	2.027297e-02	1.415822e+00	7.734136e-04
1.653968e+03	1.404702e+00	2.263233e-02	1.392961e+00	7.743382e-04
1.654203e+03	1.378994e+00	3.285049e-02	1.387585e+00	7.752636e-04
1.654438e+03	1.360530e+00	5.129943e-02	1.393319e+00	7.761898e-04
1.654673e+03	1.331186e+00	7.496135e-02	1.394672e+00	7.771168e-04
1.654908e+03	1.314376e+00	9.498379e-02	1.401358e+00	7.780445e-04
1.655143e+03	1.281515e+00	1.027872e-01	1.409377e+00	7.789730e-04
1.655378e+03	1.310890e+00	9.489361e-02	1.414176e+00	7.799022e-04
1.655613e+03	1.389835e+00	7.484744e-02	1.418755e+00	7.808322e-04
1.655848e+03	1.402668e+00	5.150554e-02	1.422491e+00	7.817630e-04
1.656083e+03	1.406400e+00	3.280034e-02	1.431267e+00	7.826945e-04
1.656318e+03	1.427224e+00	2.126230e-02	1.438252e+00	7.836268e-04
1.656553e+03	1.422406e+00	1.775638e-02	1.429348e+00	7.845599e-04
1.656788e+03	1.424769e+00	1.714658e-02	1.427249e+00	7.854938e-04
1.657023e+03	1.458537e+00	1.696825e-02	1.431694e+00	7.864284e-04
1.657258e+03	1.438423e+00	1.677924e-02	1.422037e+00	7.873637e-04
1.657493e+03	1.394873e+00	1.662924e-02	1.409461e+00	7.882999e-04
1.657728e+03	1.371512e+00	1.648386e-02	1.402923e+00	7.892368e-04
1.657963e+03	1.380694e+00	1.644924e-02	1.418091e+00	7.901745e-04
1.658198e+03	1.412676e+00	1.656692e-02	1.434075e+00	7.911129e-04
1.658433e+03	1.412159e+00	1.649071e-02	1.414511e+00	7.920521e-04
1.658668e+03	1.384233e+00	1.625223e-02	1.391352e+00	7.929921e-04
1.658903e+03	1.397663e+00	1.613424e-02	1.398565e+00	7.939329e-04
1.659138e+03	1.394562e+00	1.600736e-02	1.409001e+00	7.948744e-04
1.659373e+03	1.400615e+00	1.594979e-02	1.408647e+00	7.958167e-04
1.659608e+03	1.403944e+00	1.598497e-02	1.406803e+00	7.967597e-04
1.659843e+03	1.382912e+00	1.570538e-02	1.401239e+00	7.977036e-04
1.660078e+03	1.401709e+00	1.567511e-02	1.399140e+00	7.986482e-04
1.660313e+03	1.375289e+00	1.551133e-02	1.396116e+00	7.995936e-04
1.660548e+03	1.378950e+00	1.546770e-02	1.402109e+00	8.005397e-04
1.660783e+03	1.352199e+00	1.534403e-02	1.399424e+00	8.014866e-04
1.661018e+03	1.311387e+00	1.529168e-02	1.374091e+00	8.024343e-04
1.661253e+03	1.387357e+00	1.559848e-02	1.375245e+00	8.033828e-04
1.661488e+03	1.391108e+00	1.537511e-02	1.401654e+00	8.043320e-04
1.661723e+03	1.407256e+00	1.545172e-02	1.411520e+00	8.052820e-04
1.661958e+03	1.404478e+00	1.542085e-02	1.403074e+00	8.062328e-04
1.662193e+03	1.375981e+00	1.533504e-02	1.384342e+00	8.071843e-04
1.662428e+03	1.355816e+00	1.528574e-02	1.375441e+00	8.081366e-04
1.662663e+03	1.412126e+00	1.544628e-02	1.400498e+00	8.090897e-04
1.662898e+03	1.473840e+00	1.559755e-02	1.430122e+00	8.100436e-04
1.663133e+03	1.455709e+00	1.545651e-02	1.437407e+00	8.109982e-04
1.663368e+03	1.432062e+00	1.538218e-02	1.432166e+00	8.119536e-04
1.663603e+03	1.411178e+00	1.548329e-02	1.425700e+00	8.129098e-04
1.663838e+03	1.422405e+00	1.546610e-02	1.425714e+00	8.138668e-04
1.664073e+03	1.419199e+00	1.559219e-02	1.427571e+00	8.148245e-04
1.664308e+03	1.439547e+00	1.646504e-02	1.434868e+00	8.157830e-04
1.664543e+03	1.488345e+00	1.686226e-02	1.439800e+00	8.167423e-04
1.664778e+03	1.468298e+00	1.681227e-02	1.423160e+00	8.177024e-04
1.665013e+03	1.445431e+00	1.676761e-02	1.418113e+00	8.186632e-04
1.665248e+03	1.426816e+00	1.668165e-02	1.429189e+00	8.196248e-04
1.665483e+03	1.412720e+00	1.662349e-02	1.439509e+00	8.205872e-04
1.665718e+03	1.437655e+00	1.668477e-02	1.445205e+00	8.215504e-04
1.665953e+03	1.423704e+00	1.733953e-02	1.428337e+00	8.225143e-04
1.666188e+03	1.375405e+00	1.751246e-02	1.411164e+00	8.234790e-04
1.666423e+03	1.368764e+00	1.779272e-02	1.409609e+00	8.244445e-04
1.666658e+03	1.382764e+00	1.747090e-02	1.409469e+00	8.254108e-04
1.666893e+03	1.375203e+00	1.767437e-02	1.411744e+00	8.263779e-04
1.667128e+03	1.363127e+00	1.732064e-02	1.410726e+00	8.273457e-04
1.667363e+03	1.347239e+00	1.716497e-02	1.396922e+00	8.283143e-04
1.667598e+03	1.325796e+00	1.732430e-02	1.390464e+00	8.292837e-04
1.667833e+03	1.299895e+00	1.691305e-02	1.383220e+00	8.302538e-04
1.668068e+03	1.312061e+00	1.694364e-02	1.380126e+00	8.312248e-04
1.668303e+03	1.358008e+00	1.711541e-02	1.415217e+00	8.321965e-04
1.668538e+03	1.398859e+00	1.728097e-02	1.443779e+00	8.331690e-04
1.668773e+03	1.417375e+00	1.737426e-02	1.439327e+00	8.341423e-04
1.669008e+03	1.432150e+00	1.747311e-02	1.436048e+00	8.351163e-04
1.669243e+03	1.415197e+00	1.751926e-02	1.424094e+00	8.360912e-04
1.669478e+03	1.398561e+00	1.751370e-02	1.406979e+00	8.370668e-04
1.669713e+03	1.393237e+00	1.733320e-02	1.416256e+00	8.380432e-04
1.669948e+03	1.364427e+00	1.716168e-02	1.420189e+00	8.390204e-04
1.670183e+03	1.360115e+00	1.715898e-02	1.416840e+00	8.399983e-04
1.670418e+03	1.394008e+00	1.728354e-02	1.419938e+00	8.409771e-04
1.670653e+03	1.428651e+00	1.746382e-02	1.420580e+00	8.419566e-04
1.670888e+03	1.437363e+00	1.743544e-02	1.414041e+00	8.429369e-04
1.671123e+03	1.416375e+00	1.685997e-02	1.403094e+00	8.439180e-04
1.671358e+03	1.415380e+00	1.679551e-02	1.406720e+00	8.448998e-04
1.671593e+03	1.427262e+00	1.686268e-02	1.420459e+00	8.458825e-04
1.671828e+03	1.414858e+00	1.702986e-02	1.418242e+00	8.468659e-04
1.672063e+03	1.388898e+00	1.699535e-02	1.413229e+00	8.478501e-04
1.672298e+03	1.354974e+00	1.682911e-02	1.398807e+00	8.488351e-04
1.672533e+03	1.362475e+00	1.696220e-02	1.395706e+00	8.498209e-04
1.672768e+03	1.386828e+00	1.688104e-02	1.411054e+00	8.508075e-04
1.673003e+03	1.383953e+00	1.679504e-02	1.419579e+00	8.517948e-04
1.673238e+03	1.386690e+00	1.671884e-02	1.416915e+00	8.527829e-04
1.673473e+03	1.403650e+00	1.675598e-02	1.418856e+00	8.537719e-04
1.673708e+03	1.416600e+00	1.707741e-02	1.434947e+00	8.547616e-04
1.673943e+03	1.414050e+00	1.705781e-02	1.446493e+00	8.557520e-04
1.674178e+03	1.395814e+00	1.698713e-02	1.436018e+00	8.567433e-04
1.674413e+03	1.371800e+00	1.717567e-02	1.413526e+00	8.577354e-04
1.674648e+03	1.374200e+00	1.729335e-02	1.410192e+00	8.587282e-04
1.674883e+03	1.441070e+00	1.765217e-02	1.438595e+00	8.597218e-04
1.675118e+03	1.469877e+00	1.825661e-02	1.452127e+00	8.607162e-04
1.675353e+03	1.410628e+00	1.807591e-02	1.426092e+00	8.617114e-04
1.675588e+03	1.388582e+00	1.742345e-02	1.421527e+00	8.627074e-04
1.675823e+03	1.419150e+00	1.648698e-02	1.444943e+00	8.637042e-04
1.676058e+03	nan	nan	1.449871e+00	8.647017e-04
1.676293e+03	1.412479e+00	1.845453e-02	1.429382e+00	8.657001e-04
1.676528e+03	1.368104e+00	1.787546e-02	1.404766e+00	8.666992e-04
1.676763e+03	1.372868e+00	1.682894e-02	1.395554e+00	8.676991e-04
1.676998e+03	1.370481e+00	1.623208e-02	1.402861e+00	8.686998e-04
1.677233e+03	1.388355e+00	1.605040e-02	1.408775e+00	8.697013e-04
1.677468e+03	1.401037e+00	1.618093e-02	1.409670e+00	8.707036e-04
1.677703e+03	1.396736e+00	1.613194e-02	1.416268e+00	8.717067e-04
1.677938e+03	1.419809e+00	1.592311e-02	1.430530e+00	8.727105e-04
1.678173e+03	1.438982e+00	1.556436e-02	1.435171e+00	8.737152e-04
1.678408e+03	1.407990e+00	1.588956e-02	1.422473e+00	8.747206e-04
1.678643e+03	1.392465e+00	1.617283e-02	1.420549e+00	8.757268e-04
1.678878e+03	1.414937e+00	1.828328e-02	1.433234e+00	8.767338e-04
1.679113e+03	1.434267e+00	2.014766e-02	1.440430e+00	8.777416e-04
1.679348e+03	1.428196e+00	2.231215e-02	1.437455e+00	8.787502e-04
1.679583e+03	1.426803e+00	2.323296e-02	1.427111e+00	8.797596e-04
1.679818e+03	1.423442e+00	2.353917e-02	1.423791e+00	8.807698e-04
1.680053e+03	1.390672e+00	2.871002e-02	1.424771e+00	8.817808e-04
1.680288e+03	1.400895e+00	3.197530e-02	1.421933e+00	8.827925e-04
1.680523e+03	1.444337e+00	3.277986e-02	1.423276e+00	8.838051e-04
1.680758e+03	1.450486e+00	3.277229e-02	1.432432e+00	8.848184e-04
1.680993e+03	1.413360e+00	3.204626e-02	1.428674e+00	8.858325e-04
1.681228e+03	1.392458e+00	3.166122e-02	1.422973e+00	8.868474e-04
1.681463e+03	1.386737e+00	3.146362e-02	1.425418e+00	8.878632e-04
1.681698e+03	1.377317e+00	3.156180e-02	1.429721e+00	8.888797e-04
1.681933e+03	1.390197e+00	2.976058e-02	1.438305e+00	8.898970e-04
1.682168e+03	1.418955e+00	2.716458e-02	1.437187e+00	8.909150e-04
1.682403e+03	1.427418e+00	2.523962e-02	1.417807e+00	8.919339e-04
1.682638e+03	1.416094e+00	2.436964e-02	1.399187e+00	8.929536e-04
1.682873e+03	1.409688e+00	2.095994e-02	1.402104e+00	8.939741e-04
1.683108e+03	1.418647e+00	1.865302e-02	1.423137e+00	8.949953e-04
1.683343e+03	1.435364e+00	1.805182e-02	1.433698e+00	8.960174e-04
1.683578e+03	1.440523e+00	1.752057e-02	1.426080e+00	8.970402e-04
1.683813e+03	1.440874e+00	1.736915e-02	1.420733e+00	8.980639e-04
1.684048e+03	1.434621e+00	1.737956e-02	1.410074e+00	8.990883e-04
1.684283e+03	1.417986e+00	1.724480e-02	1.392987e+00	9.001135e-04
1.684518e+03	1.372256e+00	1.623353e-02	1.393053e+00	9.011396e-04
1.684753e+03	1.341603e+00	1.566479e-02	1.407456e+00	9.021664e-04
1.684988e+03	1.364009e+00	1.566768e-02	1.414554e+00	9.031940e-04
1.685223e+03	1.386962e+00	1.562836e-02	1.416140e+00	9.042224e-04
1.685458e+03	1.386339e+00	1.555068e-02	1.416206e+00	9.052516e-04
1.685693e+03	1.402546e+00	1.553345e-02	1.410943e+00	9.062816e-04
1.685928e+03	1.421770e+00	1.553779e-02	1.414568e+00	9.073124e-04
1.686163e+03	1.438590e+00	1.552156e-02	1.420809e+00	9.083440e-04
1.686398e+03	1.425877e+00	1.559905e-02	1.411615e+00	9.093764e-04
1.686633e+03	1.382283e+00	1.553885e-02	1.393278e+00	9.104096e-04
1.686868e+03	1.335760e+00	1.545999e-02	1.367948e+00	9.114436e-04
1.687103e+03	1.340421e+00	1.561046e-02	1.360958e+00	9.124784e-04
1.687338e+03	1.342338e+00	1.616520e-02	1.385704e+00	9.135140e-04
1.687573e+03	1.356886e+00	1.720682e-02	1.396003e+00	9.145504e-04
1.687808e+03	1.395302e+00	1.799769e-02	1.396741e+00	9.155875e-04
1.688043e+03	1.371810e+00	1.862337e-02	1.399240e+00	9.166255e-04
1.688278e+03	1.354365e+00	1.991034e-02	1.383000e+00	9.176643e-04
1.688513e+03	1.344321e+00	2.075327e-02	1.370218e+00	9.187039e-04
1.688748e+03	1.339738e+00	2.072705e-02	1.373099e+00	9.197442e-04
1.688983e+03	1.333919e+00	2.057547e-02	1.374298e+00	9.207854e-04
1.689218e+03	1.322437e+00	1.925415e-02	1.362009e+00	9.218274e-04
1.689453e+03	1.301841e+00	1.934691e-02	1.351667e+00	9.228701e-04
1.689688e+03	1.324309e+00	2.091278e-02	1.365035e+00	9.239137e-04
1.689923e+03	1.376454e+00	1.978386e-02	1.390189e+00	9.249581e-04
1.690158e+03	1.416497e+00	1.858037e-02	1.411524e+00	9.260033e-04
1.690393e+03	1.405931e+00	1.842340e-02	1.417855e+00	9.270492e-04
1.690628e+03	1.406739e+00	1.814950e-02	1.408505e+00	9.280960e-04
1.690863e+03	1.400477e+00	1.750209e-02	1.385871e+00	9.291436e-04
1.691098e+03	1.389977e+00	1.671124e-02	1.382600e+00	9.301919e-04
1.691333e+03	1.427699e+00	1.631507e-02	1.405402e+00	9.312411e-04
1.691568e+03	1.460719e+00	1.600827e-02	1.420664e+00	9.322911e-04
1.691803e+03	1.428081e+00	1.574868e-02	1.399855e+00	9.333419e-04
1.692038e+03	1.379840e+00	1.551348e-02	1.352053e+00	9.343934e-04
1.692273e+03	1.348344e+00	1.540838e-02	1.329796e+00	9.354458e-04
1.692508e+03	1.318954e+00	1.543671e-02	1.330359e+00	9.364990e-04
1.692743e+03	1.335489e+00	1.551036e-02	1.354042e+00	9.375530e-04
1.692978e+03	1.398809e+00	1.571743e-02	1.390613e+00	9.386078e-04
1.693213e+03	1.428718e+00	1.559628e-02	1.399408e+00	9.396634e-04
1.693448e+03	1.413733e+00	1.535149e-02	1.400317e+00	9.407198e-04
1.693683e+03	1.404263e+00	1.552904e-02	1.411197e+00	9.417770e-04
1.693918e+03	1.380171e+00	1.569189e-02	1.414935e+00	9.428350e-04
1.694153e+03	1.355808e+00	1.561753e-02	1.391026e+00	9.438938e-04
1.694388e+03	1.341797e+00	1.561151e-02	1.369395e+00	9.449534e-04
1.694623e+03	1.330356e+00	1.542805e-02	1.373959e+00	9.460138e-04
1.694858e+03	1.351167e+00	1.538687e-02	1.373534e+00	9.470750e-04
1.695093e+03	1.384719e+00	1.544744e-02	1.359387e+00	9.481370e-04
1.695328e+03	1.381737e+00	1.557987e-02	1.359512e+00	9.491998e-04
1.695563e+03	1.371454e+00	1.606346e-02	1.365763e+00	9.502635e-04
1.695798e+03	1.354991e+00	1.624896e-02	1.366723e+00	9.513279e-04
1.696033e+03	1.400970e+00	1.612673e-02	1.377886e+00	9.523932e-04
1.696268e+03	1.398630e+00	1.578625e-02	1.383470e+00	9.534592e-04
1.696503e+03	1.369064e+00	1.680215e-02	1.373905e+00	9.545261e-04
1.696738e+03	1.341138e+00	1.552184e-02	1.367780e+00	9.555937e-04
1.696973e+03	1.344532e+00	1.529473e-02	1.366522e+00	9.566622e-04
1.697208e+03	1.325433e+00	1.511773e-02	1.354714e+00	9.577315e-04
1.697443e+03	1.322252e+00	1.522248e-02	1.353231e+00	9.588015e-04
1.697678e+03	1.319606e+00	1.524174e-02	1.334670e+00	9.598724e-04
1.697913e+03	1.325099e+00	1.552811e-02	1.317232e+00	9.609441e-04
1.698148e+03	1.390617e+00	1.580403e-02	1.355150e+00	9.620166e-04
1.698383e+03	1.415759e+00	1.597442e-02	1.388275e+00	9.630899e-04
1.698618e+03	1.372747e+00	1.588093e-02	1.376369e+00	9.641640e-04
1.698853e+03	1.377168e+00	1.590219e-02	1.372932e+00	9.652390e-04
1.699088e+03	1.399650e+00	1.634435e-02	1.380598e+00	9.663147e-04
1.699323e+03	1.369575e+00	1.592306e-02	1.353940e+00	9.673912e-04
1.699558e+03	1.335669e+00	1.583317e-02	1.321073e+00	9.684686e-04
1.699793e+03	1.361343e+00	1.616633e-02	1.328772e+00	9.695467e-04
1.700028e+03	1.368949e+00	1.627284e-02	1.344450e+00	9.706257e-04
1.700263e+03	1.357728e+00	1.626791e-02	1.352780e+00	9.717055e-04
1.700498e+03	1.368472e+00	1.665721e-02	1.365325e+00	9.727861e-04
1.700733e+03	nan	nan	1.356791e+00	9.738674e-04
1.700968e+03	1.256672e+00	1.773222e-02	1.319292e+00	9.749497e-04
1.701203e+03	1.238185e+00	1.837644e-02	1.328739e+00	9.760327e-04
1.701438e+03	1.306024e+00	2.006291e-02	1.362278e+00	9.771165e-04
1.701673e+03	1.335749e+00	2.062958e-02	1.379043e+00	9.782011e-04
1.701908e+03	1.375466e+00	1.968196e-02	1.396841e+00	9.792866e-04
1.702143e+03	1.406004e+00	1.902813e-02	1.397926e+00	9.803728e-04
1.702378e+03	1.404765e+00	1.890513e-02	1.369084e+00	9.814599e-04
1.702613e+03	1.357503e+00	1.835596e-02	1.337485e+00	9.825478e-04
1.702848e+03	1.355268e+00	1.833908e-02	1.333001e+00	9.836365e-04
1.703083e+03	1.381671e+00	1.862447e-02	1.356252e+00	9.847260e-04
1.703318e+03	1.377481e+00	1.883821e-02	1.364632e+00	9.858163e-04
1.703553e+03	1.335777e+00	1.855363e-02	1.341982e+00	9.869074e-04
1.703788e+03	1.308721e+00	1.831375e-02	1.332990e+00	9.879993e-04
1.704023e+03	1.294970e+00	1.811210e-02	1.326595e+00	9.890921e-04
1.704258e+03	1.302329e+00	1.791859e-02	1.327053e+00	9.901856e-04
1.704493e+03	1.311550e+00	1.745339e-02	1.332328e+00	9.912800e-04
1.704728e+03	1.341547e+00	1.739720e-02	1.345148e+00	9.923752e-04
1.704963e+03	1.355243e+00	1.730455e-02	1.348448e+00	9.934712e-04
1.705198e+03	1.327563e+00	1.720281e-02	1.323055e+00	9.945680e-04
1.705433e+03	1.277274e+00	1.711571e-02	1.296333e+00	9.956656e-04
1.705668e+03	1.288358e+00	1.709221e-02	1.307081e+00	9.967641e-04
1.705903e+03	1.344778e+00	1.672330e-02	1.341497e+00	9.978633e-04
1.706138e+03	1.379175e+00	1.587832e-02	1.363824e+00	9.989634e-04
1.706373e+03	1.363608e+00	1.592751e-02	1.345713e+00	1.000064e-03
1.706608e+03	1.317442e+00	1.572568e-02	1.305888e+00	1.001166e-03
1.706843e+03	1.306395e+00	1.574555e-02	1.310609e+00	1.002269e-03
1.707078e+03	1.324787e+00	1.563912e-02	1.329942e+00	1.003372e-03
1.707313e+03	1.289125e+00	1.540193e-02	1.323223e+00	1.004476e-03
1.707548e+03	1.258360e+00	1.539881e-02	1.307072e+00	1.005581e-03
1.707783e+03	1.300059e+00	1.543910e-02	1.323871e+00	1.006687e-03
1.708018e+03	1.337283e+00	1.550480e-02	1.331652e+00	1.007793e-03
1.708253e+03	1.267084e+00	1.537655e-02	1.278736e+00	1.008901e-03
1.708488e+03	1.228340e+00	1.523032e-02	1.240710e+00	1.010009e-03
1.708723e+03	1.235813e+00	1.527554e-02	1.249810e+00	1.011118e-03
1.708958e+03	1.302411e+00	1.545863e-02	1.300902e+00	1.012228e-03
1.709193e+03	1.336000e+00	1.557953e-02	1.324927e+00	1.013339e-03
1.709428e+03	1.343216e+00	1.558120e-02	1.325674e+00	1.014450e-03
1.709663e+03	1.353913e+00	1.564572e-02	1.350497e+00	1.015562e-03
1.709898e+03	1.354862e+00	1.583590e-02	1.353099e+00	1.016675e-03
1.710133e+03	1.360363e+00	1.629427e-02	1.347862e+00	1.017789e-03
1.710368e+03	1.355627e+00	1.706159e-02	1.335049e+00	1.018904e-03
1.710603e+03	1.318530e+00	1.695336e-02	1.288889e+00	1.020020e-03
1.710838e+03	1.274016e+00	1.663711e-02	1.236605e+00	1.021136e-03
1.711073e+03	1.253110e+00	1.660929e-02	1.221773e+00	1.022253e-03
1.711308e+03	1.271366e+00	1.675692e-02	1.242837e+00	1.023371e-03
1.711543e+03	1.277030e+00	1.759694e-02	1.239205e+00	1.024490e-03
1.711778e+03	1.286991e+00	1.763701e-02	1.246721e+00	1.025610e-03
1.712013e+03	1.304664e+00	1.789952e-02	1.270179e+00	1.026730e-03
1.712248e+03	1.261638e+00	1.744459e-02	1.270004e+00	1.027852e-03
1.712483e+03	1.274150e+00	1.726789e-02	1.283677e+00	1.028974e-03
1.712718e+03	1.327498e+00	1.728760e-02	1.306779e+00	1.030097e-03
1.712953e+03	1.342889e+00	1.700681e-02	1.297110e+00	1.031220e-03
1.713188e+03	1.339490e+00	1.683461e-02	1.298780e+00	1.032345e-03
1.713423e+03	1.333607e+00	1.628747e-02	1.304587e+00	1.033470e-03
1.713658e+03	1.301477e+00	1.583869e-02	1.278532e+00	1.034597e-03
1.713893e+03	1.248810e+00	1.548629e-02	1.237555e+00	1.035724e-03
1.714128e+03	1.236830e+00	1.534156e-02	1.220851e+00	1.036852e-03
1.714363e+03	1.217076e+00	1.539746e-02	1.201515e+00	1.037980e-03
1.714598e+03	1.186812e+00	1.526406e-02	1.196610e+00	1.039110e-03
1.714833e+03	1.249568e+00	1.566263e-02	1.215636e+00	1.040240e-03
1.715068e+03	1.263500e+00	1.544009e-02	1.235847e+00	1.041371e-03
1.715303e+03	1.298996e+00	1.547074e-02	1.270655e+00	1.042503e-03
1.715538e+03	1.312820e+00	1.551320e-02	1.285244e+00	1.043636e-03
1.715773e+03	1.281444e+00	1.536816e-02	1.258856e+00	1.044770e-03
1.716008e+03	1.226471e+00	1.536903e-02	1.225894e+00	1.045904e-03
1.716243e+03	1.240679e+00	1.524509e-02	1.244574e+00	1.047039e-03
1.716478e+03	1.326781e+00	1.555463e-02	1.298603e+00	1.048176e-03
1.716713e+03	1.318531e+00	1.551190e-02	1.276462e+00	1.049312e-03
1.716948e+03	1.268949e+00	1.533849e-02	1.233936e+00	1.050450e-03
1.717183e+03	1.285037e+00	1.548678e-02	1.246427e+00	1.051589e-03
1.717418e+03	1.232046e+00	1.532124e-02	1.221804e+00	1.052728e-03
1.717653e+03	1.189306e+00	1.524018e-02	1.202993e+00	1.053868e-03
1.717888e+03	1.223719e+00	1.537956e-02	1.234396e+00	1.055009e-03
1.718123e+03	1.227776e+00	1.541693e-02	1.229122e+00	1.056151e-03
1.718358e+03	1.176825e+00	1.527739e-02	1.193802e+00	1.057294e-03
1.718593e+03	1.165117e+00	1.525903e-02	1.188004e+00	1.058437e-03
1.718828e+03	1.170035e+00	1.534162e-02	1.187201e+00	1.059582e-03
1.719063e+03	1.179003e+00	1.560236e-02	1.185705e+00	1.060727e-03
1.719298e+03	1.156251e+00	1.522894e-02	1.169058e+00	1.061873e-03
1.719533e+03	1.135830e+00	1.520383e-02	1.146350e+00	1.063020e-03
1.719768e+03	1.201531e+00	1.548646e-02	1.180343e+00	1.064167e-03
1.720003e+03	1.219239e+00	1.539318e-02	1.203139e+00	1.065316e-03
1.720238e+03	1.227327e+00	1.544842e-02	1.224934e+00	1.066465e-03
1.720473e+03	1.310682e+00	1.588659e-02	1.286140e+00	1.067615e-03
1.720708e+03	1.322748e+00	1.589677e-02	1.286147e+00	1.068766e-03
1.720943e+03	1.232252e+00	1.561686e-02	1.211140e+00	1.069918e-03
1.721178e+03	1.165000e+00	1.570430e-02	1.157382e+00	1.071070e-03
1.721413e+03	1.178386e+00	1.573609e-02	1.161509e+00	1.072224e-03
1.721648e+03	1.196625e+00	1.556108e-02	1.194722e+00	1.073378e-03
1.721883e+03	1.286590e+00	1.584007e-02	1.276621e+00	1.074533e-03
1.722118e+03	1.338841e+00	1.659861e-02	1.319428e+00	1.075689e-03
1.722353e+03	1.274860e+00	1.798769e-02	1.264523e+00	1.076846e-03
1.722588e+03	1.217834e+00	1.853595e-02	1.219136e+00	1.078003e-03
1.722823e+03	1.211335e+00	1.934308e-02	1.207997e+00	1.079161e-03
1.723058e+03	1.201124e+00	1.928962e-02	1.191196e+00	1.080321e-03
1.723293e+03	1.192333e+00	1.930458e-02	1.179729e+00	1.081481e-03
1.723528e+03	1.129637e+00	1.862593e-02	1.144123e+00	1.082642e-03
1.723763e+03	1.109603e+00	1.768404e-02	1.135588e+00	1.083803e-03
1.723998e+03	1.190914e+00	1.774043e-02	1.201532e+00	1.084966e-03
1.724233e+03	1.250310e+00	1.804799e-02	1.253692e+00	1.086129e-03
1.724468e+03	1.254889e+00	1.780431e-02	1.255596e+00	1.087293e-03
1.724703e+03	1.243270e+00	1.689471e-02	1.245810e+00	1.088458e-03
1.724938e+03	1.220311e+00	1.647880e-02	1.220944e+00	1.089624e-03
1.725173e+03	1.241926e+00	1.691802e-02	1.223544e+00	1.090791e-03
1.725408e+03	1.254316e+00	1.676327e-02	1.240612e+00	1.091958e-03
1.725643e+03	1.241272e+00	1.649519e-02	1.248995e+00	1.093127e-03
1.725878e+03	1.230674e+00	1.652890e-02	1.260555e+00	1.094296e-03
1.726113e+03	1.182932e+00	1.627061e-02	1.219680e+00	1.095466e-03
1.726348e+03	1.154715e+00	1.622649e-02	1.161609e+00	1.096636e-03
1.726583e+03	1.128087e+00	1.610438e-02	1.112817e+00	1.097808e-03
1.726818e+03	1.114980e+00	1.639903e-02	1.090544e+00	1.098981e-03
1.727053e+03	1.110557e+00	1.645125e-02	1.107360e+00	1.100154e-03
1.727288e+03	1.117174e+00	1.663048e-02	1.122346e+00	1.101328e-03
1.727523e+03	1.184890e+00	1.669833e-02	1.176903e+00	1.102503e-03
1.727758e+03	1.241801e+00	1.681518e-02	1.232724e+00	1.103679e-03
1.727993e+03	1.256319e+00	1.662807e-02	1.250685e+00	1.104855e-03
1.728228e+03	1.250075e+00	1.659538e-02	1.253270e+00	1.106033e-03
1.728463e+03	1.231041e+00	1.634772e-02	1.231806e+00	1.107211e-03
1.728698e+03	1.248527e+00	1.642066e-02	1.221454e+00	1.108390e-03
1.728933e+03	1.207423e+00	1.625251e-02	1.178413e+00	1.109570e-03
1.729168e+03	1.159701e+00	1.610336e-02	1.128170e+00	1.110751e-03
1.729403e+03	1.133913e+00	1.595651e-02	1.105835e+00	1.111933e-03
1.729638e+03	1.123261e+00	1.589603e-02	1.117908e+00	1.113115e-03
1.729873e+03	1.159161e+00	1.601741e-02	1.169925e+00	1.114298e-03
1.730108e+03	1.191572e+00	1.595638e-02	1.198883e+00	1.115482e-03
1.730343e+03	1.228707e+00	1.601130e-02	1.228713e+00	1.116667e-03
1.730578e+03	1.273682e+00	1.604608e-02	1.275471e+00	1.117853e-03
1.730813e+03	1.301237e+00	1.612353e-02	1.296892e+00	1.119040e-03
1.731048e+03	1.253114e+00	1.607985e-02	1.254624e+00	1.120227e-03
1.731283e+03	1.161959e+00	1.575504e-02	1.181221e+00	1.121415e-03
1.731518e+03	1.149027e+00	1.578179e-02	1.150862e+00	1.122605e-03
1.731753e+03	1.091861e+00	1.557556e-02	1.112134e+00	1.123794e-03
1.731988e+03	1.032065e+00	1.541632e-02	1.072524e+00	1.124985e-03
1.732223e+03	1.089221e+00	1.564949e-02	1.112459e+00	1.126177e-03
1.732458e+03	1.163105e+00	1.680105e-02	1.177113e+00	1.127369e-03
1.732693e+03	1.190466e+00	1.664553e-02	1.191712e+00	1.128563e-03
1.732928e+03	1.187751e+00	1.668470e-02	1.177917e+00	1.129757e-03
1.733163e+03	1.200740e+00	1.677008e-02	1.195786e+00	1.130952e-03
1.733398e+03	1.204822e+00	1.674164e-02	1.210101e+00	1.132147e-03
1.733633e+03	1.193200e+00	1.662808e-02	1.198713e+00	1.133344e-03
1.733868e+03	1.191786e+00	1.691275e-02	1.202322e+00	1.134542e-03
1.734103e+03	1.153908e+00	1.784677e-02	1.168931e+00	1.135740e-03
1.734338e+03	1.095298e+00	1.789551e-02	1.112502e+00	1.136939e-03
1.734573e+03	1.079671e+00	2.104923e-02	1.093965e+00	1.138139e-03
1.734808e+03	1.106301e+00	2.398380e-02	1.109459e+00	1.139340e-03
1.735043e+03	1.101990e+00	2.456105e-02	1.103189e+00	1.140541e-03
1.735278e+03	1.100950e+00	2.549322e-02	1.112979e+00	1.141744e-03
1.735513e+03	1.092581e+00	2.567159e-02	1.117954e+00	1.142947e-03
1.735748e+03	1.117851e+00	2.617626e-02	1.149176e+00	1.144151e-03
1.735983e+03	1.142292e+00	2.646370e-02	1.180663e+00	1.145356e-03
1.736218e+03	1.163792e+00	2.665395e-02	1.176756e+00	1.146562e-03
1.736453e+03	1.179011e+00	2.684054e-02	1.179633e+00	1.147769e-03
1.736688e+03	1.170156e+00	2.662039e-02	1.168482e+00	1.148976e-03
1.736923e+03	1.141708e+00	2.614600e-02	1.148669e+00	1.150185e-03
1.737158e+03	1.107683e+00	2.550715e-02	1.122361e+00	1.151394e-03
1.737393e+03	1.145945e+00	2.611593e-02	1.142792e+00	1.152604e-03
1.737628e+03	1.230579e+00	2.691247e-02	1.204237e+00	1.153815e-03
1.737863e+03	1.187857e+00	1.783779e-02	1.185782e+00	1.155026e-03
1.738098e+03	1.118122e+00	1.530683e-02	1.151387e+00	1.156239e-03
1.738333e+03	1.141205e+00	1.497100e-02	1.158209e+00	1.157452e-03
1.738568e+03	1.171941e+00	1.506250e-02	1.164953e+00	1.158667e-03
1.738803e+03	1.209874e+00	1.513016e-02	1.172950e+00	1.159882e-03
1.739038e+03	1.185026e+00	1.506661e-02	1.153306e+00	1.161097e-03
1.739273e+03	1.183148e+00	1.514041e-02	1.154930e+00	1.162314e-03
1.739508e+03	1.166158e+00	1.508357e-02	1.159548e+00	1.163532e-03
1.739743e+03	1.150096e+00	1.499804e-02	1.155764e+00	1.164750e-03
1.739978e+03	1.118134e+00	1.497337e-02	1.148476e+00	1.165969e-03
1.740213e+03	1.121921e+00	1.503679e-02	1.144770e+00	1.167189e-03
1.740448e+03	1.087458e+00	1.518307e-02	1.087273e+00	1.168410e-03
1.740683e+03	1.043750e+00	1.210808e-02	1.058665e+00	1.169632e-03
1.740918e+03	1.066377e+00	1.244852e-02	1.092137e+00	1.170855e-03
1.741153e+03	1.112339e+00	1.287016e-02	1.123041e+00	1.172078e-03
1.741388e+03	1.158675e+00	1.322190e-02	1.158908e+00	1.173303e-03
1.741623e+03	1.182383e+00	1.349896e-02	1.183281e+00	1.174528e-03
1.741858e+03	1.207786e+00	1.378076e-02	1.194227e+00	1.175754e-03
1.742093e+03	1.239352e+00	1.420836e-02	1.212819e+00	1.176980e-03
1.742328e+03	1.183814e+00	1.391468e-02	1.180802e+00	1.178208e-03
1.742563e+03	1.087991e+00	1.366283e-02	1.116064e+00	1.179437e-03
1.742798e+03	1.076642e+00	1.353078e-02	1.095443e+00	1.180666e-03
1.743033e+03	1.126782e+00	1.402715e-02	1.122642e+00	1.181896e-03
1.743268e+03	1.137028e+00	1.394749e-02	1.150895e+00	1.183127e-03
1.743503e+03	1.154428e+00	1.403320e-02	1.167314e+00	1.184359e-03
1.743738e+03	1.109690e+00	1.394097e-02	1.124679e+00	1.185592e-03
1.743973e+03	1.064587e+00	1.376645e-02	1.095328e+00	1.186825e-03
1.744208e+03	1.113097e+00	1.421133e-02	1.126314e+00	1.188060e-03
1.744443e+03	1.170242e+00	1.476433e-02	1.145919e+00	1.189295e-03
1.744678e+03	nan	nan	1.122824e+00	1.190531e-03
1.744913e+03	1.177626e+00	1.784535e-02	1.098225e+00	1.191768e-03
1.745148e+03	1.119885e+00	1.698668e-02	1.101198e+00	1.193006e-03
1.745383e+03	1.201985e+00	1.828303e-02	1.118078e+00	1.194244e-03
1.745618e+03	1.143528e+00	1.584963e-02	1.122268e+00	1.195484e-03
1.745853e+03	1.134965e+00	1.524214e-02	1.134191e+00	1.196724e-03
1.746088e+03	1.183905e+00	1.591734e-02	1.168922e+00	1.197965e-03
1.746323e+03	1.204651e+00	1.576191e-02	1.187530e+00	1.199207e-03
1.746558e+03	1.142752e+00	1.530778e-02	1.145978e+00	1.200450e-03
1.746793e+03	1.113052e+00	1.509620e-02	1.101996e+00	1.201694e-03
1.747028e+03	1.096216e+00	1.497537e-02	1.071206e+00	1.202938e-03
1.747263e+03	1.056113e+00	1.444315e-02	1.050167e+00	1.204183e-03
1.747498e+03	1.046201e+00	1.448580e-02	1.052305e+00	1.205430e-03
1.747733e+03	1.083319e+00	1.478616e-02	1.084277e+00	1.206677e-03
1.747968e+03	1.079684e+00	1.486807e-02	1.094955e+00	1.207925e-03
1.748203e+03	1.025799e+00	1.445638e-02	1.058491e+00	1.209173e-03
1.748438e+03	1.051883e+00	1.459483e-02	1.067266e+00	1.210423e-03
1.748673e+03	1.155635e+00	1.568458e-02	1.147863e+00	1.211673e-03
1.748908e+03	1.189097e+00	1.564463e-02	1.187684e+00	1.212925e-03
1.749143e+03	1.139942e+00	1.531797e-02	1.143670e+00	1.214177e-03
1.749378e+03	nan	nan	1.101386e+00	1.215430e-03
1.749613e+03	nan	nan	1.106335e+00	1.216684e-03
1.749848e+03	1.132497e+00	1.613608e-02	1.124225e+00	1.217938e-03
1.750083e+03	1.134760e+00	1.642578e-02	1.112313e+00	1.219194e-03
1.750318e+03	1.063173e+00	1.586736e-02	1.048105e+00	1.220450e-03
1.750553e+03	9.641993e-01	1.517518e-02	9.822255e-01	1.221707e-03
1.750788e+03	9.349859e-01	1.485640e-02	9.655540e-01	1.222965e-03
1.751023e+03	1.027219e+00	1.599244e-02	1.021267e+00	1.224224e-03
1.751258e+03	1.084062e+00	1.626443e-02	1.081328e+00	1.225484e-03
1.751493e+03	1.095692e+00	1.610583e-02	1.092448e+00	1.226745e-03
1.751728e+03	1.083663e+00	1.596833e-02	1.085004e+00	1.228006e-03
1.751963e+03	1.044416e+00	1.546064e-02	1.064049e+00	1.229268e-03
1.752198e+03	1.036885e+00	1.459587e-02	1.061414e+00	1.230531e-03
1.752433e+03	1.084876e+00	1.460641e-02	1.085938e+00	1.231795e-03
1.752668e+03	1.138873e+00	1.453375e-02	1.122083e+00	1.233060e-03
1.752903e+03	1.192560e+00	1.440888e-02	1.163420e+00	1.234326e-03
1.753138e+03	1.162359e+00	1.334430e-02	1.168568e+00	1.235592e-03
1.753373e+03	1.097893e+00	1.275396e-02	1.120278e+00	1.236860e-03
1.753608e+03	1.047023e+00	1.255001e-02	1.078092e+00	1.238128e-03
1.753843e+03	1.065884e+00	1.224747e-02	1.074067e+00	1.239397e-03
1.754078e+03	1.063531e+00	1.206191e-02	1.072645e+00	1.240667e-03
1.754313e+03	nan	nan	1.033447e+00	1.241938e-03
1.754548e+03	1.011079e+00	1.178406e-02	1.018752e+00	1.243209e-03
1.754783e+03	1.070919e+00	1.192556e-02	1.070819e+00	1.244482e-03
1.755018e+03	1.124185e+00	1.197133e-02	1.115522e+00	1.245755e-03
1.755253e+03	1.112435e+00	1.189645e-02	1.092465e+00	1.247029e-03
1.755488e+03	1.087914e+00	1.187727e-02	1.056562e+00	1.248304e-03
1.755723e+03	1.046428e+00	1.167007e-02	1.024775e+00	1.249580e-03
1.755958e+03	9.961276e-01	1.152791e-02	9.833184e-01	1.250857e-03
1.756193e+03	9.819981e-01	1.168099e-02	9.810704e-01	1.252134e-03
1.756428e+03	9.915295e-01	1.191904e-02	1.000536e+00	1.253413e-03
1.756663e+03	9.921373e-01	1.181562e-02	1.000836e+00	1.254692e-03
1.756898e+03	9.864907e-01	1.161803e-02	1.002067e+00	1.255972e-03
1.757133e+03	1.031291e+00	1.171020e-02	1.040246e+00	1.257253e-03
1.757368e+03	1.108211e+00	1.193120e-02	1.094957e+00	1.258535e-03
1.757603e+03	1.110004e+00	1.191463e-02	1.083589e+00	1.259818e-03
1.757838e+03	1.054984e+00	1.171038e-02	1.028439e+00	1.261101e-03
1.758073e+03	1.030658e+00	1.165880e-02	1.005425e+00	1.262386e-03
1.758308e+03	1.034069e+00	1.162356e-02	1.008166e+00	1.263671e-03
1.758543e+03	1.034699e+00	1.174459e-02	1.000897e+00	1.264957e-03
1.758778e+03	1.005742e+00	1.154525e-02	9.874535e-01	1.266244e-03
1.759013e+03	1.010989e+00	1.154880e-02	1.016670e+00	1.267532e-03
1.759248e+03	1.051179e+00	1.162409e-02	1.063635e+00	1.268820e-03
1.759483e+03	1.079321e+00	1.167430e-02	1.077215e+00	1.270110e-03
1.759718e+03	1.081463e+00	1.171105e-02	1.085499e+00	1.271400e-03
1.759953e+03	1.068411e+00	1.169608e-02	1.084733e+00	1.272691e-03
1.760188e+03	1.091469e+00	1.190611e-02	1.101431e+00	1.273983e-03
1.760423e+03	1.126640e+00	1.226338e-02	1.092896e+00	1.275276e-03
1.760658e+03	1.037931e+00	1.191277e-02	1.004158e+00	1.276570e-03
1.760893e+03	9.521486e-01	1.157379e-02	9.543810e-01	1.277865e-03
1.761128e+03	9.740838e-01	1.206887e-02	9.748011e-01	1.279160e-03
1.761363e+03	1.043180e+00	1.250207e-02	1.018471e+00	1.280456e-03
1.761598e+03	1.092100e+00	1.281226e-02	1.065705e+00	1.281753e-03
1.761833e+03	1.127042e+00	1.327908e-02	1.078124e+00	1.283051e-03
1.762068e+03	1.032030e+00	1.258195e-02	1.032192e+00	1.284350e-03
1.762303e+03	9.788812e-01	1.244383e-02	9.818073e-01	1.285650e-03
1.762538e+03	9.808609e-01	1.265316e-02	9.739966e-01	1.286951e-03
1.762773e+03	9.629354e-01	1.251474e-02	9.655592e-01	1.288252e-03
1.763008e+03	9.623473e-01	1.245303e-02	9.685165e-01	1.289554e-03
1.763243e+03	9.650308e-01	1.234263e-02	9.782042e-01	1.290857e-03
1.763478e+03	1.021145e+00	1.209742e-02	1.030977e+00	1.292161e-03
1.763713e+03	1.132830e+00	1.247835e-02	1.104203e+00	1.293466e-03
1.763948e+03	1.125202e+00	1.241973e-02	1.094289e+00	1.294772e-03
1.764183e+03	1.035952e+00	1.202158e-02	1.028151e+00	1.296079e-03
1.764418e+03	9.677406e-01	1.181864e-02	9.696033e-01	1.297386e-03
1.764653e+03	9.741530e-01	1.167860e-02	9.616326e-01	1.298694e-03
1.764888e+03	1.047484e+00	1.181356e-02	1.017994e+00	1.300003e-03
1.765123e+03	1.088307e+00	1.182514e-02	1.064216e+00	1.301313e-03
1.765358e+03	1.077268e+00	1.184325e-02	1.067572e+00	1.302624e-03
1.765593e+03	nan	nan	1.055934e+00	1.303936e-03
1.765828e+03	nan	nan	1.078968e+00	1.305248e-03
1.766063e+03	1.121913e+00	1.195080e-02	1.138197e+00	1.306562e-03
1.766298e+03	1.162767e+00	1.203649e-02	1.165210e+00	1.307876e-03
1.766533e+03	1.140304e+00	1.205236e-02	1.136353e+00	1.309191e-03
1.766768e+03	1.092364e+00	1.208082e-02	1.062981e+00	1.310507e-03
1.767003e+03	9.971755e-01	1.172934e-02	9.616153e-01	1.311824e-03
1.767238e+03	9.534955e-01	1.167265e-02	9.346146e-01	1.313141e-03
1.767473e+03	9.756534e-01	1.173267e-02	9.595838e-01	1.314460e-03
1.767708e+03	9.707743e-01	1.182713e-02	9.499237e-01	1.315779e-03
1.767943e+03	9.517480e-01	1.168164e-02	9.305099e-01	1.317100e-03
1.768178e+03	9.519702e-01	1.171672e-02	9.275693e-01	1.318421e-03
1.768413e+03	9.363706e-01	1.179404e-02	9.116894e-01	1.319743e-03
1.768648e+03	9.494706e-01	1.209897e-02	9.203487e-01	1.321066e-03
1.768883e+03	9.845226e-01	1.228938e-02	9.514098e-01	1.322389e-03
1.769118e+03	1.018663e+00	1.247942e-02	9.928158e-01	1.323714e-03
1.769353e+03	1.036422e+00	1.271047e-02	1.029807e+00	1.325039e-03
1.769588e+03	1.064297e+00	1.331261e-02	1.069050e+00	1.326365e-03
1.769823e+03	1.105266e+00	1.409566e-02	1.105107e+00	1.327692e-03
1.770058e+03	1.065028e+00	1.393733e-02	1.061068e+00	1.329020e-03
1.770293e+03	1.005059e+00	1.421765e-02	1.003124e+00	1.330349e-03
1.770528e+03	1.026069e+00	1.377249e-02	1.029676e+00	1.331679e-03
1.770763e+03	1.038027e+00	1.390865e-02	1.045646e+00	1.333009e-03
1.770998e+03	9.870772e-01	1.364028e-02	9.806517e-01	1.334341e-03
1.771233e+03	9.856165e-01	1.360836e-02	9.599507e-01	1.335673e-03
1.771468e+03	9.789715e-01	1.363550e-02	9.644143e-01	1.337006e-03
1.771703e+03	9.701280e-01	1.353613e-02	9.726483e-01	1.338340e-03
1.771938e+03	1.025239e+00	1.389549e-02	1.027374e+00	1.339675e-03
1.772173e+03	9.875718e-01	1.365279e-02	1.003170e+00	1.341011e-03
1.772408e+03	9.060752e-01	1.306290e-02	9.189410e-01	1.342347e-03
1.772643e+03	9.101360e-01	1.315038e-02	8.961701e-01	1.343685e-03
1.772878e+03	9.366965e-01	1.329711e-02	9.076412e-01	1.345023e-03
1.773113e+03	9.336834e-01	1.323669e-02	9.335019e-01	1.346362e-03
1.773348e+03	9.683857e-01	1.333858e-02	9.726790e-01	1.347702e-03
1.773583e+03	1.022108e+00	1.366725e-02	1.020618e+00	1.349043e-03
1.773818e+03	1.056345e+00	1.376612e-02	1.060572e+00	1.350384e-03
1.774053e+03	1.061678e+00	1.370457e-02	1.056987e+00	1.351727e-03
1.774288e+03	1.003028e+00	1.330103e-02	1.003086e+00	1.353070e-03
1.774523e+03	9.349736e-01	1.293050e-02	9.467483e-01	1.354415e-03
1.774758e+03	9.191728e-01	1.278821e-02	9.325628e-01	1.355760e-03
1.774993e+03	9.028639e-01	1.266972e-02	9.186773e-01	1.357106e-03
1.775228e+03	8.890959e-01	1.261187e-02	9.199837e-01	1.358453e-03
1.775463e+03	9.172388e-01	1.255312e-02	9.573260e-01	1.359800e-03
1.775698e+03	9.865218e-01	1.299649e-02	1.000015e+00	1.361149e-03
1.775933e+03	9.754423e-01	1.320746e-02	9.737592e-01	1.362498e-03
1.776168e+03	9.456495e-01	1.304735e-02	9.355885e-01	1.363849e-03
1.776403e+03	9.069529e-01	1.283212e-02	8.928222e-01	1.365200e-03
1.776638e+03	8.560165e-01	1.270144e-02	8.524663e-01	1.366552e-03
1.776873e+03	8.968408e-01	1.575956e-02	8.848777e-01	1.367905e-03
1.777108e+03	9.618615e-01	1.595093e-02	9.613005e-01	1.369259e-03
1.777343e+03	1.005202e+00	1.249340e-02	9.909765e-01	1.370613e-03
1.777578e+03	9.598964e-01	1.213117e-02	9.639423e-01	1.371969e-03
1.777813e+03	9.345486e-01	1.198986e-02	9.411294e-01	1.373325e-03
1.778048e+03	9.642822e-01	1.214695e-02	9.461705e-01	1.374682e-03
1.778283e+03	9.652013e-01	1.234029e-02	9.521756e-01	1.376040e-03
1.778518e+03	9.678278e-01	1.272957e-02	9.680762e-01	1.377399e-03
1.778753e+03	9.921359e-01	1.289598e-02	9.876898e-01	1.378759e-03
1.778988e+03	9.485603e-01	1.257663e-02	9.472504e-01	1.380120e-03
1.779223e+03	9.281679e-01	1.293547e-02	9.163607e-01	1.381481e-03
1.779458e+03	9.094065e-01	1.282023e-02	9.021691e-01	1.382843e-03
1.779693e+03	8.606588e-01	1.171860e-02	8.603467e-01	1.384207e-03
1.779928e+03	9.136592e-01	1.193052e-02	9.128288e-01	1.385571e-03
1.780163e+03	1.028445e+00	1.300098e-02	1.011737e+00	1.386936e-03
1.780398e+03	1.031133e+00	1.298708e-02	1.023357e+00	1.388302e-03
1.780633e+03	1.019167e+00	1.308379e-02	9.972179e-01	1.389668e-03
1.780868e+03	1.001687e+00	1.293163e-02	9.635923e-01	1.391036e-03
1.781103e+03	9.116607e-01	1.247683e-02	8.789851e-01	1.392404e-03
1.781338e+03	8.612818e-01	1.218850e-02	8.371217e-01	1.393773e-03
1.781573e+03	8.741461e-01	1.234592e-02	8.585842e-01	1.395144e-03
1.781808e+03	9.134525e-01	1.251142e-02	9.018127e-01	1.396515e-03
1.782043e+03	9.691114e-01	1.295806e-02	9.560335e-01	1.397886e-03
1.782278e+03	9.543504e-01	1.274678e-02	9.402519e-01	1.399259e-03
1.782513e+03	9.292029e-01	1.244696e-02	9.117062e-01	1.400633e-03
1.782748e+03	9.262865e-01	1.245012e-02	9.058925e-01	1.402007e-03
1.782983e+03	9.244996e-01	1.239491e-02	9.078446e-01	1.403382e-03
1.783218e+03	9.802692e-01	1.301200e-02	9.579546e-01	1.404759e-03
1.783453e+03	1.051912e+00	1.427780e-02	1.021031e+00	1.406136e-03
1.783688e+03	nan	nan	1.037874e+00	1.407514e-03
1.783923e+03	1.044698e+00	1.301871e-02	1.031490e+00	1.408892e-03
1.784158e+03	nan	nan	1.022904e+00	1.410272e-03
1.784393e+03	1.003317e+00	1.203984e-02	1.003752e+00	1.411653e-03
1.784628e+03	9.719268e-01	1.175933e-02	9.669806e-01	1.413034e-03
1.784863e+03	9.196327e-01	1.154246e-02	9.115559e-01	1.414416e-03
1.785098e+03	9.283537e-01	1.168791e-02	9.136035e-01	1.415799e-03
1.785333e+03	9.316136e-01	1.160993e-02	9.241847e-01	1.417183e-03
1.785568e+03	8.848040e-01	1.153835e-02	8.924808e-01	1.418568e-03
1.785803e+03	8.490572e-01	1.147311e-02	8.591834e-01	1.419954e-03
1.786038e+03	8.667954e-01	1.157465e-02	8.603049e-01	1.421340e-03
1.786273e+03	9.027685e-01	1.173937e-02	8.963788e-01	1.422728e-03
1.786508e+03	9.367440e-01	1.179499e-02	9.300817e-01	1.424116e-03
1.786743e+03	9.156339e-01	1.167555e-02	9.032654e-01	1.425505e-03
1.786978e+03	8.331513e-01	1.139533e-02	8.210835e-01	1.426895e-03
1.787213e+03	8.156919e-01	1.142947e-02	7.945507e-01	1.428286e-03
1.787448e+03	8.329338e-01	1.170771e-02	8.278864e-01	1.429678e-03
1.787683e+03	8.744647e-01	1.143788e-02	8.795863e-01	1.431070e-03
1.787918e+03	9.147685e-01	1.190469e-02	9.135981e-01	1.432464e-03
1.788153e+03	9.081602e-01	1.192855e-02	8.876980e-01	1.433858e-03
1.788388e+03	9.181846e-01	1.195447e-02	8.789284e-01	1.435253e-03
1.788623e+03	9.075346e-01	1.168152e-02	8.795021e-01	1.436650e-03
1.788858e+03	8.898871e-01	1.157590e-02	8.851017e-01	1.438046e-03
1.789093e+03	9.287805e-01	1.161971e-02	9.283142e-01	1.439444e-03
1.789328e+03	9.685654e-01	1.174760e-02	9.556862e-01	1.440843e-03
1.789563e+03	9.822284e-01	1.178002e-02	9.703947e-01	1.442243e-03
1.789798e+03	9.659048e-01	1.188019e-02	9.704445e-01	1.443643e-03
1.790033e+03	9.524213e-01	1.190827e-02	9.512156e-01	1.445044e-03
1.790268e+03	9.254365e-01	1.185490e-02	9.157138e-01	1.446446e-03
1.790503e+03	8.477485e-01	1.158879e-02	8.770145e-01	1.447849e-03
1.790738e+03	8.992920e-01	1.176981e-02	9.154867e-01	1.449253e-03
1.790973e+03	9.533505e-01	1.202358e-02	9.434400e-01	1.450658e-03
1.791208e+03	9.264257e-01	1.195018e-02	9.040775e-01	1.452064e-03
1.791443e+03	nan	nan	8.705953e-01	1.453470e-03
1.791678e+03	nan	nan	8.791101e-01	1.454877e-03
1.791913e+03	8.737842e-01	1.162998e-02	8.751816e-01	1.456286e-03
1.792148e+03	8.616432e-01	1.169487e-02	8.644721e-01	1.457695e-03
1.792383e+03	8.984102e-01	1.189134e-02	8.946475e-01	1.459105e-03
1.792618e+03	9.130164e-01	1.196277e-02	9.081242e-01	1.460516e-03
1.792853e+03	8.944729e-01	1.209141e-02	8.948151e-01	1.461927e-03
1.793088e+03	8.991063e-01	1.223104e-02	9.067770e-01	1.463340e-03
1.793323e+03	8.671848e-01	1.210243e-02	8.922018e-01	1.464753e-03
1.793558e+03	8.264515e-01	1.183126e-02	8.598150e-01	1.466168e-03
1.793793e+03	8.311625e-01	1.169492e-02	8.459292e-01	1.467583e-03
1.794028e+03	8.560175e-01	1.168732e-02	8.488124e-01	1.468999e-03
1.794263e+03	8.721884e-01	1.169658e-02	8.613945e-01	1.470416e-03
1.794498e+03	8.835334e-01	1.180035e-02	8.801305e-01	1.471833e-03
1.794733e+03	8.890179e-01	1.277506e-02	8.632688e-01	1.473252e-03
1.794968e+03	8.511900e-01	1.171800e-02	8.476103e-01	1.474672e-03
1.795203e+03	8.456444e-01	1.166768e-02	8.489423e-01	1.476092e-03
1.795438e+03	9.090270e-01	1.192439e-02	8.986069e-01	1.477513e-03
1.795673e+03	nan	nan	9.800409e-01	1.478935e-03
1.795908e+03	nan	nan	9.625086e-01	1.480358e-03
1.796143e+03	8.502980e-01	1.130959e-02	8.195703e-01	1.481782e-03
1.796378e+03	7.480250e-01	1.080876e-02	7.480935e-01	1.483207e-03
1.796613e+03	8.645392e-01	1.118741e-02	8.518778e-01	1.484633e-03
1.796848e+03	9.393377e-01	1.153423e-02	9.242785e-01	1.486059e-03
1.797083e+03	9.398455e-01	1.141718e-02	9.264143e-01	1.487486e-03
1.797318e+03	9.683813e-01	1.159002e-02	9.355132e-01	1.488915e-03
1.797553e+03	9.346570e-01	1.154813e-02	9.147319e-01	1.490344e-03
1.797788e+03	9.286425e-01	1.145190e-02	9.302820e-01	1.491774e-03
1.798023e+03	9.572852e-01	1.136832e-02	9.618012e-01	1.493204e-03
1.798258e+03	9.453525e-01	1.124776e-02	9.455142e-01	1.494636e-03
1.798493e+03	9.748758e-01	1.133501e-02	9.504629e-01	1.496069e-03
1.798728e+03	9.994642e-01	1.138332e-02	9.747708e-01	1.497502e-03
1.798963e+03	9.368712e-01	1.131025e-02	9.255632e-01	1.498936e-03
1.799198e+03	8.456142e-01	1.121431e-02	8.433657e-01	1.500372e-03
1.799433e+03	8.181718e-01	1.093851e-02	8.129999e-01	1.501808e-03
1.799668e+03	8.217680e-01	1.076544e-02	8.141511e-01	1.503244e-03
1.799903e+03	8.334447e-01	1.084698e-02	8.293164e-01	1.504682e-03
1.800138e+03	8.619029e-01	1.104704e-02	8.568752e-01	1.506121e-03
1.800373e+03	8.619706e-01	1.081208e-02	8.622780e-01	1.507560e-03
1.800608e+03	8.599977e-01	1.085334e-02	8.487480e-01	1.509001e-03
1.800843e+03	8.288084e-01	1.070931e-02	8.105345e-01	1.510442e-03
1.801078e+03	7.418323e-01	1.051885e-02	7.511333e-01	1.511884e-03
1.801313e+03	7.645962e-01	1.170830e-02	7.765027e-01	1.513327e-03
1.801548e+03	8.166584e-01	1.119849e-02	8.201807e-01	1.514771e-03
1.801783e+03	8.464568e-01	1.090344e-02	8.421496e-01	1.516216e-03
1.802018e+03	8.727848e-01	1.095419e-02	8.755749e-01	1.517661e-03
1.802253e+03	8.531740e-01	1.094316e-02	8.644926e-01	1.519108e-03
1.802488e+03	8.121758e-01	1.084314e-02	8.176830e-01	1.520555e-03
1.802723e+03	7.890532e-01	1.065248e-02	7.792399e-01	1.522004e-03
1.802958e+03	8.310545e-01	1.084115e-02	8.012489e-01	1.523453e-03
1.803193e+03	8.765121e-01	1.115610e-02	8.478906e-01	1.524903e-03
1.803428e+03	8.938868e-01	1.135482e-02	8.493261e-01	1.526354e-03
1.803663e+03	8.715167e-01	1.136146e-02	8.297950e-01	1.527805e-03
1.803898e+03	8.670915e-01	1.149236e-02	8.629757e-01	1.529258e-03
1.804133e+03	9.288937e-01	1.179937e-02	9.374764e-01	1.530711e-03
1.804368e+03	9.639651e-01	1.188389e-02	9.691089e-01	1.532166e-03
1.804603e+03	9.490678e-01	1.177652e-02	9.250349e-01	1.533621e-03
1.804838e+03	8.992672e-01	1.117324e-02	8.764043e-01	1.535077e-03
1.805073e+03	8.681883e-01	1.129846e-02	8.647127e-01	1.536534e-03
1.805308e+03	8.851637e-01	1.111394e-02	8.679425e-01	1.537992e-03
1.805543e+03	8.583550e-01	1.107291e-02	8.336021e-01	1.539450e-03
1.805778e+03	8.141541e-01	1.099132e-02	8.038350e-01	1.540910e-03
1.806013e+03	8.187843e-01	1.105259e-02	8.191287e-01	1.542370e-03
1.806248e+03	8.370607e-01	1.114942e-02	8.425183e-01	1.543832e-03
1.806483e+03	8.792302e-01	1.114901e-02	8.812877e-01	1.545294e-03
1.806718e+03	9.141293e-01	1.119925e-02	9.113398e-01	1.546757e-03
1.806953e+03	8.632236e-01	1.099085e-02	8.591292e-01	1.548221e-03
1.807188e+03	7.937886e-01	1.087615e-02	7.827176e-01	1.549686e-03
1.807423e+03	7.484913e-01	1.070303e-02	7.405620e-01	1.551152e-03
1.807658e+03	7.672129e-01	1.072856e-02	7.626626e-01	1.552618e-03
1.807893e+03	8.582582e-01	1.102381e-02	8.412159e-01	1.554086e-03
1.808128e+03	9.083099e-01	1.120401e-02	8.858481e-01	1.555554e-03
1.808363e+03	9.092855e-01	1.132082e-02	8.823869e-01	1.557023e-03
1.808598e+03	8.376040e-01	1.111827e-02	8.283597e-01	1.558493e-03
1.808833e+03	7.948809e-01	1.093297e-02	8.034497e-01	1.559964e-03
1.809068e+03	8.471256e-01	1.114210e-02	8.478719e-01	1.561436e-03
1.809303e+03	8.787324e-01	1.224339e-02	8.874039e-01	1.562908e-03
1.809538e+03	nan	nan	8.843086e-01	1.564382e-03
1.809773e+03	nan	nan	9.049223e-01	1.565856e-03
1.810008e+03	9.081285e-01	1.177925e-02	9.278513e-01	1.567332e-03
1.810243e+03	9.088148e-01	1.159811e-02	9.124368e-01	1.568808e-03
1.810478e+03	8.176025e-01	1.113092e-02	8.213324e-01	1.570285e-03
1.810713e+03	7.218420e-01	1.077110e-02	7.307016e-01	1.571763e-03
1.810948e+03	7.018216e-01	1.071377e-02	7.047449e-01	1.573242e-03
1.811183e+03	7.498482e-01	1.090780e-02	7.449890e-01	1.574721e-03
1.811418e+03	nan	nan	8.206683e-01	1.576202e-03
1.811653e+03	8.587528e-01	1.125631e-02	8.868845e-01	1.577683e-03
1.811888e+03	8.854988e-01	1.132197e-02	9.079652e-01	1.579166e-03
1.812123e+03	8.525226e-01	1.125274e-02	8.534214e-01	1.580649e-03
1.812358e+03	7.798101e-01	1.100908e-02	7.881576e-01	1.582133e-03
1.812593e+03	7.382056e-01	1.079445e-02	7.481966e-01	1.583618e-03
1.812828e+03	7.539757e-01	1.085874e-02	7.697649e-01	1.585104e-03
1.813063e+03	8.307709e-01	1.109326e-02	8.428809e-01	1.586590e-03
1.813298e+03	8.583795e-01	1.120004e-02	8.713540e-01	1.588078e-03
1.813533e+03	8.370551e-01	1.125505e-02	8.503634e-01	1.589566e-03
1.813768e+03	8.649854e-01	1.130651e-02	8.790809e-01	1.591056e-03
1.814003e+03	9.096618e-01	1.138047e-02	9.275181e-01	1.592546e-03
1.814238e+03	9.496105e-01	1.149452e-02	9.542773e-01	1.594037e-03
1.814473e+03	1.004535e+00	1.165891e-02	9.873753e-01	1.595529e-03
1.814708e+03	9.857036e-01	1.176299e-02	9.633753e-01	1.597021e-03
1.814943e+03	8.792008e-01	1.201341e-02	8.683604e-01	1.598515e-03
1.815178e+03	8.408460e-01	1.217673e-02	8.378390e-01	1.600010e-03
1.815413e+03	8.870195e-01	1.228560e-02	8.805720e-01	1.601505e-03
1.815648e+03	8.768658e-01	1.221934e-02	8.726501e-01	1.603001e-03
1.815883e+03	8.732327e-01	1.237059e-02	8.684235e-01	1.604499e-03
1.816118e+03	8.783721e-01	1.259522e-02	8.680347e-01	1.605997e-03
1.816353e+03	8.805612e-01	1.268431e-02	8.693950e-01	1.607496e-03
1.816588e+03	9.272736e-01	1.288751e-02	9.172718e-01	1.608995e-03
1.816823e+03	8.868185e-01	1.239396e-02	8.845433e-01	1.610496e-03
1.817058e+03	7.725330e-01	1.203528e-02	7.691010e-01	1.611998e-03
1.817293e+03	nan	nan	7.556186e-01	1.613500e-03
1.817528e+03	nan	nan	8.048205e-01	1.615003e-03
1.817763e+03	8.058237e-01	1.214375e-02	8.088735e-01	1.616508e-03
1.817998e+03	8.085811e-01	1.171343e-02	8.143431e-01	1.618013e-03
1.818233e+03	8.148607e-01	1.185734e-02	8.228580e-01	1.619519e-03
1.818468e+03	7.985066e-01	1.150316e-02	8.099707e-01	1.621025e-03
1.818703e+03	7.977647e-01	1.121289e-02	7.921713e-01	1.622533e-03
1.818938e+03	8.340184e-01	1.140631e-02	8.219603e-01	1.624042e-03
1.819173e+03	8.618872e-01	1.180399e-02	8.612256e-01	1.625551e-03
1.819408e+03	8.120311e-01	1.157935e-02	8.132027e-01	1.627061e-03
1.819643e+03	7.717719e-01	1.114454e-02	7.691692e-01	1.628573e-03
1.819878e+03	8.105454e-01	1.120813e-02	8.085024e-01	1.630085e-03
1.820113e+03	8.393397e-01	1.115129e-02	8.307130e-01	1.631598e-03
1.820348e+03	8.218477e-01	1.124876e-02	8.015486e-01	1.633111e-03
1.820583e+03	8.252298e-01	1.122645e-02	8.071956e-01	1.634626e-03
1.820818e+03	8.276117e-01	1.126277e-02	8.195534e-01	1.636142e-03
1.821053e+03	7.976974e-01	1.126857e-02	8.020439e-01	1.637658e-03
1.821288e+03	8.004401e-01	1.121780e-02	8.098943e-01	1.639176e-03
1.821523e+03	7.861071e-01	1.120210e-02	8.082687e-01	1.640694e-03
1.821758e+03	7.562172e-01	1.111519e-02	7.720358e-01	1.642213e-03
1.821993e+03	7.329423e-01	1.102755e-02	7.363631e-01	1.643733e-03
1.822228e+03	7.340692e-01	1.109760e-02	7.204175e-01	1.645254e-03
1.822463e+03	7.615972e-01	1.140137e-02	7.403713e-01	1.646775e-03
1.822698e+03	8.005643e-01	1.110634e-02	7.855085e-01	1.648298e-03
1.822933e+03	8.625660e-01	1.120027e-02	8.729217e-01	1.649822e-03
1.823168e+03	8.886074e-01	1.132278e-02	9.072139e-01	1.651346e-03
1.823403e+03	9.128095e-01	1.192089e-02	9.208232e-01	1.652871e-03
1.823638e+03	9.365395e-01	1.251375e-02	9.245382e-01	1.654397e-03
1.823873e+03	9.146890e-01	1.205937e-02	9.023940e-01	1.655924e-03
1.824108e+03	9.222359e-01	1.164431e-02	9.137761e-01	1.657452e-03
1.824343e+03	9.370148e-01	1.158701e-02	9.238166e-01	1.658981e-03
1.824578e+03	8.932476e-01	1.146416e-02	8.768600e-01	1.660510e-03
1.824813e+03	8.269579e-01	1.121917e-02	8.239702e-01	1.662041e-03
1.825048e+03	7.937408e-01	1.118731e-02	8.049501e-01	1.663572e-03
1.825283e+03	7.751635e-01	1.122998e-02	7.808219e-01	1.665105e-03
1.825518e+03	7.998819e-01	1.131905e-02	7.975345e-01	1.666638e-03
1.825753e+03	8.745439e-01	1.158700e-02	8.588435e-01	1.668172e-03
1.825988e+03	8.582241e-01	1.151263e-02	8.454931e-01	1.669707e-03
1.826223e+03	7.166270e-01	1.112353e-02	7.198541e-01	1.671242e-03
1.826458e+03	6.554013e-01	1.095854e-02	6.598058e-01	1.672779e-03
1.826693e+03	7.554296e-01	1.132854e-02	7.630979e-01	1.674317e-03
1.826928e+03	8.200558e-01	1.140397e-02	8.206410e-01	1.675855e-03
1.827163e+03	8.233970e-01	1.137202e-02	8.061778e-01	1.677394e-03
1.827398e+03	8.384160e-01	1.140219e-02	8.009304e-01	1.678934e-03
1.827633e+03	7.929818e-01	1.124067e-02	7.610414e-01	1.680475e-03
1.827868e+03	8.469451e-01	1.163444e-02	7.719268e-01	1.682017e-03
1.828103e+03	9.126732e-01	1.208977e-02	8.413902e-01	1.683560e-03
1.828338e+03	8.850645e-01	1.189887e-02	8.636019e-01	1.685104e-03
1.828573e+03	8.807162e-01	1.196070e-02	8.693998e-01	1.686648e-03
1.828808e+03	8.558853e-01	1.166337e-02	8.586792e-01	1.688194e-03
1.829043e+03	8.207639e-01	1.152895e-02	8.290521e-01	1.689740e-03
1.829278e+03	8.514017e-01	1.172123e-02	8.441999e-01	1.691287e-03
1.829513e+03	9.110819e-01	1.189796e-02	8.818030e-01	1.692835e-03
1.829748e+03	9.322674e-01	1.195763e-02	9.064025e-01	1.694384e-03
1.829983e+03	8.748126e-01	1.169293e-02	8.724202e-01	1.695934e-03
1.830218e+03	8.134900e-01	1.145906e-02	8.189687e-01	1.697485e-03
1.830453e+03	7.935919e-01	1.165382e-02	7.970283e-01	1.699037e-03
1.830688e+03	8.295973e-01	1.186468e-02	8.178880e-01	1.700589e-03
1.830923e+03	8.779417e-01	1.206121e-02	8.535116e-01	1.702142e-03
1.831158e+03	8.486974e-01	1.196427e-02	8.349158e-01	1.703697e-03
1.831393e+03	8.309802e-01	1.159790e-02	8.219111e-01	1.705252e-03
1.831628e+03	8.818677e-01	1.184151e-02	8.593390e-01	1.706808e-03
1.831863e+03	8.665643e-01	1.167266e-02	8.437537e-01	1.708365e-03
1.832098e+03	7.784009e-01	1.133012e-02	7.685715e-01	1.709922e-03
1.832333e+03	7.521111e-01	1.126140e-02	7.293560e-01	1.711481e-03
1.832568e+03	7.391297e-01	1.126497e-02	7.204867e-01	1.713040e-03
1.832803e+03	7.683546e-01	1.132538e-02	7.483347e-01	1.714601e-03
1.833038e+03	8.065247e-01	1.156459e-02	7.942841e-01	1.716162e-03
1.833273e+03	8.152726e-01	1.157824e-02	8.124152e-01	1.717724e-03
1.833508e+03	8.400555e-01	1.167576e-02	8.346069e-01	1.719287e-03
1.833743e+03	8.367895e-01	1.150016e-02	8.334756e-01	1.720851e-03
1.833978e+03	8.030238e-01	1.131378e-02	8.099844e-01	1.722416e-03
1.834213e+03	8.197158e-01	1.148546e-02	8.273873e-01	1.723982e-03
1.834448e+03	8.592416e-01	1.159793e-02	8.539118e-01	1.725548e-03
1.834683e+03	8.291950e-01	1.134430e-02	8.203173e-01	1.727116e-03
1.834918e+03	7.653457e-01	1.114341e-02	7.649487e-01	1.728684e-03
1.835153e+03	7.507395e-01	1.113235e-02	7.564433e-01	1.730253e-03
1.835388e+03	8.478462e-01	1.135784e-02	8.403378e-01	1.731823e-03
1.835623e+03	8.834593e-01	1.140753e-02	8.718198e-01	1.733394e-03
1.835858e+03	8.403582e-01	1.132304e-02	8.282684e-01	1.734966e-03
1.836093e+03	8.226020e-01	1.138462e-02	8.015165e-01	1.736539e-03
1.836328e+03	7.943301e-01	1.119054e-02	7.813404e-01	1.738112e-03
1.836563e+03	8.539465e-01	1.147786e-02	8.360340e-01	1.739687e-03
1.836798e+03	9.249801e-01	1.175386e-02	8.973946e-01	1.741262e-03
1.837033e+03	8.787966e-01	1.155988e-02	8.719877e-01	1.742838e-03
1.837268e+03	8.511971e-01	1.157450e-02	8.438641e-01	1.744415e-03
1.837503e+03	8.064383e-01	1.140902e-02	7.903961e-01	1.745993e-03
1.837738e+03	7.024208e-01	1.095079e-02	7.090589e-01	1.747572e-03
1.837973e+03	7.067918e-01	1.109610e-02	7.273567e-01	1.749152e-03
1.838208e+03	8.072402e-01	1.153229e-02	8.185673e-01	1.750733e-03
1.838443e+03	8.332895e-01	1.161415e-02	8.509307e-01	1.752314e-03
1.838678e+03	8.494152e-01	1.171327e-02	8.526553e-01	1.753896e-03
1.838913e+03	8.291197e-01	1.158966e-02	8.195299e-01	1.755480e-03
1.839148e+03	7.733780e-01	1.130130e-02	7.644861e-01	1.757064e-03
1.839383e+03	7.680944e-01	1.137349e-02	7.406982e-01	1.758649e-03
1.839618e+03	7.447060e-01	1.126314e-02	7.182331e-01	1.760235e-03
1.839853e+03	7.164505e-01	1.126636e-02	7.178916e-01	1.761822e-03
1.840088e+03	7.828866e-01	1.165271e-02	7.855940e-01	1.763409e-03
1.840323e+03	8.227500e-01	1.188463e-02	8.187353e-01	1.764998e-03
1.840558e+03	8.261724e-01	1.221558e-02	8.044121e-01	1.766587e-03
1.840793e+03	8.367445e-01	1.256076e-02	8.115174e-01	1.768178e-03
1.841028e+03	8.846143e-01	1.283243e-02	8.661039e-01	1.769769e-03
1.841263e+03	9.411007e-01	1.322763e-02	9.155049e-01	1.771361e-03
1.841498e+03	9.032748e-01	1.324660e-02	8.892473e-01	1.772954e-03
1.841733e+03	8.006966e-01	1.263075e-02	8.008556e-01	1.774548e-03
1.841968e+03	7.099290e-01	1.188331e-02	7.290966e-01	1.776142e-03
1.842203e+03	7.092477e-01	1.189071e-02	7.258906e-01	1.777738e-03
1.842438e+03	7.205506e-01	1.190423e-02	7.238739e-01	1.779334e-03
1.842673e+03	7.219626e-01	1.187544e-02	7.170662e-01	1.780932e-03
1.842908e+03	7.352068e-01	1.274378e-02	7.277954e-01	1.782530e-03
1.843143e+03	7.564338e-01	1.221295e-02	7.537742e-01	1.784129e-03
1.843378e+03	7.562038e-01	1.222731e-02	7.567047e-01	1.785729e-03
1.843613e+03	7.427483e-01	1.118148e-02	7.374622e-01	1.787330e-03
1.843848e+03	7.479672e-01	1.109661e-02	7.240435e-01	1.788932e-03
1.844083e+03	7.169899e-01	1.091009e-02	6.938258e-01	1.790535e-03
1.844318e+03	7.001259e-01	1.090686e-02	6.948815e-01	1.792138e-03
1.844553e+03	7.079933e-01	1.085353e-02	6.969716e-01	1.793742e-03
1.844788e+03	7.242653e-01	1.084806e-02	7.089358e-01	1.795348e-03
1.845023e+03	7.716368e-01	1.089627e-02	7.502779e-01	1.796954e-03
1.845258e+03	8.187532e-01	1.108143e-02	8.044764e-01	1.798561e-03
1.845493e+03	7.881952e-01	1.129741e-02	7.794122e-01	1.800169e-03
1.845728e+03	7.324709e-01	1.141151e-02	7.466017e-01	1.801778e-03
1.845963e+03	7.838498e-01	1.106956e-02	7.546741e-01	1.803387e-03
1.846198e+03	8.117644e-01	1.111719e-02	7.730769e-01	1.804998e-03
1.846433e+03	8.062943e-01	1.111389e-02	7.485855e-01	1.806609e-03
1.846668e+03	7.499034e-01	1.095028e-02	7.094826e-01	1.808222e-03
1.846903e+03	6.910667e-01	1.068310e-02	6.828717e-01	1.809835e-03
1.847138e+03	6.787134e-01	1.056947e-02	6.829337e-01	1.811449e-03
1.847373e+03	7.122839e-01	1.062826e-02	7.126923e-01	1.813064e-03
1.847608e+03	7.390409e-01	1.069861e-02	7.279359e-01	1.814680e-03
1.847843e+03	nan	nan	7.248950e-01	1.816297e-03
1.848078e+03	6.692061e-01	1.049438e-02	6.558000e-01	1.817914e-03
1.848313e+03	6.034854e-01	1.023709e-02	6.045128e-01	1.819533e-03
1.848548e+03	6.142414e-01	1.028451e-02	6.200914e-01	1.821152e-03
1.848783e+03	6.622327e-01	1.036378e-02	6.658288e-01	1.822773e-03
1.849018e+03	7.422918e-01	1.059053e-02	7.451185e-01	1.824394e-03
1.849253e+03	7.703860e-01	1.072174e-02	7.580471e-01	1.826016e-03
1.849488e+03	7.168891e-01	1.050046e-02	7.064124e-01	1.827639e-03
1.849723e+03	7.241482e-01	1.047135e-02	7.251317e-01	1.829263e-03
1.849958e+03	7.609288e-01	1.056057e-02	7.584494e-01	1.830887e-03
1.850193e+03	7.361421e-01	1.056575e-02	7.210991e-01	1.832513e-03
1.850428e+03	7.058787e-01	1.046573e-02	6.912492e-01	1.834139e-03
1.850663e+03	7.327190e-01	1.065034e-02	7.208193e-01	1.835767e-03
1.850898e+03	7.725723e-01	1.059490e-02	7.565064e-01	1.837395e-03
1.851133e+03	8.008231e-01	1.066060e-02	7.925561e-01	1.839024e-03
1.851368e+03	7.948117e-01	1.075141e-02	7.887686e-01	1.840654e-03
1.851603e+03	8.104657e-01	1.077267e-02	8.025178e-01	1.842285e-03
1.851838e+03	8.492300e-01	1.086479e-02	8.366246e-01	1.843917e-03
1.852073e+03	8.305714e-01	1.080971e-02	8.139416e-01	1.845549e-03
1.852308e+03	8.050869e-01	1.075341e-02	7.908470e-01	1.847183e-03
1.852543e+03	8.314351e-01	1.082088e-02	8.088069e-01	1.848817e-03
1.852778e+03	8.224744e-01	1.085067e-02	8.072387e-01	1.850452e-03
1.853013e+03	7.331447e-01	1.061527e-02	7.309342e-01	1.852089e-03
1.853248e+03	6.834594e-01	1.075703e-02	6.869007e-01	1.853726e-03
1.853483e+03	7.189033e-01	1.062725e-02	7.217687e-01	1.855363e-03
1.853718e+03	7.145764e-01	1.060045e-02	7.186580e-01	1.857002e-03
1.853953e+03	6.897786e-01	1.054570e-02	6.880146e-01	1.858642e-03
1.854188e+03	7.304779e-01	1.076423e-02	7.301044e-01	1.860283e-03
1.854423e+03	7.760147e-01	1.108285e-02	7.723769e-01	1.861924e-03
1.854658e+03	7.592385e-01	1.096398e-02	7.544940e-01	1.863566e-03
1.854893e+03	6.988011e-01	1.081665e-02	7.030775e-01	1.865210e-03
1.855128e+03	6.734222e-01	1.076057e-02	6.824808e-01	1.866854e-03
1.855363e+03	7.189433e-01	1.090972e-02	7.518826e-01	1.868499e-03
1.855598e+03	7.958262e-01	1.116937e-02	8.015615e-01	1.870144e-03
1.855833e+03	7.808543e-01	1.108753e-02	7.838437e-01	1.871791e-03
1.856068e+03	7.405667e-01	1.087670e-02	7.469860e-01	1.873439e-03
1.856303e+03	6.913436e-01	1.084717e-02	6.993851e-01	1.875087e-03
1.856538e+03	6.298726e-01	1.067351e-02	6.326545e-01	1.876737e-03
1.856773e+03	5.781461e-01	1.040649e-02	5.838374e-01	1.878387e-03
1.857008e+03	6.354731e-01	1.061212e-02	6.368278e-01	1.880038e-03
1.857243e+03	6.830455e-01	1.069684e-02	6.795824e-01	1.881690e-03
1.857478e+03	7.154186e-01	1.077252e-02	7.023521e-01	1.883343e-03
1.857713e+03	6.962358e-01	1.066158e-02	6.865357e-01	1.884997e-03
1.857948e+03	6.234844e-01	1.047019e-02	6.148289e-01	1.886652e-03
1.858183e+03	6.087706e-01	1.042375e-02	6.123082e-01	1.888307e-03
1.858418e+03	6.197488e-01	1.043519e-02	6.334827e-01	1.889964e-03
1.858653e+03	6.547674e-01	1.060340e-02	6.438301e-01	1.891621e-03
1.858888e+03	6.722043e-01	1.059076e-02	6.372105e-01	1.893279e-03
1.859123e+03	6.529022e-01	1.056257e-02	6.211150e-01	1.894938e-03
1.859358e+03	6.656766e-01	1.062578e-02	6.454105e-01	1.896598e-03
1.859593e+03	6.913667e-01	1.072303e-02	6.780190e-01	1.898259e-03
1.859828e+03	7.089546e-01	1.070266e-02	6.834348e-01	1.899921e-03
1.860063e+03	6.882307e-01	1.062656e-02	6.653917e-01	1.901584e-03
1.860298e+03	6.678093e-01	1.054818e-02	6.555975e-01	1.903247e-03
1.860533e+03	6.541249e-01	1.047271e-02	6.533307e-01	1.904911e-03
1.860768e+03	6.590832e-01	1.047035e-02	6.618039e-01	1.906577e-03
1.861003e+03	6.686121e-01	1.056353e-02	6.626675e-01	1.908243e-03
1.861238e+03	6.518568e-01	1.053129e-02	6.396102e-01	1.909910e-03
1.861473e+03	6.483560e-01	1.050220e-02	6.434345e-01	1.911578e-03
1.861708e+03	6.936508e-01	1.056511e-02	7.008545e-01	1.913247e-03
1.861943e+03	7.393056e-01	1.075531e-02	7.433738e-01	1.914916e-03
1.862178e+03	7.801111e-01	1.091394e-02	7.624071e-01	1.916587e-03
1.862413e+03	7.506262e-01	1.080295e-02	7.537220e-01	1.918258e-03
1.862648e+03	7.002561e-01	1.068984e-02	7.140747e-01	1.919931e-03
1.862883e+03	6.712182e-01	1.065808e-02	6.859921e-01	1.921604e-03
1.863118e+03	6.920655e-01	1.082424e-02	6.984888e-01	1.923278e-03
1.863353e+03	7.435783e-01	1.085647e-02	7.345303e-01	1.924953e-03
1.863588e+03	7.500519e-01	1.078806e-02	7.403899e-01	1.926629e-03
1.863823e+03	7.700400e-01	1.082574e-02	7.581034e-01	1.928306e-03
1.864058e+03	7.465996e-01	1.079386e-02	7.569053e-01	1.929983e-03
1.864293e+03	7.065861e-01	1.067250e-02	7.323141e-01	1.931662e-03
1.864528e+03	7.059167e-01	1.067162e-02	7.143455e-01	1.933341e-03
1.864763e+03	7.252833e-01	1.073244e-02	7.161697e-01	1.935021e-03
1.864998e+03	7.341043e-01	1.081539e-02	7.119815e-01	1.936703e-03
1.865233e+03	6.590789e-01	1.051312e-02	6.538026e-01	1.938385e-03
1.865468e+03	6.513784e-01	1.070106e-02	6.248391e-01	1.940068e-03
1.865703e+03	6.724784e-01	1.077243e-02	6.439317e-01	1.941751e-03
1.865938e+03	7.162482e-01	1.093918e-02	6.969804e-01	1.943436e-03
1.866173e+03	7.398981e-01	1.084579e-02	7.480308e-01	1.945122e-03
1.866408e+03	7.772166e-01	1.095872e-02	7.718394e-01	1.946808e-03
1.866643e+03	7.783743e-01	1.095049e-02	7.641151e-01	1.948495e-03
1.866878e+03	7.475942e-01	1.084025e-02	7.362380e-01	1.950184e-03
1.867113e+03	7.286033e-01	1.076667e-02	7.122863e-01	1.951873e-03
1.867348e+03	7.396607e-01	1.092444e-02	7.208942e-01	1.953563e-03
1.867583e+03	7.465940e-01	1.095951e-02	7.321895e-01	1.955254e-03
1.867818e+03	6.796163e-01	1.079463e-02	6.739747e-01	1.956945e-03
1.868053e+03	5.892270e-01	1.046419e-02	6.017518e-01	1.958638e-03
1.868288e+03	6.267241e-01	1.065853e-02	6.328152e-01	1.960332e-03
1.868523e+03	7.262421e-01	1.097926e-02	7.241272e-01	1.962026e-03
1.868758e+03	7.473046e-01	1.115952e-02	7.529222e-01	1.963721e-03
1.868993e+03	7.352868e-01	1.108734e-02	7.554253e-01	1.965417e-03
1.869228e+03	7.406811e-01	1.111967e-02	7.644227e-01	1.967114e-03
1.869463e+03	7.530760e-01	1.124195e-02	7.681799e-01	1.968812e-03
1.869698e+03	7.499121e-01	1.125157e-02	7.581529e-01	1.970511e-03
1.869933e+03	7.486570e-01	1.118618e-02	7.432591e-01	1.972211e-03
1.870168e+03	7.639006e-01	1.147601e-02	7.539443e-01	1.973911e-03
1.870403e+03	7.759153e-01	1.140568e-02	7.768244e-01	1.975613e-03
1.870638e+03	7.916749e-01	1.148435e-02	7.872029e-01	1.977315e-03
1.870873e+03	7.420189e-01	1.137002e-02	7.508384e-01	1.979019e-03
1.871108e+03	6.974883e-01	1.121622e-02	7.003410e-01	1.980723e-03
1.871343e+03	6.810052e-01	1.105001e-02	6.857482e-01	1.982428e-03
1.871578e+03	6.807581e-01	1.122116e-02	6.734339e-01	1.984133e-03
1.871813e+03	6.991802e-01	1.127141e-02	6.945351e-01	1.985840e-03
1.872048e+03	7.480037e-01	1.142816e-02	7.572535e-01	1.987548e-03
1.872283e+03	7.616635e-01	1.146456e-02	7.724077e-01	1.989256e-03
1.872518e+03	7.322712e-01	1.121153e-02	7.235243e-01	1.990966e-03
1.872753e+03	7.355448e-01	1.138314e-02	6.826523e-01	1.992676e-03
1.872988e+03	6.720061e-01	1.112588e-02	6.266095e-01	1.994387e-03
1.873223e+03	5.988334e-01	1.087653e-02	5.873220e-01	1.996099e-03
1.873458e+03	5.947502e-01	1.089570e-02	5.948248e-01	1.997812e-03
1.873693e+03	6.483446e-01	1.123984e-02	6.263102e-01	1.999526e-03
1.873928e+03	7.041278e-01	1.166745e-02	6.797506e-01	2.001241e-03
1.874163e+03	7.360084e-01	1.257508e-02	7.175706e-01	2.002956e-03
1.874398e+03	7.588887e-01	1.338189e-02	7.711912e-01	2.004673e-03
1.874633e+03	7.457231e-01	1.655426e-02	7.595464e-01	2.006390e-03
1.874868e+03	7.271107e-01	2.069161e-02	7.280638e-01	2.008108e-03
1.875103e+03	7.291644e-01	2.080612e-02	7.104037e-01	2.009828e-03
1.875338e+03	7.265428e-01	2.057565e-02	6.750054e-01	2.011548e-03
1.875573e+03	7.595750e-01	2.115107e-02	6.875730e-01	2.013268e-03
1.875808e+03	7.924068e-01	2.160583e-02	7.401589e-01	2.014990e-03
1.876043e+03	7.923933e-01	2.139729e-02	7.824834e-01	2.016713e-03
1.876278e+03	7.662875e-01	2.060976e-02	7.674749e-01	2.018436e-03
1.876513e+03	7.458706e-01	1.869037e-02	7.374492e-01	2.020161e-03
1.876748e+03	7.211561e-01	1.447993e-02	7.065446e-01	2.021886e-03
1.876983e+03	6.916519e-01	1.379225e-02	6.637119e-01	2.023612e-03
1.877218e+03	6.827560e-01	1.312343e-02	6.641339e-01	2.025339e-03
1.877453e+03	7.128321e-01	1.189371e-02	7.195546e-01	2.027067e-03
1.877688e+03	7.366060e-01	1.147075e-02	7.374293e-01	2.028796e-03
1.877923e+03	6.968560e-01	1.094187e-02	6.881527e-01	2.030526e-03
1.878158e+03	6.879020e-01	1.076412e-02	6.800983e-01	2.032256e-03
1.878393e+03	6.830795e-01	1.070114e-02	6.736583e-01	2.033988e-03
1.878628e+03	6.251958e-01	1.043406e-02	6.107326e-01	2.035720e-03
1.878863e+03	6.274408e-01	1.043584e-02	6.082302e-01	2.037453e-03
1.879098e+03	6.941384e-01	1.063345e-02	6.779475e-01	2.039187e-03
1.879333e+03	7.115941e-01	1.070937e-02	6.796546e-01	2.040922e-03
1.879568e+03	6.918425e-01	1.060994e-02	6.574738e-01	2.042658e-03
1.879803e+03	6.924545e-01	1.063697e-02	6.763816e-01	2.044395e-03
1.880038e+03	7.136712e-01	1.062060e-02	7.017071e-01	2.046133e-03
1.880273e+03	7.353734e-01	1.065020e-02	7.222653e-01	2.047871e-03
1.880508e+03	7.714694e-01	1.086645e-02	7.535681e-01	2.049611e-03
1.880743e+03	8.335718e-01	1.106847e-02	7.972651e-01	2.051351e-03
1.880978e+03	7.948865e-01	1.088019e-02	7.707252e-01	2.053092e-03
1.881213e+03	7.340475e-01	1.063280e-02	6.992568e-01	2.054834e-03
1.881448e+03	6.851175e-01	1.058473e-02	6.528273e-01	2.056577e-03
1.881683e+03	6.912493e-01	1.055447e-02	6.704312e-01	2.058321e-03
1.881918e+03	7.396122e-01	1.089472e-02	7.207600e-01	2.060066e-03
1.882153e+03	7.601878e-01	1.201412e-02	7.398118e-01	2.061811e-03
1.882388e+03	8.040458e-01	1.317384e-02	7.869392e-01	2.063558e-03
1.882623e+03	8.292471e-01	1.214408e-02	8.099834e-01	2.065305e-03
1.882858e+03	8.224795e-01	1.140758e-02	7.976656e-01	2.067053e-03
1.883093e+03	8.192617e-01	1.230852e-02	7.879659e-01	2.068802e-03
1.883328e+03	8.008497e-01	1.218724e-02	7.815240e-01	2.070552e-03
1.883563e+03	7.920032e-01	1.216669e-02	7.781498e-01	2.072303e-03
1.883798e+03	7.822823e-01	1.223081e-02	7.700982e-01	2.074055e-03
1.884033e+03	7.726591e-01	1.270680e-02	7.590691e-01	2.075807e-03
1.884268e+03	7.772361e-01	1.226049e-02	7.706091e-01	2.077561e-03
1.884503e+03	7.795435e-01	1.227070e-02	7.830034e-01	2.079315e-03
1.884738e+03	7.551827e-01	1.226315e-02	7.479347e-01	2.081071e-03
1.884973e+03	7.139563e-01	1.235847e-02	7.012716e-01	2.082827e-03
1.885208e+03	6.641055e-01	1.205096e-02	6.615590e-01	2.084584e-03
1.885443e+03	6.849766e-01	1.224429e-02	6.771694e-01	2.086342e-03
1.885678e+03	nan	nan	6.930624e-01	2.088101e-03
1.885913e+03	7.196227e-01	1.163876e-02	6.975760e-01	2.089860e-03
1.886148e+03	7.633448e-01	1.255468e-02	7.489974e-01	2.091621e-03
1.886383e+03	8.008747e-01	1.263347e-02	8.017533e-01	2.093382e-03
1.886618e+03	7.536459e-01	1.180788e-02	7.522597e-01	2.095145e-03
1.886853e+03	7.018853e-01	1.161111e-02	6.909300e-01	2.096908e-03
1.887088e+03	7.256977e-01	1.231483e-02	7.154424e-01	2.098672e-03
1.887323e+03	7.857875e-01	1.325249e-02	7.825136e-01	2.100437e-03
1.887558e+03	8.003153e-01	1.349516e-02	7.950612e-01	2.102203e-03
1.887793e+03	nan	nan	7.795656e-01	2.103969e-03
1.888028e+03	nan	nan	7.826166e-01	2.105737e-03
1.888263e+03	nan	nan	7.873495e-01	2.107506e-03
1.888498e+03	nan	nan	7.475740e-01	2.109275e-03
1.888733e+03	nan	nan	6.710833e-01	2.111045e-03
1.888968e+03	nan	nan	6.698525e-01	2.112816e-03
1.889203e+03	nan	nan	7.065248e-01	2.114588e-03
1.889438e+03	nan	nan	7.604234e-01	2.116361e-03
1.889673e+03	nan	nan	8.056621e-01	2.118135e-03
