# # Spectral data for TWA27A G395H
# # Wavelength (nm), Flux (erg/s/cm2/nm), Flux Error (erg/s/cm2/nm), Best Fit Model (erg/s/cm2/nm), Blackbody Model (erg/s/cm2/nm)
# # Data extracted from retrieval outputs
# 
2.896932e+03	2.431141e-01	1.302563e-03	2.443912e-01	1.480800e-02
2.897597e+03	2.568227e-01	1.137643e-03	2.516722e-01	1.481704e-02
2.898262e+03	2.503834e-01	1.122698e-03	2.443749e-01	1.482607e-02
2.898927e+03	2.255049e-01	1.086471e-03	2.232303e-01	1.483510e-02
2.899592e+03	2.154381e-01	1.066617e-03	2.100732e-01	1.484413e-02
2.900257e+03	nan	nan	2.109804e-01	1.485316e-02
2.900922e+03	nan	nan	2.168395e-01	1.486218e-02
2.901587e+03	2.282339e-01	1.088208e-03	2.240346e-01	1.487120e-02
2.902252e+03	2.293745e-01	1.094525e-03	2.279509e-01	1.488022e-02
2.902917e+03	2.364018e-01	1.095245e-03	2.320564e-01	1.488924e-02
2.903582e+03	2.388985e-01	1.084645e-03	2.330326e-01	1.489825e-02
2.904247e+03	2.239747e-01	1.039956e-03	2.251107e-01	1.490726e-02
2.904912e+03	2.258962e-01	1.047992e-03	2.244962e-01	1.491627e-02
2.905577e+03	2.379353e-01	1.047749e-03	2.330793e-01	1.492528e-02
2.906242e+03	2.371160e-01	1.052240e-03	2.356270e-01	1.493428e-02
2.906907e+03	2.309220e-01	1.038714e-03	2.261834e-01	1.494328e-02
2.907572e+03	2.108756e-01	1.004527e-03	2.088887e-01	1.495228e-02
2.908237e+03	1.931890e-01	9.825149e-04	1.943312e-01	1.496127e-02
2.908902e+03	1.987271e-01	9.873719e-04	1.941487e-01	1.497027e-02
2.909567e+03	2.039437e-01	9.899470e-04	1.971472e-01	1.497926e-02
2.910232e+03	1.982282e-01	9.840186e-04	1.979822e-01	1.498824e-02
2.910897e+03	2.173810e-01	1.021523e-03	2.138004e-01	1.499723e-02
2.911562e+03	2.425438e-01	1.063237e-03	2.344841e-01	1.500621e-02
2.912227e+03	2.436309e-01	1.064980e-03	2.410957e-01	1.501519e-02
2.912892e+03	2.408737e-01	1.072126e-03	2.407358e-01	1.502417e-02
2.913557e+03	2.390399e-01	1.060833e-03	2.385888e-01	1.503314e-02
2.914222e+03	2.357176e-01	1.050067e-03	2.337139e-01	1.504211e-02
2.914887e+03	2.298287e-01	1.048858e-03	2.271387e-01	1.505108e-02
2.915552e+03	2.278713e-01	1.034757e-03	2.230843e-01	1.506005e-02
2.916217e+03	2.307363e-01	1.032129e-03	2.227394e-01	1.506901e-02
2.916882e+03	2.268462e-01	1.040622e-03	2.222809e-01	1.507797e-02
2.917547e+03	2.287593e-01	1.065801e-03	2.246656e-01	1.508693e-02
2.918212e+03	nan	nan	2.289474e-01	1.509589e-02
2.918877e+03	2.336683e-01	1.071803e-03	2.314792e-01	1.510484e-02
2.919542e+03	nan	nan	2.281823e-01	1.511379e-02
2.920207e+03	2.229749e-01	1.069744e-03	2.198772e-01	1.512274e-02
2.920872e+03	2.183632e-01	1.033780e-03	2.143028e-01	1.513169e-02
2.921537e+03	2.151973e-01	1.010532e-03	2.130355e-01	1.514063e-02
2.922202e+03	2.179700e-01	1.009198e-03	2.159369e-01	1.514957e-02
2.922867e+03	2.200327e-01	1.019434e-03	2.172240e-01	1.515851e-02
2.923532e+03	2.154558e-01	1.017495e-03	2.148955e-01	1.516744e-02
2.924197e+03	2.177015e-01	1.021078e-03	2.148956e-01	1.517637e-02
2.924862e+03	2.240523e-01	1.037577e-03	2.183774e-01	1.518530e-02
2.925527e+03	2.301741e-01	1.060210e-03	2.221990e-01	1.519423e-02
2.926192e+03	2.293069e-01	1.078455e-03	2.242805e-01	1.520315e-02
2.926857e+03	2.314931e-01	1.066335e-03	2.240906e-01	1.521207e-02
2.927522e+03	2.203297e-01	1.032135e-03	2.183057e-01	1.522099e-02
2.928187e+03	2.196329e-01	1.037170e-03	2.148610e-01	1.522991e-02
2.928852e+03	2.119801e-01	1.033921e-03	2.077377e-01	1.523882e-02
2.929517e+03	2.004729e-01	1.009872e-03	2.005984e-01	1.524773e-02
2.930182e+03	2.165656e-01	1.027455e-03	2.108878e-01	1.525664e-02
2.930847e+03	2.357272e-01	1.062788e-03	2.277306e-01	1.526554e-02
2.931512e+03	2.389415e-01	1.068749e-03	2.346508e-01	1.527444e-02
2.932177e+03	2.364518e-01	1.080529e-03	2.358853e-01	1.528334e-02
2.932842e+03	2.436672e-01	1.082328e-03	2.394192e-01	1.529224e-02
2.933507e+03	2.388085e-01	1.088322e-03	2.370718e-01	1.530113e-02
2.934172e+03	2.357350e-01	1.084488e-03	2.329052e-01	1.531002e-02
2.934837e+03	2.373100e-01	1.071137e-03	2.319510e-01	1.531891e-02
2.935502e+03	2.320841e-01	1.055806e-03	2.297439e-01	1.532779e-02
2.936167e+03	2.327594e-01	1.047852e-03	2.292742e-01	1.533668e-02
2.936832e+03	2.338879e-01	1.049120e-03	2.297701e-01	1.534556e-02
2.937497e+03	2.322927e-01	1.044734e-03	2.289878e-01	1.535443e-02
2.938162e+03	2.324352e-01	1.045432e-03	2.287716e-01	1.536331e-02
2.938827e+03	2.352673e-01	1.044273e-03	2.302278e-01	1.537218e-02
2.939492e+03	2.325924e-01	1.043368e-03	2.274167e-01	1.538105e-02
2.940157e+03	2.194929e-01	1.023907e-03	2.171173e-01	1.538991e-02
2.940822e+03	2.145279e-01	1.004769e-03	2.108078e-01	1.539877e-02
2.941487e+03	2.140299e-01	9.929445e-04	2.113625e-01	1.540763e-02
2.942152e+03	2.212350e-01	9.960196e-04	2.188320e-01	1.541649e-02
2.942817e+03	2.317844e-01	1.024090e-03	2.278743e-01	1.542535e-02
2.943482e+03	2.283851e-01	1.011480e-03	2.237304e-01	1.543420e-02
2.944147e+03	2.155987e-01	9.922810e-04	2.127648e-01	1.544305e-02
2.944812e+03	2.144762e-01	9.891255e-04	2.116126e-01	1.545189e-02
2.945477e+03	2.248534e-01	1.003457e-03	2.190622e-01	1.546073e-02
2.946142e+03	2.239943e-01	1.000694e-03	2.167946e-01	1.546957e-02
2.946807e+03	2.092324e-01	1.060245e-03	2.016206e-01	1.547841e-02
2.947472e+03	nan	nan	1.929626e-01	1.548725e-02
2.948137e+03	1.974915e-01	9.597403e-04	1.937999e-01	1.549608e-02
2.948802e+03	nan	nan	2.004315e-01	1.550491e-02
2.949467e+03	nan	nan	2.179701e-01	1.551373e-02
2.950132e+03	2.364188e-01	1.001891e-03	2.317571e-01	1.552255e-02
2.950797e+03	2.401469e-01	1.007915e-03	2.335531e-01	1.553137e-02
2.951462e+03	2.327518e-01	9.892521e-04	2.306386e-01	1.554019e-02
2.952127e+03	2.292547e-01	9.860426e-04	2.259457e-01	1.554901e-02
2.952792e+03	2.250137e-01	9.815026e-04	2.211290e-01	1.555782e-02
2.953457e+03	2.161183e-01	9.611567e-04	2.144966e-01	1.556662e-02
2.954122e+03	2.122696e-01	9.551550e-04	2.100375e-01	1.557543e-02
2.954787e+03	2.115107e-01	9.567227e-04	2.085757e-01	1.558423e-02
2.955452e+03	2.063552e-01	9.559610e-04	2.042204e-01	1.559303e-02
2.956117e+03	2.025425e-01	9.523888e-04	2.023095e-01	1.560183e-02
2.956782e+03	2.175743e-01	9.889151e-04	2.140051e-01	1.561062e-02
2.957447e+03	2.355612e-01	1.011468e-03	2.315227e-01	1.561941e-02
2.958112e+03	2.344234e-01	1.012622e-03	2.360073e-01	1.562820e-02
2.958777e+03	2.240296e-01	9.962192e-04	2.282044e-01	1.563699e-02
2.959442e+03	2.170029e-01	9.945812e-04	2.200649e-01	1.564577e-02
2.960107e+03	2.178114e-01	1.003506e-03	2.178005e-01	1.565455e-02
2.960772e+03	2.198922e-01	1.012991e-03	2.184288e-01	1.566332e-02
2.961437e+03	2.193552e-01	1.010995e-03	2.177463e-01	1.567210e-02
2.962102e+03	2.163175e-01	1.005993e-03	2.146329e-01	1.568087e-02
2.962767e+03	2.113488e-01	1.000735e-03	2.081358e-01	1.568963e-02
2.963432e+03	2.031929e-01	9.985336e-04	2.050495e-01	1.569840e-02
2.964097e+03	2.112543e-01	1.090584e-03	2.115444e-01	1.570716e-02
2.964762e+03	2.282096e-01	1.038303e-03	2.242263e-01	1.571592e-02
2.965427e+03	2.293957e-01	1.035398e-03	2.250500e-01	1.572467e-02
2.966092e+03	2.110313e-01	1.008226e-03	2.124095e-01	1.573343e-02
2.966757e+03	2.079100e-01	9.967950e-04	2.076120e-01	1.574218e-02
2.967422e+03	2.160896e-01	9.978231e-04	2.121394e-01	1.575092e-02
2.968087e+03	2.052415e-01	9.823802e-04	2.064445e-01	1.575967e-02
2.968752e+03	1.943202e-01	9.649634e-04	1.977214e-01	1.576841e-02
2.969417e+03	2.070420e-01	9.805009e-04	2.050796e-01	1.577714e-02
2.970082e+03	2.175734e-01	9.966201e-04	2.159712e-01	1.578588e-02
2.970747e+03	2.163398e-01	9.886876e-04	2.162028e-01	1.579461e-02
2.971412e+03	2.088862e-01	9.829596e-04	2.095663e-01	1.580334e-02
2.972077e+03	2.044312e-01	9.731826e-04	2.058584e-01	1.581206e-02
2.972742e+03	2.100978e-01	9.871877e-04	2.112874e-01	1.582079e-02
2.973407e+03	2.207526e-01	1.001328e-03	2.211246e-01	1.582951e-02
2.974072e+03	2.270519e-01	1.009530e-03	2.253805e-01	1.583822e-02
2.974737e+03	2.152548e-01	9.892821e-04	2.206981e-01	1.584693e-02
2.975402e+03	2.168635e-01	9.951294e-04	2.217118e-01	1.585565e-02
2.976067e+03	2.256507e-01	1.006300e-03	2.288396e-01	1.586435e-02
2.976732e+03	2.302915e-01	1.009124e-03	2.352041e-01	1.587306e-02
2.977397e+03	2.371128e-01	1.017385e-03	2.410355e-01	1.588176e-02
2.978062e+03	2.303700e-01	1.004898e-03	2.364746e-01	1.589046e-02
2.978727e+03	2.160155e-01	1.580787e-03	2.247821e-01	1.589915e-02
2.979392e+03	2.109788e-01	1.573997e-03	2.178849e-01	1.590784e-02
2.980057e+03	2.123391e-01	9.835543e-04	2.186536e-01	1.591653e-02
2.980722e+03	2.220278e-01	9.890998e-04	2.230528e-01	1.592522e-02
2.981387e+03	2.173893e-01	9.839674e-04	2.212133e-01	1.593390e-02
2.982052e+03	nan	nan	2.152937e-01	1.594258e-02
2.982717e+03	2.085275e-01	9.647610e-04	2.111884e-01	1.595126e-02
2.983382e+03	2.097868e-01	9.645010e-04	2.114871e-01	1.595993e-02
2.984047e+03	2.134004e-01	9.635147e-04	2.154209e-01	1.596860e-02
2.984712e+03	2.169906e-01	9.631142e-04	2.206651e-01	1.597727e-02
2.985377e+03	2.185781e-01	9.563691e-04	2.234928e-01	1.598593e-02
2.986042e+03	2.161869e-01	9.555429e-04	2.203328e-01	1.599459e-02
2.986707e+03	2.056101e-01	9.382398e-04	2.102662e-01	1.600325e-02
2.987372e+03	1.991740e-01	9.304361e-04	2.023883e-01	1.601190e-02
2.988037e+03	1.964599e-01	9.464496e-04	1.974761e-01	1.602056e-02
2.988702e+03	1.871781e-01	9.386883e-04	1.902319e-01	1.602921e-02
2.989367e+03	1.867067e-01	9.392849e-04	1.905158e-01	1.603785e-02
2.990032e+03	2.000435e-01	9.410139e-04	2.009482e-01	1.604649e-02
2.990697e+03	2.029713e-01	9.347784e-04	2.077576e-01	1.605513e-02
2.991362e+03	2.054775e-01	9.400421e-04	2.113634e-01	1.606377e-02
2.992027e+03	2.107707e-01	9.405120e-04	2.145049e-01	1.607240e-02
2.992692e+03	2.108862e-01	9.349512e-04	2.159948e-01	1.608103e-02
2.993357e+03	2.143577e-01	9.417533e-04	2.171329e-01	1.608966e-02
2.994022e+03	2.194955e-01	9.472164e-04	2.221470e-01	1.609828e-02
2.994687e+03	2.215667e-01	9.521008e-04	2.251131e-01	1.610690e-02
2.995352e+03	2.182050e-01	9.466971e-04	2.237455e-01	1.611552e-02
2.996017e+03	2.139724e-01	9.461305e-04	2.199625e-01	1.612413e-02
2.996682e+03	2.089800e-01	9.565965e-04	2.159217e-01	1.613274e-02
2.997347e+03	2.110959e-01	9.727797e-04	2.174305e-01	1.614135e-02
2.998012e+03	2.102502e-01	9.586299e-04	2.162630e-01	1.614996e-02
2.998677e+03	nan	nan	2.137275e-01	1.615856e-02
2.999342e+03	2.155519e-01	9.419203e-04	2.226107e-01	1.616715e-02
3.000007e+03	2.216866e-01	9.537647e-04	2.300640e-01	1.617575e-02
3.000672e+03	2.119355e-01	9.360135e-04	2.234520e-01	1.618434e-02
3.001337e+03	2.087977e-01	9.266869e-04	2.162250e-01	1.619293e-02
3.002002e+03	2.100105e-01	9.350647e-04	2.155220e-01	1.620152e-02
3.002667e+03	2.092575e-01	9.343374e-04	2.151527e-01	1.621010e-02
3.003332e+03	2.029607e-01	9.296467e-04	2.107637e-01	1.621868e-02
3.003997e+03	2.020922e-01	9.234560e-04	2.089974e-01	1.622725e-02
3.004662e+03	2.022389e-01	9.255728e-04	2.095191e-01	1.623582e-02
3.005327e+03	2.025406e-01	9.247375e-04	2.089919e-01	1.624439e-02
3.005992e+03	2.001626e-01	9.189785e-04	2.074635e-01	1.625296e-02
3.006657e+03	1.941411e-01	9.065770e-04	2.009438e-01	1.626152e-02
3.007322e+03	1.841176e-01	8.938430e-04	1.914389e-01	1.627008e-02
3.007987e+03	1.788307e-01	8.884665e-04	1.858416e-01	1.627864e-02
3.008652e+03	1.827153e-01	8.928367e-04	1.870530e-01	1.628719e-02
3.009317e+03	1.838008e-01	8.907894e-04	1.886797e-01	1.629574e-02
3.009982e+03	1.828284e-01	8.910138e-04	1.897561e-01	1.630429e-02
3.010647e+03	1.892549e-01	8.982610e-04	1.944384e-01	1.631283e-02
3.011312e+03	1.964695e-01	9.093740e-04	2.002223e-01	1.632137e-02
3.011977e+03	1.998886e-01	9.099262e-04	2.048329e-01	1.632991e-02
3.012642e+03	2.021485e-01	9.154761e-04	2.095745e-01	1.633844e-02
3.013307e+03	2.087014e-01	1.004645e-03	2.162669e-01	1.634697e-02
3.013972e+03	2.149640e-01	1.018837e-03	2.255605e-01	1.635550e-02
3.014637e+03	2.255025e-01	9.472670e-04	2.354045e-01	1.636402e-02
3.015302e+03	2.264147e-01	9.539617e-04	2.358322e-01	1.637254e-02
3.015967e+03	2.174514e-01	9.547610e-04	2.282420e-01	1.638106e-02
3.016632e+03	2.127378e-01	9.529052e-04	2.223611e-01	1.638958e-02
3.017297e+03	2.069187e-01	9.362333e-04	2.182085e-01	1.639809e-02
3.017962e+03	2.098547e-01	9.507328e-04	2.196526e-01	1.640659e-02
3.018627e+03	2.167232e-01	9.612587e-04	2.235894e-01	1.641510e-02
3.019292e+03	2.168668e-01	9.714261e-04	2.249770e-01	1.642360e-02
3.019957e+03	2.124998e-01	9.616370e-04	2.258409e-01	1.643210e-02
3.020622e+03	2.144670e-01	9.645207e-04	2.251873e-01	1.644059e-02
3.021287e+03	2.103651e-01	9.698111e-04	2.184639e-01	1.644908e-02
3.021952e+03	1.947629e-01	9.586856e-04	2.052914e-01	1.645757e-02
3.022617e+03	1.922193e-01	9.538257e-04	2.013637e-01	1.646605e-02
3.023282e+03	1.964074e-01	9.604435e-04	2.057986e-01	1.647453e-02
3.023947e+03	1.947587e-01	9.626475e-04	2.055873e-01	1.648301e-02
3.024612e+03	1.986264e-01	9.760925e-04	2.068268e-01	1.649149e-02
3.025277e+03	1.991180e-01	9.734622e-04	2.060683e-01	1.649996e-02
3.025942e+03	1.931040e-01	9.752796e-04	2.012827e-01	1.650842e-02
3.026607e+03	1.947653e-01	9.738104e-04	2.046060e-01	1.651689e-02
3.027272e+03	2.083166e-01	9.966835e-04	2.164642e-01	1.652535e-02
3.027937e+03	2.100328e-01	1.024659e-03	2.192476e-01	1.653381e-02
3.028602e+03	1.982558e-01	1.454860e-03	2.108808e-01	1.654226e-02
3.029267e+03	1.903817e-01	1.324650e-03	2.024249e-01	1.655071e-02
3.029932e+03	1.892602e-01	1.393675e-03	2.000365e-01	1.655916e-02
3.030597e+03	1.955726e-01	9.822990e-04	2.025060e-01	1.656760e-02
3.031262e+03	1.945081e-01	9.791753e-04	2.026498e-01	1.657605e-02
3.031927e+03	1.994560e-01	9.891827e-04	2.069434e-01	1.658448e-02
3.032592e+03	2.110063e-01	1.010076e-03	2.162276e-01	1.659292e-02
3.033257e+03	2.091573e-01	1.015066e-03	2.180864e-01	1.660135e-02
3.033922e+03	2.060972e-01	1.017633e-03	2.153994e-01	1.660977e-02
3.034587e+03	2.081788e-01	1.017287e-03	2.142533e-01	1.661820e-02
3.035252e+03	2.047625e-01	1.089000e-03	2.106714e-01	1.662662e-02
3.035917e+03	2.042519e-01	1.162043e-03	2.096961e-01	1.663504e-02
3.036582e+03	2.062549e-01	1.162733e-03	2.139242e-01	1.664345e-02
3.037247e+03	2.094444e-01	1.161177e-03	2.184917e-01	1.665186e-02
3.037912e+03	2.081619e-01	1.039068e-03	2.185067e-01	1.666027e-02
3.038577e+03	2.007802e-01	9.528750e-04	2.124959e-01	1.666867e-02
3.039242e+03	2.012307e-01	9.464519e-04	2.111656e-01	1.667707e-02
3.039907e+03	2.100045e-01	9.569648e-04	2.180284e-01	1.668547e-02
3.040572e+03	2.125997e-01	9.618417e-04	2.207248e-01	1.669386e-02
3.041237e+03	2.100343e-01	9.523521e-04	2.177107e-01	1.670225e-02
3.041902e+03	2.101516e-01	9.507555e-04	2.168909e-01	1.671064e-02
3.042567e+03	2.024052e-01	1.014017e-03	2.129875e-01	1.671902e-02
3.043232e+03	1.941182e-01	1.049284e-03	2.063482e-01	1.672740e-02
3.043897e+03	1.921372e-01	1.030997e-03	2.027054e-01	1.673578e-02
3.044562e+03	1.885954e-01	9.891741e-04	2.000477e-01	1.674415e-02
3.045227e+03	1.886934e-01	9.082293e-04	1.981564e-01	1.675252e-02
3.045892e+03	1.898706e-01	9.332028e-04	1.976653e-01	1.676089e-02
3.046557e+03	1.964543e-01	9.418428e-04	2.018054e-01	1.676925e-02
3.047222e+03	2.006574e-01	9.535877e-04	2.056720e-01	1.677761e-02
3.047887e+03	1.963079e-01	9.033376e-04	2.029119e-01	1.678596e-02
3.048552e+03	1.967969e-01	9.061385e-04	2.005529e-01	1.679431e-02
3.049217e+03	1.894435e-01	8.977374e-04	1.947589e-01	1.680266e-02
3.049882e+03	1.826598e-01	8.928546e-04	1.895371e-01	1.681101e-02
3.050547e+03	1.884830e-01	9.068841e-04	1.933949e-01	1.681935e-02
3.051212e+03	1.918270e-01	9.048756e-04	1.979211e-01	1.682769e-02
3.051877e+03	1.942349e-01	9.073590e-04	2.000882e-01	1.683602e-02
3.052542e+03	1.901110e-01	9.043953e-04	1.962493e-01	1.684436e-02
3.053207e+03	1.907419e-01	9.057403e-04	1.959530e-01	1.685268e-02
3.053872e+03	1.997280e-01	9.170221e-04	2.059618e-01	1.686101e-02
3.054537e+03	2.050422e-01	9.281752e-04	2.158286e-01	1.686933e-02
3.055202e+03	2.194341e-01	9.471973e-04	2.257571e-01	1.687765e-02
3.055867e+03	2.299307e-01	9.702691e-04	2.323394e-01	1.688596e-02
3.056532e+03	2.215353e-01	9.611901e-04	2.280224e-01	1.689427e-02
3.057197e+03	2.147274e-01	9.554394e-04	2.219342e-01	1.690258e-02
3.057862e+03	2.107638e-01	9.543311e-04	2.159650e-01	1.691088e-02
3.058527e+03	2.037695e-01	1.018652e-03	2.083877e-01	1.691918e-02
3.059192e+03	1.998994e-01	9.522451e-04	2.070588e-01	1.692748e-02
3.059857e+03	2.091910e-01	9.621688e-04	2.123575e-01	1.693577e-02
3.060522e+03	2.076888e-01	9.585335e-04	2.142633e-01	1.694406e-02
3.061187e+03	2.049399e-01	9.399160e-04	2.132051e-01	1.695235e-02
3.061852e+03	2.042228e-01	1.170037e-03	2.148421e-01	1.696063e-02
3.062517e+03	2.119115e-01	1.169119e-03	2.220809e-01	1.696891e-02
3.063182e+03	2.202596e-01	9.666989e-04	2.248834e-01	1.697718e-02
3.063847e+03	2.066996e-01	9.392172e-04	2.147134e-01	1.698545e-02
3.064512e+03	1.952638e-01	9.230575e-04	2.019922e-01	1.699372e-02
3.065177e+03	1.919897e-01	9.161027e-04	1.963866e-01	1.700199e-02
3.065842e+03	1.969001e-01	9.241750e-04	1.993086e-01	1.701025e-02
3.066507e+03	2.047430e-01	9.398909e-04	2.083296e-01	1.701851e-02
3.067172e+03	2.092274e-01	9.420449e-04	2.167819e-01	1.702676e-02
3.067837e+03	nan	nan	2.200525e-01	1.703501e-02
3.068502e+03	nan	nan	2.163225e-01	1.704326e-02
3.069167e+03	2.003050e-01	9.172175e-04	2.074904e-01	1.705150e-02
3.069832e+03	1.933746e-01	9.120532e-04	2.007359e-01	1.705974e-02
3.070497e+03	1.860798e-01	8.953824e-04	1.950356e-01	1.706798e-02
3.071162e+03	1.830663e-01	8.971690e-04	1.910432e-01	1.707621e-02
3.071827e+03	1.868498e-01	9.046441e-04	1.923014e-01	1.708444e-02
3.072492e+03	1.893894e-01	9.077080e-04	1.930628e-01	1.709266e-02
3.073157e+03	1.885906e-01	9.122550e-04	1.942793e-01	1.710089e-02
3.073822e+03	1.921009e-01	9.173825e-04	1.978389e-01	1.710910e-02
3.074487e+03	1.932224e-01	9.170394e-04	1.985162e-01	1.711732e-02
3.075152e+03	1.950381e-01	9.245215e-04	1.986766e-01	1.712553e-02
3.075817e+03	2.045337e-01	9.362597e-04	2.080341e-01	1.713374e-02
3.076482e+03	2.108653e-01	9.462703e-04	2.154253e-01	1.714194e-02
3.077147e+03	2.061830e-01	9.445035e-04	2.132545e-01	1.715014e-02
3.077812e+03	2.062870e-01	9.498490e-04	2.145076e-01	1.715834e-02
3.078477e+03	2.168264e-01	9.626084e-04	2.241833e-01	1.716653e-02
3.079142e+03	2.217467e-01	9.617262e-04	2.291770e-01	1.717472e-02
3.079807e+03	2.179007e-01	9.632728e-04	2.246275e-01	1.718291e-02
3.080472e+03	2.112664e-01	9.552980e-04	2.178084e-01	1.719109e-02
3.081137e+03	2.091334e-01	9.772184e-04	2.157974e-01	1.719927e-02
3.081802e+03	2.105675e-01	9.980202e-04	2.160054e-01	1.720745e-02
3.082467e+03	2.030921e-01	9.838937e-04	2.093892e-01	1.721562e-02
3.083132e+03	1.957345e-01	9.697236e-04	2.017674e-01	1.722378e-02
3.083797e+03	1.986023e-01	9.434473e-04	2.038107e-01	1.723195e-02
3.084462e+03	2.105086e-01	9.657545e-04	2.116594e-01	1.724011e-02
3.085127e+03	2.137489e-01	9.784520e-04	2.158541e-01	1.724827e-02
3.085792e+03	2.122866e-01	9.808507e-04	2.162988e-01	1.725642e-02
3.086457e+03	2.067400e-01	9.722284e-04	2.127099e-01	1.726457e-02
3.087122e+03	nan	nan	2.105750e-01	1.727272e-02
3.087787e+03	nan	nan	2.094445e-01	1.728086e-02
3.088452e+03	nan	nan	2.051978e-01	1.728900e-02
3.089117e+03	nan	nan	1.988954e-01	1.729713e-02
3.089782e+03	1.905259e-01	9.966008e-04	1.960971e-01	1.730526e-02
3.090447e+03	1.972582e-01	1.011280e-03	1.988314e-01	1.731339e-02
3.091112e+03	1.950063e-01	1.010555e-03	1.983555e-01	1.732152e-02
3.091777e+03	nan	nan	1.979791e-01	1.732964e-02
3.092442e+03	1.966280e-01	1.008582e-03	2.024385e-01	1.733775e-02
3.093107e+03	1.978547e-01	1.006122e-03	2.048973e-01	1.734587e-02
3.093772e+03	2.005938e-01	1.003769e-03	2.070621e-01	1.735398e-02
3.094437e+03	2.042730e-01	9.997698e-04	2.087969e-01	1.736208e-02
3.095102e+03	1.917078e-01	9.657764e-04	2.017560e-01	1.737019e-02
3.095767e+03	1.858457e-01	9.465722e-04	1.957766e-01	1.737828e-02
3.096432e+03	1.935095e-01	9.549279e-04	1.972321e-01	1.738638e-02
3.097097e+03	1.922972e-01	9.423972e-04	1.962868e-01	1.739447e-02
3.097762e+03	1.951998e-01	9.341601e-04	1.958550e-01	1.740256e-02
3.098427e+03	1.980526e-01	9.230962e-04	2.007959e-01	1.741064e-02
3.099092e+03	1.999917e-01	1.017753e-03	2.084652e-01	1.741872e-02
3.099757e+03	2.037567e-01	1.007508e-03	2.140531e-01	1.742680e-02
3.100422e+03	2.079132e-01	1.017845e-03	2.166941e-01	1.743487e-02
3.101087e+03	2.185371e-01	9.276262e-04	2.225983e-01	1.744294e-02
3.101752e+03	2.175874e-01	8.981783e-04	2.231650e-01	1.745101e-02
3.102417e+03	2.040779e-01	8.831692e-04	2.137029e-01	1.745907e-02
3.103082e+03	2.005023e-01	8.890455e-04	2.098630e-01	1.746712e-02
3.103747e+03	2.073390e-01	8.943651e-04	2.144333e-01	1.747518e-02
3.104412e+03	2.099136e-01	8.922614e-04	2.152716e-01	1.748323e-02
3.105077e+03	2.052791e-01	8.745870e-04	2.098599e-01	1.749128e-02
3.105742e+03	1.965292e-01	8.603838e-04	2.039308e-01	1.749932e-02
3.106407e+03	1.953007e-01	8.571944e-04	2.024502e-01	1.750736e-02
3.107072e+03	2.015515e-01	8.641961e-04	2.058391e-01	1.751539e-02
3.107737e+03	1.982856e-01	8.630530e-04	2.050481e-01	1.752343e-02
3.108402e+03	1.937534e-01	8.579963e-04	2.008418e-01	1.753145e-02
3.109067e+03	1.989111e-01	8.654142e-04	2.021443e-01	1.753948e-02
3.109732e+03	2.049669e-01	8.701859e-04	2.095380e-01	1.754750e-02
3.110397e+03	2.049720e-01	8.701489e-04	2.102435e-01	1.755552e-02
3.111062e+03	1.999285e-01	8.675546e-04	2.048853e-01	1.756353e-02
3.111727e+03	2.004633e-01	8.714656e-04	2.032267e-01	1.757154e-02
3.112392e+03	2.014813e-01	8.724458e-04	2.043979e-01	1.757954e-02
3.113057e+03	1.971370e-01	8.748659e-04	2.011065e-01	1.758755e-02
3.113722e+03	1.899860e-01	8.712144e-04	1.948728e-01	1.759554e-02
3.114387e+03	1.867772e-01	8.696686e-04	1.930040e-01	1.760354e-02
3.115052e+03	1.904838e-01	8.781448e-04	1.986214e-01	1.761153e-02
3.115717e+03	2.006805e-01	9.013142e-04	2.080064e-01	1.761952e-02
3.116382e+03	2.066336e-01	9.230641e-04	2.111807e-01	1.762750e-02
3.117047e+03	nan	nan	2.103475e-01	1.763548e-02
3.117712e+03	1.976356e-01	1.109179e-03	2.032629e-01	1.764345e-02
3.118377e+03	1.891875e-01	8.947512e-04	1.962396e-01	1.765143e-02
3.119042e+03	1.935849e-01	9.070835e-04	1.995120e-01	1.765939e-02
3.119707e+03	2.030230e-01	9.155536e-04	2.073413e-01	1.766736e-02
3.120372e+03	2.046668e-01	9.375958e-04	2.086120e-01	1.767532e-02
3.121037e+03	2.011320e-01	9.481157e-04	2.052436e-01	1.768327e-02
3.121702e+03	2.044206e-01	9.567676e-04	2.068533e-01	1.769123e-02
3.122367e+03	2.083574e-01	9.743511e-04	2.112292e-01	1.769918e-02
3.123032e+03	2.080895e-01	1.069421e-03	2.138713e-01	1.770712e-02
3.123697e+03	2.100285e-01	9.818217e-04	2.135865e-01	1.771506e-02
3.124362e+03	2.026359e-01	9.760844e-04	2.086595e-01	1.772300e-02
3.125027e+03	2.061915e-01	9.794580e-04	2.107628e-01	1.773093e-02
3.125692e+03	2.118352e-01	9.879006e-04	2.156950e-01	1.773886e-02
3.126357e+03	2.130123e-01	9.880598e-04	2.168455e-01	1.774679e-02
3.127022e+03	2.110964e-01	9.895807e-04	2.136804e-01	1.775471e-02
3.127687e+03	2.039531e-01	9.693223e-04	2.055385e-01	1.776263e-02
3.128352e+03	1.976699e-01	9.613926e-04	1.990618e-01	1.777055e-02
3.129017e+03	1.921669e-01	9.453278e-04	1.959251e-01	1.777846e-02
3.129682e+03	1.866560e-01	9.431415e-04	1.928557e-01	1.778636e-02
3.130347e+03	1.859783e-01	9.415117e-04	1.924814e-01	1.779427e-02
3.131012e+03	1.926066e-01	9.493059e-04	1.961773e-01	1.780217e-02
3.131677e+03	2.043563e-01	9.608209e-04	1.989693e-01	1.781006e-02
3.132342e+03	1.995796e-01	9.635212e-04	1.971354e-01	1.781795e-02
3.133007e+03	1.891900e-01	9.443363e-04	1.919887e-01	1.782584e-02
3.133672e+03	1.955865e-01	9.562700e-04	1.956222e-01	1.783373e-02
3.134337e+03	2.058519e-01	9.712211e-04	2.039531e-01	1.784161e-02
3.135002e+03	2.004290e-01	9.620205e-04	2.030566e-01	1.784948e-02
3.135667e+03	1.992414e-01	9.527079e-04	2.035934e-01	1.785735e-02
3.136332e+03	2.149747e-01	9.726621e-04	2.154552e-01	1.786522e-02
3.136997e+03	2.135825e-01	9.669259e-04	2.174026e-01	1.787309e-02
3.137662e+03	1.968419e-01	9.444938e-04	2.035020e-01	1.788095e-02
3.138327e+03	1.937911e-01	9.300332e-04	1.994102e-01	1.788881e-02
3.138992e+03	2.044005e-01	9.329962e-04	2.086586e-01	1.789666e-02
3.139657e+03	2.112941e-01	1.004619e-03	2.161445e-01	1.790451e-02
3.140322e+03	2.101650e-01	1.000221e-03	2.144815e-01	1.791235e-02
3.140987e+03	2.000037e-01	9.179325e-04	2.037629e-01	1.792020e-02
3.141652e+03	1.907618e-01	9.186602e-04	1.963637e-01	1.792803e-02
3.142317e+03	1.982592e-01	9.198480e-04	2.008669e-01	1.793587e-02
3.142982e+03	2.016894e-01	9.177444e-04	2.023528e-01	1.794370e-02
3.143647e+03	1.960365e-01	9.062572e-04	1.984808e-01	1.795152e-02
3.144312e+03	2.032186e-01	9.142614e-04	2.027291e-01	1.795935e-02
3.144977e+03	2.123536e-01	9.271518e-04	2.086099e-01	1.796716e-02
3.145642e+03	2.131994e-01	9.299703e-04	2.105453e-01	1.797498e-02
3.146307e+03	2.070969e-01	9.166292e-04	2.087904e-01	1.798279e-02
3.146972e+03	2.027098e-01	9.096720e-04	2.060715e-01	1.799060e-02
3.147637e+03	2.015702e-01	9.076440e-04	2.044120e-01	1.799840e-02
3.148302e+03	2.051620e-01	9.137730e-04	2.061637e-01	1.800620e-02
3.148967e+03	2.040361e-01	9.073031e-04	2.057991e-01	1.801399e-02
3.149632e+03	1.995408e-01	9.011977e-04	2.036277e-01	1.802178e-02
3.150297e+03	2.036131e-01	9.026878e-04	2.073026e-01	1.802957e-02
3.150962e+03	2.149316e-01	9.162811e-04	2.153815e-01	1.803735e-02
3.151627e+03	2.152731e-01	9.177054e-04	2.158249e-01	1.804513e-02
3.152292e+03	2.038110e-01	9.096351e-04	2.080179e-01	1.805291e-02
3.152957e+03	2.011587e-01	9.115827e-04	2.012251e-01	1.806068e-02
3.153622e+03	1.971228e-01	9.055648e-04	1.964104e-01	1.806845e-02
3.154287e+03	1.966703e-01	9.043530e-04	1.947193e-01	1.807621e-02
3.154952e+03	1.965650e-01	9.175019e-04	1.942882e-01	1.808397e-02
3.155617e+03	1.943950e-01	9.248354e-04	1.921005e-01	1.809173e-02
3.156282e+03	1.968661e-01	9.128474e-04	1.913767e-01	1.809948e-02
3.156947e+03	1.974044e-01	9.840454e-04	1.922537e-01	1.810723e-02
3.157612e+03	1.952026e-01	1.040161e-03	1.933956e-01	1.811497e-02
3.158277e+03	1.938044e-01	8.863053e-04	1.954139e-01	1.812271e-02
3.158942e+03	2.009277e-01	8.998170e-04	2.014138e-01	1.813045e-02
3.159607e+03	2.055999e-01	9.006667e-04	2.050533e-01	1.813818e-02
3.160272e+03	2.059256e-01	8.893174e-04	2.057714e-01	1.814591e-02
3.160937e+03	2.093325e-01	8.954618e-04	2.085188e-01	1.815363e-02
3.161602e+03	2.103265e-01	8.943132e-04	2.107569e-01	1.816135e-02
3.162267e+03	2.125178e-01	8.911785e-04	2.156341e-01	1.816907e-02
3.162932e+03	2.196232e-01	8.953749e-04	2.225141e-01	1.817678e-02
3.163597e+03	2.212140e-01	8.935919e-04	2.225297e-01	1.818449e-02
3.164262e+03	2.142788e-01	8.774289e-04	2.134378e-01	1.819220e-02
3.164927e+03	nan	nan	2.022744e-01	1.819990e-02
3.165592e+03	2.026652e-01	9.419440e-04	1.978715e-01	1.820759e-02
3.166257e+03	2.004527e-01	8.610507e-04	1.997967e-01	1.821529e-02
3.166922e+03	1.987785e-01	8.547900e-04	2.010812e-01	1.822297e-02
3.167587e+03	1.999033e-01	8.523975e-04	2.015594e-01	1.823066e-02
3.168252e+03	2.034722e-01	8.550452e-04	2.033381e-01	1.823834e-02
3.168917e+03	2.041192e-01	8.547317e-04	2.029873e-01	1.824602e-02
3.169582e+03	2.042111e-01	8.521025e-04	2.029409e-01	1.825369e-02
3.170247e+03	2.071688e-01	8.557471e-04	2.068859e-01	1.826136e-02
3.170912e+03	2.063960e-01	8.573822e-04	2.076332e-01	1.826902e-02
3.171577e+03	2.009185e-01	8.526893e-04	2.011080e-01	1.827668e-02
3.172242e+03	1.968444e-01	8.697082e-04	1.954971e-01	1.828434e-02
3.172907e+03	1.991853e-01	8.712184e-04	1.972971e-01	1.829199e-02
3.173572e+03	2.035992e-01	8.794824e-04	2.025486e-01	1.829964e-02
3.174237e+03	2.032686e-01	8.643211e-04	2.030530e-01	1.830729e-02
3.174902e+03	1.988936e-01	8.637782e-04	1.998792e-01	1.831493e-02
3.175567e+03	2.024167e-01	8.680927e-04	2.021452e-01	1.832257e-02
3.176232e+03	1.982987e-01	8.643406e-04	2.009468e-01	1.833020e-02
3.176897e+03	1.913239e-01	8.605106e-04	1.948821e-01	1.833783e-02
3.177562e+03	1.963292e-01	8.714819e-04	1.940399e-01	1.834545e-02
3.178227e+03	1.960996e-01	8.693085e-04	1.938053e-01	1.835307e-02
3.178892e+03	1.954110e-01	8.699767e-04	1.927046e-01	1.836069e-02
3.179557e+03	1.969420e-01	8.758441e-04	1.942624e-01	1.836830e-02
3.180222e+03	2.045913e-01	8.914591e-04	1.984803e-01	1.837591e-02
3.180887e+03	2.000512e-01	9.138438e-04	1.973534e-01	1.838352e-02
3.181552e+03	2.035581e-01	9.131117e-04	2.009706e-01	1.839112e-02
3.182217e+03	2.150066e-01	9.521564e-04	2.132408e-01	1.839872e-02
3.182882e+03	2.196961e-01	9.345422e-04	2.196907e-01	1.840631e-02
3.183547e+03	2.174103e-01	9.380210e-04	2.177078e-01	1.841390e-02
3.184212e+03	2.126441e-01	1.013231e-03	2.143723e-01	1.842148e-02
3.184877e+03	2.060233e-01	9.567655e-04	2.088567e-01	1.842906e-02
3.185542e+03	2.037262e-01	9.683189e-04	2.025583e-01	1.843664e-02
3.186207e+03	2.029873e-01	9.493501e-04	2.004998e-01	1.844421e-02
3.186872e+03	2.057848e-01	9.408973e-04	2.055155e-01	1.845178e-02
3.187537e+03	2.140427e-01	9.616632e-04	2.127745e-01	1.845935e-02
3.188202e+03	2.147848e-01	9.642682e-04	2.116470e-01	1.846691e-02
3.188867e+03	2.017564e-01	9.567753e-04	2.006283e-01	1.847446e-02
3.189532e+03	1.915090e-01	9.409996e-04	1.912586e-01	1.848202e-02
3.190197e+03	1.960626e-01	9.353496e-04	1.946967e-01	1.848957e-02
3.190862e+03	2.120667e-01	9.545388e-04	2.065406e-01	1.849711e-02
3.191527e+03	2.123623e-01	9.513018e-04	2.120686e-01	1.850465e-02
3.192192e+03	2.091508e-01	9.397628e-04	2.092591e-01	1.851219e-02
3.192857e+03	1.995225e-01	9.254426e-04	2.020963e-01	1.851972e-02
3.193522e+03	1.964800e-01	9.258782e-04	1.973482e-01	1.852725e-02
3.194187e+03	1.931990e-01	9.957865e-04	1.949184e-01	1.853477e-02
3.194852e+03	1.919365e-01	9.999855e-04	1.943064e-01	1.854229e-02
3.195517e+03	1.990663e-01	9.360202e-04	1.989178e-01	1.854981e-02
3.196182e+03	nan	nan	2.017710e-01	1.855732e-02
3.196847e+03	1.990233e-01	1.029908e-03	1.985271e-01	1.856483e-02
3.197512e+03	nan	nan	1.974900e-01	1.857233e-02
3.198177e+03	1.993251e-01	9.439704e-04	1.984189e-01	1.857983e-02
3.198842e+03	1.979764e-01	9.379181e-04	1.965163e-01	1.858733e-02
3.199507e+03	1.925654e-01	9.260210e-04	1.909071e-01	1.859482e-02
3.200172e+03	1.918259e-01	9.226174e-04	1.873291e-01	1.860231e-02
3.200837e+03	1.916282e-01	9.141294e-04	1.867956e-01	1.860979e-02
3.201502e+03	1.867576e-01	8.953664e-04	1.838118e-01	1.861727e-02
3.202167e+03	1.818640e-01	8.847075e-04	1.802078e-01	1.862475e-02
3.202832e+03	1.871127e-01	8.934086e-04	1.827700e-01	1.863222e-02
3.203497e+03	1.933932e-01	8.946183e-04	1.883647e-01	1.863969e-02
3.204162e+03	1.941485e-01	8.975618e-04	1.915853e-01	1.864715e-02
3.204827e+03	1.995053e-01	9.040536e-04	1.974457e-01	1.865461e-02
3.205492e+03	2.091174e-01	9.065456e-04	2.076909e-01	1.866206e-02
3.206157e+03	2.187982e-01	9.136838e-04	2.166727e-01	1.866951e-02
3.206822e+03	2.205411e-01	9.180595e-04	2.186640e-01	1.867696e-02
3.207487e+03	2.151856e-01	9.107618e-04	2.133236e-01	1.868440e-02
3.208152e+03	2.108272e-01	8.980889e-04	2.090094e-01	1.869184e-02
3.208817e+03	2.102654e-01	8.991420e-04	2.081720e-01	1.869928e-02
3.209482e+03	2.114255e-01	9.210878e-04	2.097112e-01	1.870671e-02
3.210147e+03	2.123517e-01	9.371318e-04	2.100470e-01	1.871413e-02
3.210812e+03	2.086838e-01	9.402710e-04	2.080356e-01	1.872155e-02
3.211477e+03	2.065817e-01	9.415804e-04	2.061389e-01	1.872897e-02
3.212142e+03	1.989571e-01	9.172234e-04	2.012600e-01	1.873639e-02
3.212807e+03	1.968272e-01	9.315006e-04	1.999952e-01	1.874380e-02
3.213472e+03	2.094874e-01	9.615084e-04	2.076794e-01	1.875120e-02
3.214137e+03	2.105684e-01	9.669196e-04	2.078817e-01	1.875860e-02
3.214802e+03	1.989466e-01	9.363164e-04	2.001702e-01	1.876600e-02
3.215467e+03	2.021590e-01	9.326797e-04	2.022231e-01	1.877339e-02
3.216132e+03	2.102027e-01	9.417097e-04	2.094577e-01	1.878078e-02
3.216797e+03	2.130705e-01	9.576655e-04	2.096784e-01	1.878817e-02
3.217462e+03	2.074432e-01	9.550492e-04	2.034478e-01	1.879555e-02
3.218127e+03	1.976093e-01	9.324133e-04	1.965376e-01	1.880293e-02
3.218792e+03	1.981280e-01	9.131513e-04	1.957296e-01	1.881030e-02
3.219457e+03	2.025969e-01	9.046517e-04	1.990014e-01	1.881767e-02
3.220122e+03	2.030886e-01	9.041709e-04	2.013824e-01	1.882503e-02
3.220787e+03	2.003301e-01	8.904096e-04	2.014831e-01	1.883239e-02
3.221452e+03	2.001476e-01	8.756230e-04	1.999552e-01	1.883975e-02
3.222117e+03	2.029565e-01	8.716882e-04	1.997159e-01	1.884710e-02
3.222782e+03	2.013398e-01	8.949509e-04	1.979599e-01	1.885445e-02
3.223447e+03	1.996160e-01	9.371181e-04	1.956146e-01	1.886179e-02
3.224112e+03	1.967701e-01	9.275925e-04	1.950656e-01	1.886913e-02
3.224777e+03	2.011932e-01	9.346000e-04	1.997112e-01	1.887647e-02
3.225442e+03	2.114881e-01	8.867588e-04	2.052694e-01	1.888380e-02
3.226107e+03	2.045317e-01	9.255271e-04	2.011001e-01	1.889113e-02
3.226772e+03	2.006043e-01	8.616453e-04	1.989037e-01	1.889845e-02
3.227437e+03	2.021909e-01	8.595059e-04	2.006089e-01	1.890577e-02
3.228102e+03	2.004085e-01	8.566020e-04	1.978304e-01	1.891308e-02
3.228767e+03	1.952544e-01	8.559661e-04	1.925495e-01	1.892039e-02
3.229432e+03	1.997681e-01	8.651398e-04	1.955628e-01	1.892770e-02
3.230097e+03	2.103180e-01	8.705110e-04	2.086354e-01	1.893500e-02
3.230762e+03	2.184928e-01	8.814223e-04	2.180607e-01	1.894230e-02
3.231427e+03	2.189388e-01	8.829824e-04	2.183585e-01	1.894959e-02
3.232092e+03	2.064252e-01	8.705638e-04	2.078019e-01	1.895688e-02
3.232757e+03	2.026802e-01	8.827355e-04	2.018524e-01	1.896417e-02
3.233422e+03	2.063421e-01	8.934405e-04	2.051775e-01	1.897145e-02
3.234087e+03	2.084681e-01	9.036261e-04	2.076066e-01	1.897873e-02
3.234752e+03	2.101136e-01	9.094852e-04	2.077904e-01	1.898600e-02
3.235417e+03	2.079013e-01	9.100040e-04	2.058944e-01	1.899327e-02
3.236082e+03	2.073874e-01	9.130752e-04	2.059974e-01	1.900054e-02
3.236747e+03	2.071285e-01	9.181788e-04	2.048641e-01	1.900780e-02
3.237412e+03	nan	nan	2.001844e-01	1.901505e-02
3.238077e+03	2.033344e-01	1.006409e-03	1.988774e-01	1.902230e-02
3.238742e+03	2.082711e-01	9.354434e-04	2.029332e-01	1.902955e-02
3.239407e+03	nan	nan	1.996858e-01	1.903680e-02
3.240072e+03	1.950170e-01	1.049108e-03	1.923210e-01	1.904404e-02
3.240737e+03	1.907346e-01	9.240468e-04	1.905035e-01	1.905127e-02
3.241402e+03	1.981499e-01	9.272566e-04	1.987174e-01	1.905850e-02
3.242067e+03	2.045802e-01	9.003900e-04	2.049317e-01	1.906573e-02
3.242732e+03	2.012210e-01	8.962840e-04	2.012997e-01	1.907295e-02
3.243397e+03	2.000677e-01	8.949871e-04	2.010494e-01	1.908017e-02
3.244062e+03	1.989219e-01	8.965756e-04	1.997684e-01	1.908738e-02
3.244727e+03	1.979223e-01	8.948553e-04	1.963603e-01	1.909459e-02
3.245392e+03	2.000541e-01	9.010572e-04	1.981554e-01	1.910180e-02
3.246057e+03	2.008656e-01	8.966185e-04	1.995211e-01	1.910900e-02
3.246722e+03	2.008503e-01	9.223961e-04	1.990600e-01	1.911620e-02
3.247387e+03	nan	nan	1.994518e-01	1.912339e-02
3.248052e+03	nan	nan	1.999495e-01	1.913058e-02
3.248717e+03	nan	nan	1.991475e-01	1.913777e-02
3.249382e+03	2.075652e-01	9.353281e-04	2.022100e-01	1.914495e-02
3.250047e+03	2.080501e-01	9.248431e-04	2.022823e-01	1.915212e-02
3.250712e+03	nan	nan	1.985684e-01	1.915930e-02
3.251377e+03	2.068154e-01	9.365380e-04	2.027949e-01	1.916647e-02
3.252042e+03	2.095375e-01	9.349027e-04	2.076657e-01	1.917363e-02
3.252707e+03	2.088939e-01	9.436011e-04	2.088186e-01	1.918079e-02
3.253372e+03	nan	nan	2.090064e-01	1.918794e-02
3.254037e+03	2.098434e-01	9.443865e-04	2.050072e-01	1.919510e-02
3.254702e+03	2.056830e-01	9.267867e-04	2.036520e-01	1.920224e-02
3.255367e+03	2.074210e-01	9.307562e-04	2.083127e-01	1.920939e-02
3.256032e+03	2.082806e-01	9.416328e-04	2.121594e-01	1.921652e-02
3.256697e+03	2.109953e-01	9.505873e-04	2.131397e-01	1.922366e-02
3.257362e+03	2.114102e-01	9.513299e-04	2.103359e-01	1.923079e-02
3.258027e+03	2.100048e-01	9.468306e-04	2.072458e-01	1.923791e-02
3.258692e+03	2.097571e-01	9.413556e-04	2.079875e-01	1.924504e-02
3.259357e+03	2.100029e-01	9.429007e-04	2.075525e-01	1.925215e-02
3.260022e+03	2.093527e-01	9.390154e-04	2.063674e-01	1.925927e-02
3.260687e+03	2.145285e-01	1.126164e-03	2.088388e-01	1.926637e-02
3.261352e+03	nan	nan	2.076346e-01	1.927348e-02
3.262017e+03	nan	nan	2.044549e-01	1.928058e-02
3.262682e+03	nan	nan	2.022416e-01	1.928768e-02
3.263347e+03	2.002542e-01	9.173406e-04	2.022524e-01	1.929477e-02
3.264012e+03	2.068024e-01	9.144604e-04	2.049592e-01	1.930186e-02
3.264677e+03	2.061312e-01	9.137385e-04	2.014038e-01	1.930894e-02
3.265342e+03	1.994760e-01	9.070995e-04	1.953935e-01	1.931602e-02
3.266007e+03	2.011745e-01	9.079855e-04	1.984952e-01	1.932309e-02
3.266672e+03	2.075957e-01	9.181472e-04	2.059651e-01	1.933016e-02
3.267337e+03	2.080864e-01	9.098338e-04	2.073062e-01	1.933723e-02
3.268002e+03	2.041833e-01	9.040618e-04	2.020375e-01	1.934429e-02
3.268667e+03	1.977321e-01	9.000849e-04	1.956896e-01	1.935135e-02
3.269332e+03	1.965507e-01	9.002753e-04	1.954153e-01	1.935840e-02
3.269997e+03	nan	nan	1.985969e-01	1.936545e-02
3.270662e+03	2.035985e-01	9.850861e-04	1.994751e-01	1.937250e-02
3.271327e+03	2.029953e-01	8.937263e-04	2.014141e-01	1.937954e-02
3.271992e+03	2.064556e-01	8.959372e-04	2.064806e-01	1.938657e-02
3.272657e+03	2.113107e-01	9.051470e-04	2.114255e-01	1.939361e-02
3.273322e+03	2.096387e-01	9.068232e-04	2.085400e-01	1.940063e-02
3.273987e+03	2.033856e-01	9.001311e-04	2.013119e-01	1.940766e-02
3.274652e+03	2.016098e-01	9.023258e-04	1.988826e-01	1.941468e-02
3.275317e+03	1.992055e-01	8.987124e-04	1.982002e-01	1.942169e-02
3.275982e+03	1.957918e-01	9.558189e-04	1.997626e-01	1.942870e-02
3.276647e+03	1.993648e-01	9.633640e-04	2.029208e-01	1.943571e-02
3.277312e+03	2.026884e-01	9.658204e-04	2.048725e-01	1.944271e-02
3.277977e+03	2.006752e-01	9.065818e-04	2.020718e-01	1.944971e-02
3.278642e+03	1.988008e-01	9.025759e-04	2.004036e-01	1.945670e-02
3.279307e+03	2.025734e-01	9.170739e-04	2.021187e-01	1.946369e-02
3.279972e+03	2.027221e-01	9.193006e-04	2.001826e-01	1.947068e-02
3.280637e+03	1.973275e-01	9.141299e-04	1.959118e-01	1.947766e-02
3.281302e+03	1.937575e-01	9.033756e-04	1.921953e-01	1.948464e-02
3.281967e+03	1.975509e-01	9.035872e-04	1.954013e-01	1.949161e-02
3.282632e+03	2.036527e-01	9.100714e-04	2.044149e-01	1.949858e-02
3.283297e+03	2.074851e-01	9.081404e-04	2.079505e-01	1.950554e-02
3.283962e+03	2.093529e-01	9.110288e-04	2.067835e-01	1.951250e-02
3.284627e+03	2.086031e-01	8.995117e-04	2.057926e-01	1.951946e-02
3.285292e+03	2.100313e-01	8.913907e-04	2.074891e-01	1.952641e-02
3.285957e+03	2.070661e-01	8.881635e-04	2.064737e-01	1.953335e-02
3.286622e+03	2.006533e-01	8.900198e-04	2.008926e-01	1.954030e-02
3.287287e+03	1.927783e-01	9.027389e-04	1.925991e-01	1.954723e-02
3.287952e+03	1.907917e-01	9.277757e-04	1.903063e-01	1.955417e-02
3.288617e+03	1.997186e-01	9.568932e-04	1.997226e-01	1.956110e-02
3.289282e+03	2.105093e-01	9.587114e-04	2.099560e-01	1.956802e-02
3.289947e+03	nan	nan	2.099353e-01	1.957494e-02
3.290612e+03	2.015293e-01	9.084462e-04	2.050504e-01	1.958186e-02
3.291277e+03	2.008328e-01	9.106080e-04	2.045505e-01	1.958877e-02
3.291942e+03	2.039426e-01	9.511340e-04	2.063994e-01	1.959568e-02
3.292607e+03	2.022194e-01	9.639003e-04	2.038096e-01	1.960258e-02
3.293272e+03	1.960893e-01	9.555026e-04	1.971902e-01	1.960948e-02
3.293937e+03	1.943593e-01	9.523648e-04	1.917324e-01	1.961638e-02
3.294602e+03	1.960948e-01	9.506032e-04	1.927010e-01	1.962327e-02
3.295267e+03	1.965936e-01	9.497921e-04	1.969157e-01	1.963015e-02
3.295932e+03	2.016887e-01	9.363682e-04	2.004481e-01	1.963703e-02
3.296597e+03	2.052563e-01	9.112597e-04	2.006506e-01	1.964391e-02
3.297262e+03	2.026963e-01	8.829728e-04	1.986663e-01	1.965079e-02
3.297927e+03	1.970787e-01	8.621802e-04	1.968199e-01	1.965765e-02
3.298592e+03	1.986454e-01	8.606725e-04	1.996190e-01	1.966452e-02
3.299257e+03	2.056298e-01	8.702527e-04	2.039176e-01	1.967138e-02
3.299922e+03	2.037446e-01	8.642175e-04	2.017093e-01	1.967824e-02
3.300587e+03	1.997931e-01	8.617018e-04	1.996998e-01	1.968509e-02
3.301252e+03	1.999946e-01	8.649389e-04	2.032300e-01	1.969193e-02
3.301917e+03	2.068260e-01	8.726462e-04	2.083312e-01	1.969878e-02
3.302582e+03	2.065670e-01	8.756851e-04	2.087329e-01	1.970562e-02
3.303247e+03	2.049645e-01	8.706157e-04	2.049167e-01	1.971245e-02
3.303912e+03	2.061910e-01	8.731248e-04	2.044680e-01	1.971928e-02
3.304577e+03	2.044622e-01	8.674038e-04	2.039177e-01	1.972611e-02
3.305242e+03	1.996443e-01	8.659543e-04	2.010503e-01	1.973293e-02
3.305907e+03	2.016378e-01	8.751288e-04	2.017158e-01	1.973974e-02
3.306572e+03	2.053100e-01	8.848385e-04	2.037016e-01	1.974656e-02
3.307237e+03	2.056874e-01	8.933796e-04	2.038430e-01	1.975337e-02
3.307902e+03	2.017902e-01	9.046755e-04	1.999699e-01	1.976017e-02
3.308567e+03	1.961005e-01	8.950131e-04	1.963067e-01	1.976697e-02
3.309232e+03	1.955381e-01	9.572723e-04	1.980024e-01	1.977376e-02
3.309897e+03	1.974341e-01	1.101849e-03	2.035242e-01	1.978056e-02
3.310562e+03	1.964674e-01	9.586195e-04	2.037985e-01	1.978734e-02
3.311227e+03	1.960224e-01	1.110956e-03	1.992173e-01	1.979412e-02
3.311892e+03	1.903008e-01	9.024505e-04	1.939011e-01	1.980090e-02
3.312557e+03	1.912303e-01	9.027219e-04	1.957012e-01	1.980768e-02
3.313222e+03	2.015148e-01	9.232586e-04	2.025597e-01	1.981444e-02
3.313887e+03	2.041047e-01	9.313069e-04	2.020207e-01	1.982121e-02
3.314552e+03	1.972088e-01	9.239435e-04	1.956037e-01	1.982797e-02
3.315217e+03	1.896921e-01	9.049168e-04	1.923648e-01	1.983473e-02
3.315882e+03	1.902614e-01	9.002118e-04	1.941030e-01	1.984148e-02
3.316547e+03	1.941991e-01	9.016055e-04	1.965491e-01	1.984823e-02
3.317212e+03	1.941004e-01	8.932307e-04	1.983785e-01	1.985497e-02
3.317877e+03	1.979512e-01	8.999194e-04	2.031015e-01	1.986171e-02
3.318542e+03	1.989730e-01	9.036062e-04	2.040401e-01	1.986844e-02
3.319207e+03	1.935426e-01	8.983493e-04	1.987436e-01	1.987517e-02
3.319872e+03	1.869725e-01	9.098431e-04	1.924670e-01	1.988190e-02
3.320537e+03	1.852522e-01	9.106605e-04	1.903807e-01	1.988862e-02
3.321202e+03	1.882150e-01	9.087149e-04	1.916847e-01	1.989534e-02
3.321867e+03	1.923241e-01	9.679778e-04	1.943634e-01	1.990205e-02
3.322532e+03	1.964762e-01	9.033382e-04	1.975849e-01	1.990876e-02
3.323197e+03	2.042170e-01	9.201334e-04	2.005790e-01	1.991546e-02
3.323862e+03	2.066568e-01	9.283752e-04	2.012647e-01	1.992216e-02
3.324527e+03	2.057633e-01	9.285804e-04	2.010936e-01	1.992885e-02
3.325192e+03	nan	nan	2.017123e-01	1.993555e-02
3.325857e+03	nan	nan	1.977895e-01	1.994223e-02
3.326522e+03	nan	nan	1.927458e-01	1.994891e-02
3.327187e+03	nan	nan	1.922126e-01	1.995559e-02
3.327852e+03	1.929080e-01	9.666479e-04	1.955244e-01	1.996226e-02
3.328517e+03	1.999413e-01	1.079240e-03	1.999922e-01	1.996893e-02
3.329182e+03	2.028522e-01	9.677512e-04	2.037192e-01	1.997560e-02
3.329847e+03	2.031856e-01	9.689376e-04	2.035854e-01	1.998226e-02
3.330512e+03	2.045760e-01	9.629468e-04	2.021905e-01	1.998891e-02
3.331177e+03	2.046449e-01	9.654316e-04	2.013745e-01	1.999556e-02
3.331842e+03	2.038122e-01	9.680000e-04	1.993136e-01	2.000221e-02
3.332507e+03	2.015218e-01	9.633610e-04	1.976133e-01	2.000885e-02
3.333172e+03	1.978719e-01	8.745050e-04	1.964295e-01	2.001549e-02
3.333837e+03	1.999559e-01	8.474757e-04	1.971789e-01	2.002213e-02
3.334502e+03	2.025856e-01	8.288536e-04	1.993929e-01	2.002876e-02
3.335167e+03	2.005876e-01	8.282664e-04	1.987849e-01	2.003538e-02
3.335832e+03	1.950115e-01	8.196761e-04	1.953256e-01	2.004200e-02
3.336497e+03	1.916926e-01	8.135646e-04	1.928285e-01	2.004862e-02
3.337162e+03	1.886928e-01	8.094104e-04	1.903599e-01	2.005523e-02
3.337827e+03	1.873162e-01	8.069860e-04	1.877373e-01	2.006184e-02
3.338492e+03	1.878047e-01	8.033063e-04	1.855154e-01	2.006844e-02
3.339157e+03	1.892020e-01	8.097809e-04	1.848339e-01	2.007504e-02
3.339822e+03	1.897476e-01	8.137127e-04	1.861435e-01	2.008163e-02
3.340487e+03	1.887038e-01	8.047884e-04	1.874130e-01	2.008822e-02
3.341152e+03	1.902017e-01	8.023751e-04	1.896028e-01	2.009481e-02
3.341817e+03	1.954113e-01	8.086435e-04	1.934606e-01	2.010139e-02
3.342482e+03	1.956309e-01	8.105696e-04	1.947382e-01	2.010797e-02
3.343147e+03	1.943113e-01	8.084181e-04	1.919132e-01	2.011454e-02
3.343812e+03	1.894183e-01	7.983013e-04	1.891123e-01	2.012111e-02
3.344477e+03	1.907552e-01	7.986021e-04	1.892987e-01	2.012767e-02
3.345142e+03	1.911699e-01	7.987590e-04	1.897791e-01	2.013423e-02
3.345807e+03	1.929193e-01	8.033863e-04	1.911838e-01	2.014078e-02
3.346472e+03	1.936774e-01	7.978111e-04	1.927931e-01	2.014733e-02
3.347137e+03	1.960402e-01	8.087018e-04	1.928659e-01	2.015388e-02
3.347802e+03	1.964396e-01	8.064451e-04	1.919026e-01	2.016042e-02
3.348467e+03	1.967834e-01	8.108966e-04	1.928928e-01	2.016696e-02
3.349132e+03	1.993602e-01	8.153884e-04	1.951561e-01	2.017349e-02
3.349797e+03	1.997532e-01	8.040760e-04	1.962574e-01	2.018002e-02
3.350462e+03	2.000827e-01	8.138414e-04	1.961064e-01	2.018654e-02
3.351127e+03	2.000623e-01	8.226340e-04	1.959562e-01	2.019306e-02
3.351792e+03	2.018989e-01	8.286400e-04	1.971409e-01	2.019958e-02
3.352457e+03	2.039593e-01	8.342474e-04	1.982809e-01	2.020609e-02
3.353122e+03	2.010281e-01	8.376713e-04	1.961365e-01	2.021259e-02
3.353787e+03	1.929720e-01	8.770537e-04	1.911839e-01	2.021909e-02
3.354452e+03	1.876489e-01	8.762926e-04	1.883638e-01	2.022559e-02
3.355117e+03	1.873592e-01	8.749503e-04	1.888723e-01	2.023208e-02
3.355782e+03	1.899041e-01	8.250497e-04	1.904536e-01	2.023857e-02
3.356447e+03	1.914873e-01	8.262392e-04	1.915426e-01	2.024506e-02
3.357112e+03	1.908121e-01	8.142286e-04	1.908551e-01	2.025154e-02
3.357777e+03	1.913891e-01	8.129204e-04	1.902849e-01	2.025801e-02
3.358442e+03	1.940526e-01	8.140502e-04	1.931536e-01	2.026448e-02
3.359107e+03	2.001809e-01	8.176759e-04	1.983352e-01	2.027095e-02
3.359772e+03	2.035310e-01	8.288515e-04	2.000349e-01	2.027741e-02
3.360437e+03	2.031371e-01	8.344634e-04	1.957849e-01	2.028387e-02
3.361102e+03	1.966907e-01	8.181646e-04	1.908642e-01	2.029032e-02
3.361767e+03	1.964023e-01	8.000165e-04	1.921234e-01	2.029677e-02
3.362432e+03	1.990221e-01	7.990178e-04	1.947200e-01	2.030321e-02
3.363097e+03	1.954605e-01	8.005722e-04	1.924063e-01	2.030965e-02
3.363762e+03	1.954455e-01	8.042258e-04	1.911671e-01	2.031609e-02
3.364427e+03	1.941494e-01	7.871711e-04	1.930889e-01	2.032252e-02
3.365092e+03	1.989170e-01	7.897592e-04	1.963589e-01	2.032895e-02
3.365757e+03	2.024803e-01	1.219988e-03	1.981268e-01	2.033537e-02
3.366422e+03	nan	nan	1.971885e-01	2.034179e-02
3.367087e+03	2.040495e-01	7.818836e-04	1.961937e-01	2.034820e-02
3.367752e+03	1.986438e-01	7.753015e-04	1.943738e-01	2.035461e-02
3.368417e+03	1.950854e-01	7.729115e-04	1.944631e-01	2.036101e-02
3.369082e+03	1.949880e-01	7.771194e-04	1.960372e-01	2.036741e-02
3.369747e+03	1.924575e-01	7.796191e-04	1.956257e-01	2.037381e-02
3.370412e+03	1.934246e-01	7.718566e-04	1.949729e-01	2.038020e-02
3.371077e+03	1.960650e-01	7.748050e-04	1.944504e-01	2.038659e-02
3.371742e+03	1.949780e-01	7.771475e-04	1.944341e-01	2.039297e-02
3.372407e+03	1.953869e-01	7.782861e-04	1.947348e-01	2.039935e-02
3.373072e+03	1.948304e-01	7.748477e-04	1.951544e-01	2.040572e-02
3.373737e+03	2.029661e-01	8.406120e-04	1.979098e-01	2.041209e-02
3.374402e+03	2.012894e-01	7.794315e-04	2.008326e-01	2.041845e-02
3.375067e+03	1.997646e-01	7.767659e-04	2.005858e-01	2.042481e-02
3.375732e+03	1.992189e-01	7.760827e-04	1.988002e-01	2.043117e-02
3.376397e+03	1.942851e-01	7.744341e-04	1.955792e-01	2.043752e-02
3.377062e+03	1.887452e-01	7.660563e-04	1.922669e-01	2.044387e-02
3.377727e+03	1.880233e-01	7.640158e-04	1.897004e-01	2.045021e-02
3.378392e+03	1.908466e-01	9.437703e-04	1.896097e-01	2.045655e-02
3.379057e+03	1.939368e-01	9.319362e-04	1.922338e-01	2.046288e-02
3.379722e+03	1.923126e-01	7.608486e-04	1.935625e-01	2.046921e-02
3.380387e+03	1.946993e-01	7.711970e-04	1.951369e-01	2.047553e-02
3.381052e+03	1.973428e-01	7.815118e-04	1.962666e-01	2.048185e-02
3.381717e+03	1.909127e-01	7.678554e-04	1.941497e-01	2.048817e-02
3.382382e+03	1.929212e-01	7.700181e-04	1.955486e-01	2.049448e-02
3.383047e+03	1.981192e-01	7.762352e-04	1.982754e-01	2.050079e-02
3.383712e+03	1.955103e-01	7.743230e-04	1.963169e-01	2.050709e-02
3.384377e+03	1.930532e-01	7.693092e-04	1.934764e-01	2.051339e-02
3.385042e+03	1.891061e-01	7.735710e-04	1.922003e-01	2.051968e-02
3.385707e+03	1.881452e-01	8.253833e-04	1.917281e-01	2.052597e-02
3.386372e+03	1.897036e-01	7.697644e-04	1.944115e-01	2.053225e-02
3.387037e+03	1.961237e-01	7.851596e-04	1.995764e-01	2.053853e-02
3.387702e+03	1.987100e-01	7.938749e-04	2.019462e-01	2.054481e-02
3.388367e+03	1.963091e-01	7.840430e-04	2.006145e-01	2.055108e-02
3.389032e+03	1.954809e-01	7.834121e-04	1.991706e-01	2.055735e-02
3.389697e+03	1.968426e-01	7.951892e-04	1.996453e-01	2.056361e-02
3.390362e+03	2.039502e-01	8.011628e-04	2.036787e-01	2.056987e-02
3.391027e+03	2.072009e-01	8.000510e-04	2.077645e-01	2.057612e-02
3.391692e+03	2.081616e-01	8.065254e-04	2.081016e-01	2.058237e-02
3.392357e+03	2.008035e-01	8.175533e-04	2.034771e-01	2.058861e-02
3.393022e+03	1.904004e-01	8.381289e-04	1.947514e-01	2.059485e-02
3.393687e+03	1.851574e-01	8.431522e-04	1.893473e-01	2.060109e-02
3.394352e+03	1.914347e-01	9.402031e-04	1.934105e-01	2.060732e-02
3.395017e+03	1.965630e-01	9.573786e-04	1.983204e-01	2.061354e-02
3.395682e+03	1.942813e-01	8.638930e-04	1.975604e-01	2.061977e-02
3.396347e+03	1.904966e-01	8.657513e-04	1.950521e-01	2.062598e-02
3.397012e+03	1.914384e-01	8.761346e-04	1.961478e-01	2.063220e-02
3.397677e+03	1.946509e-01	8.781128e-04	1.983462e-01	2.063840e-02
3.398342e+03	1.969230e-01	8.736174e-04	1.981798e-01	2.064461e-02
3.399007e+03	1.960809e-01	8.612915e-04	1.969021e-01	2.065081e-02
3.399672e+03	1.938160e-01	8.385377e-04	1.971630e-01	2.065700e-02
3.400337e+03	1.914720e-01	8.229518e-04	1.955856e-01	2.066319e-02
3.401002e+03	1.857449e-01	8.081905e-04	1.916262e-01	2.066938e-02
3.401667e+03	1.883526e-01	8.107867e-04	1.938823e-01	2.067556e-02
3.402332e+03	1.945037e-01	8.074021e-04	1.986440e-01	2.068174e-02
3.402997e+03	1.934467e-01	8.049195e-04	1.966248e-01	2.068791e-02
3.403662e+03	1.884133e-01	8.043260e-04	1.920778e-01	2.069408e-02
3.404327e+03	1.894913e-01	8.036226e-04	1.929483e-01	2.070024e-02
3.404992e+03	1.952293e-01	8.139511e-04	1.966966e-01	2.070640e-02
3.405657e+03	1.923175e-01	8.105843e-04	1.968957e-01	2.071256e-02
3.406322e+03	1.953793e-01	8.123977e-04	2.000203e-01	2.071871e-02
3.406987e+03	2.061258e-01	9.022380e-04	2.057613e-01	2.072485e-02
3.407652e+03	2.008597e-01	8.143695e-04	2.029778e-01	2.073100e-02
3.408317e+03	1.889220e-01	7.981285e-04	1.953643e-01	2.073713e-02
3.408982e+03	1.858542e-01	7.951443e-04	1.919933e-01	2.074327e-02
3.409647e+03	1.894176e-01	7.989192e-04	1.941090e-01	2.074939e-02
3.410312e+03	1.955319e-01	8.059210e-04	1.995737e-01	2.075552e-02
3.410977e+03	1.995061e-01	8.045443e-04	2.034995e-01	2.076164e-02
3.411642e+03	1.987951e-01	7.987655e-04	2.029745e-01	2.076775e-02
3.412307e+03	1.961692e-01	7.989649e-04	1.989711e-01	2.077386e-02
3.412972e+03	1.961033e-01	7.964052e-04	1.950809e-01	2.077997e-02
3.413637e+03	1.977832e-01	1.424586e-03	1.915085e-01	2.078607e-02
3.414302e+03	1.865238e-01	7.951487e-04	1.884199e-01	2.079216e-02
3.414967e+03	1.873139e-01	8.014763e-04	1.884807e-01	2.079826e-02
3.415632e+03	1.884637e-01	7.965484e-04	1.920587e-01	2.080434e-02
3.416297e+03	1.908839e-01	7.841242e-04	1.946539e-01	2.081043e-02
3.416962e+03	1.896051e-01	7.825936e-04	1.934422e-01	2.081651e-02
3.417627e+03	1.885324e-01	7.762141e-04	1.920596e-01	2.082258e-02
3.418292e+03	1.858244e-01	7.722155e-04	1.894353e-01	2.082865e-02
3.418957e+03	1.862614e-01	7.781448e-04	1.881396e-01	2.083472e-02
3.419622e+03	1.879201e-01	7.824963e-04	1.912725e-01	2.084078e-02
3.420287e+03	1.906348e-01	7.864148e-04	1.952471e-01	2.084683e-02
3.420952e+03	1.919187e-01	7.852099e-04	1.979567e-01	2.085288e-02
3.421617e+03	1.938161e-01	7.904052e-04	2.012001e-01	2.085893e-02
3.422282e+03	1.935621e-01	7.909242e-04	2.012111e-01	2.086497e-02
3.422947e+03	1.947125e-01	7.893055e-04	1.993554e-01	2.087101e-02
3.423612e+03	1.966623e-01	7.934980e-04	1.996951e-01	2.087705e-02
3.424277e+03	1.922403e-01	7.902299e-04	1.982391e-01	2.088308e-02
3.424942e+03	1.879742e-01	8.028655e-04	1.952425e-01	2.088910e-02
3.425607e+03	1.902285e-01	8.319503e-04	1.965337e-01	2.089512e-02
3.426272e+03	1.948524e-01	8.624548e-04	2.001013e-01	2.090114e-02
3.426937e+03	1.975733e-01	9.485702e-04	2.010735e-01	2.090715e-02
3.427602e+03	1.931541e-01	8.953979e-04	1.984933e-01	2.091316e-02
3.428267e+03	1.897503e-01	8.923406e-04	1.956311e-01	2.091916e-02
3.428932e+03	1.899005e-01	8.886417e-04	1.951346e-01	2.092516e-02
3.429597e+03	1.938879e-01	8.980876e-04	1.971391e-01	2.093115e-02
3.430262e+03	1.942067e-01	8.999478e-04	1.984620e-01	2.093714e-02
3.430927e+03	1.919780e-01	8.986609e-04	1.999159e-01	2.094312e-02
3.431592e+03	1.957529e-01	8.978358e-04	2.025666e-01	2.094910e-02
3.432257e+03	2.006295e-01	8.949147e-04	2.041063e-01	2.095508e-02
3.432922e+03	1.997856e-01	8.887121e-04	2.014807e-01	2.096105e-02
3.433587e+03	1.922274e-01	8.706678e-04	1.940813e-01	2.096702e-02
3.434252e+03	1.876080e-01	8.661437e-04	1.903494e-01	2.097298e-02
3.434917e+03	1.926801e-01	8.750274e-04	1.941148e-01	2.097894e-02
3.435582e+03	1.943412e-01	8.792362e-04	1.970280e-01	2.098489e-02
3.436247e+03	1.900553e-01	8.693967e-04	1.958760e-01	2.099084e-02
3.436912e+03	1.889880e-01	8.663055e-04	1.963602e-01	2.099678e-02
3.437577e+03	1.921191e-01	8.741477e-04	1.985038e-01	2.100272e-02
3.438242e+03	1.932654e-01	8.814771e-04	1.992593e-01	2.100866e-02
3.438907e+03	1.958804e-01	8.541476e-04	2.013217e-01	2.101459e-02
3.439572e+03	1.963879e-01	1.044734e-03	2.024682e-01	2.102051e-02
3.440237e+03	1.909793e-01	1.020155e-03	1.990673e-01	2.102643e-02
3.440902e+03	1.892441e-01	8.363728e-04	1.958969e-01	2.103235e-02
3.441567e+03	1.920725e-01	8.330921e-04	1.964357e-01	2.103826e-02
3.442232e+03	1.938155e-01	8.084046e-04	1.956219e-01	2.104417e-02
3.442897e+03	1.870408e-01	7.947367e-04	1.915264e-01	2.105008e-02
3.443562e+03	1.867932e-01	7.906108e-04	1.904572e-01	2.105598e-02
3.444227e+03	1.902562e-01	7.845932e-04	1.920183e-01	2.106187e-02
3.444892e+03	1.877644e-01	7.771946e-04	1.913014e-01	2.106776e-02
3.445557e+03	1.879423e-01	7.758861e-04	1.913108e-01	2.107365e-02
3.446222e+03	1.904851e-01	7.703308e-04	1.927271e-01	2.107953e-02
3.446887e+03	1.926808e-01	7.669933e-04	1.946390e-01	2.108540e-02
3.447552e+03	1.990010e-01	7.698913e-04	1.990090e-01	2.109128e-02
3.448217e+03	1.971245e-01	7.659587e-04	1.995372e-01	2.109714e-02
3.448882e+03	1.943321e-01	7.615816e-04	1.982048e-01	2.110301e-02
3.449547e+03	1.990411e-01	7.685562e-04	2.021459e-01	2.110886e-02
3.450212e+03	2.027481e-01	7.739924e-04	2.060511e-01	2.111472e-02
3.450877e+03	1.995883e-01	7.744849e-04	2.039919e-01	2.112057e-02
3.451542e+03	1.920769e-01	7.648608e-04	1.976635e-01	2.112641e-02
3.452207e+03	1.865910e-01	7.685574e-04	1.933406e-01	2.113225e-02
3.452872e+03	1.895173e-01	7.653688e-04	1.942424e-01	2.113809e-02
3.453537e+03	1.926697e-01	7.615363e-04	1.968622e-01	2.114392e-02
3.454202e+03	1.946528e-01	7.581721e-04	1.986738e-01	2.114975e-02
3.454867e+03	1.952417e-01	7.602152e-04	1.994657e-01	2.115557e-02
3.455532e+03	1.943392e-01	7.547257e-04	1.985755e-01	2.116139e-02
3.456197e+03	1.885577e-01	7.524789e-04	1.945372e-01	2.116720e-02
3.456862e+03	1.867365e-01	7.610543e-04	1.926277e-01	2.117301e-02
3.457527e+03	1.860822e-01	7.618175e-04	1.915606e-01	2.117882e-02
3.458192e+03	1.848517e-01	7.574145e-04	1.893212e-01	2.118462e-02
3.458857e+03	1.846563e-01	7.549824e-04	1.882479e-01	2.119041e-02
3.459522e+03	1.856915e-01	8.209086e-04	1.894160e-01	2.119620e-02
3.460187e+03	1.902991e-01	8.256846e-04	1.941423e-01	2.120199e-02
3.460852e+03	1.960660e-01	8.499751e-04	1.981382e-01	2.120777e-02
3.461517e+03	1.966444e-01	8.598516e-04	1.979112e-01	2.121355e-02
3.462182e+03	1.925730e-01	7.679556e-04	1.962496e-01	2.121932e-02
3.462847e+03	1.916184e-01	7.587841e-04	1.960525e-01	2.122509e-02
3.463512e+03	1.955640e-01	7.694657e-04	1.976119e-01	2.123085e-02
3.464177e+03	1.978974e-01	7.838557e-04	1.977078e-01	2.123661e-02
3.464842e+03	1.915894e-01	7.807688e-04	1.932402e-01	2.124237e-02
3.465507e+03	1.861902e-01	7.760605e-04	1.916994e-01	2.124812e-02
3.466172e+03	1.927761e-01	7.881297e-04	1.976724e-01	2.125386e-02
3.466837e+03	1.985083e-01	7.995687e-04	2.032147e-01	2.125961e-02
3.467502e+03	1.998011e-01	8.225760e-04	2.031609e-01	2.126534e-02
3.468167e+03	1.952986e-01	8.428947e-04	1.996529e-01	2.127107e-02
3.468832e+03	1.929838e-01	8.356901e-04	1.987290e-01	2.127680e-02
3.469497e+03	1.944070e-01	8.410032e-04	2.001833e-01	2.128253e-02
3.470162e+03	1.965568e-01	8.338354e-04	2.004435e-01	2.128824e-02
3.470827e+03	1.942790e-01	8.216289e-04	1.978952e-01	2.129396e-02
3.471492e+03	1.897553e-01	8.089197e-04	1.961452e-01	2.129967e-02
3.472157e+03	1.937849e-01	8.161972e-04	1.996915e-01	2.130537e-02
3.472822e+03	1.995831e-01	8.265536e-04	2.027320e-01	2.131107e-02
3.473487e+03	1.942871e-01	8.237845e-04	1.995041e-01	2.131677e-02
3.474152e+03	1.870332e-01	8.040533e-04	1.942701e-01	2.132246e-02
3.474817e+03	1.832968e-01	7.964126e-04	1.892923e-01	2.132815e-02
3.475482e+03	1.833687e-01	8.637242e-04	1.895540e-01	2.133383e-02
3.476147e+03	1.925821e-01	9.988081e-04	1.959032e-01	2.133951e-02
3.476812e+03	1.910582e-01	7.969049e-04	1.973803e-01	2.134518e-02
3.477477e+03	1.872987e-01	7.914536e-04	1.946312e-01	2.135085e-02
3.478142e+03	1.860963e-01	7.948529e-04	1.930332e-01	2.135652e-02
3.478807e+03	1.902241e-01	7.959710e-04	1.954471e-01	2.136218e-02
3.479472e+03	1.946784e-01	8.012495e-04	1.989426e-01	2.136783e-02
3.480137e+03	1.940803e-01	7.974981e-04	1.978103e-01	2.137349e-02
3.480802e+03	1.878397e-01	7.836933e-04	1.927905e-01	2.137913e-02
3.481467e+03	1.851619e-01	7.761725e-04	1.909799e-01	2.138477e-02
3.482132e+03	nan	nan	1.918570e-01	2.139041e-02
3.482797e+03	1.905512e-01	8.444300e-04	1.925246e-01	2.139605e-02
3.483462e+03	1.924896e-01	7.807096e-04	1.960971e-01	2.140167e-02
3.484127e+03	1.949527e-01	7.908212e-04	1.978819e-01	2.140730e-02
3.484792e+03	1.853349e-01	7.822858e-04	1.920860e-01	2.141292e-02
3.485457e+03	1.853179e-01	7.822297e-04	1.903581e-01	2.141853e-02
3.486122e+03	1.887981e-01	7.893596e-04	1.926216e-01	2.142414e-02
3.486787e+03	1.861059e-01	7.817559e-04	1.898498e-01	2.142975e-02
3.487452e+03	1.866640e-01	7.809045e-04	1.887701e-01	2.143535e-02
3.488117e+03	1.881955e-01	7.827282e-04	1.929731e-01	2.144095e-02
3.488782e+03	1.935485e-01	7.864748e-04	1.973970e-01	2.144654e-02
3.489447e+03	nan	nan	1.989313e-01	2.145213e-02
3.490112e+03	1.909486e-01	7.740004e-04	1.959815e-01	2.145771e-02
3.490777e+03	1.839406e-01	9.528109e-04	1.898859e-01	2.146329e-02
3.491442e+03	1.789272e-01	8.388649e-04	1.857182e-01	2.146886e-02
3.492107e+03	1.764824e-01	7.651590e-04	1.842792e-01	2.147443e-02
3.492772e+03	1.772575e-01	7.648079e-04	1.846707e-01	2.148000e-02
3.493437e+03	nan	nan	1.872379e-01	2.148556e-02
3.494102e+03	1.868707e-01	7.781405e-04	1.907277e-01	2.149112e-02
3.494767e+03	1.910516e-01	7.781402e-04	1.947854e-01	2.149667e-02
3.495432e+03	1.931495e-01	7.813839e-04	1.973770e-01	2.150222e-02
3.496097e+03	1.921775e-01	7.811022e-04	1.979001e-01	2.150776e-02
3.496762e+03	1.899366e-01	7.812673e-04	1.971980e-01	2.151330e-02
3.497427e+03	1.877318e-01	7.798852e-04	1.941973e-01	2.151883e-02
3.498092e+03	1.856778e-01	7.760469e-04	1.894392e-01	2.152436e-02
3.498757e+03	1.795452e-01	7.708564e-04	1.852968e-01	2.152989e-02
3.499422e+03	1.787268e-01	7.709025e-04	1.846853e-01	2.153541e-02
3.500087e+03	1.857546e-01	7.785100e-04	1.891276e-01	2.154092e-02
3.500752e+03	1.903289e-01	7.860692e-04	1.930230e-01	2.154643e-02
3.501417e+03	1.899657e-01	7.860043e-04	1.944062e-01	2.155194e-02
3.502082e+03	1.964737e-01	7.985472e-04	2.002962e-01	2.155744e-02
3.502747e+03	2.029130e-01	8.143181e-04	2.060559e-01	2.156294e-02
3.503412e+03	2.003807e-01	8.101008e-04	2.044352e-01	2.156843e-02
3.504077e+03	1.954645e-01	8.068013e-04	2.001218e-01	2.157392e-02
3.504742e+03	1.921291e-01	8.033182e-04	1.949684e-01	2.157940e-02
3.505407e+03	1.875222e-01	7.993942e-04	1.932271e-01	2.158488e-02
3.506072e+03	1.945338e-01	8.243621e-04	1.988481e-01	2.159036e-02
3.506737e+03	1.986241e-01	8.621967e-04	2.024605e-01	2.159583e-02
3.507402e+03	1.961572e-01	9.577327e-04	1.991059e-01	2.160130e-02
3.508067e+03	1.872856e-01	8.539862e-04	1.928018e-01	2.160676e-02
3.508732e+03	1.879681e-01	8.557631e-04	1.923991e-01	2.161221e-02
3.509397e+03	1.950223e-01	8.765741e-04	1.960601e-01	2.161767e-02
3.510062e+03	1.906102e-01	8.739561e-04	1.943997e-01	2.162311e-02
3.510727e+03	1.859198e-01	8.615551e-04	1.905997e-01	2.162856e-02
3.511392e+03	1.859828e-01	8.524466e-04	1.893602e-01	2.163400e-02
3.512057e+03	1.862456e-01	8.481102e-04	1.904314e-01	2.163943e-02
3.512722e+03	1.914417e-01	8.620939e-04	1.947804e-01	2.164486e-02
3.513387e+03	1.959779e-01	8.716882e-04	1.965400e-01	2.165029e-02
3.514052e+03	1.909174e-01	8.561906e-04	1.944212e-01	2.165571e-02
3.514717e+03	1.950004e-01	8.658541e-04	1.969069e-01	2.166112e-02
3.515382e+03	1.942303e-01	8.581852e-04	1.977581e-01	2.166654e-02
3.516047e+03	1.933458e-01	8.498433e-04	1.942228e-01	2.167194e-02
3.516712e+03	1.923068e-01	8.431404e-04	1.919614e-01	2.167735e-02
3.517377e+03	nan	nan	1.920188e-01	2.168274e-02
3.518042e+03	1.929231e-01	8.252121e-04	1.922725e-01	2.168814e-02
3.518707e+03	1.840354e-01	8.089043e-04	1.872092e-01	2.169353e-02
3.519372e+03	1.799004e-01	8.001126e-04	1.825319e-01	2.169891e-02
3.520037e+03	1.836086e-01	7.862603e-04	1.834914e-01	2.170429e-02
3.520702e+03	1.873026e-01	7.766358e-04	1.862984e-01	2.170967e-02
3.521367e+03	1.884232e-01	7.788977e-04	1.899564e-01	2.171504e-02
3.522032e+03	1.907964e-01	7.799160e-04	1.923766e-01	2.172041e-02
3.522697e+03	1.879453e-01	7.715036e-04	1.899449e-01	2.172577e-02
3.523362e+03	1.886133e-01	7.738093e-04	1.884779e-01	2.173112e-02
3.524027e+03	1.907985e-01	7.716649e-04	1.889072e-01	2.173648e-02
3.524692e+03	1.893618e-01	7.659971e-04	1.882183e-01	2.174183e-02
3.525357e+03	1.905286e-01	7.681243e-04	1.908780e-01	2.174717e-02
3.526022e+03	1.928708e-01	7.678017e-04	1.933353e-01	2.175251e-02
3.526687e+03	1.890583e-01	7.599423e-04	1.904210e-01	2.175785e-02
3.527352e+03	1.835642e-01	7.537368e-04	1.855643e-01	2.176318e-02
3.528017e+03	1.837340e-01	7.504125e-04	1.834924e-01	2.176850e-02
3.528682e+03	1.855246e-01	7.483480e-04	1.850395e-01	2.177382e-02
3.529347e+03	1.896412e-01	7.480558e-04	1.895839e-01	2.177914e-02
3.530012e+03	1.946712e-01	7.621843e-04	1.937744e-01	2.178445e-02
3.530677e+03	1.975989e-01	7.691917e-04	1.967397e-01	2.178976e-02
3.531342e+03	nan	nan	1.975397e-01	2.179506e-02
3.532007e+03	1.950872e-01	7.646488e-04	1.962767e-01	2.180036e-02
3.532672e+03	1.970363e-01	7.670324e-04	1.959312e-01	2.180566e-02
3.533337e+03	1.956145e-01	8.277941e-04	1.952995e-01	2.181095e-02
3.534002e+03	1.961706e-01	7.647891e-04	1.959089e-01	2.181623e-02
3.534667e+03	1.987207e-01	7.662442e-04	1.975539e-01	2.182151e-02
3.535332e+03	1.956924e-01	7.634999e-04	1.975396e-01	2.182679e-02
3.535997e+03	1.931854e-01	7.546479e-04	1.959855e-01	2.183206e-02
3.536662e+03	1.907108e-01	7.460661e-04	1.916599e-01	2.183733e-02
3.537327e+03	1.884224e-01	7.473380e-04	1.886242e-01	2.184259e-02
3.537992e+03	1.881611e-01	7.509514e-04	1.873471e-01	2.184785e-02
3.538657e+03	1.877464e-01	7.513260e-04	1.880873e-01	2.185310e-02
3.539322e+03	1.896636e-01	7.528435e-04	1.906444e-01	2.185835e-02
3.539987e+03	1.916498e-01	7.528659e-04	1.941807e-01	2.186360e-02
3.540652e+03	1.968044e-01	7.590782e-04	1.960697e-01	2.186884e-02
3.541317e+03	1.931170e-01	7.531232e-04	1.930633e-01	2.187407e-02
3.541982e+03	1.897201e-01	7.511256e-04	1.913856e-01	2.187931e-02
3.542647e+03	1.938925e-01	7.563625e-04	1.939962e-01	2.188453e-02
3.543312e+03	1.914896e-01	7.530191e-04	1.914353e-01	2.188975e-02
3.543977e+03	nan	nan	1.827326e-01	2.189497e-02
3.544642e+03	1.773476e-01	9.461344e-04	1.797712e-01	2.190019e-02
3.545307e+03	1.852125e-01	7.537441e-04	1.842754e-01	2.190539e-02
3.545972e+03	1.890543e-01	7.571138e-04	1.892729e-01	2.191060e-02
3.546637e+03	1.943343e-01	7.648306e-04	1.925155e-01	2.191580e-02
3.547302e+03	1.959637e-01	7.680775e-04	1.936644e-01	2.192099e-02
3.547967e+03	1.973453e-01	7.717711e-04	1.944044e-01	2.192618e-02
3.548632e+03	1.982422e-01	7.708718e-04	1.971243e-01	2.193137e-02
3.549297e+03	1.990510e-01	7.698540e-04	1.981561e-01	2.193655e-02
3.549962e+03	1.963075e-01	7.741216e-04	1.955678e-01	2.194173e-02
3.550627e+03	1.948821e-01	7.743820e-04	1.928677e-01	2.194690e-02
3.551292e+03	1.945112e-01	7.703824e-04	1.917525e-01	2.195207e-02
3.551957e+03	1.938667e-01	7.691900e-04	1.906621e-01	2.195723e-02
3.552622e+03	1.893412e-01	7.692234e-04	1.879671e-01	2.196239e-02
3.553287e+03	1.875130e-01	7.647181e-04	1.867870e-01	2.196755e-02
3.553952e+03	1.885252e-01	7.688303e-04	1.873151e-01	2.197270e-02
3.554617e+03	1.918790e-01	7.697098e-04	1.895491e-01	2.197784e-02
3.555282e+03	1.940327e-01	7.700636e-04	1.918262e-01	2.198298e-02
3.555947e+03	1.909731e-01	7.617287e-04	1.901719e-01	2.198812e-02
3.556612e+03	1.900701e-01	7.734616e-04	1.889177e-01	2.199325e-02
3.557277e+03	1.913594e-01	7.796006e-04	1.893179e-01	2.199838e-02
3.557942e+03	1.918500e-01	7.927582e-04	1.897131e-01	2.200350e-02
3.558607e+03	1.929736e-01	7.943674e-04	1.912207e-01	2.200862e-02
3.559272e+03	1.949001e-01	7.979046e-04	1.916577e-01	2.201373e-02
3.559937e+03	1.916946e-01	7.846248e-04	1.885796e-01	2.201884e-02
3.560602e+03	1.910331e-01	7.865043e-04	1.872992e-01	2.202395e-02
3.561267e+03	1.891569e-01	7.899752e-04	1.873153e-01	2.202905e-02
3.561932e+03	1.877880e-01	7.844032e-04	1.869448e-01	2.203415e-02
3.562597e+03	1.935087e-01	8.379691e-04	1.890329e-01	2.203924e-02
3.563262e+03	1.943071e-01	7.687485e-04	1.917442e-01	2.204432e-02
3.563927e+03	1.924093e-01	7.571866e-04	1.917015e-01	2.204941e-02
3.564592e+03	1.888664e-01	7.549474e-04	1.912669e-01	2.205448e-02
3.565257e+03	1.924986e-01	7.591723e-04	1.940825e-01	2.205956e-02
3.565922e+03	1.974248e-01	7.639357e-04	1.967860e-01	2.206463e-02
3.566587e+03	1.978250e-01	7.645400e-04	1.962529e-01	2.206969e-02
3.567252e+03	1.950375e-01	7.569453e-04	1.930615e-01	2.207475e-02
3.567917e+03	1.897414e-01	7.521196e-04	1.893380e-01	2.207981e-02
3.568582e+03	1.879769e-01	7.470145e-04	1.881073e-01	2.208486e-02
3.569247e+03	1.901808e-01	7.538973e-04	1.876727e-01	2.208990e-02
3.569912e+03	1.878803e-01	7.532368e-04	1.850888e-01	2.209495e-02
3.570577e+03	1.841292e-01	7.506530e-04	1.826557e-01	2.209998e-02
3.571242e+03	1.880973e-01	7.532368e-04	1.853705e-01	2.210502e-02
3.571907e+03	1.917135e-01	7.558162e-04	1.886441e-01	2.211004e-02
3.572572e+03	1.932688e-01	7.580590e-04	1.901666e-01	2.211507e-02
3.573237e+03	1.955533e-01	7.562077e-04	1.931329e-01	2.212009e-02
3.573902e+03	1.960492e-01	7.602635e-04	1.949764e-01	2.212510e-02
3.574567e+03	1.928228e-01	7.671809e-04	1.925881e-01	2.213011e-02
3.575232e+03	1.884220e-01	7.659362e-04	1.878670e-01	2.213512e-02
3.575897e+03	1.886806e-01	7.660848e-04	1.858296e-01	2.214012e-02
3.576562e+03	1.885816e-01	7.663639e-04	1.852691e-01	2.214512e-02
3.577227e+03	1.898227e-01	7.652261e-04	1.869390e-01	2.215011e-02
3.577892e+03	1.953949e-01	7.761433e-04	1.918757e-01	2.215510e-02
3.578557e+03	1.925096e-01	7.682234e-04	1.916767e-01	2.216008e-02
3.579222e+03	1.917465e-01	7.623533e-04	1.903327e-01	2.216506e-02
3.579887e+03	1.954453e-01	7.661995e-04	1.930177e-01	2.217003e-02
3.580552e+03	1.950944e-01	7.702377e-04	1.935627e-01	2.217500e-02
3.581217e+03	1.892634e-01	1.239924e-03	1.897105e-01	2.217997e-02
3.581882e+03	1.892139e-01	7.774239e-04	1.870793e-01	2.218493e-02
3.582547e+03	1.882166e-01	7.725344e-04	1.872034e-01	2.218989e-02
3.583212e+03	1.911753e-01	7.804731e-04	1.901705e-01	2.219484e-02
3.583877e+03	1.936474e-01	8.602526e-04	1.915026e-01	2.219979e-02
3.584542e+03	nan	nan	1.908099e-01	2.220473e-02
3.585207e+03	1.940726e-01	7.835419e-04	1.911370e-01	2.220967e-02
3.585872e+03	1.865625e-01	7.751242e-04	1.879046e-01	2.221460e-02
3.586537e+03	1.884776e-01	8.390920e-04	1.875326e-01	2.221953e-02
3.587202e+03	1.908498e-01	7.896531e-04	1.909764e-01	2.222446e-02
3.587867e+03	1.913984e-01	7.833673e-04	1.920590e-01	2.222938e-02
3.588532e+03	1.922429e-01	8.041116e-04	1.917518e-01	2.223429e-02
3.589197e+03	1.939544e-01	8.766941e-04	1.917720e-01	2.223920e-02
3.589862e+03	1.971413e-01	8.335131e-04	1.935805e-01	2.224411e-02
3.590527e+03	1.966817e-01	8.300076e-04	1.938835e-01	2.224901e-02
3.591192e+03	1.918776e-01	8.268019e-04	1.905841e-01	2.225391e-02
3.591857e+03	1.915710e-01	8.177187e-04	1.884041e-01	2.225880e-02
3.592522e+03	1.923055e-01	8.071342e-04	1.890818e-01	2.226369e-02
3.593187e+03	1.900132e-01	8.032552e-04	1.891974e-01	2.226858e-02
3.593852e+03	1.911783e-01	8.096350e-04	1.911588e-01	2.227346e-02
3.594517e+03	1.937951e-01	8.088172e-04	1.929236e-01	2.227833e-02
3.595182e+03	1.891044e-01	7.916639e-04	1.899390e-01	2.228321e-02
3.595847e+03	1.899071e-01	7.975227e-04	1.888619e-01	2.228807e-02
3.596512e+03	1.905820e-01	8.003921e-04	1.869422e-01	2.229293e-02
3.597177e+03	1.824407e-01	7.961244e-04	1.809875e-01	2.229779e-02
3.597842e+03	nan	nan	1.822843e-01	2.230264e-02
3.598507e+03	1.936623e-01	7.968379e-04	1.890270e-01	2.230749e-02
3.599172e+03	1.950225e-01	7.947914e-04	1.925347e-01	2.231234e-02
3.599837e+03	1.935561e-01	7.911335e-04	1.909786e-01	2.231718e-02
3.600502e+03	1.866799e-01	7.789125e-04	1.844100e-01	2.232201e-02
3.601167e+03	nan	nan	1.793167e-01	2.232684e-02
3.601832e+03	1.794909e-01	8.456422e-04	1.790475e-01	2.233167e-02
3.602497e+03	1.790178e-01	7.810929e-04	1.795054e-01	2.233649e-02
3.603162e+03	1.832484e-01	7.807944e-04	1.832743e-01	2.234131e-02
3.603827e+03	1.905674e-01	7.784472e-04	1.892836e-01	2.234612e-02
3.604492e+03	1.952804e-01	7.837872e-04	1.932270e-01	2.235093e-02
3.605157e+03	1.982871e-01	7.871155e-04	1.958251e-01	2.235573e-02
3.605822e+03	1.954629e-01	7.858150e-04	1.952860e-01	2.236053e-02
3.606487e+03	nan	nan	1.936169e-01	2.236533e-02
3.607152e+03	1.961890e-01	7.847542e-04	1.951677e-01	2.237012e-02
3.607817e+03	1.973148e-01	7.772426e-04	1.946870e-01	2.237490e-02
3.608482e+03	1.902610e-01	7.692194e-04	1.900788e-01	2.237968e-02
3.609147e+03	1.910772e-01	7.702234e-04	1.902310e-01	2.238446e-02
3.609812e+03	1.982153e-01	7.748583e-04	1.950562e-01	2.238923e-02
3.610477e+03	1.973560e-01	7.707987e-04	1.946388e-01	2.239400e-02
3.611142e+03	1.921327e-01	7.658226e-04	1.909146e-01	2.239877e-02
3.611807e+03	1.923531e-01	8.849720e-04	1.903327e-01	2.240352e-02
3.612472e+03	1.913025e-01	8.814749e-04	1.888305e-01	2.240828e-02
3.613137e+03	1.870280e-01	7.577271e-04	1.858392e-01	2.241303e-02
3.613802e+03	1.868589e-01	7.594471e-04	1.844292e-01	2.241777e-02
3.614467e+03	1.887397e-01	9.747497e-04	1.850718e-01	2.242252e-02
3.615132e+03	1.919047e-01	7.672785e-04	1.866446e-01	2.242725e-02
3.615797e+03	1.904613e-01	8.241946e-04	1.867198e-01	2.243198e-02
3.616462e+03	1.875731e-01	8.529919e-04	1.851353e-01	2.243671e-02
3.617127e+03	1.848521e-01	8.456556e-04	1.840864e-01	2.244144e-02
3.617792e+03	1.900193e-01	7.914268e-04	1.866439e-01	2.244615e-02
3.618457e+03	1.945827e-01	7.837125e-04	1.889234e-01	2.245087e-02
3.619122e+03	1.931630e-01	8.758577e-04	1.890020e-01	2.245558e-02
3.619787e+03	nan	nan	1.900368e-01	2.246028e-02
3.620452e+03	1.961662e-01	8.431958e-04	1.916440e-01	2.246498e-02
3.621117e+03	1.929691e-01	8.429317e-04	1.894759e-01	2.246968e-02
3.621782e+03	1.874913e-01	8.354859e-04	1.857518e-01	2.247437e-02
3.622447e+03	1.864760e-01	8.095734e-04	1.837364e-01	2.247906e-02
3.623112e+03	1.862748e-01	8.148313e-04	1.839544e-01	2.248374e-02
3.623777e+03	1.864900e-01	8.205994e-04	1.853363e-01	2.248842e-02
3.624442e+03	1.863341e-01	8.194627e-04	1.855952e-01	2.249310e-02
3.625107e+03	1.902478e-01	8.225602e-04	1.859503e-01	2.249777e-02
3.625772e+03	1.854219e-01	8.201694e-04	1.834850e-01	2.250243e-02
3.626437e+03	1.857050e-01	8.189062e-04	1.829398e-01	2.250709e-02
3.627102e+03	1.904992e-01	8.286100e-04	1.888811e-01	2.251175e-02
3.627767e+03	1.975688e-01	8.407374e-04	1.952018e-01	2.251640e-02
3.628432e+03	1.979959e-01	8.424926e-04	1.951693e-01	2.252105e-02
3.629097e+03	1.972648e-01	8.432664e-04	1.939195e-01	2.252569e-02
3.629762e+03	1.982923e-01	8.472784e-04	1.942033e-01	2.253033e-02
3.630427e+03	1.945677e-01	1.017068e-03	1.919285e-01	2.253496e-02
3.631092e+03	1.883539e-01	8.220440e-04	1.885260e-01	2.253959e-02
3.631757e+03	1.878544e-01	8.954880e-04	1.888359e-01	2.254422e-02
3.632422e+03	1.899995e-01	8.875934e-04	1.912016e-01	2.254884e-02
3.633087e+03	1.883348e-01	8.831736e-04	1.892145e-01	2.255345e-02
3.633752e+03	1.870813e-01	7.903546e-04	1.873025e-01	2.255806e-02
3.634417e+03	1.920982e-01	7.964405e-04	1.899134e-01	2.256267e-02
3.635082e+03	1.910336e-01	9.173460e-04	1.895593e-01	2.256727e-02
3.635747e+03	1.849463e-01	7.805925e-04	1.851269e-01	2.257187e-02
3.636412e+03	1.798386e-01	7.697198e-04	1.808808e-01	2.257646e-02
3.637077e+03	1.796140e-01	7.732942e-04	1.782954e-01	2.258105e-02
3.637742e+03	nan	nan	1.800194e-01	2.258564e-02
3.638407e+03	1.894816e-01	7.827486e-04	1.860191e-01	2.259022e-02
3.639072e+03	1.933822e-01	7.836982e-04	1.900918e-01	2.259479e-02
3.639737e+03	1.903193e-01	7.781781e-04	1.888214e-01	2.259937e-02
3.640402e+03	1.847053e-01	7.776542e-04	1.848773e-01	2.260393e-02
3.641067e+03	1.862125e-01	7.955473e-04	1.837644e-01	2.260850e-02
3.641732e+03	1.890555e-01	8.103868e-04	1.861600e-01	2.261305e-02
3.642397e+03	1.913534e-01	8.110141e-04	1.895874e-01	2.261761e-02
3.643062e+03	1.954668e-01	8.174211e-04	1.934086e-01	2.262216e-02
3.643727e+03	1.981645e-01	8.065401e-04	1.960753e-01	2.262670e-02
3.644392e+03	1.975571e-01	7.912342e-04	1.960873e-01	2.263124e-02
3.645057e+03	1.952396e-01	7.992396e-04	1.936640e-01	2.263578e-02
3.645722e+03	1.922962e-01	8.087535e-04	1.902762e-01	2.264031e-02
3.646387e+03	1.871512e-01	8.060606e-04	1.862292e-01	2.264484e-02
3.647052e+03	1.854992e-01	8.007705e-04	1.861059e-01	2.264936e-02
3.647717e+03	1.867154e-01	7.906311e-04	1.865887e-01	2.265388e-02
3.648382e+03	1.875701e-01	7.837662e-04	1.864815e-01	2.265839e-02
3.649047e+03	1.884906e-01	7.835778e-04	1.871413e-01	2.266290e-02
3.649712e+03	1.863880e-01	7.781298e-04	1.861989e-01	2.266740e-02
3.650377e+03	1.854412e-01	7.619426e-04	1.865451e-01	2.267190e-02
3.651042e+03	1.859193e-01	7.500102e-04	1.864942e-01	2.267640e-02
3.651707e+03	1.841893e-01	7.468252e-04	1.831220e-01	2.268089e-02
3.652372e+03	1.848773e-01	7.443140e-04	1.817213e-01	2.268538e-02
3.653037e+03	1.865228e-01	7.528670e-04	1.839991e-01	2.268986e-02
3.653702e+03	1.876889e-01	8.932986e-04	1.859175e-01	2.269434e-02
3.654367e+03	1.877499e-01	8.878185e-04	1.857921e-01	2.269881e-02
3.655032e+03	1.862436e-01	7.547417e-04	1.844812e-01	2.270328e-02
3.655697e+03	1.891353e-01	7.547226e-04	1.864867e-01	2.270775e-02
3.656362e+03	1.908380e-01	7.597344e-04	1.883192e-01	2.271221e-02
3.657027e+03	1.887038e-01	7.613743e-04	1.870038e-01	2.271666e-02
3.657692e+03	1.842485e-01	7.524310e-04	1.841873e-01	2.272111e-02
3.658357e+03	1.819303e-01	7.568122e-04	1.807264e-01	2.272556e-02
3.659022e+03	1.842403e-01	7.622916e-04	1.802434e-01	2.273000e-02
3.659687e+03	1.836618e-01	8.108487e-04	1.825344e-01	2.273444e-02
3.660352e+03	1.862044e-01	7.661921e-04	1.851151e-01	2.273887e-02
3.661017e+03	1.864573e-01	7.674565e-04	1.856445e-01	2.274330e-02
3.661682e+03	1.855435e-01	7.691170e-04	1.847542e-01	2.274773e-02
3.662347e+03	1.846063e-01	7.760703e-04	1.843447e-01	2.275215e-02
3.663012e+03	1.869108e-01	7.732951e-04	1.851269e-01	2.275656e-02
3.663677e+03	1.863574e-01	7.701730e-04	1.842001e-01	2.276098e-02
3.664342e+03	1.834293e-01	7.741343e-04	1.817746e-01	2.276538e-02
3.665007e+03	1.858427e-01	7.733676e-04	1.831981e-01	2.276979e-02
3.665672e+03	1.883700e-01	7.671162e-04	1.862068e-01	2.277418e-02
3.666337e+03	1.914303e-01	7.704655e-04	1.879351e-01	2.277858e-02
3.667002e+03	1.910136e-01	7.740033e-04	1.894709e-01	2.278297e-02
3.667667e+03	1.925105e-01	7.759435e-04	1.929014e-01	2.278735e-02
3.668332e+03	1.936158e-01	7.781639e-04	1.944642e-01	2.279173e-02
3.668997e+03	1.912626e-01	8.145672e-04	1.922109e-01	2.279611e-02
3.669662e+03	1.903136e-01	8.590094e-04	1.900764e-01	2.280048e-02
3.670327e+03	1.909191e-01	8.737256e-04	1.893399e-01	2.280485e-02
3.670992e+03	1.910367e-01	8.871090e-04	1.882166e-01	2.280921e-02
3.671657e+03	1.907023e-01	8.754099e-04	1.875495e-01	2.281357e-02
3.672322e+03	1.893766e-01	9.194735e-04	1.864327e-01	2.281792e-02
3.672987e+03	1.864157e-01	9.045336e-04	1.829350e-01	2.282227e-02
3.673652e+03	1.858018e-01	9.144669e-04	1.818063e-01	2.282662e-02
3.674317e+03	1.876076e-01	8.503786e-04	1.849657e-01	2.283096e-02
3.674982e+03	1.881291e-01	8.535098e-04	1.861435e-01	2.283529e-02
3.675647e+03	1.849409e-01	8.529062e-04	1.837246e-01	2.283963e-02
3.676312e+03	1.879694e-01	8.521998e-04	1.840700e-01	2.284395e-02
3.676977e+03	1.891701e-01	8.414357e-04	1.845990e-01	2.284828e-02
3.677642e+03	1.830378e-01	1.043461e-03	1.825222e-01	2.285259e-02
3.678307e+03	1.856051e-01	8.949251e-04	1.836669e-01	2.285691e-02
3.678972e+03	1.865495e-01	7.915408e-04	1.839309e-01	2.286122e-02
3.679637e+03	1.850183e-01	7.816122e-04	1.803825e-01	2.286552e-02
3.680302e+03	1.826570e-01	7.643434e-04	1.793353e-01	2.286982e-02
3.680967e+03	1.880578e-01	7.635598e-04	1.839358e-01	2.287412e-02
3.681632e+03	1.891320e-01	7.654997e-04	1.864395e-01	2.287841e-02
3.682297e+03	1.881898e-01	7.663932e-04	1.856937e-01	2.288270e-02
3.682962e+03	1.894859e-01	7.668879e-04	1.858595e-01	2.288698e-02
3.683627e+03	1.875289e-01	7.631718e-04	1.851517e-01	2.289126e-02
3.684292e+03	1.842063e-01	7.606204e-04	1.829087e-01	2.289554e-02
3.684957e+03	1.875893e-01	7.619853e-04	1.848068e-01	2.289981e-02
3.685622e+03	1.904118e-01	7.708555e-04	1.874057e-01	2.290407e-02
3.686287e+03	1.907538e-01	7.698346e-04	1.882535e-01	2.290833e-02
3.686952e+03	1.904560e-01	7.751066e-04	1.892212e-01	2.291259e-02
3.687617e+03	1.881110e-01	9.309818e-04	1.876145e-01	2.291684e-02
3.688282e+03	1.865814e-01	8.425445e-04	1.857723e-01	2.292109e-02
3.688947e+03	1.861592e-01	7.749924e-04	1.847840e-01	2.292533e-02
3.689612e+03	1.863580e-01	7.716907e-04	1.836846e-01	2.292957e-02
3.690277e+03	1.842192e-01	7.737949e-04	1.825029e-01	2.293381e-02
3.690942e+03	nan	nan	1.831970e-01	2.293804e-02
3.691607e+03	nan	nan	1.840592e-01	2.294226e-02
3.692272e+03	1.778644e-01	1.272777e-03	1.853011e-01	2.294649e-02
3.692937e+03	nan	nan	1.863329e-01	2.295070e-02
3.693602e+03	1.851952e-01	8.679453e-04	1.826057e-01	2.295492e-02
3.694267e+03	nan	nan	1.798753e-01	2.295912e-02
3.694932e+03	1.854114e-01	7.860996e-04	1.845265e-01	2.296333e-02
3.695597e+03	1.880436e-01	7.771035e-04	1.871088e-01	2.296753e-02
3.696262e+03	1.861582e-01	7.718035e-04	1.848205e-01	2.297172e-02
3.696927e+03	1.890108e-01	7.621339e-04	1.853499e-01	2.297591e-02
3.697592e+03	1.871691e-01	7.526979e-04	1.869907e-01	2.298010e-02
3.698257e+03	1.855996e-01	7.462010e-04	1.866772e-01	2.298428e-02
3.698922e+03	1.840445e-01	7.457576e-04	1.845979e-01	2.298846e-02
3.699587e+03	1.827398e-01	7.402174e-04	1.816585e-01	2.299263e-02
3.700252e+03	1.822797e-01	7.480793e-04	1.825143e-01	2.299680e-02
3.700917e+03	1.842339e-01	7.486639e-04	1.844470e-01	2.300097e-02
3.701582e+03	1.862583e-01	7.462110e-04	1.880222e-01	2.300513e-02
3.702247e+03	1.907937e-01	7.518696e-04	1.918782e-01	2.300928e-02
3.702912e+03	1.885210e-01	7.484331e-04	1.889654e-01	2.301343e-02
3.703577e+03	1.870487e-01	7.449466e-04	1.853172e-01	2.301758e-02
3.704242e+03	1.871812e-01	8.069395e-04	1.845387e-01	2.302172e-02
3.704907e+03	1.872534e-01	7.718598e-04	1.854232e-01	2.302586e-02
3.705572e+03	1.870248e-01	7.762415e-04	1.865123e-01	2.303000e-02
3.706237e+03	1.878208e-01	7.530534e-04	1.876400e-01	2.303412e-02
3.706902e+03	nan	nan	1.864914e-01	2.303825e-02
3.707567e+03	nan	nan	1.810133e-01	2.304237e-02
3.708232e+03	nan	nan	1.772048e-01	2.304649e-02
3.708897e+03	nan	nan	1.783677e-01	2.305060e-02
3.709562e+03	1.819957e-01	7.492038e-04	1.826168e-01	2.305471e-02
3.710227e+03	1.875992e-01	7.609678e-04	1.872315e-01	2.305881e-02
3.710892e+03	1.914956e-01	8.218069e-04	1.898530e-01	2.306291e-02
3.711557e+03	1.904842e-01	7.736688e-04	1.906398e-01	2.306700e-02
3.712222e+03	1.905394e-01	7.819057e-04	1.905007e-01	2.307109e-02
3.712887e+03	1.869038e-01	7.915608e-04	1.882079e-01	2.307518e-02
3.713552e+03	1.832799e-01	7.771793e-04	1.842332e-01	2.307926e-02
3.714217e+03	1.828457e-01	7.652917e-04	1.826005e-01	2.308334e-02
3.714882e+03	1.856000e-01	7.656476e-04	1.850219e-01	2.308741e-02
3.715547e+03	1.851961e-01	7.656026e-04	1.857270e-01	2.309148e-02
3.716212e+03	1.850198e-01	8.191417e-04	1.830521e-01	2.309554e-02
3.716877e+03	1.909233e-01	8.429702e-04	1.823328e-01	2.309960e-02
3.717542e+03	1.845923e-01	8.292812e-04	1.827423e-01	2.310365e-02
3.718207e+03	1.848545e-01	8.722059e-04	1.833672e-01	2.310770e-02
3.718872e+03	1.855942e-01	8.649703e-04	1.851018e-01	2.311175e-02
3.719537e+03	nan	nan	1.865142e-01	2.311579e-02
3.720202e+03	1.867563e-01	8.420049e-04	1.855790e-01	2.311983e-02
3.720867e+03	1.864581e-01	8.254467e-04	1.844398e-01	2.312386e-02
3.721532e+03	1.870875e-01	8.051565e-04	1.840633e-01	2.312789e-02
3.722197e+03	1.863846e-01	7.893655e-04	1.826677e-01	2.313192e-02
3.722862e+03	nan	nan	1.808758e-01	2.313594e-02
3.723527e+03	nan	nan	1.835637e-01	2.313995e-02
3.724192e+03	nan	nan	1.888271e-01	2.314396e-02
3.724857e+03	nan	nan	1.902563e-01	2.314797e-02
3.725522e+03	nan	nan	1.862622e-01	2.315197e-02
3.726187e+03	1.813056e-01	7.672628e-04	1.823900e-01	2.315597e-02
3.726852e+03	1.843471e-01	7.661864e-04	1.836217e-01	2.315997e-02
3.727517e+03	1.890355e-01	7.640280e-04	1.877703e-01	2.316395e-02
3.728182e+03	1.897359e-01	7.567746e-04	1.894637e-01	2.316794e-02
3.728847e+03	1.881216e-01	7.571341e-04	1.886131e-01	2.317192e-02
3.729512e+03	1.896137e-01	7.641745e-04	1.896545e-01	2.317590e-02
3.730177e+03	nan	nan	1.895745e-01	2.317987e-02
3.730842e+03	nan	nan	1.879269e-01	2.318384e-02
3.731507e+03	1.855319e-01	7.615937e-04	1.851629e-01	2.318780e-02
3.732172e+03	1.808588e-01	7.553061e-04	1.806974e-01	2.319176e-02
3.732837e+03	1.797692e-01	7.551196e-04	1.792690e-01	2.319571e-02
3.733502e+03	1.778373e-01	7.500541e-04	1.781289e-01	2.319967e-02
3.734167e+03	1.785741e-01	7.557427e-04	1.772543e-01	2.320361e-02
3.734832e+03	1.803150e-01	7.580052e-04	1.783856e-01	2.320755e-02
3.735497e+03	1.802911e-01	7.720722e-04	1.801026e-01	2.321149e-02
3.736162e+03	1.841368e-01	7.911756e-04	1.810472e-01	2.321542e-02
3.736827e+03	1.848241e-01	8.716700e-04	1.821076e-01	2.321935e-02
3.737492e+03	1.840195e-01	9.079282e-04	1.830954e-01	2.322328e-02
3.738157e+03	1.843220e-01	8.722071e-04	1.821359e-01	2.322720e-02
3.738822e+03	1.889117e-01	9.673762e-04	1.848513e-01	2.323111e-02
3.739487e+03	1.932831e-01	9.043374e-04	1.897829e-01	2.323502e-02
3.740152e+03	1.903324e-01	8.894686e-04	1.900698e-01	2.323893e-02
3.740817e+03	1.901261e-01	1.151088e-03	1.891586e-01	2.324283e-02
3.741482e+03	1.893756e-01	9.033659e-04	1.858564e-01	2.324673e-02
3.742147e+03	1.829000e-01	8.842234e-04	1.810224e-01	2.325063e-02
3.742812e+03	1.812514e-01	8.749222e-04	1.807573e-01	2.325451e-02
3.743477e+03	1.832189e-01	8.433482e-04	1.837871e-01	2.325840e-02
3.744142e+03	1.833325e-01	8.035814e-04	1.851795e-01	2.326228e-02
3.744807e+03	1.782965e-01	7.832512e-04	1.803367e-01	2.326616e-02
3.745472e+03	1.735884e-01	7.721547e-04	1.754129e-01	2.327003e-02
3.746137e+03	1.802183e-01	7.783994e-04	1.800190e-01	2.327390e-02
3.746802e+03	1.864558e-01	7.760960e-04	1.860373e-01	2.327776e-02
3.747467e+03	1.858840e-01	7.597750e-04	1.868329e-01	2.328162e-02
3.748132e+03	1.828244e-01	7.525278e-04	1.865261e-01	2.328548e-02
3.748797e+03	1.840569e-01	7.492681e-04	1.870897e-01	2.328933e-02
3.749462e+03	1.860134e-01	7.488843e-04	1.863771e-01	2.329317e-02
3.750127e+03	1.855942e-01	7.486739e-04	1.853562e-01	2.329702e-02
3.750792e+03	1.849860e-01	7.498916e-04	1.851381e-01	2.330085e-02
3.751457e+03	1.855812e-01	7.489561e-04	1.863902e-01	2.330469e-02
3.752122e+03	nan	nan	1.872622e-01	2.330852e-02
3.752787e+03	nan	nan	1.855582e-01	2.331234e-02
3.753452e+03	1.830348e-01	7.491067e-04	1.834360e-01	2.331616e-02
3.754117e+03	1.823784e-01	7.431267e-04	1.824619e-01	2.331998e-02
3.754782e+03	1.824787e-01	7.429952e-04	1.827384e-01	2.332379e-02
3.755447e+03	1.828674e-01	7.472548e-04	1.814533e-01	2.332760e-02
3.756112e+03	1.801175e-01	7.459474e-04	1.802363e-01	2.333140e-02
3.756777e+03	1.812216e-01	7.489078e-04	1.827066e-01	2.333520e-02
3.757442e+03	1.836303e-01	7.502377e-04	1.839541e-01	2.333899e-02
3.758107e+03	1.871987e-01	7.554350e-04	1.859713e-01	2.334278e-02
3.758772e+03	1.882409e-01	7.613963e-04	1.883710e-01	2.334657e-02
3.759437e+03	1.881371e-01	7.668613e-04	1.875649e-01	2.335035e-02
3.760102e+03	1.853955e-01	7.571102e-04	1.850269e-01	2.335413e-02
3.760767e+03	1.833202e-01	7.571799e-04	1.834891e-01	2.335790e-02
3.761432e+03	1.835360e-01	7.629825e-04	1.842862e-01	2.336167e-02
3.762097e+03	1.795734e-01	7.593479e-04	1.818513e-01	2.336543e-02
3.762762e+03	1.784875e-01	7.604634e-04	1.781052e-01	2.336919e-02
3.763427e+03	1.769740e-01	7.482281e-04	1.765885e-01	2.337295e-02
3.764092e+03	1.763241e-01	7.493394e-04	1.773935e-01	2.337670e-02
3.764757e+03	1.783448e-01	7.556099e-04	1.795441e-01	2.338045e-02
3.765422e+03	1.804874e-01	7.574482e-04	1.808541e-01	2.338419e-02
3.766087e+03	1.817673e-01	7.571506e-04	1.811682e-01	2.338793e-02
3.766752e+03	1.834755e-01	7.577819e-04	1.816351e-01	2.339166e-02
3.767417e+03	1.846423e-01	7.749682e-04	1.830660e-01	2.339539e-02
3.768082e+03	1.869138e-01	7.805533e-04	1.847227e-01	2.339912e-02
3.768747e+03	1.891105e-01	7.776484e-04	1.859339e-01	2.340284e-02
3.769412e+03	1.852408e-01	7.497600e-04	1.836852e-01	2.340656e-02
3.770077e+03	1.815335e-01	7.290240e-04	1.803100e-01	2.341027e-02
3.770742e+03	1.787934e-01	7.305386e-04	1.784097e-01	2.341398e-02
3.771407e+03	1.822636e-01	7.961305e-04	1.805095e-01	2.341768e-02
3.772072e+03	1.839221e-01	7.407899e-04	1.827874e-01	2.342138e-02
3.772737e+03	1.818073e-01	7.365967e-04	1.817629e-01	2.342508e-02
3.773402e+03	1.776983e-01	7.350803e-04	1.786389e-01	2.342877e-02
3.774067e+03	1.752941e-01	7.267747e-04	1.768751e-01	2.343246e-02
3.774732e+03	1.810698e-01	7.330396e-04	1.813125e-01	2.343614e-02
3.775397e+03	1.888287e-01	7.433217e-04	1.871907e-01	2.343982e-02
3.776062e+03	1.913635e-01	7.424983e-04	1.892759e-01	2.344349e-02
3.776727e+03	1.886879e-01	7.356644e-04	1.887039e-01	2.344716e-02
3.777392e+03	1.862165e-01	7.376325e-04	1.879920e-01	2.345083e-02
3.778057e+03	1.856515e-01	7.522771e-04	1.866281e-01	2.345449e-02
3.778722e+03	1.841481e-01	7.505075e-04	1.834466e-01	2.345815e-02
3.779387e+03	1.790789e-01	7.582188e-04	1.799185e-01	2.346180e-02
3.780052e+03	nan	nan	1.793569e-01	2.346545e-02
3.780717e+03	1.814567e-01	7.472915e-04	1.821177e-01	2.346909e-02
3.781382e+03	1.841787e-01	7.302497e-04	1.842764e-01	2.347273e-02
3.782047e+03	1.836803e-01	7.259250e-04	1.838978e-01	2.347637e-02
3.782712e+03	1.865380e-01	7.279613e-04	1.852735e-01	2.348000e-02
3.783377e+03	1.879774e-01	7.230623e-04	1.864312e-01	2.348363e-02
3.784042e+03	1.835603e-01	7.175189e-04	1.842816e-01	2.348725e-02
3.784707e+03	1.831859e-01	7.216071e-04	1.833598e-01	2.349087e-02
3.785372e+03	1.848101e-01	7.227662e-04	1.836713e-01	2.349448e-02
3.786037e+03	1.825732e-01	7.212907e-04	1.811754e-01	2.349809e-02
3.786702e+03	1.794641e-01	7.197829e-04	1.793045e-01	2.350170e-02
3.787367e+03	1.799792e-01	7.175696e-04	1.807445e-01	2.350530e-02
3.788032e+03	nan	nan	1.834932e-01	2.350890e-02
3.788697e+03	nan	nan	1.857290e-01	2.351249e-02
3.789362e+03	nan	nan	1.851760e-01	2.351608e-02
3.790027e+03	1.830695e-01	7.162731e-04	1.830717e-01	2.351966e-02
3.790692e+03	1.814605e-01	7.153480e-04	1.814437e-01	2.352324e-02
3.791357e+03	1.801690e-01	7.139676e-04	1.813977e-01	2.352682e-02
3.792022e+03	1.815465e-01	7.149336e-04	1.826486e-01	2.353039e-02
3.792687e+03	1.838384e-01	7.209346e-04	1.828339e-01	2.353396e-02
3.793352e+03	1.832923e-01	7.145099e-04	1.830999e-01	2.353752e-02
3.794017e+03	1.836621e-01	7.182019e-04	1.845079e-01	2.354108e-02
3.794682e+03	1.843558e-01	7.173973e-04	1.844309e-01	2.354464e-02
3.795347e+03	1.815048e-01	7.161429e-04	1.817909e-01	2.354819e-02
3.796012e+03	1.789885e-01	7.132904e-04	1.797810e-01	2.355173e-02
3.796677e+03	1.803000e-01	7.144612e-04	1.808902e-01	2.355528e-02
3.797342e+03	1.846375e-01	7.207236e-04	1.845720e-01	2.355881e-02
3.798007e+03	1.868830e-01	7.187225e-04	1.870180e-01	2.356235e-02
3.798672e+03	nan	nan	1.849383e-01	2.356588e-02
3.799337e+03	nan	nan	1.793079e-01	2.356940e-02
3.800002e+03	1.726616e-01	9.410615e-04	1.757608e-01	2.357292e-02
3.800667e+03	1.762021e-01	9.424871e-04	1.786295e-01	2.357644e-02
3.801332e+03	1.834267e-01	7.062772e-04	1.829674e-01	2.357995e-02
3.801997e+03	1.837107e-01	7.083218e-04	1.838604e-01	2.358346e-02
3.802662e+03	1.837891e-01	7.088668e-04	1.839144e-01	2.358696e-02
3.803327e+03	1.835472e-01	7.115957e-04	1.837775e-01	2.359046e-02
3.803992e+03	1.835536e-01	7.161570e-04	1.839483e-01	2.359396e-02
3.804657e+03	1.813255e-01	7.021105e-04	1.827715e-01	2.359745e-02
3.805322e+03	1.790336e-01	6.990288e-04	1.801691e-01	2.360093e-02
3.805987e+03	1.777591e-01	7.009701e-04	1.782335e-01	2.360442e-02
3.806652e+03	1.765591e-01	6.988727e-04	1.765185e-01	2.360790e-02
3.807317e+03	1.755634e-01	6.984629e-04	1.753479e-01	2.361137e-02
3.807982e+03	1.735709e-01	6.948760e-04	1.743432e-01	2.361484e-02
3.808647e+03	1.753716e-01	7.016145e-04	1.761997e-01	2.361830e-02
3.809312e+03	1.809754e-01	7.720052e-04	1.801033e-01	2.362177e-02
3.809977e+03	nan	nan	1.811335e-01	2.362522e-02
3.810642e+03	1.798209e-01	7.126448e-04	1.792166e-01	2.362868e-02
3.811307e+03	1.749558e-01	7.046993e-04	1.768849e-01	2.363213e-02
3.811972e+03	1.757475e-01	7.067189e-04	1.778881e-01	2.363557e-02
3.812637e+03	1.799732e-01	7.135246e-04	1.812566e-01	2.363901e-02
3.813302e+03	1.852358e-01	7.285226e-04	1.848245e-01	2.364245e-02
3.813967e+03	1.873378e-01	7.283611e-04	1.867441e-01	2.364588e-02
3.814632e+03	1.850685e-01	7.365721e-04	1.837852e-01	2.364931e-02
3.815297e+03	1.795619e-01	7.456129e-04	1.798271e-01	2.365273e-02
3.815962e+03	1.793371e-01	7.547866e-04	1.789562e-01	2.365615e-02
3.816627e+03	1.813549e-01	7.569567e-04	1.798702e-01	2.365956e-02
3.817292e+03	1.829338e-01	7.587214e-04	1.818293e-01	2.366297e-02
3.817957e+03	1.813566e-01	7.549384e-04	1.826095e-01	2.366638e-02
3.818622e+03	1.798316e-01	7.602808e-04	1.823440e-01	2.366978e-02
3.819287e+03	1.825984e-01	7.768330e-04	1.825441e-01	2.367318e-02
3.819952e+03	1.815084e-01	7.746032e-04	1.821155e-01	2.367657e-02
3.820617e+03	1.812651e-01	7.725795e-04	1.810972e-01	2.367996e-02
3.821282e+03	1.824696e-01	7.761568e-04	1.810781e-01	2.368335e-02
3.821947e+03	1.857508e-01	9.611602e-04	1.810037e-01	2.368673e-02
3.822612e+03	nan	nan	1.781041e-01	2.369011e-02
3.823277e+03	1.767699e-01	9.093653e-04	1.762694e-01	2.369348e-02
3.823942e+03	1.798185e-01	7.620274e-04	1.787199e-01	2.369685e-02
3.824607e+03	1.819099e-01	7.514583e-04	1.805711e-01	2.370021e-02
3.825272e+03	1.804121e-01	7.440069e-04	1.791965e-01	2.370357e-02
3.825937e+03	1.784076e-01	7.384334e-04	1.763788e-01	2.370693e-02
3.826602e+03	1.778314e-01	7.264170e-04	1.758745e-01	2.371028e-02
3.827267e+03	1.785453e-01	7.321052e-04	1.771732e-01	2.371363e-02
3.827932e+03	1.789568e-01	7.447904e-04	1.774319e-01	2.371697e-02
3.828597e+03	1.792228e-01	7.337806e-04	1.776449e-01	2.372031e-02
3.829262e+03	1.767932e-01	7.193605e-04	1.766987e-01	2.372365e-02
3.829927e+03	1.735732e-01	7.175655e-04	1.743157e-01	2.372698e-02
3.830592e+03	1.767206e-01	7.189990e-04	1.743506e-01	2.373031e-02
3.831257e+03	1.758248e-01	7.199447e-04	1.754984e-01	2.373363e-02
3.831922e+03	1.760387e-01	7.166706e-04	1.778136e-01	2.373695e-02
3.832587e+03	1.796486e-01	1.055181e-03	1.808910e-01	2.374026e-02
3.833252e+03	1.807754e-01	1.031011e-03	1.807365e-01	2.374357e-02
3.833917e+03	1.784896e-01	7.078843e-04	1.788295e-01	2.374688e-02
3.834582e+03	1.771603e-01	7.069042e-04	1.773621e-01	2.375018e-02
3.835247e+03	1.770518e-01	7.086314e-04	1.753229e-01	2.375347e-02
3.835912e+03	1.758368e-01	7.083746e-04	1.742049e-01	2.375677e-02
3.836577e+03	1.774194e-01	7.072821e-04	1.758441e-01	2.376006e-02
3.837242e+03	1.779258e-01	7.088091e-04	1.775741e-01	2.376334e-02
3.837907e+03	1.788645e-01	7.040914e-04	1.784912e-01	2.376662e-02
3.838572e+03	1.806973e-01	7.082747e-04	1.794859e-01	2.376990e-02
3.839237e+03	1.810291e-01	7.069464e-04	1.799093e-01	2.377317e-02
3.839902e+03	1.785050e-01	6.996876e-04	1.788422e-01	2.377644e-02
3.840567e+03	1.777521e-01	7.344566e-04	1.776948e-01	2.377970e-02
3.841232e+03	1.779652e-01	7.301729e-04	1.762566e-01	2.378296e-02
3.841897e+03	1.768279e-01	6.937288e-04	1.750632e-01	2.378622e-02
3.842562e+03	1.779974e-01	9.884899e-04	1.770672e-01	2.378947e-02
3.843227e+03	1.796688e-01	9.858377e-04	1.810007e-01	2.379272e-02
3.843892e+03	1.826946e-01	6.982352e-04	1.835647e-01	2.379596e-02
3.844557e+03	1.845817e-01	7.007324e-04	1.847074e-01	2.379920e-02
3.845222e+03	1.831711e-01	6.964689e-04	1.823713e-01	2.380243e-02
3.845887e+03	1.780524e-01	6.925638e-04	1.774001e-01	2.380566e-02
3.846552e+03	1.743419e-01	1.114369e-03	1.752092e-01	2.380889e-02
3.847217e+03	1.750539e-01	7.467624e-04	1.767783e-01	2.381211e-02
3.847882e+03	1.764534e-01	6.934514e-04	1.771691e-01	2.381533e-02
3.848547e+03	1.752659e-01	6.969693e-04	1.747990e-01	2.381855e-02
3.849212e+03	1.762449e-01	6.985577e-04	1.743038e-01	2.382176e-02
3.849877e+03	1.767419e-01	6.991491e-04	1.759216e-01	2.382496e-02
3.850542e+03	1.765569e-01	7.057842e-04	1.772303e-01	2.382816e-02
3.851207e+03	1.789671e-01	7.065960e-04	1.777570e-01	2.383136e-02
3.851872e+03	1.772716e-01	7.025591e-04	1.756845e-01	2.383455e-02
3.852537e+03	1.720827e-01	6.955384e-04	1.725690e-01	2.383774e-02
3.853202e+03	1.713223e-01	6.925447e-04	1.726407e-01	2.384093e-02
3.853867e+03	1.758975e-01	6.983635e-04	1.762120e-01	2.384411e-02
3.854532e+03	nan	nan	1.789967e-01	2.384728e-02
3.855197e+03	1.786639e-01	7.088707e-04	1.783860e-01	2.385046e-02
3.855862e+03	1.800733e-01	7.098134e-04	1.783282e-01	2.385363e-02
3.856527e+03	1.811293e-01	7.098337e-04	1.788414e-01	2.385679e-02
3.857192e+03	1.797302e-01	7.116108e-04	1.778591e-01	2.385995e-02
3.857857e+03	1.784830e-01	7.124452e-04	1.775553e-01	2.386311e-02
3.858522e+03	1.794874e-01	7.140596e-04	1.794043e-01	2.386626e-02
3.859187e+03	1.836853e-01	7.226522e-04	1.821374e-01	2.386940e-02
3.859852e+03	1.841365e-01	1.335784e-03	1.837895e-01	2.387255e-02
3.860517e+03	1.830618e-01	1.325187e-03	1.838554e-01	2.387569e-02
3.861182e+03	1.848029e-01	9.217685e-04	1.838604e-01	2.387882e-02
3.861847e+03	1.853015e-01	7.292374e-04	1.831945e-01	2.388195e-02
3.862512e+03	1.798303e-01	7.315689e-04	1.786688e-01	2.388508e-02
3.863177e+03	1.718198e-01	7.296388e-04	1.727936e-01	2.388820e-02
3.863842e+03	1.724981e-01	7.370783e-04	1.721876e-01	2.389132e-02
3.864507e+03	1.779370e-01	7.382147e-04	1.753114e-01	2.389444e-02
3.865172e+03	1.789180e-01	7.432764e-04	1.756458e-01	2.389755e-02
3.865837e+03	1.785594e-01	7.613520e-04	1.737818e-01	2.390065e-02
3.866502e+03	1.784646e-01	7.762314e-04	1.759803e-01	2.390375e-02
3.867167e+03	1.812527e-01	7.801538e-04	1.781306e-01	2.390685e-02
3.867832e+03	1.772648e-01	7.877632e-04	1.761876e-01	2.390995e-02
3.868497e+03	1.746619e-01	8.146390e-04	1.743899e-01	2.391304e-02
3.869162e+03	1.751897e-01	8.167634e-04	1.755410e-01	2.391612e-02
3.869827e+03	1.793488e-01	8.238741e-04	1.785471e-01	2.391920e-02
3.870492e+03	1.817246e-01	7.975510e-04	1.788281e-01	2.392228e-02
3.871157e+03	1.769273e-01	7.614404e-04	1.747160e-01	2.392535e-02
3.871822e+03	1.710177e-01	8.163133e-04	1.711902e-01	2.392842e-02
3.872487e+03	1.711535e-01	8.223381e-04	1.721643e-01	2.393149e-02
3.873152e+03	1.758431e-01	7.588180e-04	1.746915e-01	2.393455e-02
3.873817e+03	1.772091e-01	7.560225e-04	1.756239e-01	2.393761e-02
3.874482e+03	1.775051e-01	7.891189e-04	1.769821e-01	2.394066e-02
3.875147e+03	1.800458e-01	7.561306e-04	1.781846e-01	2.394371e-02
3.875812e+03	1.804134e-01	8.110711e-04	1.780599e-01	2.394675e-02
3.876477e+03	1.808453e-01	9.031715e-04	1.770509e-01	2.394979e-02
3.877142e+03	1.761546e-01	1.241340e-03	1.753063e-01	2.395283e-02
3.877807e+03	nan	nan	1.743329e-01	2.395586e-02
3.878472e+03	1.776797e-01	7.172162e-04	1.749393e-01	2.395889e-02
3.879137e+03	1.778667e-01	7.136108e-04	1.753796e-01	2.396191e-02
3.879802e+03	1.769662e-01	7.134954e-04	1.757580e-01	2.396493e-02
3.880467e+03	1.775141e-01	7.204016e-04	1.770396e-01	2.396795e-02
3.881132e+03	1.786291e-01	7.287743e-04	1.778609e-01	2.397096e-02
3.881797e+03	1.797699e-01	7.440394e-04	1.780500e-01	2.397397e-02
3.882462e+03	1.790485e-01	7.840669e-04	1.776081e-01	2.397697e-02
3.883127e+03	1.789074e-01	7.798646e-04	1.781538e-01	2.397997e-02
3.883792e+03	1.803544e-01	7.252539e-04	1.798800e-01	2.398297e-02
3.884457e+03	1.806521e-01	7.238398e-04	1.798720e-01	2.398596e-02
3.885122e+03	1.777771e-01	7.168044e-04	1.776785e-01	2.398895e-02
3.885787e+03	1.755516e-01	7.153569e-04	1.752244e-01	2.399193e-02
3.886452e+03	1.738395e-01	7.115300e-04	1.730232e-01	2.399491e-02
3.887117e+03	1.712226e-01	7.072894e-04	1.707614e-01	2.399788e-02
3.887782e+03	1.718859e-01	7.084760e-04	1.706389e-01	2.400085e-02
3.888447e+03	1.747879e-01	7.076284e-04	1.729343e-01	2.400382e-02
3.889112e+03	1.767906e-01	7.094566e-04	1.743292e-01	2.400678e-02
3.889777e+03	1.768505e-01	7.072489e-04	1.740163e-01	2.400974e-02
3.890442e+03	1.745680e-01	7.034340e-04	1.728628e-01	2.401270e-02
3.891107e+03	1.708623e-01	6.972185e-04	1.702644e-01	2.401565e-02
3.891772e+03	1.693406e-01	7.402385e-04	1.673355e-01	2.401859e-02
3.892437e+03	1.657214e-01	6.881210e-04	1.662716e-01	2.402153e-02
3.893102e+03	1.685000e-01	6.859924e-04	1.682781e-01	2.402447e-02
3.893767e+03	1.733785e-01	6.906586e-04	1.725950e-01	2.402741e-02
3.894432e+03	1.760865e-01	6.920012e-04	1.755958e-01	2.403034e-02
3.895097e+03	1.760430e-01	6.846835e-04	1.765217e-01	2.403326e-02
3.895762e+03	1.777093e-01	6.841195e-04	1.768558e-01	2.403618e-02
3.896427e+03	1.768195e-01	1.037574e-03	1.764087e-01	2.403910e-02
3.897092e+03	1.741076e-01	1.039601e-03	1.737361e-01	2.404202e-02
3.897757e+03	nan	nan	1.715882e-01	2.404493e-02
3.898422e+03	1.688072e-01	6.840071e-04	1.705370e-01	2.404783e-02
3.899087e+03	1.707356e-01	7.052759e-04	1.708524e-01	2.405073e-02
3.899752e+03	1.735661e-01	7.919680e-04	1.735602e-01	2.405363e-02
3.900417e+03	1.768250e-01	7.219624e-04	1.755332e-01	2.405652e-02
3.901082e+03	1.747392e-01	7.266737e-04	1.749758e-01	2.405941e-02
3.901747e+03	1.741332e-01	7.272220e-04	1.745105e-01	2.406230e-02
3.902412e+03	1.759339e-01	7.307212e-04	1.749382e-01	2.406518e-02
3.903077e+03	1.764771e-01	7.228742e-04	1.745301e-01	2.406806e-02
3.903742e+03	1.745743e-01	7.135601e-04	1.725194e-01	2.407093e-02
3.904407e+03	1.721934e-01	7.102130e-04	1.704880e-01	2.407380e-02
3.905072e+03	1.733209e-01	7.160009e-04	1.708027e-01	2.407666e-02
3.905737e+03	1.732209e-01	7.328509e-04	1.724535e-01	2.407953e-02
3.906402e+03	1.733595e-01	8.180490e-04	1.739432e-01	2.408238e-02
3.907067e+03	1.771705e-01	8.536062e-04	1.757612e-01	2.408524e-02
3.907732e+03	1.761003e-01	8.750873e-04	1.749213e-01	2.408808e-02
3.908397e+03	1.730898e-01	8.551054e-04	1.738807e-01	2.409093e-02
3.909062e+03	1.735254e-01	8.148387e-04	1.737935e-01	2.409377e-02
3.909727e+03	1.713253e-01	1.093742e-03	1.717056e-01	2.409661e-02
3.910392e+03	1.703028e-01	8.442791e-04	1.700075e-01	2.409944e-02
3.911057e+03	1.695627e-01	8.593979e-04	1.683337e-01	2.410227e-02
3.911722e+03	1.708703e-01	8.404412e-04	1.664359e-01	2.410509e-02
3.912387e+03	1.707018e-01	8.212811e-04	1.681126e-01	2.410791e-02
3.913052e+03	1.719039e-01	7.894797e-04	1.709580e-01	2.411073e-02
3.913717e+03	1.702759e-01	7.851833e-04	1.698585e-01	2.411354e-02
3.914382e+03	1.678918e-01	7.822120e-04	1.669675e-01	2.411635e-02
3.915047e+03	1.682337e-01	7.556337e-04	1.678979e-01	2.411916e-02
3.915712e+03	1.731490e-01	7.386665e-04	1.726832e-01	2.412196e-02
3.916377e+03	1.760832e-01	7.355448e-04	1.750847e-01	2.412475e-02
3.917042e+03	1.747331e-01	7.560788e-04	1.732681e-01	2.412754e-02
3.917707e+03	1.730985e-01	8.144580e-04	1.725709e-01	2.413033e-02
3.918372e+03	1.754950e-01	9.120907e-04	1.736175e-01	2.413312e-02
3.919037e+03	1.733588e-01	9.131542e-04	1.716959e-01	2.413590e-02
3.919702e+03	1.688433e-01	8.037857e-04	1.678468e-01	2.413867e-02
3.920367e+03	nan	nan	1.678568e-01	2.414145e-02
3.921032e+03	nan	nan	1.718564e-01	2.414421e-02
3.921697e+03	1.745401e-01	7.260381e-04	1.733334e-01	2.414698e-02
3.922362e+03	1.738400e-01	7.227770e-04	1.733457e-01	2.414974e-02
3.923027e+03	1.751640e-01	7.254118e-04	1.733550e-01	2.415250e-02
3.923692e+03	1.718317e-01	7.198060e-04	1.715259e-01	2.415525e-02
3.924357e+03	1.721292e-01	7.218068e-04	1.714789e-01	2.415800e-02
3.925022e+03	1.752317e-01	7.235587e-04	1.737149e-01	2.416074e-02
3.925687e+03	1.747672e-01	7.256685e-04	1.738865e-01	2.416348e-02
3.926352e+03	1.706487e-01	7.246902e-04	1.707423e-01	2.416622e-02
3.927017e+03	1.705162e-01	9.123953e-04	1.692141e-01	2.416895e-02
3.927682e+03	1.730598e-01	7.248617e-04	1.707940e-01	2.417168e-02
3.928347e+03	1.764866e-01	7.281368e-04	1.734675e-01	2.417440e-02
3.929012e+03	1.775452e-01	7.291721e-04	1.751780e-01	2.417712e-02
3.929677e+03	1.740174e-01	7.252207e-04	1.724447e-01	2.417984e-02
3.930342e+03	1.700391e-01	7.324667e-04	1.682957e-01	2.418255e-02
3.931007e+03	1.691346e-01	7.178563e-04	1.674462e-01	2.418526e-02
3.931672e+03	1.695866e-01	7.198375e-04	1.692711e-01	2.418796e-02
3.932337e+03	1.707112e-01	7.166277e-04	1.700805e-01	2.419066e-02
3.933002e+03	1.693483e-01	7.189456e-04	1.683753e-01	2.419336e-02
3.933667e+03	1.701466e-01	7.176387e-04	1.684726e-01	2.419605e-02
3.934332e+03	1.740511e-01	8.922450e-04	1.706071e-01	2.419874e-02
3.934997e+03	nan	nan	1.705014e-01	2.420142e-02
3.935662e+03	1.702483e-01	7.076459e-04	1.695723e-01	2.420410e-02
3.936327e+03	1.715285e-01	7.046700e-04	1.704724e-01	2.420678e-02
3.936992e+03	1.735613e-01	7.072557e-04	1.720258e-01	2.420945e-02
3.937657e+03	1.725987e-01	7.041140e-04	1.709561e-01	2.421212e-02
3.938322e+03	1.706410e-01	7.012918e-04	1.685848e-01	2.421479e-02
3.938987e+03	1.695563e-01	6.993130e-04	1.676935e-01	2.421745e-02
3.939652e+03	1.695026e-01	6.962400e-04	1.666377e-01	2.422010e-02
3.940317e+03	1.671337e-01	6.922812e-04	1.650577e-01	2.422275e-02
3.940982e+03	1.659367e-01	6.915668e-04	1.657660e-01	2.422540e-02
3.941647e+03	1.697175e-01	6.881078e-04	1.688729e-01	2.422805e-02
3.942312e+03	1.731226e-01	6.919573e-04	1.705268e-01	2.423069e-02
3.942977e+03	1.747299e-01	6.926553e-04	1.714529e-01	2.423332e-02
3.943642e+03	1.760429e-01	6.946563e-04	1.722427e-01	2.423596e-02
3.944307e+03	1.740407e-01	6.906385e-04	1.717589e-01	2.423859e-02
3.944972e+03	1.718483e-01	6.879943e-04	1.705981e-01	2.424121e-02
3.945637e+03	1.710720e-01	6.880939e-04	1.685314e-01	2.424383e-02
3.946302e+03	1.708822e-01	6.943896e-04	1.665698e-01	2.424645e-02
3.946967e+03	1.686429e-01	6.891046e-04	1.658782e-01	2.424906e-02
3.947632e+03	1.683586e-01	6.856676e-04	1.664643e-01	2.425167e-02
3.948297e+03	1.701543e-01	6.886099e-04	1.680157e-01	2.425427e-02
3.948962e+03	1.708379e-01	6.920189e-04	1.683910e-01	2.425687e-02
3.949627e+03	nan	nan	1.669341e-01	2.425947e-02
3.950292e+03	1.686179e-01	7.311724e-04	1.657876e-01	2.426206e-02
3.950957e+03	nan	nan	1.651508e-01	2.426465e-02
3.951622e+03	nan	nan	1.633123e-01	2.426724e-02
3.952287e+03	1.634484e-01	6.918211e-04	1.629772e-01	2.426982e-02
3.952952e+03	1.659886e-01	6.939170e-04	1.646548e-01	2.427240e-02
3.953617e+03	1.683745e-01	7.009544e-04	1.669457e-01	2.427497e-02
3.954282e+03	1.680944e-01	7.056307e-04	1.673428e-01	2.427754e-02
3.954947e+03	1.677247e-01	7.056363e-04	1.657429e-01	2.428010e-02
3.955612e+03	1.692236e-01	7.062630e-04	1.665198e-01	2.428267e-02
3.956277e+03	1.698765e-01	7.109631e-04	1.674490e-01	2.428522e-02
3.956942e+03	1.665469e-01	7.080154e-04	1.654658e-01	2.428778e-02
3.957607e+03	1.675987e-01	7.062658e-04	1.668855e-01	2.429033e-02
3.958272e+03	1.691610e-01	7.099384e-04	1.689482e-01	2.429287e-02
3.958937e+03	1.667799e-01	7.061642e-04	1.675924e-01	2.429541e-02
3.959602e+03	1.683162e-01	8.300032e-04	1.668642e-01	2.429795e-02
3.960267e+03	1.717009e-01	7.141734e-04	1.684281e-01	2.430048e-02
3.960932e+03	1.741226e-01	7.156766e-04	1.709965e-01	2.430301e-02
3.961597e+03	1.731379e-01	7.131033e-04	1.705902e-01	2.430554e-02
3.962262e+03	1.697670e-01	7.131888e-04	1.669403e-01	2.430806e-02
3.962927e+03	1.661628e-01	7.076511e-04	1.632869e-01	2.431058e-02
3.963592e+03	1.624585e-01	7.072571e-04	1.604293e-01	2.431309e-02
3.964257e+03	1.618363e-01	7.079135e-04	1.609347e-01	2.431560e-02
3.964922e+03	1.653953e-01	7.653605e-04	1.639790e-01	2.431811e-02
3.965587e+03	nan	nan	1.648704e-01	2.432061e-02
3.966252e+03	nan	nan	1.647330e-01	2.432311e-02
3.966917e+03	nan	nan	1.642666e-01	2.432561e-02
3.967582e+03	1.677521e-01	7.360677e-04	1.644690e-01	2.432810e-02
3.968247e+03	1.669982e-01	7.715375e-04	1.649579e-01	2.433058e-02
3.968912e+03	1.660377e-01	7.751141e-04	1.656148e-01	2.433307e-02
3.969577e+03	1.658645e-01	7.309486e-04	1.658194e-01	2.433555e-02
3.970242e+03	1.649744e-01	7.098661e-04	1.632615e-01	2.433802e-02
3.970907e+03	1.628916e-01	7.076641e-04	1.613759e-01	2.434049e-02
3.971572e+03	1.644979e-01	7.146398e-04	1.631106e-01	2.434296e-02
3.972237e+03	1.678557e-01	7.231015e-04	1.651501e-01	2.434542e-02
3.972902e+03	1.685673e-01	7.292486e-04	1.661790e-01	2.434788e-02
3.973567e+03	1.674581e-01	7.312901e-04	1.659307e-01	2.435034e-02
3.974232e+03	1.634891e-01	7.313627e-04	1.636828e-01	2.435279e-02
3.974897e+03	1.630715e-01	7.269113e-04	1.630277e-01	2.435524e-02
3.975562e+03	1.666113e-01	7.379954e-04	1.653462e-01	2.435768e-02
3.976227e+03	1.674436e-01	7.385393e-04	1.666476e-01	2.436012e-02
3.976892e+03	1.657684e-01	7.450014e-04	1.646231e-01	2.436255e-02
3.977557e+03	1.659052e-01	7.610483e-04	1.618660e-01	2.436499e-02
3.978222e+03	1.622664e-01	7.540632e-04	1.597779e-01	2.436741e-02
3.978887e+03	1.607963e-01	7.561555e-04	1.581358e-01	2.436984e-02
3.979552e+03	1.595799e-01	7.554237e-04	1.579419e-01	2.437226e-02
3.980217e+03	1.599520e-01	7.462709e-04	1.582826e-01	2.437468e-02
3.980882e+03	1.591986e-01	7.407213e-04	1.580120e-01	2.437709e-02
3.981547e+03	1.618077e-01	7.530914e-04	1.592123e-01	2.437950e-02
3.982212e+03	1.633969e-01	7.574562e-04	1.603856e-01	2.438190e-02
3.982877e+03	nan	nan	1.594755e-01	2.438430e-02
3.983542e+03	1.625210e-01	7.543814e-04	1.604399e-01	2.438670e-02
3.984207e+03	1.667189e-01	7.632777e-04	1.631224e-01	2.438909e-02
3.984872e+03	1.652587e-01	7.548389e-04	1.633098e-01	2.439148e-02
3.985537e+03	1.639460e-01	7.847652e-04	1.620792e-01	2.439387e-02
3.986202e+03	1.635634e-01	8.074583e-04	1.610195e-01	2.439625e-02
3.986867e+03	1.623571e-01	8.094258e-04	1.603045e-01	2.439863e-02
3.987532e+03	1.588331e-01	8.000295e-04	1.585530e-01	2.440100e-02
3.988197e+03	1.599448e-01	8.001856e-04	1.592317e-01	2.440337e-02
3.988862e+03	1.648930e-01	8.297032e-04	1.615883e-01	2.440574e-02
3.989527e+03	1.617511e-01	8.262829e-04	1.599786e-01	2.440810e-02
3.990192e+03	1.584082e-01	8.179641e-04	1.581201e-01	2.441046e-02
3.990857e+03	1.596838e-01	8.206448e-04	1.583535e-01	2.441281e-02
3.991522e+03	1.601591e-01	8.111507e-04	1.575927e-01	2.441516e-02
3.992187e+03	1.602086e-01	8.035012e-04	1.588279e-01	2.441751e-02
3.992852e+03	1.617287e-01	7.977086e-04	1.606074e-01	2.441985e-02
3.993517e+03	1.613278e-01	7.897785e-04	1.598324e-01	2.442219e-02
3.994182e+03	1.637521e-01	7.922414e-04	1.612500e-01	2.442452e-02
3.994847e+03	1.670332e-01	7.976821e-04	1.641442e-01	2.442686e-02
3.995512e+03	1.639401e-01	7.924558e-04	1.628847e-01	2.442918e-02
3.996177e+03	1.593493e-01	8.460855e-04	1.596143e-01	2.443151e-02
3.996842e+03	1.594283e-01	7.843118e-04	1.590545e-01	2.443383e-02
3.997507e+03	1.607967e-01	7.987541e-04	1.598832e-01	2.443614e-02
3.998172e+03	1.599715e-01	7.945701e-04	1.582152e-01	2.443845e-02
3.998837e+03	1.570104e-01	7.739255e-04	1.545327e-01	2.444076e-02
3.999502e+03	1.558115e-01	7.738915e-04	1.533374e-01	2.444307e-02
4.000167e+03	nan	nan	1.559017e-01	2.444537e-02
4.000832e+03	nan	nan	1.582657e-01	2.444766e-02
4.001497e+03	1.581261e-01	8.870776e-04	1.572782e-01	2.444996e-02
4.002162e+03	1.589000e-01	8.533265e-04	1.570292e-01	2.445225e-02
4.002827e+03	1.610618e-01	8.458351e-04	1.595281e-01	2.445453e-02
4.003492e+03	1.610225e-01	7.976931e-04	1.594066e-01	2.445681e-02
4.004157e+03	1.563459e-01	7.532178e-04	1.549179e-01	2.445909e-02
4.004822e+03	1.522813e-01	7.193755e-04	1.517032e-01	2.446136e-02
4.005487e+03	1.536240e-01	7.225309e-04	1.525381e-01	2.446363e-02
4.006152e+03	1.544915e-01	7.538644e-04	1.529578e-01	2.446590e-02
4.006817e+03	1.517950e-01	7.783281e-04	1.502581e-01	2.446816e-02
4.007482e+03	1.504919e-01	7.758050e-04	1.497990e-01	2.447042e-02
4.008147e+03	1.528646e-01	8.898050e-04	1.520623e-01	2.447267e-02
4.008812e+03	1.552264e-01	1.067201e-03	1.534568e-01	2.447492e-02
4.009477e+03	1.553512e-01	1.158540e-03	1.546487e-01	2.447717e-02
4.010142e+03	1.559500e-01	1.181529e-03	1.566179e-01	2.447941e-02
4.010807e+03	1.593946e-01	1.204966e-03	1.590473e-01	2.448165e-02
4.011472e+03	nan	nan	1.597840e-01	2.448389e-02
4.012137e+03	nan	nan	1.589122e-01	2.448612e-02
4.012802e+03	nan	nan	1.568813e-01	2.448835e-02
4.013467e+03	nan	nan	1.547325e-01	2.449057e-02
4.014132e+03	nan	nan	1.528421e-01	2.449279e-02
4.014797e+03	nan	nan	1.526830e-01	2.449501e-02
4.015462e+03	nan	nan	1.523604e-01	2.449722e-02
4.016127e+03	nan	nan	1.511964e-01	2.449943e-02
4.016792e+03	nan	nan	1.513177e-01	2.450163e-02
4.017457e+03	nan	nan	1.524749e-01	2.450383e-02
4.018122e+03	nan	nan	1.549291e-01	2.450603e-02
4.018787e+03	nan	nan	1.568558e-01	2.450822e-02
4.019452e+03	nan	nan	1.549419e-01	2.451041e-02
4.020117e+03	nan	nan	1.532445e-01	2.451260e-02
4.020782e+03	nan	nan	1.548542e-01	2.451478e-02
4.021447e+03	nan	nan	1.564566e-01	2.451696e-02
4.022112e+03	nan	nan	1.564172e-01	2.451913e-02
4.022777e+03	nan	nan	1.551425e-01	2.452130e-02
4.023442e+03	nan	nan	1.536431e-01	2.452347e-02
4.024107e+03	nan	nan	1.532109e-01	2.452563e-02
4.024772e+03	nan	nan	1.543415e-01	2.452779e-02
4.025437e+03	nan	nan	1.551958e-01	2.452995e-02
4.026102e+03	nan	nan	1.536345e-01	2.453210e-02
4.026767e+03	nan	nan	1.536126e-01	2.453425e-02
4.027432e+03	nan	nan	1.536928e-01	2.453639e-02
4.028097e+03	nan	nan	1.521356e-01	2.453853e-02
4.028762e+03	nan	nan	1.532361e-01	2.454067e-02
4.029427e+03	nan	nan	1.524786e-01	2.454280e-02
4.030092e+03	nan	nan	1.480010e-01	2.454493e-02
4.030757e+03	nan	nan	1.476114e-01	2.454706e-02
4.031422e+03	nan	nan	1.514826e-01	2.454918e-02
4.032087e+03	nan	nan	1.536548e-01	2.455129e-02
4.032752e+03	nan	nan	1.527242e-01	2.455341e-02
4.033417e+03	nan	nan	1.506154e-01	2.455552e-02
4.034082e+03	nan	nan	1.495225e-01	2.455762e-02
4.034747e+03	nan	nan	1.543409e-01	2.455973e-02
4.035412e+03	nan	nan	1.581466e-01	2.456183e-02
4.036077e+03	nan	nan	1.555846e-01	2.456392e-02
4.036742e+03	nan	nan	1.523391e-01	2.456601e-02
4.037407e+03	nan	nan	1.538383e-01	2.456810e-02
4.038072e+03	nan	nan	1.587970e-01	2.457018e-02
4.038737e+03	nan	nan	1.595921e-01	2.457226e-02
4.039402e+03	nan	nan	1.566167e-01	2.457434e-02
4.040067e+03	nan	nan	1.489778e-01	2.457641e-02
4.040732e+03	nan	nan	1.415899e-01	2.457848e-02
4.041397e+03	nan	nan	1.438464e-01	2.458055e-02
4.042062e+03	nan	nan	1.506692e-01	2.458261e-02
4.042727e+03	nan	nan	1.525589e-01	2.458466e-02
4.043392e+03	nan	nan	1.468897e-01	2.458672e-02
4.044057e+03	nan	nan	1.396959e-01	2.458877e-02
4.044722e+03	nan	nan	1.401814e-01	2.459081e-02
4.045387e+03	nan	nan	1.446009e-01	2.459286e-02
4.046052e+03	nan	nan	1.459868e-01	2.459490e-02
4.046717e+03	nan	nan	1.461657e-01	2.459693e-02
4.047382e+03	nan	nan	1.459701e-01	2.459896e-02
4.048047e+03	nan	nan	1.462941e-01	2.460099e-02
4.048712e+03	nan	nan	1.477189e-01	2.460301e-02
4.049377e+03	nan	nan	1.472200e-01	2.460503e-02
4.050042e+03	nan	nan	1.453541e-01	2.460705e-02
4.050707e+03	nan	nan	1.445910e-01	2.460906e-02
4.051372e+03	nan	nan	1.447738e-01	2.461107e-02
4.052037e+03	nan	nan	1.466517e-01	2.461308e-02
4.052702e+03	nan	nan	1.484151e-01	2.461508e-02
4.053367e+03	nan	nan	1.496904e-01	2.461707e-02
4.054032e+03	nan	nan	1.496719e-01	2.461907e-02
4.054697e+03	nan	nan	1.493812e-01	2.462106e-02
4.055362e+03	nan	nan	1.514842e-01	2.462305e-02
4.056027e+03	nan	nan	1.537858e-01	2.462503e-02
4.056692e+03	nan	nan	1.528549e-01	2.462701e-02
4.057357e+03	nan	nan	1.491397e-01	2.462898e-02
4.058022e+03	nan	nan	1.473769e-01	2.463095e-02
4.058687e+03	nan	nan	1.451917e-01	2.463292e-02
4.059352e+03	nan	nan	1.438476e-01	2.463489e-02
4.060017e+03	nan	nan	1.442127e-01	2.463685e-02
4.060682e+03	nan	nan	1.426110e-01	2.463880e-02
4.061347e+03	nan	nan	1.401754e-01	2.464076e-02
4.062012e+03	nan	nan	1.390335e-01	2.464271e-02
4.062677e+03	nan	nan	1.401478e-01	2.464465e-02
4.063342e+03	nan	nan	1.437090e-01	2.464659e-02
4.064007e+03	nan	nan	1.467790e-01	2.464853e-02
4.064672e+03	nan	nan	1.476306e-01	2.465047e-02
4.065337e+03	nan	nan	1.506931e-01	2.465240e-02
4.066002e+03	nan	nan	1.508575e-01	2.465433e-02
4.066667e+03	nan	nan	1.482471e-01	2.465625e-02
4.067332e+03	nan	nan	1.491775e-01	2.465817e-02
4.067997e+03	nan	nan	1.500435e-01	2.466008e-02
4.068662e+03	nan	nan	1.483083e-01	2.466200e-02
4.069327e+03	nan	nan	1.467063e-01	2.466391e-02
4.069992e+03	nan	nan	1.468514e-01	2.466581e-02
4.070657e+03	nan	nan	1.476369e-01	2.466771e-02
4.071322e+03	nan	nan	1.486427e-01	2.466961e-02
4.071987e+03	nan	nan	1.494156e-01	2.467150e-02
4.072652e+03	nan	nan	1.485464e-01	2.467339e-02
4.073317e+03	nan	nan	1.463094e-01	2.467528e-02
4.073982e+03	nan	nan	1.397792e-01	2.467716e-02
4.074647e+03	nan	nan	1.360225e-01	2.467904e-02
4.075312e+03	nan	nan	1.411514e-01	2.468092e-02
4.075977e+03	nan	nan	1.435661e-01	2.468279e-02
4.076642e+03	nan	nan	1.403069e-01	2.468466e-02
4.077307e+03	nan	nan	1.401008e-01	2.468652e-02
4.077972e+03	nan	nan	1.409760e-01	2.468839e-02
4.078637e+03	nan	nan	1.415589e-01	2.469024e-02
4.079302e+03	nan	nan	1.410822e-01	2.469210e-02
4.079967e+03	nan	nan	1.402716e-01	2.469395e-02
4.080632e+03	nan	nan	1.420680e-01	2.469579e-02
4.081297e+03	nan	nan	1.432549e-01	2.469764e-02
4.081962e+03	nan	nan	1.427111e-01	2.469947e-02
4.082627e+03	nan	nan	1.393773e-01	2.470131e-02
4.083292e+03	nan	nan	1.351266e-01	2.470314e-02
4.083957e+03	nan	nan	1.338564e-01	2.470497e-02
4.084622e+03	nan	nan	1.355219e-01	2.470679e-02
4.085287e+03	nan	nan	1.344396e-01	2.470862e-02
4.085952e+03	nan	nan	1.328091e-01	2.471043e-02
4.086617e+03	nan	nan	1.341754e-01	2.471225e-02
4.087282e+03	nan	nan	1.342977e-01	2.471406e-02
4.087947e+03	nan	nan	1.338390e-01	2.471586e-02
4.088612e+03	nan	nan	1.359995e-01	2.471766e-02
4.089277e+03	nan	nan	1.391859e-01	2.471946e-02
4.089942e+03	nan	nan	1.398227e-01	2.472126e-02
4.090607e+03	nan	nan	1.379292e-01	2.472305e-02
4.091272e+03	nan	nan	1.358678e-01	2.472484e-02
4.091937e+03	nan	nan	1.370075e-01	2.472662e-02
4.092602e+03	nan	nan	1.419068e-01	2.472840e-02
4.093267e+03	nan	nan	1.434808e-01	2.473018e-02
4.093932e+03	nan	nan	1.433134e-01	2.473195e-02
4.094597e+03	nan	nan	1.427450e-01	2.473372e-02
4.095262e+03	nan	nan	1.397783e-01	2.473549e-02
4.095927e+03	nan	nan	1.376763e-01	2.473725e-02
4.096592e+03	nan	nan	1.381343e-01	2.473901e-02
4.097257e+03	nan	nan	1.373270e-01	2.474077e-02
4.097922e+03	nan	nan	1.378896e-01	2.474252e-02
4.098587e+03	nan	nan	1.407433e-01	2.474427e-02
4.099252e+03	nan	nan	1.426472e-01	2.474601e-02
4.099917e+03	nan	nan	1.435192e-01	2.474775e-02
4.100582e+03	nan	nan	1.448681e-01	2.474949e-02
4.101247e+03	nan	nan	1.429004e-01	2.475122e-02
4.101912e+03	nan	nan	1.394280e-01	2.475295e-02
4.102577e+03	nan	nan	1.374408e-01	2.475468e-02
4.103242e+03	nan	nan	1.389269e-01	2.475640e-02
4.103907e+03	nan	nan	1.421132e-01	2.475812e-02
4.104572e+03	nan	nan	1.444527e-01	2.475984e-02
4.105237e+03	nan	nan	1.467355e-01	2.476155e-02
4.105902e+03	nan	nan	1.472243e-01	2.476326e-02
4.106567e+03	nan	nan	1.441514e-01	2.476496e-02
4.107232e+03	nan	nan	1.423263e-01	2.476667e-02
4.107897e+03	nan	nan	1.419359e-01	2.476836e-02
4.108562e+03	nan	nan	1.371937e-01	2.477006e-02
4.109227e+03	nan	nan	1.315786e-01	2.477175e-02
4.109892e+03	nan	nan	1.309474e-01	2.477343e-02
4.110557e+03	nan	nan	1.335853e-01	2.477512e-02
4.111222e+03	nan	nan	1.383079e-01	2.477680e-02
4.111887e+03	nan	nan	1.432035e-01	2.477847e-02
4.112552e+03	nan	nan	1.458650e-01	2.478015e-02
4.113217e+03	nan	nan	1.453358e-01	2.478182e-02
4.113882e+03	nan	nan	1.419453e-01	2.478348e-02
4.114547e+03	nan	nan	1.383013e-01	2.478514e-02
4.115212e+03	nan	nan	1.368179e-01	2.478680e-02
4.115877e+03	nan	nan	1.381449e-01	2.478846e-02
4.116542e+03	nan	nan	1.374308e-01	2.479011e-02
4.117207e+03	nan	nan	1.338479e-01	2.479175e-02
4.117872e+03	nan	nan	1.329732e-01	2.479340e-02
4.118537e+03	nan	nan	1.368213e-01	2.479504e-02
4.119202e+03	nan	nan	1.395065e-01	2.479668e-02
4.119867e+03	nan	nan	1.391666e-01	2.479831e-02
4.120532e+03	nan	nan	1.385124e-01	2.479994e-02
4.121197e+03	nan	nan	1.383784e-01	2.480157e-02
4.121862e+03	nan	nan	1.397245e-01	2.480319e-02
4.122527e+03	nan	nan	1.405581e-01	2.480481e-02
4.123192e+03	nan	nan	1.361309e-01	2.480642e-02
4.123857e+03	nan	nan	1.314834e-01	2.480803e-02
4.124522e+03	nan	nan	1.332894e-01	2.480964e-02
4.125187e+03	nan	nan	1.373251e-01	2.481125e-02
4.125852e+03	nan	nan	1.402403e-01	2.481285e-02
4.126517e+03	nan	nan	1.401295e-01	2.481445e-02
4.127182e+03	nan	nan	1.379689e-01	2.481604e-02
4.127847e+03	nan	nan	1.353854e-01	2.481763e-02
4.128512e+03	nan	nan	1.325542e-01	2.481922e-02
4.129177e+03	nan	nan	1.309431e-01	2.482080e-02
4.129842e+03	nan	nan	1.328216e-01	2.482238e-02
4.130507e+03	nan	nan	1.352231e-01	2.482396e-02
4.131172e+03	nan	nan	1.358242e-01	2.482553e-02
4.131837e+03	nan	nan	1.341673e-01	2.482710e-02
4.132502e+03	nan	nan	1.303975e-01	2.482867e-02
4.133167e+03	nan	nan	1.319993e-01	2.483023e-02
4.133832e+03	nan	nan	1.394662e-01	2.483179e-02
4.134497e+03	nan	nan	1.435485e-01	2.483334e-02
4.135162e+03	nan	nan	1.419868e-01	2.483490e-02
4.135827e+03	nan	nan	1.391599e-01	2.483644e-02
4.136492e+03	nan	nan	1.382180e-01	2.483799e-02
4.137157e+03	nan	nan	1.369838e-01	2.483953e-02
4.137822e+03	nan	nan	1.336283e-01	2.484107e-02
4.138487e+03	nan	nan	1.327722e-01	2.484260e-02
4.139152e+03	nan	nan	1.334891e-01	2.484413e-02
4.139817e+03	nan	nan	1.318370e-01	2.484566e-02
4.140482e+03	nan	nan	1.318194e-01	2.484718e-02
4.141147e+03	nan	nan	1.362557e-01	2.484870e-02
4.141812e+03	nan	nan	1.393244e-01	2.485022e-02
4.142477e+03	nan	nan	1.383405e-01	2.485173e-02
4.143142e+03	nan	nan	1.368568e-01	2.485324e-02
4.143807e+03	nan	nan	1.366921e-01	2.485475e-02
4.144472e+03	nan	nan	1.357136e-01	2.485625e-02
4.145137e+03	nan	nan	1.334821e-01	2.485775e-02
4.145802e+03	nan	nan	1.337291e-01	2.485925e-02
4.146467e+03	nan	nan	1.354830e-01	2.486074e-02
4.147132e+03	nan	nan	1.369996e-01	2.486223e-02
4.147797e+03	nan	nan	1.387097e-01	2.486371e-02
4.148462e+03	nan	nan	1.400273e-01	2.486519e-02
4.149127e+03	nan	nan	1.378131e-01	2.486667e-02
4.149792e+03	nan	nan	1.337698e-01	2.486814e-02
4.150457e+03	nan	nan	1.320544e-01	2.486962e-02
4.151122e+03	nan	nan	1.326445e-01	2.487108e-02
4.151787e+03	nan	nan	1.353443e-01	2.487255e-02
4.152452e+03	nan	nan	1.399397e-01	2.487401e-02
4.153117e+03	nan	nan	1.432342e-01	2.487547e-02
4.153782e+03	nan	nan	1.415424e-01	2.487692e-02
4.154447e+03	nan	nan	1.360309e-01	2.487837e-02
4.155112e+03	nan	nan	1.339086e-01	2.487982e-02
4.155777e+03	nan	nan	1.317925e-01	2.488126e-02
4.156442e+03	nan	nan	1.271871e-01	2.488270e-02
4.157107e+03	nan	nan	1.264001e-01	2.488414e-02
4.157772e+03	nan	nan	1.294099e-01	2.488557e-02
4.158437e+03	nan	nan	1.333367e-01	2.488700e-02
4.159102e+03	nan	nan	1.348370e-01	2.488842e-02
4.159767e+03	nan	nan	1.326241e-01	2.488985e-02
4.160432e+03	nan	nan	1.293904e-01	2.489126e-02
4.161097e+03	nan	nan	1.285278e-01	2.489268e-02
4.161762e+03	nan	nan	1.290449e-01	2.489409e-02
4.162427e+03	nan	nan	1.301136e-01	2.489550e-02
4.163092e+03	nan	nan	1.316230e-01	2.489691e-02
4.163757e+03	nan	nan	1.331401e-01	2.489831e-02
4.164422e+03	nan	nan	1.334296e-01	2.489971e-02
4.165087e+03	nan	nan	1.310102e-01	2.490110e-02
4.165752e+03	nan	nan	1.278989e-01	2.490249e-02
4.166417e+03	nan	nan	1.280951e-01	2.490388e-02
4.167082e+03	nan	nan	1.307096e-01	2.490526e-02
4.167747e+03	nan	nan	1.323152e-01	2.490664e-02
4.168412e+03	nan	nan	1.322712e-01	2.490802e-02
4.169077e+03	nan	nan	1.314961e-01	2.490940e-02
4.169742e+03	nan	nan	1.292599e-01	2.491077e-02
4.170407e+03	nan	nan	1.284400e-01	2.491213e-02
4.171072e+03	nan	nan	1.292141e-01	2.491350e-02
4.171737e+03	nan	nan	1.293436e-01	2.491486e-02
4.172402e+03	nan	nan	1.299393e-01	2.491621e-02
4.173067e+03	nan	nan	1.315313e-01	2.491757e-02
4.173732e+03	nan	nan	1.329527e-01	2.491892e-02
4.174397e+03	nan	nan	1.306079e-01	2.492026e-02
4.175062e+03	nan	nan	1.275505e-01	2.492161e-02
4.175727e+03	nan	nan	1.309080e-01	2.492295e-02
4.176392e+03	nan	nan	1.346663e-01	2.492428e-02
4.177057e+03	nan	nan	1.314894e-01	2.492562e-02
4.177722e+03	nan	nan	1.274221e-01	2.492695e-02
4.178387e+03	nan	nan	1.267370e-01	2.492827e-02
4.179052e+03	nan	nan	1.290813e-01	2.492959e-02
4.179717e+03	nan	nan	1.323093e-01	2.493091e-02
4.180382e+03	nan	nan	1.337456e-01	2.493223e-02
4.181047e+03	nan	nan	1.334386e-01	2.493354e-02
4.181712e+03	nan	nan	1.316343e-01	2.493485e-02
4.182377e+03	nan	nan	1.303026e-01	2.493616e-02
4.183042e+03	nan	nan	1.318469e-01	2.493746e-02
4.183707e+03	nan	nan	1.317209e-01	2.493876e-02
4.184372e+03	nan	nan	1.272354e-01	2.494005e-02
4.185037e+03	nan	nan	1.228588e-01	2.494134e-02
4.185702e+03	nan	nan	1.229272e-01	2.494263e-02
4.186367e+03	nan	nan	1.271104e-01	2.494392e-02
4.187032e+03	nan	nan	1.290954e-01	2.494520e-02
4.187697e+03	nan	nan	1.282628e-01	2.494648e-02
4.188362e+03	nan	nan	1.311156e-01	2.494775e-02
4.189027e+03	1.313074e-01	3.317745e-03	1.331505e-01	2.494902e-02
4.189692e+03	nan	nan	1.307283e-01	2.495029e-02
4.190357e+03	1.268972e-01	1.935485e-03	1.287794e-01	2.495156e-02
4.191022e+03	1.315602e-01	1.706075e-03	1.319634e-01	2.495282e-02
4.191687e+03	1.337952e-01	1.435586e-03	1.343860e-01	2.495408e-02
4.192352e+03	1.314533e-01	1.066797e-03	1.322581e-01	2.495533e-02
4.193017e+03	1.272328e-01	8.359356e-04	1.282225e-01	2.495658e-02
4.193682e+03	1.262768e-01	8.237816e-04	1.274920e-01	2.495783e-02
4.194347e+03	1.286713e-01	8.246633e-04	1.305929e-01	2.495907e-02
4.195012e+03	1.323096e-01	8.172317e-04	1.336645e-01	2.496031e-02
4.195677e+03	1.326206e-01	7.964983e-04	1.337917e-01	2.496155e-02
4.196342e+03	1.299899e-01	7.698774e-04	1.311673e-01	2.496279e-02
4.197007e+03	1.288385e-01	7.568307e-04	1.290199e-01	2.496402e-02
4.197672e+03	1.288465e-01	7.449652e-04	1.288179e-01	2.496524e-02
4.198337e+03	1.295211e-01	7.377400e-04	1.287643e-01	2.496647e-02
4.199002e+03	1.282836e-01	7.063419e-04	1.271217e-01	2.496769e-02
4.199667e+03	1.282189e-01	6.540085e-04	1.271940e-01	2.496891e-02
4.200332e+03	1.315761e-01	6.325088e-04	1.308564e-01	2.497012e-02
4.200997e+03	1.340967e-01	6.294792e-04	1.331376e-01	2.497133e-02
4.201662e+03	1.318848e-01	6.235686e-04	1.316151e-01	2.497254e-02
4.202327e+03	1.303764e-01	6.190038e-04	1.296753e-01	2.497374e-02
4.202992e+03	1.287578e-01	6.055125e-04	1.277444e-01	2.497494e-02
4.203657e+03	1.238574e-01	5.870483e-04	1.246372e-01	2.497614e-02
4.204322e+03	1.238887e-01	5.882832e-04	1.231369e-01	2.497733e-02
4.204987e+03	1.249283e-01	5.900621e-04	1.229828e-01	2.497853e-02
4.205652e+03	1.278538e-01	5.915605e-04	1.257351e-01	2.497971e-02
4.206317e+03	1.313491e-01	5.949248e-04	1.297713e-01	2.498090e-02
4.206982e+03	1.311215e-01	5.943031e-04	1.304793e-01	2.498208e-02
4.207647e+03	1.321446e-01	5.941011e-04	1.310332e-01	2.498325e-02
4.208312e+03	1.317014e-01	5.928157e-04	1.306247e-01	2.498443e-02
4.208977e+03	1.286855e-01	5.887989e-04	1.278021e-01	2.498560e-02
4.209642e+03	1.274851e-01	5.900999e-04	1.262208e-01	2.498677e-02
4.210307e+03	nan	nan	1.255064e-01	2.498793e-02
4.210972e+03	1.273699e-01	5.900945e-04	1.264953e-01	2.498909e-02
4.211637e+03	1.307030e-01	5.922396e-04	1.287151e-01	2.499025e-02
4.212302e+03	1.281197e-01	5.883877e-04	1.269393e-01	2.499140e-02
4.212967e+03	1.226488e-01	5.828941e-04	1.218560e-01	2.499255e-02
4.213632e+03	1.203891e-01	5.798958e-04	1.194698e-01	2.499370e-02
4.214297e+03	1.234790e-01	5.837504e-04	1.225772e-01	2.499484e-02
4.214962e+03	1.249916e-01	5.860025e-04	1.249504e-01	2.499598e-02
4.215627e+03	1.251344e-01	9.397385e-04	1.249717e-01	2.499712e-02
4.216292e+03	1.265982e-01	9.565290e-04	1.251934e-01	2.499825e-02
4.216957e+03	1.268496e-01	9.596758e-04	1.252717e-01	2.499938e-02
4.217622e+03	1.242978e-01	6.020003e-04	1.244228e-01	2.500051e-02
4.218287e+03	1.247101e-01	6.067713e-04	1.235963e-01	2.500163e-02
4.218952e+03	1.262803e-01	6.147547e-04	1.246133e-01	2.500275e-02
4.219617e+03	1.240564e-01	5.935224e-04	1.236269e-01	2.500387e-02
4.220282e+03	1.204534e-01	5.843381e-04	1.208742e-01	2.500499e-02
4.220947e+03	1.213835e-01	5.882407e-04	1.217409e-01	2.500610e-02
4.221612e+03	1.229642e-01	5.946029e-04	1.233893e-01	2.500720e-02
4.222277e+03	1.225644e-01	5.896555e-04	1.234429e-01	2.500831e-02
4.222942e+03	1.254037e-01	5.924107e-04	1.257173e-01	2.500941e-02
4.223607e+03	1.280200e-01	5.940331e-04	1.278718e-01	2.501050e-02
4.224272e+03	1.284118e-01	5.932955e-04	1.285647e-01	2.501160e-02
4.224937e+03	1.302346e-01	5.981888e-04	1.305523e-01	2.501269e-02
4.225602e+03	1.317344e-01	5.999949e-04	1.320122e-01	2.501378e-02
4.226267e+03	1.301585e-01	5.982794e-04	1.302249e-01	2.501486e-02
4.226932e+03	1.258456e-01	5.907862e-04	1.259915e-01	2.501594e-02
4.227597e+03	1.232090e-01	5.863191e-04	1.231385e-01	2.501702e-02
4.228262e+03	1.220796e-01	5.826493e-04	1.217782e-01	2.501809e-02
4.228927e+03	1.223637e-01	5.834886e-04	1.215632e-01	2.501916e-02
4.229592e+03	1.240257e-01	5.847634e-04	1.230028e-01	2.502023e-02
4.230257e+03	1.248675e-01	5.861901e-04	1.244568e-01	2.502130e-02
4.230922e+03	1.261106e-01	5.885326e-04	1.269953e-01	2.502236e-02
4.231587e+03	1.299867e-01	5.951768e-04	1.302481e-01	2.502341e-02
4.232252e+03	1.296231e-01	5.918235e-04	1.304494e-01	2.502447e-02
4.232917e+03	1.289925e-01	5.947731e-04	1.284513e-01	2.502552e-02
4.233582e+03	1.253845e-01	5.871490e-04	1.249740e-01	2.502657e-02
4.234247e+03	1.246381e-01	5.944908e-04	1.241729e-01	2.502761e-02
4.234912e+03	1.270391e-01	6.053664e-04	1.269392e-01	2.502865e-02
4.235577e+03	1.304688e-01	5.942699e-04	1.308236e-01	2.502969e-02
4.236242e+03	1.301846e-01	5.926692e-04	1.310418e-01	2.503073e-02
4.236907e+03	1.249631e-01	5.897527e-04	1.270066e-01	2.503176e-02
4.237572e+03	1.250831e-01	5.864385e-04	1.258297e-01	2.503279e-02
4.238237e+03	1.258642e-01	5.857048e-04	1.257331e-01	2.503381e-02
4.238902e+03	1.253119e-01	5.862066e-04	1.246065e-01	2.503483e-02
4.239567e+03	1.265387e-01	5.863982e-04	1.243623e-01	2.503585e-02
4.240232e+03	1.250503e-01	5.853707e-04	1.229290e-01	2.503687e-02
4.240897e+03	1.227737e-01	5.881853e-04	1.213712e-01	2.503788e-02
4.241562e+03	1.217078e-01	5.830716e-04	1.212158e-01	2.503889e-02
4.242227e+03	1.211382e-01	5.795383e-04	1.206462e-01	2.503989e-02
4.242892e+03	1.180214e-01	5.753344e-04	1.181780e-01	2.504089e-02
4.243557e+03	1.186321e-01	5.761218e-04	1.182324e-01	2.504189e-02
4.244222e+03	1.221488e-01	5.839859e-04	1.212810e-01	2.504289e-02
4.244887e+03	1.254107e-01	5.856744e-04	1.242165e-01	2.504388e-02
4.245552e+03	1.272811e-01	5.938858e-04	1.248802e-01	2.504487e-02
4.246217e+03	1.227885e-01	5.852759e-04	1.228266e-01	2.504585e-02
4.246882e+03	1.207464e-01	5.813546e-04	1.215504e-01	2.504684e-02
4.247547e+03	1.218359e-01	5.875167e-04	1.220618e-01	2.504782e-02
4.248212e+03	1.214565e-01	5.857696e-04	1.222315e-01	2.504879e-02
4.248877e+03	1.212720e-01	5.813078e-04	1.223764e-01	2.504977e-02
4.249542e+03	1.218998e-01	5.810737e-04	1.221141e-01	2.505073e-02
4.250207e+03	1.206068e-01	5.802550e-04	1.202034e-01	2.505170e-02
4.250872e+03	1.174218e-01	5.767663e-04	1.167738e-01	2.505266e-02
4.251537e+03	1.155510e-01	5.733338e-04	1.146389e-01	2.505362e-02
4.252202e+03	1.163429e-01	5.760805e-04	1.158363e-01	2.505458e-02
4.252867e+03	1.192839e-01	5.816629e-04	1.188079e-01	2.505553e-02
4.253532e+03	1.193920e-01	5.778805e-04	1.199412e-01	2.505648e-02
4.254197e+03	1.200093e-01	5.792801e-04	1.205452e-01	2.505743e-02
4.254862e+03	1.227606e-01	5.809077e-04	1.230587e-01	2.505837e-02
4.255527e+03	1.226941e-01	5.850126e-04	1.242296e-01	2.505931e-02
4.256192e+03	1.225233e-01	5.911803e-04	1.246853e-01	2.506025e-02
4.256857e+03	1.257116e-01	5.937381e-04	1.246053e-01	2.506119e-02
4.257522e+03	1.204521e-01	5.860475e-04	1.202967e-01	2.506212e-02
4.258187e+03	1.168728e-01	5.797510e-04	1.176910e-01	2.506304e-02
4.258852e+03	1.215265e-01	5.907312e-04	1.199860e-01	2.506397e-02
4.259517e+03	1.183625e-01	5.868903e-04	1.189085e-01	2.506489e-02
4.260182e+03	1.162851e-01	5.806749e-04	1.169457e-01	2.506581e-02
4.260847e+03	1.179527e-01	5.824994e-04	1.179025e-01	2.506672e-02
4.261512e+03	1.190657e-01	5.863050e-04	1.198267e-01	2.506763e-02
4.262177e+03	1.205539e-01	5.883275e-04	1.218758e-01	2.506854e-02
4.262842e+03	1.226730e-01	5.856837e-04	1.230390e-01	2.506945e-02
4.263507e+03	1.212475e-01	5.848887e-04	1.215668e-01	2.507035e-02
4.264172e+03	1.195825e-01	5.785077e-04	1.199856e-01	2.507125e-02
4.264837e+03	1.203191e-01	5.785895e-04	1.203864e-01	2.507214e-02
4.265502e+03	1.199517e-01	6.301297e-04	1.205454e-01	2.507304e-02
4.266167e+03	1.191134e-01	6.326608e-04	1.197376e-01	2.507392e-02
4.266832e+03	1.206213e-01	5.688294e-04	1.200153e-01	2.507481e-02
4.267497e+03	1.204009e-01	5.703183e-04	1.198854e-01	2.507569e-02
4.268162e+03	1.176723e-01	5.680724e-04	1.187993e-01	2.507657e-02
4.268827e+03	1.194833e-01	5.697942e-04	1.205659e-01	2.507745e-02
4.269492e+03	1.196521e-01	5.646606e-04	1.210120e-01	2.507832e-02
4.270157e+03	1.178765e-01	5.635518e-04	1.192844e-01	2.507919e-02
4.270822e+03	1.210288e-01	5.720458e-04	1.201387e-01	2.508006e-02
4.271487e+03	1.214072e-01	9.419575e-04	1.210215e-01	2.508092e-02
4.272152e+03	1.167469e-01	5.646961e-04	1.177028e-01	2.508178e-02
4.272817e+03	1.150462e-01	5.568342e-04	1.152955e-01	2.508264e-02
4.273482e+03	1.179969e-01	5.585227e-04	1.177079e-01	2.508349e-02
4.274147e+03	1.210635e-01	5.665129e-04	1.207029e-01	2.508434e-02
4.274812e+03	1.183895e-01	5.610332e-04	1.191926e-01	2.508519e-02
4.275477e+03	1.137829e-01	5.535715e-04	1.150737e-01	2.508603e-02
4.276142e+03	1.148161e-01	5.571429e-04	1.151623e-01	2.508688e-02
4.276807e+03	1.179720e-01	5.609628e-04	1.187342e-01	2.508771e-02
4.277472e+03	1.200409e-01	5.650134e-04	1.214378e-01	2.508855e-02
4.278137e+03	1.226650e-01	5.664372e-04	1.233923e-01	2.508938e-02
4.278802e+03	1.223648e-01	5.650691e-04	1.229868e-01	2.509021e-02
4.279467e+03	1.207204e-01	5.695786e-04	1.218461e-01	2.509103e-02
4.280132e+03	1.209646e-01	5.638761e-04	1.224347e-01	2.509186e-02
4.280797e+03	1.207173e-01	5.643155e-04	1.222916e-01	2.509268e-02
4.281462e+03	1.197436e-01	5.616390e-04	1.203834e-01	2.509349e-02
4.282127e+03	1.188369e-01	5.556478e-04	1.183131e-01	2.509430e-02
4.282792e+03	1.164682e-01	5.531458e-04	1.164542e-01	2.509511e-02
4.283457e+03	1.161177e-01	5.523641e-04	1.163747e-01	2.509592e-02
4.284122e+03	1.175982e-01	5.549964e-04	1.181523e-01	2.509672e-02
4.284787e+03	1.207575e-01	5.595569e-04	1.214892e-01	2.509752e-02
4.285452e+03	1.240846e-01	5.607130e-04	1.244868e-01	2.509832e-02
4.286117e+03	1.232911e-01	5.771405e-04	1.236850e-01	2.509911e-02
4.286782e+03	1.185807e-01	5.539139e-04	1.193120e-01	2.509990e-02
4.287447e+03	1.163934e-01	5.495522e-04	1.174025e-01	2.510069e-02
4.288112e+03	1.199588e-01	5.553510e-04	1.206462e-01	2.510148e-02
4.288777e+03	1.211121e-01	5.570574e-04	1.217597e-01	2.510226e-02
4.289442e+03	1.196408e-01	5.568247e-04	1.194304e-01	2.510304e-02
4.290107e+03	nan	nan	1.179967e-01	2.510381e-02
4.290772e+03	1.192498e-01	5.529457e-04	1.200634e-01	2.510458e-02
4.291437e+03	1.221263e-01	5.511445e-04	1.224627e-01	2.510535e-02
4.292102e+03	1.210463e-01	5.503107e-04	1.210518e-01	2.510612e-02
4.292767e+03	1.159748e-01	5.451384e-04	1.160884e-01	2.510688e-02
4.293432e+03	1.139766e-01	5.420944e-04	1.128663e-01	2.510764e-02
4.294097e+03	1.152006e-01	5.479324e-04	1.138014e-01	2.510839e-02
4.294762e+03	1.146424e-01	5.476712e-04	1.142969e-01	2.510915e-02
4.295427e+03	1.141899e-01	5.452088e-04	1.132727e-01	2.510990e-02
4.296092e+03	1.126176e-01	5.434289e-04	1.116620e-01	2.511064e-02
4.296757e+03	1.116270e-01	5.403507e-04	1.110676e-01	2.511139e-02
4.297422e+03	1.130263e-01	5.402178e-04	1.124658e-01	2.511213e-02
4.298087e+03	1.149473e-01	5.440122e-04	1.145674e-01	2.511286e-02
4.298752e+03	1.172319e-01	5.485771e-04	1.166081e-01	2.511360e-02
4.299417e+03	1.177238e-01	5.511700e-04	1.169389e-01	2.511433e-02
4.300082e+03	1.180393e-01	5.533042e-04	1.165184e-01	2.511506e-02
4.300747e+03	1.186888e-01	5.521586e-04	1.171321e-01	2.511578e-02
4.301412e+03	1.176028e-01	5.542592e-04	1.165250e-01	2.511650e-02
4.302077e+03	1.164287e-01	5.582128e-04	1.150191e-01	2.511722e-02
4.302742e+03	1.143295e-01	5.835757e-04	1.126568e-01	2.511794e-02
4.303407e+03	nan	nan	1.114674e-01	2.511865e-02
4.304072e+03	nan	nan	1.130487e-01	2.511936e-02
4.304737e+03	1.144696e-01	5.721111e-04	1.131681e-01	2.512007e-02
4.305402e+03	1.122205e-01	5.529973e-04	1.117945e-01	2.512077e-02
4.306067e+03	1.124394e-01	5.459437e-04	1.122462e-01	2.512147e-02
4.306732e+03	1.147631e-01	5.495934e-04	1.143445e-01	2.512217e-02
4.307397e+03	1.151032e-01	5.508654e-04	1.156755e-01	2.512286e-02
4.308062e+03	1.164569e-01	5.545124e-04	1.163491e-01	2.512355e-02
4.308727e+03	1.167020e-01	5.514780e-04	1.157317e-01	2.512424e-02
4.309392e+03	1.154085e-01	5.476171e-04	1.143385e-01	2.512492e-02
4.310057e+03	1.138747e-01	5.499330e-04	1.127476e-01	2.512560e-02
4.310722e+03	1.136234e-01	5.499267e-04	1.125452e-01	2.512628e-02
4.311387e+03	1.163926e-01	5.565587e-04	1.147096e-01	2.512696e-02
4.312052e+03	1.170998e-01	5.574919e-04	1.157220e-01	2.512763e-02
4.312717e+03	1.180923e-01	5.584602e-04	1.173482e-01	2.512830e-02
4.313382e+03	1.201165e-01	5.689344e-04	1.193150e-01	2.512897e-02
4.314047e+03	1.200527e-01	5.639324e-04	1.197351e-01	2.512963e-02
4.314712e+03	1.196085e-01	5.630531e-04	1.197427e-01	2.513029e-02
4.315377e+03	1.159480e-01	5.588959e-04	1.165692e-01	2.513095e-02
4.316042e+03	1.135693e-01	5.570697e-04	1.136988e-01	2.513160e-02
4.316707e+03	1.128980e-01	5.576376e-04	1.120672e-01	2.513225e-02
4.317372e+03	1.105333e-01	5.527247e-04	1.103384e-01	2.513290e-02
4.318037e+03	1.116695e-01	5.534910e-04	1.116697e-01	2.513354e-02
4.318702e+03	1.133243e-01	5.568110e-04	1.124989e-01	2.513418e-02
4.319367e+03	1.116760e-01	5.566923e-04	1.107815e-01	2.513482e-02
4.320032e+03	1.124923e-01	5.598601e-04	1.110210e-01	2.513546e-02
4.320697e+03	1.156604e-01	5.616220e-04	1.136298e-01	2.513609e-02
4.321362e+03	1.171644e-01	5.642373e-04	1.155818e-01	2.513672e-02
4.322027e+03	1.151936e-01	5.633526e-04	1.152026e-01	2.513734e-02
4.322692e+03	1.184161e-01	5.641550e-04	1.178810e-01	2.513797e-02
4.323357e+03	1.208189e-01	5.677499e-04	1.193211e-01	2.513859e-02
4.324022e+03	1.147695e-01	5.570075e-04	1.142653e-01	2.513920e-02
4.324687e+03	1.125520e-01	5.542048e-04	1.119311e-01	2.513982e-02
4.325352e+03	1.155628e-01	5.600946e-04	1.145076e-01	2.514043e-02
4.326017e+03	1.149652e-01	5.578629e-04	1.147791e-01	2.514104e-02
4.326682e+03	1.144455e-01	5.885410e-04	1.136926e-01	2.514164e-02
4.327347e+03	1.152352e-01	5.671451e-04	1.153131e-01	2.514224e-02
4.328012e+03	1.152476e-01	5.661408e-04	1.153675e-01	2.514284e-02
4.328677e+03	1.122524e-01	5.616256e-04	1.123999e-01	2.514344e-02
4.329342e+03	1.131419e-01	5.635100e-04	1.128485e-01	2.514403e-02
4.330007e+03	1.160550e-01	5.667964e-04	1.149296e-01	2.514462e-02
4.330672e+03	1.136899e-01	5.653433e-04	1.133148e-01	2.514521e-02
4.331337e+03	1.134189e-01	5.661862e-04	1.124612e-01	2.514579e-02
4.332002e+03	1.165743e-01	5.701888e-04	1.153554e-01	2.514637e-02
4.332667e+03	1.168080e-01	5.695335e-04	1.155982e-01	2.514695e-02
4.333332e+03	1.104960e-01	5.631412e-04	1.100670e-01	2.514752e-02
4.333997e+03	1.093446e-01	5.610893e-04	1.093434e-01	2.514809e-02
4.334662e+03	1.166554e-01	5.698868e-04	1.155981e-01	2.514866e-02
4.335327e+03	1.188558e-01	5.722268e-04	1.179629e-01	2.514923e-02
4.335992e+03	1.136366e-01	5.659645e-04	1.124524e-01	2.514979e-02
4.336657e+03	1.059751e-01	5.578846e-04	1.064480e-01	2.515035e-02
4.337322e+03	1.106532e-01	5.627260e-04	1.100094e-01	2.515090e-02
4.337987e+03	1.146798e-01	5.715167e-04	1.135445e-01	2.515146e-02
4.338652e+03	1.105515e-01	5.641156e-04	1.105014e-01	2.515201e-02
4.339317e+03	1.107435e-01	5.647484e-04	1.089584e-01	2.515255e-02
4.339982e+03	1.110293e-01	6.126688e-04	1.103040e-01	2.515310e-02
4.340647e+03	nan	nan	1.132551e-01	2.515364e-02
4.341312e+03	1.158808e-01	5.794865e-04	1.149249e-01	2.515418e-02
4.341977e+03	1.127218e-01	5.751516e-04	1.127277e-01	2.515471e-02
4.342642e+03	1.106765e-01	5.800325e-04	1.109350e-01	2.515524e-02
4.343307e+03	1.102762e-01	5.699826e-04	1.110547e-01	2.515577e-02
4.343972e+03	1.126043e-01	5.711866e-04	1.123685e-01	2.515630e-02
4.344637e+03	1.104706e-01	5.697077e-04	1.107353e-01	2.515682e-02
4.345302e+03	1.100175e-01	5.901981e-04	1.093959e-01	2.515734e-02
4.345967e+03	1.080384e-01	5.837888e-04	1.092456e-01	2.515786e-02
4.346632e+03	1.096804e-01	5.853501e-04	1.103014e-01	2.515837e-02
4.347297e+03	1.121995e-01	5.711505e-04	1.112075e-01	2.515889e-02
4.347962e+03	1.101485e-01	5.741856e-04	1.101370e-01	2.515939e-02
4.348627e+03	1.140257e-01	5.770495e-04	1.128763e-01	2.515990e-02
4.349292e+03	1.163018e-01	5.783674e-04	1.156914e-01	2.516040e-02
4.349957e+03	1.138456e-01	5.725822e-04	1.129194e-01	2.516090e-02
4.350622e+03	1.072995e-01	5.658692e-04	1.071642e-01	2.516140e-02
4.351287e+03	1.066940e-01	5.725272e-04	1.054770e-01	2.516189e-02
4.351952e+03	1.088141e-01	5.760228e-04	1.084441e-01	2.516238e-02
4.352617e+03	1.091033e-01	5.805616e-04	1.097105e-01	2.516287e-02
4.353282e+03	1.080960e-01	5.797023e-04	1.080306e-01	2.516335e-02
4.353947e+03	1.063181e-01	5.794931e-04	1.069382e-01	2.516383e-02
4.354612e+03	1.119967e-01	5.933655e-04	1.109488e-01	2.516431e-02
4.355277e+03	1.150359e-01	5.971342e-04	1.143512e-01	2.516478e-02
4.355942e+03	1.131755e-01	5.935314e-04	1.135060e-01	2.516526e-02
4.356607e+03	1.111892e-01	5.898847e-04	1.105421e-01	2.516573e-02
4.357272e+03	1.079026e-01	5.833356e-04	1.079106e-01	2.516619e-02
4.357937e+03	1.104541e-01	5.880875e-04	1.107988e-01	2.516666e-02
4.358602e+03	1.134807e-01	6.100754e-04	1.144357e-01	2.516712e-02
4.359267e+03	1.115015e-01	6.132874e-04	1.129373e-01	2.516757e-02
4.359932e+03	1.094654e-01	6.029405e-04	1.099295e-01	2.516803e-02
4.360597e+03	1.092844e-01	5.994331e-04	1.093172e-01	2.516848e-02
4.361262e+03	1.125904e-01	5.989853e-04	1.122112e-01	2.516893e-02
4.361927e+03	1.139836e-01	5.999562e-04	1.144178e-01	2.516937e-02
4.362592e+03	1.125549e-01	5.963366e-04	1.135783e-01	2.516982e-02
4.363257e+03	1.100926e-01	5.940497e-04	1.099054e-01	2.517026e-02
4.363922e+03	1.061275e-01	5.863889e-04	1.053948e-01	2.517069e-02
4.364587e+03	1.056198e-01	5.835825e-04	1.050095e-01	2.517113e-02
4.365252e+03	1.089081e-01	9.288200e-04	1.096152e-01	2.517156e-02
4.365917e+03	1.122875e-01	5.958846e-04	1.131188e-01	2.517199e-02
4.366582e+03	1.075377e-01	5.844922e-04	1.083362e-01	2.517241e-02
4.367247e+03	1.021891e-01	5.803824e-04	1.028392e-01	2.517283e-02
4.367912e+03	1.040950e-01	5.799776e-04	1.041383e-01	2.517325e-02
4.368577e+03	1.054926e-01	5.749031e-04	1.065221e-01	2.517367e-02
4.369242e+03	1.083877e-01	5.756606e-04	1.091232e-01	2.517408e-02
4.369907e+03	1.118071e-01	5.808855e-04	1.118592e-01	2.517449e-02
4.370572e+03	1.098922e-01	5.863713e-04	1.102297e-01	2.517490e-02
4.371237e+03	1.078860e-01	5.879884e-04	1.084704e-01	2.517530e-02
4.371902e+03	1.078665e-01	5.907231e-04	1.090512e-01	2.517570e-02
4.372567e+03	1.078235e-01	5.951163e-04	1.091479e-01	2.517610e-02
4.373232e+03	1.082560e-01	6.020736e-04	1.093348e-01	2.517650e-02
4.373897e+03	nan	nan	1.062905e-01	2.517689e-02
4.374562e+03	nan	nan	1.032817e-01	2.517728e-02
4.375227e+03	1.061845e-01	6.014660e-04	1.058187e-01	2.517767e-02
4.375892e+03	1.072159e-01	5.981594e-04	1.069775e-01	2.517805e-02
4.376557e+03	1.065030e-01	6.005180e-04	1.067995e-01	2.517843e-02
4.377222e+03	1.077599e-01	6.038861e-04	1.078950e-01	2.517881e-02
4.377887e+03	1.071052e-01	6.005836e-04	1.071774e-01	2.517918e-02
4.378552e+03	1.038265e-01	6.148774e-04	1.042176e-01	2.517956e-02
4.379217e+03	1.043126e-01	6.097682e-04	1.047165e-01	2.517993e-02
4.379882e+03	1.066730e-01	6.012145e-04	1.077202e-01	2.518029e-02
4.380547e+03	1.100054e-01	5.947078e-04	1.102980e-01	2.518065e-02
4.381212e+03	1.091199e-01	5.787605e-04	1.086226e-01	2.518102e-02
4.381877e+03	1.038172e-01	5.637891e-04	1.036776e-01	2.518137e-02
4.382542e+03	1.007150e-01	5.639609e-04	1.007742e-01	2.518173e-02
4.383207e+03	1.037258e-01	5.684741e-04	1.033714e-01	2.518208e-02
4.383872e+03	1.067003e-01	5.764310e-04	1.075871e-01	2.518243e-02
4.384537e+03	1.103030e-01	5.865695e-04	1.110415e-01	2.518277e-02
4.385202e+03	1.096074e-01	5.899486e-04	1.098823e-01	2.518312e-02
4.385867e+03	1.039372e-01	5.888229e-04	1.043434e-01	2.518346e-02
4.386532e+03	1.029689e-01	5.909281e-04	1.037327e-01	2.518379e-02
4.387197e+03	1.072660e-01	6.043848e-04	1.072728e-01	2.518413e-02
4.387862e+03	1.064565e-01	6.040218e-04	1.078047e-01	2.518446e-02
4.388527e+03	1.084150e-01	6.060584e-04	1.094383e-01	2.518479e-02
4.389192e+03	1.112662e-01	6.145562e-04	1.118977e-01	2.518511e-02
4.389857e+03	1.073538e-01	6.069659e-04	1.079951e-01	2.518544e-02
4.390522e+03	1.042477e-01	6.040328e-04	1.048240e-01	2.518576e-02
4.391187e+03	1.069870e-01	6.098793e-04	1.079106e-01	2.518607e-02
4.391852e+03	1.110870e-01	6.317345e-04	1.116087e-01	2.518639e-02
4.392517e+03	1.103947e-01	6.795830e-04	1.121715e-01	2.518670e-02
4.393182e+03	1.088500e-01	6.121766e-04	1.090612e-01	2.518701e-02
4.393847e+03	1.025971e-01	5.976197e-04	1.029847e-01	2.518731e-02
4.394512e+03	1.028012e-01	5.811856e-04	1.025934e-01	2.518762e-02
4.395177e+03	1.084999e-01	5.780191e-04	1.077967e-01	2.518792e-02
4.395842e+03	1.068764e-01	5.745986e-04	1.071846e-01	2.518821e-02
4.396507e+03	1.030565e-01	5.714272e-04	1.040970e-01	2.518851e-02
4.397172e+03	1.052512e-01	5.756612e-04	1.053680e-01	2.518880e-02
4.397837e+03	1.052837e-01	5.870809e-04	1.053917e-01	2.518909e-02
4.398502e+03	1.018116e-01	5.742217e-04	1.024302e-01	2.518937e-02
4.399167e+03	1.019789e-01	5.690231e-04	1.021012e-01	2.518965e-02
4.399832e+03	1.053869e-01	5.738963e-04	1.055953e-01	2.518993e-02
4.400497e+03	1.102714e-01	5.790292e-04	1.106338e-01	2.519021e-02
4.401162e+03	1.103610e-01	5.770532e-04	1.109355e-01	2.519048e-02
4.401827e+03	1.051896e-01	5.685079e-04	1.047491e-01	2.519076e-02
4.402492e+03	1.006489e-01	5.624165e-04	9.965663e-02	2.519102e-02
4.403157e+03	1.027764e-01	5.652241e-04	1.018072e-01	2.519129e-02
4.403822e+03	1.061624e-01	5.734605e-04	1.059356e-01	2.519155e-02
4.404487e+03	1.051284e-01	5.753332e-04	1.061323e-01	2.519181e-02
4.405152e+03	1.037074e-01	5.773474e-04	1.044296e-01	2.519207e-02
4.405817e+03	1.052730e-01	5.811172e-04	1.049085e-01	2.519232e-02
4.406482e+03	1.047634e-01	5.732490e-04	1.040418e-01	2.519257e-02
4.407147e+03	1.015319e-01	5.657337e-04	1.012663e-01	2.519282e-02
4.407812e+03	1.051087e-01	5.729297e-04	1.037828e-01	2.519307e-02
4.408477e+03	1.073119e-01	5.747970e-04	1.067899e-01	2.519331e-02
4.409142e+03	1.069415e-01	5.754666e-04	1.078017e-01	2.519355e-02
4.409807e+03	1.064221e-01	5.759128e-04	1.078611e-01	2.519379e-02
4.410472e+03	1.071242e-01	5.790457e-04	1.074958e-01	2.519402e-02
4.411137e+03	1.053270e-01	5.752281e-04	1.038096e-01	2.519425e-02
4.411802e+03	1.006666e-01	5.679902e-04	9.998485e-02	2.519448e-02
4.412467e+03	1.053031e-01	5.729804e-04	1.041160e-01	2.519471e-02
4.413132e+03	1.103663e-01	5.806320e-04	1.094169e-01	2.519493e-02
4.413797e+03	1.113335e-01	5.832632e-04	1.107086e-01	2.519515e-02
4.414462e+03	1.072090e-01	5.771507e-04	1.073182e-01	2.519536e-02
4.415127e+03	1.039675e-01	5.726235e-04	1.035084e-01	2.519558e-02
4.415792e+03	1.027513e-01	5.709095e-04	1.016996e-01	2.519579e-02
4.416457e+03	1.033656e-01	5.745631e-04	1.033329e-01	2.519600e-02
4.417122e+03	1.086291e-01	5.955065e-04	1.075553e-01	2.519620e-02
4.417787e+03	1.070610e-01	5.822370e-04	1.065577e-01	2.519641e-02
4.418452e+03	1.052037e-01	5.793032e-04	1.041606e-01	2.519661e-02
4.419117e+03	nan	nan	1.056571e-01	2.519681e-02
4.419782e+03	1.060939e-01	5.819278e-04	1.052560e-01	2.519700e-02
4.420447e+03	1.018753e-01	5.762541e-04	1.005496e-01	2.519719e-02
4.421112e+03	9.944738e-02	5.696459e-04	9.822487e-02	2.519738e-02
4.421777e+03	1.018367e-01	5.729813e-04	1.000126e-01	2.519757e-02
4.422442e+03	1.032575e-01	5.793787e-04	1.021479e-01	2.519775e-02
4.423107e+03	1.031586e-01	5.807813e-04	1.034063e-01	2.519793e-02
4.423772e+03	1.031780e-01	5.808094e-04	1.038406e-01	2.519811e-02
4.424437e+03	1.034310e-01	5.806382e-04	1.027047e-01	2.519828e-02
4.425102e+03	9.985249e-02	5.769413e-04	9.849619e-02	2.519845e-02
4.425767e+03	9.829143e-02	5.706378e-04	9.800559e-02	2.519862e-02
4.426432e+03	1.038190e-01	5.822637e-04	1.037512e-01	2.519879e-02
4.427097e+03	1.063422e-01	5.830194e-04	1.073242e-01	2.519895e-02
4.427762e+03	1.075285e-01	5.860434e-04	1.080145e-01	2.519911e-02
4.428427e+03	1.062224e-01	5.831702e-04	1.060274e-01	2.519927e-02
4.429092e+03	1.004540e-01	5.750975e-04	1.003714e-01	2.519943e-02
4.429757e+03	9.618458e-02	5.701198e-04	9.616563e-02	2.519958e-02
4.430422e+03	9.822448e-02	5.738370e-04	9.784114e-02	2.519973e-02
4.431087e+03	1.038415e-01	5.819053e-04	1.027205e-01	2.519988e-02
4.431752e+03	1.056728e-01	5.862525e-04	1.046187e-01	2.520002e-02
4.432417e+03	1.039817e-01	5.823067e-04	1.032151e-01	2.520016e-02
4.433082e+03	1.027986e-01	5.803209e-04	1.020180e-01	2.520030e-02
4.433747e+03	1.023739e-01	5.819909e-04	1.019111e-01	2.520044e-02
4.434412e+03	nan	nan	9.976725e-02	2.520057e-02
4.435077e+03	9.812310e-02	5.805693e-04	9.740636e-02	2.520070e-02
4.435742e+03	1.000747e-01	5.857776e-04	9.911395e-02	2.520083e-02
4.436407e+03	1.005290e-01	5.873866e-04	9.999287e-02	2.520095e-02
4.437072e+03	1.003937e-01	5.873851e-04	1.003390e-01	2.520107e-02
4.437737e+03	1.036948e-01	5.924878e-04	1.032239e-01	2.520119e-02
4.438402e+03	1.020895e-01	5.845901e-04	1.027020e-01	2.520131e-02
4.439067e+03	nan	nan	1.007405e-01	2.520142e-02
4.439732e+03	nan	nan	9.724218e-02	2.520153e-02
4.440397e+03	9.445407e-02	5.674575e-04	9.398976e-02	2.520164e-02
4.441062e+03	9.756623e-02	5.711220e-04	9.670128e-02	2.520175e-02
4.441727e+03	1.022841e-01	5.776225e-04	1.022685e-01	2.520185e-02
4.442392e+03	1.070320e-01	5.903266e-04	1.074364e-01	2.520195e-02
4.443057e+03	1.076370e-01	5.890042e-04	1.083830e-01	2.520205e-02
4.443722e+03	1.034433e-01	5.775807e-04	1.040276e-01	2.520214e-02
4.444387e+03	9.920424e-02	5.735472e-04	9.865886e-02	2.520223e-02
4.445052e+03	9.765823e-02	5.733820e-04	9.603644e-02	2.520232e-02
4.445717e+03	nan	nan	9.979841e-02	2.520241e-02
4.446382e+03	1.032463e-01	6.257583e-04	1.031202e-01	2.520249e-02
4.447047e+03	1.043861e-01	5.743814e-04	1.052028e-01	2.520257e-02
4.447712e+03	1.102026e-01	5.882380e-04	1.104406e-01	2.520265e-02
4.448377e+03	1.080292e-01	5.896573e-04	1.085623e-01	2.520272e-02
4.449042e+03	9.998524e-02	5.744078e-04	1.005303e-01	2.520280e-02
4.449707e+03	9.936816e-02	5.738056e-04	9.709618e-02	2.520287e-02
4.450372e+03	9.778769e-02	5.677250e-04	9.658560e-02	2.520293e-02
4.451037e+03	1.001900e-01	5.690495e-04	1.000684e-01	2.520300e-02
4.451702e+03	1.037093e-01	5.742523e-04	1.033706e-01	2.520306e-02
4.452367e+03	1.016470e-01	5.683573e-04	1.016859e-01	2.520312e-02
4.453032e+03	9.996204e-02	5.666897e-04	1.003673e-01	2.520317e-02
4.453697e+03	1.031045e-01	5.709174e-04	1.034498e-01	2.520323e-02
4.454362e+03	1.039442e-01	5.711557e-04	1.050610e-01	2.520328e-02
4.455027e+03	9.964201e-02	5.960936e-04	9.994719e-02	2.520332e-02
4.455692e+03	9.564366e-02	5.930093e-04	9.536916e-02	2.520337e-02
4.456357e+03	9.980789e-02	5.956930e-04	9.907310e-02	2.520341e-02
4.457022e+03	1.012274e-01	5.625669e-04	1.015350e-01	2.520345e-02
4.457687e+03	9.887956e-02	5.587729e-04	9.939351e-02	2.520349e-02
4.458352e+03	1.000825e-01	5.601606e-04	1.003750e-01	2.520352e-02
4.459017e+03	1.000825e-01	5.581409e-04	1.013720e-01	2.520355e-02
4.459682e+03	1.011036e-01	5.609691e-04	1.021611e-01	2.520358e-02
4.460347e+03	1.021287e-01	5.626166e-04	1.014425e-01	2.520361e-02
4.461012e+03	9.796544e-02	5.544072e-04	9.723789e-02	2.520363e-02
4.461677e+03	9.751855e-02	5.522631e-04	9.735780e-02	2.520365e-02
4.462342e+03	1.020127e-01	5.593034e-04	1.014015e-01	2.520367e-02
4.463007e+03	1.050181e-01	5.648658e-04	1.050817e-01	2.520369e-02
4.463672e+03	1.049582e-01	5.637806e-04	1.058036e-01	2.520370e-02
4.464337e+03	1.049452e-01	5.664925e-04	1.058447e-01	2.520371e-02
4.465002e+03	1.042032e-01	5.687466e-04	1.047457e-01	2.520371e-02
4.465667e+03	1.006698e-01	5.657137e-04	1.002610e-01	2.520372e-02
4.466332e+03	9.507953e-02	5.606464e-04	9.475539e-02	2.520372e-02
4.466997e+03	9.437817e-02	5.546715e-04	9.372933e-02	2.520372e-02
4.467662e+03	9.594956e-02	5.561993e-04	9.569595e-02	2.520372e-02
4.468327e+03	9.830176e-02	5.616989e-04	9.837388e-02	2.520371e-02
4.468992e+03	nan	nan	1.029397e-01	2.520370e-02
4.469657e+03	1.038136e-01	5.686298e-04	1.043623e-01	2.520369e-02
4.470322e+03	1.007336e-01	5.535257e-04	1.008633e-01	2.520367e-02
4.470987e+03	9.758155e-02	5.488572e-04	9.646546e-02	2.520366e-02
4.471652e+03	9.560524e-02	5.501007e-04	9.416727e-02	2.520364e-02
4.472317e+03	9.663758e-02	5.499975e-04	9.567450e-02	2.520361e-02
4.472982e+03	1.002237e-01	5.576638e-04	9.951494e-02	2.520359e-02
4.473647e+03	1.011808e-01	5.588705e-04	1.008426e-01	2.520356e-02
4.474312e+03	1.009266e-01	6.529132e-04	1.002238e-01	2.520353e-02
4.474977e+03	9.979691e-02	5.576763e-04	1.002921e-01	2.520350e-02
4.475642e+03	1.005767e-01	5.688706e-04	1.005619e-01	2.520346e-02
4.476307e+03	1.017984e-01	5.637236e-04	1.019392e-01	2.520342e-02
4.476972e+03	9.982596e-02	5.588141e-04	9.922494e-02	2.520338e-02
4.477637e+03	9.354744e-02	5.440761e-04	9.399992e-02	2.520334e-02
4.478302e+03	9.697857e-02	5.497017e-04	9.653280e-02	2.520329e-02
4.478967e+03	1.018984e-01	5.596028e-04	1.017235e-01	2.520324e-02
4.479632e+03	1.029548e-01	5.612007e-04	1.035084e-01	2.520319e-02
4.480297e+03	9.970455e-02	5.529300e-04	1.004770e-01	2.520314e-02
4.480962e+03	9.676151e-02	5.480291e-04	9.716502e-02	2.520308e-02
4.481627e+03	9.774717e-02	5.466801e-04	9.790145e-02	2.520302e-02
4.482292e+03	9.968963e-02	5.541391e-04	9.950821e-02	2.520296e-02
4.482957e+03	9.782104e-02	5.603244e-04	9.783114e-02	2.520289e-02
4.483622e+03	9.718503e-02	5.441117e-04	9.738834e-02	2.520282e-02
4.484287e+03	1.001989e-01	5.481822e-04	9.982646e-02	2.520275e-02
4.484952e+03	9.798177e-02	5.703800e-04	9.866267e-02	2.520268e-02
4.485617e+03	9.941770e-02	5.814037e-04	1.008424e-01	2.520260e-02
4.486282e+03	1.065434e-01	5.523795e-04	1.074971e-01	2.520252e-02
4.486947e+03	1.071371e-01	5.520513e-04	1.087819e-01	2.520244e-02
4.487612e+03	1.043354e-01	5.508741e-04	1.059649e-01	2.520236e-02
4.488277e+03	1.005405e-01	5.491813e-04	1.007156e-01	2.520227e-02
4.488942e+03	9.454156e-02	5.395398e-04	9.414896e-02	2.520218e-02
4.489607e+03	9.349662e-02	5.498962e-04	9.275283e-02	2.520209e-02
4.490272e+03	9.536804e-02	5.432902e-04	9.503564e-02	2.520200e-02
4.490937e+03	9.822133e-02	5.476310e-04	9.847231e-02	2.520190e-02
4.491602e+03	1.008588e-01	5.539982e-04	1.013868e-01	2.520180e-02
4.492267e+03	1.006811e-01	5.520968e-04	1.010337e-01	2.520170e-02
4.492932e+03	9.839977e-02	5.513666e-04	9.887137e-02	2.520159e-02
4.493597e+03	9.898617e-02	5.479312e-04	9.876824e-02	2.520149e-02
4.494262e+03	9.798246e-02	5.505341e-04	9.689097e-02	2.520138e-02
4.494927e+03	9.226388e-02	5.409163e-04	9.182806e-02	2.520126e-02
4.495592e+03	9.294769e-02	5.438966e-04	9.225410e-02	2.520115e-02
4.496257e+03	9.802023e-02	5.786201e-04	9.684668e-02	2.520103e-02
4.496922e+03	9.885581e-02	5.518899e-04	9.924955e-02	2.520091e-02
4.497587e+03	1.005610e-01	5.529086e-04	1.005941e-01	2.520079e-02
4.498252e+03	9.926311e-02	5.513590e-04	9.912698e-02	2.520066e-02
4.498917e+03	9.743481e-02	5.495539e-04	9.785511e-02	2.520053e-02
4.499582e+03	9.781012e-02	5.511633e-04	9.814104e-02	2.520040e-02
4.500247e+03	9.436816e-02	5.435913e-04	9.419389e-02	2.520027e-02
4.500912e+03	8.975826e-02	5.389725e-04	9.026356e-02	2.520013e-02
4.501577e+03	9.602818e-02	5.451850e-04	9.562959e-02	2.519999e-02
4.502242e+03	1.043812e-01	5.590596e-04	1.036387e-01	2.519985e-02
4.502907e+03	1.044600e-01	5.621558e-04	1.045612e-01	2.519970e-02
4.503572e+03	1.006532e-01	5.553791e-04	1.011439e-01	2.519956e-02
4.504237e+03	9.817595e-02	5.548447e-04	9.829227e-02	2.519941e-02
4.504902e+03	9.602846e-02	5.498204e-04	9.539530e-02	2.519926e-02
4.505567e+03	9.331817e-02	5.459447e-04	9.285474e-02	2.519910e-02
4.506232e+03	9.255939e-02	5.432213e-04	9.153647e-02	2.519894e-02
4.506897e+03	9.137317e-02	5.415178e-04	9.092248e-02	2.519878e-02
4.507562e+03	nan	nan	9.551238e-02	2.519862e-02
4.508227e+03	1.033645e-01	5.576169e-04	1.028379e-01	2.519846e-02
4.508892e+03	1.028206e-01	5.573359e-04	1.028220e-01	2.519829e-02
4.509557e+03	1.000657e-01	5.558233e-04	9.959039e-02	2.519812e-02
4.510222e+03	9.822240e-02	5.537503e-04	9.752343e-02	2.519795e-02
4.510887e+03	9.409940e-02	5.478584e-04	9.491797e-02	2.519777e-02
4.511552e+03	9.569770e-02	5.482194e-04	9.684246e-02	2.519759e-02
4.512217e+03	9.765580e-02	5.523767e-04	9.821532e-02	2.519741e-02
4.512882e+03	9.503724e-02	5.492400e-04	9.519752e-02	2.519723e-02
4.513547e+03	9.278078e-02	5.469151e-04	9.348832e-02	2.519704e-02
4.514212e+03	9.957279e-02	5.561627e-04	9.912137e-02	2.519686e-02
4.514877e+03	1.026403e-01	5.580954e-04	1.030230e-01	2.519667e-02
4.515542e+03	1.016220e-01	5.598501e-04	1.017231e-01	2.519647e-02
4.516207e+03	9.700152e-02	5.564406e-04	9.779609e-02	2.519628e-02
4.516872e+03	9.732613e-02	5.519461e-04	9.751062e-02	2.519608e-02
4.517537e+03	1.002820e-01	5.625240e-04	9.928042e-02	2.519588e-02
4.518202e+03	9.916195e-02	5.606041e-04	9.876657e-02	2.519567e-02
4.518867e+03	9.799465e-02	5.579125e-04	9.712456e-02	2.519547e-02
4.519532e+03	9.254409e-02	5.508629e-04	9.321050e-02	2.519526e-02
4.520197e+03	9.425512e-02	5.561087e-04	9.434159e-02	2.519505e-02
4.520862e+03	9.694600e-02	5.614222e-04	9.681254e-02	2.519483e-02
4.521527e+03	9.266778e-02	5.523025e-04	9.343144e-02	2.519462e-02
4.522192e+03	9.183871e-02	5.570665e-04	9.241774e-02	2.519440e-02
4.522857e+03	9.701248e-02	5.624627e-04	9.726208e-02	2.519417e-02
4.523522e+03	1.003066e-01	5.830823e-04	1.005065e-01	2.519395e-02
4.524187e+03	9.870058e-02	5.655749e-04	9.901899e-02	2.519372e-02
4.524852e+03	9.670799e-02	5.616952e-04	9.656288e-02	2.519349e-02
4.525517e+03	9.366627e-02	5.582269e-04	9.427344e-02	2.519326e-02
4.526182e+03	9.220963e-02	5.581236e-04	9.374320e-02	2.519303e-02
4.526847e+03	9.516266e-02	5.638542e-04	9.509134e-02	2.519279e-02
4.527512e+03	9.202465e-02	5.584717e-04	9.266380e-02	2.519255e-02
4.528177e+03	9.250625e-02	5.620562e-04	9.363151e-02	2.519231e-02
4.528842e+03	9.531865e-02	5.650049e-04	9.626147e-02	2.519206e-02
4.529507e+03	9.682253e-02	5.680173e-04	9.746258e-02	2.519182e-02
4.530172e+03	9.811141e-02	5.747414e-04	9.892461e-02	2.519157e-02
4.530837e+03	9.752767e-02	5.738040e-04	9.826359e-02	2.519132e-02
4.531502e+03	9.271036e-02	5.707056e-04	9.296801e-02	2.519106e-02
4.532167e+03	8.688425e-02	7.041121e-04	8.752688e-02	2.519080e-02
4.532832e+03	8.735422e-02	5.592083e-04	8.769123e-02	2.519054e-02
4.533497e+03	9.208528e-02	5.669549e-04	9.232055e-02	2.519028e-02
4.534162e+03	9.679992e-02	5.732393e-04	9.720892e-02	2.519002e-02
4.534827e+03	9.799354e-02	5.738576e-04	9.854207e-02	2.518975e-02
4.535492e+03	9.881799e-02	5.777241e-04	9.896336e-02	2.518948e-02
4.536157e+03	9.822063e-02	5.789799e-04	9.818252e-02	2.518921e-02
4.536822e+03	9.776687e-02	5.780390e-04	9.804843e-02	2.518893e-02
4.537487e+03	1.010170e-01	5.804306e-04	1.012041e-01	2.518865e-02
4.538152e+03	9.766547e-02	5.778390e-04	9.877599e-02	2.518837e-02
4.538817e+03	8.946332e-02	5.688452e-04	9.230261e-02	2.518809e-02
4.539482e+03	9.247941e-02	5.733640e-04	9.402145e-02	2.518781e-02
4.540147e+03	1.000663e-01	5.665839e-04	9.937247e-02	2.518752e-02
4.540812e+03	9.967431e-02	5.651661e-04	9.997751e-02	2.518723e-02
4.541477e+03	9.542972e-02	5.598288e-04	9.640591e-02	2.518694e-02
4.542142e+03	9.489980e-02	5.602368e-04	9.526985e-02	2.518664e-02
4.542807e+03	9.682823e-02	5.648273e-04	9.704524e-02	2.518634e-02
4.543472e+03	9.760591e-02	5.708063e-04	9.785673e-02	2.518604e-02
4.544137e+03	9.592715e-02	5.705294e-04	9.617698e-02	2.518574e-02
4.544802e+03	9.180717e-02	5.758279e-04	9.237717e-02	2.518543e-02
4.545467e+03	8.743760e-02	5.551019e-04	9.000339e-02	2.518513e-02
4.546132e+03	9.137722e-02	5.621622e-04	9.301615e-02	2.518482e-02
4.546797e+03	9.734760e-02	5.719202e-04	9.753819e-02	2.518450e-02
4.547462e+03	9.781066e-02	5.798747e-04	9.785762e-02	2.518419e-02
4.548127e+03	9.402389e-02	5.677473e-04	9.524939e-02	2.518387e-02
4.548792e+03	9.366791e-02	5.635079e-04	9.499973e-02	2.518355e-02
4.549457e+03	9.625065e-02	5.697232e-04	9.714706e-02	2.518323e-02
4.550122e+03	9.662538e-02	5.690239e-04	9.738795e-02	2.518290e-02
4.550787e+03	9.330502e-02	5.647913e-04	9.477845e-02	2.518257e-02
4.551452e+03	9.156019e-02	5.614804e-04	9.196294e-02	2.518224e-02
4.552117e+03	8.848050e-02	5.651621e-04	8.960473e-02	2.518191e-02
4.552782e+03	9.027825e-02	5.632648e-04	9.166730e-02	2.518158e-02
4.553447e+03	9.609580e-02	5.694436e-04	9.591504e-02	2.518124e-02
4.554112e+03	9.558766e-02	5.716689e-04	9.692394e-02	2.518090e-02
4.554777e+03	9.730590e-02	5.722238e-04	9.897024e-02	2.518056e-02
4.555442e+03	9.979854e-02	5.741577e-04	1.014658e-01	2.518021e-02
4.556107e+03	9.826092e-02	5.747481e-04	9.963600e-02	2.517986e-02
4.556772e+03	9.280272e-02	5.677173e-04	9.475367e-02	2.517951e-02
4.557437e+03	9.187887e-02	5.668002e-04	9.300622e-02	2.517916e-02
4.558102e+03	9.367466e-02	5.696471e-04	9.363172e-02	2.517881e-02
4.558767e+03	9.116121e-02	5.635601e-04	9.193438e-02	2.517845e-02
4.559432e+03	8.759055e-02	5.585204e-04	9.036977e-02	2.517809e-02
4.560097e+03	9.429356e-02	5.717453e-04	9.509008e-02	2.517773e-02
4.560762e+03	9.949652e-02	5.789971e-04	1.000480e-01	2.517736e-02
4.561427e+03	9.779869e-02	5.755388e-04	9.903555e-02	2.517699e-02
4.562092e+03	9.294203e-02	5.690146e-04	9.432134e-02	2.517662e-02
4.562757e+03	8.943510e-02	5.718382e-04	9.046436e-02	2.517625e-02
4.563422e+03	8.989012e-02	5.633320e-04	9.148214e-02	2.517588e-02
4.564087e+03	9.590558e-02	5.716152e-04	9.617814e-02	2.517550e-02
4.564752e+03	9.643673e-02	5.692408e-04	9.720931e-02	2.517512e-02
4.565417e+03	nan	nan	9.336948e-02	2.517474e-02
4.566082e+03	8.736939e-02	5.886012e-04	8.960776e-02	2.517435e-02
4.566747e+03	9.006539e-02	5.693894e-04	8.976996e-02	2.517397e-02
4.567412e+03	nan	nan	9.133375e-02	2.517358e-02
4.568077e+03	nan	nan	9.215158e-02	2.517319e-02
4.568742e+03	nan	nan	9.255829e-02	2.517279e-02
4.569407e+03	nan	nan	9.126997e-02	2.517240e-02
4.570072e+03	nan	nan	9.164474e-02	2.517200e-02
4.570737e+03	nan	nan	9.398010e-02	2.517159e-02
4.571402e+03	nan	nan	9.586014e-02	2.517119e-02
4.572067e+03	9.689911e-02	1.183011e-03	9.478105e-02	2.517078e-02
4.572732e+03	8.899735e-02	5.521342e-04	9.046182e-02	2.517037e-02
4.573397e+03	8.707294e-02	5.441654e-04	8.972978e-02	2.516996e-02
4.574062e+03	9.472002e-02	5.584133e-04	9.479259e-02	2.516955e-02
4.574727e+03	9.755769e-02	5.741985e-04	9.742538e-02	2.516913e-02
4.575392e+03	9.299720e-02	5.529629e-04	9.375945e-02	2.516871e-02
4.576057e+03	8.934266e-02	5.467998e-04	9.041707e-02	2.516829e-02
4.576722e+03	9.339838e-02	5.512746e-04	9.347573e-02	2.516787e-02
4.577387e+03	9.649493e-02	5.530282e-04	9.698324e-02	2.516744e-02
4.578052e+03	9.561146e-02	5.510669e-04	9.646428e-02	2.516702e-02
4.578717e+03	9.334096e-02	5.467105e-04	9.394905e-02	2.516658e-02
4.579382e+03	9.217859e-02	5.431212e-04	9.183952e-02	2.516615e-02
4.580047e+03	8.826249e-02	5.326035e-04	8.936660e-02	2.516572e-02
4.580712e+03	8.877373e-02	5.274843e-04	9.048510e-02	2.516528e-02
4.581377e+03	9.444387e-02	5.409596e-04	9.411068e-02	2.516484e-02
4.582042e+03	9.251493e-02	5.349165e-04	9.393511e-02	2.516439e-02
4.582707e+03	9.387959e-02	5.373386e-04	9.527967e-02	2.516395e-02
4.583372e+03	9.752589e-02	5.441747e-04	9.776085e-02	2.516350e-02
4.584037e+03	9.467859e-02	5.362138e-04	9.498491e-02	2.516305e-02
4.584702e+03	9.071130e-02	5.302643e-04	9.179108e-02	2.516260e-02
4.585367e+03	9.324460e-02	5.325311e-04	9.405696e-02	2.516214e-02
4.586032e+03	9.525671e-02	5.402121e-04	9.685895e-02	2.516169e-02
4.586697e+03	9.670801e-02	5.373267e-04	9.716343e-02	2.516123e-02
4.587362e+03	9.243499e-02	5.298016e-04	9.434960e-02	2.516076e-02
4.588027e+03	8.943952e-02	5.261629e-04	9.150552e-02	2.516030e-02
4.588692e+03	9.028681e-02	5.271790e-04	9.073292e-02	2.515983e-02
4.589357e+03	8.982745e-02	5.268986e-04	9.030538e-02	2.515936e-02
4.590022e+03	9.055395e-02	5.317694e-04	9.168763e-02	2.515889e-02
4.590687e+03	9.484757e-02	5.338405e-04	9.589117e-02	2.515842e-02
4.591352e+03	9.843358e-02	5.391274e-04	9.942130e-02	2.515794e-02
4.592017e+03	9.913148e-02	5.387706e-04	9.979019e-02	2.515746e-02
4.592682e+03	9.748046e-02	5.367490e-04	9.748732e-02	2.515698e-02
4.593347e+03	9.239056e-02	5.290418e-04	9.291576e-02	2.515650e-02
4.594012e+03	8.931452e-02	5.231747e-04	8.966070e-02	2.515601e-02
4.594677e+03	8.583545e-02	5.128456e-04	8.711959e-02	2.515552e-02
4.595342e+03	8.277228e-02	5.116550e-04	8.514185e-02	2.515503e-02
4.596007e+03	8.656135e-02	5.157086e-04	8.730994e-02	2.515454e-02
4.596672e+03	9.113490e-02	5.307812e-04	9.142843e-02	2.515404e-02
4.597337e+03	9.364442e-02	5.419966e-04	9.408561e-02	2.515354e-02
4.598002e+03	9.519519e-02	5.316231e-04	9.553307e-02	2.515304e-02
4.598667e+03	9.472304e-02	5.276221e-04	9.519957e-02	2.515254e-02
4.599332e+03	9.297258e-02	5.412750e-04	9.401356e-02	2.515204e-02
4.599997e+03	9.557103e-02	5.370012e-04	9.646513e-02	2.515153e-02
4.600662e+03	9.647414e-02	5.428567e-04	9.774413e-02	2.515102e-02
4.601327e+03	9.122440e-02	5.201223e-04	9.294200e-02	2.515051e-02
4.601992e+03	8.401993e-02	5.128137e-04	8.640678e-02	2.514999e-02
4.602657e+03	8.353083e-02	5.121793e-04	8.620448e-02	2.514947e-02
4.603322e+03	9.103325e-02	5.261911e-04	9.148100e-02	2.514895e-02
4.603987e+03	9.165966e-02	5.280004e-04	9.262572e-02	2.514843e-02
4.604652e+03	8.973114e-02	5.215719e-04	9.108275e-02	2.514791e-02
4.605317e+03	9.190664e-02	5.270725e-04	9.221200e-02	2.514738e-02
4.605982e+03	nan	nan	9.477084e-02	2.514685e-02
4.606647e+03	9.728676e-02	5.312203e-04	9.772443e-02	2.514632e-02
4.607312e+03	9.657384e-02	5.357302e-04	9.738396e-02	2.514579e-02
4.607977e+03	9.140474e-02	5.256710e-04	9.266491e-02	2.514525e-02
4.608642e+03	8.812966e-02	5.214660e-04	8.818918e-02	2.514471e-02
4.609307e+03	8.525478e-02	5.162247e-04	8.574183e-02	2.514417e-02
4.609972e+03	8.505541e-02	5.150095e-04	8.727172e-02	2.514363e-02
4.610637e+03	9.281508e-02	5.259701e-04	9.392954e-02	2.514309e-02
4.611302e+03	9.784708e-02	5.322730e-04	9.808377e-02	2.514254e-02
4.611967e+03	9.594416e-02	5.378543e-04	9.646768e-02	2.514199e-02
4.612632e+03	9.472573e-02	5.279045e-04	9.485014e-02	2.514144e-02
4.613297e+03	9.402381e-02	5.264707e-04	9.367730e-02	2.514088e-02
4.613962e+03	9.044175e-02	5.214041e-04	9.050270e-02	2.514032e-02
4.614627e+03	8.857405e-02	5.174994e-04	8.843405e-02	2.513977e-02
4.615292e+03	8.937834e-02	5.146881e-04	8.880327e-02	2.513920e-02
4.615957e+03	8.946513e-02	5.154488e-04	8.934728e-02	2.513864e-02
4.616622e+03	9.073228e-02	5.153659e-04	9.014265e-02	2.513807e-02
4.617287e+03	8.780245e-02	5.199344e-04	8.921168e-02	2.513750e-02
4.617952e+03	8.712207e-02	5.186494e-04	8.894862e-02	2.513693e-02
4.618617e+03	9.211250e-02	5.252914e-04	9.207899e-02	2.513636e-02
4.619282e+03	9.462932e-02	5.221449e-04	9.421622e-02	2.513578e-02
4.619947e+03	9.219326e-02	5.173796e-04	9.181875e-02	2.513521e-02
4.620612e+03	8.880995e-02	5.128206e-04	8.891438e-02	2.513463e-02
4.621277e+03	9.225747e-02	5.177831e-04	9.161960e-02	2.513404e-02
4.621942e+03	9.409945e-02	5.238356e-04	9.370181e-02	2.513346e-02
4.622607e+03	9.017651e-02	5.147428e-04	9.020762e-02	2.513287e-02
4.623272e+03	8.637949e-02	5.139048e-04	8.668248e-02	2.513228e-02
4.623937e+03	9.003081e-02	5.451054e-04	8.875051e-02	2.513169e-02
4.624602e+03	9.227219e-02	5.214582e-04	9.187693e-02	2.513110e-02
4.625267e+03	8.715258e-02	5.133059e-04	8.889724e-02	2.513050e-02
4.625932e+03	8.443302e-02	5.132178e-04	8.559087e-02	2.512990e-02
4.626597e+03	8.836076e-02	5.161903e-04	8.829315e-02	2.512930e-02
4.627262e+03	nan	nan	9.482087e-02	2.512870e-02
4.627927e+03	nan	nan	9.948980e-02	2.512809e-02
4.628592e+03	9.905927e-02	5.314589e-04	9.967004e-02	2.512748e-02
4.629257e+03	9.754456e-02	5.320123e-04	9.702204e-02	2.512687e-02
4.629922e+03	9.071119e-02	5.226512e-04	9.053400e-02	2.512626e-02
4.630587e+03	8.707138e-02	5.454936e-04	8.649822e-02	2.512564e-02
4.631252e+03	8.992823e-02	5.632681e-04	8.946464e-02	2.512503e-02
4.631917e+03	9.424061e-02	5.274120e-04	9.375844e-02	2.512441e-02
4.632582e+03	9.278489e-02	5.269245e-04	9.318538e-02	2.512379e-02
4.633247e+03	8.739920e-02	5.201581e-04	8.967113e-02	2.512316e-02
4.633912e+03	8.941567e-02	5.228050e-04	9.065149e-02	2.512253e-02
4.634577e+03	9.327053e-02	5.301904e-04	9.310564e-02	2.512191e-02
4.635242e+03	9.307346e-02	5.308073e-04	9.308181e-02	2.512128e-02
4.635907e+03	9.195603e-02	5.304141e-04	9.162594e-02	2.512064e-02
4.636572e+03	8.778607e-02	5.253205e-04	8.736504e-02	2.512001e-02
4.637237e+03	8.431301e-02	5.185192e-04	8.404622e-02	2.511937e-02
4.637902e+03	8.783595e-02	5.287342e-04	8.740532e-02	2.511873e-02
4.638567e+03	9.411963e-02	5.434667e-04	9.332143e-02	2.511809e-02
4.639232e+03	9.412059e-02	5.943961e-04	9.342872e-02	2.511744e-02
4.639897e+03	8.945916e-02	5.320887e-04	9.013828e-02	2.511679e-02
4.640562e+03	8.859739e-02	5.334127e-04	8.879541e-02	2.511614e-02
4.641227e+03	8.685426e-02	5.306349e-04	8.800496e-02	2.511549e-02
4.641892e+03	8.911435e-02	5.346538e-04	8.907037e-02	2.511484e-02
4.642557e+03	9.112029e-02	5.360394e-04	9.025221e-02	2.511418e-02
4.643222e+03	9.007878e-02	5.372921e-04	8.953867e-02	2.511352e-02
4.643887e+03	8.905654e-02	5.331308e-04	8.852482e-02	2.511286e-02
4.644552e+03	nan	nan	8.771605e-02	2.511220e-02
4.645217e+03	8.874798e-02	3.134124e-03	8.784581e-02	2.511154e-02
4.645882e+03	9.052747e-02	5.643780e-04	8.972188e-02	2.511087e-02
4.646547e+03	9.058147e-02	5.482658e-04	9.068715e-02	2.511020e-02
4.647212e+03	nan	nan	9.149503e-02	2.510953e-02
4.647877e+03	nan	nan	8.928338e-02	2.510885e-02
4.648542e+03	nan	nan	8.747898e-02	2.510818e-02
4.649207e+03	8.779144e-02	5.612208e-04	8.927347e-02	2.510750e-02
4.649872e+03	8.951139e-02	5.641084e-04	9.084624e-02	2.510682e-02
4.650537e+03	9.028645e-02	5.718314e-04	9.049409e-02	2.510613e-02
4.651202e+03	9.070840e-02	5.822274e-04	9.029071e-02	2.510545e-02
4.651867e+03	9.052412e-02	6.056094e-04	8.938738e-02	2.510476e-02
4.652532e+03	8.815162e-02	6.122687e-04	8.684747e-02	2.510407e-02
4.653197e+03	8.761279e-02	6.109157e-04	8.630981e-02	2.510338e-02
4.653862e+03	8.954945e-02	6.305209e-04	8.828108e-02	2.510268e-02
4.654527e+03	9.046330e-02	6.502424e-04	8.981125e-02	2.510199e-02
4.655192e+03	9.164164e-02	6.598518e-04	9.174454e-02	2.510129e-02
4.655857e+03	9.604816e-02	6.686837e-04	9.527389e-02	2.510059e-02
4.656522e+03	9.453569e-02	6.438770e-04	9.427666e-02	2.509988e-02
4.657187e+03	8.725493e-02	6.128635e-04	8.895731e-02	2.509918e-02
4.657852e+03	8.705082e-02	6.069933e-04	8.924882e-02	2.509847e-02
4.658517e+03	9.233171e-02	6.182623e-04	9.347935e-02	2.509776e-02
4.659182e+03	9.171306e-02	5.988902e-04	9.252367e-02	2.509705e-02
4.659847e+03	8.501965e-02	5.674048e-04	8.584971e-02	2.509633e-02
4.660512e+03	8.353012e-02	5.500060e-04	8.425608e-02	2.509562e-02
4.661177e+03	8.758438e-02	5.465926e-04	8.770297e-02	2.509490e-02
4.661842e+03	8.890849e-02	5.452016e-04	8.960736e-02	2.509418e-02
4.662507e+03	8.904994e-02	5.429537e-04	8.989119e-02	2.509345e-02
4.663172e+03	8.949965e-02	5.420120e-04	9.089238e-02	2.509273e-02
4.663837e+03	9.002643e-02	5.423089e-04	9.205347e-02	2.509200e-02
4.664502e+03	9.203155e-02	5.478900e-04	9.362958e-02	2.509127e-02
4.665167e+03	9.456122e-02	5.500196e-04	9.526025e-02	2.509054e-02
4.665832e+03	9.345626e-02	5.490982e-04	9.364745e-02	2.508980e-02
4.666497e+03	8.842049e-02	5.400764e-04	8.838525e-02	2.508906e-02
4.667162e+03	8.407471e-02	5.330967e-04	8.369632e-02	2.508833e-02
4.667827e+03	8.385500e-02	5.356912e-04	8.365080e-02	2.508758e-02
4.668492e+03	8.711298e-02	5.426457e-04	8.734630e-02	2.508684e-02
4.669157e+03	8.912518e-02	5.482713e-04	8.983731e-02	2.508609e-02
4.669822e+03	8.976505e-02	6.605189e-04	9.010862e-02	2.508535e-02
4.670487e+03	8.985603e-02	6.664114e-04	9.089006e-02	2.508460e-02
4.671152e+03	9.106881e-02	5.541582e-04	9.225489e-02	2.508384e-02
4.671817e+03	9.197205e-02	5.612802e-04	9.275473e-02	2.508309e-02
4.672482e+03	8.937952e-02	5.479437e-04	8.976766e-02	2.508233e-02
4.673147e+03	8.431276e-02	5.373343e-04	8.502525e-02	2.508157e-02
4.673812e+03	8.055164e-02	5.300144e-04	8.207301e-02	2.508081e-02
4.674477e+03	8.127056e-02	5.308816e-04	8.303151e-02	2.508005e-02
4.675142e+03	8.651335e-02	5.489629e-04	8.734531e-02	2.507928e-02
4.675807e+03	9.131357e-02	6.104488e-04	9.116861e-02	2.507852e-02
4.676472e+03	9.231027e-02	5.742733e-04	9.337620e-02	2.507775e-02
4.677137e+03	9.280205e-02	5.741985e-04	9.357430e-02	2.507697e-02
4.677802e+03	8.994671e-02	5.629689e-04	9.176853e-02	2.507620e-02
4.678467e+03	8.655850e-02	5.435453e-04	8.842516e-02	2.507542e-02
4.679132e+03	8.607619e-02	5.381739e-04	8.744473e-02	2.507465e-02
4.679797e+03	8.815847e-02	5.468384e-04	8.903859e-02	2.507386e-02
4.680462e+03	8.793144e-02	5.378357e-04	8.875437e-02	2.507308e-02
4.681127e+03	8.592922e-02	5.338840e-04	8.711900e-02	2.507230e-02
4.681792e+03	8.801711e-02	5.372906e-04	8.866644e-02	2.507151e-02
4.682457e+03	nan	nan	8.778922e-02	2.507072e-02
4.683122e+03	8.292100e-02	5.224905e-04	8.454560e-02	2.506993e-02
4.683787e+03	8.700047e-02	5.278644e-04	8.749913e-02	2.506913e-02
4.684452e+03	9.040845e-02	5.301451e-04	9.069425e-02	2.506834e-02
4.685117e+03	8.834612e-02	5.224214e-04	8.914092e-02	2.506754e-02
4.685782e+03	8.803792e-02	5.217189e-04	8.916810e-02	2.506674e-02
4.686447e+03	9.082626e-02	5.260461e-04	9.198735e-02	2.506594e-02
4.687112e+03	9.136554e-02	5.271608e-04	9.268887e-02	2.506513e-02
4.687777e+03	9.089432e-02	5.278142e-04	9.196263e-02	2.506432e-02
4.688442e+03	8.942349e-02	5.238076e-04	9.060554e-02	2.506352e-02
4.689107e+03	9.057365e-02	5.229468e-04	9.141182e-02	2.506270e-02
4.689772e+03	9.162791e-02	5.239960e-04	9.177290e-02	2.506189e-02
4.690437e+03	8.715495e-02	5.165519e-04	8.766438e-02	2.506108e-02
4.691102e+03	8.192857e-02	5.103364e-04	8.314966e-02	2.506026e-02
4.691767e+03	8.257312e-02	5.123938e-04	8.405314e-02	2.505944e-02
4.692432e+03	8.724826e-02	5.187775e-04	8.840281e-02	2.505862e-02
4.693097e+03	9.128636e-02	5.244313e-04	9.265105e-02	2.505779e-02
4.693762e+03	9.310042e-02	5.290623e-04	9.433137e-02	2.505696e-02
4.694427e+03	9.096169e-02	5.265440e-04	9.220056e-02	2.505614e-02
4.695092e+03	8.795317e-02	5.218661e-04	8.867759e-02	2.505531e-02
4.695757e+03	8.470286e-02	5.170770e-04	8.570385e-02	2.505447e-02
4.696422e+03	8.584658e-02	5.189433e-04	8.677535e-02	2.505364e-02
4.697087e+03	8.994319e-02	5.250525e-04	9.018500e-02	2.505280e-02
4.697752e+03	8.927823e-02	5.252877e-04	9.010945e-02	2.505196e-02
4.698417e+03	8.634287e-02	5.167717e-04	8.656757e-02	2.505112e-02
4.699082e+03	8.326465e-02	5.112400e-04	8.362051e-02	2.505028e-02
4.699747e+03	7.942280e-02	5.065085e-04	8.175249e-02	2.504943e-02
4.700412e+03	8.176577e-02	5.090810e-04	8.424584e-02	2.504858e-02
4.701077e+03	8.997622e-02	5.189149e-04	9.097591e-02	2.504773e-02
4.701742e+03	9.246547e-02	5.256748e-04	9.345449e-02	2.504688e-02
4.702407e+03	9.027628e-02	5.219734e-04	9.115212e-02	2.504603e-02
4.703072e+03	8.725681e-02	5.178070e-04	8.789372e-02	2.504517e-02
4.703737e+03	8.760669e-02	5.184927e-04	8.791700e-02	2.504431e-02
4.704402e+03	9.080070e-02	5.210212e-04	9.022785e-02	2.504345e-02
4.705067e+03	9.029896e-02	5.201090e-04	8.972259e-02	2.504259e-02
4.705732e+03	8.802187e-02	5.185720e-04	8.870064e-02	2.504172e-02
4.706397e+03	8.659393e-02	5.160990e-04	8.786364e-02	2.504086e-02
4.707062e+03	8.451865e-02	5.134120e-04	8.568169e-02	2.503999e-02
4.707727e+03	8.370073e-02	5.107981e-04	8.434006e-02	2.503912e-02
4.708392e+03	8.279731e-02	5.105710e-04	8.391726e-02	2.503824e-02
4.709057e+03	8.310355e-02	5.111854e-04	8.516685e-02	2.503737e-02
4.709722e+03	8.950625e-02	5.197066e-04	8.997814e-02	2.503649e-02
4.710387e+03	8.956649e-02	5.259434e-04	8.999872e-02	2.503561e-02
4.711052e+03	8.472927e-02	5.191813e-04	8.580536e-02	2.503473e-02
4.711717e+03	8.539356e-02	5.185937e-04	8.553202e-02	2.503384e-02
4.712382e+03	8.719110e-02	5.275710e-04	8.690735e-02	2.503296e-02
4.713047e+03	8.740043e-02	5.263816e-04	8.715634e-02	2.503207e-02
4.713712e+03	8.702801e-02	5.209496e-04	8.708033e-02	2.503118e-02
4.714377e+03	8.889555e-02	5.216154e-04	8.910379e-02	2.503029e-02
4.715042e+03	8.886433e-02	5.226027e-04	9.029221e-02	2.502939e-02
4.715707e+03	8.797844e-02	5.261679e-04	8.893972e-02	2.502850e-02
4.716372e+03	8.727698e-02	5.223083e-04	8.787384e-02	2.502760e-02
4.717037e+03	8.484762e-02	5.172673e-04	8.584532e-02	2.502670e-02
4.717702e+03	8.079134e-02	5.128918e-04	8.278764e-02	2.502579e-02
4.718367e+03	8.110567e-02	5.169396e-04	8.176772e-02	2.502489e-02
4.719032e+03	8.380868e-02	5.212880e-04	8.373130e-02	2.502398e-02
4.719697e+03	8.772944e-02	5.289374e-04	8.766515e-02	2.502307e-02
4.720362e+03	8.898453e-02	5.370050e-04	8.920142e-02	2.502216e-02
4.721027e+03	8.662305e-02	5.253079e-04	8.830136e-02	2.502125e-02
4.721692e+03	8.883733e-02	5.614856e-04	8.910901e-02	2.502033e-02
4.722357e+03	9.132433e-02	5.292187e-04	9.121784e-02	2.501942e-02
4.723022e+03	9.077483e-02	5.307929e-04	9.119404e-02	2.501850e-02
4.723687e+03	8.962985e-02	5.282872e-04	8.997938e-02	2.501757e-02
4.724352e+03	8.945347e-02	5.302294e-04	8.959092e-02	2.501665e-02
4.725017e+03	8.796233e-02	5.268997e-04	8.818632e-02	2.501572e-02
4.725682e+03	8.521771e-02	5.259442e-04	8.541975e-02	2.501480e-02
4.726347e+03	8.164271e-02	5.207085e-04	8.258598e-02	2.501387e-02
4.727012e+03	8.079934e-02	5.176843e-04	8.257694e-02	2.501293e-02
4.727677e+03	8.329121e-02	5.223425e-04	8.424881e-02	2.501200e-02
4.728342e+03	8.416911e-02	5.256260e-04	8.485504e-02	2.501106e-02
4.729007e+03	8.411029e-02	5.264777e-04	8.460169e-02	2.501013e-02
4.729672e+03	8.330456e-02	5.235850e-04	8.391064e-02	2.500919e-02
4.730337e+03	8.494053e-02	5.276474e-04	8.585819e-02	2.500824e-02
4.731002e+03	8.726929e-02	5.300314e-04	8.855803e-02	2.500730e-02
4.731667e+03	8.977554e-02	5.336488e-04	9.026533e-02	2.500635e-02
4.732332e+03	8.838835e-02	5.346722e-04	8.883015e-02	2.500540e-02
4.732997e+03	8.500255e-02	5.266728e-04	8.585383e-02	2.500445e-02
4.733662e+03	8.476366e-02	5.300481e-04	8.540245e-02	2.500350e-02
4.734327e+03	8.473042e-02	5.324973e-04	8.537949e-02	2.500254e-02
4.734992e+03	8.364760e-02	5.286721e-04	8.411310e-02	2.500159e-02
4.735657e+03	8.031731e-02	5.269008e-04	8.255131e-02	2.500063e-02
4.736322e+03	8.141281e-02	5.261988e-04	8.375302e-02	2.499967e-02
4.736987e+03	8.602878e-02	5.327977e-04	8.683900e-02	2.499870e-02
4.737652e+03	8.759808e-02	5.382794e-04	8.893041e-02	2.499774e-02
4.738317e+03	nan	nan	8.912068e-02	2.499677e-02
4.738982e+03	nan	nan	8.833612e-02	2.499580e-02
4.739647e+03	8.768527e-02	5.395651e-04	8.769118e-02	2.499483e-02
4.740312e+03	8.634763e-02	5.366206e-04	8.545721e-02	2.499386e-02
4.740977e+03	8.407253e-02	5.333167e-04	8.331889e-02	2.499288e-02
4.741642e+03	8.315545e-02	5.377439e-04	8.311197e-02	2.499191e-02
4.742307e+03	8.448436e-02	5.355732e-04	8.448520e-02	2.499093e-02
4.742972e+03	8.821711e-02	5.399983e-04	8.866704e-02	2.498994e-02
4.743637e+03	9.136042e-02	5.480111e-04	9.198854e-02	2.498896e-02
4.744302e+03	8.782769e-02	5.409728e-04	8.859780e-02	2.498798e-02
4.744967e+03	8.057972e-02	5.308941e-04	8.219217e-02	2.498699e-02
4.745632e+03	8.028322e-02	5.303307e-04	8.203700e-02	2.498600e-02
4.746297e+03	8.602516e-02	5.369128e-04	8.705850e-02	2.498501e-02
4.746962e+03	8.867335e-02	5.861488e-04	8.975674e-02	2.498401e-02
4.747627e+03	8.792689e-02	5.456215e-04	8.985518e-02	2.498302e-02
4.748292e+03	8.730784e-02	5.430752e-04	8.855441e-02	2.498202e-02
4.748957e+03	8.634351e-02	5.443638e-04	8.711734e-02	2.498102e-02
4.749622e+03	8.520178e-02	5.462270e-04	8.514358e-02	2.498002e-02
4.750287e+03	8.418968e-02	5.421700e-04	8.423974e-02	2.497901e-02
4.750952e+03	8.523845e-02	5.446998e-04	8.516471e-02	2.497801e-02
4.751617e+03	8.542327e-02	5.531757e-04	8.554377e-02	2.497700e-02
4.752282e+03	8.684357e-02	5.499715e-04	8.742864e-02	2.497599e-02
4.752947e+03	8.911244e-02	5.541177e-04	8.952073e-02	2.497498e-02
4.753612e+03	8.658685e-02	5.495315e-04	8.674179e-02	2.497396e-02
4.754277e+03	7.929985e-02	5.314203e-04	8.151875e-02	2.497295e-02
4.754942e+03	7.956717e-02	5.340602e-04	8.113387e-02	2.497193e-02
4.755607e+03	nan	nan	8.499438e-02	2.497091e-02
4.756272e+03	nan	nan	8.938374e-02	2.496989e-02
4.756937e+03	8.877183e-02	5.487973e-04	9.041601e-02	2.496886e-02
4.757602e+03	8.866509e-02	5.469910e-04	8.970717e-02	2.496784e-02
4.758267e+03	8.767644e-02	5.483767e-04	8.762855e-02	2.496681e-02
4.758932e+03	8.526866e-02	5.418602e-04	8.557553e-02	2.496578e-02
4.759597e+03	8.771724e-02	5.464691e-04	8.769198e-02	2.496475e-02
4.760262e+03	8.945870e-02	5.514268e-04	8.923632e-02	2.496371e-02
4.760927e+03	8.736274e-02	5.450639e-04	8.796560e-02	2.496268e-02
4.761592e+03	8.508946e-02	5.393039e-04	8.585535e-02	2.496164e-02
4.762257e+03	8.209556e-02	5.345936e-04	8.343354e-02	2.496060e-02
4.762922e+03	8.182671e-02	5.339342e-04	8.210175e-02	2.495956e-02
4.763587e+03	8.150658e-02	5.400786e-04	8.160201e-02	2.495851e-02
4.764252e+03	8.074206e-02	5.345285e-04	8.210151e-02	2.495747e-02
4.764917e+03	8.375197e-02	5.351153e-04	8.381791e-02	2.495642e-02
4.765582e+03	8.346792e-02	5.327960e-04	8.375171e-02	2.495537e-02
4.766247e+03	8.318888e-02	5.301660e-04	8.295063e-02	2.495432e-02
4.766912e+03	8.234072e-02	5.328342e-04	8.184594e-02	2.495326e-02
4.767577e+03	8.125523e-02	5.269292e-04	8.100332e-02	2.495221e-02
4.768242e+03	8.307431e-02	5.290674e-04	8.297034e-02	2.495115e-02
4.768907e+03	8.794571e-02	5.763543e-04	8.730943e-02	2.495009e-02
4.769572e+03	8.893846e-02	5.401027e-04	8.910765e-02	2.494903e-02
4.770237e+03	8.771354e-02	5.628297e-04	8.773433e-02	2.494796e-02
4.770902e+03	8.758214e-02	5.378031e-04	8.695185e-02	2.494690e-02
4.771567e+03	8.681634e-02	5.345607e-04	8.650406e-02	2.494583e-02
4.772232e+03	8.297715e-02	5.317407e-04	8.316954e-02	2.494476e-02
4.772897e+03	7.943651e-02	5.314325e-04	7.956259e-02	2.494369e-02
4.773562e+03	7.878105e-02	5.216896e-04	7.972881e-02	2.494261e-02
4.774227e+03	8.393210e-02	5.350219e-04	8.370490e-02	2.494154e-02
4.774892e+03	8.521103e-02	5.357284e-04	8.501246e-02	2.494046e-02
4.775557e+03	8.257851e-02	5.309219e-04	8.304113e-02	2.493938e-02
4.776222e+03	8.353049e-02	5.315999e-04	8.290836e-02	2.493830e-02
4.776887e+03	8.395553e-02	5.334721e-04	8.239033e-02	2.493722e-02
4.777552e+03	8.451266e-02	5.415150e-04	8.289113e-02	2.493613e-02
4.778217e+03	8.357329e-02	5.271257e-04	8.282986e-02	2.493504e-02
4.778882e+03	8.118562e-02	5.247846e-04	8.074845e-02	2.493395e-02
4.779547e+03	7.977026e-02	5.242159e-04	7.966958e-02	2.493286e-02
4.780212e+03	8.137716e-02	5.255620e-04	8.077847e-02	2.493177e-02
4.780877e+03	8.371694e-02	5.295356e-04	8.296920e-02	2.493067e-02
4.781542e+03	8.570688e-02	5.314938e-04	8.457196e-02	2.492957e-02
4.782207e+03	8.685017e-02	5.373014e-04	8.555883e-02	2.492848e-02
4.782872e+03	8.367727e-02	5.318416e-04	8.341191e-02	2.492737e-02
4.783537e+03	7.874064e-02	5.233744e-04	8.003453e-02	2.492627e-02
4.784202e+03	8.059097e-02	5.223314e-04	8.103181e-02	2.492517e-02
4.784867e+03	8.323433e-02	5.252120e-04	8.359632e-02	2.492406e-02
4.785532e+03	8.319791e-02	5.259606e-04	8.312734e-02	2.492295e-02
4.786197e+03	8.061312e-02	5.222986e-04	8.044854e-02	2.492184e-02
4.786862e+03	8.088143e-02	5.250256e-04	8.137935e-02	2.492073e-02
4.787527e+03	8.351893e-02	5.290478e-04	8.394649e-02	2.491961e-02
4.788192e+03	8.714200e-02	5.347876e-04	8.669142e-02	2.491849e-02
4.788857e+03	9.046767e-02	5.399274e-04	8.943927e-02	2.491737e-02
4.789522e+03	8.918511e-02	5.394506e-04	8.917582e-02	2.491625e-02
4.790187e+03	8.646301e-02	6.306412e-04	8.659305e-02	2.491513e-02
4.790852e+03	8.363976e-02	5.294525e-04	8.422108e-02	2.491401e-02
4.791517e+03	nan	nan	8.412872e-02	2.491288e-02
4.792182e+03	8.406763e-02	5.296350e-04	8.424317e-02	2.491175e-02
4.792847e+03	8.014758e-02	5.268673e-04	8.089299e-02	2.491062e-02
4.793512e+03	7.792284e-02	5.188530e-04	7.836903e-02	2.490949e-02
4.794177e+03	8.002103e-02	5.236756e-04	7.935459e-02	2.490835e-02
4.794842e+03	8.091834e-02	5.258609e-04	8.025077e-02	2.490722e-02
4.795507e+03	8.193628e-02	5.264047e-04	8.117063e-02	2.490608e-02
4.796172e+03	8.414793e-02	5.315458e-04	8.309401e-02	2.490494e-02
4.796837e+03	8.454077e-02	5.346444e-04	8.470782e-02	2.490380e-02
4.797502e+03	8.636539e-02	5.377572e-04	8.733530e-02	2.490265e-02
4.798167e+03	8.986127e-02	5.437212e-04	9.112481e-02	2.490151e-02
4.798832e+03	9.217088e-02	5.496076e-04	9.259231e-02	2.490036e-02
4.799497e+03	8.964659e-02	5.458049e-04	8.978682e-02	2.489921e-02
4.800162e+03	8.480216e-02	5.433593e-04	8.495708e-02	2.489806e-02
4.800827e+03	8.108875e-02	5.338892e-04	8.139261e-02	2.489691e-02
4.801492e+03	8.304281e-02	5.420217e-04	8.224511e-02	2.489575e-02
4.802157e+03	8.445750e-02	5.446283e-04	8.348178e-02	2.489459e-02
4.802822e+03	8.110208e-02	5.482528e-04	8.126736e-02	2.489343e-02
4.803487e+03	8.051440e-02	5.393295e-04	8.085088e-02	2.489227e-02
4.804152e+03	8.282874e-02	5.435827e-04	8.144712e-02	2.489111e-02
4.804817e+03	8.101682e-02	5.391888e-04	8.042328e-02	2.488995e-02
4.805482e+03	nan	nan	8.348211e-02	2.488878e-02
4.806147e+03	8.615327e-02	6.195212e-04	8.603070e-02	2.488761e-02
4.806812e+03	8.407817e-02	6.000102e-04	8.471738e-02	2.488644e-02
4.807477e+03	nan	nan	8.395292e-02	2.488527e-02
4.808142e+03	8.506301e-02	5.436680e-04	8.407172e-02	2.488409e-02
4.808807e+03	8.559012e-02	5.464868e-04	8.500646e-02	2.488292e-02
4.809472e+03	8.496065e-02	5.405023e-04	8.466279e-02	2.488174e-02
4.810137e+03	8.242307e-02	5.359445e-04	8.202182e-02	2.488056e-02
4.810802e+03	8.010935e-02	5.348367e-04	7.991628e-02	2.487938e-02
4.811467e+03	8.053387e-02	5.335956e-04	8.004858e-02	2.487819e-02
4.812132e+03	8.225493e-02	5.371668e-04	8.141218e-02	2.487701e-02
4.812797e+03	7.949786e-02	5.352404e-04	7.978075e-02	2.487582e-02
4.813462e+03	7.555368e-02	5.281829e-04	7.679444e-02	2.487463e-02
4.814127e+03	7.672321e-02	5.294902e-04	7.655298e-02	2.487344e-02
4.814792e+03	7.910069e-02	5.315109e-04	7.873495e-02	2.487224e-02
4.815457e+03	8.192337e-02	5.376413e-04	8.221417e-02	2.487105e-02
4.816122e+03	8.487344e-02	5.526380e-04	8.491932e-02	2.486985e-02
4.816787e+03	8.532274e-02	5.445515e-04	8.533419e-02	2.486865e-02
4.817452e+03	8.410767e-02	5.409207e-04	8.477357e-02	2.486745e-02
4.818117e+03	8.381241e-02	5.386139e-04	8.390022e-02	2.486625e-02
4.818782e+03	8.295425e-02	5.396951e-04	8.253592e-02	2.486504e-02
4.819447e+03	8.188575e-02	5.347374e-04	8.156539e-02	2.486384e-02
4.820112e+03	8.243373e-02	5.397812e-04	8.228717e-02	2.486263e-02
4.820777e+03	8.241433e-02	5.394183e-04	8.312971e-02	2.486142e-02
4.821442e+03	8.598835e-02	5.437846e-04	8.656807e-02	2.486021e-02
4.822107e+03	8.714693e-02	5.488479e-04	8.831338e-02	2.485899e-02
4.822772e+03	8.155538e-02	5.405147e-04	8.329617e-02	2.485778e-02
4.823437e+03	7.472699e-02	5.326502e-04	7.688126e-02	2.485656e-02
4.824102e+03	7.685534e-02	5.354097e-04	7.729117e-02	2.485534e-02
4.824767e+03	8.255232e-02	5.437943e-04	8.254209e-02	2.485412e-02
4.825432e+03	8.438733e-02	5.440907e-04	8.551705e-02	2.485289e-02
4.826097e+03	8.416757e-02	5.472576e-04	8.558675e-02	2.485167e-02
4.826762e+03	8.471261e-02	5.506139e-04	8.502581e-02	2.485044e-02
4.827427e+03	8.406217e-02	5.525577e-04	8.380494e-02	2.484921e-02
4.828092e+03	8.293541e-02	5.481089e-04	8.298413e-02	2.484798e-02
4.828757e+03	8.346543e-02	5.528449e-04	8.429442e-02	2.484675e-02
4.829422e+03	8.580335e-02	5.559233e-04	8.685336e-02	2.484552e-02
4.830087e+03	8.706179e-02	5.551400e-04	8.724875e-02	2.484428e-02
4.830752e+03	8.468480e-02	5.502068e-04	8.565263e-02	2.484304e-02
4.831417e+03	8.328364e-02	5.981742e-04	8.428825e-02	2.484180e-02
4.832082e+03	8.333930e-02	5.432549e-04	8.435800e-02	2.484056e-02
4.832747e+03	8.223205e-02	5.397315e-04	8.254096e-02	2.483932e-02
4.833412e+03	7.629838e-02	5.346637e-04	7.660636e-02	2.483807e-02
4.834077e+03	7.633809e-02	5.233615e-04	7.652978e-02	2.483682e-02
4.834742e+03	8.206164e-02	5.368492e-04	8.216548e-02	2.483557e-02
4.835407e+03	8.097105e-02	5.335469e-04	8.296489e-02	2.483432e-02
4.836072e+03	8.013257e-02	5.331634e-04	8.143675e-02	2.483307e-02
4.836737e+03	8.134438e-02	5.327735e-04	8.175241e-02	2.483182e-02
4.837402e+03	8.140979e-02	5.335092e-04	8.217422e-02	2.483056e-02
4.838067e+03	8.325617e-02	5.416201e-04	8.434326e-02	2.482930e-02
4.838732e+03	8.604857e-02	5.423882e-04	8.629420e-02	2.482804e-02
4.839397e+03	8.523926e-02	5.417238e-04	8.562456e-02	2.482678e-02
4.840062e+03	8.300109e-02	5.387159e-04	8.305897e-02	2.482551e-02
4.840727e+03	7.799641e-02	5.336953e-04	7.991800e-02	2.482425e-02
4.841392e+03	7.932647e-02	5.360689e-04	8.093519e-02	2.482298e-02
4.842057e+03	8.175848e-02	5.479034e-04	8.290089e-02	2.482171e-02
4.842722e+03	8.054932e-02	5.398639e-04	8.111926e-02	2.482044e-02
4.843387e+03	7.683632e-02	5.343471e-04	7.724216e-02	2.481917e-02
4.844052e+03	7.526941e-02	5.338161e-04	7.632816e-02	2.481789e-02
4.844717e+03	8.105124e-02	5.442295e-04	8.190142e-02	2.481662e-02
4.845382e+03	8.635674e-02	5.498121e-04	8.709201e-02	2.481534e-02
4.846047e+03	8.687821e-02	5.527708e-04	8.756041e-02	2.481406e-02
4.846712e+03	8.520978e-02	5.511939e-04	8.551743e-02	2.481278e-02
4.847377e+03	8.415923e-02	5.475902e-04	8.446456e-02	2.481149e-02
4.848042e+03	8.275806e-02	5.467078e-04	8.289586e-02	2.481021e-02
4.848707e+03	8.128681e-02	5.394170e-04	8.119381e-02	2.480892e-02
4.849372e+03	8.219961e-02	5.439674e-04	8.156075e-02	2.480763e-02
4.850037e+03	8.233727e-02	5.474191e-04	8.222203e-02	2.480634e-02
4.850702e+03	8.366814e-02	5.472888e-04	8.398075e-02	2.480504e-02
4.851367e+03	8.508847e-02	5.488978e-04	8.565136e-02	2.480375e-02
4.852032e+03	8.469957e-02	5.447943e-04	8.498846e-02	2.480245e-02
4.852697e+03	8.129758e-02	5.393201e-04	8.127725e-02	2.480115e-02
4.853362e+03	7.777059e-02	5.316948e-04	7.744687e-02	2.479985e-02
4.854027e+03	7.749751e-02	5.328214e-04	7.690936e-02	2.479855e-02
4.854692e+03	7.718515e-02	5.313006e-04	7.765528e-02	2.479725e-02
4.855357e+03	8.002518e-02	5.387910e-04	8.006007e-02	2.479594e-02
4.856022e+03	8.052167e-02	5.364150e-04	8.076147e-02	2.479464e-02
4.856687e+03	7.896148e-02	5.329229e-04	7.943586e-02	2.479333e-02
4.857352e+03	7.853565e-02	5.319413e-04	7.924769e-02	2.479202e-02
4.858017e+03	7.869805e-02	5.336584e-04	7.944239e-02	2.479070e-02
4.858682e+03	8.090309e-02	5.367298e-04	8.133980e-02	2.478939e-02
4.859347e+03	8.351180e-02	5.400434e-04	8.426054e-02	2.478807e-02
4.860012e+03	8.473965e-02	5.460971e-04	8.562205e-02	2.478675e-02
4.860677e+03	8.382554e-02	5.426474e-04	8.451153e-02	2.478543e-02
4.861342e+03	8.355883e-02	5.386778e-04	8.464158e-02	2.478411e-02
4.862007e+03	8.494096e-02	5.437139e-04	8.600616e-02	2.478279e-02
4.862672e+03	8.387161e-02	5.423447e-04	8.468778e-02	2.478146e-02
4.863337e+03	7.953504e-02	5.323261e-04	7.992483e-02	2.478014e-02
4.864002e+03	7.510144e-02	5.278158e-04	7.519833e-02	2.477881e-02
4.864667e+03	7.447473e-02	5.256672e-04	7.431379e-02	2.477748e-02
4.865332e+03	7.498515e-02	5.249520e-04	7.457629e-02	2.477614e-02
4.865997e+03	7.660930e-02	5.276316e-04	7.706296e-02	2.477481e-02
4.866662e+03	7.988776e-02	5.390818e-04	8.026469e-02	2.477347e-02
4.867327e+03	nan	nan	7.951165e-02	2.477214e-02
4.867992e+03	8.028934e-02	5.373707e-04	7.977854e-02	2.477080e-02
4.868657e+03	8.189632e-02	5.385662e-04	8.191594e-02	2.476946e-02
4.869322e+03	8.186786e-02	5.570432e-04	8.228943e-02	2.476811e-02
4.869987e+03	8.192447e-02	5.441690e-04	8.218761e-02	2.476677e-02
4.870652e+03	8.169700e-02	5.430062e-04	8.172461e-02	2.476542e-02
4.871317e+03	8.061735e-02	5.364169e-04	8.034264e-02	2.476407e-02
4.871982e+03	8.098421e-02	5.373724e-04	8.053306e-02	2.476272e-02
4.872647e+03	8.105694e-02	5.378453e-04	8.062842e-02	2.476137e-02
4.873312e+03	7.857917e-02	5.343815e-04	7.836643e-02	2.476002e-02
4.873977e+03	7.660246e-02	5.419712e-04	7.678260e-02	2.475866e-02
4.874642e+03	7.852885e-02	5.886776e-04	7.915868e-02	2.475731e-02
4.875307e+03	7.926449e-02	7.310906e-04	7.945670e-02	2.475595e-02
4.875972e+03	7.491797e-02	1.010695e-03	7.537361e-02	2.475459e-02
4.876637e+03	7.460955e-02	1.372549e-03	7.486978e-02	2.475322e-02
4.877302e+03	7.748813e-02	1.676811e-03	7.708395e-02	2.475186e-02
4.877967e+03	8.138935e-02	1.799336e-03	7.897734e-02	2.475049e-02
4.878632e+03	8.215602e-02	1.680481e-03	8.004245e-02	2.474913e-02
4.879297e+03	8.269871e-02	1.378145e-03	8.231666e-02	2.474776e-02
4.879962e+03	8.399774e-02	1.022254e-03	8.466724e-02	2.474639e-02
4.880627e+03	8.309318e-02	7.431460e-04	8.403203e-02	2.474501e-02
4.881292e+03	8.203245e-02	5.931892e-04	8.204694e-02	2.474364e-02
4.881957e+03	8.133451e-02	5.470896e-04	8.084150e-02	2.474226e-02
4.882622e+03	8.195073e-02	5.412864e-04	8.247622e-02	2.474088e-02
4.883287e+03	8.206722e-02	5.369098e-04	8.290094e-02	2.473950e-02
4.883952e+03	7.853449e-02	5.307429e-04	7.914328e-02	2.473812e-02
4.884617e+03	7.629363e-02	5.285734e-04	7.695644e-02	2.473674e-02
4.885282e+03	7.679473e-02	5.286934e-04	7.778081e-02	2.473535e-02
4.885947e+03	7.831554e-02	5.322960e-04	7.885786e-02	2.473397e-02
4.886612e+03	7.714088e-02	5.303718e-04	7.710507e-02	2.473258e-02
4.887277e+03	7.691803e-02	5.257368e-04	7.672722e-02	2.473119e-02
4.887942e+03	8.100142e-02	5.356786e-04	8.073764e-02	2.472980e-02
4.888607e+03	8.381190e-02	5.392576e-04	8.428628e-02	2.472840e-02
4.889272e+03	8.364239e-02	5.389088e-04	8.430749e-02	2.472701e-02
4.889937e+03	8.099437e-02	5.293849e-04	8.185420e-02	2.472561e-02
4.890602e+03	8.122137e-02	5.330681e-04	8.143654e-02	2.472421e-02
4.891267e+03	8.238287e-02	5.380600e-04	8.251682e-02	2.472281e-02
4.891932e+03	8.195746e-02	5.340502e-04	8.260076e-02	2.472141e-02
4.892597e+03	8.029903e-02	5.312941e-04	8.098101e-02	2.472001e-02
4.893262e+03	7.931157e-02	5.317667e-04	7.992231e-02	2.471860e-02
4.893927e+03	nan	nan	7.999588e-02	2.471719e-02
4.894592e+03	7.657807e-02	5.206582e-04	7.658269e-02	2.471578e-02
4.895257e+03	7.376863e-02	5.168327e-04	7.483911e-02	2.471437e-02
4.895922e+03	7.622406e-02	5.249192e-04	7.841892e-02	2.471296e-02
4.896587e+03	7.892505e-02	5.281764e-04	8.088900e-02	2.471154e-02
4.897252e+03	7.791721e-02	5.263682e-04	7.838135e-02	2.471013e-02
4.897917e+03	7.264265e-02	5.103559e-04	7.257826e-02	2.470871e-02
4.898582e+03	7.033205e-02	5.031167e-04	7.097390e-02	2.470729e-02
4.899247e+03	7.384415e-02	5.100544e-04	7.428539e-02	2.470587e-02
4.899912e+03	7.904506e-02	5.165550e-04	7.928201e-02	2.470445e-02
4.900577e+03	8.431702e-02	5.221759e-04	8.419632e-02	2.470302e-02
4.901242e+03	8.449954e-02	5.221557e-04	8.464574e-02	2.470160e-02
4.901907e+03	8.086924e-02	5.179369e-04	8.133004e-02	2.470017e-02
4.902572e+03	8.027672e-02	5.164343e-04	8.089246e-02	2.469874e-02
4.903237e+03	8.209390e-02	5.297275e-04	8.262043e-02	2.469731e-02
4.903902e+03	8.194618e-02	5.241973e-04	8.303921e-02	2.469587e-02
4.904567e+03	7.958285e-02	5.249008e-04	8.091644e-02	2.469444e-02
4.905232e+03	7.569179e-02	5.143268e-04	7.608166e-02	2.469300e-02
4.905897e+03	7.485834e-02	5.141748e-04	7.498747e-02	2.469157e-02
4.906562e+03	7.561923e-02	5.184466e-04	7.660066e-02	2.469013e-02
4.907227e+03	7.702830e-02	5.228687e-04	7.804943e-02	2.468868e-02
4.907892e+03	7.790905e-02	5.148874e-04	7.830784e-02	2.468724e-02
4.908557e+03	7.721511e-02	5.076195e-04	7.622781e-02	2.468580e-02
4.909222e+03	7.524353e-02	5.032410e-04	7.406073e-02	2.468435e-02
4.909887e+03	7.888990e-02	5.067126e-04	7.758747e-02	2.468290e-02
4.910552e+03	8.190679e-02	5.155928e-04	8.138546e-02	2.468145e-02
4.911217e+03	8.129005e-02	5.141341e-04	8.158313e-02	2.468000e-02
4.911882e+03	8.097409e-02	5.118605e-04	8.134029e-02	2.467855e-02
4.912547e+03	8.062469e-02	5.145057e-04	8.060699e-02	2.467709e-02
4.913212e+03	8.047588e-02	5.126316e-04	7.983862e-02	2.467563e-02
4.913877e+03	8.013281e-02	5.111809e-04	8.000175e-02	2.467418e-02
4.914542e+03	7.977625e-02	5.139428e-04	8.045611e-02	2.467272e-02
4.915207e+03	7.729134e-02	5.114966e-04	7.759201e-02	2.467125e-02
4.915872e+03	7.412961e-02	5.151668e-04	7.422428e-02	2.466979e-02
4.916537e+03	7.520910e-02	5.098799e-04	7.565006e-02	2.466833e-02
4.917202e+03	8.005453e-02	5.711256e-04	8.002337e-02	2.466686e-02
4.917867e+03	8.133421e-02	5.736428e-04	8.169183e-02	2.466539e-02
4.918532e+03	8.052267e-02	5.218149e-04	8.114291e-02	2.466392e-02
4.919197e+03	8.091780e-02	5.418562e-04	8.135128e-02	2.466245e-02
4.919862e+03	8.026246e-02	5.761209e-04	7.932077e-02	2.466098e-02
4.920527e+03	7.688948e-02	5.498975e-04	7.639991e-02	2.465950e-02
4.921192e+03	7.921822e-02	5.198964e-04	7.938462e-02	2.465802e-02
4.921857e+03	8.305184e-02	5.378243e-04	8.372873e-02	2.465655e-02
4.922522e+03	8.290622e-02	5.245685e-04	8.390156e-02	2.465507e-02
4.923187e+03	8.215903e-02	5.254935e-04	8.271633e-02	2.465358e-02
4.923852e+03	8.141988e-02	5.248458e-04	8.125423e-02	2.465210e-02
4.924517e+03	8.000346e-02	5.256853e-04	7.948397e-02	2.465062e-02
4.925182e+03	7.565515e-02	5.187145e-04	7.589830e-02	2.464913e-02
4.925847e+03	7.339050e-02	5.181976e-04	7.416269e-02	2.464764e-02
4.926512e+03	7.432255e-02	5.219775e-04	7.515782e-02	2.464615e-02
4.927177e+03	7.502489e-02	5.191157e-04	7.546059e-02	2.464466e-02
4.927842e+03	7.525022e-02	5.196564e-04	7.551502e-02	2.464317e-02
4.928507e+03	7.553169e-02	5.212863e-04	7.552484e-02	2.464167e-02
4.929172e+03	7.747228e-02	5.288795e-04	7.704032e-02	2.464018e-02
4.929837e+03	7.905830e-02	5.312688e-04	7.933559e-02	2.463868e-02
4.930502e+03	8.162608e-02	5.361381e-04	8.233242e-02	2.463718e-02
4.931167e+03	8.166657e-02	5.373308e-04	8.202963e-02	2.463568e-02
4.931832e+03	7.755364e-02	5.311615e-04	7.765518e-02	2.463417e-02
4.932497e+03	7.623882e-02	5.322646e-04	7.605576e-02	2.463267e-02
4.933162e+03	7.674980e-02	5.358852e-04	7.626299e-02	2.463116e-02
4.933827e+03	7.722230e-02	5.357752e-04	7.716112e-02	2.462965e-02
4.934492e+03	7.711218e-02	5.344515e-04	7.793649e-02	2.462814e-02
4.935157e+03	7.508800e-02	5.430034e-04	7.583430e-02	2.462663e-02
4.935822e+03	7.164728e-02	5.340814e-04	7.211807e-02	2.462512e-02
4.936487e+03	7.238342e-02	5.875794e-04	7.260614e-02	2.462361e-02
4.937152e+03	7.356837e-02	5.339403e-04	7.372710e-02	2.462209e-02
4.937817e+03	7.155320e-02	5.321750e-04	7.136691e-02	2.462057e-02
4.938482e+03	7.271069e-02	5.340749e-04	7.205376e-02	2.461905e-02
4.939147e+03	7.690373e-02	5.439224e-04	7.670337e-02	2.461753e-02
4.939812e+03	8.101365e-02	5.500313e-04	8.135742e-02	2.461601e-02
4.940477e+03	8.353310e-02	5.532392e-04	8.407758e-02	2.461448e-02
4.941142e+03	8.268925e-02	5.534646e-04	8.326663e-02	2.461296e-02
4.941807e+03	8.023463e-02	5.512746e-04	8.088235e-02	2.461143e-02
4.942472e+03	7.803989e-02	5.690242e-04	7.812619e-02	2.460990e-02
4.943137e+03	7.420837e-02	5.414297e-04	7.415072e-02	2.460837e-02
4.943802e+03	7.503502e-02	5.385525e-04	7.487000e-02	2.460684e-02
4.944467e+03	7.957677e-02	5.528112e-04	8.013243e-02	2.460530e-02
4.945132e+03	8.129394e-02	5.597712e-04	8.292190e-02	2.460377e-02
4.945797e+03	7.893795e-02	5.885727e-04	8.111884e-02	2.460223e-02
4.946462e+03	7.499974e-02	5.520720e-04	7.644486e-02	2.460069e-02
4.947127e+03	7.322184e-02	5.323004e-04	7.398519e-02	2.459915e-02
4.947792e+03	7.391801e-02	5.378974e-04	7.450921e-02	2.459761e-02
4.948457e+03	7.320504e-02	5.314883e-04	7.346384e-02	2.459607e-02
4.949122e+03	7.319013e-02	5.334115e-04	7.330943e-02	2.459452e-02
4.949787e+03	7.668870e-02	5.550849e-04	7.671077e-02	2.459297e-02
4.950452e+03	7.912389e-02	5.594027e-04	7.921026e-02	2.459143e-02
4.951117e+03	7.907490e-02	5.589590e-04	7.960248e-02	2.458988e-02
4.951782e+03	7.802488e-02	5.382364e-04	7.832953e-02	2.458832e-02
4.952447e+03	7.594267e-02	5.263080e-04	7.606290e-02	2.458677e-02
4.953112e+03	7.509313e-02	5.263331e-04	7.529234e-02	2.458522e-02
4.953777e+03	7.533123e-02	5.307432e-04	7.507596e-02	2.458366e-02
4.954442e+03	7.279815e-02	5.215695e-04	7.199291e-02	2.458210e-02
4.955107e+03	7.070352e-02	5.620170e-04	7.067233e-02	2.458054e-02
4.955772e+03	7.438754e-02	5.289890e-04	7.568468e-02	2.457898e-02
4.956437e+03	7.945731e-02	5.335862e-04	8.028102e-02	2.457742e-02
4.957102e+03	7.742528e-02	5.281121e-04	7.831773e-02	2.457585e-02
4.957767e+03	7.425898e-02	5.274841e-04	7.501827e-02	2.457429e-02
4.958432e+03	7.426839e-02	5.253364e-04	7.488956e-02	2.457272e-02
4.959097e+03	7.619096e-02	5.300675e-04	7.669000e-02	2.457115e-02
4.959762e+03	7.622498e-02	5.302957e-04	7.622796e-02	2.456958e-02
4.960427e+03	7.524876e-02	5.272312e-04	7.470025e-02	2.456801e-02
4.961092e+03	7.654761e-02	5.317428e-04	7.588150e-02	2.456643e-02
4.961757e+03	7.944230e-02	5.373180e-04	7.874888e-02	2.456486e-02
4.962422e+03	7.952189e-02	5.411004e-04	7.870625e-02	2.456328e-02
4.963087e+03	7.696341e-02	5.386093e-04	7.616101e-02	2.456170e-02
4.963752e+03	7.756358e-02	5.423870e-04	7.651292e-02	2.456012e-02
4.964417e+03	7.880402e-02	5.463511e-04	7.891345e-02	2.455854e-02
4.965082e+03	7.893636e-02	5.350787e-04	7.954617e-02	2.455696e-02
4.965747e+03	7.792518e-02	5.392441e-04	7.819780e-02	2.455537e-02
4.966412e+03	7.575806e-02	5.257822e-04	7.503786e-02	2.455378e-02
4.967077e+03	7.184670e-02	5.177557e-04	7.087172e-02	2.455220e-02
4.967742e+03	7.029932e-02	5.127982e-04	6.902924e-02	2.455061e-02
4.968407e+03	6.878818e-02	5.120940e-04	6.862462e-02	2.454902e-02
4.969072e+03	6.920217e-02	5.097783e-04	6.905030e-02	2.454742e-02
4.969737e+03	7.061914e-02	5.106626e-04	7.019436e-02	2.454583e-02
4.970402e+03	7.444931e-02	5.197307e-04	7.372569e-02	2.454423e-02
4.971067e+03	7.630814e-02	5.208471e-04	7.577175e-02	2.454263e-02
4.971732e+03	7.446215e-02	5.189521e-04	7.479697e-02	2.454104e-02
4.972397e+03	7.538489e-02	5.200876e-04	7.609482e-02	2.453944e-02
4.973062e+03	7.819576e-02	5.273038e-04	7.877014e-02	2.453783e-02
4.973727e+03	7.988060e-02	5.299951e-04	8.063717e-02	2.453623e-02
4.974392e+03	8.120927e-02	5.316629e-04	8.126128e-02	2.453462e-02
4.975057e+03	8.116614e-02	5.311134e-04	8.053607e-02	2.453302e-02
4.975722e+03	7.998019e-02	5.321739e-04	7.947434e-02	2.453141e-02
4.976387e+03	7.921865e-02	5.281898e-04	7.857133e-02	2.452980e-02
4.977052e+03	7.768359e-02	5.338858e-04	7.702360e-02	2.452819e-02
4.977717e+03	7.675096e-02	5.256258e-04	7.564910e-02	2.452657e-02
4.978382e+03	7.429364e-02	5.212546e-04	7.317690e-02	2.452496e-02
4.979047e+03	7.086472e-02	5.172393e-04	7.096645e-02	2.452334e-02
4.979712e+03	7.171000e-02	5.181341e-04	7.190976e-02	2.452173e-02
4.980377e+03	7.349238e-02	5.225962e-04	7.368623e-02	2.452011e-02
4.981042e+03	7.627949e-02	5.316352e-04	7.617595e-02	2.451849e-02
4.981707e+03	7.729250e-02	5.331486e-04	7.743191e-02	2.451686e-02
4.982372e+03	7.613716e-02	5.280036e-04	7.623559e-02	2.451524e-02
4.983037e+03	7.423479e-02	5.228144e-04	7.444724e-02	2.451361e-02
4.983702e+03	7.366523e-02	5.227817e-04	7.500312e-02	2.451199e-02
4.984367e+03	7.704310e-02	5.296683e-04	7.812390e-02	2.451036e-02
4.985032e+03	7.885304e-02	5.332778e-04	8.001624e-02	2.450873e-02
4.985697e+03	7.846120e-02	5.373507e-04	7.934820e-02	2.450710e-02
4.986362e+03	7.805651e-02	5.362567e-04	7.891613e-02	2.450546e-02
4.987027e+03	8.090647e-02	5.421358e-04	8.086386e-02	2.450383e-02
4.987692e+03	8.117807e-02	5.442478e-04	8.178225e-02	2.450219e-02
4.988357e+03	7.938448e-02	5.495362e-04	7.963432e-02	2.450056e-02
4.989022e+03	7.455961e-02	5.494512e-04	7.533416e-02	2.449892e-02
4.989687e+03	7.202930e-02	5.504903e-04	7.214275e-02	2.449728e-02
4.990352e+03	7.092317e-02	5.498908e-04	7.049205e-02	2.449563e-02
4.991017e+03	6.988719e-02	5.618692e-04	7.006128e-02	2.449399e-02
4.991682e+03	7.288103e-02	5.884828e-04	7.261006e-02	2.449234e-02
4.992347e+03	7.561952e-02	6.233843e-04	7.625321e-02	2.449070e-02
4.993012e+03	7.802644e-02	6.390307e-04	7.908262e-02	2.448905e-02
4.993677e+03	7.756070e-02	6.385938e-04	7.881744e-02	2.448740e-02
4.994342e+03	7.415172e-02	6.279055e-04	7.556768e-02	2.448575e-02
4.995007e+03	7.089206e-02	6.224649e-04	7.260650e-02	2.448409e-02
4.995672e+03	7.050495e-02	6.282148e-04	7.161747e-02	2.448244e-02
4.996337e+03	6.990618e-02	6.282015e-04	7.107304e-02	2.448078e-02
4.997002e+03	7.082926e-02	6.321950e-04	7.193653e-02	2.447913e-02
4.997667e+03	7.369627e-02	6.400827e-04	7.511595e-02	2.447747e-02
4.998332e+03	7.747758e-02	6.477609e-04	7.839658e-02	2.447581e-02
4.998997e+03	7.550627e-02	6.259665e-04	7.632780e-02	2.447415e-02
4.999662e+03	7.025423e-02	6.076655e-04	7.199511e-02	2.447248e-02
5.000327e+03	7.032597e-02	6.102554e-04	7.138525e-02	2.447082e-02
5.000992e+03	7.085162e-02	6.123813e-04	7.161657e-02	2.446915e-02
5.001657e+03	7.186715e-02	6.204031e-04	7.212325e-02	2.446748e-02
5.002322e+03	7.265940e-02	6.215529e-04	7.231472e-02	2.446581e-02
5.002987e+03	7.101656e-02	6.109618e-04	7.107786e-02	2.446414e-02
5.003652e+03	7.229292e-02	6.141126e-04	7.237982e-02	2.446247e-02
5.004317e+03	7.733806e-02	6.312095e-04	7.736953e-02	2.446080e-02
5.004982e+03	8.118033e-02	6.454766e-04	8.109632e-02	2.445912e-02
5.005647e+03	7.993577e-02	6.361335e-04	7.968731e-02	2.445744e-02
5.006312e+03	7.558850e-02	6.297403e-04	7.570832e-02	2.445576e-02
5.006977e+03	7.519865e-02	6.166587e-04	7.515756e-02	2.445408e-02
5.007642e+03	7.773874e-02	6.237956e-04	7.699539e-02	2.445240e-02
5.008307e+03	7.730524e-02	6.254646e-04	7.688453e-02	2.445072e-02
5.008972e+03	7.764767e-02	6.200778e-04	7.692413e-02	2.444904e-02
5.009637e+03	7.722642e-02	6.223303e-04	7.578899e-02	2.444735e-02
5.010302e+03	7.456529e-02	5.958156e-04	7.409106e-02	2.444566e-02
5.010967e+03	7.498198e-02	5.765867e-04	7.464558e-02	2.444397e-02
5.011632e+03	7.422165e-02	5.615730e-04	7.366089e-02	2.444228e-02
5.012297e+03	7.048504e-02	5.484192e-04	7.062862e-02	2.444059e-02
5.012962e+03	6.946512e-02	5.410968e-04	6.988393e-02	2.443890e-02
5.013627e+03	7.358571e-02	5.470140e-04	7.346468e-02	2.443720e-02
5.014292e+03	7.734290e-02	5.533933e-04	7.684337e-02	2.443551e-02
5.014957e+03	7.500887e-02	5.453069e-04	7.510713e-02	2.443381e-02
5.015622e+03	7.173449e-02	5.317391e-04	7.218734e-02	2.443211e-02
5.016287e+03	7.373044e-02	5.373873e-04	7.325826e-02	2.443041e-02
5.016952e+03	7.462907e-02	5.335322e-04	7.504860e-02	2.442871e-02
5.017617e+03	7.406439e-02	5.343981e-04	7.399509e-02	2.442700e-02
5.018282e+03	7.003840e-02	5.240088e-04	7.015899e-02	2.442530e-02
5.018947e+03	6.778532e-02	5.155008e-04	6.789304e-02	2.442359e-02
5.019612e+03	6.736243e-02	5.120093e-04	6.830599e-02	2.442188e-02
5.020277e+03	6.951276e-02	5.152525e-04	6.997103e-02	2.442017e-02
5.020942e+03	7.178014e-02	5.211126e-04	7.135864e-02	2.441846e-02
5.021607e+03	7.128178e-02	5.172557e-04	7.120492e-02	2.441675e-02
5.022272e+03	7.177513e-02	5.178981e-04	7.147379e-02	2.441504e-02
5.022937e+03	7.397927e-02	5.215779e-04	7.322286e-02	2.441332e-02
5.023602e+03	nan	nan	7.319353e-02	2.441160e-02
5.024267e+03	nan	nan	7.006758e-02	2.440989e-02
5.024932e+03	6.974330e-02	5.086317e-04	6.918116e-02	2.440817e-02
5.025597e+03	7.172518e-02	5.126417e-04	7.108499e-02	2.440645e-02
5.026262e+03	7.258714e-02	5.148913e-04	7.248015e-02	2.440472e-02
5.026927e+03	7.282127e-02	5.120856e-04	7.234784e-02	2.440300e-02
5.027592e+03	7.152538e-02	5.093577e-04	7.085199e-02	2.440127e-02
5.028257e+03	7.044036e-02	5.068443e-04	7.020028e-02	2.439955e-02
5.028922e+03	7.055963e-02	5.066101e-04	7.075764e-02	2.439782e-02
5.029587e+03	7.083596e-02	5.084335e-04	7.129971e-02	2.439609e-02
5.030252e+03	7.072968e-02	5.168527e-04	7.166400e-02	2.439436e-02
5.030917e+03	7.169800e-02	5.143114e-04	7.267628e-02	2.439262e-02
5.031582e+03	7.317481e-02	5.140392e-04	7.376916e-02	2.439089e-02
5.032247e+03	7.233990e-02	5.188082e-04	7.254080e-02	2.438915e-02
5.032912e+03	7.096954e-02	5.093379e-04	7.096965e-02	2.438742e-02
5.033577e+03	7.142383e-02	5.117459e-04	7.157357e-02	2.438568e-02
5.034242e+03	7.400891e-02	5.174100e-04	7.394191e-02	2.438394e-02
5.034907e+03	7.584246e-02	5.204998e-04	7.567330e-02	2.438220e-02
5.035572e+03	7.454139e-02	5.179169e-04	7.465514e-02	2.438045e-02
5.036237e+03	7.373188e-02	5.169755e-04	7.439785e-02	2.437871e-02
5.036902e+03	7.493007e-02	5.193141e-04	7.552102e-02	2.437696e-02
5.037567e+03	7.520056e-02	5.231582e-04	7.630947e-02	2.437522e-02
5.038232e+03	7.500264e-02	5.237409e-04	7.614421e-02	2.437347e-02
5.038897e+03	7.251740e-02	5.214857e-04	7.352910e-02	2.437172e-02
5.039562e+03	7.099038e-02	5.177461e-04	7.103816e-02	2.436996e-02
5.040227e+03	6.963484e-02	5.150050e-04	6.931462e-02	2.436821e-02
5.040892e+03	6.988885e-02	5.169950e-04	7.060144e-02	2.436646e-02
5.041557e+03	7.302997e-02	5.208248e-04	7.359430e-02	2.436470e-02
5.042222e+03	7.199593e-02	5.198113e-04	7.290828e-02	2.436294e-02
5.042887e+03	7.025730e-02	5.186428e-04	7.123861e-02	2.436119e-02
5.043552e+03	7.026458e-02	5.225702e-04	7.114019e-02	2.435943e-02
5.044217e+03	7.170497e-02	5.267310e-04	7.225878e-02	2.435766e-02
5.044882e+03	7.276176e-02	5.290078e-04	7.344500e-02	2.435590e-02
5.045547e+03	7.432314e-02	5.341565e-04	7.510013e-02	2.435414e-02
5.046212e+03	7.328279e-02	5.391069e-04	7.445615e-02	2.435237e-02
5.046877e+03	6.918286e-02	5.437023e-04	7.102015e-02	2.435060e-02
5.047542e+03	6.733662e-02	5.447825e-04	6.879726e-02	2.434883e-02
5.048207e+03	6.963225e-02	5.500204e-04	7.062433e-02	2.434706e-02
5.048872e+03	7.414629e-02	5.476910e-04	7.503465e-02	2.434529e-02
5.049537e+03	7.727559e-02	5.559708e-04	7.813135e-02	2.434352e-02
5.050202e+03	7.625010e-02	5.437424e-04	7.749591e-02	2.434175e-02
5.050867e+03	7.483464e-02	5.438012e-04	7.574123e-02	2.433997e-02
5.051532e+03	7.675290e-02	5.486718e-04	7.738291e-02	2.433819e-02
5.052197e+03	7.835249e-02	5.518499e-04	7.818250e-02	2.433641e-02
5.052862e+03	7.377166e-02	5.461514e-04	7.393808e-02	2.433463e-02
5.053527e+03	7.122696e-02	5.454071e-04	7.089749e-02	2.433285e-02
5.054192e+03	7.102876e-02	5.352050e-04	7.031630e-02	2.433107e-02
5.054857e+03	6.777077e-02	5.331260e-04	6.877205e-02	2.432929e-02
5.055522e+03	nan	nan	6.944869e-02	2.432750e-02
5.056187e+03	7.228616e-02	5.385024e-04	7.321278e-02	2.432571e-02
5.056852e+03	7.557687e-02	5.483327e-04	7.670824e-02	2.432393e-02
5.057517e+03	7.582932e-02	5.444740e-04	7.651639e-02	2.432214e-02
5.058182e+03	7.356631e-02	5.408374e-04	7.398714e-02	2.432035e-02
5.058847e+03	6.978756e-02	5.336663e-04	7.081580e-02	2.431855e-02
5.059512e+03	nan	nan	6.942373e-02	2.431676e-02
5.060177e+03	7.058564e-02	5.300483e-04	7.136599e-02	2.431496e-02
5.060842e+03	7.322876e-02	5.347880e-04	7.363383e-02	2.431317e-02
5.061507e+03	7.241717e-02	5.349148e-04	7.285189e-02	2.431137e-02
5.062172e+03	7.052158e-02	5.336125e-04	7.027626e-02	2.430957e-02
5.062837e+03	6.928482e-02	5.308618e-04	6.965564e-02	2.430777e-02
5.063502e+03	7.075346e-02	5.361580e-04	7.175187e-02	2.430597e-02
5.064167e+03	nan	nan	7.247966e-02	2.430416e-02
5.064832e+03	7.072483e-02	5.475716e-04	7.174710e-02	2.430236e-02
5.065497e+03	7.079430e-02	5.481366e-04	7.107403e-02	2.430055e-02
5.066162e+03	6.870665e-02	5.211889e-04	6.929455e-02	2.429874e-02
5.066827e+03	6.791823e-02	5.220704e-04	6.833670e-02	2.429693e-02
5.067492e+03	6.859464e-02	5.186227e-04	6.953636e-02	2.429512e-02
5.068157e+03	7.193874e-02	5.235215e-04	7.332165e-02	2.429331e-02
5.068822e+03	7.430276e-02	5.292499e-04	7.576545e-02	2.429150e-02
5.069487e+03	7.254495e-02	5.257086e-04	7.505043e-02	2.428968e-02
5.070152e+03	7.175168e-02	5.192239e-04	7.316145e-02	2.428787e-02
5.070817e+03	7.006850e-02	5.135597e-04	7.069893e-02	2.428605e-02
5.071482e+03	7.128670e-02	5.167907e-04	7.138827e-02	2.428423e-02
5.072147e+03	7.414041e-02	5.187679e-04	7.405974e-02	2.428241e-02
5.072812e+03	7.310956e-02	5.167569e-04	7.379722e-02	2.428059e-02
5.073477e+03	7.217584e-02	5.137495e-04	7.323872e-02	2.427877e-02
5.074142e+03	7.387920e-02	5.145487e-04	7.441769e-02	2.427694e-02
5.074807e+03	7.248252e-02	5.122039e-04	7.329985e-02	2.427512e-02
5.075472e+03	6.940384e-02	5.074893e-04	7.024943e-02	2.427329e-02
5.076137e+03	6.986314e-02	5.084124e-04	7.039764e-02	2.427146e-02
5.076802e+03	7.081975e-02	5.081309e-04	7.122794e-02	2.426963e-02
5.077467e+03	6.876097e-02	5.060594e-04	6.946916e-02	2.426780e-02
5.078132e+03	6.795664e-02	5.018533e-04	6.865862e-02	2.426597e-02
5.078797e+03	6.842900e-02	5.073834e-04	6.870215e-02	2.426413e-02
5.079462e+03	6.740145e-02	5.001991e-04	6.785872e-02	2.426230e-02
5.080127e+03	6.893373e-02	5.015232e-04	6.926186e-02	2.426046e-02
5.080792e+03	7.119941e-02	5.051852e-04	7.177335e-02	2.425862e-02
5.081457e+03	7.252283e-02	5.047594e-04	7.369002e-02	2.425679e-02
5.082122e+03	7.133568e-02	5.022351e-04	7.233932e-02	2.425494e-02
5.082787e+03	6.739350e-02	4.977207e-04	6.803965e-02	2.425310e-02
5.083452e+03	6.708691e-02	4.946300e-04	6.786244e-02	2.425126e-02
5.084117e+03	7.069086e-02	4.999583e-04	7.121895e-02	2.424941e-02
5.084782e+03	7.345702e-02	5.055630e-04	7.352201e-02	2.424757e-02
5.085447e+03	7.212050e-02	5.088160e-04	7.215641e-02	2.424572e-02
5.086112e+03	6.984131e-02	5.016518e-04	6.979677e-02	2.424387e-02
5.086777e+03	7.112602e-02	5.035447e-04	6.987295e-02	2.424202e-02
5.087442e+03	7.224339e-02	5.050322e-04	7.069915e-02	2.424017e-02
5.088107e+03	7.236382e-02	5.093557e-04	7.142282e-02	2.423832e-02
5.088772e+03	7.180363e-02	5.048475e-04	7.183270e-02	2.423646e-02
5.089437e+03	7.255290e-02	5.062464e-04	7.313914e-02	2.423461e-02
5.090102e+03	7.461459e-02	5.103125e-04	7.512337e-02	2.423275e-02
5.090767e+03	7.356817e-02	5.076610e-04	7.377177e-02	2.423089e-02
5.091432e+03	7.139595e-02	5.098648e-04	7.147151e-02	2.422904e-02
5.092097e+03	6.819874e-02	5.097864e-04	6.852568e-02	2.422717e-02
5.092762e+03	6.546878e-02	5.771439e-04	6.664535e-02	2.422531e-02
5.093427e+03	6.892006e-02	1.447212e-03	6.856748e-02	2.422345e-02
5.094092e+03	6.908538e-02	5.405270e-04	6.917999e-02	2.422158e-02
5.094757e+03	6.825213e-02	5.433066e-04	6.816099e-02	2.421972e-02
5.095422e+03	6.870283e-02	5.390611e-04	6.884309e-02	2.421785e-02
5.096087e+03	7.098542e-02	5.154417e-04	7.125809e-02	2.421598e-02
5.096752e+03	7.438820e-02	5.218728e-04	7.460753e-02	2.421411e-02
5.097417e+03	7.505693e-02	5.277135e-04	7.531419e-02	2.421224e-02
5.098082e+03	7.237748e-02	5.290583e-04	7.251444e-02	2.421037e-02
5.098747e+03	6.977694e-02	5.221273e-04	7.040766e-02	2.420849e-02
5.099412e+03	7.136480e-02	5.341541e-04	7.189112e-02	2.420662e-02
5.100077e+03	7.341771e-02	5.619747e-04	7.348209e-02	2.420474e-02
5.100742e+03	7.278578e-02	5.501203e-04	7.284979e-02	2.420286e-02
5.101407e+03	7.437460e-02	5.519255e-04	7.477167e-02	2.420098e-02
5.102072e+03	7.706505e-02	5.536268e-04	7.758321e-02	2.419910e-02
5.102737e+03	7.480376e-02	5.526325e-04	7.588312e-02	2.419722e-02
5.103402e+03	7.095607e-02	5.427431e-04	7.221502e-02	2.419534e-02
5.104067e+03	7.023075e-02	5.943547e-04	6.979320e-02	2.419345e-02
5.104732e+03	6.874775e-02	5.879919e-04	6.833317e-02	2.419157e-02
5.105397e+03	6.719760e-02	5.859646e-04	6.679071e-02	2.418968e-02
5.106062e+03	6.705631e-02	5.299767e-04	6.765567e-02	2.418779e-02
5.106727e+03	6.984645e-02	5.327816e-04	7.067250e-02	2.418590e-02
5.107392e+03	7.003327e-02	5.380144e-04	7.097425e-02	2.418401e-02
5.108057e+03	6.882974e-02	5.323181e-04	6.960034e-02	2.418212e-02
5.108722e+03	6.912477e-02	5.275670e-04	6.914317e-02	2.418023e-02
5.109387e+03	6.727713e-02	5.263389e-04	6.702630e-02	2.417833e-02
5.110052e+03	6.471745e-02	5.197876e-04	6.436635e-02	2.417643e-02
5.110717e+03	6.409380e-02	5.202365e-04	6.399505e-02	2.417454e-02
5.111382e+03	6.736645e-02	5.249381e-04	6.722433e-02	2.417264e-02
5.112047e+03	7.028879e-02	5.347878e-04	7.023449e-02	2.417074e-02
5.112712e+03	7.163953e-02	5.407953e-04	7.134172e-02	2.416884e-02
5.113377e+03	7.219519e-02	5.457528e-04	7.204229e-02	2.416693e-02
5.114042e+03	7.015195e-02	5.338176e-04	7.061343e-02	2.416503e-02
5.114707e+03	6.720659e-02	1.126983e-03	6.787593e-02	2.416312e-02
5.115372e+03	6.878439e-02	1.107780e-03	6.939138e-02	2.416122e-02
5.116037e+03	7.269400e-02	1.146586e-03	7.278998e-02	2.415931e-02
5.116702e+03	7.308049e-02	5.473895e-04	7.377366e-02	2.415740e-02
5.117367e+03	7.172305e-02	5.395973e-04	7.301336e-02	2.415549e-02
5.118032e+03	6.990726e-02	5.360924e-04	7.066827e-02	2.415358e-02
5.118697e+03	6.796134e-02	5.304326e-04	6.786447e-02	2.415166e-02
5.119362e+03	6.729654e-02	5.279978e-04	6.758130e-02	2.414975e-02
5.120027e+03	6.915915e-02	5.334932e-04	6.856584e-02	2.414783e-02
5.120692e+03	nan	nan	6.897477e-02	2.414592e-02
5.121357e+03	7.010005e-02	5.371816e-04	6.972367e-02	2.414400e-02
5.122022e+03	6.949745e-02	5.345814e-04	7.020752e-02	2.414208e-02
5.122687e+03	7.197936e-02	5.411178e-04	7.264095e-02	2.414016e-02
5.123352e+03	7.408993e-02	5.446948e-04	7.486213e-02	2.413824e-02
5.124017e+03	7.274123e-02	5.385132e-04	7.303859e-02	2.413631e-02
5.124682e+03	6.892023e-02	5.278844e-04	6.960796e-02	2.413439e-02
5.125347e+03	6.975435e-02	5.345359e-04	7.014738e-02	2.413246e-02
5.126012e+03	7.274595e-02	5.452841e-04	7.307048e-02	2.413053e-02
5.126677e+03	7.348136e-02	5.452437e-04	7.424719e-02	2.412861e-02
5.127342e+03	7.095514e-02	5.403968e-04	7.139696e-02	2.412668e-02
5.128007e+03	6.719694e-02	5.310076e-04	6.742208e-02	2.412475e-02
5.128672e+03	6.630959e-02	5.258081e-04	6.712537e-02	2.412281e-02
5.129337e+03	6.880038e-02	5.342172e-04	6.940197e-02	2.412088e-02
5.130002e+03	6.880915e-02	5.306031e-04	6.947059e-02	2.411894e-02
5.130667e+03	6.699156e-02	5.375093e-04	6.760230e-02	2.411701e-02
5.131332e+03	6.616138e-02	5.377908e-04	6.622892e-02	2.411507e-02
5.131997e+03	6.591261e-02	5.290276e-04	6.582408e-02	2.411313e-02
5.132662e+03	6.532875e-02	5.251045e-04	6.578858e-02	2.411119e-02
5.133327e+03	6.776573e-02	5.327266e-04	6.776631e-02	2.410925e-02
5.133992e+03	7.082179e-02	5.351513e-04	7.033242e-02	2.410731e-02
5.134657e+03	7.137215e-02	5.363538e-04	7.110851e-02	2.410537e-02
5.135322e+03	7.030144e-02	5.297496e-04	7.059160e-02	2.410342e-02
5.135987e+03	7.125315e-02	5.276717e-04	7.131607e-02	2.410147e-02
5.136652e+03	7.103564e-02	5.316103e-04	7.100861e-02	2.409953e-02
5.137317e+03	nan	nan	6.919159e-02	2.409758e-02
5.137982e+03	6.922835e-02	5.304886e-04	6.987297e-02	2.409563e-02
5.138647e+03	7.258730e-02	5.440399e-04	7.198901e-02	2.409368e-02
5.139312e+03	7.071388e-02	5.449844e-04	7.015050e-02	2.409172e-02
5.139977e+03	6.703964e-02	5.363439e-04	6.729194e-02	2.408977e-02
5.140642e+03	6.859949e-02	5.368569e-04	6.894886e-02	2.408782e-02
5.141307e+03	7.089403e-02	5.402304e-04	7.077605e-02	2.408586e-02
5.141972e+03	6.913022e-02	5.301560e-04	6.924530e-02	2.408390e-02
5.142637e+03	6.848190e-02	5.333414e-04	6.854871e-02	2.408194e-02
5.143302e+03	6.962817e-02	5.345376e-04	6.865049e-02	2.407998e-02
5.143967e+03	6.733184e-02	5.303779e-04	6.678851e-02	2.407802e-02
5.144632e+03	6.502786e-02	5.390736e-04	6.470548e-02	2.407606e-02
5.145297e+03	6.429899e-02	5.264610e-04	6.393775e-02	2.407410e-02
5.145962e+03	6.429261e-02	5.246086e-04	6.421722e-02	2.407213e-02
5.146627e+03	6.519190e-02	5.285950e-04	6.522402e-02	2.407017e-02
5.147292e+03	6.637314e-02	5.332886e-04	6.574896e-02	2.406820e-02
5.147957e+03	6.558610e-02	5.583102e-04	6.505420e-02	2.406623e-02
5.148622e+03	6.746740e-02	5.312339e-04	6.721298e-02	2.406426e-02
5.149287e+03	6.922281e-02	5.360546e-04	6.865611e-02	2.406229e-02
5.149952e+03	6.832281e-02	5.291061e-04	6.816830e-02	2.406032e-02
5.150617e+03	6.975817e-02	5.294181e-04	6.912957e-02	2.405834e-02
5.151282e+03	7.104681e-02	5.329429e-04	7.090818e-02	2.405637e-02
5.151947e+03	7.214314e-02	5.387058e-04	7.243050e-02	2.405439e-02
5.152612e+03	7.312841e-02	5.803070e-04	7.325198e-02	2.405241e-02
5.153277e+03	7.293413e-02	5.420710e-04	7.350583e-02	2.405044e-02
5.153942e+03	7.310510e-02	5.348109e-04	7.347325e-02	2.404846e-02
5.154607e+03	7.390038e-02	5.355813e-04	7.436737e-02	2.404647e-02
5.155272e+03	7.304039e-02	5.366678e-04	7.327305e-02	2.404449e-02
5.155937e+03	7.017558e-02	5.272885e-04	7.019035e-02	2.404251e-02
5.156602e+03	6.904616e-02	5.264177e-04	6.897482e-02	2.404052e-02
5.157267e+03	7.031424e-02	5.268464e-04	6.998632e-02	2.403854e-02
5.157932e+03	6.927789e-02	5.287219e-04	6.860878e-02	2.403655e-02
5.158597e+03	6.657029e-02	5.201597e-04	6.634459e-02	2.403456e-02
5.159262e+03	6.714562e-02	5.202535e-04	6.651805e-02	2.403257e-02
5.159927e+03	6.640718e-02	5.229021e-04	6.540487e-02	2.403058e-02
5.160592e+03	6.615557e-02	5.180622e-04	6.504688e-02	2.402859e-02
5.161257e+03	6.721147e-02	5.188735e-04	6.613428e-02	2.402660e-02
5.161922e+03	6.652413e-02	5.175504e-04	6.625323e-02	2.402460e-02
5.162587e+03	6.741322e-02	5.166443e-04	6.704479e-02	2.402261e-02
5.163252e+03	6.973423e-02	5.241565e-04	6.843218e-02	2.402061e-02
5.163917e+03	7.074998e-02	5.263175e-04	6.952646e-02	2.401861e-02
5.164582e+03	6.964835e-02	5.247481e-04	6.891364e-02	2.401661e-02
5.165247e+03	6.913291e-02	5.213209e-04	6.848850e-02	2.401461e-02
5.165912e+03	6.945249e-02	5.173209e-04	6.932995e-02	2.401261e-02
5.166577e+03	6.909270e-02	5.166387e-04	6.882779e-02	2.401061e-02
5.167242e+03	6.757083e-02	5.163837e-04	6.696460e-02	2.400861e-02
5.167907e+03	6.666272e-02	5.148637e-04	6.587114e-02	2.400660e-02
5.168572e+03	6.572861e-02	5.100564e-04	6.558785e-02	2.400459e-02
5.169237e+03	6.632806e-02	5.628131e-04	6.559869e-02	2.400259e-02
5.169902e+03	6.734042e-02	5.772397e-04	6.705919e-02	2.400058e-02
5.170567e+03	nan	nan	6.994357e-02	2.399857e-02
5.171232e+03	7.046493e-02	5.253456e-04	7.022884e-02	2.399656e-02
5.171897e+03	6.789837e-02	5.103224e-04	6.806095e-02	2.399454e-02
5.172562e+03	6.714501e-02	5.095243e-04	6.723792e-02	2.399253e-02
5.173227e+03	6.706656e-02	5.067835e-04	6.682600e-02	2.399052e-02
5.173892e+03	6.674488e-02	5.102201e-04	6.616940e-02	2.398850e-02
5.174557e+03	6.731680e-02	5.126414e-04	6.679705e-02	2.398648e-02
5.175222e+03	6.837957e-02	5.121567e-04	6.765476e-02	2.398446e-02
5.175887e+03	6.805675e-02	5.087740e-04	6.727508e-02	2.398245e-02
5.176552e+03	6.829361e-02	5.135853e-04	6.748266e-02	2.398042e-02
5.177217e+03	6.920238e-02	5.140610e-04	6.853707e-02	2.397840e-02
5.177882e+03	7.035136e-02	5.160160e-04	6.982242e-02	2.397638e-02
5.178547e+03	7.082472e-02	5.176626e-04	7.048355e-02	2.397436e-02
5.179212e+03	nan	nan	6.896553e-02	2.397233e-02
5.179877e+03	6.735295e-02	5.108630e-04	6.669084e-02	2.397030e-02
5.180542e+03	6.710757e-02	5.141123e-04	6.650553e-02	2.396828e-02
5.181207e+03	6.738426e-02	5.145489e-04	6.687361e-02	2.396625e-02
5.181872e+03	6.661537e-02	5.153845e-04	6.674293e-02	2.396422e-02
5.182537e+03	6.916776e-02	5.148282e-04	6.928312e-02	2.396219e-02
5.183202e+03	7.173563e-02	5.191587e-04	7.187311e-02	2.396015e-02
5.183867e+03	7.139076e-02	5.246335e-04	7.136602e-02	2.395812e-02
5.184532e+03	6.910650e-02	5.234849e-04	6.849776e-02	2.395608e-02
5.185197e+03	6.587097e-02	5.198452e-04	6.499310e-02	2.395405e-02
5.185862e+03	6.590277e-02	5.237980e-04	6.567737e-02	2.395201e-02
5.186527e+03	6.755131e-02	5.289176e-04	6.729848e-02	2.394997e-02
5.187192e+03	6.676550e-02	5.205362e-04	6.665330e-02	2.394793e-02
5.187857e+03	6.742949e-02	5.280582e-04	6.699063e-02	2.394589e-02
5.188522e+03	6.758403e-02	5.276097e-04	6.733108e-02	2.394385e-02
5.189187e+03	6.927705e-02	5.805040e-04	6.887202e-02	2.394181e-02
5.189852e+03	7.106081e-02	5.276529e-04	7.101160e-02	2.393976e-02
5.190517e+03	7.053794e-02	5.195218e-04	7.044541e-02	2.393772e-02
5.191182e+03	6.948956e-02	5.183884e-04	6.948731e-02	2.393567e-02
5.191847e+03	6.949683e-02	5.210268e-04	6.937355e-02	2.393362e-02
5.192512e+03	6.830071e-02	5.354074e-04	6.832073e-02	2.393157e-02
5.193177e+03	6.732618e-02	5.186028e-04	6.749867e-02	2.392952e-02
5.193842e+03	6.748620e-02	5.193185e-04	6.771649e-02	2.392747e-02
5.194507e+03	6.704160e-02	5.171074e-04	6.639735e-02	2.392542e-02
5.195172e+03	6.511380e-02	5.148036e-04	6.482658e-02	2.392337e-02
5.195837e+03	6.622673e-02	5.224311e-04	6.565101e-02	2.392131e-02
5.196502e+03	6.589560e-02	5.186431e-04	6.574251e-02	2.391926e-02
5.197167e+03	6.609833e-02	5.163595e-04	6.647883e-02	2.391720e-02
5.197832e+03	6.770483e-02	5.264667e-04	6.712973e-02	2.391514e-02
5.198497e+03	nan	nan	6.502801e-02	2.391308e-02
5.199162e+03	nan	nan	6.339684e-02	2.391102e-02
5.199827e+03	nan	nan	6.364682e-02	2.390896e-02
5.200492e+03	6.522367e-02	5.244770e-04	6.611995e-02	2.390690e-02
5.201157e+03	6.600813e-02	5.289738e-04	6.671706e-02	2.390483e-02
5.201822e+03	6.311578e-02	5.266917e-04	6.360966e-02	2.390277e-02
5.202487e+03	6.230089e-02	5.218053e-04	6.266971e-02	2.390070e-02
5.203152e+03	6.504537e-02	5.293001e-04	6.523532e-02	2.389864e-02
5.203817e+03	6.750790e-02	5.338579e-04	6.801418e-02	2.389657e-02
5.204482e+03	6.812145e-02	5.385147e-04	6.857198e-02	2.389450e-02
5.205147e+03	6.799951e-02	5.778670e-04	6.832617e-02	2.389243e-02
5.205812e+03	6.809166e-02	5.382408e-04	6.768106e-02	2.389036e-02
5.206477e+03	6.801490e-02	5.394672e-04	6.778035e-02	2.388828e-02
5.207142e+03	6.939821e-02	5.348143e-04	6.990266e-02	2.388621e-02
5.207807e+03	6.927392e-02	5.358941e-04	7.026701e-02	2.388413e-02
5.208472e+03	6.844996e-02	5.316657e-04	6.933775e-02	2.388206e-02
5.209137e+03	6.943606e-02	5.401699e-04	6.911684e-02	2.387998e-02
5.209802e+03	6.832163e-02	5.471206e-04	6.756757e-02	2.387790e-02
5.210467e+03	nan	nan	6.543837e-02	2.387582e-02
5.211132e+03	6.459781e-02	5.349266e-04	6.446678e-02	2.387374e-02
5.211797e+03	6.473689e-02	5.320539e-04	6.509450e-02	2.387166e-02
5.212462e+03	6.683266e-02	5.495902e-04	6.614892e-02	2.386957e-02
5.213127e+03	6.561394e-02	5.294371e-04	6.498140e-02	2.386749e-02
5.213792e+03	6.327720e-02	5.247831e-04	6.342172e-02	2.386540e-02
5.214457e+03	6.524880e-02	5.278406e-04	6.522135e-02	2.386332e-02
5.215122e+03	6.724942e-02	5.291254e-04	6.801091e-02	2.386123e-02
5.215787e+03	6.970446e-02	5.329120e-04	7.043708e-02	2.385914e-02
5.216452e+03	7.048456e-02	5.376868e-04	7.042524e-02	2.385705e-02
5.217117e+03	6.664107e-02	5.350574e-04	6.657063e-02	2.385496e-02
5.217782e+03	6.504762e-02	5.297647e-04	6.497786e-02	2.385287e-02
5.218447e+03	6.827932e-02	5.370511e-04	6.767880e-02	2.385078e-02
5.219112e+03	nan	nan	6.811295e-02	2.384868e-02
5.219777e+03	6.695385e-02	5.404667e-04	6.738864e-02	2.384659e-02
5.220442e+03	6.777641e-02	5.475481e-04	6.747277e-02	2.384449e-02
5.221107e+03	6.626203e-02	6.178132e-04	6.490233e-02	2.384239e-02
5.221772e+03	6.696983e-02	7.852529e-04	6.463560e-02	2.384029e-02
5.222437e+03	6.962550e-02	1.120326e-03	6.673692e-02	2.383819e-02
5.223102e+03	6.586894e-02	1.611551e-03	6.556441e-02	2.383609e-02
5.223767e+03	6.385536e-02	2.174086e-03	6.498372e-02	2.383399e-02
5.224432e+03	6.801571e-02	2.623192e-03	6.641918e-02	2.383189e-02
5.225097e+03	6.987146e-02	2.794641e-03	6.632987e-02	2.382978e-02
5.225762e+03	6.755354e-02	2.619642e-03	6.468320e-02	2.382768e-02
5.226427e+03	6.626413e-02	2.167422e-03	6.532915e-02	2.382557e-02
5.227092e+03	6.705446e-02	1.599332e-03	6.669796e-02	2.382346e-02
5.227757e+03	6.587111e-02	1.084323e-03	6.577497e-02	2.382135e-02
5.228422e+03	6.628080e-02	7.437540e-04	6.646121e-02	2.381924e-02
5.229087e+03	6.840664e-02	5.945872e-04	6.864697e-02	2.381713e-02
5.229752e+03	6.771270e-02	5.471670e-04	6.803531e-02	2.381502e-02
5.230417e+03	6.795304e-02	5.408724e-04	6.765850e-02	2.381291e-02
5.231082e+03	6.818908e-02	5.390272e-04	6.780961e-02	2.381079e-02
5.231747e+03	6.672279e-02	5.334476e-04	6.600582e-02	2.380868e-02
5.232412e+03	6.557600e-02	5.276361e-04	6.486031e-02	2.380656e-02
5.233077e+03	6.718137e-02	5.288564e-04	6.704791e-02	2.380444e-02
5.233742e+03	6.972582e-02	5.386121e-04	6.894198e-02	2.380232e-02
5.234407e+03	6.875979e-02	5.382805e-04	6.809479e-02	2.380021e-02
5.235072e+03	6.781256e-02	5.308192e-04	6.686618e-02	2.379808e-02
5.235737e+03	6.616282e-02	5.670587e-04	6.570788e-02	2.379596e-02
5.236402e+03	6.723482e-02	5.705223e-04	6.638411e-02	2.379384e-02
5.237067e+03	6.960983e-02	5.349377e-04	6.791446e-02	2.379172e-02
5.237732e+03	6.894081e-02	5.299443e-04	6.728252e-02	2.378959e-02
5.238397e+03	6.737792e-02	5.286918e-04	6.612978e-02	2.378746e-02
5.239062e+03	6.627027e-02	5.407299e-04	6.455518e-02	2.378534e-02
5.239727e+03	6.365368e-02	5.167051e-04	6.221789e-02	2.378321e-02
5.240392e+03	6.227374e-02	5.147484e-04	6.100027e-02	2.378108e-02
5.241057e+03	6.155935e-02	5.229370e-04	6.058761e-02	2.377895e-02
5.241722e+03	6.196656e-02	5.197399e-04	6.102482e-02	2.377682e-02
5.242387e+03	6.294447e-02	5.216089e-04	6.194855e-02	2.377468e-02
5.243052e+03	6.471204e-02	5.253781e-04	6.375912e-02	2.377255e-02
5.243717e+03	6.683742e-02	5.277831e-04	6.570443e-02	2.377041e-02
5.244382e+03	6.667125e-02	5.277251e-04	6.556817e-02	2.376828e-02
5.245047e+03	6.430140e-02	5.207517e-04	6.303984e-02	2.376614e-02
5.245712e+03	6.393783e-02	5.195979e-04	6.258519e-02	2.376400e-02
5.246377e+03	6.699135e-02	5.261117e-04	6.571003e-02	2.376186e-02
5.247042e+03	6.818143e-02	5.261442e-04	6.698078e-02	2.375972e-02
5.247707e+03	6.715096e-02	5.245266e-04	6.660642e-02	2.375758e-02
5.248372e+03	6.734626e-02	5.269406e-04	6.651534e-02	2.375544e-02
5.249037e+03	6.783966e-02	5.283019e-04	6.675117e-02	2.375330e-02
5.249702e+03	6.984591e-02	5.336066e-04	6.872853e-02	2.375115e-02
5.250367e+03	6.934622e-02	5.258944e-04	6.848371e-02	2.374901e-02
5.251032e+03	6.757685e-02	5.172154e-04	6.606200e-02	2.374686e-02
5.251697e+03	6.625292e-02	5.167774e-04	6.455979e-02	2.374471e-02
5.252362e+03	6.622155e-02	5.133524e-04	6.445734e-02	2.374256e-02
5.253027e+03	6.594655e-02	5.126663e-04	6.413190e-02	2.374041e-02
5.253692e+03	6.456015e-02	5.147634e-04	6.273713e-02	2.373826e-02
5.254357e+03	6.465221e-02	5.097439e-04	6.314430e-02	2.373611e-02
5.255022e+03	6.682965e-02	5.151559e-04	6.562987e-02	2.373396e-02
5.255687e+03	6.800329e-02	5.234457e-04	6.677208e-02	2.373180e-02
5.256352e+03	6.670476e-02	5.152662e-04	6.471991e-02	2.372965e-02
5.257017e+03	6.512000e-02	5.194606e-04	6.302474e-02	2.372749e-02
5.257682e+03	6.520340e-02	5.191989e-04	6.340844e-02	2.372533e-02
5.258347e+03	6.599629e-02	5.183220e-04	6.484531e-02	2.372318e-02
5.259012e+03	6.851145e-02	5.225117e-04	6.703563e-02	2.372102e-02
5.259677e+03	6.964533e-02	5.265629e-04	6.782085e-02	2.371886e-02
5.260342e+03	6.908814e-02	5.236335e-04	6.746943e-02	2.371669e-02
5.261007e+03	6.883616e-02	5.235083e-04	6.728508e-02	2.371453e-02
5.261672e+03	6.809761e-02	5.250655e-04	6.617041e-02	2.371237e-02
5.262337e+03	6.639988e-02	5.297788e-04	6.503431e-02	2.371020e-02
5.263002e+03	6.823647e-02	5.258515e-04	6.744575e-02	2.370804e-02
5.263667e+03	7.087367e-02	5.342599e-04	6.990700e-02	2.370587e-02
5.264332e+03	nan	nan	6.898946e-02	2.370370e-02
5.264997e+03	nan	nan	6.749017e-02	2.370154e-02
5.265662e+03	nan	nan	6.773964e-02	2.369937e-02
5.266327e+03	nan	nan	6.608321e-02	2.369719e-02
5.266992e+03	nan	nan	6.278271e-02	2.369502e-02
5.267657e+03	nan	nan	6.232244e-02	2.369285e-02
5.268322e+03	nan	nan	6.347908e-02	2.369068e-02
5.268987e+03	nan	nan	6.294294e-02	2.368850e-02
5.269652e+03	nan	nan	6.152321e-02	2.368632e-02
5.270317e+03	nan	nan	6.114591e-02	2.368415e-02
