# # Spectral data for TWA28 G235H
# # Wavelength (nm), Flux (erg/s/cm2/nm), Flux Error (erg/s/cm2/nm), Best Fit Model (erg/s/cm2/nm), Blackbody Model (erg/s/cm2/nm)
# # Data extracted from retrieval outputs
# 
1.668118e+03	1.388590e+00	8.184282e-02	1.475223e+00	1.462518e-03
1.668514e+03	1.439207e+00	7.480398e-02	1.500621e+00	1.465370e-03
1.668910e+03	1.473475e+00	4.843159e-02	1.509998e+00	1.468226e-03
1.669306e+03	nan	nan	1.499722e+00	1.471086e-03
1.669702e+03	1.442745e+00	1.432948e-02	1.493021e+00	1.473949e-03
1.670098e+03	1.433931e+00	1.327727e-02	1.494857e+00	1.476816e-03
1.670494e+03	1.468609e+00	1.341762e-02	1.494872e+00	1.479687e-03
1.670890e+03	1.497779e+00	1.376619e-02	1.488263e+00	1.482561e-03
1.671286e+03	nan	nan	1.482477e+00	1.485440e-03
1.671682e+03	1.489567e+00	1.477627e-02	1.482938e+00	1.488322e-03
1.672078e+03	1.458177e+00	1.554259e-02	1.477291e+00	1.491208e-03
1.672474e+03	1.440069e+00	1.567383e-02	1.471870e+00	1.494098e-03
1.672870e+03	1.441678e+00	1.604046e-02	1.480940e+00	1.496992e-03
1.673266e+03	1.454289e+00	1.628285e-02	1.495383e+00	1.499889e-03
1.673662e+03	1.478043e+00	1.684742e-02	1.508151e+00	1.502791e-03
1.674058e+03	1.470967e+00	1.744539e-02	1.509415e+00	1.505696e-03
1.674454e+03	1.453678e+00	1.887379e-02	1.499648e+00	1.508605e-03
1.674850e+03	1.493301e+00	2.106879e-02	1.501494e+00	1.511518e-03
1.675246e+03	1.499178e+00	2.134801e-02	1.503162e+00	1.514434e-03
1.675642e+03	1.484958e+00	2.282242e-02	1.501736e+00	1.517355e-03
1.676038e+03	1.480018e+00	2.544215e-02	1.506493e+00	1.520279e-03
1.676434e+03	1.454851e+00	2.654688e-02	1.495059e+00	1.523207e-03
1.676830e+03	1.438711e+00	2.819371e-02	1.480562e+00	1.526139e-03
1.677226e+03	1.477410e+00	3.152892e-02	1.483550e+00	1.529074e-03
1.677622e+03	1.506525e+00	3.462646e-02	1.494888e+00	1.532014e-03
1.678018e+03	1.488649e+00	3.496647e-02	1.502984e+00	1.534957e-03
1.678414e+03	1.479812e+00	3.915761e-02	1.503401e+00	1.537905e-03
1.678810e+03	1.485608e+00	4.365696e-02	1.507618e+00	1.540856e-03
1.679206e+03	1.504995e+00	4.663656e-02	1.513194e+00	1.543811e-03
1.679602e+03	1.498303e+00	4.744165e-02	1.508631e+00	1.546769e-03
1.679998e+03	1.484175e+00	5.427032e-02	1.502860e+00	1.549732e-03
1.680394e+03	nan	nan	1.503472e+00	1.552698e-03
1.680790e+03	nan	nan	1.507152e+00	1.555669e-03
1.681186e+03	nan	nan	1.508004e+00	1.558643e-03
1.681582e+03	nan	nan	1.509702e+00	1.561621e-03
1.681978e+03	nan	nan	1.509085e+00	1.564602e-03
1.682374e+03	nan	nan	1.497179e+00	1.567588e-03
1.682770e+03	nan	nan	1.489638e+00	1.570578e-03
1.683166e+03	1.502460e+00	4.850368e-02	1.499388e+00	1.573571e-03
1.683562e+03	1.516817e+00	3.510302e-02	1.505437e+00	1.576568e-03
1.683958e+03	1.511502e+00	2.392037e-02	1.494383e+00	1.579569e-03
1.684354e+03	nan	nan	1.479955e+00	1.582574e-03
1.684750e+03	1.430872e+00	1.950878e-02	1.481820e+00	1.585583e-03
1.685146e+03	1.438323e+00	1.817897e-02	1.492836e+00	1.588596e-03
1.685542e+03	1.463245e+00	1.786408e-02	1.496935e+00	1.591612e-03
1.685938e+03	1.488169e+00	1.710212e-02	1.494146e+00	1.594632e-03
1.686334e+03	1.484744e+00	1.715565e-02	1.483878e+00	1.597657e-03
1.686730e+03	1.425364e+00	1.583856e-02	1.463052e+00	1.600685e-03
1.687126e+03	1.411848e+00	1.560449e-02	1.454040e+00	1.603717e-03
1.687522e+03	1.437312e+00	1.570010e-02	1.465652e+00	1.606753e-03
1.687918e+03	1.436276e+00	1.558048e-02	1.470079e+00	1.609792e-03
1.688314e+03	1.409589e+00	1.515571e-02	1.459055e+00	1.612836e-03
1.688710e+03	1.399380e+00	1.451571e-02	1.447471e+00	1.615884e-03
1.689106e+03	1.384836e+00	1.383314e-02	1.440621e+00	1.618935e-03
1.689502e+03	1.385404e+00	1.324776e-02	1.442724e+00	1.621990e-03
1.689898e+03	1.429911e+00	1.320789e-02	1.464514e+00	1.625049e-03
1.690294e+03	1.470592e+00	1.325004e-02	1.486418e+00	1.628112e-03
1.690690e+03	1.483540e+00	1.296225e-02	1.486680e+00	1.631179e-03
1.691086e+03	1.484350e+00	1.284173e-02	1.481198e+00	1.634250e-03
1.691482e+03	1.497625e+00	1.288770e-02	1.479610e+00	1.637325e-03
1.691878e+03	1.465034e+00	1.281490e-02	1.455595e+00	1.640403e-03
1.692274e+03	nan	nan	1.424994e+00	1.643486e-03
1.692670e+03	nan	nan	1.429096e+00	1.646572e-03
1.693066e+03	1.474589e+00	2.697080e-02	1.457449e+00	1.649663e-03
1.693462e+03	1.466144e+00	4.880382e-02	1.478909e+00	1.652757e-03
1.693858e+03	1.408857e+00	6.220319e-02	1.482680e+00	1.655855e-03
1.694254e+03	nan	nan	1.465967e+00	1.658957e-03
1.694650e+03	1.398775e+00	2.683479e-02	1.449705e+00	1.662063e-03
1.695046e+03	1.423888e+00	1.438001e-02	1.444210e+00	1.665173e-03
1.695442e+03	1.424396e+00	1.270196e-02	1.443938e+00	1.668286e-03
1.695838e+03	1.430057e+00	1.260270e-02	1.448989e+00	1.671404e-03
1.696234e+03	nan	nan	1.453284e+00	1.674525e-03
1.696630e+03	1.422816e+00	1.584053e-02	1.448370e+00	1.677651e-03
1.697026e+03	1.382182e+00	1.384506e-02	1.438033e+00	1.680780e-03
1.697422e+03	1.367801e+00	1.348884e-02	1.425148e+00	1.683913e-03
1.697818e+03	1.391515e+00	1.298558e-02	1.417487e+00	1.687051e-03
1.698214e+03	1.426288e+00	1.297433e-02	1.432260e+00	1.690192e-03
1.698610e+03	1.434193e+00	1.312470e-02	1.447951e+00	1.693337e-03
1.699006e+03	1.432018e+00	1.323891e-02	1.441048e+00	1.696486e-03
1.699402e+03	1.417291e+00	1.363502e-02	1.418555e+00	1.699638e-03
1.699798e+03	1.411342e+00	1.701662e-02	1.408576e+00	1.702795e-03
1.700194e+03	1.411066e+00	3.596213e-02	1.420438e+00	1.705956e-03
1.700590e+03	1.377063e+00	7.087342e-02	1.426025e+00	1.709120e-03
1.700986e+03	1.326670e+00	9.911318e-02	1.419680e+00	1.712289e-03
1.701382e+03	1.342218e+00	9.797142e-02	1.431052e+00	1.715462e-03
1.701778e+03	1.402189e+00	6.880111e-02	1.454535e+00	1.718638e-03
1.702174e+03	1.434450e+00	3.476639e-02	1.456908e+00	1.721818e-03
1.702570e+03	1.427577e+00	1.673428e-02	1.435933e+00	1.725003e-03
1.702966e+03	1.422475e+00	1.366900e-02	1.424381e+00	1.728191e-03
1.703362e+03	1.415971e+00	1.375681e-02	1.420156e+00	1.731383e-03
1.703758e+03	1.385125e+00	1.400568e-02	1.405852e+00	1.734579e-03
1.704154e+03	1.358183e+00	1.398569e-02	1.399023e+00	1.737779e-03
1.704550e+03	1.378347e+00	1.427722e-02	1.406255e+00	1.740983e-03
1.704946e+03	1.389313e+00	1.519273e-02	1.406189e+00	1.744191e-03
1.705342e+03	1.360258e+00	1.702225e-02	1.391100e+00	1.747403e-03
1.705738e+03	1.372207e+00	1.812790e-02	1.393153e+00	1.750619e-03
1.706134e+03	1.406923e+00	1.846360e-02	1.406409e+00	1.753839e-03
1.706530e+03	1.385957e+00	2.168227e-02	1.397226e+00	1.757062e-03
1.706926e+03	1.364498e+00	2.150301e-02	1.387936e+00	1.760290e-03
1.707322e+03	1.335615e+00	1.695837e-02	1.389093e+00	1.763522e-03
1.707718e+03	1.337904e+00	1.624709e-02	1.386262e+00	1.766757e-03
1.708114e+03	1.333348e+00	1.692888e-02	1.367306e+00	1.769997e-03
1.708510e+03	1.296532e+00	1.718207e-02	1.343742e+00	1.773240e-03
1.708906e+03	1.323990e+00	1.753101e-02	1.357807e+00	1.776488e-03
1.709302e+03	1.377906e+00	1.778303e-02	1.390507e+00	1.779739e-03
1.709698e+03	1.398612e+00	1.681786e-02	1.412092e+00	1.782994e-03
1.710094e+03	1.411632e+00	1.606070e-02	1.410234e+00	1.786254e-03
1.710490e+03	1.415277e+00	1.591804e-02	1.373360e+00	1.789517e-03
1.710886e+03	1.335704e+00	1.527813e-02	1.325079e+00	1.792784e-03
1.711282e+03	1.319278e+00	1.482310e-02	1.308955e+00	1.796056e-03
1.711678e+03	1.327053e+00	1.418876e-02	1.317921e+00	1.799331e-03
1.712074e+03	1.319858e+00	1.367185e-02	1.333731e+00	1.802610e-03
1.712470e+03	1.340376e+00	1.369743e-02	1.353332e+00	1.805893e-03
1.712866e+03	1.378077e+00	1.380441e-02	1.367586e+00	1.809180e-03
1.713262e+03	1.387073e+00	1.377097e-02	1.364950e+00	1.812471e-03
1.713658e+03	1.361054e+00	1.286529e-02	1.338483e+00	1.815766e-03
1.714054e+03	1.302851e+00	1.215233e-02	1.298027e+00	1.819065e-03
1.714450e+03	1.259079e+00	1.180932e-02	1.274168e+00	1.822369e-03
1.714846e+03	1.283215e+00	1.189505e-02	1.284339e+00	1.825676e-03
1.715242e+03	1.353892e+00	1.199200e-02	1.315655e+00	1.828987e-03
1.715638e+03	1.333084e+00	1.174191e-02	1.329002e+00	1.832302e-03
1.716034e+03	1.284790e+00	2.000726e-02	1.323882e+00	1.835621e-03
1.716430e+03	nan	nan	1.331042e+00	1.838943e-03
1.716826e+03	nan	nan	1.323511e+00	1.842270e-03
1.717222e+03	nan	nan	1.301010e+00	1.845601e-03
1.717618e+03	nan	nan	1.287929e+00	1.848936e-03
1.718014e+03	nan	nan	1.279317e+00	1.852275e-03
1.718410e+03	1.231111e+00	1.134756e-02	1.258889e+00	1.855618e-03
1.718806e+03	1.214804e+00	1.140101e-02	1.242165e+00	1.858965e-03
1.719202e+03	1.206883e+00	1.146458e-02	1.232356e+00	1.862316e-03
1.719598e+03	nan	nan	1.233191e+00	1.865671e-03
1.719994e+03	1.264625e+00	1.165199e-02	1.264030e+00	1.869030e-03
1.720390e+03	1.331958e+00	1.189563e-02	1.304952e+00	1.872393e-03
1.720786e+03	nan	nan	1.299426e+00	1.875760e-03
1.721182e+03	1.254866e+00	1.174805e-02	1.256846e+00	1.879130e-03
1.721578e+03	1.269776e+00	1.194978e-02	1.265974e+00	1.882505e-03
1.721974e+03	1.333188e+00	1.205094e-02	1.318352e+00	1.885884e-03
1.722370e+03	nan	nan	1.321847e+00	1.889267e-03
1.722766e+03	1.278686e+00	1.210529e-02	1.282157e+00	1.892654e-03
1.723162e+03	1.239010e+00	1.215136e-02	1.247893e+00	1.896045e-03
1.723558e+03	1.207238e+00	1.197790e-02	1.230553e+00	1.899440e-03
1.723954e+03	1.238825e+00	1.211494e-02	1.256301e+00	1.902839e-03
1.724350e+03	1.293242e+00	1.230261e-02	1.297069e+00	1.906242e-03
1.724746e+03	1.293352e+00	1.245974e-02	1.304895e+00	1.909649e-03
1.725142e+03	1.286614e+00	1.248731e-02	1.301281e+00	1.913060e-03
1.725538e+03	1.284861e+00	1.254425e-02	1.305469e+00	1.916475e-03
1.725934e+03	1.255869e+00	1.258361e-02	1.289108e+00	1.919894e-03
1.726330e+03	1.214555e+00	1.251418e-02	1.232935e+00	1.923317e-03
1.726726e+03	1.183054e+00	1.253737e-02	1.181519e+00	1.926744e-03
1.727122e+03	1.186912e+00	1.266645e-02	1.182627e+00	1.930175e-03
1.727518e+03	1.251530e+00	1.353574e-02	1.233201e+00	1.933611e-03
1.727914e+03	1.296518e+00	1.407341e-02	1.287448e+00	1.937050e-03
1.728310e+03	1.296102e+00	1.407028e-02	1.300464e+00	1.940493e-03
1.728706e+03	1.289416e+00	1.383352e-02	1.270267e+00	1.943940e-03
1.729102e+03	1.233897e+00	1.369769e-02	1.218630e+00	1.947391e-03
1.729498e+03	1.194784e+00	1.428475e-02	1.194268e+00	1.950847e-03
1.729894e+03	1.213556e+00	1.544935e-02	1.225361e+00	1.954306e-03
1.730290e+03	1.279610e+00	1.667123e-02	1.281884e+00	1.957769e-03
1.730686e+03	1.324614e+00	1.781572e-02	1.319806e+00	1.961237e-03
1.731082e+03	1.284807e+00	1.732173e-02	1.293282e+00	1.964708e-03
1.731478e+03	1.196078e+00	1.617519e-02	1.222063e+00	1.968184e-03
1.731874e+03	1.133558e+00	1.533037e-02	1.171970e+00	1.971663e-03
1.732270e+03	1.168095e+00	1.629147e-02	1.184836e+00	1.975147e-03
1.732666e+03	1.235385e+00	1.708170e-02	1.228974e+00	1.978634e-03
1.733062e+03	1.259232e+00	2.022898e-02	1.254121e+00	1.982126e-03
1.733458e+03	1.251827e+00	2.211701e-02	1.261276e+00	1.985622e-03
1.733854e+03	1.230147e+00	2.341856e-02	1.245500e+00	1.989121e-03
1.734250e+03	1.184826e+00	2.417620e-02	1.205344e+00	1.992625e-03
1.734646e+03	1.154012e+00	3.376624e-02	1.172564e+00	1.996133e-03
1.735042e+03	1.175102e+00	2.465323e-02	1.167422e+00	1.999645e-03
1.735438e+03	1.170929e+00	2.379443e-02	1.182591e+00	2.003161e-03
1.735834e+03	1.187874e+00	2.258471e-02	1.212635e+00	2.006681e-03
1.736230e+03	1.235547e+00	2.221815e-02	1.231250e+00	2.010205e-03
1.736626e+03	1.267223e+00	1.878223e-02	1.221746e+00	2.013733e-03
1.737022e+03	1.199534e+00	1.546054e-02	1.203612e+00	2.017265e-03
1.737418e+03	1.221694e+00	1.549784e-02	1.213682e+00	2.020801e-03
1.737814e+03	1.227952e+00	1.545795e-02	1.231634e+00	2.024341e-03
1.738210e+03	1.206205e+00	1.495705e-02	1.226770e+00	2.027886e-03
1.738606e+03	1.228894e+00	1.496368e-02	1.222514e+00	2.031434e-03
1.739002e+03	1.243745e+00	1.353631e-02	1.220149e+00	2.034986e-03
1.739398e+03	1.232275e+00	1.268394e-02	1.218618e+00	2.038543e-03
1.739794e+03	1.197674e+00	1.211705e-02	1.211075e+00	2.042103e-03
1.740190e+03	1.150545e+00	1.165597e-02	1.183471e+00	2.045668e-03
1.740586e+03	1.117537e+00	1.150066e-02	1.151679e+00	2.049237e-03
1.740982e+03	1.137245e+00	1.155908e-02	1.164043e+00	2.052809e-03
1.741378e+03	1.219302e+00	1.198743e-02	1.206910e+00	2.056386e-03
1.741774e+03	1.250458e+00	1.198119e-02	1.235760e+00	2.059967e-03
1.742170e+03	nan	nan	1.230879e+00	2.063552e-03
1.742566e+03	nan	nan	1.191870e+00	2.067141e-03
1.742962e+03	1.167888e+00	1.223226e-02	1.178207e+00	2.070734e-03
1.743358e+03	1.195622e+00	1.239678e-02	1.194662e+00	2.074331e-03
1.743754e+03	1.180367e+00	1.234798e-02	1.189463e+00	2.077932e-03
1.744150e+03	1.168995e+00	1.220945e-02	1.185677e+00	2.081538e-03
1.744546e+03	1.198851e+00	1.266907e-02	1.189344e+00	2.085147e-03
1.744942e+03	1.191935e+00	1.290964e-02	1.176700e+00	2.088761e-03
1.745338e+03	1.198011e+00	1.365150e-02	1.176996e+00	2.092378e-03
1.745734e+03	nan	nan	1.198509e+00	2.096000e-03
1.746130e+03	1.242317e+00	1.429229e-02	1.220814e+00	2.099626e-03
1.746526e+03	1.216637e+00	1.407482e-02	1.200515e+00	2.103255e-03
1.746922e+03	1.162903e+00	1.380200e-02	1.145593e+00	2.106889e-03
1.747318e+03	1.129060e+00	1.359136e-02	1.115374e+00	2.110527e-03
1.747714e+03	1.131519e+00	1.395320e-02	1.121659e+00	2.114169e-03
1.748110e+03	nan	nan	1.134006e+00	2.117815e-03
1.748506e+03	1.150613e+00	1.432926e-02	1.166609e+00	2.121466e-03
1.748902e+03	1.220911e+00	1.304873e-02	1.203554e+00	2.125120e-03
1.749298e+03	1.191698e+00	1.214527e-02	1.189575e+00	2.128778e-03
1.749694e+03	1.186716e+00	1.234747e-02	1.168721e+00	2.132441e-03
1.750090e+03	nan	nan	1.141664e+00	2.136107e-03
1.750486e+03	nan	nan	1.085761e+00	2.139778e-03
1.750882e+03	1.053719e+00	1.169077e-02	1.069958e+00	2.143453e-03
1.751278e+03	1.121170e+00	1.182969e-02	1.109364e+00	2.147132e-03
1.751674e+03	1.131087e+00	1.176668e-02	1.124745e+00	2.150815e-03
1.752070e+03	1.128358e+00	1.381470e-02	1.118903e+00	2.154502e-03
1.752466e+03	1.178191e+00	1.249042e-02	1.148195e+00	2.158193e-03
1.752862e+03	1.213668e+00	1.283263e-02	1.194445e+00	2.161888e-03
1.753258e+03	1.186053e+00	1.286080e-02	1.192199e+00	2.165587e-03
1.753654e+03	1.144119e+00	1.248607e-02	1.146578e+00	2.169291e-03
1.754050e+03	1.114716e+00	1.222840e-02	1.106446e+00	2.172998e-03
1.754446e+03	1.098040e+00	1.209456e-02	1.089249e+00	2.176710e-03
1.754842e+03	1.140641e+00	1.230054e-02	1.114952e+00	2.180426e-03
1.755238e+03	1.156785e+00	1.255113e-02	1.130087e+00	2.184146e-03
1.755634e+03	1.101967e+00	1.283926e-02	1.094568e+00	2.187870e-03
1.756030e+03	1.053581e+00	1.292135e-02	1.053251e+00	2.191598e-03
1.756426e+03	1.041003e+00	1.301782e-02	1.045232e+00	2.195330e-03
1.756822e+03	1.060698e+00	1.281112e-02	1.067936e+00	2.199066e-03
1.757218e+03	1.115383e+00	1.293410e-02	1.109760e+00	2.202807e-03
1.757614e+03	1.136076e+00	1.304739e-02	1.119868e+00	2.206551e-03
1.758010e+03	1.104948e+00	1.320813e-02	1.084472e+00	2.210300e-03
1.758406e+03	1.082611e+00	1.320242e-02	1.056096e+00	2.214053e-03
1.758802e+03	1.071375e+00	1.290852e-02	1.055492e+00	2.217810e-03
1.759198e+03	1.094723e+00	1.281392e-02	1.091536e+00	2.221571e-03
1.759594e+03	1.125375e+00	1.299723e-02	1.131921e+00	2.225336e-03
1.759990e+03	1.140931e+00	1.529273e-02	1.143958e+00	2.229105e-03
1.760386e+03	1.129142e+00	1.576508e-02	1.113757e+00	2.232878e-03
1.760782e+03	1.072132e+00	1.335387e-02	1.053443e+00	2.236656e-03
1.761178e+03	1.062185e+00	1.550157e-02	1.050434e+00	2.240438e-03
1.761574e+03	1.126078e+00	1.586786e-02	1.095891e+00	2.244223e-03
1.761970e+03	1.113869e+00	1.378751e-02	1.097935e+00	2.248013e-03
1.762366e+03	1.048686e+00	1.321163e-02	1.058172e+00	2.251807e-03
1.762762e+03	1.031638e+00	1.297299e-02	1.034968e+00	2.255605e-03
1.763158e+03	nan	nan	1.044724e+00	2.259407e-03
1.763554e+03	nan	nan	1.089587e+00	2.263214e-03
1.763950e+03	1.146056e+00	1.350088e-02	1.108218e+00	2.267024e-03
1.764346e+03	1.071099e+00	1.282917e-02	1.066942e+00	2.270839e-03
1.764742e+03	nan	nan	1.055705e+00	2.274658e-03
1.765138e+03	1.120732e+00	1.327553e-02	1.092089e+00	2.278480e-03
1.765534e+03	1.123631e+00	1.431252e-02	1.121740e+00	2.282307e-03
1.765930e+03	1.157630e+00	1.492383e-02	1.159676e+00	2.286139e-03
1.766326e+03	1.197126e+00	1.532462e-02	1.183234e+00	2.289974e-03
1.766722e+03	1.140980e+00	1.480624e-02	1.132620e+00	2.293813e-03
1.767118e+03	1.054265e+00	1.410987e-02	1.053910e+00	2.297657e-03
1.767514e+03	1.023724e+00	1.388199e-02	1.014390e+00	2.301504e-03
1.767910e+03	9.973023e-01	1.364575e-02	9.903150e-01	2.305356e-03
1.768306e+03	9.994149e-01	1.379501e-02	9.737774e-01	2.309212e-03
1.768702e+03	1.020987e+00	1.406143e-02	9.860078e-01	2.313072e-03
1.769098e+03	1.067767e+00	1.438328e-02	1.029963e+00	2.316936e-03
1.769494e+03	1.114981e+00	1.453288e-02	1.083433e+00	2.320805e-03
1.769890e+03	1.124096e+00	1.481193e-02	1.104436e+00	2.324677e-03
1.770286e+03	1.099385e+00	1.471680e-02	1.083254e+00	2.328554e-03
1.770682e+03	1.086545e+00	1.400414e-02	1.064460e+00	2.332435e-03
1.771078e+03	1.054233e+00	1.346028e-02	1.035498e+00	2.336320e-03
1.771474e+03	1.058120e+00	1.365668e-02	1.021853e+00	2.340209e-03
1.771870e+03	nan	nan	1.032379e+00	2.344102e-03
1.772266e+03	nan	nan	1.005331e+00	2.347999e-03
1.772662e+03	1.006247e+00	1.422383e-02	9.623953e-01	2.351901e-03
1.773058e+03	1.007029e+00	1.392552e-02	9.801777e-01	2.355806e-03
1.773454e+03	1.074266e+00	1.456097e-02	1.042966e+00	2.359716e-03
1.773850e+03	1.101566e+00	1.477558e-02	1.085257e+00	2.363630e-03
1.774246e+03	1.055360e+00	1.442178e-02	1.060950e+00	2.367548e-03
1.774642e+03	nan	nan	1.005368e+00	2.371471e-03
1.775038e+03	9.586618e-01	1.373127e-02	9.771978e-01	2.375397e-03
1.775434e+03	9.878574e-01	1.406027e-02	9.868339e-01	2.379328e-03
1.775830e+03	1.012383e+00	1.421368e-02	9.933878e-01	2.383262e-03
1.776226e+03	9.816120e-01	1.399396e-02	9.555679e-01	2.387201e-03
1.776622e+03	9.638644e-01	1.396175e-02	9.259241e-01	2.391144e-03
1.777018e+03	1.003193e+00	1.416888e-02	9.606060e-01	2.395091e-03
1.777414e+03	1.022621e+00	1.259846e-02	1.002073e+00	2.399043e-03
1.777810e+03	1.009051e+00	1.143656e-02	1.002618e+00	2.402998e-03
1.778206e+03	1.009552e+00	1.121112e-02	1.001181e+00	2.406958e-03
1.778602e+03	1.012455e+00	1.117905e-02	1.006997e+00	2.410922e-03
1.778998e+03	9.909974e-01	1.116835e-02	9.861458e-01	2.414890e-03
1.779394e+03	9.552855e-01	1.111434e-02	9.460743e-01	2.418862e-03
1.779790e+03	9.665143e-01	1.129887e-02	9.503316e-01	2.422838e-03
1.780186e+03	1.035311e+00	1.162040e-02	1.013615e+00	2.426819e-03
1.780582e+03	nan	nan	1.033141e+00	2.430803e-03
1.780978e+03	9.804998e-01	1.192453e-02	9.796663e-01	2.434792e-03
1.781374e+03	9.357320e-01	1.212089e-02	9.295786e-01	2.438785e-03
1.781770e+03	9.644952e-01	1.231413e-02	9.476719e-01	2.442782e-03
1.782166e+03	9.945314e-01	1.289434e-02	9.758847e-01	2.446783e-03
1.782562e+03	9.788811e-01	1.286922e-02	9.653991e-01	2.450789e-03
1.782958e+03	9.999581e-01	1.261506e-02	9.719805e-01	2.454798e-03
1.783354e+03	1.057164e+00	1.323425e-02	1.024546e+00	2.458812e-03
1.783750e+03	1.087540e+00	1.369697e-02	1.066651e+00	2.462830e-03
1.784146e+03	1.070036e+00	1.373563e-02	1.059678e+00	2.466852e-03
1.784542e+03	1.025157e+00	1.346504e-02	1.014034e+00	2.470879e-03
1.784938e+03	9.835952e-01	1.313451e-02	9.685986e-01	2.474909e-03
1.785334e+03	9.504160e-01	1.276276e-02	9.471069e-01	2.478944e-03
1.785730e+03	9.132965e-01	1.209721e-02	9.231885e-01	2.482983e-03
1.786126e+03	9.275169e-01	1.140964e-02	9.239996e-01	2.487026e-03
1.786522e+03	9.527230e-01	1.127209e-02	9.342791e-01	2.491073e-03
1.786918e+03	8.993997e-01	1.091999e-02	8.968478e-01	2.495124e-03
1.787314e+03	8.756343e-01	1.076670e-02	8.749869e-01	2.499180e-03
1.787710e+03	9.111125e-01	1.078959e-02	9.119835e-01	2.503239e-03
1.788106e+03	9.393988e-01	1.086201e-02	9.389030e-01	2.507303e-03
1.788502e+03	9.405573e-01	1.081304e-02	9.384725e-01	2.511371e-03
1.788898e+03	9.531606e-01	1.079754e-02	9.523972e-01	2.515443e-03
1.789294e+03	9.904593e-01	1.086878e-02	9.860153e-01	2.519520e-03
1.789690e+03	1.004092e+00	1.082966e-02	1.001212e+00	2.523600e-03
1.790086e+03	9.707859e-01	1.072159e-02	9.842304e-01	2.527685e-03
1.790482e+03	9.383907e-01	1.064882e-02	9.622774e-01	2.531774e-03
1.790878e+03	9.527413e-01	1.072181e-02	9.608515e-01	2.535867e-03
1.791274e+03	9.504611e-01	1.076032e-02	9.447693e-01	2.539965e-03
1.791670e+03	9.255914e-01	1.076104e-02	9.229135e-01	2.544066e-03
1.792066e+03	9.199100e-01	1.081333e-02	9.220500e-01	2.548172e-03
1.792462e+03	9.356025e-01	1.203749e-02	9.368693e-01	2.552282e-03
1.792858e+03	9.452126e-01	1.228636e-02	9.419309e-01	2.556396e-03
1.793254e+03	9.088681e-01	1.209578e-02	9.251813e-01	2.560514e-03
1.793650e+03	8.788637e-01	1.110504e-02	8.981315e-01	2.564636e-03
1.794046e+03	8.910776e-01	1.101251e-02	8.949988e-01	2.568763e-03
1.794442e+03	9.077254e-01	1.110865e-02	9.077720e-01	2.572894e-03
1.794838e+03	8.999804e-01	1.117166e-02	9.036175e-01	2.577029e-03
1.795234e+03	9.232112e-01	1.142527e-02	9.192031e-01	2.581168e-03
1.795630e+03	9.932735e-01	1.176789e-02	9.616287e-01	2.585311e-03
1.796026e+03	9.435442e-01	1.151025e-02	9.245865e-01	2.589459e-03
1.796422e+03	8.774600e-01	1.125882e-02	8.715505e-01	2.593611e-03
1.796818e+03	9.372441e-01	1.152090e-02	9.180656e-01	2.597767e-03
1.797214e+03	9.827732e-01	1.168347e-02	9.666403e-01	2.601927e-03
1.797610e+03	9.766641e-01	1.158314e-02	9.816871e-01	2.606091e-03
1.798006e+03	9.720369e-01	1.123954e-02	9.919365e-01	2.610260e-03
1.798402e+03	9.979414e-01	1.121242e-02	9.935886e-01	2.614432e-03
1.798798e+03	9.799954e-01	1.111548e-02	9.720837e-01	2.618609e-03
1.799194e+03	9.016670e-01	1.087961e-02	9.125533e-01	2.622790e-03
1.799590e+03	8.605224e-01	1.075498e-02	8.742724e-01	2.626976e-03
1.799986e+03	8.760802e-01	1.077978e-02	8.814131e-01	2.631165e-03
1.800382e+03	8.859854e-01	1.092520e-02	8.850500e-01	2.635359e-03
1.800778e+03	8.478830e-01	1.076238e-02	8.541171e-01	2.639557e-03
1.801174e+03	nan	nan	8.320739e-01	2.643759e-03
1.801570e+03	8.455118e-01	1.096278e-02	8.623839e-01	2.647965e-03
1.801966e+03	8.749731e-01	1.131434e-02	8.930796e-01	2.652175e-03
1.802362e+03	8.521216e-01	1.088671e-02	8.801074e-01	2.656390e-03
1.802758e+03	8.462202e-01	1.077472e-02	8.588552e-01	2.660609e-03
1.803154e+03	8.888419e-01	1.086261e-02	8.726425e-01	2.664832e-03
1.803550e+03	9.051393e-01	1.098600e-02	8.944649e-01	2.669059e-03
1.803946e+03	9.396682e-01	1.117034e-02	9.367944e-01	2.673291e-03
1.804342e+03	9.743997e-01	1.122259e-02	9.775784e-01	2.677527e-03
1.804738e+03	9.497850e-01	1.106217e-02	9.580275e-01	2.681766e-03
1.805134e+03	9.131528e-01	1.070369e-02	9.157445e-01	2.686010e-03
1.805530e+03	8.797283e-01	1.053903e-02	8.798372e-01	2.690259e-03
1.805926e+03	8.616657e-01	1.071502e-02	8.649020e-01	2.694511e-03
1.806322e+03	nan	nan	8.875024e-01	2.698768e-03
1.806718e+03	8.981753e-01	1.091707e-02	8.973852e-01	2.703029e-03
1.807114e+03	8.400716e-01	1.069672e-02	8.472779e-01	2.707294e-03
1.807510e+03	8.174239e-01	1.045542e-02	8.177135e-01	2.711563e-03
1.807906e+03	8.747399e-01	1.062147e-02	8.633868e-01	2.715837e-03
1.808302e+03	9.002353e-01	1.101542e-02	8.955735e-01	2.720115e-03
1.808698e+03	8.696375e-01	1.117181e-02	8.790700e-01	2.724396e-03
1.809094e+03	8.822905e-01	1.130614e-02	8.897043e-01	2.728683e-03
1.809490e+03	9.139607e-01	1.135030e-02	9.230591e-01	2.732973e-03
1.809886e+03	9.259618e-01	1.136515e-02	9.429739e-01	2.737268e-03
1.810282e+03	8.858999e-01	1.140121e-02	9.101125e-01	2.741566e-03
1.810678e+03	7.980650e-01	1.142278e-02	8.219591e-01	2.745869e-03
1.811074e+03	7.881359e-01	1.151214e-02	7.915949e-01	2.750176e-03
1.811470e+03	8.502295e-01	1.184790e-02	8.505871e-01	2.754488e-03
1.811866e+03	8.835519e-01	1.202369e-02	8.898594e-01	2.758803e-03
1.812262e+03	nan	nan	8.492128e-01	2.763123e-03
1.812658e+03	nan	nan	8.183985e-01	2.767447e-03
1.813054e+03	8.506437e-01	1.112837e-02	8.592425e-01	2.771776e-03
1.813450e+03	8.913998e-01	1.132298e-02	9.067499e-01	2.776108e-03
1.813846e+03	9.294353e-01	1.133474e-02	9.466743e-01	2.780445e-03
1.814242e+03	9.951792e-01	1.149026e-02	9.941221e-01	2.784786e-03
1.814638e+03	1.022530e+00	1.164523e-02	9.916932e-01	2.789131e-03
1.815034e+03	9.363214e-01	1.144318e-02	9.333749e-01	2.793480e-03
1.815430e+03	9.127951e-01	1.152777e-02	9.060391e-01	2.797833e-03
1.815826e+03	nan	nan	9.059768e-01	2.802191e-03
1.816222e+03	nan	nan	9.121477e-01	2.806553e-03
1.816618e+03	9.204477e-01	1.122903e-02	9.077435e-01	2.810919e-03
1.817014e+03	8.489216e-01	1.089606e-02	8.529412e-01	2.815290e-03
1.817410e+03	8.164923e-01	1.079011e-02	8.252437e-01	2.819664e-03
1.817806e+03	8.373402e-01	1.103807e-02	8.460586e-01	2.824043e-03
1.818202e+03	8.367745e-01	1.108589e-02	8.517432e-01	2.828426e-03
1.818598e+03	8.511789e-01	1.174489e-02	8.468068e-01	2.832813e-03
1.818994e+03	8.665511e-01	1.320543e-02	8.565406e-01	2.837205e-03
1.819390e+03	8.487572e-01	1.349613e-02	8.500993e-01	2.841601e-03
1.819786e+03	8.360644e-01	1.346483e-02	8.411791e-01	2.846001e-03
1.820182e+03	8.486772e-01	1.356146e-02	8.539563e-01	2.850405e-03
1.820578e+03	8.631069e-01	1.347640e-02	8.550753e-01	2.854813e-03
1.820974e+03	8.450484e-01	1.302075e-02	8.465675e-01	2.859226e-03
1.821370e+03	8.212489e-01	1.278017e-02	8.302710e-01	2.863642e-03
1.821766e+03	7.870809e-01	1.260549e-02	8.005967e-01	2.868063e-03
1.822162e+03	7.768997e-01	1.254734e-02	7.797785e-01	2.872489e-03
1.822558e+03	8.194191e-01	1.278683e-02	8.105977e-01	2.876918e-03
1.822954e+03	8.933326e-01	1.306233e-02	8.859405e-01	2.881352e-03
1.823350e+03	9.450105e-01	1.328545e-02	9.423821e-01	2.885790e-03
1.823746e+03	9.582780e-01	1.305150e-02	9.556046e-01	2.890232e-03
1.824142e+03	9.530100e-01	1.184555e-02	9.493707e-01	2.894678e-03
1.824538e+03	9.139894e-01	1.118392e-02	9.169285e-01	2.899129e-03
1.824934e+03	8.470194e-01	1.055734e-02	8.643550e-01	2.903583e-03
1.825330e+03	8.305058e-01	1.034300e-02	8.431037e-01	2.908042e-03
1.825726e+03	8.583120e-01	1.040014e-02	8.529529e-01	2.912506e-03
1.826122e+03	7.913985e-01	1.014316e-02	8.124341e-01	2.916973e-03
1.826518e+03	7.577854e-01	9.995382e-03	7.737036e-01	2.921445e-03
1.826914e+03	8.259729e-01	1.015700e-02	8.115192e-01	2.925921e-03
1.827310e+03	8.616621e-01	1.026377e-02	8.341353e-01	2.930401e-03
1.827706e+03	8.621636e-01	1.027837e-02	8.408586e-01	2.934885e-03
1.828102e+03	8.876989e-01	1.028597e-02	8.790878e-01	2.939374e-03
1.828498e+03	9.039144e-01	1.027974e-02	9.072769e-01	2.943867e-03
1.828894e+03	8.801462e-01	1.021228e-02	9.017315e-01	2.948364e-03
1.829290e+03	8.951053e-01	1.036598e-02	9.085302e-01	2.952865e-03
1.829686e+03	9.221780e-01	1.085679e-02	9.234679e-01	2.957370e-03
1.830082e+03	9.000846e-01	1.187574e-02	8.920854e-01	2.961880e-03
1.830478e+03	8.581269e-01	1.201054e-02	8.558814e-01	2.966394e-03
1.830874e+03	8.773384e-01	1.214525e-02	8.640943e-01	2.970912e-03
1.831270e+03	8.892170e-01	1.230756e-02	8.775727e-01	2.975435e-03
1.831666e+03	8.793058e-01	1.229006e-02	8.773778e-01	2.979961e-03
1.832062e+03	8.326630e-01	1.205621e-02	8.358079e-01	2.984492e-03
1.832458e+03	7.908971e-01	1.180921e-02	7.913779e-01	2.989027e-03
1.832854e+03	8.075343e-01	1.163683e-02	8.027039e-01	2.993567e-03
1.833250e+03	8.464110e-01	1.115411e-02	8.387883e-01	2.998110e-03
1.833646e+03	8.566650e-01	1.100049e-02	8.592178e-01	3.002658e-03
1.834042e+03	8.539198e-01	1.078317e-02	8.638883e-01	3.007210e-03
1.834438e+03	8.590954e-01	1.200447e-02	8.611998e-01	3.011766e-03
1.834834e+03	8.293427e-01	1.184426e-02	8.311579e-01	3.016327e-03
1.835230e+03	8.420516e-01	1.189604e-02	8.337712e-01	3.020891e-03
1.835626e+03	8.773070e-01	1.081234e-02	8.702922e-01	3.025460e-03
1.836022e+03	8.623371e-01	1.028560e-02	8.660380e-01	3.030033e-03
1.836418e+03	8.794406e-01	1.033321e-02	8.707893e-01	3.034611e-03
1.836814e+03	9.097553e-01	1.064048e-02	8.985063e-01	3.039192e-03
1.837210e+03	8.756828e-01	1.055089e-02	8.761302e-01	3.043778e-03
1.837606e+03	7.961674e-01	1.032867e-02	8.120680e-01	3.048368e-03
1.838002e+03	7.951271e-01	1.026577e-02	8.019033e-01	3.052962e-03
1.838398e+03	8.540956e-01	1.056477e-02	8.546488e-01	3.057561e-03
1.838794e+03	nan	nan	8.606595e-01	3.062164e-03
1.839190e+03	nan	nan	8.163985e-01	3.066771e-03
1.839586e+03	7.835960e-01	1.059254e-02	7.814019e-01	3.071382e-03
1.839982e+03	8.066366e-01	1.070720e-02	7.953191e-01	3.075997e-03
1.840378e+03	8.437312e-01	1.082792e-02	8.407326e-01	3.080617e-03
1.840774e+03	8.860921e-01	1.091272e-02	8.808265e-01	3.085241e-03
1.841170e+03	9.384848e-01	1.127142e-02	9.157131e-01	3.089869e-03
1.841566e+03	8.867580e-01	1.126182e-02	8.820225e-01	3.094502e-03
1.841962e+03	7.845283e-01	1.091385e-02	7.964167e-01	3.099138e-03
1.842358e+03	7.527910e-01	1.078812e-02	7.554911e-01	3.103779e-03
1.842754e+03	7.673085e-01	1.090167e-02	7.567440e-01	3.108424e-03
1.843150e+03	7.804726e-01	1.096439e-02	7.731084e-01	3.113073e-03
1.843546e+03	7.776761e-01	1.091190e-02	7.764926e-01	3.117727e-03
1.843942e+03	7.596042e-01	1.080560e-02	7.554449e-01	3.122385e-03
1.844338e+03	7.442498e-01	1.075869e-02	7.364755e-01	3.127047e-03
1.844734e+03	7.743550e-01	1.091085e-02	7.523105e-01	3.131713e-03
1.845130e+03	nan	nan	7.959489e-01	3.136383e-03
1.845526e+03	nan	nan	8.114525e-01	3.141058e-03
1.845922e+03	8.165311e-01	1.104958e-02	8.008749e-01	3.145737e-03
1.846318e+03	8.265590e-01	1.132251e-02	7.833305e-01	3.150420e-03
1.846714e+03	7.711851e-01	1.104939e-02	7.450378e-01	3.155108e-03
1.847110e+03	7.336571e-01	1.083569e-02	7.280663e-01	3.159799e-03
1.847506e+03	nan	nan	7.394340e-01	3.164495e-03
1.847902e+03	nan	nan	7.197012e-01	3.169195e-03
1.848298e+03	6.662210e-01	1.031008e-02	6.777180e-01	3.173900e-03
1.848694e+03	6.905559e-01	1.039547e-02	6.982151e-01	3.178608e-03
1.849090e+03	7.541711e-01	1.045301e-02	7.574029e-01	3.183321e-03
1.849486e+03	7.685177e-01	1.052954e-02	7.731316e-01	3.188038e-03
1.849882e+03	7.661947e-01	1.097558e-02	7.683828e-01	3.192759e-03
1.850278e+03	7.602457e-01	1.129157e-02	7.574099e-01	3.197485e-03
1.850674e+03	7.733243e-01	1.137475e-02	7.681156e-01	3.202215e-03
1.851070e+03	8.190253e-01	1.135701e-02	8.064089e-01	3.206949e-03
1.851466e+03	8.488962e-01	1.142088e-02	8.368008e-01	3.211687e-03
1.851862e+03	8.645464e-01	1.148268e-02	8.538806e-01	3.216429e-03
1.852258e+03	8.607833e-01	1.129743e-02	8.445635e-01	3.221176e-03
1.852654e+03	8.370562e-01	1.121178e-02	8.187965e-01	3.225927e-03
1.853050e+03	7.765638e-01	1.092134e-02	7.699213e-01	3.230682e-03
1.853446e+03	7.438189e-01	1.075260e-02	7.440411e-01	3.235442e-03
1.853842e+03	7.462062e-01	1.099810e-02	7.524226e-01	3.240205e-03
1.854238e+03	7.700804e-01	1.118284e-02	7.728490e-01	3.244973e-03
1.854634e+03	7.931884e-01	1.100477e-02	7.680258e-01	3.249745e-03
1.855030e+03	7.471108e-01	1.068004e-02	7.456402e-01	3.254521e-03
1.855426e+03	7.863532e-01	1.078950e-02	7.772101e-01	3.259302e-03
1.855822e+03	8.000610e-01	1.078572e-02	7.935800e-01	3.264087e-03
1.856218e+03	7.313706e-01	1.045438e-02	7.399199e-01	3.268876e-03
1.856614e+03	6.601692e-01	1.015151e-02	6.739658e-01	3.273669e-03
1.857010e+03	6.743041e-01	1.020008e-02	6.712682e-01	3.278467e-03
1.857406e+03	7.200739e-01	1.003945e-02	7.021600e-01	3.283268e-03
1.857802e+03	6.923968e-01	9.843917e-03	6.851477e-01	3.288074e-03
1.858198e+03	6.613425e-01	9.692255e-03	6.544910e-01	3.292885e-03
1.858594e+03	6.795808e-01	9.753997e-03	6.606607e-01	3.297699e-03
1.858990e+03	6.923328e-01	9.752115e-03	6.723266e-01	3.302518e-03
1.859386e+03	7.061515e-01	9.738372e-03	6.885692e-01	3.307341e-03
1.859782e+03	7.201293e-01	9.744609e-03	7.083196e-01	3.312168e-03
1.860178e+03	7.079496e-01	9.695259e-03	7.073900e-01	3.316999e-03
1.860574e+03	6.944305e-01	9.656791e-03	7.013966e-01	3.321835e-03
1.860970e+03	6.918448e-01	9.624270e-03	6.956619e-01	3.326674e-03
1.861366e+03	7.004855e-01	9.638823e-03	6.947279e-01	3.331519e-03
1.861762e+03	7.462817e-01	9.716354e-03	7.332199e-01	3.336367e-03
1.862158e+03	7.762236e-01	9.767095e-03	7.702957e-01	3.341219e-03
1.862554e+03	7.452025e-01	9.719267e-03	7.591597e-01	3.346076e-03
1.862950e+03	7.291968e-01	9.836364e-03	7.453257e-01	3.350937e-03
1.863346e+03	7.637782e-01	1.007026e-02	7.678838e-01	3.355802e-03
1.863742e+03	7.827110e-01	1.030747e-02	7.883066e-01	3.360672e-03
1.864138e+03	7.630870e-01	1.037944e-02	7.810165e-01	3.365546e-03
1.864534e+03	7.499189e-01	1.036716e-02	7.560128e-01	3.370424e-03
1.864930e+03	7.343079e-01	1.041735e-02	7.246655e-01	3.375306e-03
1.865326e+03	6.971495e-01	1.065612e-02	6.868620e-01	3.380192e-03
1.865722e+03	7.033246e-01	1.086941e-02	6.955927e-01	3.385083e-03
1.866118e+03	7.595533e-01	1.120185e-02	7.535853e-01	3.389978e-03
1.866514e+03	7.979709e-01	1.151996e-02	7.876626e-01	3.394877e-03
1.866910e+03	7.854547e-01	1.149558e-02	7.763242e-01	3.399780e-03
1.867306e+03	7.657582e-01	1.126910e-02	7.577525e-01	3.404688e-03
1.867702e+03	7.172947e-01	1.055875e-02	7.242408e-01	3.409600e-03
1.868098e+03	6.871276e-01	1.019875e-02	6.899296e-01	3.414516e-03
1.868494e+03	7.423834e-01	1.026552e-02	7.294417e-01	3.419436e-03
1.868890e+03	7.735788e-01	1.043043e-02	7.821888e-01	3.424360e-03
1.869286e+03	7.835732e-01	1.065124e-02	8.028686e-01	3.429289e-03
1.869682e+03	7.984865e-01	1.089388e-02	8.062816e-01	3.434222e-03
1.870078e+03	7.965029e-01	1.140965e-02	8.048944e-01	3.439159e-03
1.870474e+03	8.089444e-01	1.175649e-02	8.067123e-01	3.444101e-03
1.870870e+03	8.018387e-01	1.142412e-02	7.839462e-01	3.449046e-03
1.871266e+03	7.290086e-01	1.107910e-02	7.428335e-01	3.453996e-03
1.871662e+03	7.271960e-01	1.185791e-02	7.353192e-01	3.458950e-03
1.872058e+03	7.631574e-01	1.275765e-02	7.673335e-01	3.463909e-03
1.872454e+03	7.625923e-01	1.281395e-02	7.663502e-01	3.468871e-03
1.872850e+03	7.112297e-01	1.248588e-02	7.082967e-01	3.473838e-03
1.873246e+03	6.552433e-01	1.293657e-02	6.549957e-01	3.478809e-03
1.873642e+03	6.780748e-01	1.521661e-02	6.658517e-01	3.483784e-03
1.874038e+03	7.447983e-01	1.714723e-02	7.306433e-01	3.488764e-03
1.874434e+03	7.737297e-01	1.845578e-02	7.782083e-01	3.493748e-03
1.874830e+03	7.614596e-01	1.831476e-02	7.668050e-01	3.498736e-03
1.875226e+03	7.515687e-01	1.814945e-02	7.343305e-01	3.503728e-03
1.875622e+03	7.748220e-01	1.857939e-02	7.456107e-01	3.508724e-03
1.876018e+03	8.073948e-01	1.927409e-02	7.893120e-01	3.513725e-03
1.876414e+03	7.888685e-01	1.878500e-02	7.875408e-01	3.518730e-03
1.876810e+03	7.493808e-01	1.813027e-02	7.478453e-01	3.523739e-03
1.877206e+03	7.358173e-01	1.723441e-02	7.322245e-01	3.528752e-03
1.877602e+03	7.361792e-01	1.374586e-02	7.397586e-01	3.533770e-03
1.877998e+03	7.199406e-01	1.227803e-02	7.203831e-01	3.538791e-03
1.878394e+03	6.803646e-01	1.136541e-02	6.880841e-01	3.543817e-03
1.878790e+03	6.809425e-01	1.180282e-02	6.743759e-01	3.548848e-03
1.879186e+03	7.138310e-01	1.052400e-02	6.965511e-01	3.553882e-03
1.879582e+03	7.277826e-01	1.045859e-02	7.106588e-01	3.558921e-03
1.879978e+03	7.414387e-01	1.051697e-02	7.315684e-01	3.563964e-03
1.880374e+03	7.856888e-01	1.063123e-02	7.722580e-01	3.569011e-03
1.880770e+03	8.149255e-01	1.059783e-02	7.980555e-01	3.574062e-03
1.881166e+03	7.765202e-01	1.043225e-02	7.599535e-01	3.579118e-03
1.881562e+03	7.358143e-01	1.033723e-02	7.266456e-01	3.584178e-03
1.881958e+03	7.697660e-01	1.048360e-02	7.611217e-01	3.589242e-03
1.882354e+03	8.263103e-01	1.066909e-02	8.135671e-01	3.594310e-03
1.882750e+03	8.395063e-01	1.072330e-02	8.400448e-01	3.599382e-03
1.883146e+03	8.631423e-01	1.085281e-02	8.344694e-01	3.604459e-03
1.883542e+03	8.377776e-01	1.164692e-02	8.210927e-01	3.609540e-03
1.883938e+03	8.299463e-01	1.057379e-02	8.104270e-01	3.614625e-03
1.884334e+03	8.151523e-01	1.059649e-02	8.097382e-01	3.619715e-03
1.884730e+03	7.814117e-01	1.087414e-02	7.849467e-01	3.624808e-03
1.885126e+03	7.481429e-01	1.070862e-02	7.346021e-01	3.629906e-03
1.885522e+03	7.291923e-01	1.026653e-02	7.246206e-01	3.635008e-03
1.885918e+03	7.692598e-01	1.156539e-02	7.594305e-01	3.640114e-03
1.886314e+03	8.013338e-01	1.037095e-02	7.946355e-01	3.645225e-03
1.886710e+03	7.846439e-01	1.033494e-02	7.758884e-01	3.650339e-03
1.887106e+03	7.897318e-01	1.023374e-02	7.728350e-01	3.655458e-03
1.887502e+03	8.279771e-01	1.022431e-02	8.081598e-01	3.660582e-03
1.887898e+03	8.361100e-01	1.020080e-02	8.163358e-01	3.665709e-03
1.888294e+03	8.069278e-01	1.008426e-02	7.931431e-01	3.670841e-03
1.888690e+03	7.409860e-01	9.928826e-03	7.377826e-01	3.675976e-03
1.889086e+03	7.252102e-01	9.863098e-03	7.280158e-01	3.681116e-03
1.889482e+03	7.917016e-01	9.955429e-03	7.795991e-01	3.686261e-03
1.889878e+03	8.226058e-01	1.006902e-02	8.021135e-01	3.691409e-03
1.890274e+03	7.992652e-01	1.004875e-02	7.874945e-01	3.696562e-03
1.890670e+03	8.301933e-01	9.950929e-03	7.855742e-01	3.701719e-03
1.891066e+03	nan	nan	7.789126e-01	3.706880e-03
1.891462e+03	nan	nan	7.338756e-01	3.712045e-03
1.891858e+03	nan	nan	6.845451e-01	3.717215e-03
1.892254e+03	nan	nan	6.731004e-01	3.722388e-03
1.892650e+03	7.294287e-01	1.027632e-02	7.093587e-01	3.727566e-03
1.893046e+03	nan	nan	7.388425e-01	3.732749e-03
1.893442e+03	7.486484e-01	9.960662e-03	7.521610e-01	3.737935e-03
1.893838e+03	7.477040e-01	1.001419e-02	7.589940e-01	3.743126e-03
1.894234e+03	7.316428e-01	1.018330e-02	7.466718e-01	3.748320e-03
1.894630e+03	7.131397e-01	1.012589e-02	7.263253e-01	3.753520e-03
1.895026e+03	7.290213e-01	9.978805e-03	7.399234e-01	3.758723e-03
1.895422e+03	7.941080e-01	1.006569e-02	7.914666e-01	3.763930e-03
1.895818e+03	7.865342e-01	9.977333e-03	7.947457e-01	3.769142e-03
1.896214e+03	7.472555e-01	9.920477e-03	7.593695e-01	3.774358e-03
1.896610e+03	7.953314e-01	1.021356e-02	7.767885e-01	3.779578e-03
1.897006e+03	8.449336e-01	1.061652e-02	8.173524e-01	3.784802e-03
1.897402e+03	8.172798e-01	1.036133e-02	8.046938e-01	3.790031e-03
1.897798e+03	7.638786e-01	1.007020e-02	7.564579e-01	3.795264e-03
1.898194e+03	7.176671e-01	9.907222e-03	7.161789e-01	3.800501e-03
1.898590e+03	7.173557e-01	9.801177e-03	7.198198e-01	3.805742e-03
1.898986e+03	7.895428e-01	9.907024e-03	7.776557e-01	3.810987e-03
1.899382e+03	8.324421e-01	1.001866e-02	8.243788e-01	3.816237e-03
1.899778e+03	8.311209e-01	1.000358e-02	8.325964e-01	3.821491e-03
1.900174e+03	8.296549e-01	1.008507e-02	8.379976e-01	3.826749e-03
1.900570e+03	8.144440e-01	1.022685e-02	8.185433e-01	3.832011e-03
1.900966e+03	nan	nan	7.918308e-01	3.837277e-03
1.901362e+03	nan	nan	7.650710e-01	3.842548e-03
1.901758e+03	nan	nan	7.912318e-01	3.847823e-03
1.902154e+03	8.195310e-01	1.063965e-02	8.305514e-01	3.853102e-03
1.902550e+03	8.038655e-01	1.038298e-02	8.087056e-01	3.858385e-03
1.902946e+03	7.494114e-01	1.015356e-02	7.487286e-01	3.863672e-03
1.903342e+03	7.412269e-01	1.006217e-02	7.373702e-01	3.868964e-03
1.903738e+03	7.453337e-01	1.019994e-02	7.567907e-01	3.874260e-03
1.904134e+03	7.701033e-01	1.036269e-02	7.748995e-01	3.879560e-03
1.904530e+03	8.018284e-01	1.051967e-02	8.035232e-01	3.884864e-03
1.904926e+03	8.116499e-01	1.068515e-02	8.154238e-01	3.890173e-03
1.905322e+03	7.924087e-01	1.103398e-02	7.970930e-01	3.895485e-03
1.905718e+03	7.590601e-01	1.100978e-02	7.628321e-01	3.900802e-03
1.906114e+03	7.456424e-01	1.087666e-02	7.483772e-01	3.906123e-03
1.906510e+03	7.549731e-01	1.068954e-02	7.610429e-01	3.911448e-03
1.906906e+03	7.597012e-01	1.065946e-02	7.594753e-01	3.916778e-03
1.907302e+03	7.766447e-01	1.066427e-02	7.783197e-01	3.922111e-03
1.907698e+03	8.017327e-01	1.072117e-02	8.089042e-01	3.927449e-03
1.908094e+03	8.207146e-01	1.081806e-02	8.244233e-01	3.932791e-03
1.908490e+03	8.151410e-01	1.091995e-02	8.292489e-01	3.938138e-03
1.908886e+03	7.982310e-01	1.093625e-02	8.141504e-01	3.943488e-03
1.909282e+03	7.812508e-01	1.085040e-02	7.924379e-01	3.948843e-03
1.909678e+03	7.756952e-01	1.068509e-02	7.833262e-01	3.954202e-03
1.910074e+03	7.779472e-01	1.065275e-02	7.843072e-01	3.959565e-03
1.910470e+03	7.513897e-01	1.056188e-02	7.612171e-01	3.964932e-03
1.910866e+03	7.100969e-01	1.040783e-02	7.173926e-01	3.970303e-03
1.911262e+03	6.648169e-01	1.019375e-02	6.748351e-01	3.975679e-03
1.911658e+03	6.530232e-01	1.009387e-02	6.697131e-01	3.981059e-03
1.912054e+03	7.125779e-01	1.019761e-02	7.291964e-01	3.986443e-03
1.912450e+03	7.922522e-01	1.037511e-02	7.867892e-01	3.991831e-03
1.912846e+03	8.074137e-01	1.036765e-02	8.075746e-01	3.997223e-03
1.913242e+03	8.177283e-01	1.029627e-02	8.134512e-01	4.002620e-03
1.913638e+03	8.242830e-01	1.041234e-02	8.084716e-01	4.008021e-03
1.914034e+03	8.481911e-01	1.039870e-02	8.377411e-01	4.013425e-03
1.914430e+03	8.252814e-01	1.018023e-02	8.324031e-01	4.018835e-03
1.914826e+03	7.989312e-01	1.006777e-02	8.107131e-01	4.024248e-03
1.915222e+03	8.179075e-01	1.019437e-02	8.293226e-01	4.029665e-03
1.915618e+03	8.241659e-01	1.023000e-02	8.349857e-01	4.035087e-03
1.916014e+03	7.612436e-01	1.001457e-02	7.786622e-01	4.040513e-03
1.916410e+03	7.176824e-01	9.834416e-03	7.140821e-01	4.045943e-03
1.916806e+03	7.133348e-01	1.025940e-02	7.038113e-01	4.051377e-03
1.917202e+03	nan	nan	7.313725e-01	4.056816e-03
1.917598e+03	7.615521e-01	9.843089e-03	7.591735e-01	4.062258e-03
1.917994e+03	7.660320e-01	9.838969e-03	7.643978e-01	4.067705e-03
1.918390e+03	7.751726e-01	9.850847e-03	7.742468e-01	4.073156e-03
1.918786e+03	8.080321e-01	9.880182e-03	8.115164e-01	4.078611e-03
1.919182e+03	8.262130e-01	9.895028e-03	8.316668e-01	4.084071e-03
1.919578e+03	7.974771e-01	9.843139e-03	8.053173e-01	4.089534e-03
1.919974e+03	7.835797e-01	9.788410e-03	7.804395e-01	4.095002e-03
1.920370e+03	7.677980e-01	9.785402e-03	7.644279e-01	4.100474e-03
1.920766e+03	7.079247e-01	9.666328e-03	7.191976e-01	4.105950e-03
1.921162e+03	7.322111e-01	9.716898e-03	7.317586e-01	4.111430e-03
1.921558e+03	7.766328e-01	9.738202e-03	7.776463e-01	4.116915e-03
1.921954e+03	7.734531e-01	9.768119e-03	7.821456e-01	4.122403e-03
1.922350e+03	7.832221e-01	1.056057e-02	7.881942e-01	4.127896e-03
1.922746e+03	nan	nan	7.970396e-01	4.133393e-03
1.923142e+03	nan	nan	7.960772e-01	4.138894e-03
1.923538e+03	nan	nan	7.754233e-01	4.144399e-03
1.923934e+03	7.348432e-01	9.806360e-03	7.398674e-01	4.149909e-03
1.924330e+03	nan	nan	7.353737e-01	4.155422e-03
1.924726e+03	nan	nan	7.616182e-01	4.160940e-03
1.925122e+03	7.854983e-01	1.003529e-02	7.931627e-01	4.166462e-03
1.925518e+03	7.874280e-01	1.000307e-02	7.968602e-01	4.171988e-03
1.925914e+03	7.740429e-01	9.927538e-03	7.785179e-01	4.177519e-03
1.926310e+03	7.497579e-01	9.831598e-03	7.524664e-01	4.183053e-03
1.926706e+03	7.111591e-01	9.705763e-03	7.173360e-01	4.188592e-03
1.927102e+03	7.184707e-01	9.702600e-03	7.230558e-01	4.194135e-03
1.927498e+03	7.811101e-01	9.951126e-03	7.787685e-01	4.199682e-03
1.927894e+03	8.389658e-01	8.070087e-03	8.245049e-01	4.205233e-03
1.928290e+03	8.281055e-01	7.914006e-03	8.255041e-01	4.210788e-03
1.928686e+03	7.845189e-01	7.879966e-03	7.928526e-01	4.216348e-03
1.929082e+03	7.795515e-01	7.551171e-03	7.724805e-01	4.221911e-03
1.929478e+03	7.756475e-01	7.531622e-03	7.614942e-01	4.227479e-03
1.929874e+03	7.645616e-01	7.663017e-03	7.510609e-01	4.233051e-03
1.930270e+03	7.242555e-01	7.923751e-03	7.251411e-01	4.238627e-03
1.930666e+03	6.929373e-01	7.370181e-03	6.911426e-01	4.244208e-03
1.931062e+03	nan	nan	6.551490e-01	4.249792e-03
1.931458e+03	nan	nan	6.401262e-01	4.255381e-03
1.931854e+03	nan	nan	6.781576e-01	4.260973e-03
1.932250e+03	7.508830e-01	7.496286e-03	7.382126e-01	4.266570e-03
1.932646e+03	7.769547e-01	7.548800e-03	7.754603e-01	4.272171e-03
1.933042e+03	7.852398e-01	7.640395e-03	7.851654e-01	4.277777e-03
1.933438e+03	7.690764e-01	7.607602e-03	7.718857e-01	4.283386e-03
1.933834e+03	7.414516e-01	7.525816e-03	7.494842e-01	4.289000e-03
1.934230e+03	7.716841e-01	7.602911e-03	7.602905e-01	4.294617e-03
1.934626e+03	8.093308e-01	7.745111e-03	7.911976e-01	4.300239e-03
1.935022e+03	8.081106e-01	7.836909e-03	8.055458e-01	4.305865e-03
1.935418e+03	8.080293e-01	9.313249e-03	8.005863e-01	4.311495e-03
1.935814e+03	8.002342e-01	9.462655e-03	7.942550e-01	4.317130e-03
1.936210e+03	7.855147e-01	8.264479e-03	7.914534e-01	4.322768e-03
1.936606e+03	7.871544e-01	8.456866e-03	7.871943e-01	4.328411e-03
1.937002e+03	8.114425e-01	8.606429e-03	7.975876e-01	4.334058e-03
1.937398e+03	8.141308e-01	8.591058e-03	8.020298e-01	4.339709e-03
1.937794e+03	7.954397e-01	8.567006e-03	7.878090e-01	4.345364e-03
1.938190e+03	7.400155e-01	8.390810e-03	7.508886e-01	4.351023e-03
1.938586e+03	6.973693e-01	8.418810e-03	7.143977e-01	4.356686e-03
1.938982e+03	6.966823e-01	8.391603e-03	7.031341e-01	4.362354e-03
1.939378e+03	7.087040e-01	8.224194e-03	7.073982e-01	4.368025e-03
1.939774e+03	7.312885e-01	1.016616e-02	7.173614e-01	4.373701e-03
1.940170e+03	7.514728e-01	1.593990e-02	7.299746e-01	4.379381e-03
1.940566e+03	7.507572e-01	1.588313e-02	7.300729e-01	4.385065e-03
1.940962e+03	7.412417e-01	8.799466e-03	7.355074e-01	4.390753e-03
1.941358e+03	7.860545e-01	9.077514e-03	7.651076e-01	4.396446e-03
1.941754e+03	8.066981e-01	9.255086e-03	7.892535e-01	4.402142e-03
1.942150e+03	7.969036e-01	9.289836e-03	7.947767e-01	4.407843e-03
1.942546e+03	7.983116e-01	9.301028e-03	7.956865e-01	4.413547e-03
1.942942e+03	7.670644e-01	9.116821e-03	7.718718e-01	4.419256e-03
1.943338e+03	7.111062e-01	9.288586e-03	7.289206e-01	4.424969e-03
1.943734e+03	7.295150e-01	9.916608e-03	7.327611e-01	4.430687e-03
1.944130e+03	7.745647e-01	1.055600e-02	7.581304e-01	4.436408e-03
1.944526e+03	7.322216e-01	1.075754e-02	7.337254e-01	4.442133e-03
1.944922e+03	6.959817e-01	1.051194e-02	6.898580e-01	4.447863e-03
1.945318e+03	6.754278e-01	1.033475e-02	6.608183e-01	4.453596e-03
1.945714e+03	6.198725e-01	9.830115e-03	6.252346e-01	4.459334e-03
1.946110e+03	6.394719e-01	9.990976e-03	6.411464e-01	4.465076e-03
1.946506e+03	7.315950e-01	1.086592e-02	7.171257e-01	4.470822e-03
1.946902e+03	7.790987e-01	1.119803e-02	7.692035e-01	4.476573e-03
1.947298e+03	7.746123e-01	1.075364e-02	7.746382e-01	4.482327e-03
1.947694e+03	7.616671e-01	1.028658e-02	7.520379e-01	4.488085e-03
1.948090e+03	7.199947e-01	9.846180e-03	7.172053e-01	4.493848e-03
1.948486e+03	7.078570e-01	9.645168e-03	7.025995e-01	4.499615e-03
1.948882e+03	7.340722e-01	9.761193e-03	7.170263e-01	4.505385e-03
1.949278e+03	7.514792e-01	9.568393e-03	7.271961e-01	4.511160e-03
1.949674e+03	7.584850e-01	9.436313e-03	7.526766e-01	4.516939e-03
1.950070e+03	7.632301e-01	9.322899e-03	7.566590e-01	4.522723e-03
1.950466e+03	7.177989e-01	8.709561e-03	7.186797e-01	4.528510e-03
1.950862e+03	6.893300e-01	8.516877e-03	6.875988e-01	4.534301e-03
1.951258e+03	6.946824e-01	8.922226e-03	6.878326e-01	4.540097e-03
1.951654e+03	nan	nan	7.171599e-01	4.545896e-03
1.952050e+03	7.725774e-01	9.507129e-03	7.447649e-01	4.551700e-03
1.952446e+03	7.604933e-01	1.000508e-02	7.440236e-01	4.557508e-03
1.952842e+03	7.274403e-01	1.544362e-02	7.208513e-01	4.563320e-03
1.953238e+03	7.398209e-01	2.358730e-02	7.163130e-01	4.569136e-03
1.953634e+03	7.903843e-01	2.753341e-02	7.564412e-01	4.574956e-03
1.954030e+03	8.153382e-01	2.363153e-02	7.889275e-01	4.580781e-03
1.954426e+03	7.923882e-01	1.556423e-02	7.879499e-01	4.586609e-03
1.954822e+03	7.951242e-01	9.768778e-03	7.834844e-01	4.592442e-03
1.955218e+03	7.557032e-01	8.177586e-03	7.512156e-01	4.598278e-03
1.955614e+03	7.136572e-01	7.842713e-03	7.086763e-01	4.604119e-03
1.956010e+03	7.149264e-01	7.796613e-03	6.982536e-01	4.609964e-03
1.956406e+03	7.051626e-01	7.701856e-03	7.042473e-01	4.615813e-03
1.956802e+03	7.440791e-01	7.842645e-03	7.364000e-01	4.621666e-03
1.957198e+03	7.852865e-01	7.947435e-03	7.806656e-01	4.627523e-03
1.957594e+03	8.234426e-01	8.073377e-03	8.040937e-01	4.633384e-03
1.957990e+03	7.941232e-01	7.958452e-03	7.907067e-01	4.639250e-03
1.958386e+03	7.873578e-01	8.114915e-03	7.840522e-01	4.645119e-03
1.958782e+03	8.411535e-01	8.444448e-03	8.196368e-01	4.650993e-03
1.959178e+03	8.396610e-01	8.493369e-03	8.248007e-01	4.656870e-03
1.959574e+03	nan	nan	7.887349e-01	4.662752e-03
1.959970e+03	nan	nan	7.541776e-01	4.668638e-03
1.960366e+03	nan	nan	7.257944e-01	4.674528e-03
1.960762e+03	nan	nan	7.027702e-01	4.680422e-03
1.961158e+03	7.073842e-01	8.729134e-03	7.064446e-01	4.686320e-03
1.961554e+03	7.390604e-01	8.517238e-03	7.310352e-01	4.692222e-03
1.961950e+03	7.674107e-01	8.662497e-03	7.544644e-01	4.698129e-03
1.962346e+03	7.752605e-01	8.530063e-03	7.783734e-01	4.704039e-03
1.962742e+03	7.954672e-01	8.620936e-03	7.957612e-01	4.709953e-03
1.963138e+03	nan	nan	7.834873e-01	4.715872e-03
1.963534e+03	7.369358e-01	8.346424e-03	7.428315e-01	4.721795e-03
1.963930e+03	7.384707e-01	8.388991e-03	7.367870e-01	4.727721e-03
1.964326e+03	7.720613e-01	8.563878e-03	7.624993e-01	4.733652e-03
1.964722e+03	7.518405e-01	8.806591e-03	7.506013e-01	4.739587e-03
1.965118e+03	7.415412e-01	9.170210e-03	7.401275e-01	4.745526e-03
1.965514e+03	7.619970e-01	8.663589e-03	7.493430e-01	4.751469e-03
1.965910e+03	7.594459e-01	8.600837e-03	7.513906e-01	4.757416e-03
1.966306e+03	7.672937e-01	8.613547e-03	7.583968e-01	4.763367e-03
1.966702e+03	7.753263e-01	8.578653e-03	7.624647e-01	4.769323e-03
1.967098e+03	7.567718e-01	8.444160e-03	7.476258e-01	4.775282e-03
1.967494e+03	7.383049e-01	8.376279e-03	7.244460e-01	4.781246e-03
1.967890e+03	7.264907e-01	8.261406e-03	7.023686e-01	4.787213e-03
1.968286e+03	7.312425e-01	7.983036e-03	7.170218e-01	4.793185e-03
1.968682e+03	7.650757e-01	7.952667e-03	7.473961e-01	4.799160e-03
1.969078e+03	7.852758e-01	9.180907e-03	7.604326e-01	4.805140e-03
1.969474e+03	nan	nan	7.829366e-01	4.811124e-03
1.969870e+03	nan	nan	8.086069e-01	4.817112e-03
1.970266e+03	nan	nan	8.196590e-01	4.823104e-03
1.970662e+03	8.140143e-01	2.798747e-02	7.799048e-01	4.829100e-03
1.971058e+03	7.218284e-01	2.375676e-02	7.228579e-01	4.835100e-03
1.971454e+03	7.319782e-01	1.571007e-02	7.206957e-01	4.841104e-03
1.971850e+03	7.369852e-01	9.569297e-03	7.369037e-01	4.847112e-03
1.972246e+03	7.575133e-01	7.764276e-03	7.546502e-01	4.853124e-03
1.972642e+03	7.762813e-01	7.694207e-03	7.677888e-01	4.859141e-03
1.973038e+03	7.311696e-01	7.554470e-03	7.370317e-01	4.865161e-03
1.973434e+03	7.203002e-01	7.644331e-03	7.153514e-01	4.871185e-03
1.973830e+03	7.323501e-01	7.761053e-03	7.198103e-01	4.877214e-03
1.974226e+03	7.339542e-01	7.827546e-03	7.244814e-01	4.883246e-03
1.974622e+03	7.666685e-01	8.197405e-03	7.450895e-01	4.889283e-03
1.975018e+03	7.728017e-01	8.326725e-03	7.511315e-01	4.895324e-03
1.975414e+03	7.154039e-01	8.382103e-03	7.101358e-01	4.901368e-03
1.975810e+03	6.430847e-01	8.033931e-03	6.501305e-01	4.907417e-03
1.976206e+03	6.359396e-01	8.034154e-03	6.378400e-01	4.913470e-03
1.976602e+03	6.879218e-01	8.208941e-03	6.797483e-01	4.919527e-03
1.976998e+03	7.309054e-01	8.185178e-03	7.195946e-01	4.925588e-03
1.977394e+03	7.160850e-01	8.170077e-03	7.087022e-01	4.931653e-03
1.977790e+03	6.513778e-01	9.949475e-03	6.501066e-01	4.937722e-03
1.978186e+03	5.903009e-01	1.641560e-02	6.000465e-01	4.943795e-03
1.978582e+03	6.440332e-01	2.521651e-02	6.277566e-01	4.949872e-03
1.978978e+03	7.362793e-01	2.946687e-02	7.004578e-01	4.955953e-03
1.979374e+03	7.332265e-01	2.542199e-02	7.297903e-01	4.962038e-03
1.979770e+03	nan	nan	7.121790e-01	4.968127e-03
1.980166e+03	6.727730e-01	1.199996e-02	6.824256e-01	4.974221e-03
1.980562e+03	6.655968e-01	8.491502e-03	6.659221e-01	4.980318e-03
1.980958e+03	6.994023e-01	8.387230e-03	6.850309e-01	4.986419e-03
1.981354e+03	7.234993e-01	8.132177e-03	7.122856e-01	4.992524e-03
1.981750e+03	7.286671e-01	7.887425e-03	7.222140e-01	4.998634e-03
1.982146e+03	7.262314e-01	7.879461e-03	7.137864e-01	5.004747e-03
1.982542e+03	6.850272e-01	7.710362e-03	6.875615e-01	5.010865e-03
1.982938e+03	6.844691e-01	7.753278e-03	6.876629e-01	5.016986e-03
1.983334e+03	7.370435e-01	8.138223e-03	7.247177e-01	5.023112e-03
1.983730e+03	7.349357e-01	8.229600e-03	7.265791e-01	5.029241e-03
1.984126e+03	7.167637e-01	8.231524e-03	7.076061e-01	5.035375e-03
1.984522e+03	7.229917e-01	7.919473e-03	7.111526e-01	5.041512e-03
1.984918e+03	7.222464e-01	7.908976e-03	7.134063e-01	5.047654e-03
1.985314e+03	7.123977e-01	7.858015e-03	7.135271e-01	5.053800e-03
1.985710e+03	6.917089e-01	7.853044e-03	7.076871e-01	5.059949e-03
1.986106e+03	nan	nan	6.893905e-01	5.066103e-03
1.986502e+03	6.622052e-01	8.248848e-03	6.673112e-01	5.072261e-03
1.986898e+03	6.576155e-01	7.551150e-03	6.629184e-01	5.078422e-03
1.987294e+03	6.934454e-01	7.761038e-03	6.849289e-01	5.084588e-03
1.987690e+03	6.986961e-01	7.818292e-03	7.003061e-01	5.090758e-03
1.988086e+03	6.965097e-01	7.815945e-03	7.009868e-01	5.096931e-03
1.988482e+03	7.214294e-01	7.814306e-03	7.157060e-01	5.103109e-03
1.988878e+03	7.506194e-01	7.897877e-03	7.312950e-01	5.109291e-03
1.989274e+03	7.302709e-01	7.844826e-03	7.124566e-01	5.115477e-03
1.989670e+03	6.973746e-01	7.590359e-03	6.913824e-01	5.121666e-03
1.990066e+03	6.741896e-01	7.429826e-03	6.786285e-01	5.127860e-03
1.990462e+03	6.570188e-01	7.375765e-03	6.654099e-01	5.134058e-03
1.990858e+03	6.580289e-01	7.283754e-03	6.677515e-01	5.140260e-03
1.991254e+03	6.901310e-01	7.306192e-03	6.898892e-01	5.146466e-03
1.991650e+03	6.769377e-01	8.875313e-03	6.916633e-01	5.152675e-03
1.992046e+03	6.645774e-01	7.316320e-03	6.801070e-01	5.158889e-03
1.992442e+03	6.913542e-01	7.290402e-03	6.951586e-01	5.165107e-03
1.992838e+03	7.225813e-01	7.236962e-03	7.183921e-01	5.171329e-03
1.993234e+03	7.160692e-01	7.241630e-03	7.228841e-01	5.177555e-03
1.993630e+03	7.245124e-01	7.253790e-03	7.318092e-01	5.183784e-03
1.994026e+03	7.389547e-01	7.367316e-03	7.339291e-01	5.190018e-03
1.994422e+03	7.190522e-01	7.265362e-03	7.215112e-01	5.196256e-03
1.994818e+03	7.134692e-01	7.288472e-03	7.132752e-01	5.202498e-03
1.995214e+03	7.019860e-01	7.286509e-03	6.988917e-01	5.208744e-03
1.995610e+03	7.025878e-01	7.220355e-03	6.970222e-01	5.214993e-03
1.996006e+03	7.426676e-01	7.343420e-03	7.267629e-01	5.221247e-03
1.996402e+03	7.586549e-01	7.395235e-03	7.484110e-01	5.227505e-03
1.996798e+03	7.407464e-01	7.337364e-03	7.466620e-01	5.233766e-03
1.997194e+03	7.044876e-01	7.200227e-03	7.068668e-01	5.240032e-03
1.997590e+03	6.542293e-01	7.041109e-03	6.522113e-01	5.246302e-03
1.997986e+03	6.808336e-01	7.064161e-03	6.606443e-01	5.252575e-03
1.998382e+03	7.171901e-01	7.074605e-03	7.083991e-01	5.258853e-03
1.998778e+03	7.311847e-01	7.106177e-03	7.343236e-01	5.265135e-03
1.999174e+03	7.392323e-01	7.118571e-03	7.342780e-01	5.271420e-03
1.999570e+03	7.084862e-01	7.009350e-03	7.070662e-01	5.277710e-03
1.999966e+03	6.757100e-01	6.903136e-03	6.811550e-01	5.284003e-03
2.000362e+03	6.891258e-01	6.986875e-03	6.885851e-01	5.290301e-03
2.000758e+03	nan	nan	7.013055e-01	5.296602e-03
2.001154e+03	nan	nan	7.023493e-01	5.302908e-03
2.001550e+03	7.174940e-01	7.060589e-03	7.117253e-01	5.309217e-03
2.001946e+03	6.999900e-01	7.018591e-03	6.983450e-01	5.315530e-03
2.002342e+03	6.645107e-01	6.921016e-03	6.696788e-01	5.321848e-03
2.002738e+03	6.938780e-01	6.990082e-03	6.842146e-01	5.328169e-03
2.003134e+03	7.302908e-01	7.084836e-03	7.212143e-01	5.334494e-03
2.003530e+03	7.280742e-01	7.140069e-03	7.298739e-01	5.340824e-03
2.003926e+03	7.167192e-01	7.136830e-03	7.240095e-01	5.347157e-03
2.004322e+03	7.163390e-01	7.249775e-03	7.194841e-01	5.353494e-03
2.004718e+03	7.194728e-01	7.520668e-03	7.169296e-01	5.359835e-03
2.005114e+03	7.029928e-01	7.340189e-03	7.108442e-01	5.366180e-03
2.005510e+03	6.981688e-01	7.260593e-03	7.050639e-01	5.372529e-03
2.005906e+03	7.010237e-01	7.418239e-03	6.991430e-01	5.378882e-03
2.006302e+03	6.922210e-01	7.230089e-03	6.883325e-01	5.385239e-03
2.006698e+03	6.887614e-01	7.158241e-03	6.811841e-01	5.391600e-03
2.007094e+03	6.984153e-01	7.310085e-03	6.838952e-01	5.397965e-03
2.007490e+03	nan	nan	7.084503e-01	5.404333e-03
2.007886e+03	7.546708e-01	7.492546e-03	7.295083e-01	5.410706e-03
2.008282e+03	7.081941e-01	7.468336e-03	7.000364e-01	5.417083e-03
2.008678e+03	6.507051e-01	7.393676e-03	6.504761e-01	5.423463e-03
2.009074e+03	6.507054e-01	7.380516e-03	6.480104e-01	5.429848e-03
2.009470e+03	6.849612e-01	7.525717e-03	6.787736e-01	5.436236e-03
2.009866e+03	nan	nan	7.010943e-01	5.442629e-03
2.010262e+03	nan	nan	7.050952e-01	5.449025e-03
2.010658e+03	6.908810e-01	7.885140e-03	6.901460e-01	5.455425e-03
2.011054e+03	6.746841e-01	7.793081e-03	6.752248e-01	5.461830e-03
2.011450e+03	6.788715e-01	7.779152e-03	6.732800e-01	5.468238e-03
2.011846e+03	nan	nan	6.858025e-01	5.474650e-03
2.012242e+03	nan	nan	6.982804e-01	5.481066e-03
2.012638e+03	6.856914e-01	8.028619e-03	6.992789e-01	5.487486e-03
2.013034e+03	6.958646e-01	7.723303e-03	7.027694e-01	5.493910e-03
2.013430e+03	6.894071e-01	7.647376e-03	6.922813e-01	5.500338e-03
2.013826e+03	6.791203e-01	7.604086e-03	6.804237e-01	5.506769e-03
2.014222e+03	7.170422e-01	7.692906e-03	7.065477e-01	5.513205e-03
2.014618e+03	7.420880e-01	7.639785e-03	7.399531e-01	5.519644e-03
2.015014e+03	7.352891e-01	7.576504e-03	7.418819e-01	5.526088e-03
2.015410e+03	7.016787e-01	7.483375e-03	7.135591e-01	5.532535e-03
2.015806e+03	nan	nan	6.983858e-01	5.538987e-03
2.016202e+03	nan	nan	6.847001e-01	5.545442e-03
2.016598e+03	6.727185e-01	7.326844e-03	6.670347e-01	5.551901e-03
2.016994e+03	6.613622e-01	7.244570e-03	6.611252e-01	5.558364e-03
2.017390e+03	6.833761e-01	7.300598e-03	6.806528e-01	5.564831e-03
2.017786e+03	7.262750e-01	9.438835e-03	7.108253e-01	5.571302e-03
2.018182e+03	7.180761e-01	7.454345e-03	7.139713e-01	5.577777e-03
2.018578e+03	7.001138e-01	7.407285e-03	7.019069e-01	5.584255e-03
2.018974e+03	6.934154e-01	7.384850e-03	6.898968e-01	5.590738e-03
2.019370e+03	6.677948e-01	7.352489e-03	6.661679e-01	5.597224e-03
2.019766e+03	6.374393e-01	7.286946e-03	6.377600e-01	5.603715e-03
2.020162e+03	nan	nan	6.304100e-01	5.610209e-03
2.020558e+03	nan	nan	6.466133e-01	5.616707e-03
2.020954e+03	7.188143e-01	7.475469e-03	7.025862e-01	5.623209e-03
2.021350e+03	7.500823e-01	7.494962e-03	7.430723e-01	5.629715e-03
2.021746e+03	7.331259e-01	7.433863e-03	7.313976e-01	5.636225e-03
2.022142e+03	7.086598e-01	7.406419e-03	7.108985e-01	5.642739e-03
2.022538e+03	7.026677e-01	7.429253e-03	7.035264e-01	5.649257e-03
2.022934e+03	6.995090e-01	7.533377e-03	7.004793e-01	5.655778e-03
2.023330e+03	6.933985e-01	7.466871e-03	6.937224e-01	5.662304e-03
2.023726e+03	7.124763e-01	7.476672e-03	7.014563e-01	5.668833e-03
2.024122e+03	7.447151e-01	7.452999e-03	7.275551e-01	5.675366e-03
2.024518e+03	7.363377e-01	7.433759e-03	7.305569e-01	5.681903e-03
2.024914e+03	7.234138e-01	7.471773e-03	7.233941e-01	5.688444e-03
2.025310e+03	6.984030e-01	7.570997e-03	7.029394e-01	5.694989e-03
2.025706e+03	6.617159e-01	9.084608e-03	6.669047e-01	5.701538e-03
2.026102e+03	6.565238e-01	1.400067e-02	6.593116e-01	5.708090e-03
2.026498e+03	6.619051e-01	2.053404e-02	6.786416e-01	5.714647e-03
2.026894e+03	6.513560e-01	2.359629e-02	6.814490e-01	5.721207e-03
2.027290e+03	6.620322e-01	2.056136e-02	6.784680e-01	5.727771e-03
2.027686e+03	6.776679e-01	1.411050e-02	6.790362e-01	5.734339e-03
2.028082e+03	6.998155e-01	9.212183e-03	6.898736e-01	5.740911e-03
2.028478e+03	7.246788e-01	7.668983e-03	7.034279e-01	5.747487e-03
2.028874e+03	6.705118e-01	7.368640e-03	6.669952e-01	5.754067e-03
2.029270e+03	6.282768e-01	7.379429e-03	6.303767e-01	5.760651e-03
2.029666e+03	6.636031e-01	7.690235e-03	6.607208e-01	5.767238e-03
2.030062e+03	6.940306e-01	7.843114e-03	6.961655e-01	5.773829e-03
2.030458e+03	6.744399e-01	8.494738e-03	6.867341e-01	5.780424e-03
2.030854e+03	6.546253e-01	7.525202e-03	6.685047e-01	5.787023e-03
2.031250e+03	6.751882e-01	7.347691e-03	6.838565e-01	5.793626e-03
2.031646e+03	7.402817e-01	7.470668e-03	7.297168e-01	5.800233e-03
2.032042e+03	7.717232e-01	7.527198e-03	7.535523e-01	5.806843e-03
2.032438e+03	7.592174e-01	7.686930e-03	7.399027e-01	5.813458e-03
2.032834e+03	7.235925e-01	7.642844e-03	7.156616e-01	5.820076e-03
2.033230e+03	7.028339e-01	7.339116e-03	7.046212e-01	5.826698e-03
2.033626e+03	6.872570e-01	7.260834e-03	6.990917e-01	5.833324e-03
2.034022e+03	6.837035e-01	7.256632e-03	6.983490e-01	5.839954e-03
2.034418e+03	7.024549e-01	7.347549e-03	7.022258e-01	5.846587e-03
2.034814e+03	7.050453e-01	7.278296e-03	6.954062e-01	5.853225e-03
2.035210e+03	6.892816e-01	7.193053e-03	6.743082e-01	5.859866e-03
2.035606e+03	6.535889e-01	7.096952e-03	6.433357e-01	5.866511e-03
2.036002e+03	6.489481e-01	7.100911e-03	6.443376e-01	5.873160e-03
2.036398e+03	7.027240e-01	7.215897e-03	6.929305e-01	5.879813e-03
2.036794e+03	nan	nan	7.395566e-01	5.886470e-03
2.037190e+03	nan	nan	7.350834e-01	5.893130e-03
2.037586e+03	7.237336e-01	7.320170e-03	7.257330e-01	5.899795e-03
2.037982e+03	7.438631e-01	7.334967e-03	7.336173e-01	5.906463e-03
2.038378e+03	7.082485e-01	7.185438e-03	7.153077e-01	5.913135e-03
2.038774e+03	6.853117e-01	7.130397e-03	6.964054e-01	5.919810e-03
2.039170e+03	6.837965e-01	7.143293e-03	6.875073e-01	5.926490e-03
2.039566e+03	6.655644e-01	7.051180e-03	6.744286e-01	5.933174e-03
2.039962e+03	6.776532e-01	7.041643e-03	6.753156e-01	5.939861e-03
2.040358e+03	6.817014e-01	7.035697e-03	6.733137e-01	5.946552e-03
2.040754e+03	6.692136e-01	6.969648e-03	6.641490e-01	5.953247e-03
2.041150e+03	6.616079e-01	6.892485e-03	6.652106e-01	5.959945e-03
2.041546e+03	6.860439e-01	6.885892e-03	6.815580e-01	5.966648e-03
2.041942e+03	7.093508e-01	6.951884e-03	7.031700e-01	5.973354e-03
2.042338e+03	7.092800e-01	6.994619e-03	7.112907e-01	5.980064e-03
2.042734e+03	7.436809e-01	7.108972e-03	7.402980e-01	5.986778e-03
2.043130e+03	7.686602e-01	7.173648e-03	7.558194e-01	5.993496e-03
2.043526e+03	7.207335e-01	7.047904e-03	7.147769e-01	6.000218e-03
2.043922e+03	6.767474e-01	6.928036e-03	6.713412e-01	6.006943e-03
2.044318e+03	6.502778e-01	6.882398e-03	6.574757e-01	6.013672e-03
2.044714e+03	6.411238e-01	6.867075e-03	6.554420e-01	6.020405e-03
2.045110e+03	6.543709e-01	6.898212e-03	6.623383e-01	6.027142e-03
2.045506e+03	6.787762e-01	7.059432e-03	6.723621e-01	6.033882e-03
2.045902e+03	6.824253e-01	7.198012e-03	6.765411e-01	6.040627e-03
2.046298e+03	7.001661e-01	7.170672e-03	6.963140e-01	6.047375e-03
2.046694e+03	7.180254e-01	7.186743e-03	7.219480e-01	6.054127e-03
2.047090e+03	7.122087e-01	7.329678e-03	7.210609e-01	6.060882e-03
2.047486e+03	7.360505e-01	7.564913e-03	7.356590e-01	6.067642e-03
2.047882e+03	7.527179e-01	7.852563e-03	7.480814e-01	6.074405e-03
2.048278e+03	7.205084e-01	7.893203e-03	7.213352e-01	6.081172e-03
2.048674e+03	6.959422e-01	8.670983e-03	6.836688e-01	6.087943e-03
2.049070e+03	nan	nan	6.610389e-01	6.094718e-03
2.049466e+03	nan	nan	6.552268e-01	6.101496e-03
2.049862e+03	nan	nan	6.585171e-01	6.108278e-03
2.050258e+03	6.841741e-01	8.514022e-03	6.810923e-01	6.115064e-03
2.050654e+03	7.171758e-01	7.729200e-03	7.174703e-01	6.121854e-03
2.051050e+03	7.390826e-01	7.760156e-03	7.380524e-01	6.128647e-03
2.051446e+03	7.247310e-01	7.762477e-03	7.296777e-01	6.135444e-03
2.051842e+03	6.930503e-01	7.693070e-03	7.011825e-01	6.142245e-03
2.052238e+03	6.916128e-01	7.731757e-03	6.861497e-01	6.149050e-03
2.052634e+03	7.208092e-01	7.851384e-03	7.055904e-01	6.155859e-03
2.053030e+03	7.417500e-01	8.010490e-03	7.292252e-01	6.162671e-03
2.053426e+03	7.226061e-01	8.062382e-03	7.169974e-01	6.169487e-03
2.053822e+03	6.871823e-01	7.808381e-03	6.851901e-01	6.176307e-03
2.054218e+03	6.451880e-01	7.457533e-03	6.489975e-01	6.183131e-03
2.054614e+03	6.233344e-01	7.315410e-03	6.333889e-01	6.189958e-03
2.055010e+03	6.726872e-01	7.675377e-03	6.715719e-01	6.196789e-03
2.055406e+03	7.078061e-01	7.711487e-03	7.002864e-01	6.203624e-03
2.055802e+03	6.837810e-01	7.603944e-03	6.845302e-01	6.210462e-03
2.056198e+03	6.738245e-01	7.631611e-03	6.828329e-01	6.217305e-03
2.056594e+03	7.137086e-01	7.838373e-03	7.168635e-01	6.224151e-03
2.056990e+03	7.285175e-01	7.927668e-03	7.316541e-01	6.231001e-03
2.057386e+03	7.130397e-01	7.775912e-03	7.237310e-01	6.237854e-03
2.057782e+03	7.238026e-01	7.873978e-03	7.334731e-01	6.244712e-03
2.058178e+03	7.392566e-01	8.003172e-03	7.566486e-01	6.251573e-03
2.058574e+03	7.346885e-01	7.948625e-03	7.546715e-01	6.258437e-03
2.058970e+03	7.153384e-01	7.795426e-03	7.252668e-01	6.265306e-03
2.059366e+03	7.016532e-01	7.689079e-03	7.135521e-01	6.272178e-03
2.059762e+03	7.186443e-01	7.790887e-03	7.253012e-01	6.279054e-03
2.060158e+03	7.208493e-01	7.787171e-03	7.233321e-01	6.285934e-03
2.060554e+03	6.963066e-01	7.675729e-03	7.026016e-01	6.292817e-03
2.060950e+03	6.759554e-01	7.571198e-03	6.838546e-01	6.299704e-03
2.061346e+03	6.794076e-01	7.487136e-03	6.876172e-01	6.306595e-03
2.061742e+03	7.066514e-01	7.512351e-03	7.057035e-01	6.313490e-03
2.062138e+03	6.965413e-01	7.433587e-03	7.007412e-01	6.320388e-03
2.062534e+03	7.017811e-01	7.431117e-03	6.970549e-01	6.327290e-03
2.062930e+03	7.049915e-01	7.415628e-03	7.066744e-01	6.334196e-03
2.063326e+03	6.970475e-01	7.386287e-03	6.961916e-01	6.341106e-03
2.063722e+03	6.718715e-01	7.308408e-03	6.669412e-01	6.348019e-03
2.064118e+03	6.412217e-01	7.203682e-03	6.405740e-01	6.354936e-03
2.064514e+03	6.643708e-01	7.274569e-03	6.532955e-01	6.361856e-03
2.064910e+03	6.805197e-01	7.332302e-03	6.793015e-01	6.368781e-03
2.065306e+03	6.942176e-01	7.379350e-03	6.899523e-01	6.375709e-03
2.065702e+03	6.943946e-01	7.406772e-03	6.840362e-01	6.382640e-03
2.066098e+03	6.889068e-01	7.410320e-03	6.843345e-01	6.389576e-03
2.066494e+03	7.226878e-01	7.481918e-03	7.197203e-01	6.396515e-03
2.066890e+03	7.425833e-01	7.502586e-03	7.407637e-01	6.403458e-03
2.067286e+03	7.019958e-01	7.487756e-03	7.099575e-01	6.410404e-03
2.067682e+03	6.925200e-01	7.554046e-03	6.952467e-01	6.417355e-03
2.068078e+03	7.167572e-01	7.596270e-03	7.163056e-01	6.424308e-03
2.068474e+03	7.181914e-01	7.648176e-03	7.202011e-01	6.431266e-03
2.068870e+03	6.839105e-01	7.695781e-03	6.931110e-01	6.438227e-03
2.069266e+03	6.668329e-01	7.651703e-03	6.758023e-01	6.445192e-03
2.069662e+03	6.880432e-01	7.633342e-03	6.951765e-01	6.452161e-03
2.070058e+03	7.377588e-01	7.852682e-03	7.351943e-01	6.459133e-03
2.070454e+03	7.692918e-01	8.007181e-03	7.639700e-01	6.466109e-03
2.070850e+03	7.718730e-01	8.002137e-03	7.543712e-01	6.473089e-03
2.071246e+03	7.229965e-01	7.827774e-03	7.242873e-01	6.480072e-03
2.071642e+03	6.804569e-01	7.627596e-03	6.883461e-01	6.487059e-03
2.072038e+03	6.713783e-01	7.525647e-03	6.762171e-01	6.494050e-03
2.072434e+03	6.995764e-01	7.806681e-03	6.960204e-01	6.501045e-03
2.072830e+03	7.110164e-01	7.946208e-03	7.097535e-01	6.508043e-03
2.073226e+03	6.949772e-01	7.962262e-03	6.944314e-01	6.515044e-03
2.073622e+03	6.787238e-01	7.793887e-03	6.789261e-01	6.522050e-03
2.074018e+03	6.903247e-01	7.838639e-03	6.860820e-01	6.529059e-03
2.074414e+03	7.031300e-01	7.919589e-03	7.056434e-01	6.536072e-03
2.074810e+03	7.057685e-01	7.948735e-03	7.088782e-01	6.543088e-03
2.075206e+03	6.877406e-01	7.859435e-03	6.913193e-01	6.550108e-03
2.075602e+03	7.085064e-01	7.949097e-03	7.028732e-01	6.557132e-03
2.075998e+03	7.356227e-01	8.091187e-03	7.243111e-01	6.564159e-03
2.076394e+03	6.967579e-01	7.906228e-03	6.981889e-01	6.571190e-03
2.076790e+03	6.821279e-01	7.819305e-03	6.766134e-01	6.578225e-03
2.077186e+03	7.118962e-01	7.837243e-03	6.998643e-01	6.585263e-03
2.077582e+03	7.099832e-01	7.796877e-03	7.123943e-01	6.592305e-03
2.077978e+03	7.126445e-01	8.126967e-03	7.123817e-01	6.599351e-03
2.078374e+03	7.195395e-01	8.164355e-03	7.155317e-01	6.606400e-03
2.078770e+03	7.032284e-01	7.957246e-03	7.106031e-01	6.613453e-03
2.079166e+03	7.037357e-01	8.052052e-03	7.113364e-01	6.620509e-03
2.079562e+03	6.949999e-01	8.002827e-03	7.129139e-01	6.627569e-03
2.079958e+03	7.078681e-01	8.052372e-03	7.158859e-01	6.634633e-03
2.080354e+03	7.209306e-01	7.939765e-03	7.185509e-01	6.641701e-03
2.080750e+03	7.180372e-01	7.948884e-03	7.106851e-01	6.648772e-03
2.081146e+03	7.012050e-01	7.928012e-03	6.903934e-01	6.655846e-03
2.081542e+03	6.845931e-01	7.699093e-03	6.833621e-01	6.662925e-03
2.081938e+03	7.065951e-01	7.660220e-03	7.092964e-01	6.670007e-03
2.082334e+03	7.207767e-01	7.646335e-03	7.280538e-01	6.677092e-03
2.082730e+03	7.071361e-01	7.534966e-03	7.248042e-01	6.684181e-03
2.083126e+03	7.215265e-01	7.578328e-03	7.252669e-01	6.691274e-03
2.083522e+03	7.147299e-01	7.452167e-03	7.173709e-01	6.698370e-03
2.083918e+03	7.112579e-01	7.235498e-03	7.112591e-01	6.705470e-03
2.084314e+03	7.144016e-01	7.149082e-03	7.150472e-01	6.712574e-03
2.084710e+03	7.136591e-01	7.100503e-03	7.175377e-01	6.719681e-03
2.085106e+03	7.087119e-01	7.041796e-03	7.142166e-01	6.726792e-03
2.085502e+03	7.023664e-01	7.095602e-03	7.102293e-01	6.733907e-03
2.085898e+03	7.213841e-01	7.102897e-03	7.235329e-01	6.741025e-03
2.086294e+03	7.257814e-01	7.068932e-03	7.349787e-01	6.748146e-03
2.086690e+03	6.995622e-01	7.014363e-03	7.080699e-01	6.755272e-03
2.087086e+03	6.796232e-01	6.985989e-03	6.784485e-01	6.762401e-03
2.087482e+03	7.028068e-01	7.134887e-03	6.900372e-01	6.769533e-03
2.087878e+03	7.193816e-01	7.254509e-03	7.167966e-01	6.776669e-03
2.088274e+03	7.118934e-01	7.260040e-03	7.174810e-01	6.783809e-03
2.088670e+03	7.125144e-01	7.716189e-03	7.068345e-01	6.790952e-03
2.089066e+03	7.099447e-01	8.154923e-03	6.980033e-01	6.798099e-03
2.089462e+03	6.963215e-01	8.212154e-03	6.942254e-01	6.805249e-03
2.089858e+03	6.845840e-01	8.260577e-03	6.888631e-01	6.812403e-03
2.090254e+03	6.994219e-01	8.342147e-03	6.976985e-01	6.819561e-03
2.090650e+03	7.474788e-01	8.792356e-03	7.359316e-01	6.826722e-03
2.091046e+03	7.743972e-01	9.193979e-03	7.628387e-01	6.833887e-03
2.091442e+03	nan	nan	7.540861e-01	6.841055e-03
2.091838e+03	nan	nan	7.234557e-01	6.848227e-03
2.092234e+03	7.132255e-01	8.244960e-03	7.256790e-01	6.855402e-03
2.092630e+03	7.751712e-01	8.632752e-03	7.596618e-01	6.862581e-03
2.093026e+03	7.806247e-01	8.677880e-03	7.644582e-01	6.869764e-03
2.093422e+03	7.446731e-01	8.455667e-03	7.360818e-01	6.876950e-03
2.093818e+03	7.145961e-01	8.238856e-03	7.039648e-01	6.884140e-03
2.094214e+03	7.015125e-01	8.099173e-03	6.894709e-01	6.891333e-03
2.094610e+03	6.968464e-01	7.748508e-03	6.910707e-01	6.898530e-03
2.095006e+03	6.996546e-01	7.427369e-03	7.022445e-01	6.905730e-03
2.095402e+03	7.065424e-01	7.281525e-03	7.165285e-01	6.912934e-03
2.095798e+03	7.056596e-01	7.142316e-03	7.156042e-01	6.920142e-03
2.096194e+03	6.986727e-01	7.120025e-03	7.083901e-01	6.927353e-03
2.096590e+03	6.940983e-01	7.160338e-03	7.066582e-01	6.934568e-03
2.096986e+03	7.010212e-01	7.185230e-03	7.103816e-01	6.941786e-03
2.097382e+03	7.146639e-01	7.232146e-03	7.131014e-01	6.949007e-03
2.097778e+03	7.251492e-01	7.258588e-03	7.139832e-01	6.956233e-03
2.098174e+03	7.331506e-01	7.316820e-03	7.262075e-01	6.963461e-03
2.098570e+03	7.362341e-01	7.304972e-03	7.380932e-01	6.970694e-03
2.098966e+03	7.310889e-01	7.359502e-03	7.325908e-01	6.977930e-03
2.099362e+03	nan	nan	7.128664e-01	6.985169e-03
2.099758e+03	7.101570e-01	7.546086e-03	7.019481e-01	6.992412e-03
2.100154e+03	7.211866e-01	7.318979e-03	7.133478e-01	6.999659e-03
2.100550e+03	7.358063e-01	7.410308e-03	7.277143e-01	7.006909e-03
2.100946e+03	7.547240e-01	7.477914e-03	7.438895e-01	7.014162e-03
2.101342e+03	7.595605e-01	7.509045e-03	7.464495e-01	7.021419e-03
2.101738e+03	7.238266e-01	7.400280e-03	7.219215e-01	7.028680e-03
2.102134e+03	7.077839e-01	7.367926e-03	7.096345e-01	7.035944e-03
2.102530e+03	7.229065e-01	8.605750e-03	7.226026e-01	7.043211e-03
2.102926e+03	7.311119e-01	8.844868e-03	7.332315e-01	7.050482e-03
2.103322e+03	7.306477e-01	7.751328e-03	7.361210e-01	7.057757e-03
2.103718e+03	7.344532e-01	7.786235e-03	7.432968e-01	7.065035e-03
2.104114e+03	7.400290e-01	7.822202e-03	7.429045e-01	7.072317e-03
2.104510e+03	7.364870e-01	7.847636e-03	7.327075e-01	7.079602e-03
2.104906e+03	7.228318e-01	7.947043e-03	7.155087e-01	7.086891e-03
2.105302e+03	6.942939e-01	7.750715e-03	7.044269e-01	7.094183e-03
2.105698e+03	7.302943e-01	7.921455e-03	7.293126e-01	7.101479e-03
2.106094e+03	7.469453e-01	7.966590e-03	7.529378e-01	7.108778e-03
2.106490e+03	7.582814e-01	8.055706e-03	7.565304e-01	7.116081e-03
2.106886e+03	7.621530e-01	8.056077e-03	7.586607e-01	7.123387e-03
2.107282e+03	7.352374e-01	7.992398e-03	7.414376e-01	7.130696e-03
2.107678e+03	7.192071e-01	7.867392e-03	7.219867e-01	7.138009e-03
2.108074e+03	7.115839e-01	7.805697e-03	7.096392e-01	7.145326e-03
2.108470e+03	6.877890e-01	7.672333e-03	6.895957e-01	7.152646e-03
2.108866e+03	6.952864e-01	7.722458e-03	6.953622e-01	7.159970e-03
2.109262e+03	7.240157e-01	7.892617e-03	7.213291e-01	7.167297e-03
2.109658e+03	7.385655e-01	7.933840e-03	7.338126e-01	7.174628e-03
2.110054e+03	7.398518e-01	7.894038e-03	7.409161e-01	7.181962e-03
2.110450e+03	7.532255e-01	8.635640e-03	7.549516e-01	7.189299e-03
2.110846e+03	7.678837e-01	8.521570e-03	7.637104e-01	7.196640e-03
2.111242e+03	7.463804e-01	7.668676e-03	7.481746e-01	7.203985e-03
2.111638e+03	7.214983e-01	7.572410e-03	7.185569e-01	7.211333e-03
2.112034e+03	nan	nan	7.084621e-01	7.218684e-03
2.112430e+03	7.290978e-01	7.681141e-03	7.174644e-01	7.226039e-03
2.112826e+03	7.245524e-01	7.521133e-03	7.271249e-01	7.233397e-03
2.113222e+03	7.399620e-01	7.667738e-03	7.427411e-01	7.240759e-03
2.113618e+03	7.473927e-01	7.771091e-03	7.502788e-01	7.248124e-03
2.114014e+03	7.572114e-01	7.716569e-03	7.553228e-01	7.255493e-03
2.114410e+03	7.715717e-01	7.675982e-03	7.682175e-01	7.262865e-03
2.114806e+03	7.667583e-01	7.663331e-03	7.649675e-01	7.270241e-03
2.115202e+03	7.519797e-01	7.550134e-03	7.518243e-01	7.277620e-03
2.115598e+03	7.380473e-01	7.545937e-03	7.459485e-01	7.285002e-03
2.115994e+03	7.462319e-01	7.553435e-03	7.513169e-01	7.292388e-03
2.116390e+03	7.559167e-01	7.528861e-03	7.530746e-01	7.299778e-03
2.116786e+03	7.371130e-01	7.504557e-03	7.353114e-01	7.307170e-03
2.117182e+03	7.102950e-01	7.461588e-03	7.131431e-01	7.314567e-03
2.117578e+03	7.003935e-01	7.578818e-03	7.045499e-01	7.321966e-03
2.117974e+03	7.113514e-01	7.757584e-03	7.184826e-01	7.329370e-03
2.118370e+03	7.471164e-01	7.893758e-03	7.424081e-01	7.336776e-03
2.118766e+03	7.469601e-01	7.854536e-03	7.519551e-01	7.344186e-03
2.119162e+03	7.318297e-01	7.810295e-03	7.398723e-01	7.351600e-03
2.119558e+03	7.206025e-01	7.700452e-03	7.317556e-01	7.359017e-03
2.119954e+03	7.346213e-01	8.100903e-03	7.372577e-01	7.366437e-03
2.120350e+03	7.261105e-01	1.069622e-02	7.335720e-01	7.373861e-03
2.120746e+03	7.238937e-01	1.754961e-02	7.385989e-01	7.381288e-03
2.121142e+03	nan	nan	7.469445e-01	7.388718e-03
2.121538e+03	7.091173e-01	2.863793e-02	7.442791e-01	7.396152e-03
2.121934e+03	7.413259e-01	2.521901e-02	7.427180e-01	7.403590e-03
2.122330e+03	7.492604e-01	1.751433e-02	7.517181e-01	7.411030e-03
2.122726e+03	7.577306e-01	1.102637e-02	7.657249e-01	7.418474e-03
2.123122e+03	7.499686e-01	1.020583e-02	7.651347e-01	7.425922e-03
2.123518e+03	7.309973e-01	9.847336e-03	7.456601e-01	7.433373e-03
2.123914e+03	7.457806e-01	8.051713e-03	7.438914e-01	7.440827e-03
2.124310e+03	7.821318e-01	8.359175e-03	7.576465e-01	7.448285e-03
2.124706e+03	7.725205e-01	8.239129e-03	7.734657e-01	7.455746e-03
2.125102e+03	7.863501e-01	8.159249e-03	7.836703e-01	7.463211e-03
2.125498e+03	7.616134e-01	8.038064e-03	7.656449e-01	7.470679e-03
2.125894e+03	7.458561e-01	8.036536e-03	7.472137e-01	7.478150e-03
2.126290e+03	7.389357e-01	8.048293e-03	7.408289e-01	7.485625e-03
2.126686e+03	7.409789e-01	8.045859e-03	7.407989e-01	7.493103e-03
2.127082e+03	7.379924e-01	8.078572e-03	7.403230e-01	7.500585e-03
2.127478e+03	7.257559e-01	7.992181e-03	7.248640e-01	7.508070e-03
2.127874e+03	7.196200e-01	7.944715e-03	7.169364e-01	7.515558e-03
2.128270e+03	7.345732e-01	7.988047e-03	7.315902e-01	7.523050e-03
2.128666e+03	7.242400e-01	8.114015e-03	7.321201e-01	7.530545e-03
2.129062e+03	7.196125e-01	7.959268e-03	7.305742e-01	7.538043e-03
2.129458e+03	7.344636e-01	7.858025e-03	7.369809e-01	7.545545e-03
2.129854e+03	7.395941e-01	7.808486e-03	7.328128e-01	7.553050e-03
2.130250e+03	7.457265e-01	8.388094e-03	7.366419e-01	7.560558e-03
2.130646e+03	7.526659e-01	7.649141e-03	7.494799e-01	7.568070e-03
2.131042e+03	7.599755e-01	7.603202e-03	7.505329e-01	7.575586e-03
2.131438e+03	7.650090e-01	7.578148e-03	7.564826e-01	7.583104e-03
2.131834e+03	7.725723e-01	7.722590e-03	7.626436e-01	7.590626e-03
2.132230e+03	7.545088e-01	7.671679e-03	7.540353e-01	7.598151e-03
2.132626e+03	7.448654e-01	7.507875e-03	7.485517e-01	7.605680e-03
2.133022e+03	7.513828e-01	8.250224e-03	7.595990e-01	7.613212e-03
2.133418e+03	nan	nan	7.654357e-01	7.620747e-03
2.133814e+03	7.566917e-01	7.244681e-03	7.566734e-01	7.628286e-03
2.134210e+03	7.387572e-01	7.189534e-03	7.425244e-01	7.635828e-03
2.134606e+03	7.403853e-01	7.173744e-03	7.411898e-01	7.643373e-03
2.135002e+03	7.602612e-01	7.273959e-03	7.538587e-01	7.650922e-03
2.135398e+03	7.749658e-01	7.338390e-03	7.716568e-01	7.658474e-03
2.135794e+03	7.720409e-01	7.415752e-03	7.763380e-01	7.666030e-03
2.136190e+03	nan	nan	7.624778e-01	7.673588e-03
2.136586e+03	7.611652e-01	8.282977e-03	7.608107e-01	7.681150e-03
2.136982e+03	7.521917e-01	7.581673e-03	7.636730e-01	7.688716e-03
2.137378e+03	7.461506e-01	7.529921e-03	7.562337e-01	7.696284e-03
2.137774e+03	7.545569e-01	7.522710e-03	7.495878e-01	7.703856e-03
2.138170e+03	7.538312e-01	7.441713e-03	7.360039e-01	7.711432e-03
2.138566e+03	7.280460e-01	7.312920e-03	7.292174e-01	7.719010e-03
2.138962e+03	7.312256e-01	7.288361e-03	7.403410e-01	7.726592e-03
2.139358e+03	7.574638e-01	8.692715e-03	7.583697e-01	7.734177e-03
2.139754e+03	nan	nan	7.666572e-01	7.741766e-03
2.140150e+03	7.486511e-01	7.314515e-03	7.511811e-01	7.749358e-03
2.140546e+03	7.239796e-01	7.810441e-03	7.326036e-01	7.756953e-03
2.140942e+03	7.332342e-01	7.884119e-03	7.362513e-01	7.764552e-03
2.141338e+03	7.451516e-01	7.908120e-03	7.454667e-01	7.772153e-03
2.141734e+03	7.492444e-01	8.640835e-03	7.528556e-01	7.779758e-03
2.142130e+03	7.355131e-01	8.503221e-03	7.498099e-01	7.787367e-03
2.142526e+03	7.391993e-01	7.268781e-03	7.326314e-01	7.794978e-03
2.142922e+03	7.290574e-01	7.154492e-03	7.332518e-01	7.802593e-03
2.143318e+03	7.397143e-01	7.077145e-03	7.557549e-01	7.810212e-03
2.143714e+03	7.719105e-01	7.209457e-03	7.804208e-01	7.817833e-03
2.144110e+03	7.986459e-01	7.362165e-03	7.935377e-01	7.825458e-03
2.144506e+03	7.941655e-01	7.390339e-03	7.940585e-01	7.833086e-03
2.144902e+03	7.931984e-01	7.379352e-03	7.948495e-01	7.840718e-03
2.145298e+03	7.849970e-01	7.381129e-03	7.935186e-01	7.848352e-03
2.145694e+03	7.776272e-01	7.356670e-03	7.837141e-01	7.855990e-03
2.146090e+03	7.812482e-01	7.368600e-03	7.783711e-01	7.863631e-03
2.146486e+03	7.919349e-01	7.379707e-03	7.781855e-01	7.871276e-03
2.146882e+03	7.822286e-01	7.399315e-03	7.738172e-01	7.878924e-03
2.147278e+03	7.803861e-01	7.407211e-03	7.727922e-01	7.886575e-03
2.147674e+03	7.689724e-01	7.398470e-03	7.683467e-01	7.894229e-03
2.148070e+03	7.529828e-01	7.354387e-03	7.634470e-01	7.901886e-03
2.148466e+03	7.560349e-01	7.399344e-03	7.637449e-01	7.909547e-03
2.148862e+03	7.493642e-01	7.578081e-03	7.508472e-01	7.917211e-03
2.149258e+03	7.398955e-01	7.705580e-03	7.409807e-01	7.924879e-03
2.149654e+03	7.365943e-01	7.701966e-03	7.392570e-01	7.932549e-03
2.150050e+03	7.266509e-01	7.421138e-03	7.299307e-01	7.940223e-03
2.150446e+03	7.299426e-01	7.440191e-03	7.274782e-01	7.947900e-03
2.150842e+03	7.543836e-01	7.436320e-03	7.516352e-01	7.955580e-03
2.151238e+03	7.791702e-01	7.727137e-03	7.751592e-01	7.963264e-03
2.151634e+03	7.758520e-01	7.820563e-03	7.766807e-01	7.970951e-03
2.152030e+03	7.530929e-01	7.371803e-03	7.608965e-01	7.978641e-03
2.152426e+03	7.483783e-01	7.168814e-03	7.545896e-01	7.986334e-03
2.152822e+03	7.406871e-01	7.163490e-03	7.512287e-01	7.994030e-03
2.153218e+03	7.354635e-01	7.070732e-03	7.471882e-01	8.001730e-03
2.153614e+03	7.554523e-01	7.242000e-03	7.621676e-01	8.009433e-03
2.154010e+03	7.676331e-01	7.280019e-03	7.728574e-01	8.017139e-03
2.154406e+03	7.626944e-01	7.270946e-03	7.674455e-01	8.024849e-03
2.154802e+03	7.703243e-01	8.872074e-03	7.706833e-01	8.032561e-03
2.155198e+03	7.742670e-01	9.810748e-03	7.716989e-01	8.040277e-03
2.155594e+03	7.749501e-01	8.532369e-03	7.682074e-01	8.047996e-03
2.155990e+03	7.596806e-01	9.021520e-03	7.588677e-01	8.055718e-03
2.156386e+03	7.480030e-01	9.521275e-03	7.534793e-01	8.063444e-03
2.156782e+03	7.655600e-01	9.911669e-03	7.617433e-01	8.071172e-03
2.157178e+03	7.815546e-01	1.010064e-02	7.737071e-01	8.078904e-03
2.157574e+03	7.806461e-01	1.003917e-02	7.817466e-01	8.086639e-03
2.157970e+03	7.808088e-01	1.061380e-02	7.847344e-01	8.094378e-03
2.158366e+03	7.818029e-01	1.095830e-02	7.816745e-01	8.102119e-03
2.158762e+03	7.803413e-01	1.090911e-02	7.779518e-01	8.109864e-03
2.159158e+03	7.708284e-01	1.094199e-02	7.700903e-01	8.117612e-03
2.159554e+03	7.637447e-01	1.096593e-02	7.617751e-01	8.125363e-03
2.159950e+03	7.578423e-01	1.067920e-02	7.608870e-01	8.133117e-03
2.160346e+03	7.447731e-01	9.091683e-03	7.561861e-01	8.140874e-03
2.160742e+03	7.578483e-01	8.289319e-03	7.651083e-01	8.148635e-03
2.161138e+03	7.924817e-01	8.398250e-03	7.917198e-01	8.156399e-03
2.161534e+03	7.998372e-01	8.467886e-03	7.967403e-01	8.164166e-03
2.161930e+03	7.705652e-01	8.314686e-03	7.732191e-01	8.171936e-03
2.162326e+03	7.545787e-01	8.261797e-03	7.584500e-01	8.179709e-03
2.162722e+03	7.679188e-01	8.543824e-03	7.677299e-01	8.187486e-03
2.163118e+03	7.674883e-01	1.047933e-02	7.666857e-01	8.195265e-03
2.163514e+03	7.605683e-01	1.176362e-02	7.618038e-01	8.203048e-03
2.163910e+03	7.773081e-01	1.212350e-02	7.747328e-01	8.210834e-03
2.164306e+03	nan	nan	7.831598e-01	8.218623e-03
2.164702e+03	nan	nan	7.831466e-01	8.226416e-03
2.165098e+03	7.823552e-01	1.296632e-02	7.805309e-01	8.234211e-03
2.165494e+03	7.773669e-01	1.290364e-02	7.669891e-01	8.242010e-03
2.165890e+03	7.605031e-01	1.271979e-02	7.574818e-01	8.249812e-03
2.166286e+03	7.694768e-01	1.295643e-02	7.664835e-01	8.257617e-03
2.166682e+03	7.757206e-01	1.297771e-02	7.777644e-01	8.265425e-03
2.167078e+03	7.765588e-01	1.243797e-02	7.766249e-01	8.273236e-03
2.167474e+03	7.745728e-01	1.154695e-02	7.708614e-01	8.281050e-03
2.167870e+03	7.969721e-01	1.000180e-02	7.800540e-01	8.288868e-03
2.168266e+03	7.958311e-01	8.513798e-03	7.980908e-01	8.296688e-03
2.168662e+03	8.035417e-01	8.323079e-03	8.070222e-01	8.304512e-03
2.169058e+03	8.081632e-01	8.346740e-03	8.010774e-01	8.312339e-03
2.169454e+03	7.953887e-01	8.297901e-03	7.938052e-01	8.320169e-03
2.169850e+03	7.882920e-01	8.099262e-03	7.883613e-01	8.328002e-03
2.170246e+03	nan	nan	7.719822e-01	8.335839e-03
2.170642e+03	nan	nan	7.517427e-01	8.343678e-03
2.171038e+03	7.550395e-01	7.742404e-03	7.524613e-01	8.351521e-03
2.171434e+03	7.604960e-01	7.763672e-03	7.586987e-01	8.359366e-03
2.171830e+03	7.683439e-01	7.818942e-03	7.686935e-01	8.367215e-03
2.172226e+03	nan	nan	7.759527e-01	8.375067e-03
2.172622e+03	nan	nan	7.657828e-01	8.382922e-03
2.173018e+03	7.559328e-01	7.534332e-03	7.603793e-01	8.390780e-03
2.173414e+03	7.640228e-01	7.583984e-03	7.697361e-01	8.398641e-03
2.173810e+03	7.787682e-01	7.807102e-03	7.774782e-01	8.406505e-03
2.174206e+03	7.841524e-01	8.092444e-03	7.739251e-01	8.414373e-03
2.174602e+03	7.774544e-01	7.703280e-03	7.819645e-01	8.422243e-03
2.174998e+03	7.884027e-01	7.956529e-03	7.953177e-01	8.430117e-03
2.175394e+03	7.831933e-01	8.898229e-03	7.871864e-01	8.437994e-03
2.175790e+03	7.720800e-01	8.819602e-03	7.694894e-01	8.445873e-03
2.176186e+03	7.723028e-01	8.587650e-03	7.554439e-01	8.453756e-03
2.176582e+03	7.559799e-01	8.623667e-03	7.538195e-01	8.461642e-03
2.176978e+03	7.629042e-01	8.622094e-03	7.585594e-01	8.469531e-03
2.177374e+03	7.619423e-01	8.594770e-03	7.600937e-01	8.477424e-03
2.177770e+03	7.613637e-01	8.582350e-03	7.616666e-01	8.485319e-03
2.178166e+03	7.584781e-01	8.486316e-03	7.672232e-01	8.493217e-03
2.178562e+03	7.460609e-01	8.535075e-03	7.676585e-01	8.501118e-03
2.178958e+03	7.458561e-01	8.516533e-03	7.638564e-01	8.509023e-03
2.179354e+03	7.535263e-01	8.346247e-03	7.650571e-01	8.516930e-03
2.179750e+03	7.694770e-01	9.105322e-03	7.741693e-01	8.524841e-03
2.180146e+03	7.670257e-01	7.857898e-03	7.751176e-01	8.532754e-03
2.180542e+03	7.688384e-01	7.808215e-03	7.708173e-01	8.540671e-03
2.180938e+03	7.775467e-01	7.813319e-03	7.749418e-01	8.548591e-03
2.181334e+03	7.938056e-01	7.690206e-03	7.849629e-01	8.556514e-03
2.181730e+03	8.035460e-01	7.682201e-03	7.950161e-01	8.564440e-03
2.182126e+03	7.854733e-01	7.598293e-03	7.848161e-01	8.572368e-03
2.182522e+03	7.668657e-01	7.512910e-03	7.640413e-01	8.580300e-03
2.182918e+03	7.610005e-01	7.490948e-03	7.608279e-01	8.588235e-03
2.183314e+03	7.598621e-01	7.613831e-03	7.625009e-01	8.596173e-03
2.183710e+03	7.663626e-01	7.657565e-03	7.720226e-01	8.604114e-03
2.184106e+03	7.677475e-01	7.641494e-03	7.847168e-01	8.612059e-03
2.184502e+03	7.728998e-01	8.099653e-03	7.815182e-01	8.620006e-03
2.184898e+03	7.632357e-01	7.512502e-03	7.765453e-01	8.627956e-03
2.185294e+03	7.810144e-01	7.475824e-03	7.750490e-01	8.635909e-03
2.185690e+03	7.786829e-01	7.456658e-03	7.780510e-01	8.643865e-03
2.186086e+03	7.652264e-01	7.455274e-03	7.736220e-01	8.651825e-03
2.186482e+03	nan	nan	7.675608e-01	8.659787e-03
2.186878e+03	nan	nan	7.765691e-01	8.667752e-03
2.187274e+03	nan	nan	7.788637e-01	8.675721e-03
2.187670e+03	7.923306e-01	1.102951e-02	7.713204e-01	8.683692e-03
2.188066e+03	nan	nan	7.755569e-01	8.691666e-03
2.188462e+03	nan	nan	7.822692e-01	8.699644e-03
2.188858e+03	7.860387e-01	6.998786e-03	7.842544e-01	8.707624e-03
2.189254e+03	7.884368e-01	7.094065e-03	7.802018e-01	8.715607e-03
2.189650e+03	7.783819e-01	7.055329e-03	7.716880e-01	8.723594e-03
2.190046e+03	7.686627e-01	6.945710e-03	7.657650e-01	8.731583e-03
2.190442e+03	7.613848e-01	6.917398e-03	7.668496e-01	8.739575e-03
2.190838e+03	7.758196e-01	6.979469e-03	7.771912e-01	8.747571e-03
2.191234e+03	7.914112e-01	7.002526e-03	7.881633e-01	8.755569e-03
2.191630e+03	8.033047e-01	6.963882e-03	7.898790e-01	8.763570e-03
2.192026e+03	7.734011e-01	7.090081e-03	7.837320e-01	8.771575e-03
2.192422e+03	7.693520e-01	7.121131e-03	7.758062e-01	8.779582e-03
2.192818e+03	7.684669e-01	7.290841e-03	7.598703e-01	8.787592e-03
2.193214e+03	7.456472e-01	6.992378e-03	7.474375e-01	8.795606e-03
2.193610e+03	7.569144e-01	7.127202e-03	7.574060e-01	8.803622e-03
2.194006e+03	nan	nan	7.715879e-01	8.811641e-03
2.194402e+03	nan	nan	7.761846e-01	8.819663e-03
2.194798e+03	nan	nan	7.852731e-01	8.827689e-03
2.195194e+03	nan	nan	7.947499e-01	8.835717e-03
2.195590e+03	7.988603e-01	7.113902e-03	7.895947e-01	8.843748e-03
2.195986e+03	7.846435e-01	6.979446e-03	7.819138e-01	8.851782e-03
2.196382e+03	7.933558e-01	7.095780e-03	7.860109e-01	8.859819e-03
2.196778e+03	nan	nan	7.874922e-01	8.867859e-03
2.197174e+03	7.754926e-01	7.448936e-03	7.756261e-01	8.875902e-03
2.197570e+03	7.650451e-01	7.426656e-03	7.691431e-01	8.883948e-03
2.197966e+03	7.802421e-01	7.463989e-03	7.780380e-01	8.891996e-03
2.198362e+03	7.973607e-01	7.782976e-03	7.868515e-01	8.900048e-03
2.198758e+03	7.867232e-01	7.382651e-03	7.868644e-01	8.908103e-03
2.199154e+03	7.707633e-01	7.599929e-03	7.845554e-01	8.916161e-03
2.199550e+03	7.793954e-01	7.934213e-03	7.858077e-01	8.924221e-03
2.199946e+03	7.807761e-01	7.944580e-03	7.844773e-01	8.932285e-03
2.200342e+03	7.734212e-01	7.708694e-03	7.808638e-01	8.940351e-03
2.200738e+03	7.795531e-01	7.709558e-03	7.796584e-01	8.948421e-03
2.201134e+03	7.876306e-01	7.563795e-03	7.839802e-01	8.956493e-03
2.201530e+03	7.925097e-01	7.474252e-03	7.874000e-01	8.964568e-03
2.201926e+03	7.929924e-01	7.431105e-03	7.824990e-01	8.972646e-03
2.202322e+03	7.708931e-01	7.090195e-03	7.800630e-01	8.980727e-03
2.202718e+03	7.736211e-01	7.067988e-03	7.801164e-01	8.988811e-03
2.203114e+03	7.680907e-01	7.087655e-03	7.697073e-01	8.996898e-03
2.203510e+03	7.741019e-01	7.163973e-03	7.559293e-01	9.004988e-03
2.203906e+03	7.552085e-01	7.033879e-03	7.537607e-01	9.013081e-03
2.204302e+03	7.681880e-01	7.014712e-03	7.628869e-01	9.021177e-03
2.204698e+03	7.667968e-01	6.983040e-03	7.689677e-01	9.029275e-03
2.205094e+03	7.593324e-01	6.941603e-03	7.661453e-01	9.037377e-03
2.205490e+03	7.575856e-01	6.968989e-03	7.634685e-01	9.045481e-03
2.205886e+03	7.428462e-01	6.933600e-03	7.547564e-01	9.053588e-03
2.206282e+03	nan	nan	7.333232e-01	9.061698e-03
2.206678e+03	nan	nan	7.308727e-01	9.069811e-03
2.207074e+03	7.563549e-01	7.057148e-03	7.530310e-01	9.077927e-03
2.207470e+03	7.827238e-01	7.054144e-03	7.740480e-01	9.086046e-03
2.207866e+03	7.837141e-01	7.055188e-03	7.732145e-01	9.094168e-03
2.208262e+03	7.592360e-01	7.101358e-03	7.533538e-01	9.102292e-03
2.208658e+03	7.319484e-01	7.020442e-03	7.370376e-01	9.110420e-03
2.209054e+03	7.376290e-01	7.074818e-03	7.433039e-01	9.118550e-03
2.209450e+03	7.672947e-01	7.397652e-03	7.668691e-01	9.126683e-03
2.209846e+03	nan	nan	7.811966e-01	9.134819e-03
2.210242e+03	nan	nan	7.781056e-01	9.142958e-03
2.210638e+03	7.737543e-01	7.384608e-03	7.689812e-01	9.151100e-03
2.211034e+03	7.705622e-01	7.206214e-03	7.665104e-01	9.159245e-03
2.211430e+03	7.737153e-01	7.204797e-03	7.719985e-01	9.167392e-03
2.211826e+03	7.964111e-01	7.282020e-03	7.874339e-01	9.175543e-03
2.212222e+03	8.152369e-01	7.383519e-03	7.998014e-01	9.183696e-03
2.212618e+03	8.033209e-01	7.324391e-03	7.966424e-01	9.191852e-03
2.213014e+03	7.829101e-01	7.329829e-03	7.834932e-01	9.200011e-03
2.213410e+03	7.796401e-01	7.360345e-03	7.766062e-01	9.208173e-03
2.213806e+03	7.885843e-01	7.464684e-03	7.810955e-01	9.216337e-03
2.214202e+03	7.992849e-01	7.734161e-03	7.892599e-01	9.224505e-03
2.214598e+03	8.005292e-01	7.904576e-03	7.911312e-01	9.232675e-03
2.214994e+03	7.903738e-01	7.776161e-03	7.855990e-01	9.240848e-03
2.215390e+03	7.937432e-01	7.657225e-03	7.814488e-01	9.249024e-03
2.215786e+03	7.933371e-01	7.822480e-03	7.774269e-01	9.257203e-03
2.216182e+03	7.845508e-01	7.983731e-03	7.736418e-01	9.265384e-03
2.216578e+03	7.822498e-01	8.150946e-03	7.708189e-01	9.273569e-03
2.216974e+03	7.711890e-01	8.317924e-03	7.646893e-01	9.281756e-03
2.217370e+03	7.627654e-01	8.563928e-03	7.637281e-01	9.289946e-03
2.217766e+03	7.758819e-01	8.616968e-03	7.769561e-01	9.298139e-03
2.218162e+03	7.896086e-01	8.628622e-03	7.932040e-01	9.306335e-03
2.218558e+03	8.043308e-01	8.746978e-03	7.957028e-01	9.314533e-03
2.218954e+03	7.851228e-01	8.635982e-03	7.751574e-01	9.322735e-03
2.219350e+03	7.571020e-01	8.472217e-03	7.523741e-01	9.330939e-03
2.219746e+03	7.545177e-01	8.446006e-03	7.476915e-01	9.339146e-03
2.220142e+03	7.600197e-01	8.091168e-03	7.517421e-01	9.347356e-03
2.220538e+03	7.632482e-01	7.995406e-03	7.582048e-01	9.355568e-03
2.220934e+03	7.614297e-01	8.005047e-03	7.597485e-01	9.363784e-03
2.221330e+03	7.721220e-01	8.118051e-03	7.554451e-01	9.372002e-03
2.221726e+03	7.818131e-01	8.222149e-03	7.615740e-01	9.380223e-03
2.222122e+03	7.910846e-01	8.251285e-03	7.782071e-01	9.388446e-03
2.222518e+03	8.002218e-01	8.262905e-03	7.894113e-01	9.396673e-03
2.222914e+03	nan	nan	7.876558e-01	9.404902e-03
2.223310e+03	nan	nan	7.792694e-01	9.413134e-03
2.223706e+03	7.843324e-01	8.208020e-03	7.770465e-01	9.421369e-03
2.224102e+03	7.970247e-01	8.252589e-03	7.863638e-01	9.429607e-03
2.224498e+03	8.132400e-01	8.315513e-03	7.994582e-01	9.437847e-03
2.224894e+03	8.193803e-01	8.300408e-03	8.051538e-01	9.446090e-03
2.225290e+03	8.169350e-01	8.284419e-03	8.039686e-01	9.454336e-03
2.225686e+03	8.220241e-01	8.113501e-03	8.034124e-01	9.462585e-03
2.226082e+03	8.089380e-01	7.949703e-03	7.959406e-01	9.470836e-03
2.226478e+03	7.779990e-01	7.707889e-03	7.785699e-01	9.479090e-03
2.226874e+03	7.860268e-01	7.911501e-03	7.724190e-01	9.487347e-03
2.227270e+03	7.900083e-01	7.879037e-03	7.734648e-01	9.495607e-03
2.227666e+03	7.680803e-01	7.590869e-03	7.653540e-01	9.503870e-03
2.228062e+03	7.714467e-01	7.437045e-03	7.645198e-01	9.512135e-03
2.228458e+03	7.792566e-01	7.398139e-03	7.680269e-01	9.520403e-03
2.228854e+03	7.737210e-01	7.375845e-03	7.612927e-01	9.528673e-03
2.229250e+03	7.814569e-01	7.425372e-03	7.599569e-01	9.536947e-03
2.229646e+03	7.818921e-01	7.283503e-03	7.660644e-01	9.545223e-03
2.230042e+03	7.772353e-01	7.288070e-03	7.686738e-01	9.553502e-03
2.230438e+03	7.856774e-01	7.332123e-03	7.790738e-01	9.561784e-03
2.230834e+03	8.048664e-01	7.408223e-03	7.966600e-01	9.570068e-03
2.231230e+03	8.031051e-01	7.493219e-03	8.022456e-01	9.578355e-03
2.231626e+03	7.884933e-01	7.524162e-03	7.971814e-01	9.586645e-03
2.232022e+03	7.919876e-01	7.586530e-03	7.957348e-01	9.594937e-03
2.232418e+03	7.917521e-01	7.591964e-03	7.915545e-01	9.603233e-03
2.232814e+03	7.826962e-01	7.524603e-03	7.770356e-01	9.611531e-03
2.233210e+03	7.658202e-01	7.513449e-03	7.655000e-01	9.619831e-03
2.233606e+03	7.730523e-01	7.250356e-03	7.687865e-01	9.628135e-03
2.234002e+03	7.806930e-01	7.237390e-03	7.746897e-01	9.636441e-03
2.234398e+03	7.797880e-01	7.813428e-03	7.693673e-01	9.644750e-03
2.234794e+03	7.568275e-01	7.201979e-03	7.596907e-01	9.653061e-03
2.235190e+03	7.588307e-01	7.150314e-03	7.551851e-01	9.661375e-03
2.235586e+03	7.503899e-01	7.107257e-03	7.523491e-01	9.669692e-03
2.235982e+03	7.481399e-01	7.127253e-03	7.533235e-01	9.678012e-03
2.236378e+03	7.501914e-01	7.306267e-03	7.569241e-01	9.686334e-03
2.236774e+03	7.715855e-01	7.534525e-03	7.706052e-01	9.694659e-03
2.237170e+03	7.965542e-01	7.922352e-03	7.870406e-01	9.702987e-03
2.237566e+03	7.960651e-01	7.940682e-03	7.896634e-01	9.711317e-03
2.237962e+03	7.905937e-01	8.085739e-03	7.861871e-01	9.719650e-03
2.238358e+03	8.015410e-01	1.000713e-02	7.825295e-01	9.727986e-03
2.238754e+03	7.844245e-01	8.596245e-03	7.760477e-01	9.736324e-03
2.239150e+03	7.684354e-01	8.828198e-03	7.749711e-01	9.744665e-03
2.239546e+03	nan	nan	7.909474e-01	9.753009e-03
2.239942e+03	8.048662e-01	8.332135e-03	8.067742e-01	9.761355e-03
2.240338e+03	8.035305e-01	8.155054e-03	8.054139e-01	9.769704e-03
2.240734e+03	8.015723e-01	8.101780e-03	8.004350e-01	9.778056e-03
2.241130e+03	7.964824e-01	7.963988e-03	7.950810e-01	9.786410e-03
2.241526e+03	7.857853e-01	7.795808e-03	7.827723e-01	9.794767e-03
2.241922e+03	7.744134e-01	7.670190e-03	7.712585e-01	9.803127e-03
2.242318e+03	7.757827e-01	7.577646e-03	7.688340e-01	9.811489e-03
2.242714e+03	7.721663e-01	7.449879e-03	7.662086e-01	9.819854e-03
2.243110e+03	nan	nan	7.621548e-01	9.828222e-03
2.243506e+03	7.679420e-01	7.267184e-03	7.606795e-01	9.836592e-03
2.243902e+03	7.649586e-01	6.845824e-03	7.649677e-01	9.844965e-03
2.244298e+03	7.785242e-01	6.894977e-03	7.674917e-01	9.853341e-03
2.244694e+03	7.745708e-01	6.861326e-03	7.625824e-01	9.861719e-03
2.245090e+03	7.770175e-01	6.863442e-03	7.695948e-01	9.870099e-03
2.245486e+03	8.052949e-01	6.911512e-03	7.951385e-01	9.878483e-03
2.245882e+03	8.121852e-01	6.961905e-03	8.070414e-01	9.886869e-03
2.246278e+03	7.904185e-01	6.858517e-03	7.945971e-01	9.895258e-03
2.246674e+03	7.758111e-01	6.850619e-03	7.763551e-01	9.903649e-03
2.247070e+03	7.718951e-01	6.826270e-03	7.683548e-01	9.912043e-03
2.247466e+03	7.659554e-01	6.796910e-03	7.653437e-01	9.920439e-03
2.247862e+03	7.678003e-01	6.871389e-03	7.678097e-01	9.928838e-03
2.248258e+03	7.792039e-01	6.932866e-03	7.752373e-01	9.937240e-03
2.248654e+03	7.905889e-01	6.945160e-03	7.892809e-01	9.945644e-03
2.249050e+03	8.059147e-01	6.968080e-03	7.987621e-01	9.954051e-03
2.249446e+03	7.883938e-01	6.951939e-03	7.832321e-01	9.962461e-03
2.249842e+03	7.684006e-01	7.003724e-03	7.611219e-01	9.970873e-03
2.250238e+03	7.540456e-01	6.954210e-03	7.500740e-01	9.979288e-03
2.250634e+03	nan	nan	7.601155e-01	9.987705e-03
2.251030e+03	nan	nan	7.841246e-01	9.996125e-03
2.251426e+03	nan	nan	7.939229e-01	1.000455e-02
2.251822e+03	nan	nan	7.818823e-01	1.001297e-02
2.252218e+03	7.722900e-01	6.998153e-03	7.745861e-01	1.002140e-02
2.252614e+03	7.788670e-01	7.023447e-03	7.749612e-01	1.002983e-02
2.253010e+03	7.816042e-01	7.076342e-03	7.777135e-01	1.003826e-02
2.253406e+03	7.871776e-01	7.096869e-03	7.816912e-01	1.004670e-02
2.253802e+03	8.021381e-01	8.125615e-03	7.768211e-01	1.005514e-02
2.254198e+03	7.667664e-01	1.020008e-02	7.673972e-01	1.006358e-02
2.254594e+03	7.470111e-01	1.014094e-02	7.522947e-01	1.007202e-02
2.254990e+03	7.479415e-01	7.386833e-03	7.486653e-01	1.008047e-02
2.255386e+03	7.728572e-01	7.327590e-03	7.645918e-01	1.008891e-02
2.255782e+03	7.739109e-01	7.060069e-03	7.744032e-01	1.009736e-02
2.256178e+03	7.714788e-01	7.283333e-03	7.749301e-01	1.010582e-02
2.256574e+03	7.786914e-01	7.682244e-03	7.820209e-01	1.011427e-02
2.256970e+03	7.893875e-01	7.765627e-03	7.904417e-01	1.012273e-02
2.257366e+03	7.827493e-01	7.680310e-03	7.777010e-01	1.013119e-02
2.257762e+03	7.569386e-01	7.284318e-03	7.531933e-01	1.013966e-02
2.258158e+03	7.557227e-01	7.173867e-03	7.538404e-01	1.014812e-02
2.258554e+03	7.738990e-01	7.199183e-03	7.687011e-01	1.015659e-02
2.258950e+03	7.862821e-01	7.227376e-03	7.780613e-01	1.016506e-02
2.259346e+03	7.833017e-01	7.092708e-03	7.751412e-01	1.017354e-02
2.259742e+03	7.803208e-01	6.772333e-03	7.734426e-01	1.018201e-02
2.260138e+03	7.746490e-01	6.630222e-03	7.719369e-01	1.019049e-02
2.260534e+03	7.688385e-01	6.628338e-03	7.656519e-01	1.019897e-02
2.260930e+03	7.687445e-01	6.658584e-03	7.687878e-01	1.020746e-02
2.261326e+03	7.697174e-01	6.952220e-03	7.705905e-01	1.021594e-02
2.261722e+03	7.678650e-01	7.008172e-03	7.701256e-01	1.022443e-02
2.262118e+03	7.633633e-01	6.804249e-03	7.678031e-01	1.023292e-02
2.262514e+03	7.612901e-01	6.646162e-03	7.682337e-01	1.024142e-02
2.262910e+03	7.558480e-01	7.553963e-03	7.645210e-01	1.024991e-02
2.263306e+03	nan	nan	7.528282e-01	1.025841e-02
2.263702e+03	7.550747e-01	2.273321e-02	7.518610e-01	1.026691e-02
2.264098e+03	7.640388e-01	4.157343e-02	7.552631e-01	1.027542e-02
2.264494e+03	nan	nan	7.519700e-01	1.028392e-02
2.264890e+03	8.255262e-01	6.862509e-02	7.502100e-01	1.029243e-02
2.265286e+03	nan	nan	7.588459e-01	1.030094e-02
2.265682e+03	7.588206e-01	4.160593e-02	7.655916e-01	1.030946e-02
2.266078e+03	7.629523e-01	2.279849e-02	7.693637e-01	1.031797e-02
2.266474e+03	7.607363e-01	1.112880e-02	7.632353e-01	1.032649e-02
2.266870e+03	7.637655e-01	7.301246e-03	7.591758e-01	1.033501e-02
2.267266e+03	7.795687e-01	6.855220e-03	7.691869e-01	1.034354e-02
2.267662e+03	7.833989e-01	7.273227e-03	7.795422e-01	1.035206e-02
2.268058e+03	7.890302e-01	7.280991e-03	7.841649e-01	1.036059e-02
2.268454e+03	7.771351e-01	6.886103e-03	7.798020e-01	1.036912e-02
2.268850e+03	7.639975e-01	6.936849e-03	7.669693e-01	1.037766e-02
2.269246e+03	7.599835e-01	6.903876e-03	7.639053e-01	1.038619e-02
2.269642e+03	7.710949e-01	6.999593e-03	7.688720e-01	1.039473e-02
2.270038e+03	7.613972e-01	7.057234e-03	7.620089e-01	1.040327e-02
2.270434e+03	7.518936e-01	7.036810e-03	7.530721e-01	1.041181e-02
2.270830e+03	nan	nan	7.617018e-01	1.042036e-02
2.271226e+03	nan	nan	7.740379e-01	1.042891e-02
2.271622e+03	7.746305e-01	7.077524e-03	7.706740e-01	1.043746e-02
2.272018e+03	7.415461e-01	6.982265e-03	7.518672e-01	1.044601e-02
2.272414e+03	7.409083e-01	6.911842e-03	7.489626e-01	1.045457e-02
2.272810e+03	7.588687e-01	6.962743e-03	7.600160e-01	1.046313e-02
2.273206e+03	nan	nan	7.625629e-01	1.047169e-02
2.273602e+03	nan	nan	7.647259e-01	1.048025e-02
2.273998e+03	nan	nan	7.576853e-01	1.048881e-02
2.274394e+03	7.401710e-01	6.866167e-03	7.470420e-01	1.049738e-02
2.274790e+03	7.506566e-01	6.923293e-03	7.576037e-01	1.050595e-02
2.275186e+03	7.851719e-01	7.220337e-03	7.833077e-01	1.051453e-02
2.275582e+03	nan	nan	7.865877e-01	1.052310e-02
2.275978e+03	nan	nan	7.671021e-01	1.053168e-02
2.276374e+03	7.583496e-01	6.799321e-03	7.569333e-01	1.054026e-02
2.276770e+03	nan	nan	7.665567e-01	1.054884e-02
2.277166e+03	nan	nan	7.772611e-01	1.055742e-02
2.277562e+03	7.852588e-01	6.903136e-03	7.768284e-01	1.056601e-02
2.277958e+03	7.685043e-01	6.827111e-03	7.715145e-01	1.057460e-02
2.278354e+03	7.654664e-01	6.729264e-03	7.625060e-01	1.058319e-02
2.278750e+03	7.509625e-01	6.637761e-03	7.470009e-01	1.059179e-02
2.279146e+03	nan	nan	7.436892e-01	1.060038e-02
2.279542e+03	7.631012e-01	7.163154e-03	7.518490e-01	1.060898e-02
2.279938e+03	7.632014e-01	6.632580e-03	7.489516e-01	1.061758e-02
2.280334e+03	7.422780e-01	6.573706e-03	7.323942e-01	1.062619e-02
2.280730e+03	7.219500e-01	6.552846e-03	7.230678e-01	1.063479e-02
2.281126e+03	7.354476e-01	6.518134e-03	7.387528e-01	1.064340e-02
2.281522e+03	7.697436e-01	6.645847e-03	7.663976e-01	1.065201e-02
2.281918e+03	7.777830e-01	6.611597e-03	7.764967e-01	1.066063e-02
2.282314e+03	7.755815e-01	6.565058e-03	7.773514e-01	1.066924e-02
2.282710e+03	7.689571e-01	6.562235e-03	7.727092e-01	1.067786e-02
2.283106e+03	7.506556e-01	6.517291e-03	7.594807e-01	1.068648e-02
2.283502e+03	7.500901e-01	6.520625e-03	7.501264e-01	1.069510e-02
2.283898e+03	nan	nan	7.459061e-01	1.070373e-02
2.284294e+03	nan	nan	7.367833e-01	1.071236e-02
2.284690e+03	7.430587e-01	6.575223e-03	7.359052e-01	1.072099e-02
2.285086e+03	7.679624e-01	6.600703e-03	7.563352e-01	1.072962e-02
2.285482e+03	7.700984e-01	6.595751e-03	7.628718e-01	1.073825e-02
2.285878e+03	7.578226e-01	6.618529e-03	7.553435e-01	1.074689e-02
2.286274e+03	7.799174e-01	6.909968e-03	7.662617e-01	1.075553e-02
2.286670e+03	7.772057e-01	6.912540e-03	7.715328e-01	1.076417e-02
2.287066e+03	7.693954e-01	6.949691e-03	7.634753e-01	1.077281e-02
2.287462e+03	7.685733e-01	7.009409e-03	7.617107e-01	1.078146e-02
2.287858e+03	7.734062e-01	7.078010e-03	7.676908e-01	1.079011e-02
2.288254e+03	7.766671e-01	7.258547e-03	7.731035e-01	1.079876e-02
2.288650e+03	7.590395e-01	7.344365e-03	7.634113e-01	1.080741e-02
2.289046e+03	7.467514e-01	7.394199e-03	7.561994e-01	1.081607e-02
2.289442e+03	7.608901e-01	7.562873e-03	7.600280e-01	1.082473e-02
2.289838e+03	7.726472e-01	7.492370e-03	7.707746e-01	1.083339e-02
2.290234e+03	7.777096e-01	7.484413e-03	7.749959e-01	1.084205e-02
2.290630e+03	7.822633e-01	7.507805e-03	7.733807e-01	1.085071e-02
2.291026e+03	7.801792e-01	7.463990e-03	7.697683e-01	1.085938e-02
2.291422e+03	7.606042e-01	7.153560e-03	7.525402e-01	1.086805e-02
2.291818e+03	7.344803e-01	6.915325e-03	7.318999e-01	1.087672e-02
2.292214e+03	7.318708e-01	6.823718e-03	7.299273e-01	1.088539e-02
2.292610e+03	7.416206e-01	6.695654e-03	7.349480e-01	1.089407e-02
2.293006e+03	7.233494e-01	6.626921e-03	7.126335e-01	1.090275e-02
2.293402e+03	6.475052e-01	6.418301e-03	6.481071e-01	1.091143e-02
2.293798e+03	5.835907e-01	6.213028e-03	5.863475e-01	1.092011e-02
2.294194e+03	5.939862e-01	6.484005e-03	5.898862e-01	1.092880e-02
2.294590e+03	nan	nan	6.169089e-01	1.093749e-02
2.294986e+03	6.333533e-01	6.353987e-03	6.294874e-01	1.094618e-02
2.295382e+03	6.323752e-01	6.429179e-03	6.366874e-01	1.095487e-02
2.295778e+03	6.644572e-01	1.145570e-02	6.486073e-01	1.096356e-02
2.296174e+03	6.494336e-01	6.484654e-03	6.559478e-01	1.097226e-02
2.296570e+03	6.647330e-01	6.620330e-03	6.547817e-01	1.098096e-02
2.296966e+03	nan	nan	6.628325e-01	1.098966e-02
2.297362e+03	nan	nan	6.797792e-01	1.099836e-02
2.297758e+03	nan	nan	6.861890e-01	1.100707e-02
2.298154e+03	6.864679e-01	9.256690e-03	6.791468e-01	1.101578e-02
2.298550e+03	6.803034e-01	6.721879e-03	6.816182e-01	1.102449e-02
2.298946e+03	6.893147e-01	6.771181e-03	6.932117e-01	1.103320e-02
2.299342e+03	6.887056e-01	6.790800e-03	7.018926e-01	1.104191e-02
2.299738e+03	7.039028e-01	6.980298e-03	7.115909e-01	1.105063e-02
2.300134e+03	7.006249e-01	6.982475e-03	7.109311e-01	1.105935e-02
2.300530e+03	6.851158e-01	7.772669e-03	6.905213e-01	1.106807e-02
2.300926e+03	6.699633e-01	6.789742e-03	6.723002e-01	1.107680e-02
2.301322e+03	6.664468e-01	6.756922e-03	6.705188e-01	1.108552e-02
2.301718e+03	6.983231e-01	6.969825e-03	6.955992e-01	1.109425e-02
2.302114e+03	7.239581e-01	7.060368e-03	7.229621e-01	1.110298e-02
2.302510e+03	7.271446e-01	7.105929e-03	7.269959e-01	1.111171e-02
2.302906e+03	6.986584e-01	6.948887e-03	7.089617e-01	1.112045e-02
2.303302e+03	6.863433e-01	6.937197e-03	7.003641e-01	1.112919e-02
2.303698e+03	6.919733e-01	6.973117e-03	7.021506e-01	1.113792e-02
2.304094e+03	7.131898e-01	7.023781e-03	7.161250e-01	1.114667e-02
2.304490e+03	7.386539e-01	6.985400e-03	7.287833e-01	1.115541e-02
2.304886e+03	7.002183e-01	6.832010e-03	7.055988e-01	1.116416e-02
2.305282e+03	6.877231e-01	6.799831e-03	6.870571e-01	1.117290e-02
2.305678e+03	6.802106e-01	6.776069e-03	6.795100e-01	1.118165e-02
2.306074e+03	7.037684e-01	6.833964e-03	6.935430e-01	1.119041e-02
2.306470e+03	7.049677e-01	6.905524e-03	7.030707e-01	1.119916e-02
2.306866e+03	6.981308e-01	6.844010e-03	7.020609e-01	1.120792e-02
2.307262e+03	7.274273e-01	6.982400e-03	7.148923e-01	1.121668e-02
2.307658e+03	6.979945e-01	7.059430e-03	7.075078e-01	1.122544e-02
2.308054e+03	7.120044e-01	8.727861e-03	7.131794e-01	1.123420e-02
2.308450e+03	nan	nan	7.305685e-01	1.124297e-02
2.308846e+03	nan	nan	7.128003e-01	1.125173e-02
2.309242e+03	nan	nan	6.903279e-01	1.126050e-02
2.309638e+03	7.231768e-01	3.896452e-02	6.779026e-01	1.126928e-02
2.310034e+03	6.837125e-01	3.445450e-02	6.720155e-01	1.127805e-02
2.310430e+03	7.126481e-01	2.450387e-02	6.902659e-01	1.128683e-02
2.310826e+03	nan	nan	6.945694e-01	1.129561e-02
2.311222e+03	6.648006e-01	8.976433e-03	6.707288e-01	1.130439e-02
2.311618e+03	6.698831e-01	7.438374e-03	6.667848e-01	1.131317e-02
2.312014e+03	6.906128e-01	7.357092e-03	6.824431e-01	1.132196e-02
2.312410e+03	6.907352e-01	7.170071e-03	6.870796e-01	1.133074e-02
2.312806e+03	7.059527e-01	7.093278e-03	6.958358e-01	1.133953e-02
2.313202e+03	7.134129e-01	7.019430e-03	7.015166e-01	1.134832e-02
2.313598e+03	7.001215e-01	6.879577e-03	6.904313e-01	1.135712e-02
2.313994e+03	6.898713e-01	6.828177e-03	6.822390e-01	1.136591e-02
2.314390e+03	6.867615e-01	6.802741e-03	6.814118e-01	1.137471e-02
2.314786e+03	6.619482e-01	6.677276e-03	6.601724e-01	1.138351e-02
2.315182e+03	6.702081e-01	6.767786e-03	6.634779e-01	1.139231e-02
2.315578e+03	6.993993e-01	6.825257e-03	6.967391e-01	1.140112e-02
2.315974e+03	6.833298e-01	6.687015e-03	6.932865e-01	1.140992e-02
2.316370e+03	6.502793e-01	6.582813e-03	6.665822e-01	1.141873e-02
2.316766e+03	6.684978e-01	6.734374e-03	6.772624e-01	1.142754e-02
2.317162e+03	6.867478e-01	7.967899e-03	6.915838e-01	1.143636e-02
2.317558e+03	6.638862e-01	7.193172e-03	6.712864e-01	1.144517e-02
2.317954e+03	6.742789e-01	6.665517e-03	6.675471e-01	1.145399e-02
2.318350e+03	6.932571e-01	6.741938e-03	6.944833e-01	1.146281e-02
2.318746e+03	7.032629e-01	6.833838e-03	7.073214e-01	1.147163e-02
2.319142e+03	7.025540e-01	6.646909e-03	6.985083e-01	1.148045e-02
2.319538e+03	7.019129e-01	6.584270e-03	6.997029e-01	1.148928e-02
2.319934e+03	7.113512e-01	1.067196e-02	7.091545e-01	1.149810e-02
2.320330e+03	6.867628e-01	7.311775e-03	6.857900e-01	1.150693e-02
2.320726e+03	6.499016e-01	6.729978e-03	6.572831e-01	1.151577e-02
2.321122e+03	6.648250e-01	6.792870e-03	6.701123e-01	1.152460e-02
2.321518e+03	nan	nan	6.910933e-01	1.153344e-02
2.321914e+03	nan	nan	6.776136e-01	1.154227e-02
2.322310e+03	nan	nan	6.342184e-01	1.155111e-02
2.322706e+03	5.839336e-01	7.712136e-03	5.793069e-01	1.155996e-02
2.323102e+03	5.497429e-01	7.595683e-03	5.513076e-01	1.156880e-02
2.323498e+03	nan	nan	5.702610e-01	1.157765e-02
2.323894e+03	6.027482e-01	6.680647e-03	6.024698e-01	1.158649e-02
2.324290e+03	6.376930e-01	6.794123e-03	6.299980e-01	1.159534e-02
2.324686e+03	6.414129e-01	6.844706e-03	6.334903e-01	1.160420e-02
2.325082e+03	6.248420e-01	6.797871e-03	6.269266e-01	1.161305e-02
2.325478e+03	nan	nan	6.307993e-01	1.162191e-02
2.325874e+03	nan	nan	6.272662e-01	1.163077e-02
2.326270e+03	6.123259e-01	6.893562e-03	6.293617e-01	1.163963e-02
2.326666e+03	6.427687e-01	7.051975e-03	6.467675e-01	1.164849e-02
2.327062e+03	6.749955e-01	7.218391e-03	6.566730e-01	1.165736e-02
2.327458e+03	6.678136e-01	7.179466e-03	6.596811e-01	1.166622e-02
2.327854e+03	6.579331e-01	7.145410e-03	6.500809e-01	1.167509e-02
2.328250e+03	6.274626e-01	6.923883e-03	6.303200e-01	1.168396e-02
2.328646e+03	6.121723e-01	6.857838e-03	6.225269e-01	1.169283e-02
2.329042e+03	6.331918e-01	6.927280e-03	6.395593e-01	1.170171e-02
2.329438e+03	6.687216e-01	6.959687e-03	6.643888e-01	1.171059e-02
2.329834e+03	6.706322e-01	6.979524e-03	6.640405e-01	1.171947e-02
2.330230e+03	6.237811e-01	6.663992e-03	6.211539e-01	1.172835e-02
2.330626e+03	5.864816e-01	6.509916e-03	5.933503e-01	1.173723e-02
2.331022e+03	6.136902e-01	6.538854e-03	6.076978e-01	1.174611e-02
2.331418e+03	6.482041e-01	8.205614e-03	6.247582e-01	1.175500e-02
2.331814e+03	nan	nan	6.345337e-01	1.176389e-02
2.332210e+03	6.514933e-01	6.589704e-03	6.600820e-01	1.177278e-02
2.332606e+03	6.783017e-01	6.657690e-03	6.762423e-01	1.178167e-02
2.333002e+03	6.661274e-01	6.654743e-03	6.657997e-01	1.179057e-02
2.333398e+03	6.629061e-01	6.603871e-03	6.557477e-01	1.179947e-02
2.333794e+03	6.434157e-01	6.593911e-03	6.438083e-01	1.180837e-02
2.334190e+03	6.406290e-01	6.476129e-03	6.391424e-01	1.181727e-02
2.334586e+03	6.297190e-01	6.438840e-03	6.347079e-01	1.182617e-02
2.334982e+03	6.296435e-01	6.588163e-03	6.320880e-01	1.183507e-02
2.335378e+03	6.244378e-01	6.579019e-03	6.250871e-01	1.184398e-02
2.335774e+03	6.272493e-01	6.524447e-03	6.321966e-01	1.185289e-02
2.336170e+03	6.695812e-01	6.641482e-03	6.633149e-01	1.186180e-02
2.336566e+03	6.543738e-01	6.601532e-03	6.622932e-01	1.187071e-02
2.336962e+03	6.360017e-01	6.546776e-03	6.450319e-01	1.187963e-02
2.337358e+03	6.501817e-01	6.590385e-03	6.518665e-01	1.188855e-02
2.337754e+03	6.528232e-01	6.547148e-03	6.527666e-01	1.189746e-02
2.338150e+03	6.451286e-01	6.548713e-03	6.391227e-01	1.190639e-02
2.338546e+03	6.282180e-01	6.521102e-03	6.265417e-01	1.191531e-02
2.338942e+03	6.201120e-01	6.447982e-03	6.202183e-01	1.192423e-02
2.339338e+03	6.225412e-01	6.524154e-03	6.251852e-01	1.193316e-02
2.339734e+03	6.345264e-01	6.855884e-03	6.312294e-01	1.194209e-02
2.340130e+03	6.162959e-01	7.009052e-03	6.179136e-01	1.195102e-02
2.340526e+03	6.226149e-01	7.129807e-03	6.169291e-01	1.195995e-02
2.340922e+03	6.442390e-01	7.059342e-03	6.342421e-01	1.196889e-02
2.341318e+03	nan	nan	6.254471e-01	1.197782e-02
2.341714e+03	nan	nan	6.287225e-01	1.198676e-02
2.342110e+03	6.633227e-01	7.219424e-03	6.615473e-01	1.199570e-02
2.342506e+03	6.851986e-01	7.101053e-03	6.798611e-01	1.200464e-02
2.342902e+03	6.766973e-01	7.041615e-03	6.687697e-01	1.201359e-02
2.343298e+03	6.541192e-01	6.945251e-03	6.502760e-01	1.202253e-02
2.343694e+03	6.339032e-01	6.854673e-03	6.306742e-01	1.203148e-02
2.344090e+03	6.289668e-01	6.725011e-03	6.282687e-01	1.204043e-02
2.344486e+03	6.131933e-01	6.435683e-03	6.166202e-01	1.204938e-02
2.344882e+03	5.860259e-01	6.250639e-03	5.889850e-01	1.205834e-02
2.345278e+03	5.774642e-01	6.221697e-03	5.875660e-01	1.206729e-02
2.345674e+03	6.289949e-01	6.306605e-03	6.330244e-01	1.207625e-02
2.346070e+03	6.772576e-01	6.327223e-03	6.793454e-01	1.208521e-02
2.346466e+03	6.749757e-01	6.239012e-03	6.748877e-01	1.209417e-02
2.346862e+03	6.509957e-01	6.174776e-03	6.545475e-01	1.210313e-02
2.347258e+03	6.469368e-01	6.146982e-03	6.474350e-01	1.211210e-02
2.347654e+03	6.526934e-01	6.162310e-03	6.502776e-01	1.212106e-02
2.348050e+03	6.656964e-01	6.654126e-03	6.639223e-01	1.213003e-02
2.348446e+03	6.625489e-01	7.925305e-03	6.727389e-01	1.213900e-02
2.348842e+03	6.690540e-01	1.296726e-02	6.742365e-01	1.214798e-02
2.349238e+03	6.472948e-01	2.146050e-02	6.516729e-01	1.215695e-02
2.349634e+03	6.115495e-01	2.986553e-02	6.193676e-01	1.216593e-02
2.350030e+03	6.667785e-01	3.399623e-02	6.265607e-01	1.217491e-02
2.350426e+03	nan	nan	6.339137e-01	1.218389e-02
2.350822e+03	6.174417e-01	2.182410e-02	6.099707e-01	1.219287e-02
2.351218e+03	nan	nan	6.019071e-01	1.220185e-02
2.351614e+03	nan	nan	6.081840e-01	1.221084e-02
2.352010e+03	nan	nan	6.062645e-01	1.221982e-02
2.352406e+03	5.644498e-01	6.167855e-03	5.612660e-01	1.222881e-02
2.352802e+03	5.147090e-01	6.072401e-03	5.223288e-01	1.223781e-02
2.353198e+03	5.340004e-01	6.114936e-03	5.467030e-01	1.224680e-02
2.353594e+03	5.603519e-01	6.130099e-03	5.703709e-01	1.225579e-02
2.353990e+03	5.567429e-01	6.058678e-03	5.583825e-01	1.226479e-02
2.354386e+03	5.692074e-01	6.091381e-03	5.594714e-01	1.227379e-02
2.354782e+03	5.940820e-01	6.110453e-03	5.875532e-01	1.228279e-02
2.355178e+03	6.117802e-01	6.189264e-03	6.045553e-01	1.229179e-02
2.355574e+03	6.131705e-01	6.181288e-03	6.054411e-01	1.230080e-02
2.355970e+03	5.927754e-01	6.126327e-03	5.894074e-01	1.230980e-02
2.356366e+03	5.832045e-01	6.071256e-03	5.820721e-01	1.231881e-02
2.356762e+03	6.120265e-01	6.157365e-03	6.000189e-01	1.232782e-02
2.357158e+03	6.225748e-01	6.205969e-03	6.148229e-01	1.233683e-02
2.357554e+03	6.233170e-01	6.244593e-03	6.143347e-01	1.234584e-02
2.357950e+03	6.138055e-01	6.226025e-03	6.092590e-01	1.235486e-02
2.358346e+03	5.918963e-01	6.191198e-03	5.937802e-01	1.236388e-02
2.358742e+03	5.622539e-01	6.091621e-03	5.765633e-01	1.237289e-02
2.359138e+03	5.740442e-01	6.141483e-03	5.849991e-01	1.238191e-02
2.359534e+03	6.063235e-01	6.575920e-03	6.089077e-01	1.239094e-02
2.359930e+03	6.497946e-01	6.732184e-03	6.266192e-01	1.239996e-02
2.360326e+03	6.212246e-01	6.621854e-03	6.134584e-01	1.240899e-02
2.360722e+03	6.007114e-01	6.500107e-03	5.997981e-01	1.241801e-02
2.361118e+03	6.038579e-01	6.439617e-03	5.929646e-01	1.242704e-02
2.361514e+03	5.831747e-01	6.201418e-03	5.792626e-01	1.243608e-02
2.361910e+03	5.846047e-01	6.232490e-03	5.805818e-01	1.244511e-02
2.362306e+03	5.999789e-01	6.380488e-03	5.901327e-01	1.245414e-02
2.362702e+03	6.048270e-01	6.512927e-03	5.928716e-01	1.246318e-02
2.363098e+03	5.986387e-01	6.477331e-03	5.869975e-01	1.247222e-02
2.363494e+03	6.030051e-01	6.415228e-03	5.959379e-01	1.248126e-02
2.363890e+03	6.219570e-01	6.552326e-03	6.119060e-01	1.249030e-02
2.364286e+03	6.140802e-01	6.916497e-03	6.147649e-01	1.249934e-02
2.364682e+03	6.158009e-01	7.242272e-03	6.193185e-01	1.250839e-02
2.365078e+03	6.217303e-01	7.482222e-03	6.218372e-01	1.251744e-02
2.365474e+03	6.187847e-01	7.115770e-03	6.212751e-01	1.252649e-02
2.365870e+03	6.337374e-01	7.082528e-03	6.253035e-01	1.253554e-02
2.366266e+03	6.352211e-01	7.156539e-03	6.194166e-01	1.254459e-02
2.366662e+03	6.205618e-01	6.911327e-03	6.112569e-01	1.255364e-02
2.367058e+03	6.086699e-01	6.813087e-03	5.973093e-01	1.256270e-02
2.367454e+03	5.618507e-01	6.614461e-03	5.677964e-01	1.257176e-02
2.367850e+03	5.397912e-01	6.578346e-03	5.575979e-01	1.258082e-02
2.368246e+03	5.967045e-01	6.795873e-03	5.845412e-01	1.258988e-02
2.368642e+03	5.963515e-01	6.728961e-03	5.964617e-01	1.259894e-02
2.369038e+03	6.017567e-01	6.718719e-03	6.006709e-01	1.260801e-02
2.369434e+03	6.278194e-01	6.843219e-03	6.184089e-01	1.261707e-02
2.369830e+03	6.245071e-01	6.792155e-03	6.152537e-01	1.262614e-02
2.370226e+03	6.004054e-01	6.670479e-03	6.030433e-01	1.263521e-02
2.370622e+03	nan	nan	6.043336e-01	1.264428e-02
2.371018e+03	nan	nan	6.097396e-01	1.265335e-02
2.371414e+03	5.991257e-01	6.908476e-03	6.027225e-01	1.266243e-02
2.371810e+03	6.340377e-01	7.283692e-03	6.153290e-01	1.267151e-02
2.372206e+03	6.487978e-01	7.493261e-03	6.329414e-01	1.268058e-02
2.372602e+03	6.251440e-01	6.941978e-03	6.221511e-01	1.268967e-02
2.372998e+03	6.080584e-01	6.924691e-03	6.113840e-01	1.269875e-02
2.373394e+03	6.155960e-01	7.119208e-03	6.161302e-01	1.270783e-02
2.373790e+03	6.159277e-01	7.091108e-03	6.124485e-01	1.271692e-02
2.374186e+03	6.022228e-01	7.074552e-03	5.979898e-01	1.272600e-02
2.374582e+03	6.138590e-01	7.290878e-03	6.008083e-01	1.273509e-02
2.374978e+03	6.195760e-01	7.538045e-03	6.086601e-01	1.274418e-02
2.375374e+03	6.043418e-01	7.698186e-03	6.022292e-01	1.275327e-02
2.375770e+03	5.985252e-01	8.449579e-03	5.954341e-01	1.276237e-02
2.376166e+03	6.024655e-01	9.714460e-03	5.968761e-01	1.277146e-02
2.376562e+03	5.831396e-01	9.897979e-03	5.812542e-01	1.278056e-02
2.376958e+03	5.749346e-01	1.044492e-02	5.786080e-01	1.278966e-02
2.377354e+03	6.107690e-01	1.261864e-02	6.163537e-01	1.279876e-02
2.377750e+03	6.278956e-01	1.578991e-02	6.314008e-01	1.280786e-02
2.378146e+03	nan	nan	5.940230e-01	1.281696e-02
2.378542e+03	nan	nan	5.718761e-01	1.282607e-02
2.378938e+03	nan	nan	5.800971e-01	1.283518e-02
2.379334e+03	nan	nan	5.879445e-01	1.284429e-02
2.379730e+03	nan	nan	5.909639e-01	1.285340e-02
2.380126e+03	nan	nan	5.996225e-01	1.286251e-02
2.380522e+03	nan	nan	5.959914e-01	1.287162e-02
2.380918e+03	nan	nan	5.663693e-01	1.288074e-02
2.381314e+03	nan	nan	5.666190e-01	1.288985e-02
2.381710e+03	nan	nan	5.852928e-01	1.289897e-02
2.382106e+03	nan	nan	5.879833e-01	1.290809e-02
2.382502e+03	nan	nan	5.673221e-01	1.291721e-02
2.382898e+03	nan	nan	5.354636e-01	1.292634e-02
2.383294e+03	nan	nan	5.214287e-01	1.293546e-02
2.383690e+03	nan	nan	5.187616e-01	1.294459e-02
2.384086e+03	nan	nan	5.298832e-01	1.295372e-02
2.384482e+03	nan	nan	5.513591e-01	1.296285e-02
2.384878e+03	nan	nan	5.756327e-01	1.297198e-02
2.385274e+03	nan	nan	5.847458e-01	1.298111e-02
2.385670e+03	nan	nan	5.567106e-01	1.299025e-02
2.386066e+03	nan	nan	5.368343e-01	1.299938e-02
2.386462e+03	nan	nan	5.370445e-01	1.300852e-02
2.386858e+03	nan	nan	5.276698e-01	1.301766e-02
2.387254e+03	nan	nan	5.281707e-01	1.302680e-02
2.387650e+03	nan	nan	5.403603e-01	1.303594e-02
2.388046e+03	nan	nan	5.307244e-01	1.304509e-02
2.388442e+03	nan	nan	5.270132e-01	1.305423e-02
2.388838e+03	nan	nan	5.486234e-01	1.306338e-02
2.389234e+03	nan	nan	5.538830e-01	1.307253e-02
2.389630e+03	nan	nan	5.719898e-01	1.308168e-02
2.390026e+03	nan	nan	5.986792e-01	1.309083e-02
2.390422e+03	nan	nan	6.044036e-01	1.309999e-02
2.390818e+03	nan	nan	5.993436e-01	1.310914e-02
2.391214e+03	nan	nan	5.687147e-01	1.311830e-02
2.391610e+03	nan	nan	5.329792e-01	1.312746e-02
2.392006e+03	nan	nan	5.251407e-01	1.313662e-02
2.392402e+03	nan	nan	5.327404e-01	1.314578e-02
2.392798e+03	nan	nan	5.365729e-01	1.315494e-02
2.393194e+03	nan	nan	5.521142e-01	1.316411e-02
2.393590e+03	nan	nan	5.913117e-01	1.317328e-02
2.393986e+03	nan	nan	6.190548e-01	1.318244e-02
2.394382e+03	nan	nan	6.059235e-01	1.319161e-02
2.394778e+03	nan	nan	5.686129e-01	1.320078e-02
2.395174e+03	nan	nan	5.512417e-01	1.320996e-02
2.395570e+03	nan	nan	5.648463e-01	1.321913e-02
2.395966e+03	nan	nan	5.715929e-01	1.322831e-02
2.396362e+03	nan	nan	5.594321e-01	1.323748e-02
2.396758e+03	nan	nan	5.375687e-01	1.324666e-02
2.397154e+03	nan	nan	5.366529e-01	1.325584e-02
2.397550e+03	nan	nan	5.513865e-01	1.326502e-02
2.397946e+03	nan	nan	5.360577e-01	1.327421e-02
2.398342e+03	nan	nan	5.381252e-01	1.328339e-02
2.398738e+03	nan	nan	5.641715e-01	1.329258e-02
2.399134e+03	nan	nan	5.639450e-01	1.330176e-02
2.399530e+03	nan	nan	5.615062e-01	1.331095e-02
2.399926e+03	nan	nan	5.631218e-01	1.332014e-02
2.400322e+03	nan	nan	5.475999e-01	1.332934e-02
2.400718e+03	nan	nan	5.408945e-01	1.333853e-02
2.401114e+03	nan	nan	5.391840e-01	1.334773e-02
2.401510e+03	nan	nan	5.430825e-01	1.335692e-02
2.401906e+03	nan	nan	5.446263e-01	1.336612e-02
2.402302e+03	nan	nan	5.322621e-01	1.337532e-02
2.402698e+03	nan	nan	5.277605e-01	1.338452e-02
2.403094e+03	nan	nan	5.526968e-01	1.339372e-02
2.403490e+03	nan	nan	5.776064e-01	1.340293e-02
2.403886e+03	nan	nan	5.567925e-01	1.341213e-02
2.404282e+03	nan	nan	5.263559e-01	1.342134e-02
2.404678e+03	nan	nan	5.302667e-01	1.343055e-02
2.405074e+03	nan	nan	5.318827e-01	1.343976e-02
2.405470e+03	nan	nan	5.290080e-01	1.344897e-02
2.405866e+03	nan	nan	5.319311e-01	1.345818e-02
2.406262e+03	nan	nan	5.418226e-01	1.346740e-02
2.406658e+03	nan	nan	5.438727e-01	1.347661e-02
2.407054e+03	nan	nan	5.290770e-01	1.348583e-02
2.407450e+03	nan	nan	5.206128e-01	1.349505e-02
2.407846e+03	nan	nan	5.137877e-01	1.350427e-02
2.408242e+03	nan	nan	4.965799e-01	1.351349e-02
2.408638e+03	nan	nan	5.034450e-01	1.352271e-02
2.409034e+03	nan	nan	5.173427e-01	1.353194e-02
2.409430e+03	nan	nan	5.256882e-01	1.354116e-02
2.409826e+03	nan	nan	5.194372e-01	1.355039e-02
2.410222e+03	nan	nan	5.132738e-01	1.355962e-02
2.410618e+03	nan	nan	5.319177e-01	1.356885e-02
2.411014e+03	nan	nan	5.431670e-01	1.357808e-02
2.411410e+03	nan	nan	5.231182e-01	1.358731e-02
2.411806e+03	nan	nan	5.058457e-01	1.359655e-02
2.412202e+03	nan	nan	5.168957e-01	1.360578e-02
2.412598e+03	nan	nan	5.171694e-01	1.361502e-02
2.412994e+03	nan	nan	5.014267e-01	1.362426e-02
2.413390e+03	nan	nan	4.970200e-01	1.363350e-02
2.413786e+03	nan	nan	4.867468e-01	1.364274e-02
2.414182e+03	nan	nan	4.754832e-01	1.365198e-02
2.414578e+03	nan	nan	4.865885e-01	1.366123e-02
2.414974e+03	nan	nan	5.125821e-01	1.367047e-02
2.415370e+03	nan	nan	5.394992e-01	1.367972e-02
2.415766e+03	nan	nan	5.287522e-01	1.368897e-02
2.416162e+03	nan	nan	4.908814e-01	1.369822e-02
2.416558e+03	nan	nan	4.675213e-01	1.370747e-02
2.416954e+03	nan	nan	4.751710e-01	1.371672e-02
2.417350e+03	nan	nan	4.962057e-01	1.372598e-02
2.417746e+03	nan	nan	5.034368e-01	1.373523e-02
2.418142e+03	nan	nan	5.126720e-01	1.374449e-02
2.418538e+03	nan	nan	5.374721e-01	1.375375e-02
2.418934e+03	nan	nan	5.551519e-01	1.376301e-02
2.419330e+03	nan	nan	5.104037e-01	1.377227e-02
2.419726e+03	nan	nan	4.574087e-01	1.378153e-02
2.420122e+03	nan	nan	4.795025e-01	1.379079e-02
2.420518e+03	nan	nan	5.257596e-01	1.380006e-02
2.420914e+03	nan	nan	5.310796e-01	1.380932e-02
2.421310e+03	nan	nan	5.096134e-01	1.381859e-02
2.421706e+03	nan	nan	4.860024e-01	1.382786e-02
2.422102e+03	nan	nan	4.813589e-01	1.383713e-02
2.422498e+03	nan	nan	4.951435e-01	1.384640e-02
2.422894e+03	nan	nan	5.110381e-01	1.385567e-02
2.423290e+03	nan	nan	5.029719e-01	1.386495e-02
2.423686e+03	nan	nan	5.107898e-01	1.387422e-02
2.424082e+03	nan	nan	5.314427e-01	1.388350e-02
2.424478e+03	nan	nan	5.265557e-01	1.389278e-02
2.424874e+03	nan	nan	5.131910e-01	1.390206e-02
2.425270e+03	nan	nan	5.054979e-01	1.391134e-02
2.425666e+03	nan	nan	4.834145e-01	1.392062e-02
2.426062e+03	nan	nan	4.772418e-01	1.392990e-02
2.426458e+03	nan	nan	4.859021e-01	1.393919e-02
2.426854e+03	nan	nan	4.925324e-01	1.394847e-02
2.427250e+03	nan	nan	5.061049e-01	1.395776e-02
2.427646e+03	nan	nan	5.004681e-01	1.396705e-02
2.428042e+03	nan	nan	4.731184e-01	1.397634e-02
2.428438e+03	nan	nan	4.637674e-01	1.398563e-02
2.428834e+03	nan	nan	4.888678e-01	1.399492e-02
2.429230e+03	nan	nan	5.152984e-01	1.400422e-02
2.429626e+03	nan	nan	5.249398e-01	1.401351e-02
2.430022e+03	nan	nan	5.165143e-01	1.402281e-02
2.430418e+03	nan	nan	5.011575e-01	1.403210e-02
2.430814e+03	nan	nan	4.860939e-01	1.404140e-02
2.431210e+03	nan	nan	4.685679e-01	1.405070e-02
2.431606e+03	nan	nan	4.675319e-01	1.406000e-02
2.432002e+03	nan	nan	4.842844e-01	1.406931e-02
2.432398e+03	nan	nan	5.106210e-01	1.407861e-02
2.432794e+03	nan	nan	5.267460e-01	1.408792e-02
2.433190e+03	nan	nan	5.083100e-01	1.409722e-02
2.433586e+03	nan	nan	4.648982e-01	1.410653e-02
2.433982e+03	nan	nan	4.458896e-01	1.411584e-02
2.434378e+03	nan	nan	4.567430e-01	1.412515e-02
2.434774e+03	nan	nan	4.639227e-01	1.413446e-02
2.435170e+03	nan	nan	4.735808e-01	1.414377e-02
2.435566e+03	nan	nan	4.980972e-01	1.415309e-02
2.435962e+03	nan	nan	5.044373e-01	1.416240e-02
2.436358e+03	nan	nan	4.729136e-01	1.417172e-02
2.436754e+03	nan	nan	4.274327e-01	1.418104e-02
2.437150e+03	nan	nan	4.099796e-01	1.419035e-02
2.437546e+03	nan	nan	4.342592e-01	1.419967e-02
2.437942e+03	nan	nan	4.650656e-01	1.420900e-02
2.438338e+03	nan	nan	4.917716e-01	1.421832e-02
2.438734e+03	nan	nan	5.095341e-01	1.422764e-02
2.439130e+03	nan	nan	5.105380e-01	1.423697e-02
2.439526e+03	nan	nan	5.086726e-01	1.424629e-02
2.439922e+03	nan	nan	4.957541e-01	1.425562e-02
2.440318e+03	nan	nan	4.841813e-01	1.426495e-02
2.440714e+03	nan	nan	4.896226e-01	1.427428e-02
2.441110e+03	nan	nan	4.869592e-01	1.428361e-02
2.441506e+03	nan	nan	4.648065e-01	1.429294e-02
2.441902e+03	nan	nan	4.524151e-01	1.430227e-02
2.442298e+03	nan	nan	4.484765e-01	1.431161e-02
2.442694e+03	nan	nan	4.383825e-01	1.432094e-02
2.443090e+03	nan	nan	4.553327e-01	1.433028e-02
2.443486e+03	nan	nan	4.719167e-01	1.433962e-02
2.443882e+03	nan	nan	4.513205e-01	1.434896e-02
2.444278e+03	nan	nan	4.205400e-01	1.435830e-02
2.444674e+03	nan	nan	4.254910e-01	1.436764e-02
2.445070e+03	nan	nan	4.640785e-01	1.437698e-02
2.445466e+03	nan	nan	4.912364e-01	1.438633e-02
2.445862e+03	nan	nan	4.915005e-01	1.439567e-02
2.446258e+03	nan	nan	4.719258e-01	1.440502e-02
2.446654e+03	nan	nan	4.665457e-01	1.441436e-02
2.447050e+03	nan	nan	4.747752e-01	1.442371e-02
2.447446e+03	nan	nan	4.573636e-01	1.443306e-02
2.447842e+03	nan	nan	4.279338e-01	1.444241e-02
2.448238e+03	nan	nan	4.195892e-01	1.445176e-02
2.448634e+03	nan	nan	4.331841e-01	1.446112e-02
2.449030e+03	nan	nan	4.572297e-01	1.447047e-02
2.449426e+03	nan	nan	4.677421e-01	1.447983e-02
2.449822e+03	nan	nan	4.659082e-01	1.448918e-02
2.450218e+03	nan	nan	4.653127e-01	1.449854e-02
2.450614e+03	nan	nan	4.743467e-01	1.450790e-02
2.451010e+03	nan	nan	4.831547e-01	1.451726e-02
2.451406e+03	nan	nan	4.655697e-01	1.452662e-02
2.451802e+03	nan	nan	4.392558e-01	1.453598e-02
2.452198e+03	nan	nan	4.351639e-01	1.454534e-02
2.452594e+03	nan	nan	4.360353e-01	1.455471e-02
2.452990e+03	nan	nan	4.244080e-01	1.456407e-02
2.453386e+03	nan	nan	4.160296e-01	1.457344e-02
2.453782e+03	nan	nan	4.142828e-01	1.458281e-02
2.454178e+03	nan	nan	4.004981e-01	1.459218e-02
2.454574e+03	nan	nan	3.890436e-01	1.460155e-02
2.454970e+03	nan	nan	4.062125e-01	1.461092e-02
2.455366e+03	nan	nan	4.468845e-01	1.462029e-02
2.455762e+03	nan	nan	4.742700e-01	1.462966e-02
2.456158e+03	nan	nan	4.867569e-01	1.463904e-02
2.456554e+03	nan	nan	4.861740e-01	1.464841e-02
2.456950e+03	nan	nan	4.710076e-01	1.465779e-02
2.457346e+03	nan	nan	4.635003e-01	1.466717e-02
2.457742e+03	nan	nan	4.574382e-01	1.467654e-02
2.458138e+03	nan	nan	4.553948e-01	1.468592e-02
2.458534e+03	nan	nan	4.594588e-01	1.469530e-02
2.458930e+03	nan	nan	4.602250e-01	1.470469e-02
2.459326e+03	nan	nan	4.416733e-01	1.471407e-02
2.459722e+03	nan	nan	4.173686e-01	1.472345e-02
2.460118e+03	nan	nan	4.203219e-01	1.473284e-02
2.460514e+03	nan	nan	4.127516e-01	1.474222e-02
2.460910e+03	nan	nan	3.677771e-01	1.475161e-02
2.461306e+03	nan	nan	3.448695e-01	1.476100e-02
2.461702e+03	nan	nan	3.832739e-01	1.477039e-02
2.462098e+03	nan	nan	4.436166e-01	1.477978e-02
2.462494e+03	nan	nan	4.664466e-01	1.478917e-02
2.462890e+03	nan	nan	4.531630e-01	1.479856e-02
2.463286e+03	nan	nan	4.375284e-01	1.480795e-02
2.463682e+03	nan	nan	4.380459e-01	1.481735e-02
2.464078e+03	nan	nan	4.573604e-01	1.482674e-02
2.464474e+03	nan	nan	4.683536e-01	1.483614e-02
2.464870e+03	nan	nan	4.577836e-01	1.484553e-02
2.465266e+03	nan	nan	4.445579e-01	1.485493e-02
2.465662e+03	nan	nan	4.353920e-01	1.486433e-02
2.466058e+03	nan	nan	4.261111e-01	1.487373e-02
2.466454e+03	nan	nan	4.311079e-01	1.488313e-02
2.466850e+03	nan	nan	4.463274e-01	1.489254e-02
2.467246e+03	nan	nan	4.428057e-01	1.490194e-02
2.467642e+03	nan	nan	4.086125e-01	1.491134e-02
2.468038e+03	nan	nan	3.909341e-01	1.492075e-02
2.468434e+03	nan	nan	4.084069e-01	1.493015e-02
2.468830e+03	nan	nan	4.361998e-01	1.493956e-02
2.469226e+03	nan	nan	4.638129e-01	1.494897e-02
2.469622e+03	nan	nan	4.666586e-01	1.495838e-02
2.470018e+03	nan	nan	4.417044e-01	1.496779e-02
2.470414e+03	nan	nan	4.188708e-01	1.497720e-02
2.470810e+03	nan	nan	4.141497e-01	1.498661e-02
2.471206e+03	nan	nan	4.277927e-01	1.499603e-02
2.471602e+03	nan	nan	4.334964e-01	1.500544e-02
2.471998e+03	nan	nan	4.173975e-01	1.501486e-02
2.472394e+03	nan	nan	4.136401e-01	1.502427e-02
2.472790e+03	nan	nan	4.239379e-01	1.503369e-02
2.473186e+03	nan	nan	4.213579e-01	1.504311e-02
2.473582e+03	nan	nan	3.948225e-01	1.505253e-02
2.473978e+03	nan	nan	3.805444e-01	1.506195e-02
2.474374e+03	nan	nan	4.032663e-01	1.507137e-02
2.474770e+03	nan	nan	4.005779e-01	1.508079e-02
2.475166e+03	nan	nan	3.739311e-01	1.509021e-02
2.475562e+03	nan	nan	3.762115e-01	1.509963e-02
2.475958e+03	nan	nan	3.901352e-01	1.510906e-02
2.476354e+03	nan	nan	4.197407e-01	1.511848e-02
2.476750e+03	nan	nan	4.610041e-01	1.512791e-02
2.477146e+03	nan	nan	4.624804e-01	1.513734e-02
2.477542e+03	nan	nan	4.411226e-01	1.514677e-02
2.477938e+03	nan	nan	4.393568e-01	1.515620e-02
2.478334e+03	nan	nan	4.251042e-01	1.516563e-02
2.478730e+03	nan	nan	3.993599e-01	1.517506e-02
2.479126e+03	nan	nan	3.873819e-01	1.518449e-02
2.479522e+03	nan	nan	3.948577e-01	1.519392e-02
2.479918e+03	nan	nan	4.067541e-01	1.520336e-02
2.480314e+03	nan	nan	4.071388e-01	1.521279e-02
2.480710e+03	nan	nan	4.045593e-01	1.522223e-02
2.481106e+03	nan	nan	3.895153e-01	1.523166e-02
2.481502e+03	nan	nan	3.741403e-01	1.524110e-02
2.481898e+03	nan	nan	3.759601e-01	1.525054e-02
2.482294e+03	nan	nan	3.742882e-01	1.525998e-02
2.482690e+03	nan	nan	3.786124e-01	1.526942e-02
2.483086e+03	4.040687e-01	9.050101e-03	4.032991e-01	1.527886e-02
2.483482e+03	4.331122e-01	7.784864e-03	4.237820e-01	1.528830e-02
2.483878e+03	4.475899e-01	6.571491e-03	4.356693e-01	1.529774e-02
2.484274e+03	4.439185e-01	6.310312e-03	4.360840e-01	1.530719e-02
2.484670e+03	4.427309e-01	6.102008e-03	4.428504e-01	1.531663e-02
2.485066e+03	4.506277e-01	5.635896e-03	4.542591e-01	1.532608e-02
2.485462e+03	4.532274e-01	5.044229e-03	4.611758e-01	1.533552e-02
2.485858e+03	4.425082e-01	4.690922e-03	4.494557e-01	1.534497e-02
2.486254e+03	4.207908e-01	4.381611e-03	4.281063e-01	1.535442e-02
2.486650e+03	4.057326e-01	4.219420e-03	4.097737e-01	1.536387e-02
2.487046e+03	4.015007e-01	4.205431e-03	3.970375e-01	1.537332e-02
2.487442e+03	3.936576e-01	4.255044e-03	3.820764e-01	1.538277e-02
2.487838e+03	3.817666e-01	4.299258e-03	3.733826e-01	1.539222e-02
2.488234e+03	3.799399e-01	4.312134e-03	3.717892e-01	1.540167e-02
2.488630e+03	3.807641e-01	4.320210e-03	3.736786e-01	1.541112e-02
2.489026e+03	3.978837e-01	4.382106e-03	3.918029e-01	1.542058e-02
2.489422e+03	3.999042e-01	4.364435e-03	3.919768e-01	1.543003e-02
2.489818e+03	3.840860e-01	4.265306e-03	3.826611e-01	1.543949e-02
2.490214e+03	3.836553e-01	4.273945e-03	3.764992e-01	1.544895e-02
2.490610e+03	3.640685e-01	4.218149e-03	3.656190e-01	1.545840e-02
2.491006e+03	3.523002e-01	4.226436e-03	3.555405e-01	1.546786e-02
2.491402e+03	3.655322e-01	4.289348e-03	3.684188e-01	1.547732e-02
2.491798e+03	3.934557e-01	4.404474e-03	3.879688e-01	1.548678e-02
2.492194e+03	3.953776e-01	4.448321e-03	3.940103e-01	1.549624e-02
2.492590e+03	4.066661e-01	4.568841e-03	4.073715e-01	1.550570e-02
2.492986e+03	3.987382e-01	4.577092e-03	4.061913e-01	1.551516e-02
2.493382e+03	3.839999e-01	4.488800e-03	3.906878e-01	1.552463e-02
2.493778e+03	4.073865e-01	4.604859e-03	4.004526e-01	1.553409e-02
2.494174e+03	4.267034e-01	4.723441e-03	4.226705e-01	1.554356e-02
2.494570e+03	4.080488e-01	4.710270e-03	4.122551e-01	1.555302e-02
2.494966e+03	3.936056e-01	4.613735e-03	4.018922e-01	1.556249e-02
2.495362e+03	4.269439e-01	4.790198e-03	4.282955e-01	1.557195e-02
2.495758e+03	4.369937e-01	4.840960e-03	4.414508e-01	1.558142e-02
2.496154e+03	4.228523e-01	4.797728e-03	4.314889e-01	1.559089e-02
2.496550e+03	4.131969e-01	4.780231e-03	4.205942e-01	1.560036e-02
2.496946e+03	4.204886e-01	4.938637e-03	4.230252e-01	1.560983e-02
2.497342e+03	4.083859e-01	5.429098e-03	4.179975e-01	1.561930e-02
2.497738e+03	3.913866e-01	7.226075e-03	3.958050e-01	1.562877e-02
2.498134e+03	3.577156e-01	1.030971e-02	3.614698e-01	1.563825e-02
2.498530e+03	nan	nan	3.526612e-01	1.564772e-02
2.498926e+03	3.879995e-01	1.680901e-02	3.691245e-01	1.565719e-02
2.499322e+03	3.929979e-01	1.565170e-02	3.821356e-01	1.566667e-02
2.499718e+03	3.920940e-01	1.034461e-02	3.901901e-01	1.567614e-02
2.500114e+03	3.940286e-01	7.074089e-03	3.986279e-01	1.568562e-02
2.500510e+03	3.877854e-01	5.161068e-03	3.929343e-01	1.569510e-02
2.500906e+03	3.679930e-01	4.399486e-03	3.818201e-01	1.570458e-02
2.501302e+03	3.970445e-01	4.422622e-03	4.038512e-01	1.571405e-02
2.501698e+03	4.159140e-01	4.497296e-03	4.205641e-01	1.572353e-02
2.502094e+03	4.018388e-01	4.425478e-03	4.138762e-01	1.573301e-02
2.502490e+03	4.066648e-01	4.466959e-03	4.096264e-01	1.574249e-02
2.502886e+03	4.108061e-01	4.484284e-03	4.012608e-01	1.575198e-02
2.503282e+03	3.699598e-01	4.349530e-03	3.711011e-01	1.576146e-02
2.503678e+03	3.538366e-01	4.273617e-03	3.577919e-01	1.577094e-02
2.504074e+03	3.775374e-01	4.369655e-03	3.756862e-01	1.578043e-02
2.504470e+03	3.735150e-01	4.364142e-03	3.785966e-01	1.578991e-02
2.504866e+03	3.614556e-01	4.303892e-03	3.707701e-01	1.579940e-02
2.505262e+03	3.700330e-01	4.354630e-03	3.720984e-01	1.580888e-02
2.505658e+03	3.647817e-01	4.361746e-03	3.599621e-01	1.581837e-02
2.506054e+03	3.348594e-01	4.263299e-03	3.351626e-01	1.582786e-02
2.506450e+03	3.332256e-01	4.269829e-03	3.314000e-01	1.583734e-02
2.506846e+03	3.523930e-01	4.334502e-03	3.522220e-01	1.584683e-02
2.507242e+03	3.696419e-01	4.391752e-03	3.725312e-01	1.585632e-02
2.507638e+03	3.828120e-01	4.433849e-03	3.842892e-01	1.586581e-02
2.508034e+03	3.837159e-01	4.447280e-03	3.888683e-01	1.587530e-02
2.508430e+03	3.805047e-01	4.436020e-03	3.904143e-01	1.588480e-02
2.508826e+03	4.045106e-01	4.490213e-03	4.037661e-01	1.589429e-02
2.509222e+03	4.056631e-01	4.533764e-03	4.040187e-01	1.590378e-02
2.509618e+03	3.902255e-01	4.473248e-03	3.900878e-01	1.591328e-02
2.510014e+03	3.958106e-01	4.663747e-03	3.891774e-01	1.592277e-02
2.510410e+03	3.816557e-01	4.468524e-03	3.833232e-01	1.593227e-02
2.510806e+03	3.655765e-01	4.433437e-03	3.703094e-01	1.594176e-02
2.511202e+03	3.635946e-01	4.484097e-03	3.655190e-01	1.595126e-02
2.511598e+03	3.774912e-01	4.568178e-03	3.735631e-01	1.596076e-02
2.511994e+03	3.699788e-01	4.505838e-03	3.682865e-01	1.597025e-02
2.512390e+03	3.642519e-01	4.481083e-03	3.547470e-01	1.597975e-02
2.512786e+03	3.604256e-01	4.462988e-03	3.513006e-01	1.598925e-02
2.513182e+03	3.635405e-01	4.461806e-03	3.551340e-01	1.599875e-02
2.513578e+03	3.642238e-01	4.450240e-03	3.611700e-01	1.600825e-02
2.513974e+03	3.856811e-01	4.490332e-03	3.793430e-01	1.601775e-02
2.514370e+03	3.889695e-01	4.485394e-03	3.879930e-01	1.602726e-02
2.514766e+03	3.630996e-01	4.343739e-03	3.643694e-01	1.603676e-02
2.515162e+03	3.281839e-01	4.233200e-03	3.274363e-01	1.604626e-02
2.515558e+03	3.184333e-01	4.201546e-03	3.162431e-01	1.605577e-02
2.515954e+03	3.503775e-01	4.291224e-03	3.438400e-01	1.606527e-02
2.516350e+03	3.785536e-01	4.390451e-03	3.824257e-01	1.607478e-02
2.516746e+03	4.081513e-01	4.417047e-03	4.177402e-01	1.608428e-02
2.517142e+03	4.324504e-01	4.447752e-03	4.391330e-01	1.609379e-02
2.517538e+03	4.099150e-01	4.396521e-03	4.222083e-01	1.610330e-02
2.517934e+03	nan	nan	4.022156e-01	1.611280e-02
2.518330e+03	3.874195e-01	4.609505e-03	3.884933e-01	1.612231e-02
2.518726e+03	3.810661e-01	4.226408e-03	3.802417e-01	1.613182e-02
2.519122e+03	3.779758e-01	4.231256e-03	3.762809e-01	1.614133e-02
2.519518e+03	3.530716e-01	4.149530e-03	3.565876e-01	1.615084e-02
2.519914e+03	3.652163e-01	4.283445e-03	3.564833e-01	1.616035e-02
2.520310e+03	3.693246e-01	4.309074e-03	3.632092e-01	1.616986e-02
2.520706e+03	3.629920e-01	4.385191e-03	3.614232e-01	1.617938e-02
2.521102e+03	3.828400e-01	4.489665e-03	3.832179e-01	1.618889e-02
2.521498e+03	4.003079e-01	4.543772e-03	4.009231e-01	1.619840e-02
2.521894e+03	3.884168e-01	4.487599e-03	3.943688e-01	1.620792e-02
2.522290e+03	3.804622e-01	4.454009e-03	3.843807e-01	1.621743e-02
2.522686e+03	3.830010e-01	4.546704e-03	3.834229e-01	1.622695e-02
2.523082e+03	3.814420e-01	4.556866e-03	3.798296e-01	1.623646e-02
2.523478e+03	3.693166e-01	4.493700e-03	3.678913e-01	1.624598e-02
2.523874e+03	3.369827e-01	4.348683e-03	3.371351e-01	1.625549e-02
2.524270e+03	3.208110e-01	4.388572e-03	3.169402e-01	1.626501e-02
2.524666e+03	3.455321e-01	4.590586e-03	3.370637e-01	1.627453e-02
2.525062e+03	3.703340e-01	4.554282e-03	3.595415e-01	1.628405e-02
2.525458e+03	3.638447e-01	4.320401e-03	3.529432e-01	1.629357e-02
2.525854e+03	3.579865e-01	4.232862e-03	3.459179e-01	1.630309e-02
2.526250e+03	3.664010e-01	5.242271e-03	3.543538e-01	1.631261e-02
2.526646e+03	3.848930e-01	4.294732e-03	3.753210e-01	1.632213e-02
2.527042e+03	3.881029e-01	4.301051e-03	3.813850e-01	1.633165e-02
2.527438e+03	3.532146e-01	4.193943e-03	3.500514e-01	1.634117e-02
2.527834e+03	3.269016e-01	4.079292e-03	3.232318e-01	1.635070e-02
2.528230e+03	3.308020e-01	4.090135e-03	3.258856e-01	1.636022e-02
2.528626e+03	3.447522e-01	4.172585e-03	3.380137e-01	1.636974e-02
2.529022e+03	3.434894e-01	4.142990e-03	3.393235e-01	1.637927e-02
2.529418e+03	3.469389e-01	4.165740e-03	3.471811e-01	1.638879e-02
2.529814e+03	3.669039e-01	4.246444e-03	3.689444e-01	1.639832e-02
2.530210e+03	3.823205e-01	4.283158e-03	3.825645e-01	1.640785e-02
2.530606e+03	3.948910e-01	4.272728e-03	3.970664e-01	1.641737e-02
2.531002e+03	3.892033e-01	4.248369e-03	3.935600e-01	1.642690e-02
2.531398e+03	3.779762e-01	7.461038e-03	3.673216e-01	1.643643e-02
2.531794e+03	3.705737e-01	4.507495e-03	3.682379e-01	1.644595e-02
2.532190e+03	4.000007e-01	4.316818e-03	3.948200e-01	1.645548e-02
2.532586e+03	3.926189e-01	4.253222e-03	3.870525e-01	1.646501e-02
2.532982e+03	3.572138e-01	4.161093e-03	3.527958e-01	1.647454e-02
2.533378e+03	3.503116e-01	4.139250e-03	3.454657e-01	1.648407e-02
2.533774e+03	3.791008e-01	4.228890e-03	3.737939e-01	1.649360e-02
2.534170e+03	4.030195e-01	4.323180e-03	3.971525e-01	1.650314e-02
2.534566e+03	3.884724e-01	4.282662e-03	3.835747e-01	1.651267e-02
2.534962e+03	3.598760e-01	4.192295e-03	3.558807e-01	1.652220e-02
2.535358e+03	nan	nan	3.383131e-01	1.653173e-02
2.535754e+03	3.270027e-01	4.371450e-03	3.283916e-01	1.654127e-02
2.536150e+03	3.219305e-01	4.169393e-03	3.215814e-01	1.655080e-02
2.536546e+03	3.369188e-01	4.610561e-03	3.333648e-01	1.656033e-02
2.536942e+03	3.498836e-01	5.156140e-03	3.402492e-01	1.656987e-02
2.537338e+03	3.362907e-01	4.270086e-03	3.364865e-01	1.657941e-02
2.537734e+03	3.432185e-01	4.176204e-03	3.462490e-01	1.658894e-02
2.538130e+03	3.710327e-01	4.233365e-03	3.742879e-01	1.659848e-02
2.538526e+03	3.930602e-01	4.342939e-03	3.825469e-01	1.660801e-02
2.538922e+03	3.617974e-01	4.275917e-03	3.539856e-01	1.661755e-02
2.539318e+03	3.372328e-01	4.217443e-03	3.330716e-01	1.662709e-02
2.539714e+03	3.395868e-01	4.267560e-03	3.356049e-01	1.663663e-02
2.540110e+03	3.490975e-01	4.296702e-03	3.443335e-01	1.664617e-02
2.540506e+03	3.360535e-01	4.264425e-03	3.338934e-01	1.665571e-02
2.540902e+03	3.245931e-01	4.197072e-03	3.262736e-01	1.666525e-02
2.541298e+03	3.497563e-01	4.284409e-03	3.470564e-01	1.667479e-02
2.541694e+03	3.661887e-01	4.357205e-03	3.636016e-01	1.668433e-02
2.542090e+03	3.705905e-01	4.406894e-03	3.721269e-01	1.669387e-02
2.542486e+03	3.769333e-01	4.742546e-03	3.689738e-01	1.670341e-02
2.542882e+03	3.461911e-01	4.572291e-03	3.397178e-01	1.671295e-02
2.543278e+03	3.294214e-01	4.553740e-03	3.228271e-01	1.672249e-02
2.543674e+03	3.347218e-01	4.641415e-03	3.230228e-01	1.673204e-02
2.544070e+03	3.365652e-01	4.641489e-03	3.295013e-01	1.674158e-02
2.544466e+03	3.527023e-01	4.713442e-03	3.461185e-01	1.675113e-02
2.544862e+03	3.774911e-01	5.498827e-03	3.684283e-01	1.676067e-02
2.545258e+03	nan	nan	3.770449e-01	1.677021e-02
2.545654e+03	3.692044e-01	4.714626e-03	3.690920e-01	1.677976e-02
2.546050e+03	3.605567e-01	4.321196e-03	3.639845e-01	1.678931e-02
2.546446e+03	3.672585e-01	4.356767e-03	3.680703e-01	1.679885e-02
2.546842e+03	3.615304e-01	4.329094e-03	3.632709e-01	1.680840e-02
2.547238e+03	3.625594e-01	4.295929e-03	3.624309e-01	1.681795e-02
2.547634e+03	3.809816e-01	4.382312e-03	3.703171e-01	1.682749e-02
2.548030e+03	3.749782e-01	4.408667e-03	3.655961e-01	1.683704e-02
2.548426e+03	3.508359e-01	4.337991e-03	3.491701e-01	1.684659e-02
2.548822e+03	3.343847e-01	4.331083e-03	3.321675e-01	1.685614e-02
2.549218e+03	3.263933e-01	4.259235e-03	3.274326e-01	1.686569e-02
2.549614e+03	3.531125e-01	4.739095e-03	3.393453e-01	1.687524e-02
2.550010e+03	3.465141e-01	4.872832e-03	3.367651e-01	1.688479e-02
2.550406e+03	3.470233e-01	4.919435e-03	3.428782e-01	1.689434e-02
2.550802e+03	nan	nan	3.653406e-01	1.690389e-02
2.551198e+03	nan	nan	3.907772e-01	1.691344e-02
2.551594e+03	nan	nan	4.069272e-01	1.692299e-02
2.551990e+03	3.779933e-01	4.516239e-03	3.822921e-01	1.693254e-02
2.552386e+03	3.462677e-01	4.339514e-03	3.514723e-01	1.694209e-02
2.552782e+03	3.316582e-01	4.413434e-03	3.328216e-01	1.695165e-02
2.553178e+03	3.269244e-01	4.454456e-03	3.285059e-01	1.696120e-02
2.553574e+03	3.487523e-01	4.516361e-03	3.480707e-01	1.697075e-02
2.553970e+03	3.764092e-01	4.568541e-03	3.711108e-01	1.698031e-02
2.554366e+03	3.891991e-01	4.576793e-03	3.828246e-01	1.698986e-02
2.554762e+03	3.805798e-01	4.520532e-03	3.732717e-01	1.699942e-02
2.555158e+03	3.482504e-01	4.401436e-03	3.490087e-01	1.700897e-02
2.555554e+03	3.396457e-01	4.399799e-03	3.417441e-01	1.701853e-02
2.555950e+03	3.535170e-01	4.592158e-03	3.470153e-01	1.702808e-02
2.556346e+03	3.395674e-01	4.662447e-03	3.408369e-01	1.703764e-02
2.556742e+03	3.456053e-01	4.737771e-03	3.441082e-01	1.704719e-02
2.557138e+03	3.586333e-01	4.808474e-03	3.594117e-01	1.705675e-02
2.557534e+03	3.575170e-01	4.762122e-03	3.672624e-01	1.706631e-02
2.557930e+03	3.591334e-01	4.791423e-03	3.668465e-01	1.707586e-02
2.558326e+03	3.604871e-01	4.800121e-03	3.673481e-01	1.708542e-02
2.558722e+03	3.721174e-01	4.894396e-03	3.720263e-01	1.709498e-02
2.559118e+03	3.607958e-01	4.738892e-03	3.604428e-01	1.710454e-02
2.559514e+03	3.446840e-01	4.589501e-03	3.440188e-01	1.711410e-02
2.559910e+03	3.319960e-01	4.533947e-03	3.339723e-01	1.712366e-02
2.560306e+03	3.240421e-01	4.577399e-03	3.273893e-01	1.713322e-02
2.560702e+03	3.259621e-01	4.632583e-03	3.251913e-01	1.714278e-02
2.561098e+03	3.179837e-01	4.583677e-03	3.216808e-01	1.715234e-02
2.561494e+03	3.313126e-01	4.787144e-03	3.379371e-01	1.716190e-02
2.561890e+03	3.619835e-01	5.076247e-03	3.613888e-01	1.717146e-02
2.562286e+03	3.557030e-01	5.034580e-03	3.538799e-01	1.718102e-02
2.562682e+03	3.240458e-01	5.282120e-03	3.289928e-01	1.719058e-02
2.563078e+03	3.225511e-01	5.401217e-03	3.249061e-01	1.720014e-02
2.563474e+03	3.370223e-01	5.539945e-03	3.356372e-01	1.720970e-02
2.563870e+03	3.530281e-01	5.663994e-03	3.455843e-01	1.721927e-02
2.564266e+03	3.514807e-01	5.324379e-03	3.478831e-01	1.722883e-02
2.564662e+03	3.362628e-01	5.078075e-03	3.405700e-01	1.723839e-02
2.565058e+03	3.481723e-01	5.217631e-03	3.511711e-01	1.724796e-02
2.565454e+03	3.530960e-01	5.197652e-03	3.589249e-01	1.725752e-02
2.565850e+03	3.389585e-01	5.059058e-03	3.441529e-01	1.726708e-02
2.566246e+03	3.157425e-01	4.859417e-03	3.217085e-01	1.727665e-02
2.566642e+03	3.209765e-01	4.917432e-03	3.217433e-01	1.728621e-02
2.567038e+03	3.237758e-01	4.854154e-03	3.301583e-01	1.729578e-02
2.567434e+03	3.299878e-01	4.589919e-03	3.327336e-01	1.730534e-02
2.567830e+03	3.439955e-01	4.463478e-03	3.417218e-01	1.731491e-02
2.568226e+03	3.475443e-01	4.316239e-03	3.442291e-01	1.732447e-02
2.568622e+03	3.385679e-01	4.214097e-03	3.360063e-01	1.733404e-02
2.569018e+03	3.289613e-01	4.167078e-03	3.286797e-01	1.734361e-02
2.569414e+03	3.174911e-01	4.078719e-03	3.209808e-01	1.735317e-02
2.569810e+03	3.099520e-01	4.052644e-03	3.133065e-01	1.736274e-02
2.570206e+03	3.394368e-01	4.127051e-03	3.347422e-01	1.737231e-02
2.570602e+03	3.778156e-01	4.196155e-03	3.749561e-01	1.738187e-02
2.570998e+03	4.066911e-01	4.296968e-03	4.035815e-01	1.739144e-02
2.571394e+03	4.128694e-01	4.379165e-03	4.127787e-01	1.740101e-02
2.571790e+03	3.989828e-01	4.339984e-03	3.987570e-01	1.741058e-02
2.572186e+03	3.881764e-01	4.341087e-03	3.831748e-01	1.742015e-02
2.572582e+03	3.818286e-01	4.270458e-03	3.798075e-01	1.742971e-02
2.572978e+03	3.704893e-01	4.235576e-03	3.703481e-01	1.743928e-02
2.573374e+03	3.446879e-01	4.162491e-03	3.457799e-01	1.744885e-02
2.573770e+03	3.334293e-01	4.158573e-03	3.308340e-01	1.745842e-02
2.574166e+03	3.388769e-01	4.354167e-03	3.347892e-01	1.746799e-02
2.574562e+03	3.353175e-01	4.136160e-03	3.344635e-01	1.747756e-02
2.574958e+03	3.281754e-01	4.121491e-03	3.251772e-01	1.748713e-02
2.575354e+03	3.270579e-01	4.115109e-03	3.233882e-01	1.749670e-02
2.575750e+03	3.199383e-01	4.128470e-03	3.192849e-01	1.750627e-02
2.576146e+03	3.124994e-01	4.143084e-03	3.167067e-01	1.751584e-02
2.576542e+03	3.176586e-01	4.148432e-03	3.215530e-01	1.752541e-02
2.576938e+03	3.205024e-01	4.115471e-03	3.190559e-01	1.753498e-02
2.577334e+03	3.118527e-01	4.120482e-03	3.064647e-01	1.754456e-02
2.577730e+03	3.139766e-01	5.020944e-03	3.046812e-01	1.755413e-02
2.578126e+03	3.115627e-01	4.081163e-03	3.060096e-01	1.756370e-02
2.578522e+03	3.168356e-01	4.090701e-03	3.116533e-01	1.757327e-02
2.578918e+03	3.339902e-01	4.142917e-03	3.295187e-01	1.758284e-02
2.579314e+03	3.554898e-01	4.199537e-03	3.547531e-01	1.759242e-02
2.579710e+03	3.836019e-01	4.268822e-03	3.811481e-01	1.760199e-02
2.580106e+03	4.016556e-01	4.338476e-03	4.014303e-01	1.761156e-02
2.580502e+03	3.918921e-01	4.319542e-03	3.916178e-01	1.762113e-02
2.580898e+03	3.646351e-01	4.238231e-03	3.605374e-01	1.763071e-02
2.581294e+03	3.406129e-01	4.159259e-03	3.376196e-01	1.764028e-02
2.581690e+03	nan	nan	3.355179e-01	1.764985e-02
2.582086e+03	3.518665e-01	4.548805e-03	3.511542e-01	1.765943e-02
2.582482e+03	3.529810e-01	4.178665e-03	3.511461e-01	1.766900e-02
2.582878e+03	3.279267e-01	4.117800e-03	3.266779e-01	1.767858e-02
2.583274e+03	3.179365e-01	4.105458e-03	3.201266e-01	1.768815e-02
2.583670e+03	3.367714e-01	4.190871e-03	3.363293e-01	1.769772e-02
2.584066e+03	3.576433e-01	4.276853e-03	3.478936e-01	1.770730e-02
2.584462e+03	3.648832e-01	4.434917e-03	3.509659e-01	1.771687e-02
2.584858e+03	3.506162e-01	4.493014e-03	3.414260e-01	1.772645e-02
2.585254e+03	3.456660e-01	4.370137e-03	3.467903e-01	1.773602e-02
2.585650e+03	3.707546e-01	4.575369e-03	3.745433e-01	1.774560e-02
2.586046e+03	3.882177e-01	4.535403e-03	3.925761e-01	1.775517e-02
2.586442e+03	3.892053e-01	4.475389e-03	3.933607e-01	1.776475e-02
2.586838e+03	3.713514e-01	4.339417e-03	3.695311e-01	1.777433e-02
2.587234e+03	3.315334e-01	4.185197e-03	3.299083e-01	1.778390e-02
2.587630e+03	3.233038e-01	4.131920e-03	3.206684e-01	1.779348e-02
2.588026e+03	3.356399e-01	4.180663e-03	3.291295e-01	1.780305e-02
2.588422e+03	3.391607e-01	4.161896e-03	3.322642e-01	1.781263e-02
2.588818e+03	3.508502e-01	4.214696e-03	3.420110e-01	1.782221e-02
2.589214e+03	3.504853e-01	4.146728e-03	3.399870e-01	1.783178e-02
2.589610e+03	3.381599e-01	4.088754e-03	3.369734e-01	1.784136e-02
2.590006e+03	3.421422e-01	4.107723e-03	3.449775e-01	1.785094e-02
2.590402e+03	3.441613e-01	4.180395e-03	3.464336e-01	1.786051e-02
2.590798e+03	3.452390e-01	4.178363e-03	3.521578e-01	1.787009e-02
2.591194e+03	3.563667e-01	4.233205e-03	3.642508e-01	1.787967e-02
2.591590e+03	3.652114e-01	4.206186e-03	3.699461e-01	1.788925e-02
2.591986e+03	3.617265e-01	4.232161e-03	3.603897e-01	1.789882e-02
2.592382e+03	3.411714e-01	4.161299e-03	3.391811e-01	1.790840e-02
2.592778e+03	3.206135e-01	4.708137e-03	3.219250e-01	1.791798e-02
2.593174e+03	3.178845e-01	4.704231e-03	3.196255e-01	1.792756e-02
2.593570e+03	3.358204e-01	4.128979e-03	3.388237e-01	1.793714e-02
2.593966e+03	3.499253e-01	4.185095e-03	3.505020e-01	1.794671e-02
2.594362e+03	3.315684e-01	4.140358e-03	3.333151e-01	1.795629e-02
2.594758e+03	3.174420e-01	4.120728e-03	3.211305e-01	1.796587e-02
2.595154e+03	3.352959e-01	4.206976e-03	3.335865e-01	1.797545e-02
2.595550e+03	3.488136e-01	4.296074e-03	3.467155e-01	1.798503e-02
2.595946e+03	3.448730e-01	4.241165e-03	3.449918e-01	1.799461e-02
2.596342e+03	3.437099e-01	4.202375e-03	3.450307e-01	1.800418e-02
2.596738e+03	3.528154e-01	4.246399e-03	3.541097e-01	1.801376e-02
2.597134e+03	3.468995e-01	4.301340e-03	3.475706e-01	1.802334e-02
2.597530e+03	3.147474e-01	4.277341e-03	3.177477e-01	1.803292e-02
2.597926e+03	2.984798e-01	4.250792e-03	3.000410e-01	1.804250e-02
2.598322e+03	3.136993e-01	4.252261e-03	3.111176e-01	1.805208e-02
2.598718e+03	3.470291e-01	4.398303e-03	3.375432e-01	1.806166e-02
2.599114e+03	3.579615e-01	4.491808e-03	3.474904e-01	1.807124e-02
2.599510e+03	3.524476e-01	4.461669e-03	3.524206e-01	1.808082e-02
2.599906e+03	3.673105e-01	4.547185e-03	3.698359e-01	1.809040e-02
2.600302e+03	3.746124e-01	4.568547e-03	3.757220e-01	1.809997e-02
2.600698e+03	3.618841e-01	4.482246e-03	3.632388e-01	1.810955e-02
2.601094e+03	3.409764e-01	4.416394e-03	3.416917e-01	1.811913e-02
2.601490e+03	3.084327e-01	4.268497e-03	3.166098e-01	1.812871e-02
2.601886e+03	3.156479e-01	4.260274e-03	3.308122e-01	1.813829e-02
2.602282e+03	3.607778e-01	4.475137e-03	3.691607e-01	1.814787e-02
2.602678e+03	3.711758e-01	4.417675e-03	3.753092e-01	1.815745e-02
2.603074e+03	3.581695e-01	4.330358e-03	3.606562e-01	1.816703e-02
2.603470e+03	3.487991e-01	4.291404e-03	3.515472e-01	1.817661e-02
2.603866e+03	3.474416e-01	4.261265e-03	3.437424e-01	1.818619e-02
2.604262e+03	3.228505e-01	4.143804e-03	3.287750e-01	1.819577e-02
2.604658e+03	3.254403e-01	4.191939e-03	3.310390e-01	1.820535e-02
2.605054e+03	3.443191e-01	4.260257e-03	3.431261e-01	1.821493e-02
2.605450e+03	3.473225e-01	4.254184e-03	3.453484e-01	1.822451e-02
2.605846e+03	3.401571e-01	4.188387e-03	3.433866e-01	1.823409e-02
2.606242e+03	3.499820e-01	4.241016e-03	3.514254e-01	1.824367e-02
2.606638e+03	3.608006e-01	4.685545e-03	3.670563e-01	1.825325e-02
2.607034e+03	3.761350e-01	4.907204e-03	3.772563e-01	1.826283e-02
2.607430e+03	3.565631e-01	4.350238e-03	3.556884e-01	1.827241e-02
2.607826e+03	3.244273e-01	4.262574e-03	3.285192e-01	1.828199e-02
2.608222e+03	3.148648e-01	4.290049e-03	3.150150e-01	1.829157e-02
2.608618e+03	3.071517e-01	4.312231e-03	3.092135e-01	1.830115e-02
2.609014e+03	3.227501e-01	4.376224e-03	3.188755e-01	1.831073e-02
2.609410e+03	3.286245e-01	4.395365e-03	3.242933e-01	1.832031e-02
2.609806e+03	3.245171e-01	4.626213e-03	3.246743e-01	1.832989e-02
2.610202e+03	3.467104e-01	5.168468e-03	3.468464e-01	1.833947e-02
2.610598e+03	3.736884e-01	5.789874e-03	3.731555e-01	1.834905e-02
2.610994e+03	3.766190e-01	6.153649e-03	3.758722e-01	1.835863e-02
2.611390e+03	3.711045e-01	6.470127e-03	3.700215e-01	1.836821e-02
2.611786e+03	3.731650e-01	7.458076e-03	3.742665e-01	1.837779e-02
2.612182e+03	3.719939e-01	6.589112e-03	3.774027e-01	1.838737e-02
2.612578e+03	3.589401e-01	6.416107e-03	3.651857e-01	1.839695e-02
2.612974e+03	3.459163e-01	6.261024e-03	3.506326e-01	1.840653e-02
2.613370e+03	3.473350e-01	6.301378e-03	3.503394e-01	1.841611e-02
2.613766e+03	3.524600e-01	6.393011e-03	3.549200e-01	1.842569e-02
2.614162e+03	3.496760e-01	6.041900e-03	3.532616e-01	1.843527e-02
2.614558e+03	3.472817e-01	5.708870e-03	3.485586e-01	1.844485e-02
2.614954e+03	3.470340e-01	4.993911e-03	3.479363e-01	1.845443e-02
2.615350e+03	3.553831e-01	4.659636e-03	3.572165e-01	1.846401e-02
2.615746e+03	3.639666e-01	4.646070e-03	3.625692e-01	1.847359e-02
2.616142e+03	3.551392e-01	4.495021e-03	3.557382e-01	1.848317e-02
2.616538e+03	3.410387e-01	4.402447e-03	3.447243e-01	1.849275e-02
2.616934e+03	3.441974e-01	4.400477e-03	3.448547e-01	1.850233e-02
2.617330e+03	3.489743e-01	4.408494e-03	3.457671e-01	1.851191e-02
2.617726e+03	3.289644e-01	4.276054e-03	3.281318e-01	1.852149e-02
2.618122e+03	3.187946e-01	4.216064e-03	3.171157e-01	1.853107e-02
2.618518e+03	3.228757e-01	4.314611e-03	3.221373e-01	1.854065e-02
2.618914e+03	3.270612e-01	4.298495e-03	3.271505e-01	1.855023e-02
2.619310e+03	3.400176e-01	4.343552e-03	3.401988e-01	1.855981e-02
2.619706e+03	nan	nan	3.463414e-01	1.856939e-02
2.620102e+03	3.491509e-01	4.395167e-03	3.504608e-01	1.857897e-02
2.620498e+03	3.416109e-01	4.361231e-03	3.478979e-01	1.858855e-02
2.620894e+03	3.527113e-01	4.540180e-03	3.550100e-01	1.859812e-02
2.621290e+03	3.598385e-01	4.647412e-03	3.607206e-01	1.860770e-02
2.621686e+03	3.450390e-01	4.610738e-03	3.430765e-01	1.861728e-02
2.622082e+03	3.388128e-01	4.672831e-03	3.343923e-01	1.862686e-02
2.622478e+03	3.413790e-01	4.754762e-03	3.382079e-01	1.863644e-02
2.622874e+03	3.427518e-01	4.796293e-03	3.435201e-01	1.864602e-02
2.623270e+03	3.569655e-01	5.261610e-03	3.539488e-01	1.865560e-02
2.623666e+03	3.610215e-01	5.667763e-03	3.603942e-01	1.866517e-02
2.624062e+03	3.457067e-01	5.538275e-03	3.499153e-01	1.867475e-02
2.624458e+03	3.527628e-01	5.643521e-03	3.499387e-01	1.868433e-02
2.624854e+03	3.568955e-01	6.154419e-03	3.524392e-01	1.869391e-02
2.625250e+03	3.452368e-01	6.830710e-03	3.412449e-01	1.870349e-02
2.625646e+03	3.351947e-01	6.806115e-03	3.290597e-01	1.871307e-02
2.626042e+03	3.286553e-01	6.699853e-03	3.206485e-01	1.872264e-02
2.626438e+03	3.231184e-01	6.592513e-03	3.170342e-01	1.873222e-02
2.626834e+03	3.315207e-01	6.715706e-03	3.236067e-01	1.874180e-02
2.627230e+03	3.403406e-01	6.802089e-03	3.355716e-01	1.875138e-02
2.627626e+03	3.415535e-01	6.750855e-03	3.427602e-01	1.876095e-02
2.628022e+03	3.514922e-01	6.022965e-03	3.503095e-01	1.877053e-02
2.628418e+03	3.557127e-01	4.482543e-03	3.531890e-01	1.878011e-02
2.628814e+03	3.473148e-01	4.205860e-03	3.493802e-01	1.878968e-02
2.629210e+03	3.537930e-01	4.174094e-03	3.536888e-01	1.879926e-02
2.629606e+03	3.562493e-01	4.137047e-03	3.588690e-01	1.880884e-02
2.630002e+03	3.465185e-01	4.103618e-03	3.488440e-01	1.881841e-02
2.630398e+03	3.283683e-01	4.035239e-03	3.327344e-01	1.882799e-02
2.630794e+03	3.416651e-01	4.087727e-03	3.401902e-01	1.883757e-02
2.631190e+03	3.531727e-01	4.065774e-03	3.525244e-01	1.884714e-02
2.631586e+03	3.480079e-01	4.969070e-03	3.487500e-01	1.885672e-02
2.631982e+03	3.419351e-01	4.868804e-03	3.448273e-01	1.886630e-02
2.632378e+03	3.455216e-01	4.075532e-03	3.496071e-01	1.887587e-02
2.632774e+03	3.624361e-01	4.117408e-03	3.638603e-01	1.888545e-02
2.633170e+03	3.544200e-01	4.060546e-03	3.568663e-01	1.889502e-02
2.633566e+03	3.403275e-01	4.016650e-03	3.415149e-01	1.890460e-02
2.633962e+03	3.199680e-01	3.984858e-03	3.205573e-01	1.891417e-02
2.634358e+03	2.987493e-01	3.923093e-03	3.010628e-01	1.892375e-02
2.634754e+03	3.086521e-01	3.926251e-03	3.108644e-01	1.893332e-02
2.635150e+03	3.407366e-01	4.269780e-03	3.393080e-01	1.894290e-02
2.635546e+03	3.589720e-01	6.554976e-03	3.522426e-01	1.895247e-02
2.635942e+03	3.445231e-01	6.364688e-03	3.396015e-01	1.896205e-02
2.636338e+03	3.358858e-01	4.009284e-03	3.337423e-01	1.897162e-02
2.636734e+03	3.511388e-01	4.085519e-03	3.493525e-01	1.898119e-02
2.637130e+03	3.575850e-01	4.129907e-03	3.563172e-01	1.899077e-02
2.637526e+03	3.632038e-01	4.131432e-03	3.624416e-01	1.900034e-02
2.637922e+03	3.709606e-01	4.180814e-03	3.648957e-01	1.900991e-02
2.638318e+03	3.547010e-01	4.072040e-03	3.522004e-01	1.901949e-02
2.638714e+03	3.445079e-01	4.022141e-03	3.450656e-01	1.902906e-02
2.639110e+03	3.571604e-01	4.067199e-03	3.564614e-01	1.903863e-02
2.639506e+03	3.716295e-01	4.092003e-03	3.722953e-01	1.904821e-02
2.639902e+03	3.669530e-01	4.080424e-03	3.662253e-01	1.905778e-02
2.640298e+03	3.404418e-01	4.031622e-03	3.389334e-01	1.906735e-02
2.640694e+03	3.150867e-01	3.994064e-03	3.185373e-01	1.907692e-02
2.641090e+03	3.185667e-01	4.008104e-03	3.200165e-01	1.908649e-02
2.641486e+03	3.274254e-01	4.079649e-03	3.293204e-01	1.909607e-02
2.641882e+03	3.226940e-01	4.054117e-03	3.248012e-01	1.910564e-02
2.642278e+03	3.250899e-01	4.032766e-03	3.290942e-01	1.911521e-02
2.642674e+03	3.410404e-01	4.053683e-03	3.420793e-01	1.912478e-02
2.643070e+03	3.453790e-01	4.040457e-03	3.465526e-01	1.913435e-02
2.643466e+03	3.443338e-01	4.059907e-03	3.466685e-01	1.914392e-02
2.643862e+03	3.377425e-01	4.079538e-03	3.416639e-01	1.915349e-02
2.644258e+03	3.397790e-01	4.130109e-03	3.458754e-01	1.916306e-02
2.644654e+03	3.569290e-01	4.198520e-03	3.631670e-01	1.917263e-02
2.645050e+03	3.519552e-01	4.186246e-03	3.545135e-01	1.918220e-02
2.645446e+03	3.281194e-01	4.518708e-03	3.264376e-01	1.919177e-02
2.645842e+03	3.126270e-01	4.003216e-03	3.074554e-01	1.920134e-02
2.646238e+03	nan	nan	3.175838e-01	1.921091e-02
2.646634e+03	3.327286e-01	4.003016e-03	3.380561e-01	1.922048e-02
2.647030e+03	3.383910e-01	3.977222e-03	3.440953e-01	1.923004e-02
2.647426e+03	3.394869e-01	3.956814e-03	3.422844e-01	1.923961e-02
2.647822e+03	3.337242e-01	3.953154e-03	3.329758e-01	1.924918e-02
2.648218e+03	3.335036e-01	3.953119e-03	3.344126e-01	1.925875e-02
2.648614e+03	3.449748e-01	3.990998e-03	3.485435e-01	1.926831e-02
2.649010e+03	3.510063e-01	4.023315e-03	3.570710e-01	1.927788e-02
2.649406e+03	nan	nan	3.493446e-01	1.928745e-02
2.649802e+03	3.444351e-01	4.671052e-03	3.460485e-01	1.929702e-02
2.650198e+03	3.457176e-01	3.988455e-03	3.493114e-01	1.930658e-02
2.650594e+03	3.441832e-01	3.996651e-03	3.476326e-01	1.931615e-02
2.650990e+03	3.458135e-01	3.999673e-03	3.490139e-01	1.932571e-02
2.651386e+03	3.443679e-01	3.979595e-03	3.492575e-01	1.933528e-02
2.651782e+03	3.407045e-01	3.980265e-03	3.472556e-01	1.934484e-02
2.652178e+03	3.350342e-01	4.007345e-03	3.434465e-01	1.935441e-02
2.652574e+03	nan	nan	3.395114e-01	1.936397e-02
2.652970e+03	3.477154e-01	4.043108e-03	3.533750e-01	1.937354e-02
2.653366e+03	3.645359e-01	4.106425e-03	3.703295e-01	1.938310e-02
2.653762e+03	3.656888e-01	4.073091e-03	3.717788e-01	1.939267e-02
2.654158e+03	3.651983e-01	4.055957e-03	3.719232e-01	1.940223e-02
2.654554e+03	3.506246e-01	4.009278e-03	3.559004e-01	1.941179e-02
2.654950e+03	3.387076e-01	3.959923e-03	3.414726e-01	1.942136e-02
2.655346e+03	3.383754e-01	3.963855e-03	3.418121e-01	1.943092e-02
2.655742e+03	3.406562e-01	3.963281e-03	3.446714e-01	1.944048e-02
2.656138e+03	3.609674e-01	4.019238e-03	3.640384e-01	1.945004e-02
2.656534e+03	3.596520e-01	4.022796e-03	3.591871e-01	1.945960e-02
2.656930e+03	3.606668e-01	4.006851e-03	3.618789e-01	1.946917e-02
2.657326e+03	3.784936e-01	4.073919e-03	3.802875e-01	1.947873e-02
2.657722e+03	3.795669e-01	4.091785e-03	3.859535e-01	1.948829e-02
2.658118e+03	3.735079e-01	4.016979e-03	3.807583e-01	1.949785e-02
2.658514e+03	3.751353e-01	4.036616e-03	3.864314e-01	1.950741e-02
2.658910e+03	3.793080e-01	4.032871e-03	3.897296e-01	1.951697e-02
2.659306e+03	3.652161e-01	3.993683e-03	3.710236e-01	1.952653e-02
2.659702e+03	3.430771e-01	3.957481e-03	3.451029e-01	1.953609e-02
2.660098e+03	3.291469e-01	3.926237e-03	3.288568e-01	1.954565e-02
2.660494e+03	3.138201e-01	3.864593e-03	3.170729e-01	1.955521e-02
2.660890e+03	3.300102e-01	3.913146e-03	3.322530e-01	1.956476e-02
2.661286e+03	3.583040e-01	3.995181e-03	3.599887e-01	1.957432e-02
2.661682e+03	3.753991e-01	4.099248e-03	3.798088e-01	1.958388e-02
2.662078e+03	3.843549e-01	4.042462e-03	3.880617e-01	1.959344e-02
2.662474e+03	3.876578e-01	4.461805e-03	3.962310e-01	1.960299e-02
2.662870e+03	3.832438e-01	4.153879e-03	3.922411e-01	1.961255e-02
2.663266e+03	3.643407e-01	4.119813e-03	3.749075e-01	1.962211e-02
2.663662e+03	3.505227e-01	4.166467e-03	3.591762e-01	1.963166e-02
2.664058e+03	3.405610e-01	4.287822e-03	3.440236e-01	1.964122e-02
2.664454e+03	3.364257e-01	4.365008e-03	3.390550e-01	1.965077e-02
2.664850e+03	3.307361e-01	4.511771e-03	3.339959e-01	1.966033e-02
2.665246e+03	3.255119e-01	4.950571e-03	3.339483e-01	1.966988e-02
2.665642e+03	3.340680e-01	5.309649e-03	3.394567e-01	1.967944e-02
2.666038e+03	3.216994e-01	5.185282e-03	3.316029e-01	1.968899e-02
2.666434e+03	3.235806e-01	5.225924e-03	3.330623e-01	1.969854e-02
2.666830e+03	3.193648e-01	5.310619e-03	3.304286e-01	1.970810e-02
2.667226e+03	3.115032e-01	5.321251e-03	3.249197e-01	1.971765e-02
2.667622e+03	3.334998e-01	5.611746e-03	3.443173e-01	1.972720e-02
2.668018e+03	3.509908e-01	5.856254e-03	3.564785e-01	1.973675e-02
2.668414e+03	3.367993e-01	5.567801e-03	3.480142e-01	1.974630e-02
2.668810e+03	3.346100e-01	5.352708e-03	3.465551e-01	1.975585e-02
2.669206e+03	3.374907e-01	5.389226e-03	3.465055e-01	1.976541e-02
2.669602e+03	3.218830e-01	5.241313e-03	3.327503e-01	1.977496e-02
2.669998e+03	3.034701e-01	5.060485e-03	3.136541e-01	1.978451e-02
2.670394e+03	2.867400e-01	5.064131e-03	2.958676e-01	1.979406e-02
2.670790e+03	2.795746e-01	5.811096e-03	2.886239e-01	1.980360e-02
2.671186e+03	3.021863e-01	8.127583e-03	3.121386e-01	1.981315e-02
2.671582e+03	3.411196e-01	1.171441e-02	3.563550e-01	1.982270e-02
2.671978e+03	3.702126e-01	1.493642e-02	3.905301e-01	1.983225e-02
2.672374e+03	3.780468e-01	1.622650e-02	3.984459e-01	1.984180e-02
2.672770e+03	3.559066e-01	1.492323e-02	3.731692e-01	1.985134e-02
2.673166e+03	3.219746e-01	1.168898e-02	3.367530e-01	1.986089e-02
2.673562e+03	3.144382e-01	8.116265e-03	3.255126e-01	1.987044e-02
2.673958e+03	3.250507e-01	5.893171e-03	3.340512e-01	1.987998e-02
2.674354e+03	3.382414e-01	8.219986e-03	3.468569e-01	1.988953e-02
2.674750e+03	3.393097e-01	9.289419e-03	3.464832e-01	1.989907e-02
2.675146e+03	3.336424e-01	9.093208e-03	3.411287e-01	1.990862e-02
2.675542e+03	3.345164e-01	9.207831e-03	3.395180e-01	1.991816e-02
2.675938e+03	3.189945e-01	8.832689e-03	3.237505e-01	1.992771e-02
2.676334e+03	3.069686e-01	8.488771e-03	3.152153e-01	1.993725e-02
2.676730e+03	3.086181e-01	8.703548e-03	3.126679e-01	1.994679e-02
2.677126e+03	2.840025e-01	7.892326e-03	2.891449e-01	1.995633e-02
2.677522e+03	2.754045e-01	6.266787e-03	2.795871e-01	1.996588e-02
2.677918e+03	2.926404e-01	5.550424e-03	2.993387e-01	1.997542e-02
2.678314e+03	3.201846e-01	4.994660e-03	3.299209e-01	1.998496e-02
2.678710e+03	3.437941e-01	4.984055e-03	3.521242e-01	1.999450e-02
2.679106e+03	3.403550e-01	4.490565e-03	3.483295e-01	2.000404e-02
2.679502e+03	3.264325e-01	4.197880e-03	3.385703e-01	2.001358e-02
2.679898e+03	3.389129e-01	4.252246e-03	3.463738e-01	2.002312e-02
2.680294e+03	3.384809e-01	4.165231e-03	3.480039e-01	2.003266e-02
2.680690e+03	3.365054e-01	4.126911e-03	3.477710e-01	2.004220e-02
2.681086e+03	3.400448e-01	4.107672e-03	3.493979e-01	2.005174e-02
2.681482e+03	3.281528e-01	4.066282e-03	3.360600e-01	2.006127e-02
2.681878e+03	3.197075e-01	4.034845e-03	3.314233e-01	2.007081e-02
2.682274e+03	3.376987e-01	4.073386e-03	3.438560e-01	2.008035e-02
2.682670e+03	3.342099e-01	4.067993e-03	3.409036e-01	2.008988e-02
2.683066e+03	3.344743e-01	4.064306e-03	3.373022e-01	2.009942e-02
2.683462e+03	3.307586e-01	4.026794e-03	3.348508e-01	2.010895e-02
2.683858e+03	3.404371e-01	4.052660e-03	3.432715e-01	2.011849e-02
2.684254e+03	3.394945e-01	4.053273e-03	3.430657e-01	2.012802e-02
2.684650e+03	3.267807e-01	4.010899e-03	3.320773e-01	2.013756e-02
2.685046e+03	3.311830e-01	4.030498e-03	3.369836e-01	2.014709e-02
2.685442e+03	3.359115e-01	4.036587e-03	3.402344e-01	2.015662e-02
2.685838e+03	3.181979e-01	3.991253e-03	3.222144e-01	2.016616e-02
2.686234e+03	3.029513e-01	3.936588e-03	3.061597e-01	2.017569e-02
2.686630e+03	3.064434e-01	3.972078e-03	3.075063e-01	2.018522e-02
2.687026e+03	3.279353e-01	5.639348e-03	3.302659e-01	2.019475e-02
2.687422e+03	3.615986e-01	7.589192e-03	3.599981e-01	2.020428e-02
2.687818e+03	3.543691e-01	9.338856e-03	3.553635e-01	2.021381e-02
2.688214e+03	3.142414e-01	9.992699e-03	3.271827e-01	2.022334e-02
2.688610e+03	3.157280e-01	9.272850e-03	3.240131e-01	2.023287e-02
2.689006e+03	3.310305e-01	7.531099e-03	3.400191e-01	2.024240e-02
2.689402e+03	3.562392e-01	5.714820e-03	3.615064e-01	2.025192e-02
2.689798e+03	3.696291e-01	4.536314e-03	3.735471e-01	2.026145e-02
2.690194e+03	3.687376e-01	3.983101e-03	3.670036e-01	2.027098e-02
2.690590e+03	3.398340e-01	3.901152e-03	3.410163e-01	2.028050e-02
2.690986e+03	3.154101e-01	3.815629e-03	3.208619e-01	2.029003e-02
2.691382e+03	3.263439e-01	3.878562e-03	3.244067e-01	2.029956e-02
2.691778e+03	3.235522e-01	4.259627e-03	3.262016e-01	2.030908e-02
2.692174e+03	3.286069e-01	3.864997e-03	3.289046e-01	2.031860e-02
2.692570e+03	3.429509e-01	3.927621e-03	3.353713e-01	2.032813e-02
2.692966e+03	3.286215e-01	3.903105e-03	3.219084e-01	2.033765e-02
2.693362e+03	2.965454e-01	3.716478e-03	2.937058e-01	2.034717e-02
2.693758e+03	2.806193e-01	3.737970e-03	2.824686e-01	2.035670e-02
2.694154e+03	2.972968e-01	3.911987e-03	2.930870e-01	2.036622e-02
2.694550e+03	2.887443e-01	3.901821e-03	2.886289e-01	2.037574e-02
2.694946e+03	2.827134e-01	3.851189e-03	2.842619e-01	2.038526e-02
2.695342e+03	3.014554e-01	3.942009e-03	2.959960e-01	2.039478e-02
2.695738e+03	2.996588e-01	3.987843e-03	2.988510e-01	2.040430e-02
2.696134e+03	2.981130e-01	4.123558e-03	2.977412e-01	2.041382e-02
2.696530e+03	3.042916e-01	4.158756e-03	3.070014e-01	2.042334e-02
2.696926e+03	3.222986e-01	4.247919e-03	3.225469e-01	2.043285e-02
2.697322e+03	3.280348e-01	4.291065e-03	3.279199e-01	2.044237e-02
2.697718e+03	3.218809e-01	4.285734e-03	3.252881e-01	2.045189e-02
2.698114e+03	3.299108e-01	4.359260e-03	3.304825e-01	2.046140e-02
2.698510e+03	3.243664e-01	4.327551e-03	3.262492e-01	2.047092e-02
2.698906e+03	3.109607e-01	4.247590e-03	3.179613e-01	2.048043e-02
2.699302e+03	3.376069e-01	4.466616e-03	3.382627e-01	2.048995e-02
2.699698e+03	3.563080e-01	4.526770e-03	3.572859e-01	2.049946e-02
2.700094e+03	3.490351e-01	4.461119e-03	3.579040e-01	2.050898e-02
2.700490e+03	3.600900e-01	4.539243e-03	3.652449e-01	2.051849e-02
2.700886e+03	3.648612e-01	4.468947e-03	3.665599e-01	2.052800e-02
2.701282e+03	3.357471e-01	4.140047e-03	3.373358e-01	2.053751e-02
2.701678e+03	3.054048e-01	4.004983e-03	3.117101e-01	2.054702e-02
2.702074e+03	3.254595e-01	4.109500e-03	3.234203e-01	2.055653e-02
2.702470e+03	3.391036e-01	4.159142e-03	3.345347e-01	2.056604e-02
2.702866e+03	3.204915e-01	4.084745e-03	3.191821e-01	2.057555e-02
2.703262e+03	2.992562e-01	3.949478e-03	3.002623e-01	2.058506e-02
2.703658e+03	3.146231e-01	3.908410e-03	3.123030e-01	2.059457e-02
2.704054e+03	3.403135e-01	4.031103e-03	3.322029e-01	2.060408e-02
2.704450e+03	3.213629e-01	4.071808e-03	3.207671e-01	2.061358e-02
2.704846e+03	3.053066e-01	4.027944e-03	3.050070e-01	2.062309e-02
2.705242e+03	3.083718e-01	4.072834e-03	3.037130e-01	2.063259e-02
2.705638e+03	3.032111e-01	4.024434e-03	3.040668e-01	2.064210e-02
2.706034e+03	3.059969e-01	4.060078e-03	3.108537e-01	2.065160e-02
2.706430e+03	3.164238e-01	4.080391e-03	3.208206e-01	2.066111e-02
2.706826e+03	3.148817e-01	4.043411e-03	3.201886e-01	2.067061e-02
2.707222e+03	3.103708e-01	3.976025e-03	3.174329e-01	2.068011e-02
2.707618e+03	3.269263e-01	3.955286e-03	3.320710e-01	2.068961e-02
2.708014e+03	3.418825e-01	4.331218e-03	3.467904e-01	2.069912e-02
2.708410e+03	nan	nan	3.413199e-01	2.070862e-02
2.708806e+03	nan	nan	3.200620e-01	2.071812e-02
2.709202e+03	nan	nan	3.011181e-01	2.072762e-02
2.709598e+03	nan	nan	2.958758e-01	2.073712e-02
2.709994e+03	nan	nan	2.996568e-01	2.074661e-02
2.710390e+03	3.147927e-01	5.077221e-03	3.098473e-01	2.075611e-02
2.710786e+03	3.110564e-01	4.961157e-03	3.067006e-01	2.076561e-02
2.711182e+03	2.937913e-01	3.815294e-03	2.911610e-01	2.077510e-02
2.711578e+03	2.899383e-01	3.804849e-03	2.882520e-01	2.078460e-02
2.711974e+03	2.961943e-01	3.903571e-03	2.950624e-01	2.079409e-02
2.712370e+03	3.053359e-01	4.257470e-03	3.004256e-01	2.080359e-02
2.712766e+03	3.110051e-01	3.829353e-03	3.082405e-01	2.081308e-02
2.713162e+03	3.241140e-01	3.870724e-03	3.254552e-01	2.082258e-02
2.713558e+03	3.434698e-01	3.915215e-03	3.444096e-01	2.083207e-02
2.713954e+03	3.373467e-01	3.883531e-03	3.405312e-01	2.084156e-02
2.714350e+03	3.209995e-01	3.877537e-03	3.248463e-01	2.085105e-02
2.714746e+03	3.219112e-01	3.873311e-03	3.192702e-01	2.086054e-02
2.715142e+03	3.099022e-01	3.820217e-03	3.104783e-01	2.087003e-02
2.715538e+03	3.120871e-01	3.842916e-03	3.095769e-01	2.087952e-02
2.715934e+03	3.095073e-01	3.874455e-03	3.050166e-01	2.088901e-02
2.716330e+03	2.898083e-01	3.824284e-03	2.907421e-01	2.089850e-02
2.716726e+03	2.949702e-01	3.835658e-03	2.981913e-01	2.090798e-02
2.717122e+03	3.171141e-01	3.873375e-03	3.173173e-01	2.091747e-02
2.717518e+03	3.041083e-01	3.793713e-03	3.059343e-01	2.092695e-02
2.717914e+03	2.872965e-01	4.007166e-03	2.861753e-01	2.093644e-02
2.718310e+03	2.938878e-01	3.817825e-03	2.936689e-01	2.094592e-02
2.718706e+03	3.169467e-01	3.898927e-03	3.159053e-01	2.095541e-02
2.719102e+03	3.250606e-01	4.039797e-03	3.300458e-01	2.096489e-02
2.719498e+03	3.337962e-01	4.147353e-03	3.378429e-01	2.097437e-02
2.719894e+03	3.339780e-01	4.578471e-03	3.330862e-01	2.098385e-02
2.720290e+03	3.040998e-01	3.998165e-03	3.068984e-01	2.099334e-02
2.720686e+03	2.987828e-01	4.010638e-03	2.991205e-01	2.100282e-02
2.721082e+03	3.146182e-01	4.044840e-03	3.143161e-01	2.101230e-02
2.721478e+03	3.222630e-01	4.080812e-03	3.227200e-01	2.102177e-02
2.721874e+03	3.280224e-01	4.056117e-03	3.261126e-01	2.103125e-02
2.722270e+03	3.188963e-01	3.982185e-03	3.161917e-01	2.104073e-02
2.722666e+03	3.003993e-01	3.935391e-03	2.967579e-01	2.105021e-02
2.723062e+03	2.871808e-01	3.910505e-03	2.844481e-01	2.105968e-02
2.723458e+03	2.976624e-01	4.030417e-03	2.936808e-01	2.106916e-02
2.723854e+03	3.160753e-01	4.121233e-03	3.083873e-01	2.107863e-02
2.724250e+03	3.036989e-01	4.051402e-03	2.986909e-01	2.108811e-02
2.724646e+03	2.939063e-01	3.985786e-03	2.907818e-01	2.109758e-02
2.725042e+03	3.002602e-01	4.004123e-03	2.958240e-01	2.110705e-02
2.725438e+03	2.984688e-01	4.786442e-03	2.937401e-01	2.111652e-02
2.725834e+03	2.844496e-01	4.144299e-03	2.852999e-01	2.112599e-02
2.726230e+03	2.972787e-01	3.957744e-03	2.957063e-01	2.113546e-02
2.726626e+03	3.192136e-01	4.054946e-03	3.141773e-01	2.114493e-02
2.727022e+03	3.174752e-01	4.153085e-03	3.164752e-01	2.115440e-02
2.727418e+03	3.101489e-01	4.243680e-03	3.096457e-01	2.116387e-02
2.727814e+03	3.064793e-01	4.118703e-03	3.058246e-01	2.117334e-02
2.728210e+03	3.005863e-01	4.027615e-03	3.008834e-01	2.118280e-02
2.728606e+03	2.927360e-01	3.964555e-03	2.918208e-01	2.119227e-02
2.729002e+03	2.804458e-01	3.880936e-03	2.780953e-01	2.120174e-02
2.729398e+03	2.778428e-01	3.872022e-03	2.783661e-01	2.121120e-02
2.729794e+03	3.004766e-01	3.977052e-03	2.987135e-01	2.122066e-02
2.730190e+03	3.102068e-01	4.014053e-03	3.045484e-01	2.123013e-02
2.730586e+03	nan	nan	2.887739e-01	2.123959e-02
2.730982e+03	nan	nan	2.964104e-01	2.124905e-02
2.731378e+03	3.317490e-01	4.144346e-03	3.314317e-01	2.125851e-02
2.731774e+03	3.491203e-01	4.213215e-03	3.482679e-01	2.126797e-02
2.732170e+03	3.387291e-01	4.132535e-03	3.403969e-01	2.127743e-02
2.732566e+03	3.298292e-01	4.121516e-03	3.299496e-01	2.128689e-02
2.732962e+03	3.277475e-01	4.176396e-03	3.267752e-01	2.129635e-02
2.733358e+03	3.202886e-01	4.164320e-03	3.216853e-01	2.130580e-02
2.733754e+03	3.234588e-01	4.183769e-03	3.260494e-01	2.131526e-02
2.734150e+03	3.363433e-01	4.295517e-03	3.386412e-01	2.132471e-02
2.734546e+03	3.421856e-01	4.313599e-03	3.449961e-01	2.133417e-02
2.734942e+03	3.238440e-01	4.188580e-03	3.253512e-01	2.134362e-02
2.735338e+03	2.953864e-01	4.061716e-03	2.943386e-01	2.135307e-02
2.735734e+03	2.822055e-01	4.008601e-03	2.769694e-01	2.136253e-02
2.736130e+03	2.647296e-01	3.945499e-03	2.609655e-01	2.137198e-02
2.736526e+03	2.657502e-01	3.948355e-03	2.614919e-01	2.138143e-02
2.736922e+03	2.861210e-01	4.043266e-03	2.794830e-01	2.139088e-02
2.737318e+03	2.998311e-01	4.071227e-03	2.956642e-01	2.140033e-02
2.737714e+03	3.012934e-01	4.102166e-03	3.019911e-01	2.140978e-02
2.738110e+03	3.016154e-01	4.088417e-03	3.012114e-01	2.141922e-02
2.738506e+03	2.939575e-01	4.072851e-03	2.889270e-01	2.142867e-02
2.738902e+03	2.886072e-01	4.038202e-03	2.816186e-01	2.143812e-02
2.739298e+03	2.933568e-01	4.079708e-03	2.857381e-01	2.144756e-02
2.739694e+03	2.981299e-01	4.076234e-03	2.925387e-01	2.145700e-02
2.740090e+03	2.904635e-01	4.064803e-03	2.843857e-01	2.146645e-02
2.740486e+03	2.725324e-01	4.279511e-03	2.697641e-01	2.147589e-02
2.740882e+03	2.817378e-01	4.162235e-03	2.804033e-01	2.148533e-02
2.741278e+03	2.982356e-01	4.153980e-03	2.968479e-01	2.149477e-02
2.741674e+03	2.942697e-01	4.137128e-03	2.952731e-01	2.150421e-02
2.742070e+03	3.037784e-01	4.150274e-03	3.055269e-01	2.151365e-02
2.742466e+03	3.283233e-01	4.267515e-03	3.297495e-01	2.152309e-02
2.742862e+03	3.405118e-01	4.344351e-03	3.423763e-01	2.153253e-02
2.743258e+03	3.289403e-01	4.286070e-03	3.309312e-01	2.154197e-02
2.743654e+03	3.133425e-01	4.278535e-03	3.142865e-01	2.155140e-02
2.744050e+03	3.065016e-01	4.232699e-03	3.073451e-01	2.156084e-02
2.744446e+03	3.048788e-01	4.178583e-03	3.046952e-01	2.157027e-02
2.744842e+03	2.983113e-01	4.168877e-03	2.987188e-01	2.157971e-02
2.745238e+03	2.907331e-01	4.138441e-03	2.936840e-01	2.158914e-02
2.745634e+03	2.985497e-01	4.392416e-03	2.999394e-01	2.159857e-02
2.746030e+03	2.981777e-01	4.272832e-03	2.971926e-01	2.160800e-02
2.746426e+03	2.907328e-01	4.108612e-03	2.919407e-01	2.161743e-02
2.746822e+03	3.029717e-01	4.173411e-03	3.028074e-01	2.162686e-02
2.747218e+03	3.103272e-01	4.180792e-03	3.091897e-01	2.163629e-02
2.747614e+03	2.978518e-01	4.143384e-03	2.978227e-01	2.164572e-02
2.748010e+03	2.911490e-01	4.101382e-03	2.907031e-01	2.165514e-02
2.748406e+03	2.992609e-01	4.138103e-03	2.980268e-01	2.166457e-02
2.748802e+03	3.145434e-01	4.199152e-03	3.125742e-01	2.167399e-02
2.749198e+03	3.230990e-01	4.206559e-03	3.207021e-01	2.168342e-02
2.749594e+03	3.160425e-01	4.527156e-03	3.110965e-01	2.169284e-02
2.749990e+03	2.845041e-01	4.386513e-03	2.783241e-01	2.170226e-02
2.750386e+03	nan	nan	2.519501e-01	2.171169e-02
2.750782e+03	nan	nan	2.572310e-01	2.172111e-02
2.751178e+03	2.822447e-01	4.463705e-03	2.791893e-01	2.173053e-02
2.751574e+03	3.009823e-01	4.170662e-03	3.010713e-01	2.173995e-02
2.751970e+03	3.168029e-01	4.197049e-03	3.147762e-01	2.174936e-02
2.752366e+03	3.198955e-01	4.228181e-03	3.165852e-01	2.175878e-02
2.752762e+03	3.062104e-01	4.184689e-03	3.028150e-01	2.176820e-02
2.753158e+03	2.970519e-01	4.169276e-03	2.960378e-01	2.177761e-02
2.753554e+03	3.114799e-01	4.286936e-03	3.077058e-01	2.178703e-02
2.753950e+03	nan	nan	3.008601e-01	2.179644e-02
2.754346e+03	nan	nan	2.800936e-01	2.180585e-02
2.754742e+03	2.771238e-01	4.287506e-03	2.683139e-01	2.181527e-02
2.755138e+03	nan	nan	2.695651e-01	2.182468e-02
2.755534e+03	2.904592e-01	4.878732e-03	2.852883e-01	2.183409e-02
2.755930e+03	2.893461e-01	5.306670e-03	2.857036e-01	2.184350e-02
2.756326e+03	2.782444e-01	6.240888e-03	2.824964e-01	2.185291e-02
2.756722e+03	nan	nan	3.085120e-01	2.186231e-02
2.757118e+03	nan	nan	3.416695e-01	2.187172e-02
2.757514e+03	nan	nan	3.323754e-01	2.188113e-02
2.757910e+03	2.940972e-01	8.403206e-03	2.939465e-01	2.189053e-02
2.758306e+03	nan	nan	2.781278e-01	2.189993e-02
2.758702e+03	nan	nan	2.939110e-01	2.190934e-02
2.759098e+03	nan	nan	3.091828e-01	2.191874e-02
2.759494e+03	3.009269e-01	8.539582e-03	3.013675e-01	2.192814e-02
2.759890e+03	2.908157e-01	7.888616e-03	2.913643e-01	2.193754e-02
2.760286e+03	2.881358e-01	6.533428e-03	2.886694e-01	2.194694e-02
2.760682e+03	3.004864e-01	5.656429e-03	2.985229e-01	2.195634e-02
2.761078e+03	3.105785e-01	5.414478e-03	3.063239e-01	2.196574e-02
2.761474e+03	3.004635e-01	4.980168e-03	2.999186e-01	2.197513e-02
2.761870e+03	3.125345e-01	4.801191e-03	3.151328e-01	2.198453e-02
2.762266e+03	3.314117e-01	4.734859e-03	3.304049e-01	2.199392e-02
2.762662e+03	3.122330e-01	4.375875e-03	3.134036e-01	2.200332e-02
2.763058e+03	3.075385e-01	4.265490e-03	3.101256e-01	2.201271e-02
2.763454e+03	3.180700e-01	4.211447e-03	3.181079e-01	2.202210e-02
2.763850e+03	3.002647e-01	3.992519e-03	3.040699e-01	2.203149e-02
2.764246e+03	2.776615e-01	3.856158e-03	2.802693e-01	2.204088e-02
2.764642e+03	2.661977e-01	3.834510e-03	2.648561e-01	2.205027e-02
2.765038e+03	2.712673e-01	3.814033e-03	2.680888e-01	2.205966e-02
2.765434e+03	2.830890e-01	3.878610e-03	2.762038e-01	2.206905e-02
2.765830e+03	2.755398e-01	3.827957e-03	2.718984e-01	2.207843e-02
2.766226e+03	2.708856e-01	3.810540e-03	2.683528e-01	2.208782e-02
2.766622e+03	2.705723e-01	3.804134e-03	2.684165e-01	2.209720e-02
2.767018e+03	2.778802e-01	3.805055e-03	2.762467e-01	2.210659e-02
2.767414e+03	2.836277e-01	3.823777e-03	2.789997e-01	2.211597e-02
2.767810e+03	2.686863e-01	3.770777e-03	2.648977e-01	2.212535e-02
2.768206e+03	2.585018e-01	3.736267e-03	2.587933e-01	2.213473e-02
2.768602e+03	2.727761e-01	3.797411e-03	2.720692e-01	2.214411e-02
2.768998e+03	2.930745e-01	3.874265e-03	2.845720e-01	2.215349e-02
2.769394e+03	2.923212e-01	3.854739e-03	2.856404e-01	2.216287e-02
2.769790e+03	nan	nan	2.798090e-01	2.217224e-02
2.770186e+03	2.743635e-01	6.371309e-03	2.698849e-01	2.218162e-02
2.770582e+03	2.687849e-01	3.753305e-03	2.657141e-01	2.219099e-02
2.770978e+03	2.769273e-01	3.788106e-03	2.758651e-01	2.220037e-02
2.771374e+03	2.872411e-01	3.832573e-03	2.847761e-01	2.220974e-02
2.771770e+03	2.807414e-01	3.814129e-03	2.768229e-01	2.221911e-02
2.772166e+03	2.740522e-01	3.795425e-03	2.732843e-01	2.222848e-02
2.772562e+03	2.943135e-01	3.861535e-03	2.922318e-01	2.223785e-02
2.772958e+03	3.084779e-01	3.883378e-03	3.056223e-01	2.224722e-02
2.773354e+03	3.030861e-01	3.855716e-03	3.024964e-01	2.225659e-02
2.773750e+03	3.064789e-01	3.824839e-03	3.093976e-01	2.226596e-02
2.774146e+03	3.322418e-01	3.898486e-03	3.356636e-01	2.227532e-02
2.774542e+03	3.403935e-01	3.920609e-03	3.425070e-01	2.228469e-02
2.774938e+03	3.169133e-01	3.841049e-03	3.193556e-01	2.229405e-02
2.775334e+03	3.003590e-01	3.778805e-03	2.993882e-01	2.230341e-02
2.775730e+03	2.841973e-01	3.724359e-03	2.844459e-01	2.231278e-02
2.776126e+03	nan	nan	2.755737e-01	2.232214e-02
2.776522e+03	2.849769e-01	3.707477e-03	2.830213e-01	2.233150e-02
2.776918e+03	2.915573e-01	3.755388e-03	2.914499e-01	2.234086e-02
2.777314e+03	2.916864e-01	3.734479e-03	2.947482e-01	2.235021e-02
2.777710e+03	2.872373e-01	3.725211e-03	2.869052e-01	2.235957e-02
2.778106e+03	2.651770e-01	3.655436e-03	2.639198e-01	2.236893e-02
2.778502e+03	2.577738e-01	3.617215e-03	2.536059e-01	2.237828e-02
2.778898e+03	2.653882e-01	3.634575e-03	2.594708e-01	2.238764e-02
2.779294e+03	2.764617e-01	3.664694e-03	2.696195e-01	2.239699e-02
2.779690e+03	2.873946e-01	3.671292e-03	2.772711e-01	2.240634e-02
2.780086e+03	2.832544e-01	3.667911e-03	2.768750e-01	2.241569e-02
2.780482e+03	2.887019e-01	3.679823e-03	2.875705e-01	2.242504e-02
2.780878e+03	2.984792e-01	3.703735e-03	2.969401e-01	2.243439e-02
2.781274e+03	2.940666e-01	3.673436e-03	2.931779e-01	2.244374e-02
2.781670e+03	2.962333e-01	3.679238e-03	2.933524e-01	2.245308e-02
2.782066e+03	2.989529e-01	3.720700e-03	2.937689e-01	2.246243e-02
2.782462e+03	2.908082e-01	3.667382e-03	2.901454e-01	2.247177e-02
2.782858e+03	2.927941e-01	3.673148e-03	2.938058e-01	2.248112e-02
2.783254e+03	3.025333e-01	3.740346e-03	3.025529e-01	2.249046e-02
2.783650e+03	3.112405e-01	3.733410e-03	3.075799e-01	2.249980e-02
2.784046e+03	3.050941e-01	3.698195e-03	3.034987e-01	2.250914e-02
2.784442e+03	3.003092e-01	3.705759e-03	3.011609e-01	2.251848e-02
2.784838e+03	2.939151e-01	3.698441e-03	2.894532e-01	2.252782e-02
2.785234e+03	2.712844e-01	3.626850e-03	2.678956e-01	2.253716e-02
2.785630e+03	2.708152e-01	3.608049e-03	2.682232e-01	2.254649e-02
2.786026e+03	2.755643e-01	3.618970e-03	2.704955e-01	2.255583e-02
2.786422e+03	2.591206e-01	3.563353e-03	2.553853e-01	2.256516e-02
2.786818e+03	2.606556e-01	3.578168e-03	2.588007e-01	2.257449e-02
2.787214e+03	2.854712e-01	3.638475e-03	2.829479e-01	2.258383e-02
2.787610e+03	2.890979e-01	3.658953e-03	2.887317e-01	2.259316e-02
2.788006e+03	2.702892e-01	3.577134e-03	2.717865e-01	2.260249e-02
2.788402e+03	2.680807e-01	3.596489e-03	2.659522e-01	2.261182e-02
2.788798e+03	2.782681e-01	3.618005e-03	2.709637e-01	2.262114e-02
2.789194e+03	2.739779e-01	3.578381e-03	2.701042e-01	2.263047e-02
2.789590e+03	2.783969e-01	3.571588e-03	2.776863e-01	2.263979e-02
2.789986e+03	3.015008e-01	3.649580e-03	2.996552e-01	2.264912e-02
2.790382e+03	3.101663e-01	3.686244e-03	3.053483e-01	2.265844e-02
2.790778e+03	2.931865e-01	3.628865e-03	2.926424e-01	2.266776e-02
2.791174e+03	2.808677e-01	3.576504e-03	2.805914e-01	2.267709e-02
2.791570e+03	2.754592e-01	3.579181e-03	2.740026e-01	2.268641e-02
2.791966e+03	2.708407e-01	3.562595e-03	2.683813e-01	2.269573e-02
2.792362e+03	2.586551e-01	3.521451e-03	2.599479e-01	2.270504e-02
2.792758e+03	2.646287e-01	3.539920e-03	2.716117e-01	2.271436e-02
2.793154e+03	2.895490e-01	3.634671e-03	2.925709e-01	2.272368e-02
2.793550e+03	3.011191e-01	3.669581e-03	3.024354e-01	2.273299e-02
2.793946e+03	3.115516e-01	3.694263e-03	3.064603e-01	2.274230e-02
2.794342e+03	3.053824e-01	3.729429e-03	2.967524e-01	2.275162e-02
2.794738e+03	2.976466e-01	3.661065e-03	2.918182e-01	2.276093e-02
2.795134e+03	3.037036e-01	3.678722e-03	3.000922e-01	2.277024e-02
2.795530e+03	3.042932e-01	3.677179e-03	2.981219e-01	2.277955e-02
2.795926e+03	2.925495e-01	3.648254e-03	2.848710e-01	2.278885e-02
2.796322e+03	2.954650e-01	3.679075e-03	2.809966e-01	2.279816e-02
2.796718e+03	2.968044e-01	3.655533e-03	2.860293e-01	2.280747e-02
2.797114e+03	2.932968e-01	3.651265e-03	2.893218e-01	2.281677e-02
2.797510e+03	2.912623e-01	3.642825e-03	2.854815e-01	2.282608e-02
2.797906e+03	2.900843e-01	3.650444e-03	2.825622e-01	2.283538e-02
2.798302e+03	2.893184e-01	3.697442e-03	2.873260e-01	2.284468e-02
2.798698e+03	2.892778e-01	3.687274e-03	2.899146e-01	2.285398e-02
2.799094e+03	2.908348e-01	3.652089e-03	2.973682e-01	2.286328e-02
2.799490e+03	3.133930e-01	4.061284e-03	3.196343e-01	2.287258e-02
2.799886e+03	3.238439e-01	3.752035e-03	3.230850e-01	2.288187e-02
2.800282e+03	3.016245e-01	3.641594e-03	3.000787e-01	2.289117e-02
2.800678e+03	2.742546e-01	3.580905e-03	2.725773e-01	2.290046e-02
2.801074e+03	2.646922e-01	3.760024e-03	2.600292e-01	2.290976e-02
2.801470e+03	nan	nan	2.743583e-01	2.291905e-02
2.801866e+03	2.974062e-01	3.654260e-03	2.884914e-01	2.292834e-02
2.802262e+03	2.840766e-01	3.628956e-03	2.765015e-01	2.293763e-02
2.802658e+03	2.683509e-01	3.570774e-03	2.625327e-01	2.294692e-02
2.803054e+03	2.700740e-01	3.582728e-03	2.628984e-01	2.295621e-02
2.803450e+03	2.626037e-01	3.561737e-03	2.559273e-01	2.296549e-02
2.803846e+03	2.427204e-01	3.533136e-03	2.391782e-01	2.297478e-02
2.804242e+03	2.401720e-01	3.508979e-03	2.382352e-01	2.298406e-02
2.804638e+03	2.541091e-01	3.559486e-03	2.477150e-01	2.299335e-02
2.805034e+03	2.505565e-01	3.554329e-03	2.439915e-01	2.300263e-02
2.805430e+03	2.376069e-01	3.511518e-03	2.367030e-01	2.301191e-02
2.805826e+03	2.500099e-01	3.542653e-03	2.498596e-01	2.302119e-02
2.806222e+03	2.767877e-01	3.629449e-03	2.743593e-01	2.303047e-02
2.806618e+03	2.921143e-01	3.686813e-03	2.875540e-01	2.303974e-02
2.807014e+03	nan	nan	2.921919e-01	2.304902e-02
2.807410e+03	3.086555e-01	3.752275e-03	3.026450e-01	2.305830e-02
2.807806e+03	3.165874e-01	3.785849e-03	3.094984e-01	2.306757e-02
2.808202e+03	3.076263e-01	3.752853e-03	3.034602e-01	2.307684e-02
2.808598e+03	3.031339e-01	3.732471e-03	2.970732e-01	2.308611e-02
2.808994e+03	2.839291e-01	3.682948e-03	2.762450e-01	2.309538e-02
2.809390e+03	2.608888e-01	3.632428e-03	2.591054e-01	2.310465e-02
2.809786e+03	2.709341e-01	3.676403e-03	2.719060e-01	2.311392e-02
2.810182e+03	2.875966e-01	3.741805e-03	2.877756e-01	2.312319e-02
2.810578e+03	2.829352e-01	3.751024e-03	2.829724e-01	2.313245e-02
2.810974e+03	2.752054e-01	3.733083e-03	2.767914e-01	2.314172e-02
2.811370e+03	2.889251e-01	3.776310e-03	2.884990e-01	2.315098e-02
2.811766e+03	3.135189e-01	3.862014e-03	3.067710e-01	2.316024e-02
2.812162e+03	3.254827e-01	3.905951e-03	3.159218e-01	2.316950e-02
2.812558e+03	3.143083e-01	3.905546e-03	3.099119e-01	2.317876e-02
2.812954e+03	2.876387e-01	3.821579e-03	2.893047e-01	2.318802e-02
2.813350e+03	2.679733e-01	3.744614e-03	2.688157e-01	2.319728e-02
2.813746e+03	2.512045e-01	3.708100e-03	2.464387e-01	2.320653e-02
2.814142e+03	2.513010e-01	3.690426e-03	2.480328e-01	2.321579e-02
2.814538e+03	2.759226e-01	3.786382e-03	2.703887e-01	2.322504e-02
2.814934e+03	2.798689e-01	3.785589e-03	2.788249e-01	2.323430e-02
2.815330e+03	2.851546e-01	3.824875e-03	2.851234e-01	2.324355e-02
2.815726e+03	3.044390e-01	3.925646e-03	3.009924e-01	2.325280e-02
2.816122e+03	3.072181e-01	4.109430e-03	3.022355e-01	2.326205e-02
2.816518e+03	2.918062e-01	4.305074e-03	2.851201e-01	2.327129e-02
2.816914e+03	2.729795e-01	3.827856e-03	2.660611e-01	2.328054e-02
2.817310e+03	2.605224e-01	3.764169e-03	2.552230e-01	2.328978e-02
2.817706e+03	2.564820e-01	3.753275e-03	2.522477e-01	2.329903e-02
2.818102e+03	2.596694e-01	3.767120e-03	2.580632e-01	2.330827e-02
2.818498e+03	2.751503e-01	3.848092e-03	2.740013e-01	2.331751e-02
2.818894e+03	2.767508e-01	3.862540e-03	2.711057e-01	2.332675e-02
2.819290e+03	2.527414e-01	3.763314e-03	2.496259e-01	2.333599e-02
2.819686e+03	2.549931e-01	3.906232e-03	2.520092e-01	2.334523e-02
2.820082e+03	nan	nan	2.497405e-01	2.335447e-02
2.820478e+03	2.383694e-01	3.741326e-03	2.288721e-01	2.336370e-02
2.820874e+03	2.337494e-01	3.751184e-03	2.241681e-01	2.337294e-02
2.821270e+03	2.538730e-01	3.890754e-03	2.447558e-01	2.338217e-02
2.821666e+03	2.684552e-01	3.948367e-03	2.605579e-01	2.339140e-02
2.822062e+03	2.639582e-01	3.867048e-03	2.591352e-01	2.340063e-02
2.822458e+03	2.636289e-01	3.899738e-03	2.571056e-01	2.340986e-02
2.822854e+03	2.626460e-01	3.904576e-03	2.569895e-01	2.341909e-02
2.823250e+03	2.746957e-01	3.936463e-03	2.691394e-01	2.342832e-02
2.823646e+03	2.924960e-01	3.995710e-03	2.857460e-01	2.343754e-02
2.824042e+03	2.866853e-01	3.970930e-03	2.803451e-01	2.344676e-02
2.824438e+03	2.693593e-01	3.903521e-03	2.656000e-01	2.345599e-02
2.824834e+03	2.758233e-01	3.943278e-03	2.700368e-01	2.346521e-02
2.825230e+03	2.797401e-01	3.943111e-03	2.704460e-01	2.347443e-02
2.825626e+03	2.714076e-01	3.886498e-03	2.634802e-01	2.348365e-02
2.826022e+03	2.791163e-01	3.925984e-03	2.707717e-01	2.349287e-02
2.826418e+03	3.000027e-01	4.048124e-03	2.847741e-01	2.350208e-02
2.826814e+03	2.885639e-01	3.984231e-03	2.720876e-01	2.351130e-02
2.827210e+03	2.609395e-01	3.857794e-03	2.493224e-01	2.352051e-02
2.827606e+03	2.486008e-01	3.848074e-03	2.456641e-01	2.352973e-02
2.828002e+03	2.643915e-01	3.906975e-03	2.653303e-01	2.353894e-02
2.828398e+03	3.008990e-01	4.005207e-03	2.943997e-01	2.354815e-02
2.828794e+03	3.114879e-01	4.130037e-03	3.102286e-01	2.355736e-02
2.829190e+03	3.157851e-01	4.117160e-03	3.110855e-01	2.356656e-02
2.829586e+03	3.053412e-01	4.064567e-03	3.005423e-01	2.357577e-02
2.829982e+03	2.957935e-01	4.126270e-03	2.886870e-01	2.358498e-02
2.830378e+03	2.788358e-01	4.075681e-03	2.764884e-01	2.359418e-02
2.830774e+03	2.821286e-01	4.080543e-03	2.826517e-01	2.360338e-02
2.831170e+03	3.001771e-01	4.180186e-03	2.963500e-01	2.361258e-02
2.831566e+03	2.936952e-01	4.143102e-03	2.910059e-01	2.362178e-02
2.831962e+03	2.776149e-01	4.063081e-03	2.794334e-01	2.363098e-02
2.832358e+03	2.809935e-01	4.083128e-03	2.834107e-01	2.364018e-02
2.832754e+03	3.051266e-01	4.224207e-03	3.022989e-01	2.364938e-02
2.833150e+03	3.087205e-01	4.230383e-03	3.026496e-01	2.365857e-02
2.833546e+03	2.769484e-01	4.111413e-03	2.738196e-01	2.366776e-02
2.833942e+03	2.642334e-01	4.182829e-03	2.624682e-01	2.367696e-02
2.834338e+03	2.711638e-01	4.235339e-03	2.677192e-01	2.368615e-02
2.834734e+03	2.612391e-01	4.119261e-03	2.590349e-01	2.369534e-02
2.835130e+03	2.617104e-01	3.995074e-03	2.536741e-01	2.370453e-02
2.835526e+03	2.549053e-01	3.938727e-03	2.456530e-01	2.371371e-02
2.835922e+03	2.480645e-01	3.891704e-03	2.424072e-01	2.372290e-02
2.836318e+03	2.593358e-01	3.932763e-03	2.539609e-01	2.373208e-02
2.836714e+03	2.755748e-01	3.997215e-03	2.705993e-01	2.374127e-02
2.837110e+03	2.817349e-01	4.018768e-03	2.721118e-01	2.375045e-02
2.837506e+03	2.660013e-01	3.927836e-03	2.568801e-01	2.375963e-02
2.837902e+03	2.566075e-01	3.864047e-03	2.488620e-01	2.376881e-02
2.838298e+03	2.570996e-01	3.874759e-03	2.507204e-01	2.377799e-02
2.838694e+03	2.504645e-01	3.870662e-03	2.531605e-01	2.378716e-02
2.839090e+03	2.660373e-01	3.958941e-03	2.706528e-01	2.379634e-02
2.839486e+03	2.883068e-01	4.077731e-03	2.901616e-01	2.380551e-02
2.839882e+03	2.914237e-01	4.082846e-03	2.939063e-01	2.381468e-02
2.840278e+03	2.847875e-01	4.032710e-03	2.849286e-01	2.382386e-02
2.840674e+03	2.740914e-01	4.041143e-03	2.725323e-01	2.383303e-02
2.841070e+03	2.620987e-01	4.127361e-03	2.621402e-01	2.384219e-02
2.841466e+03	2.640986e-01	4.097927e-03	2.668872e-01	2.385136e-02
2.841862e+03	2.774983e-01	4.177545e-03	2.807150e-01	2.386053e-02
2.842258e+03	2.886092e-01	4.231069e-03	2.876360e-01	2.386969e-02
2.842654e+03	2.815758e-01	4.109239e-03	2.754863e-01	2.387885e-02
2.843050e+03	2.632505e-01	3.914957e-03	2.583755e-01	2.388802e-02
2.843446e+03	2.667038e-01	3.914399e-03	2.607410e-01	2.389718e-02
2.843842e+03	2.713768e-01	3.923030e-03	2.696903e-01	2.390634e-02
2.844238e+03	2.717383e-01	3.897298e-03	2.706549e-01	2.391549e-02
2.844634e+03	2.694918e-01	3.858722e-03	2.635001e-01	2.392465e-02
2.845030e+03	2.648818e-01	3.812549e-03	2.566231e-01	2.393381e-02
2.845426e+03	2.609868e-01	3.806773e-03	2.551028e-01	2.394296e-02
2.845822e+03	2.694763e-01	3.817431e-03	2.643430e-01	2.395211e-02
2.846218e+03	2.742889e-01	3.815597e-03	2.692211e-01	2.396126e-02
2.846614e+03	2.727563e-01	3.790445e-03	2.687754e-01	2.397041e-02
2.847010e+03	2.843442e-01	3.824684e-03	2.783435e-01	2.397956e-02
2.847406e+03	2.919508e-01	3.835440e-03	2.851413e-01	2.398871e-02
2.847802e+03	2.837461e-01	3.814406e-03	2.791259e-01	2.399785e-02
2.848198e+03	2.798384e-01	3.797423e-03	2.725478e-01	2.400700e-02
2.848594e+03	2.815859e-01	3.821215e-03	2.730374e-01	2.401614e-02
2.848990e+03	2.803472e-01	3.785908e-03	2.743805e-01	2.402528e-02
2.849386e+03	2.631331e-01	3.717224e-03	2.588855e-01	2.403442e-02
2.849782e+03	2.515403e-01	3.733311e-03	2.486028e-01	2.404356e-02
2.850178e+03	2.571378e-01	3.678001e-03	2.511621e-01	2.405270e-02
2.850574e+03	2.568800e-01	3.670929e-03	2.520750e-01	2.406184e-02
2.850970e+03	2.709778e-01	3.730028e-03	2.610643e-01	2.407097e-02
2.851366e+03	2.801584e-01	3.751074e-03	2.671159e-01	2.408010e-02
2.851762e+03	2.712089e-01	3.709650e-03	2.657003e-01	2.408924e-02
2.852158e+03	2.661482e-01	4.009762e-03	2.659921e-01	2.409837e-02
2.852554e+03	2.663583e-01	3.683741e-03	2.620551e-01	2.410750e-02
2.852950e+03	2.695103e-01	3.679229e-03	2.616124e-01	2.411662e-02
2.853346e+03	2.636334e-01	3.637737e-03	2.543993e-01	2.412575e-02
2.853742e+03	2.526195e-01	3.595925e-03	2.462143e-01	2.413487e-02
2.854138e+03	2.516610e-01	3.579301e-03	2.459592e-01	2.414400e-02
2.854534e+03	2.383020e-01	3.553483e-03	2.358434e-01	2.415312e-02
2.854930e+03	2.402643e-01	3.570511e-03	2.340846e-01	2.416224e-02
2.855326e+03	2.511221e-01	3.635376e-03	2.402809e-01	2.417136e-02
2.855722e+03	2.407816e-01	3.662672e-03	2.334033e-01	2.418048e-02
2.856118e+03	2.409245e-01	3.654102e-03	2.333126e-01	2.418959e-02
2.856514e+03	2.533313e-01	3.603521e-03	2.438653e-01	2.419871e-02
2.856910e+03	2.571898e-01	3.574891e-03	2.503291e-01	2.420782e-02
2.857306e+03	2.576161e-01	3.606343e-03	2.527771e-01	2.421694e-02
2.857702e+03	2.639374e-01	3.608159e-03	2.619178e-01	2.422605e-02
2.858098e+03	2.895155e-01	3.709324e-03	2.846807e-01	2.423516e-02
2.858494e+03	3.055045e-01	3.741737e-03	3.011928e-01	2.424426e-02
2.858890e+03	3.111900e-01	3.715267e-03	3.066211e-01	2.425337e-02
2.859286e+03	3.126344e-01	3.761051e-03	3.075137e-01	2.426248e-02
2.859682e+03	2.988457e-01	3.715732e-03	2.932859e-01	2.427158e-02
2.860078e+03	2.782763e-01	3.659022e-03	2.748222e-01	2.428068e-02
2.860474e+03	2.804067e-01	3.648642e-03	2.767710e-01	2.428978e-02
2.860870e+03	2.839931e-01	3.650340e-03	2.772706e-01	2.429888e-02
2.861266e+03	2.763756e-01	3.596653e-03	2.709414e-01	2.430798e-02
2.861662e+03	2.711829e-01	4.386401e-03	2.663179e-01	2.431708e-02
2.862058e+03	nan	nan	2.646154e-01	2.432617e-02
2.862454e+03	2.781469e-01	3.625638e-03	2.741153e-01	2.433527e-02
2.862850e+03	2.983748e-01	3.709840e-03	2.946948e-01	2.434436e-02
2.863246e+03	3.030506e-01	3.700655e-03	2.972021e-01	2.435345e-02
2.863642e+03	2.738148e-01	3.597590e-03	2.699987e-01	2.436254e-02
2.864038e+03	2.487803e-01	3.521343e-03	2.490182e-01	2.437163e-02
2.864434e+03	2.520634e-01	3.521142e-03	2.557242e-01	2.438072e-02
2.864830e+03	2.739937e-01	3.645445e-03	2.774789e-01	2.438980e-02
2.865226e+03	2.806860e-01	3.672642e-03	2.799832e-01	2.439888e-02
2.865622e+03	2.702288e-01	3.607162e-03	2.645576e-01	2.440797e-02
2.866018e+03	2.680678e-01	3.575823e-03	2.587527e-01	2.441705e-02
2.866414e+03	2.624893e-01	3.562021e-03	2.562469e-01	2.442613e-02
2.866810e+03	2.550044e-01	3.549745e-03	2.543343e-01	2.443520e-02
2.867206e+03	2.671517e-01	3.608497e-03	2.674946e-01	2.444428e-02
2.867602e+03	2.827986e-01	3.688508e-03	2.792192e-01	2.445336e-02
2.867998e+03	2.649209e-01	3.654055e-03	2.640295e-01	2.446243e-02
2.868394e+03	2.591738e-01	3.629965e-03	2.619184e-01	2.447150e-02
2.868790e+03	2.698196e-01	3.795293e-03	2.682132e-01	2.448057e-02
2.869186e+03	2.736154e-01	3.939391e-03	2.701539e-01	2.448964e-02
2.869582e+03	2.781934e-01	4.295562e-03	2.738971e-01	2.449871e-02
2.869978e+03	2.717506e-01	4.568940e-03	2.664866e-01	2.450778e-02
2.870374e+03	2.692260e-01	4.787136e-03	2.651206e-01	2.451684e-02
2.870770e+03	2.819183e-01	5.449817e-03	2.758830e-01	2.452590e-02
2.871166e+03	2.785678e-01	5.969870e-03	2.716264e-01	2.453497e-02
2.871562e+03	2.601509e-01	5.971090e-03	2.556736e-01	2.454403e-02
2.871958e+03	2.566763e-01	6.154093e-03	2.502563e-01	2.455309e-02
2.872354e+03	2.530091e-01	6.103877e-03	2.474834e-01	2.456214e-02
2.872750e+03	2.428695e-01	6.094698e-03	2.353494e-01	2.457120e-02
2.873146e+03	2.234042e-01	5.605403e-03	2.224527e-01	2.458025e-02
2.873542e+03	2.431632e-01	6.003077e-03	2.397120e-01	2.458931e-02
2.873938e+03	2.693798e-01	6.503495e-03	2.611248e-01	2.459836e-02
2.874334e+03	2.736378e-01	6.528670e-03	2.694119e-01	2.460741e-02
2.874730e+03	2.661453e-01	6.003499e-03	2.645362e-01	2.461646e-02
2.875126e+03	2.657197e-01	5.146921e-03	2.633674e-01	2.462550e-02
2.875522e+03	2.836435e-01	4.868948e-03	2.841513e-01	2.463455e-02
2.875918e+03	3.046071e-01	4.908595e-03	3.027357e-01	2.464359e-02
2.876314e+03	2.980380e-01	4.620107e-03	3.013177e-01	2.465264e-02
2.876710e+03	2.866836e-01	4.363283e-03	2.907194e-01	2.466168e-02
2.877106e+03	2.813051e-01	4.279372e-03	2.813599e-01	2.467072e-02
2.877502e+03	2.755358e-01	4.100027e-03	2.733474e-01	2.467975e-02
2.877898e+03	2.615002e-01	3.868675e-03	2.627689e-01	2.468879e-02
2.878294e+03	2.656773e-01	3.846031e-03	2.680552e-01	2.469783e-02
2.878690e+03	2.751499e-01	3.897887e-03	2.732255e-01	2.470686e-02
2.879086e+03	2.679366e-01	3.830145e-03	2.654952e-01	2.471589e-02
2.879482e+03	2.706488e-01	3.817685e-03	2.691257e-01	2.472492e-02
2.879878e+03	2.753830e-01	3.797669e-03	2.769166e-01	2.473395e-02
2.880274e+03	2.734402e-01	3.792629e-03	2.751402e-01	2.474298e-02
2.880670e+03	2.760083e-01	3.812347e-03	2.699296e-01	2.475201e-02
2.881066e+03	2.729970e-01	3.797333e-03	2.656358e-01	2.476103e-02
2.881462e+03	2.688889e-01	3.808648e-03	2.660069e-01	2.477005e-02
2.881858e+03	2.753949e-01	3.855732e-03	2.743620e-01	2.477907e-02
2.882254e+03	2.783941e-01	3.870872e-03	2.744912e-01	2.478809e-02
2.882650e+03	2.639429e-01	3.799854e-03	2.589827e-01	2.479711e-02
2.883046e+03	2.575014e-01	3.834077e-03	2.560161e-01	2.480613e-02
2.883442e+03	2.742098e-01	3.892352e-03	2.726038e-01	2.481515e-02
2.883838e+03	2.709559e-01	3.839266e-03	2.701961e-01	2.482416e-02
2.884234e+03	2.622751e-01	3.833295e-03	2.599041e-01	2.483317e-02
2.884630e+03	2.706363e-01	3.875081e-03	2.650103e-01	2.484218e-02
2.885026e+03	2.806218e-01	3.916792e-03	2.738368e-01	2.485119e-02
2.885422e+03	2.782600e-01	3.931732e-03	2.729980e-01	2.486020e-02
2.885818e+03	2.570411e-01	3.843973e-03	2.536854e-01	2.486921e-02
2.886214e+03	2.431560e-01	3.817876e-03	2.391602e-01	2.487821e-02
2.886610e+03	2.575405e-01	3.889121e-03	2.521256e-01	2.488721e-02
2.887006e+03	2.873817e-01	4.002312e-03	2.764454e-01	2.489621e-02
2.887402e+03	2.916835e-01	4.054285e-03	2.820349e-01	2.490521e-02
2.887798e+03	2.681646e-01	3.930102e-03	2.618709e-01	2.491421e-02
2.888194e+03	2.538164e-01	3.870510e-03	2.463067e-01	2.492321e-02
2.888590e+03	2.439725e-01	3.844379e-03	2.380248e-01	2.493221e-02
2.888986e+03	2.447740e-01	3.873831e-03	2.429908e-01	2.494120e-02
2.889382e+03	2.540327e-01	3.910475e-03	2.509640e-01	2.495019e-02
2.889778e+03	2.458053e-01	3.925294e-03	2.438115e-01	2.495918e-02
2.890174e+03	2.510178e-01	4.008245e-03	2.483506e-01	2.496817e-02
2.890570e+03	2.611792e-01	4.039000e-03	2.553048e-01	2.497716e-02
2.890966e+03	2.561302e-01	3.934678e-03	2.486466e-01	2.498614e-02
2.891362e+03	2.362686e-01	3.849617e-03	2.335319e-01	2.499513e-02
2.891758e+03	2.467023e-01	3.884254e-03	2.430739e-01	2.500411e-02
2.892154e+03	2.645707e-01	3.944871e-03	2.582294e-01	2.501309e-02
2.892550e+03	2.712748e-01	3.946542e-03	2.661067e-01	2.502207e-02
2.892946e+03	2.805771e-01	4.025530e-03	2.746300e-01	2.503105e-02
2.893342e+03	2.717066e-01	4.009812e-03	2.680070e-01	2.504003e-02
2.893738e+03	2.724721e-01	3.987597e-03	2.691826e-01	2.504900e-02
2.894134e+03	2.913291e-01	4.131100e-03	2.871893e-01	2.505798e-02
2.894530e+03	3.051097e-01	4.122254e-03	3.027877e-01	2.506695e-02
2.894926e+03	2.974079e-01	4.089063e-03	2.984797e-01	2.507592e-02
2.895322e+03	2.845099e-01	4.065463e-03	2.843919e-01	2.508489e-02
2.895718e+03	2.751179e-01	3.978765e-03	2.729900e-01	2.509386e-02
2.896114e+03	2.690854e-01	3.950468e-03	2.660088e-01	2.510282e-02
2.896510e+03	2.696741e-01	3.964068e-03	2.657312e-01	2.511178e-02
2.896906e+03	2.717675e-01	3.989200e-03	2.687714e-01	2.512075e-02
2.897302e+03	2.801760e-01	4.123512e-03	2.800458e-01	2.512971e-02
2.897698e+03	2.937674e-01	4.305154e-03	2.947463e-01	2.513867e-02
2.898094e+03	2.996104e-01	4.351061e-03	2.973415e-01	2.514763e-02
2.898490e+03	2.798135e-01	4.230296e-03	2.742399e-01	2.515658e-02
2.898886e+03	2.542928e-01	4.053272e-03	2.478479e-01	2.516554e-02
2.899282e+03	2.441263e-01	4.015844e-03	2.344766e-01	2.517449e-02
2.899678e+03	2.390887e-01	3.972734e-03	2.280500e-01	2.518344e-02
2.900074e+03	2.461807e-01	4.049524e-03	2.363163e-01	2.519239e-02
2.900470e+03	2.552199e-01	4.091376e-03	2.466537e-01	2.520134e-02
2.900866e+03	2.435018e-01	3.973586e-03	2.410087e-01	2.521028e-02
2.901262e+03	2.420164e-01	3.897833e-03	2.440781e-01	2.521923e-02
2.901658e+03	2.642875e-01	3.998249e-03	2.633483e-01	2.522817e-02
2.902054e+03	2.642445e-01	3.988355e-03	2.623982e-01	2.523711e-02
2.902450e+03	2.529432e-01	3.925852e-03	2.509639e-01	2.524605e-02
2.902846e+03	2.564499e-01	3.934363e-03	2.545498e-01	2.525499e-02
2.903242e+03	2.788866e-01	4.045599e-03	2.747286e-01	2.526393e-02
2.903638e+03	2.837093e-01	4.039247e-03	2.791238e-01	2.527286e-02
2.904034e+03	2.588311e-01	3.933098e-03	2.554829e-01	2.528180e-02
2.904430e+03	2.405512e-01	3.827179e-03	2.395571e-01	2.529073e-02
2.904826e+03	2.533773e-01	3.874354e-03	2.483685e-01	2.529966e-02
2.905222e+03	2.570655e-01	3.869445e-03	2.542311e-01	2.530859e-02
2.905618e+03	2.679462e-01	3.890647e-03	2.679141e-01	2.531752e-02
2.906014e+03	2.769892e-01	3.878983e-03	2.773925e-01	2.532644e-02
2.906410e+03	2.714609e-01	3.848727e-03	2.687724e-01	2.533537e-02
2.906806e+03	2.666410e-01	3.836450e-03	2.602527e-01	2.534429e-02
2.907202e+03	2.610903e-01	3.817461e-03	2.543309e-01	2.535321e-02
2.907598e+03	2.471795e-01	3.800880e-03	2.422307e-01	2.536213e-02
2.907994e+03	2.232099e-01	3.745942e-03	2.187569e-01	2.537105e-02
2.908390e+03	2.093821e-01	3.768646e-03	2.066072e-01	2.537996e-02
2.908786e+03	2.209407e-01	3.716064e-03	2.171984e-01	2.538888e-02
2.909182e+03	2.340564e-01	3.771181e-03	2.288954e-01	2.539779e-02
2.909578e+03	2.428103e-01	3.778090e-03	2.350692e-01	2.540670e-02
2.909974e+03	2.285391e-01	3.721029e-03	2.225988e-01	2.541561e-02
2.910370e+03	2.098343e-01	3.600780e-03	2.080927e-01	2.542452e-02
2.910766e+03	2.234697e-01	3.608815e-03	2.231487e-01	2.543342e-02
2.911162e+03	2.641302e-01	3.734363e-03	2.621489e-01	2.544233e-02
2.911558e+03	2.820652e-01	3.763938e-03	2.801264e-01	2.545123e-02
2.911954e+03	2.742469e-01	3.770311e-03	2.731359e-01	2.546013e-02
2.912350e+03	2.738125e-01	3.815347e-03	2.711827e-01	2.546903e-02
2.912746e+03	2.714503e-01	3.813536e-03	2.722868e-01	2.547793e-02
2.913142e+03	2.690891e-01	3.782809e-03	2.727455e-01	2.548682e-02
2.913538e+03	2.707143e-01	3.732850e-03	2.707439e-01	2.549572e-02
2.913934e+03	2.698600e-01	3.667519e-03	2.680659e-01	2.550461e-02
2.914330e+03	2.673336e-01	3.651201e-03	2.643817e-01	2.551350e-02
2.914726e+03	2.614318e-01	3.617320e-03	2.590835e-01	2.552239e-02
2.915122e+03	2.586372e-01	3.601191e-03	2.534038e-01	2.553128e-02
2.915518e+03	2.542872e-01	3.909658e-03	2.480806e-01	2.554016e-02
2.915914e+03	2.583957e-01	3.590206e-03	2.515029e-01	2.554905e-02
2.916310e+03	2.674586e-01	3.633477e-03	2.582534e-01	2.555793e-02
2.916706e+03	2.609980e-01	3.603302e-03	2.526649e-01	2.556681e-02
2.917102e+03	2.491310e-01	3.559406e-03	2.445389e-01	2.557569e-02
2.917498e+03	2.556530e-01	3.581322e-03	2.521222e-01	2.558457e-02
2.917894e+03	2.672605e-01	3.889253e-03	2.630046e-01	2.559345e-02
2.918290e+03	2.582832e-01	3.587980e-03	2.564678e-01	2.560232e-02
2.918686e+03	2.607016e-01	3.605872e-03	2.604809e-01	2.561119e-02
2.919082e+03	2.700389e-01	3.605512e-03	2.691582e-01	2.562006e-02
2.919478e+03	2.662954e-01	3.591784e-03	2.644808e-01	2.562893e-02
2.919874e+03	2.610914e-01	3.586488e-03	2.548735e-01	2.563780e-02
2.920270e+03	2.497827e-01	3.549332e-03	2.436452e-01	2.564667e-02
2.920666e+03	2.481261e-01	3.556962e-03	2.429327e-01	2.565553e-02
2.921062e+03	2.486483e-01	3.576838e-03	2.426487e-01	2.566439e-02
2.921458e+03	2.427533e-01	3.708582e-03	2.377020e-01	2.567325e-02
2.921854e+03	2.408183e-01	3.717289e-03	2.376274e-01	2.568211e-02
2.922250e+03	2.436803e-01	3.714555e-03	2.462415e-01	2.569097e-02
2.922646e+03	2.540908e-01	3.741893e-03	2.556469e-01	2.569983e-02
2.923042e+03	2.520116e-01	3.739637e-03	2.490667e-01	2.570868e-02
2.923438e+03	2.393815e-01	3.671442e-03	2.376105e-01	2.571753e-02
2.923834e+03	2.440891e-01	3.663515e-03	2.431667e-01	2.572638e-02
2.924230e+03	2.500194e-01	3.704707e-03	2.476093e-01	2.573523e-02
2.924626e+03	2.406727e-01	3.678005e-03	2.376959e-01	2.574408e-02
2.925022e+03	2.518265e-01	3.568657e-03	2.486803e-01	2.575293e-02
2.925418e+03	2.741489e-01	3.611810e-03	2.636497e-01	2.576177e-02
2.925814e+03	2.561884e-01	3.548702e-03	2.475403e-01	2.577061e-02
2.926210e+03	2.516048e-01	3.519687e-03	2.469195e-01	2.577945e-02
2.926606e+03	2.715943e-01	3.577427e-03	2.665319e-01	2.578829e-02
2.927002e+03	2.656835e-01	3.560068e-03	2.617257e-01	2.579713e-02
2.927398e+03	2.471432e-01	3.738529e-03	2.442091e-01	2.580597e-02
2.927794e+03	2.395700e-01	3.521318e-03	2.376139e-01	2.581480e-02
2.928190e+03	2.473824e-01	3.533299e-03	2.459981e-01	2.582363e-02
2.928586e+03	2.576047e-01	3.574954e-03	2.547402e-01	2.583246e-02
2.928982e+03	2.431804e-01	3.553320e-03	2.374649e-01	2.584129e-02
2.929378e+03	2.179428e-01	3.452395e-03	2.128922e-01	2.585012e-02
2.929774e+03	2.192126e-01	3.470011e-03	2.161302e-01	2.585894e-02
2.930170e+03	2.438366e-01	3.827930e-03	2.385882e-01	2.586777e-02
2.930566e+03	2.638197e-01	4.582128e-03	2.550197e-01	2.587659e-02
2.930962e+03	2.687821e-01	4.917346e-03	2.648758e-01	2.588541e-02
2.931358e+03	2.787785e-01	3.732143e-03	2.744779e-01	2.589423e-02
2.931754e+03	2.698748e-01	3.663393e-03	2.654827e-01	2.590304e-02
2.932150e+03	2.554253e-01	3.708055e-03	2.546209e-01	2.591186e-02
2.932546e+03	2.659210e-01	3.869217e-03	2.672998e-01	2.592067e-02
2.932942e+03	nan	nan	2.830217e-01	2.592948e-02
2.933338e+03	2.733878e-01	4.364024e-03	2.745141e-01	2.593829e-02
2.933734e+03	2.639521e-01	3.687751e-03	2.609685e-01	2.594710e-02
2.934130e+03	2.606193e-01	3.684463e-03	2.574921e-01	2.595590e-02
2.934526e+03	2.658871e-01	3.682255e-03	2.641669e-01	2.596471e-02
2.934922e+03	2.728778e-01	3.704478e-03	2.695130e-01	2.597351e-02
2.935318e+03	2.621194e-01	3.725441e-03	2.590218e-01	2.598231e-02
2.935714e+03	2.554412e-01	3.738346e-03	2.548115e-01	2.599111e-02
2.936110e+03	2.615585e-01	3.760640e-03	2.606310e-01	2.599991e-02
2.936506e+03	2.630176e-01	3.723391e-03	2.621765e-01	2.600870e-02
2.936902e+03	2.637396e-01	3.702346e-03	2.611955e-01	2.601750e-02
2.937298e+03	2.624615e-01	3.728629e-03	2.604679e-01	2.602629e-02
2.937694e+03	2.605456e-01	3.797751e-03	2.596905e-01	2.603508e-02
2.938090e+03	2.600406e-01	3.755591e-03	2.575423e-01	2.604387e-02
2.938486e+03	2.601155e-01	4.075887e-03	2.589870e-01	2.605266e-02
2.938882e+03	2.655659e-01	3.777478e-03	2.619440e-01	2.606144e-02
2.939278e+03	2.679182e-01	3.771978e-03	2.663837e-01	2.607023e-02
2.939674e+03	2.683802e-01	3.786922e-03	2.657532e-01	2.607901e-02
2.940070e+03	2.510551e-01	3.724665e-03	2.462698e-01	2.608779e-02
2.940466e+03	2.290920e-01	3.639107e-03	2.306584e-01	2.609657e-02
2.940862e+03	2.390383e-01	3.720380e-03	2.398167e-01	2.610534e-02
2.941258e+03	2.455323e-01	3.813214e-03	2.437180e-01	2.611412e-02
2.941654e+03	2.335316e-01	3.753491e-03	2.328888e-01	2.612289e-02
2.942050e+03	2.398316e-01	3.789065e-03	2.381541e-01	2.613166e-02
2.942446e+03	2.579893e-01	3.894599e-03	2.561437e-01	2.614043e-02
2.942842e+03	2.690796e-01	3.934115e-03	2.689816e-01	2.614920e-02
2.943238e+03	2.701942e-01	3.965945e-03	2.691027e-01	2.615796e-02
2.943634e+03	2.543480e-01	3.890669e-03	2.515101e-01	2.616673e-02
2.944030e+03	2.448940e-01	3.887018e-03	2.396107e-01	2.617549e-02
2.944426e+03	2.397957e-01	3.941566e-03	2.329391e-01	2.618425e-02
2.944822e+03	2.353775e-01	3.987047e-03	2.320645e-01	2.619301e-02
2.945218e+03	2.460442e-01	4.032791e-03	2.459539e-01	2.620176e-02
2.945614e+03	2.583151e-01	4.033543e-03	2.588772e-01	2.621052e-02
2.946010e+03	2.624321e-01	4.033866e-03	2.610886e-01	2.621927e-02
2.946406e+03	2.543349e-01	4.006146e-03	2.497036e-01	2.622802e-02
2.946802e+03	2.291432e-01	3.605824e-03	2.252363e-01	2.623677e-02
2.947198e+03	2.181987e-01	3.531016e-03	2.136980e-01	2.624552e-02
2.947594e+03	2.238151e-01	3.580850e-03	2.195847e-01	2.625427e-02
2.947990e+03	2.338983e-01	3.621483e-03	2.276307e-01	2.626301e-02
2.948386e+03	2.253932e-01	3.544891e-03	2.196923e-01	2.627175e-02
2.948782e+03	2.121529e-01	3.423781e-03	2.115144e-01	2.628050e-02
2.949178e+03	2.330229e-01	3.527606e-03	2.320248e-01	2.628923e-02
2.949574e+03	2.587712e-01	3.659442e-03	2.587124e-01	2.629797e-02
2.949970e+03	2.664692e-01	3.648565e-03	2.687172e-01	2.630671e-02
2.950366e+03	2.676250e-01	3.632820e-03	2.696513e-01	2.631544e-02
2.950762e+03	2.648741e-01	3.610496e-03	2.652820e-01	2.632417e-02
2.951158e+03	2.609093e-01	3.615078e-03	2.637041e-01	2.633290e-02
2.951554e+03	2.673534e-01	3.641487e-03	2.670743e-01	2.634163e-02
2.951950e+03	2.584077e-01	3.599913e-03	2.589699e-01	2.635036e-02
2.952346e+03	2.507529e-01	3.530956e-03	2.514111e-01	2.635908e-02
2.952742e+03	2.557342e-01	3.569960e-03	2.547466e-01	2.636780e-02
2.953138e+03	2.559091e-01	3.569539e-03	2.522079e-01	2.637653e-02
2.953534e+03	2.431301e-01	3.495279e-03	2.391938e-01	2.638524e-02
2.953930e+03	2.361883e-01	3.485914e-03	2.341356e-01	2.639396e-02
2.954326e+03	2.414243e-01	3.531814e-03	2.402500e-01	2.640268e-02
2.954722e+03	2.417131e-01	3.515403e-03	2.407390e-01	2.641139e-02
2.955118e+03	2.394063e-01	3.516924e-03	2.373810e-01	2.642010e-02
2.955514e+03	2.374919e-01	3.563426e-03	2.343333e-01	2.642881e-02
2.955910e+03	2.266636e-01	3.631711e-03	2.262555e-01	2.643752e-02
2.956306e+03	2.222835e-01	3.638126e-03	2.231952e-01	2.644623e-02
2.956702e+03	2.349066e-01	3.710135e-03	2.356114e-01	2.645493e-02
2.957098e+03	2.562171e-01	3.896671e-03	2.567655e-01	2.646363e-02
2.957494e+03	2.688998e-01	3.913441e-03	2.725563e-01	2.647234e-02
2.957890e+03	2.735889e-01	3.897641e-03	2.770801e-01	2.648103e-02
2.958286e+03	2.640646e-01	3.664558e-03	2.666731e-01	2.648973e-02
2.958682e+03	2.521490e-01	3.453892e-03	2.560087e-01	2.649843e-02
2.959078e+03	2.531868e-01	3.428200e-03	2.547475e-01	2.650712e-02
2.959474e+03	2.443601e-01	3.365209e-03	2.461159e-01	2.651581e-02
2.959870e+03	2.389669e-01	3.338658e-03	2.400007e-01	2.652450e-02
2.960266e+03	nan	nan	2.468513e-01	2.653319e-02
2.960662e+03	nan	nan	2.522708e-01	2.654188e-02
2.961058e+03	2.448644e-01	3.332892e-03	2.450377e-01	2.655056e-02
2.961454e+03	2.417146e-01	3.284913e-03	2.446217e-01	2.655924e-02
2.961850e+03	2.534385e-01	3.327379e-03	2.532888e-01	2.656792e-02
2.962246e+03	2.495171e-01	3.341819e-03	2.484583e-01	2.657660e-02
2.962642e+03	2.343104e-01	3.271514e-03	2.357918e-01	2.658528e-02
2.963038e+03	2.366417e-01	3.313169e-03	2.363742e-01	2.659396e-02
2.963434e+03	2.365132e-01	3.285071e-03	2.348988e-01	2.660263e-02
2.963830e+03	2.258699e-01	3.238124e-03	2.274101e-01	2.661130e-02
2.964226e+03	2.370447e-01	3.319969e-03	2.382040e-01	2.661997e-02
2.964622e+03	2.583324e-01	3.415786e-03	2.569959e-01	2.662864e-02
2.965018e+03	2.679812e-01	3.421535e-03	2.671159e-01	2.663730e-02
2.965414e+03	2.678669e-01	3.335174e-03	2.678548e-01	2.664597e-02
2.965810e+03	2.540470e-01	3.295912e-03	2.519644e-01	2.665463e-02
2.966206e+03	2.331587e-01	3.216495e-03	2.303006e-01	2.666329e-02
2.966602e+03	2.248135e-01	3.208023e-03	2.237352e-01	2.667195e-02
2.966998e+03	2.381085e-01	3.247904e-03	2.365059e-01	2.668061e-02
2.967394e+03	2.478901e-01	3.264997e-03	2.479026e-01	2.668926e-02
2.967790e+03	2.524458e-01	3.269921e-03	2.516379e-01	2.669791e-02
2.968186e+03	2.394649e-01	3.254616e-03	2.371092e-01	2.670656e-02
2.968582e+03	2.137370e-01	3.107300e-03	2.138344e-01	2.671521e-02
2.968978e+03	2.137110e-01	3.122740e-03	2.134333e-01	2.672386e-02
2.969374e+03	2.337313e-01	3.171203e-03	2.315262e-01	2.673251e-02
2.969770e+03	2.468875e-01	3.213607e-03	2.470372e-01	2.674115e-02
2.970166e+03	2.532672e-01	3.232312e-03	2.529722e-01	2.674979e-02
2.970562e+03	2.492524e-01	3.206980e-03	2.507536e-01	2.675843e-02
2.970958e+03	2.453800e-01	3.191205e-03	2.464884e-01	2.676707e-02
2.971354e+03	2.407503e-01	3.164469e-03	2.400638e-01	2.677571e-02
2.971750e+03	2.353273e-01	3.149312e-03	2.327550e-01	2.678434e-02
2.972146e+03	2.274441e-01	3.122283e-03	2.294110e-01	2.679297e-02
2.972542e+03	2.340167e-01	3.142908e-03	2.369742e-01	2.680160e-02
2.972938e+03	2.419039e-01	3.177209e-03	2.439452e-01	2.681023e-02
2.973334e+03	2.438383e-01	3.179875e-03	2.490803e-01	2.681886e-02
2.973730e+03	2.594642e-01	3.232526e-03	2.615004e-01	2.682748e-02
2.974126e+03	2.663543e-01	3.269689e-03	2.660643e-01	2.683610e-02
2.974522e+03	2.527251e-01	3.230563e-03	2.542730e-01	2.684473e-02
2.974918e+03	2.361987e-01	3.180128e-03	2.410812e-01	2.685334e-02
2.975314e+03	2.389217e-01	3.185576e-03	2.446959e-01	2.686196e-02
2.975710e+03	2.561438e-01	3.260509e-03	2.593460e-01	2.687058e-02
2.976106e+03	2.599262e-01	3.285286e-03	2.632810e-01	2.687919e-02
2.976502e+03	2.548148e-01	3.247081e-03	2.598948e-01	2.688780e-02
2.976898e+03	2.582852e-01	3.235245e-03	2.646709e-01	2.689641e-02
2.977294e+03	2.731957e-01	3.296060e-03	2.780157e-01	2.690502e-02
2.977690e+03	2.779544e-01	3.332990e-03	2.823227e-01	2.691363e-02
2.978086e+03	2.623839e-01	3.303085e-03	2.695390e-01	2.692223e-02
2.978482e+03	2.537553e-01	3.319838e-03	2.576405e-01	2.693083e-02
2.978878e+03	2.461652e-01	3.316197e-03	2.486990e-01	2.693943e-02
2.979274e+03	nan	nan	2.480775e-01	2.694803e-02
2.979670e+03	nan	nan	2.458587e-01	2.695663e-02
2.980066e+03	2.366255e-01	3.248958e-03	2.400381e-01	2.696522e-02
2.980462e+03	2.484853e-01	3.314915e-03	2.515410e-01	2.697381e-02
2.980858e+03	2.605692e-01	3.322652e-03	2.627593e-01	2.698240e-02
2.981254e+03	2.482898e-01	3.255479e-03	2.537571e-01	2.699099e-02
2.981650e+03	2.453615e-01	3.302423e-03	2.489964e-01	2.699958e-02
2.982046e+03	2.485732e-01	3.335604e-03	2.483220e-01	2.700816e-02
2.982442e+03	2.377541e-01	3.254294e-03	2.397171e-01	2.701675e-02
2.982838e+03	2.329527e-01	3.212602e-03	2.373475e-01	2.702533e-02
2.983234e+03	2.398551e-01	3.334442e-03	2.419513e-01	2.703391e-02
2.983630e+03	2.400628e-01	3.283150e-03	2.413336e-01	2.704248e-02
2.984026e+03	2.413438e-01	3.286359e-03	2.435870e-01	2.705106e-02
2.984422e+03	2.474870e-01	3.482240e-03	2.501315e-01	2.705963e-02
2.984818e+03	2.509427e-01	3.400207e-03	2.544389e-01	2.706820e-02
2.985214e+03	2.485154e-01	3.320966e-03	2.526552e-01	2.707677e-02
2.985610e+03	2.487608e-01	3.323945e-03	2.549367e-01	2.708534e-02
2.986006e+03	2.573945e-01	3.367384e-03	2.601814e-01	2.709391e-02
2.986402e+03	2.426416e-01	3.326850e-03	2.459322e-01	2.710247e-02
2.986798e+03	2.292280e-01	3.278188e-03	2.332729e-01	2.711103e-02
2.987194e+03	2.306613e-01	3.280437e-03	2.311247e-01	2.711959e-02
2.987590e+03	2.238084e-01	3.268915e-03	2.263272e-01	2.712815e-02
2.987986e+03	2.312892e-01	3.297243e-03	2.305524e-01	2.713671e-02
2.988382e+03	2.308603e-01	3.296736e-03	2.288743e-01	2.714526e-02
2.988778e+03	2.096941e-01	3.228619e-03	2.118726e-01	2.715381e-02
2.989174e+03	2.023544e-01	3.207169e-03	2.054275e-01	2.716236e-02
2.989570e+03	2.145836e-01	3.277337e-03	2.164612e-01	2.717091e-02
2.989966e+03	2.320181e-01	3.364078e-03	2.331681e-01	2.717946e-02
2.990362e+03	2.396324e-01	3.407691e-03	2.406571e-01	2.718800e-02
2.990758e+03	2.305820e-01	3.369504e-03	2.358999e-01	2.719654e-02
2.991154e+03	2.322552e-01	3.395230e-03	2.383896e-01	2.720508e-02
2.991550e+03	2.419915e-01	3.443876e-03	2.458912e-01	2.721362e-02
2.991946e+03	2.354719e-01	3.426768e-03	2.424497e-01	2.722216e-02
2.992342e+03	2.383681e-01	3.441776e-03	2.447497e-01	2.723069e-02
2.992738e+03	2.469528e-01	3.501721e-03	2.510520e-01	2.723922e-02
2.993134e+03	2.415239e-01	3.463604e-03	2.446203e-01	2.724776e-02
2.993530e+03	2.410661e-01	3.448019e-03	2.420709e-01	2.725628e-02
2.993926e+03	2.512528e-01	3.540731e-03	2.520298e-01	2.726481e-02
2.994322e+03	2.563747e-01	3.570444e-03	2.605498e-01	2.727334e-02
2.994718e+03	2.541643e-01	3.572287e-03	2.590363e-01	2.728186e-02
2.995114e+03	2.459441e-01	3.503207e-03	2.536360e-01	2.729038e-02
2.995510e+03	2.488174e-01	3.554573e-03	2.567351e-01	2.729890e-02
2.995906e+03	2.525774e-01	3.527844e-03	2.574810e-01	2.730742e-02
2.996302e+03	2.422641e-01	3.514401e-03	2.466135e-01	2.731593e-02
2.996698e+03	2.322528e-01	3.472808e-03	2.360050e-01	2.732444e-02
2.997094e+03	2.385340e-01	3.529705e-03	2.420791e-01	2.733295e-02
2.997490e+03	2.496592e-01	3.561041e-03	2.530167e-01	2.734146e-02
2.997886e+03	2.469719e-01	3.535741e-03	2.524012e-01	2.734997e-02
2.998282e+03	2.416999e-01	3.566325e-03	2.441155e-01	2.735848e-02
2.998678e+03	2.274740e-01	3.488328e-03	2.320780e-01	2.736698e-02
2.999074e+03	2.330507e-01	4.533975e-03	2.367226e-01	2.737548e-02
2.999470e+03	2.528973e-01	3.601673e-03	2.599524e-01	2.738398e-02
2.999866e+03	2.613329e-01	3.651623e-03	2.716723e-01	2.739248e-02
3.000262e+03	2.549375e-01	3.635626e-03	2.674993e-01	2.740097e-02
3.000658e+03	2.466316e-01	3.986104e-03	2.530767e-01	2.740946e-02
3.001054e+03	2.357453e-01	3.931876e-03	2.415512e-01	2.741796e-02
3.001450e+03	2.401913e-01	3.939199e-03	2.433715e-01	2.742645e-02
3.001846e+03	2.426992e-01	3.571748e-03	2.455056e-01	2.743493e-02
3.002242e+03	2.377385e-01	3.536125e-03	2.444537e-01	2.744342e-02
3.002638e+03	2.458550e-01	3.579769e-03	2.510205e-01	2.745190e-02
3.003034e+03	2.449804e-01	3.647115e-03	2.471832e-01	2.746038e-02
3.003430e+03	2.284971e-01	3.923713e-03	2.330422e-01	2.746886e-02
3.003826e+03	2.273520e-01	3.830018e-03	2.337704e-01	2.747734e-02
3.004222e+03	nan	nan	2.432813e-01	2.748581e-02
3.004618e+03	2.381920e-01	3.466412e-03	2.408481e-01	2.749429e-02
3.005014e+03	2.321949e-01	3.462093e-03	2.368740e-01	2.750276e-02
3.005410e+03	2.319988e-01	3.432404e-03	2.385374e-01	2.751123e-02
3.005806e+03	2.304835e-01	3.400407e-03	2.390884e-01	2.751970e-02
3.006202e+03	2.361183e-01	3.411422e-03	2.410375e-01	2.752816e-02
3.006598e+03	2.330697e-01	3.407304e-03	2.339988e-01	2.753662e-02
3.006994e+03	2.197872e-01	3.333029e-03	2.243805e-01	2.754509e-02
3.007390e+03	2.185782e-01	3.316888e-03	2.210346e-01	2.755355e-02
3.007786e+03	2.103457e-01	3.295075e-03	2.132049e-01	2.756200e-02
3.008182e+03	2.042433e-01	3.261797e-03	2.093716e-01	2.757046e-02
3.008578e+03	2.140307e-01	3.279623e-03	2.174786e-01	2.757891e-02
3.008974e+03	2.215192e-01	3.315579e-03	2.207820e-01	2.758736e-02
3.009370e+03	2.145521e-01	3.237204e-03	2.175192e-01	2.759581e-02
3.009766e+03	2.135955e-01	3.228306e-03	2.162989e-01	2.760426e-02
3.010162e+03	2.095560e-01	3.198966e-03	2.142852e-01	2.761271e-02
3.010558e+03	2.196845e-01	3.250214e-03	2.230011e-01	2.762115e-02
3.010954e+03	2.270182e-01	3.232145e-03	2.293244e-01	2.762959e-02
3.011350e+03	2.278064e-01	3.232210e-03	2.302062e-01	2.763803e-02
3.011746e+03	2.322796e-01	3.243264e-03	2.328524e-01	2.764647e-02
3.012142e+03	2.325713e-01	3.231463e-03	2.351754e-01	2.765490e-02
3.012538e+03	2.322032e-01	3.225880e-03	2.369181e-01	2.766334e-02
3.012934e+03	2.339753e-01	3.225917e-03	2.399217e-01	2.767177e-02
3.013330e+03	2.392660e-01	3.193424e-03	2.449987e-01	2.768020e-02
3.013726e+03	2.452388e-01	3.203713e-03	2.500139e-01	2.768862e-02
3.014122e+03	2.462521e-01	3.235108e-03	2.551373e-01	2.769705e-02
3.014518e+03	2.539004e-01	3.243855e-03	2.664519e-01	2.770547e-02
3.014914e+03	2.710533e-01	3.296302e-03	2.809840e-01	2.771389e-02
3.015310e+03	2.703708e-01	3.294441e-03	2.763523e-01	2.772231e-02
3.015706e+03	2.508846e-01	3.228148e-03	2.584028e-01	2.773073e-02
3.016102e+03	2.475640e-01	3.223599e-03	2.548298e-01	2.773914e-02
3.016498e+03	2.515476e-01	3.267874e-03	2.565304e-01	2.774756e-02
3.016894e+03	2.446510e-01	3.192685e-03	2.508568e-01	2.775597e-02
3.017290e+03	2.383201e-01	3.140218e-03	2.452997e-01	2.776438e-02
3.017686e+03	2.342826e-01	3.115199e-03	2.443434e-01	2.777278e-02
3.018082e+03	2.430140e-01	3.144844e-03	2.531036e-01	2.778119e-02
3.018478e+03	2.518821e-01	3.183393e-03	2.578565e-01	2.778959e-02
3.018874e+03	2.552235e-01	3.178506e-03	2.581129e-01	2.779799e-02
3.019270e+03	2.518633e-01	3.143023e-03	2.562002e-01	2.780639e-02
3.019666e+03	2.435246e-01	3.112502e-03	2.546918e-01	2.781479e-02
3.020062e+03	2.485061e-01	3.199289e-03	2.602613e-01	2.782318e-02
3.020458e+03	2.440658e-01	3.173155e-03	2.570787e-01	2.783158e-02
3.020854e+03	2.444758e-01	3.118272e-03	2.566606e-01	2.783997e-02
3.021250e+03	2.543998e-01	3.156293e-03	2.592550e-01	2.784835e-02
3.021646e+03	2.428625e-01	3.125036e-03	2.449114e-01	2.785674e-02
3.022042e+03	2.196723e-01	3.077795e-03	2.238474e-01	2.786513e-02
3.022438e+03	2.107369e-01	3.019770e-03	2.168213e-01	2.787351e-02
3.022834e+03	2.219768e-01	3.053156e-03	2.299643e-01	2.788189e-02
3.023230e+03	2.371862e-01	3.099445e-03	2.443187e-01	2.789027e-02
3.023626e+03	2.320441e-01	3.090536e-03	2.380423e-01	2.789864e-02
3.024022e+03	2.217927e-01	3.064938e-03	2.282197e-01	2.790702e-02
3.024418e+03	2.263878e-01	3.138189e-03	2.345335e-01	2.791539e-02
3.024814e+03	2.352140e-01	3.459432e-03	2.443162e-01	2.792376e-02
3.025210e+03	2.350135e-01	3.520020e-03	2.421989e-01	2.793213e-02
3.025606e+03	2.294891e-01	3.343615e-03	2.354435e-01	2.794049e-02
3.026002e+03	2.241103e-01	3.200375e-03	2.293770e-01	2.794886e-02
3.026398e+03	2.169475e-01	3.186543e-03	2.232582e-01	2.795722e-02
3.026794e+03	2.232972e-01	3.199353e-03	2.311624e-01	2.796558e-02
3.027190e+03	2.391515e-01	3.283439e-03	2.492703e-01	2.797394e-02
3.027586e+03	2.539463e-01	3.627033e-03	2.613090e-01	2.798229e-02
3.027982e+03	nan	nan	2.551229e-01	2.799065e-02
3.028378e+03	2.339672e-01	3.300848e-03	2.417614e-01	2.799900e-02
3.028774e+03	2.304468e-01	3.288029e-03	2.373063e-01	2.800735e-02
3.029170e+03	2.241360e-01	3.269731e-03	2.313796e-01	2.801569e-02
3.029566e+03	2.182511e-01	3.222490e-03	2.255876e-01	2.802404e-02
3.029962e+03	2.188466e-01	3.238751e-03	2.257432e-01	2.803238e-02
3.030358e+03	2.230087e-01	3.286717e-03	2.305579e-01	2.804072e-02
3.030754e+03	2.350048e-01	3.339368e-03	2.386983e-01	2.804906e-02
3.031150e+03	2.300509e-01	3.288842e-03	2.317797e-01	2.805740e-02
3.031546e+03	2.211579e-01	3.257644e-03	2.234860e-01	2.806573e-02
3.031942e+03	2.257689e-01	4.169047e-03	2.295922e-01	2.807407e-02
3.032338e+03	2.411583e-01	4.180268e-03	2.456203e-01	2.808240e-02
3.032734e+03	2.513621e-01	3.365342e-03	2.554195e-01	2.809073e-02
3.033130e+03	2.460685e-01	3.323838e-03	2.521653e-01	2.809905e-02
3.033526e+03	nan	nan	2.470258e-01	2.810738e-02
3.033922e+03	2.346329e-01	4.988316e-03	2.418530e-01	2.811570e-02
3.034318e+03	2.352815e-01	4.804620e-03	2.439964e-01	2.812402e-02
3.034714e+03	2.451672e-01	3.512976e-03	2.504526e-01	2.813234e-02
3.035110e+03	2.388660e-01	3.516060e-03	2.430898e-01	2.814065e-02
3.035506e+03	2.295258e-01	3.482075e-03	2.345245e-01	2.814897e-02
3.035902e+03	2.337331e-01	3.503359e-03	2.373219e-01	2.815728e-02
3.036298e+03	2.399804e-01	4.498434e-03	2.431387e-01	2.816559e-02
3.036694e+03	2.372328e-01	3.586784e-03	2.447303e-01	2.817390e-02
3.037090e+03	2.371107e-01	3.849481e-03	2.461284e-01	2.818220e-02
3.037486e+03	2.448910e-01	4.116950e-03	2.525663e-01	2.819051e-02
3.037882e+03	2.483162e-01	4.225418e-03	2.551619e-01	2.819881e-02
3.038278e+03	2.371038e-01	4.130422e-03	2.452012e-01	2.820711e-02
3.038674e+03	2.312296e-01	4.115300e-03	2.370422e-01	2.821541e-02
3.039070e+03	2.305635e-01	4.105233e-03	2.336596e-01	2.822370e-02
3.039466e+03	2.287618e-01	4.067192e-03	2.348203e-01	2.823199e-02
3.039862e+03	2.422264e-01	4.212332e-03	2.499777e-01	2.824029e-02
3.040258e+03	2.492003e-01	4.256677e-03	2.596504e-01	2.824857e-02
3.040654e+03	2.469070e-01	4.174687e-03	2.563012e-01	2.825686e-02
3.041050e+03	2.397421e-01	3.622432e-03	2.467157e-01	2.826515e-02
3.041446e+03	2.391842e-01	3.496727e-03	2.436786e-01	2.827343e-02
3.041842e+03	2.453903e-01	3.488593e-03	2.506742e-01	2.828171e-02
3.042238e+03	2.496046e-01	4.440752e-03	2.526782e-01	2.828999e-02
3.042634e+03	2.352493e-01	3.444775e-03	2.434157e-01	2.829826e-02
3.043030e+03	2.276347e-01	3.425659e-03	2.354481e-01	2.830654e-02
3.043426e+03	2.218308e-01	3.388497e-03	2.305048e-01	2.831481e-02
3.043822e+03	2.235713e-01	3.382226e-03	2.317100e-01	2.832308e-02
3.044218e+03	2.254653e-01	3.415347e-03	2.327553e-01	2.833135e-02
3.044614e+03	2.166555e-01	3.406479e-03	2.274266e-01	2.833961e-02
3.045010e+03	2.143573e-01	3.395263e-03	2.245588e-01	2.834788e-02
3.045406e+03	2.230028e-01	3.433775e-03	2.294606e-01	2.835614e-02
3.045802e+03	2.220683e-01	3.439406e-03	2.282044e-01	2.836440e-02
3.046198e+03	2.119508e-01	3.366560e-03	2.207124e-01	2.837265e-02
3.046594e+03	2.258414e-01	3.492746e-03	2.310754e-01	2.838091e-02
3.046990e+03	2.398462e-01	4.801856e-03	2.429672e-01	2.838916e-02
3.047386e+03	nan	nan	2.403592e-01	2.839741e-02
3.047782e+03	2.268511e-01	3.477147e-03	2.314896e-01	2.840566e-02
3.048178e+03	2.220911e-01	3.461280e-03	2.259903e-01	2.841391e-02
3.048574e+03	2.308799e-01	3.570237e-03	2.331480e-01	2.842215e-02
3.048970e+03	2.355015e-01	3.515747e-03	2.360558e-01	2.843040e-02
3.049366e+03	2.215810e-01	3.410042e-03	2.217038e-01	2.843864e-02
3.049762e+03	2.034694e-01	3.281384e-03	2.078556e-01	2.844687e-02
3.050158e+03	2.103266e-01	3.331026e-03	2.167834e-01	2.845511e-02
3.050554e+03	2.276656e-01	3.362854e-03	2.295954e-01	2.846334e-02
3.050950e+03	2.225274e-01	3.325084e-03	2.247383e-01	2.847157e-02
3.051346e+03	2.204178e-01	3.321332e-03	2.241925e-01	2.847980e-02
3.051742e+03	2.285593e-01	3.299712e-03	2.329655e-01	2.848803e-02
3.052138e+03	2.306531e-01	3.320309e-03	2.346995e-01	2.849626e-02
3.052534e+03	2.223753e-01	3.272046e-03	2.255252e-01	2.850448e-02
3.052930e+03	2.121575e-01	3.215800e-03	2.149386e-01	2.851270e-02
3.053326e+03	2.175983e-01	3.325264e-03	2.188250e-01	2.852092e-02
3.053722e+03	2.331484e-01	3.281250e-03	2.361249e-01	2.852914e-02
3.054118e+03	2.347790e-01	3.320870e-03	2.456541e-01	2.853735e-02
3.054514e+03	2.335819e-01	3.224844e-03	2.458108e-01	2.854556e-02
3.054910e+03	2.357637e-01	3.212031e-03	2.458177e-01	2.855377e-02
3.055306e+03	2.510977e-01	3.292539e-03	2.582451e-01	2.856198e-02
3.055702e+03	2.701693e-01	3.687997e-03	2.725248e-01	2.857019e-02
3.056098e+03	2.690762e-01	3.629242e-03	2.710256e-01	2.857839e-02
3.056494e+03	2.577066e-01	3.293014e-03	2.591046e-01	2.858659e-02
3.056890e+03	2.464286e-01	3.246602e-03	2.508160e-01	2.859479e-02
3.057286e+03	2.471474e-01	3.228275e-03	2.540621e-01	2.860299e-02
3.057682e+03	2.475691e-01	3.227817e-03	2.524779e-01	2.861118e-02
3.058078e+03	2.402338e-01	3.190452e-03	2.447265e-01	2.861938e-02
3.058474e+03	2.397290e-01	3.191288e-03	2.405267e-01	2.862757e-02
3.058870e+03	2.261623e-01	3.129297e-03	2.314245e-01	2.863576e-02
3.059266e+03	2.246187e-01	3.144639e-03	2.318293e-01	2.864394e-02
3.059662e+03	2.388491e-01	3.197448e-03	2.428675e-01	2.865213e-02
3.060058e+03	2.451560e-01	3.205097e-03	2.482371e-01	2.866031e-02
3.060454e+03	2.383040e-01	3.175590e-03	2.442384e-01	2.866849e-02
3.060850e+03	2.372836e-01	3.144765e-03	2.431054e-01	2.867667e-02
3.061246e+03	2.375436e-01	3.157388e-03	2.430168e-01	2.868484e-02
3.061642e+03	2.388937e-01	3.138318e-03	2.421859e-01	2.869302e-02
3.062038e+03	2.327806e-01	3.091158e-03	2.404475e-01	2.870119e-02
3.062434e+03	2.399145e-01	3.110534e-03	2.483692e-01	2.870936e-02
3.062830e+03	2.533654e-01	3.172397e-03	2.628719e-01	2.871752e-02
3.063226e+03	2.593422e-01	3.191700e-03	2.648920e-01	2.872569e-02
3.063622e+03	2.510138e-01	3.218896e-03	2.545427e-01	2.873385e-02
3.064018e+03	2.388352e-01	3.197505e-03	2.423254e-01	2.874201e-02
3.064414e+03	2.256548e-01	3.141831e-03	2.301377e-01	2.875017e-02
3.064810e+03	2.266987e-01	3.127428e-03	2.272964e-01	2.875833e-02
3.065206e+03	2.242832e-01	3.104933e-03	2.241117e-01	2.876648e-02
3.065602e+03	2.190658e-01	3.064180e-03	2.217922e-01	2.877463e-02
3.065998e+03	2.268402e-01	3.110867e-03	2.285468e-01	2.878278e-02
3.066394e+03	2.349123e-01	3.187319e-03	2.359456e-01	2.879093e-02
3.066790e+03	2.394370e-01	3.348744e-03	2.422360e-01	2.879907e-02
3.067186e+03	2.437848e-01	3.363823e-03	2.470104e-01	2.880722e-02
3.067582e+03	2.447881e-01	3.357025e-03	2.525300e-01	2.881536e-02
3.067978e+03	2.443758e-01	3.162537e-03	2.532269e-01	2.882350e-02
3.068374e+03	2.452963e-01	3.169989e-03	2.532844e-01	2.883163e-02
3.068770e+03	2.456950e-01	3.178371e-03	2.491623e-01	2.883977e-02
3.069166e+03	2.336324e-01	3.161167e-03	2.352503e-01	2.884790e-02
3.069562e+03	2.243776e-01	3.124283e-03	2.270620e-01	2.885603e-02
3.069958e+03	2.252671e-01	3.136341e-03	2.300348e-01	2.886416e-02
3.070354e+03	2.257150e-01	3.189336e-03	2.320442e-01	2.887228e-02
3.070750e+03	2.144990e-01	3.131603e-03	2.202934e-01	2.888041e-02
3.071146e+03	2.044153e-01	3.128489e-03	2.128138e-01	2.888853e-02
3.071542e+03	2.160016e-01	3.198472e-03	2.245561e-01	2.889665e-02
3.071938e+03	2.213387e-01	3.237583e-03	2.266486e-01	2.890476e-02
3.072334e+03	2.180372e-01	3.233077e-03	2.216444e-01	2.891288e-02
3.072730e+03	2.203117e-01	3.291560e-03	2.221337e-01	2.892099e-02
3.073126e+03	2.183483e-01	3.305269e-03	2.206157e-01	2.892910e-02
3.073522e+03	2.171524e-01	3.314247e-03	2.225301e-01	2.893721e-02
3.073918e+03	2.249233e-01	3.364470e-03	2.314309e-01	2.894532e-02
3.074314e+03	2.281694e-01	3.374967e-03	2.339959e-01	2.895342e-02
3.074710e+03	2.246585e-01	3.384766e-03	2.277030e-01	2.896152e-02
3.075106e+03	2.186891e-01	3.349999e-03	2.200246e-01	2.896962e-02
3.075502e+03	2.206764e-01	3.355145e-03	2.240619e-01	2.897772e-02
3.075898e+03	2.398718e-01	3.435446e-03	2.439213e-01	2.898581e-02
3.076294e+03	2.487664e-01	3.472493e-03	2.534232e-01	2.899390e-02
3.076690e+03	2.455093e-01	3.442763e-03	2.511409e-01	2.900199e-02
3.077086e+03	2.411838e-01	3.376515e-03	2.451013e-01	2.901008e-02
3.077482e+03	2.332441e-01	3.331994e-03	2.373790e-01	2.901817e-02
3.077878e+03	2.330769e-01	3.336121e-03	2.401906e-01	2.902625e-02
3.078274e+03	2.425169e-01	3.459875e-03	2.511615e-01	2.903433e-02
3.078670e+03	2.550103e-01	3.449352e-03	2.637539e-01	2.904241e-02
3.079066e+03	2.631319e-01	3.465502e-03	2.687618e-01	2.905049e-02
3.079462e+03	2.530389e-01	3.488566e-03	2.597827e-01	2.905856e-02
3.079858e+03	2.539996e-01	6.136491e-03	2.558540e-01	2.906664e-02
3.080254e+03	2.501431e-01	3.470769e-03	2.519364e-01	2.907471e-02
3.080650e+03	2.420632e-01	3.465734e-03	2.432489e-01	2.908278e-02
3.081046e+03	2.341147e-01	3.402451e-03	2.424393e-01	2.909084e-02
3.081442e+03	2.429716e-01	3.453025e-03	2.507631e-01	2.909891e-02
3.081838e+03	2.507227e-01	3.592615e-03	2.552089e-01	2.910697e-02
3.082234e+03	2.401723e-01	3.537089e-03	2.462028e-01	2.911503e-02
3.082630e+03	nan	nan	2.370238e-01	2.912308e-02
3.083026e+03	2.294265e-01	3.453552e-03	2.302912e-01	2.913114e-02
3.083422e+03	2.179795e-01	3.412444e-03	2.197254e-01	2.913919e-02
3.083818e+03	2.211561e-01	3.426921e-03	2.265412e-01	2.914724e-02
3.084214e+03	2.416830e-01	3.533859e-03	2.444435e-01	2.915529e-02
3.084610e+03	2.478818e-01	3.511445e-03	2.471967e-01	2.916334e-02
3.085006e+03	2.411964e-01	3.497700e-03	2.433596e-01	2.917138e-02
3.085402e+03	2.484434e-01	3.493754e-03	2.514220e-01	2.917942e-02
3.085798e+03	2.509131e-01	3.544491e-03	2.532559e-01	2.918746e-02
3.086194e+03	2.359841e-01	3.864901e-03	2.440650e-01	2.919550e-02
3.086590e+03	2.366025e-01	3.455838e-03	2.407634e-01	2.920353e-02
3.086986e+03	2.400129e-01	3.507216e-03	2.392798e-01	2.921157e-02
3.087382e+03	2.365345e-01	3.500135e-03	2.402434e-01	2.921960e-02
3.087778e+03	2.366422e-01	3.489790e-03	2.423359e-01	2.922762e-02
3.088174e+03	2.351488e-01	3.490414e-03	2.376350e-01	2.923565e-02
3.088570e+03	2.303056e-01	3.461933e-03	2.329777e-01	2.924367e-02
3.088966e+03	2.269187e-01	3.425534e-03	2.306063e-01	2.925169e-02
3.089362e+03	2.208371e-01	3.394037e-03	2.224038e-01	2.925971e-02
3.089758e+03	2.145431e-01	3.508937e-03	2.177270e-01	2.926773e-02
3.090154e+03	2.215836e-01	4.049253e-03	2.264226e-01	2.927575e-02
3.090550e+03	2.344730e-01	3.990061e-03	2.364232e-01	2.928376e-02
3.090946e+03	2.310308e-01	3.958382e-03	2.315395e-01	2.929177e-02
3.091342e+03	2.235138e-01	3.335132e-03	2.241186e-01	2.929978e-02
3.091738e+03	2.174820e-01	3.237190e-03	2.224580e-01	2.930778e-02
3.092134e+03	2.185718e-01	3.215676e-03	2.274321e-01	2.931579e-02
3.092530e+03	2.286429e-01	3.244723e-03	2.362856e-01	2.932379e-02
3.092926e+03	2.340272e-01	3.257951e-03	2.395888e-01	2.933179e-02
3.093322e+03	2.249912e-01	3.204624e-03	2.325366e-01	2.933978e-02
3.093718e+03	2.249782e-01	3.190891e-03	2.321865e-01	2.934778e-02
3.094114e+03	2.393251e-01	3.261174e-03	2.437921e-01	2.935577e-02
3.094510e+03	2.441871e-01	3.662128e-03	2.477486e-01	2.936376e-02
3.094906e+03	nan	nan	2.369404e-01	2.937175e-02
3.095302e+03	2.190194e-01	3.449072e-03	2.256283e-01	2.937973e-02
3.095698e+03	2.083237e-01	3.135737e-03	2.158181e-01	2.938771e-02
3.096094e+03	2.126951e-01	3.140428e-03	2.222865e-01	2.939570e-02
3.096490e+03	2.336408e-01	3.223625e-03	2.368288e-01	2.940367e-02
3.096886e+03	2.246616e-01	3.176593e-03	2.293192e-01	2.941165e-02
3.097282e+03	2.169243e-01	3.132893e-03	2.220323e-01	2.941962e-02
3.097678e+03	2.263674e-01	3.170853e-03	2.223096e-01	2.942760e-02
3.098074e+03	nan	nan	2.220492e-01	2.943557e-02
3.098470e+03	nan	nan	2.301282e-01	2.944353e-02
3.098866e+03	nan	nan	2.365261e-01	2.945150e-02
3.099262e+03	nan	nan	2.417640e-01	2.945946e-02
3.099658e+03	2.398470e-01	3.186190e-03	2.498213e-01	2.946742e-02
3.100054e+03	2.394086e-01	3.185166e-03	2.486239e-01	2.947538e-02
3.100450e+03	2.354207e-01	3.175009e-03	2.421758e-01	2.948334e-02
3.100846e+03	2.438109e-01	3.185497e-03	2.476492e-01	2.949129e-02
3.101242e+03	2.566679e-01	3.234585e-03	2.617007e-01	2.949924e-02
3.101638e+03	2.593538e-01	3.230558e-03	2.641973e-01	2.950719e-02
3.102034e+03	2.508846e-01	3.926702e-03	2.558512e-01	2.951514e-02
3.102430e+03	2.381856e-01	5.269308e-03	2.396450e-01	2.952308e-02
3.102826e+03	2.248115e-01	3.125670e-03	2.319786e-01	2.953102e-02
3.103222e+03	2.319448e-01	3.146740e-03	2.374806e-01	2.953896e-02
3.103618e+03	2.344978e-01	3.151392e-03	2.437382e-01	2.954690e-02
3.104014e+03	2.427389e-01	3.183265e-03	2.508313e-01	2.955484e-02
3.104410e+03	2.452032e-01	3.198403e-03	2.485780e-01	2.956277e-02
3.104806e+03	2.423616e-01	3.187861e-03	2.435296e-01	2.957070e-02
3.105202e+03	2.379003e-01	3.179901e-03	2.383586e-01	2.957863e-02
3.105598e+03	2.321987e-01	3.167648e-03	2.354002e-01	2.958656e-02
3.105994e+03	2.252929e-01	3.161897e-03	2.304588e-01	2.959448e-02
3.106390e+03	2.198285e-01	3.145000e-03	2.267076e-01	2.960240e-02
3.106786e+03	2.267250e-01	3.185347e-03	2.324869e-01	2.961032e-02
3.107182e+03	2.376616e-01	3.248206e-03	2.424065e-01	2.961824e-02
3.107578e+03	2.399554e-01	3.320207e-03	2.420245e-01	2.962615e-02
3.107974e+03	2.235351e-01	3.200877e-03	2.327044e-01	2.963407e-02
3.108370e+03	2.216171e-01	3.211047e-03	2.308807e-01	2.964198e-02
3.108766e+03	2.278646e-01	3.227393e-03	2.277377e-01	2.964989e-02
3.109162e+03	2.212983e-01	3.243950e-03	2.256886e-01	2.965779e-02
3.109558e+03	2.300913e-01	3.247172e-03	2.396897e-01	2.966570e-02
3.109954e+03	2.472945e-01	3.326405e-03	2.505958e-01	2.967360e-02
3.110350e+03	2.424886e-01	3.287316e-03	2.440014e-01	2.968150e-02
3.110746e+03	2.309299e-01	3.252786e-03	2.362435e-01	2.968939e-02
3.111142e+03	2.275417e-01	3.249740e-03	2.323747e-01	2.969729e-02
3.111538e+03	2.330395e-01	3.269073e-03	2.320816e-01	2.970518e-02
3.111934e+03	2.343704e-01	3.288898e-03	2.321230e-01	2.971307e-02
3.112330e+03	2.314408e-01	3.270902e-03	2.364440e-01	2.972096e-02
3.112726e+03	2.339625e-01	3.306305e-03	2.387541e-01	2.972884e-02
3.113122e+03	2.324038e-01	3.319981e-03	2.324421e-01	2.973672e-02
3.113518e+03	2.225403e-01	3.278324e-03	2.242491e-01	2.974460e-02
3.113914e+03	2.166634e-01	3.257911e-03	2.215787e-01	2.975248e-02
3.114310e+03	2.184982e-01	3.278855e-03	2.223759e-01	2.976036e-02
3.114706e+03	2.137523e-01	3.255232e-03	2.191762e-01	2.976823e-02
3.115102e+03	2.122658e-01	3.239812e-03	2.237894e-01	2.977610e-02
3.115498e+03	2.272707e-01	3.324116e-03	2.396747e-01	2.978397e-02
3.115894e+03	2.389467e-01	3.345083e-03	2.487782e-01	2.979184e-02
3.116290e+03	2.351059e-01	3.314697e-03	2.412595e-01	2.979970e-02
3.116686e+03	2.334264e-01	3.310177e-03	2.388259e-01	2.980757e-02
3.117082e+03	2.445314e-01	3.403545e-03	2.475509e-01	2.981542e-02
3.117478e+03	2.424604e-01	3.420307e-03	2.431739e-01	2.982328e-02
3.117874e+03	2.258134e-01	3.320851e-03	2.287016e-01	2.983114e-02
3.118270e+03	2.176704e-01	3.286987e-03	2.218303e-01	2.983899e-02
3.118666e+03	2.180720e-01	3.237600e-03	2.214507e-01	2.984684e-02
3.119062e+03	2.211527e-01	3.235437e-03	2.268799e-01	2.985469e-02
3.119458e+03	2.295467e-01	3.256544e-03	2.369034e-01	2.986254e-02
3.119854e+03	2.375521e-01	3.265790e-03	2.433937e-01	2.987038e-02
3.120250e+03	2.407712e-01	3.257944e-03	2.434926e-01	2.987822e-02
3.120646e+03	2.370374e-01	3.245474e-03	2.385912e-01	2.988606e-02
3.121042e+03	nan	nan	2.317480e-01	2.989390e-02
3.121438e+03	2.296492e-01	3.283042e-03	2.304076e-01	2.990173e-02
3.121834e+03	2.356764e-01	3.234635e-03	2.369212e-01	2.990956e-02
3.122230e+03	2.461038e-01	3.383496e-03	2.465863e-01	2.991739e-02
3.122626e+03	2.412008e-01	3.367634e-03	2.418919e-01	2.992522e-02
3.123022e+03	2.366912e-01	3.342421e-03	2.405863e-01	2.993304e-02
3.123418e+03	2.463202e-01	3.252168e-03	2.511953e-01	2.994087e-02
3.123814e+03	2.493942e-01	3.255538e-03	2.506084e-01	2.994869e-02
3.124210e+03	2.373138e-01	3.329451e-03	2.362578e-01	2.995650e-02
3.124606e+03	2.276076e-01	3.350576e-03	2.295217e-01	2.996432e-02
3.125002e+03	2.344495e-01	3.378342e-03	2.398449e-01	2.997213e-02
3.125398e+03	2.454283e-01	3.418141e-03	2.486648e-01	2.997995e-02
3.125794e+03	2.460425e-01	3.353666e-03	2.469507e-01	2.998775e-02
3.126190e+03	2.432126e-01	3.230592e-03	2.449915e-01	2.999556e-02
3.126586e+03	2.491452e-01	3.244350e-03	2.511857e-01	3.000336e-02
3.126982e+03	2.487392e-01	3.254842e-03	2.509213e-01	3.001117e-02
3.127378e+03	2.400739e-01	3.190388e-03	2.420306e-01	3.001897e-02
3.127774e+03	2.349323e-01	3.196943e-03	2.339197e-01	3.002676e-02
3.128170e+03	2.326865e-01	3.192878e-03	2.300212e-01	3.003456e-02
3.128566e+03	2.279534e-01	3.157802e-03	2.269492e-01	3.004235e-02
3.128962e+03	2.266817e-01	3.182655e-03	2.276632e-01	3.005014e-02
3.129358e+03	2.233824e-01	3.224841e-03	2.260929e-01	3.005793e-02
3.129754e+03	2.169675e-01	3.216689e-03	2.205830e-01	3.006571e-02
3.130150e+03	2.139340e-01	3.192306e-03	2.189741e-01	3.007350e-02
3.130546e+03	2.133601e-01	3.188861e-03	2.219439e-01	3.008128e-02
3.130942e+03	2.210581e-01	3.233337e-03	2.281671e-01	3.008905e-02
3.131338e+03	2.272944e-01	3.240730e-03	2.309746e-01	3.009683e-02
3.131734e+03	2.319163e-01	3.244931e-03	2.300565e-01	3.010460e-02
3.132130e+03	2.417336e-01	3.245582e-03	2.342092e-01	3.011238e-02
3.132526e+03	2.351740e-01	3.262748e-03	2.300895e-01	3.012014e-02
3.132922e+03	2.148367e-01	3.182447e-03	2.160795e-01	3.012791e-02
3.133318e+03	2.117307e-01	3.157992e-03	2.128261e-01	3.013568e-02
3.133714e+03	2.257126e-01	3.197061e-03	2.206361e-01	3.014344e-02
3.134110e+03	2.346225e-01	3.235924e-03	2.352316e-01	3.015120e-02
3.134506e+03	2.448991e-01	3.270031e-03	2.444675e-01	3.015895e-02
3.134902e+03	2.359172e-01	3.239165e-03	2.363529e-01	3.016671e-02
3.135298e+03	2.253874e-01	3.181438e-03	2.272828e-01	3.017446e-02
3.135694e+03	2.229609e-01	3.212416e-03	2.253505e-01	3.018221e-02
3.136090e+03	2.322456e-01	3.220865e-03	2.359264e-01	3.018996e-02
3.136486e+03	2.570414e-01	3.315397e-03	2.580355e-01	3.019771e-02
3.136882e+03	2.664083e-01	3.357145e-03	2.653965e-01	3.020545e-02
3.137278e+03	2.459697e-01	3.273448e-03	2.465824e-01	3.021319e-02
3.137674e+03	2.260469e-01	3.214200e-03	2.260578e-01	3.022093e-02
3.138070e+03	2.161133e-01	3.191816e-03	2.190751e-01	3.022866e-02
3.138466e+03	2.192604e-01	3.182673e-03	2.260114e-01	3.023640e-02
3.138862e+03	2.320591e-01	3.232100e-03	2.389749e-01	3.024413e-02
3.139258e+03	2.431229e-01	3.285409e-03	2.460650e-01	3.025186e-02
3.139654e+03	2.419721e-01	3.272622e-03	2.482221e-01	3.025958e-02
3.140050e+03	2.459144e-01	3.354930e-03	2.534510e-01	3.026731e-02
3.140446e+03	2.487772e-01	3.310387e-03	2.494909e-01	3.027503e-02
3.140842e+03	2.402281e-01	3.273283e-03	2.373591e-01	3.028275e-02
3.141238e+03	2.295077e-01	3.206189e-03	2.267066e-01	3.029047e-02
3.141634e+03	2.176705e-01	3.194138e-03	2.189810e-01	3.029818e-02
3.142030e+03	2.134144e-01	3.150575e-03	2.205491e-01	3.030589e-02
3.142426e+03	2.297097e-01	3.197186e-03	2.372845e-01	3.031360e-02
3.142822e+03	2.462616e-01	3.251789e-03	2.452501e-01	3.032131e-02
3.143218e+03	2.331837e-01	3.224670e-03	2.295867e-01	3.032902e-02
3.143614e+03	2.172071e-01	3.169474e-03	2.186667e-01	3.033672e-02
3.144010e+03	2.258003e-01	3.248981e-03	2.268191e-01	3.034442e-02
3.144406e+03	2.359159e-01	3.252734e-03	2.352791e-01	3.035212e-02
3.144802e+03	2.430168e-01	3.252635e-03	2.392042e-01	3.035981e-02
3.145198e+03	2.469455e-01	3.271216e-03	2.389835e-01	3.036751e-02
3.145594e+03	2.496607e-01	3.273438e-03	2.433852e-01	3.037520e-02
3.145990e+03	2.459853e-01	3.271739e-03	2.424310e-01	3.038289e-02
3.146386e+03	2.349205e-01	3.229190e-03	2.371717e-01	3.039057e-02
3.146782e+03	2.346211e-01	3.244231e-03	2.373098e-01	3.039826e-02
3.147178e+03	2.373766e-01	3.348448e-03	2.374386e-01	3.040594e-02
3.147574e+03	2.314848e-01	3.353962e-03	2.308121e-01	3.041362e-02
3.147970e+03	2.305487e-01	3.310362e-03	2.323362e-01	3.042130e-02
3.148366e+03	2.420501e-01	3.314846e-03	2.406511e-01	3.042897e-02
3.148762e+03	2.429458e-01	3.331742e-03	2.386780e-01	3.043664e-02
3.149158e+03	2.357099e-01	3.313909e-03	2.345548e-01	3.044431e-02
3.149554e+03	2.296985e-01	3.301651e-03	2.312768e-01	3.045198e-02
3.149950e+03	2.249856e-01	3.306116e-03	2.305415e-01	3.045964e-02
3.150346e+03	2.314464e-01	3.345521e-03	2.370619e-01	3.046731e-02
3.150742e+03	2.401333e-01	3.366450e-03	2.429112e-01	3.047497e-02
3.151138e+03	2.529674e-01	3.419721e-03	2.532782e-01	3.048262e-02
3.151534e+03	2.579621e-01	3.438688e-03	2.554210e-01	3.049028e-02
3.151930e+03	2.403379e-01	3.354508e-03	2.406010e-01	3.049793e-02
3.152326e+03	2.313587e-01	3.395786e-03	2.354346e-01	3.050558e-02
3.152722e+03	2.339190e-01	3.491815e-03	2.338024e-01	3.051323e-02
3.153118e+03	2.327917e-01	3.492568e-03	2.302801e-01	3.052088e-02
3.153514e+03	2.299844e-01	3.378654e-03	2.279612e-01	3.052852e-02
3.153910e+03	2.261869e-01	3.301421e-03	2.242412e-01	3.053616e-02
3.154306e+03	2.268921e-01	3.309156e-03	2.235658e-01	3.054380e-02
3.154702e+03	2.301412e-01	3.307326e-03	2.255943e-01	3.055144e-02
3.155098e+03	2.314180e-01	3.269262e-03	2.269025e-01	3.055907e-02
3.155494e+03	2.224315e-01	3.203966e-03	2.201449e-01	3.056670e-02
3.155890e+03	2.212661e-01	3.211888e-03	2.199235e-01	3.057433e-02
3.156286e+03	2.273146e-01	3.227407e-03	2.233702e-01	3.058196e-02
3.156682e+03	2.260706e-01	3.190201e-03	2.208052e-01	3.058958e-02
3.157078e+03	2.266841e-01	3.198100e-03	2.221706e-01	3.059720e-02
3.157474e+03	2.289307e-01	3.228240e-03	2.246639e-01	3.060482e-02
3.157870e+03	2.260890e-01	3.217567e-03	2.226222e-01	3.061244e-02
3.158266e+03	2.198437e-01	3.179789e-03	2.199899e-01	3.062006e-02
3.158662e+03	2.246312e-01	3.184719e-03	2.274953e-01	3.062767e-02
3.159058e+03	2.337089e-01	3.254249e-03	2.362980e-01	3.063528e-02
3.159454e+03	2.374275e-01	3.278783e-03	2.388170e-01	3.064289e-02
3.159850e+03	2.395657e-01	3.263431e-03	2.357081e-01	3.065049e-02
3.160246e+03	2.346003e-01	3.274353e-03	2.321957e-01	3.065809e-02
3.160642e+03	2.360467e-01	3.287048e-03	2.371076e-01	3.066569e-02
3.161038e+03	2.448269e-01	3.313353e-03	2.435499e-01	3.067329e-02
3.161434e+03	2.443685e-01	3.310608e-03	2.408651e-01	3.068089e-02
3.161830e+03	nan	nan	2.385277e-01	3.068848e-02
3.162226e+03	2.421197e-01	3.297179e-03	2.448437e-01	3.069607e-02
3.162622e+03	2.434853e-01	3.370113e-03	2.505682e-01	3.070366e-02
3.163018e+03	2.525957e-01	3.356650e-03	2.580794e-01	3.071124e-02
3.163414e+03	2.579508e-01	3.370936e-03	2.586981e-01	3.071883e-02
3.163810e+03	2.545474e-01	3.405584e-03	2.548206e-01	3.072641e-02
3.164206e+03	2.503141e-01	3.407021e-03	2.478071e-01	3.073399e-02
3.164602e+03	2.408061e-01	3.363692e-03	2.380531e-01	3.074156e-02
3.164998e+03	nan	nan	2.295312e-01	3.074914e-02
3.165394e+03	2.269292e-01	3.320272e-03	2.222258e-01	3.075671e-02
3.165790e+03	2.321837e-01	3.322343e-03	2.260444e-01	3.076428e-02
3.166186e+03	2.382268e-01	3.345506e-03	2.305663e-01	3.077184e-02
3.166582e+03	nan	nan	2.301616e-01	3.077941e-02
3.166978e+03	nan	nan	2.310283e-01	3.078697e-02
3.167374e+03	nan	nan	2.318155e-01	3.079453e-02
3.167770e+03	nan	nan	2.305614e-01	3.080209e-02
3.168166e+03	nan	nan	2.333489e-01	3.080964e-02
3.168562e+03	nan	nan	2.390928e-01	3.081719e-02
3.168958e+03	nan	nan	2.328939e-01	3.082474e-02
3.169354e+03	nan	nan	2.274253e-01	3.083229e-02
3.169750e+03	nan	nan	2.326760e-01	3.083983e-02
