# # Spectral data for TWA28 G395H
# # Wavelength (nm), Flux (erg/s/cm2/nm), Flux Error (erg/s/cm2/nm), Best Fit Model (erg/s/cm2/nm), Blackbody Model (erg/s/cm2/nm)
# # Data extracted from retrieval outputs
# 
2.896932e+03	2.727583e-01	1.364956e-03	2.750756e-01	2.512134e-02
2.897597e+03	2.847530e-01	1.362242e-03	2.832311e-01	2.513638e-02
2.898262e+03	2.838131e-01	1.365293e-03	2.765394e-01	2.515142e-02
2.898927e+03	2.553128e-01	1.304804e-03	2.540850e-01	2.516646e-02
2.899592e+03	2.429658e-01	1.283984e-03	2.391316e-01	2.518150e-02
2.900257e+03	nan	nan	2.396422e-01	2.519653e-02
2.900922e+03	2.468367e-01	1.383711e-03	2.459025e-01	2.521155e-02
2.901587e+03	2.540253e-01	1.584083e-03	2.536462e-01	2.522657e-02
2.902252e+03	2.574563e-01	1.576793e-03	2.580539e-01	2.524158e-02
2.902917e+03	nan	nan	2.624534e-01	2.525660e-02
2.903582e+03	2.671403e-01	1.356797e-03	2.639529e-01	2.527160e-02
2.904247e+03	2.527019e-01	1.274550e-03	2.554211e-01	2.528660e-02
2.904912e+03	2.549126e-01	1.281312e-03	2.539340e-01	2.530160e-02
2.905577e+03	2.657137e-01	1.407716e-03	2.628998e-01	2.531659e-02
2.906242e+03	nan	nan	2.661770e-01	2.533158e-02
2.906907e+03	2.603492e-01	1.278780e-03	2.567399e-01	2.534656e-02
2.907572e+03	2.405762e-01	1.260008e-03	2.387850e-01	2.536154e-02
2.908237e+03	2.208381e-01	1.233408e-03	2.228171e-01	2.537652e-02
2.908902e+03	2.257560e-01	1.245383e-03	2.216359e-01	2.539149e-02
2.909567e+03	2.313633e-01	1.257827e-03	2.248928e-01	2.540645e-02
2.910232e+03	2.241585e-01	1.244824e-03	2.257311e-01	2.542141e-02
2.910897e+03	2.439074e-01	1.289643e-03	2.417558e-01	2.543637e-02
2.911562e+03	2.697109e-01	1.346692e-03	2.641381e-01	2.545132e-02
2.912227e+03	2.726773e-01	1.357987e-03	2.718893e-01	2.546626e-02
2.912892e+03	2.695607e-01	1.357016e-03	2.716028e-01	2.548121e-02
2.913557e+03	2.677239e-01	1.350867e-03	2.692898e-01	2.549614e-02
2.914222e+03	2.642350e-01	1.353872e-03	2.642398e-01	2.551108e-02
2.914887e+03	2.579045e-01	1.352868e-03	2.574601e-01	2.552600e-02
2.915552e+03	2.558896e-01	1.336644e-03	2.531867e-01	2.554093e-02
2.916217e+03	2.586665e-01	1.341315e-03	2.527892e-01	2.555585e-02
2.916882e+03	2.557395e-01	1.361228e-03	2.522107e-01	2.557076e-02
2.917547e+03	2.569335e-01	1.398463e-03	2.544725e-01	2.558567e-02
2.918212e+03	2.608058e-01	1.400977e-03	2.589798e-01	2.560057e-02
2.918877e+03	2.640623e-01	1.420437e-03	2.618773e-01	2.561547e-02
2.919542e+03	2.617385e-01	1.449612e-03	2.588524e-01	2.563037e-02
2.920207e+03	2.519896e-01	1.429608e-03	2.499335e-01	2.564526e-02
2.920872e+03	2.466373e-01	1.406577e-03	2.433285e-01	2.566014e-02
2.921537e+03	2.425894e-01	1.381166e-03	2.415950e-01	2.567502e-02
2.922202e+03	2.441230e-01	1.540864e-03	2.448911e-01	2.568990e-02
2.922867e+03	2.471993e-01	1.398619e-03	2.467915e-01	2.570477e-02
2.923532e+03	2.442984e-01	1.403272e-03	2.443390e-01	2.571964e-02
2.924197e+03	2.441391e-01	1.402600e-03	2.441364e-01	2.573450e-02
2.924862e+03	2.519948e-01	1.421576e-03	2.477958e-01	2.574935e-02
2.925527e+03	2.565705e-01	1.458913e-03	2.521439e-01	2.576420e-02
2.926192e+03	2.571871e-01	1.478530e-03	2.545022e-01	2.577905e-02
2.926857e+03	2.592127e-01	1.461733e-03	2.546461e-01	2.579389e-02
2.927522e+03	2.474900e-01	1.416320e-03	2.484758e-01	2.580873e-02
2.928187e+03	2.466416e-01	1.402012e-03	2.443599e-01	2.582356e-02
2.928852e+03	2.402150e-01	1.391719e-03	2.370355e-01	2.583839e-02
2.929517e+03	2.268520e-01	1.345161e-03	2.291735e-01	2.585321e-02
2.930182e+03	2.426700e-01	1.358578e-03	2.393719e-01	2.586803e-02
2.930847e+03	2.649413e-01	1.393549e-03	2.571794e-01	2.588285e-02
2.931512e+03	2.682945e-01	1.566962e-03	2.647852e-01	2.589765e-02
2.932177e+03	2.666128e-01	1.502529e-03	2.661024e-01	2.591246e-02
2.932842e+03	2.713573e-01	1.374061e-03	2.702445e-01	2.592726e-02
2.933507e+03	2.683702e-01	1.377088e-03	2.683578e-01	2.594205e-02
2.934172e+03	2.691046e-01	1.387079e-03	2.638158e-01	2.595684e-02
2.934837e+03	2.685533e-01	1.352573e-03	2.628190e-01	2.597162e-02
2.935502e+03	2.607909e-01	1.316682e-03	2.605386e-01	2.598640e-02
2.936167e+03	2.604208e-01	1.308577e-03	2.599444e-01	2.600118e-02
2.936832e+03	2.619625e-01	1.314775e-03	2.605505e-01	2.601594e-02
2.937497e+03	2.597039e-01	1.307366e-03	2.598582e-01	2.603071e-02
2.938162e+03	2.598900e-01	1.318692e-03	2.596392e-01	2.604547e-02
2.938827e+03	2.638610e-01	1.314549e-03	2.611018e-01	2.606022e-02
2.939492e+03	2.652609e-01	1.311514e-03	2.583636e-01	2.607497e-02
2.940157e+03	2.456145e-01	1.258287e-03	2.473915e-01	2.608972e-02
2.940822e+03	2.400843e-01	1.231638e-03	2.400586e-01	2.610445e-02
2.941487e+03	2.399009e-01	1.203317e-03	2.402590e-01	2.611919e-02
2.942152e+03	2.493243e-01	1.339528e-03	2.477868e-01	2.613392e-02
2.942817e+03	2.617337e-01	1.372758e-03	2.579075e-01	2.614864e-02
2.943482e+03	2.563969e-01	1.219973e-03	2.545342e-01	2.616336e-02
2.944147e+03	2.438901e-01	1.200508e-03	2.428814e-01	2.617808e-02
2.944812e+03	2.421732e-01	1.194334e-03	2.409477e-01	2.619279e-02
2.945477e+03	nan	nan	2.487653e-01	2.620749e-02
2.946142e+03	nan	nan	2.471110e-01	2.622219e-02
2.946807e+03	2.329965e-01	1.188665e-03	2.312225e-01	2.623688e-02
2.947472e+03	2.239928e-01	1.169282e-03	2.214129e-01	2.625157e-02
2.948137e+03	2.242855e-01	1.170670e-03	2.219058e-01	2.626626e-02
2.948802e+03	nan	nan	2.282436e-01	2.628094e-02
2.949467e+03	2.495987e-01	1.206084e-03	2.463571e-01	2.629561e-02
2.950132e+03	2.639155e-01	1.225456e-03	2.615912e-01	2.631028e-02
2.950797e+03	2.634656e-01	1.226317e-03	2.641604e-01	2.632494e-02
2.951462e+03	2.614045e-01	1.224896e-03	2.612919e-01	2.633960e-02
2.952127e+03	2.560145e-01	1.353911e-03	2.564122e-01	2.635426e-02
2.952792e+03	2.528282e-01	1.231943e-03	2.514408e-01	2.636891e-02
2.953457e+03	2.453844e-01	1.223008e-03	2.444716e-01	2.638355e-02
2.954122e+03	2.415358e-01	1.227775e-03	2.395298e-01	2.639819e-02
2.954787e+03	2.395938e-01	1.217420e-03	2.380642e-01	2.641282e-02
2.955452e+03	2.333971e-01	1.221852e-03	2.336560e-01	2.642745e-02
2.956117e+03	2.284633e-01	1.245788e-03	2.312850e-01	2.644207e-02
2.956782e+03	2.437374e-01	1.290026e-03	2.430152e-01	2.645669e-02
2.957447e+03	2.647582e-01	1.349275e-03	2.617299e-01	2.647130e-02
2.958112e+03	2.641646e-01	1.305356e-03	2.670888e-01	2.648591e-02
2.958777e+03	2.541863e-01	1.268926e-03	2.591152e-01	2.650051e-02
2.959442e+03	2.465457e-01	1.262854e-03	2.504202e-01	2.651511e-02
2.960107e+03	2.458878e-01	1.263875e-03	2.477741e-01	2.652970e-02
2.960772e+03	2.517757e-01	1.286876e-03	2.486110e-01	2.654429e-02
2.961437e+03	2.470928e-01	1.262113e-03	2.481021e-01	2.655887e-02
2.962102e+03	2.457834e-01	1.266828e-03	2.449697e-01	2.657345e-02
2.962767e+03	2.393078e-01	1.260819e-03	2.378772e-01	2.658802e-02
2.963432e+03	2.358991e-01	1.262276e-03	2.340810e-01	2.660259e-02
2.964097e+03	2.430158e-01	1.294060e-03	2.402868e-01	2.661715e-02
2.964762e+03	2.577300e-01	1.305858e-03	2.538826e-01	2.663170e-02
2.965427e+03	2.592940e-01	1.308222e-03	2.559046e-01	2.664625e-02
2.966092e+03	2.410418e-01	1.276474e-03	2.428074e-01	2.666080e-02
2.966757e+03	2.359540e-01	1.258480e-03	2.367430e-01	2.667534e-02
2.967422e+03	2.437687e-01	1.266105e-03	2.413709e-01	2.668987e-02
2.968087e+03	2.342510e-01	1.250065e-03	2.361682e-01	2.670440e-02
2.968752e+03	2.225186e-01	1.238340e-03	2.267361e-01	2.671893e-02
2.969417e+03	2.349334e-01	1.253945e-03	2.339165e-01	2.673344e-02
2.970082e+03	2.463983e-01	1.277195e-03	2.458204e-01	2.674796e-02
2.970747e+03	2.453003e-01	1.274818e-03	2.465285e-01	2.676247e-02
2.971412e+03	2.384067e-01	1.266579e-03	2.395021e-01	2.677697e-02
2.972077e+03	2.325221e-01	1.257310e-03	2.351719e-01	2.679147e-02
2.972742e+03	2.376229e-01	1.268809e-03	2.406323e-01	2.680596e-02
2.973407e+03	2.500052e-01	1.301214e-03	2.510268e-01	2.682045e-02
2.974072e+03	2.559692e-01	1.652937e-03	2.558141e-01	2.683493e-02
2.974737e+03	2.451992e-01	1.308291e-03	2.507271e-01	2.684941e-02
2.975402e+03	2.455934e-01	1.293481e-03	2.511039e-01	2.686388e-02
2.976067e+03	2.540610e-01	1.648488e-03	2.586495e-01	2.687834e-02
2.976732e+03	2.586314e-01	1.334723e-03	2.655265e-01	2.689280e-02
2.977397e+03	2.694215e-01	1.336806e-03	2.722222e-01	2.690726e-02
2.978062e+03	2.614461e-01	1.332346e-03	2.682288e-01	2.692171e-02
2.978727e+03	nan	nan	2.559150e-01	2.693615e-02
2.979392e+03	nan	nan	2.482274e-01	2.695059e-02
2.980057e+03	nan	nan	2.484365e-01	2.696503e-02
2.980722e+03	2.512067e-01	1.448429e-03	2.530224e-01	2.697945e-02
2.981387e+03	2.478787e-01	1.312600e-03	2.516595e-01	2.699388e-02
2.982052e+03	nan	nan	2.456176e-01	2.700829e-02
2.982717e+03	2.358596e-01	1.301319e-03	2.411302e-01	2.702271e-02
2.983382e+03	2.383622e-01	1.295379e-03	2.412724e-01	2.703711e-02
2.984047e+03	2.420634e-01	1.294216e-03	2.452491e-01	2.705151e-02
2.984712e+03	2.465527e-01	1.281786e-03	2.506826e-01	2.706591e-02
2.985377e+03	2.482723e-01	1.271981e-03	2.539081e-01	2.708030e-02
2.986042e+03	2.458220e-01	1.266451e-03	2.511935e-01	2.709468e-02
2.986707e+03	2.350798e-01	1.244310e-03	2.406053e-01	2.710906e-02
2.987372e+03	2.287030e-01	1.227997e-03	2.317068e-01	2.712344e-02
2.988037e+03	2.253198e-01	1.307169e-03	2.265312e-01	2.713781e-02
2.988702e+03	2.150922e-01	1.283764e-03	2.190226e-01	2.715217e-02
2.989367e+03	2.137751e-01	1.270512e-03	2.188480e-01	2.716653e-02
2.990032e+03	2.281148e-01	1.209618e-03	2.300283e-01	2.718088e-02
2.990697e+03	2.319349e-01	1.188084e-03	2.376317e-01	2.719523e-02
2.991362e+03	2.343294e-01	1.187458e-03	2.412645e-01	2.720957e-02
2.992027e+03	2.369894e-01	1.180537e-03	2.445282e-01	2.722390e-02
2.992692e+03	2.396712e-01	1.173944e-03	2.462321e-01	2.723823e-02
2.993357e+03	2.458771e-01	1.192189e-03	2.473297e-01	2.725256e-02
2.994022e+03	2.505297e-01	1.282827e-03	2.525438e-01	2.726688e-02
2.994687e+03	2.505033e-01	1.275940e-03	2.560810e-01	2.728119e-02
2.995352e+03	2.492049e-01	1.185352e-03	2.548593e-01	2.729550e-02
2.996017e+03	2.437776e-01	1.167923e-03	2.509945e-01	2.730980e-02
2.996682e+03	2.380229e-01	1.160911e-03	2.464049e-01	2.732410e-02
2.997347e+03	2.415755e-01	1.166975e-03	2.477931e-01	2.733839e-02
2.998012e+03	nan	nan	2.468640e-01	2.735268e-02
2.998677e+03	nan	nan	2.436575e-01	2.736696e-02
2.999342e+03	2.436365e-01	1.148032e-03	2.524852e-01	2.738123e-02
3.000007e+03	2.512812e-01	1.158366e-03	2.610850e-01	2.739550e-02
3.000672e+03	2.423736e-01	1.143607e-03	2.545782e-01	2.740976e-02
3.001337e+03	2.371442e-01	1.135875e-03	2.466951e-01	2.742402e-02
3.002002e+03	2.382396e-01	1.135704e-03	2.459534e-01	2.743828e-02
3.002667e+03	2.386472e-01	1.147867e-03	2.459566e-01	2.745252e-02
3.003332e+03	2.340295e-01	1.145034e-03	2.414524e-01	2.746676e-02
3.003997e+03	2.349653e-01	1.147713e-03	2.391204e-01	2.748100e-02
3.004662e+03	2.333595e-01	1.143755e-03	2.394229e-01	2.749523e-02
3.005327e+03	2.309256e-01	1.144037e-03	2.387128e-01	2.750945e-02
3.005992e+03	2.305098e-01	1.143226e-03	2.372383e-01	2.752367e-02
3.006657e+03	2.244263e-01	1.138805e-03	2.307300e-01	2.753789e-02
3.007322e+03	2.140075e-01	1.127645e-03	2.207632e-01	2.755209e-02
3.007987e+03	2.075377e-01	1.124658e-03	2.146232e-01	2.756630e-02
3.008652e+03	2.120600e-01	1.199841e-03	2.157865e-01	2.758049e-02
3.009317e+03	2.126780e-01	1.130148e-03	2.176290e-01	2.759468e-02
3.009982e+03	2.119002e-01	1.147153e-03	2.185714e-01	2.760887e-02
3.010647e+03	2.180726e-01	1.148933e-03	2.232653e-01	2.762305e-02
3.011312e+03	2.256150e-01	1.169807e-03	2.293125e-01	2.763722e-02
3.011977e+03	2.289487e-01	1.174795e-03	2.342942e-01	2.765139e-02
3.012642e+03	2.318009e-01	1.184877e-03	2.395462e-01	2.766555e-02
3.013307e+03	2.372788e-01	1.192857e-03	2.465767e-01	2.767971e-02
3.013972e+03	2.454920e-01	1.210127e-03	2.561502e-01	2.769386e-02
3.014637e+03	2.579661e-01	1.231723e-03	2.667574e-01	2.770800e-02
3.015302e+03	2.601625e-01	1.243432e-03	2.678324e-01	2.772214e-02
3.015967e+03	2.488087e-01	1.234317e-03	2.597870e-01	2.773628e-02
3.016632e+03	2.436413e-01	1.230415e-03	2.533955e-01	2.775040e-02
3.017297e+03	2.374855e-01	1.213576e-03	2.487696e-01	2.776453e-02
3.017962e+03	2.400810e-01	1.226864e-03	2.500507e-01	2.777864e-02
3.018627e+03	2.481081e-01	1.238249e-03	2.544354e-01	2.779275e-02
3.019292e+03	2.473289e-01	1.239342e-03	2.560534e-01	2.780686e-02
3.019957e+03	2.447125e-01	1.230725e-03	2.568890e-01	2.782096e-02
3.020622e+03	2.444709e-01	1.231880e-03	2.562229e-01	2.783505e-02
3.021287e+03	2.412782e-01	1.235994e-03	2.492578e-01	2.784914e-02
3.021952e+03	2.245180e-01	1.218466e-03	2.349485e-01	2.786322e-02
3.022617e+03	2.203258e-01	1.213109e-03	2.301524e-01	2.787730e-02
3.023282e+03	2.267690e-01	1.221074e-03	2.353966e-01	2.789137e-02
3.023947e+03	2.249370e-01	1.223292e-03	2.357018e-01	2.790543e-02
3.024612e+03	2.288562e-01	1.233725e-03	2.369316e-01	2.791949e-02
3.025277e+03	2.289508e-01	1.244360e-03	2.363511e-01	2.793354e-02
3.025942e+03	2.225465e-01	1.238059e-03	2.311928e-01	2.794759e-02
3.026607e+03	2.250554e-01	1.247408e-03	2.340527e-01	2.796163e-02
3.027272e+03	2.395147e-01	1.267132e-03	2.465397e-01	2.797567e-02
3.027937e+03	2.407830e-01	1.300369e-03	2.500712e-01	2.798970e-02
3.028602e+03	2.302618e-01	1.464682e-03	2.412281e-01	2.800372e-02
3.029267e+03	2.229137e-01	1.417492e-03	2.321244e-01	2.801774e-02
3.029932e+03	2.197056e-01	1.423136e-03	2.295084e-01	2.803175e-02
3.030597e+03	2.250155e-01	1.245110e-03	2.320801e-01	2.804576e-02
3.031262e+03	2.244675e-01	1.245869e-03	2.319882e-01	2.805976e-02
3.031927e+03	2.296924e-01	1.263778e-03	2.359806e-01	2.807375e-02
3.032592e+03	2.405510e-01	1.281012e-03	2.460219e-01	2.808774e-02
3.033257e+03	2.401804e-01	1.303637e-03	2.485773e-01	2.810172e-02
3.033922e+03	2.367554e-01	1.309743e-03	2.458876e-01	2.811570e-02
3.034587e+03	2.378215e-01	1.311133e-03	2.447227e-01	2.812967e-02
3.035252e+03	2.360651e-01	1.521897e-03	2.409888e-01	2.814364e-02
3.035917e+03	2.327943e-01	1.512051e-03	2.395749e-01	2.815760e-02
3.036582e+03	2.358539e-01	1.524418e-03	2.437582e-01	2.817155e-02
3.037247e+03	2.394394e-01	1.530149e-03	2.486122e-01	2.818550e-02
3.037912e+03	2.387793e-01	1.400619e-03	2.489618e-01	2.819944e-02
3.038577e+03	2.316753e-01	1.261845e-03	2.427591e-01	2.821337e-02
3.039242e+03	2.305257e-01	1.251465e-03	2.410340e-01	2.822730e-02
3.039907e+03	2.392738e-01	1.279070e-03	2.482202e-01	2.824123e-02
3.040572e+03	2.426455e-01	1.289567e-03	2.515469e-01	2.825515e-02
3.041237e+03	2.401337e-01	1.283939e-03	2.484766e-01	2.826906e-02
3.041902e+03	2.416848e-01	1.279251e-03	2.477636e-01	2.828296e-02
3.042567e+03	nan	nan	2.440338e-01	2.829686e-02
3.043232e+03	2.237691e-01	1.283861e-03	2.367716e-01	2.831076e-02
3.043897e+03	2.209102e-01	1.225433e-03	2.325754e-01	2.832465e-02
3.044562e+03	2.172900e-01	1.215708e-03	2.297276e-01	2.833853e-02
3.045227e+03	2.178393e-01	1.209557e-03	2.276236e-01	2.835240e-02
3.045892e+03	2.193880e-01	1.197877e-03	2.269770e-01	2.836627e-02
3.046557e+03	2.254505e-01	1.200806e-03	2.311743e-01	2.838014e-02
3.047222e+03	2.307832e-01	1.203369e-03	2.356127e-01	2.839400e-02
3.047887e+03	2.259439e-01	1.188644e-03	2.328954e-01	2.840785e-02
3.048552e+03	2.265817e-01	1.189848e-03	2.305345e-01	2.842169e-02
3.049217e+03	2.199246e-01	1.178150e-03	2.247718e-01	2.843554e-02
3.049882e+03	2.122548e-01	1.165142e-03	2.186566e-01	2.844937e-02
3.050547e+03	2.189623e-01	1.169616e-03	2.222557e-01	2.846320e-02
3.051212e+03	2.231670e-01	1.170272e-03	2.270525e-01	2.847702e-02
3.051877e+03	2.253413e-01	1.167592e-03	2.296066e-01	2.849084e-02
3.052542e+03	2.204227e-01	1.158135e-03	2.258920e-01	2.850465e-02
3.053207e+03	2.213801e-01	1.154092e-03	2.250879e-01	2.851845e-02
3.053872e+03	2.298105e-01	1.160890e-03	2.353757e-01	2.853225e-02
3.054537e+03	2.361363e-01	1.166741e-03	2.458819e-01	2.854604e-02
3.055202e+03	2.510954e-01	1.185674e-03	2.563804e-01	2.855983e-02
3.055867e+03	2.613392e-01	1.194735e-03	2.639236e-01	2.857361e-02
3.056532e+03	2.537619e-01	1.181614e-03	2.596383e-01	2.858738e-02
3.057197e+03	2.465134e-01	1.171236e-03	2.531888e-01	2.860115e-02
3.057862e+03	2.418451e-01	1.162066e-03	2.473852e-01	2.861491e-02
3.058527e+03	2.339252e-01	1.155255e-03	2.393920e-01	2.862866e-02
3.059192e+03	2.325272e-01	1.154331e-03	2.372463e-01	2.864241e-02
3.059857e+03	2.384364e-01	1.155116e-03	2.424952e-01	2.865616e-02
3.060522e+03	2.380790e-01	1.148606e-03	2.446297e-01	2.866989e-02
3.061187e+03	2.360395e-01	1.142121e-03	2.434808e-01	2.868363e-02
3.061852e+03	nan	nan	2.448221e-01	2.869735e-02
3.062517e+03	nan	nan	2.523785e-01	2.871107e-02
3.063182e+03	2.520248e-01	1.156843e-03	2.562334e-01	2.872478e-02
3.063847e+03	2.395124e-01	1.141424e-03	2.461150e-01	2.873849e-02
3.064512e+03	2.271411e-01	1.125997e-03	2.324239e-01	2.875219e-02
3.065177e+03	2.215465e-01	1.125031e-03	2.260613e-01	2.876588e-02
3.065842e+03	2.284458e-01	1.211303e-03	2.286862e-01	2.877957e-02
3.066507e+03	2.357029e-01	1.149901e-03	2.381079e-01	2.879325e-02
3.067172e+03	2.413711e-01	1.165194e-03	2.474451e-01	2.880693e-02
3.067837e+03	nan	nan	2.513364e-01	2.882060e-02
3.068502e+03	2.430854e-01	1.170773e-03	2.476465e-01	2.883426e-02
3.069167e+03	2.322138e-01	1.158674e-03	2.382319e-01	2.884792e-02
3.069832e+03	2.239172e-01	1.144390e-03	2.309169e-01	2.886157e-02
3.070497e+03	2.177337e-01	1.146330e-03	2.250734e-01	2.887522e-02
3.071162e+03	2.124266e-01	1.145678e-03	2.205828e-01	2.888886e-02
3.071827e+03	2.177731e-01	1.162521e-03	2.216863e-01	2.890249e-02
3.072492e+03	2.185042e-01	1.260370e-03	2.223283e-01	2.891612e-02
3.073157e+03	2.183430e-01	1.164546e-03	2.233745e-01	2.892974e-02
3.073822e+03	2.214556e-01	1.171539e-03	2.273804e-01	2.894335e-02
3.074487e+03	2.237193e-01	1.179551e-03	2.286439e-01	2.895696e-02
3.075152e+03	2.246066e-01	1.184034e-03	2.284906e-01	2.897056e-02
3.075817e+03	2.365775e-01	1.202722e-03	2.379352e-01	2.898416e-02
3.076482e+03	2.439317e-01	1.213446e-03	2.462248e-01	2.899774e-02
3.077147e+03	2.379558e-01	1.211373e-03	2.440604e-01	2.901133e-02
3.077812e+03	2.377475e-01	1.248383e-03	2.447466e-01	2.902490e-02
3.078477e+03	2.495642e-01	1.276611e-03	2.548494e-01	2.903848e-02
3.079142e+03	2.559076e-01	1.280369e-03	2.607831e-01	2.905204e-02
3.079807e+03	2.508175e-01	1.263491e-03	2.564120e-01	2.906560e-02
3.080472e+03	2.436185e-01	1.234164e-03	2.493101e-01	2.907915e-02
3.081137e+03	2.408916e-01	1.238422e-03	2.469424e-01	2.909270e-02
3.081802e+03	2.438195e-01	1.246506e-03	2.472374e-01	2.910623e-02
3.082467e+03	2.346308e-01	1.220501e-03	2.404647e-01	2.911977e-02
3.083132e+03	2.251065e-01	1.206390e-03	2.320430e-01	2.913329e-02
3.083797e+03	2.299523e-01	1.217691e-03	2.335589e-01	2.914682e-02
3.084462e+03	2.415736e-01	1.256924e-03	2.419704e-01	2.916033e-02
3.085127e+03	2.459652e-01	1.269798e-03	2.467295e-01	2.917384e-02
3.085792e+03	2.438547e-01	1.279583e-03	2.474665e-01	2.918734e-02
3.086457e+03	2.386510e-01	1.253403e-03	2.436595e-01	2.920083e-02
3.087122e+03	2.379136e-01	1.262277e-03	2.412077e-01	2.921432e-02
3.087787e+03	2.351689e-01	1.274383e-03	2.400581e-01	2.922781e-02
3.088452e+03	2.306509e-01	1.283846e-03	2.356589e-01	2.924128e-02
3.089117e+03	2.243150e-01	1.299086e-03	2.289183e-01	2.925475e-02
3.089782e+03	2.217451e-01	1.289129e-03	2.257862e-01	2.926822e-02
3.090447e+03	2.277628e-01	1.303189e-03	2.288288e-01	2.928167e-02
3.091112e+03	2.261250e-01	1.293116e-03	2.284509e-01	2.929513e-02
3.091777e+03	2.224002e-01	1.282884e-03	2.275585e-01	2.930857e-02
3.092442e+03	2.266832e-01	1.289650e-03	2.321577e-01	2.932201e-02
3.093107e+03	2.290106e-01	1.291295e-03	2.351190e-01	2.933544e-02
3.093772e+03	2.321708e-01	1.291084e-03	2.372561e-01	2.934887e-02
3.094437e+03	2.350488e-01	1.282818e-03	2.391101e-01	2.936229e-02
3.095102e+03	2.232534e-01	1.254815e-03	2.318459e-01	2.937570e-02
3.095767e+03	2.168883e-01	1.236193e-03	2.251535e-01	2.938911e-02
3.096432e+03	2.232665e-01	1.248441e-03	2.267446e-01	2.940251e-02
3.097097e+03	2.235816e-01	1.241768e-03	2.260304e-01	2.941590e-02
3.097762e+03	2.257366e-01	1.234112e-03	2.252113e-01	2.942929e-02
3.098427e+03	2.285696e-01	1.237534e-03	2.302780e-01	2.944267e-02
3.099092e+03	2.313230e-01	1.425942e-03	2.387425e-01	2.945604e-02
3.099757e+03	2.389319e-01	1.461235e-03	2.450793e-01	2.946941e-02
3.100422e+03	2.419458e-01	1.447679e-03	2.478398e-01	2.948277e-02
3.101087e+03	2.512219e-01	1.209222e-03	2.539139e-01	2.949613e-02
3.101752e+03	2.507807e-01	1.202906e-03	2.550479e-01	2.950948e-02
3.102417e+03	2.360133e-01	1.194845e-03	2.451936e-01	2.952282e-02
3.103082e+03	2.310971e-01	1.205254e-03	2.405505e-01	2.953616e-02
3.103747e+03	2.382356e-01	1.210531e-03	2.452365e-01	2.954949e-02
3.104412e+03	2.417668e-01	1.196109e-03	2.464539e-01	2.956281e-02
3.105077e+03	2.367510e-01	1.166640e-03	2.407933e-01	2.957613e-02
3.105742e+03	2.277324e-01	1.145756e-03	2.342892e-01	2.958944e-02
3.106407e+03	2.252819e-01	1.132288e-03	2.322787e-01	2.960274e-02
3.107072e+03	2.324473e-01	1.138815e-03	2.359507e-01	2.961604e-02
3.107737e+03	2.306409e-01	1.133664e-03	2.357079e-01	2.962933e-02
3.108402e+03	2.244307e-01	1.122856e-03	2.312693e-01	2.964262e-02
3.109067e+03	2.270624e-01	1.125011e-03	2.321509e-01	2.965590e-02
3.109732e+03	2.376286e-01	1.141225e-03	2.398369e-01	2.966917e-02
3.110397e+03	2.376543e-01	1.131091e-03	2.411181e-01	2.968243e-02
3.111062e+03	2.313262e-01	1.134503e-03	2.353773e-01	2.969569e-02
3.111727e+03	2.319189e-01	1.130604e-03	2.333214e-01	2.970894e-02
3.112392e+03	2.326311e-01	1.129848e-03	2.348001e-01	2.972219e-02
3.113057e+03	2.283793e-01	1.131227e-03	2.317294e-01	2.973543e-02
3.113722e+03	2.204280e-01	1.119071e-03	2.249113e-01	2.974866e-02
3.114387e+03	2.159668e-01	1.110156e-03	2.225335e-01	2.976189e-02
3.115052e+03	2.203043e-01	1.113124e-03	2.281846e-01	2.977511e-02
3.115717e+03	2.324959e-01	1.144926e-03	2.383577e-01	2.978832e-02
3.116382e+03	2.358989e-01	1.160320e-03	2.420792e-01	2.980153e-02
3.117047e+03	nan	nan	2.412920e-01	2.981473e-02
3.117712e+03	nan	nan	2.340670e-01	2.982792e-02
3.118377e+03	2.203794e-01	1.108995e-03	2.263119e-01	2.984111e-02
3.119042e+03	2.273196e-01	1.117276e-03	2.292280e-01	2.985429e-02
3.119707e+03	2.347590e-01	1.122462e-03	2.375490e-01	2.986747e-02
3.120372e+03	2.369919e-01	1.136817e-03	2.392282e-01	2.988064e-02
3.121037e+03	2.328834e-01	1.219593e-03	2.353979e-01	2.989380e-02
3.121702e+03	2.362416e-01	1.225630e-03	2.364857e-01	2.990695e-02
3.122367e+03	2.404311e-01	1.157643e-03	2.411604e-01	2.992010e-02
3.123032e+03	2.426191e-01	1.162958e-03	2.443012e-01	2.993324e-02
3.123697e+03	2.418575e-01	1.154841e-03	2.445964e-01	2.994638e-02
3.124362e+03	2.351392e-01	1.151229e-03	2.394588e-01	2.995951e-02
3.125027e+03	2.366929e-01	1.152561e-03	2.411642e-01	2.997263e-02
3.125692e+03	2.422103e-01	1.165335e-03	2.465963e-01	2.998574e-02
3.126357e+03	2.449575e-01	1.176899e-03	2.482418e-01	2.999885e-02
3.127022e+03	2.436834e-01	1.176507e-03	2.453831e-01	3.001195e-02
3.127687e+03	2.354802e-01	1.172574e-03	2.370032e-01	3.002505e-02
3.128352e+03	2.289392e-01	1.166644e-03	2.298912e-01	3.003814e-02
3.129017e+03	2.241126e-01	1.158972e-03	2.263075e-01	3.005122e-02
3.129682e+03	2.174265e-01	1.164479e-03	2.229938e-01	3.006430e-02
3.130347e+03	2.160824e-01	1.166177e-03	2.224211e-01	3.007737e-02
3.131012e+03	2.238893e-01	1.175417e-03	2.262872e-01	3.009043e-02
3.131677e+03	2.323273e-01	1.196284e-03	2.294393e-01	3.010349e-02
3.132342e+03	2.317527e-01	1.222817e-03	2.277432e-01	3.011654e-02
3.133007e+03	2.224714e-01	1.206284e-03	2.219115e-01	3.012958e-02
3.133672e+03	2.262956e-01	1.214407e-03	2.250494e-01	3.014261e-02
3.134337e+03	2.374072e-01	1.220139e-03	2.342786e-01	3.015564e-02
3.135002e+03	2.322909e-01	1.210136e-03	2.339231e-01	3.016867e-02
3.135667e+03	2.304439e-01	1.199001e-03	2.338437e-01	3.018168e-02
3.136332e+03	2.473973e-01	1.228158e-03	2.461107e-01	3.019469e-02
3.136997e+03	2.487216e-01	1.237342e-03	2.493181e-01	3.020770e-02
3.137662e+03	2.286900e-01	1.208482e-03	2.347715e-01	3.022069e-02
3.138327e+03	2.244389e-01	1.191392e-03	2.293254e-01	3.023368e-02
3.138992e+03	2.377606e-01	1.201193e-03	2.385275e-01	3.024667e-02
3.139657e+03	2.426113e-01	1.203222e-03	2.466395e-01	3.025964e-02
3.140322e+03	2.424214e-01	1.208231e-03	2.454938e-01	3.027261e-02
3.140987e+03	2.315652e-01	1.185681e-03	2.344267e-01	3.028558e-02
3.141652e+03	2.206037e-01	1.174919e-03	2.259906e-01	3.029853e-02
3.142317e+03	2.285654e-01	1.188403e-03	2.304804e-01	3.031148e-02
3.142982e+03	2.326563e-01	1.196740e-03	2.328469e-01	3.032443e-02
3.143647e+03	2.264166e-01	1.184610e-03	2.285994e-01	3.033736e-02
3.144312e+03	2.332912e-01	1.195085e-03	2.325006e-01	3.035029e-02
3.144977e+03	2.423863e-01	1.210054e-03	2.387545e-01	3.036322e-02
3.145642e+03	2.441204e-01	1.213184e-03	2.411147e-01	3.037613e-02
3.146307e+03	2.376379e-01	1.196919e-03	2.394063e-01	3.038904e-02
3.146972e+03	2.340556e-01	1.190019e-03	2.363070e-01	3.040194e-02
3.147637e+03	2.324295e-01	1.195422e-03	2.341928e-01	3.041484e-02
3.148302e+03	2.361086e-01	1.204369e-03	2.359551e-01	3.042773e-02
3.148967e+03	2.352728e-01	1.192945e-03	2.358475e-01	3.044061e-02
3.149632e+03	2.293917e-01	1.181594e-03	2.336201e-01	3.045349e-02
3.150297e+03	2.340236e-01	1.185486e-03	2.374656e-01	3.046636e-02
3.150962e+03	2.461879e-01	1.202376e-03	2.459925e-01	3.047922e-02
3.151627e+03	2.450389e-01	1.202122e-03	2.467050e-01	3.049208e-02
3.152292e+03	2.348338e-01	1.184915e-03	2.388091e-01	3.050493e-02
3.152957e+03	2.320284e-01	1.186006e-03	2.319961e-01	3.051777e-02
3.153622e+03	2.281899e-01	1.183025e-03	2.270440e-01	3.053061e-02
3.154287e+03	2.261848e-01	1.174639e-03	2.249189e-01	3.054343e-02
3.154952e+03	2.262196e-01	1.185268e-03	2.242775e-01	3.055626e-02
3.155617e+03	2.239437e-01	1.302673e-03	2.222000e-01	3.056907e-02
3.156282e+03	2.240187e-01	1.289088e-03	2.215936e-01	3.058188e-02
3.156947e+03	2.266300e-01	1.184502e-03	2.223977e-01	3.059468e-02
3.157612e+03	2.253949e-01	1.175388e-03	2.233196e-01	3.060748e-02
3.158277e+03	2.264829e-01	1.182536e-03	2.249067e-01	3.062027e-02
3.158942e+03	nan	nan	2.309842e-01	3.063305e-02
3.159607e+03	2.434824e-01	1.906913e-03	2.353316e-01	3.064582e-02
3.160272e+03	2.410152e-01	1.201346e-03	2.361146e-01	3.065859e-02
3.160937e+03	2.407392e-01	1.197112e-03	2.389860e-01	3.067135e-02
3.161602e+03	2.419748e-01	1.197574e-03	2.414560e-01	3.068411e-02
3.162267e+03	2.436298e-01	1.202029e-03	2.463150e-01	3.069686e-02
3.162932e+03	2.511938e-01	1.198093e-03	2.534623e-01	3.070960e-02
3.163597e+03	2.543924e-01	1.199965e-03	2.538265e-01	3.072233e-02
3.164262e+03	2.458768e-01	1.179768e-03	2.449388e-01	3.073506e-02
3.164927e+03	2.357141e-01	1.157942e-03	2.333037e-01	3.074778e-02
3.165592e+03	2.317932e-01	1.150650e-03	2.281433e-01	3.076049e-02
3.166257e+03	2.325974e-01	1.144930e-03	2.300309e-01	3.077320e-02
3.166922e+03	2.287510e-01	1.126692e-03	2.314698e-01	3.078590e-02
3.167587e+03	2.309039e-01	1.123702e-03	2.318763e-01	3.079859e-02
3.168252e+03	2.332890e-01	1.118815e-03	2.336028e-01	3.081128e-02
3.168917e+03	2.344103e-01	1.124550e-03	2.333408e-01	3.082396e-02
3.169582e+03	2.346518e-01	1.121896e-03	2.331620e-01	3.083663e-02
3.170247e+03	2.380795e-01	1.195612e-03	2.373296e-01	3.084930e-02
3.170912e+03	2.388785e-01	1.200742e-03	2.385032e-01	3.086196e-02
3.171577e+03	2.336201e-01	1.122522e-03	2.318246e-01	3.087461e-02
3.172242e+03	2.266700e-01	1.350251e-03	2.256057e-01	3.088726e-02
3.172907e+03	2.275341e-01	1.331626e-03	2.273306e-01	3.089990e-02
3.173572e+03	2.360036e-01	1.377604e-03	2.330952e-01	3.091253e-02
3.174237e+03	2.346614e-01	1.122717e-03	2.339590e-01	3.092515e-02
3.174902e+03	2.293565e-01	1.106349e-03	2.300345e-01	3.093777e-02
3.175567e+03	2.336064e-01	1.111371e-03	2.316140e-01	3.095038e-02
3.176232e+03	2.304669e-01	1.109506e-03	2.308978e-01	3.096299e-02
3.176897e+03	2.225511e-01	1.096480e-03	2.249969e-01	3.097558e-02
3.177562e+03	2.246760e-01	1.093742e-03	2.242815e-01	3.098817e-02
3.178227e+03	2.269267e-01	1.095056e-03	2.241998e-01	3.100076e-02
3.178892e+03	2.252061e-01	1.095494e-03	2.229875e-01	3.101333e-02
3.179557e+03	2.274591e-01	1.091554e-03	2.244870e-01	3.102590e-02
3.180222e+03	2.342970e-01	1.111610e-03	2.291549e-01	3.103847e-02
3.180887e+03	2.309589e-01	1.104487e-03	2.281382e-01	3.105102e-02
3.181552e+03	2.375591e-01	1.122520e-03	2.312120e-01	3.106357e-02
3.182217e+03	2.477255e-01	1.128139e-03	2.436582e-01	3.107612e-02
3.182882e+03	2.518645e-01	1.126577e-03	2.506789e-01	3.108865e-02
3.183547e+03	2.486761e-01	1.130273e-03	2.489506e-01	3.110118e-02
3.184212e+03	2.449586e-01	1.142357e-03	2.455725e-01	3.111370e-02
3.184877e+03	2.357155e-01	1.144386e-03	2.397717e-01	3.112622e-02
3.185542e+03	nan	nan	2.332172e-01	3.113872e-02
3.186207e+03	2.347699e-01	1.129628e-03	2.310432e-01	3.115122e-02
3.186872e+03	2.384996e-01	1.125321e-03	2.360894e-01	3.116372e-02
3.187537e+03	2.463350e-01	1.136993e-03	2.437854e-01	3.117621e-02
3.188202e+03	2.462736e-01	1.135664e-03	2.431781e-01	3.118869e-02
3.188867e+03	2.337156e-01	1.137137e-03	2.318337e-01	3.120116e-02
3.189532e+03	2.224762e-01	1.127434e-03	2.213327e-01	3.121363e-02
3.190197e+03	2.254286e-01	1.119051e-03	2.241379e-01	3.122609e-02
3.190862e+03	2.405698e-01	1.132832e-03	2.367286e-01	3.123854e-02
3.191527e+03	2.438510e-01	1.135650e-03	2.432362e-01	3.125098e-02
3.192192e+03	2.404993e-01	1.133686e-03	2.408101e-01	3.126342e-02
3.192857e+03	2.320827e-01	1.121909e-03	2.331350e-01	3.127585e-02
3.193522e+03	2.281724e-01	1.193080e-03	2.274375e-01	3.128828e-02
3.194187e+03	2.373269e-01	2.011142e-03	2.247216e-01	3.130070e-02
3.194852e+03	2.357178e-01	2.017399e-03	2.241249e-01	3.131311e-02
3.195517e+03	nan	nan	2.289640e-01	3.132551e-02
3.196182e+03	nan	nan	2.322404e-01	3.133791e-02
3.196847e+03	2.301586e-01	1.206837e-03	2.288885e-01	3.135030e-02
3.197512e+03	2.300007e-01	1.166717e-03	2.277647e-01	3.136268e-02
3.198177e+03	2.300088e-01	1.163989e-03	2.289268e-01	3.137506e-02
3.198842e+03	2.286037e-01	1.158573e-03	2.271299e-01	3.138742e-02
3.199507e+03	2.231428e-01	1.150879e-03	2.213001e-01	3.139979e-02
3.200172e+03	2.202591e-01	1.153016e-03	2.172318e-01	3.141214e-02
3.200837e+03	2.225174e-01	1.157025e-03	2.167355e-01	3.142449e-02
3.201502e+03	2.183383e-01	1.138927e-03	2.138476e-01	3.143683e-02
3.202167e+03	2.116250e-01	1.128263e-03	2.099290e-01	3.144916e-02
3.202832e+03	2.155688e-01	1.133825e-03	2.122929e-01	3.146149e-02
3.203497e+03	2.241965e-01	1.146621e-03	2.181923e-01	3.147381e-02
3.204162e+03	2.263715e-01	1.144503e-03	2.215082e-01	3.148612e-02
3.204827e+03	2.305014e-01	1.149503e-03	2.274241e-01	3.149843e-02
3.205492e+03	2.415712e-01	1.163951e-03	2.382744e-01	3.151073e-02
3.206157e+03	2.502282e-01	1.180526e-03	2.480400e-01	3.152302e-02
3.206822e+03	2.492840e-01	1.198164e-03	2.505263e-01	3.153530e-02
3.207487e+03	2.452700e-01	1.178840e-03	2.450619e-01	3.154758e-02
3.208152e+03	2.427460e-01	1.178877e-03	2.402742e-01	3.155985e-02
3.208817e+03	2.404193e-01	1.182494e-03	2.390407e-01	3.157212e-02
3.209482e+03	2.415414e-01	1.188085e-03	2.405046e-01	3.158437e-02
3.210147e+03	2.436759e-01	1.194411e-03	2.411763e-01	3.159662e-02
3.210812e+03	nan	nan	2.391864e-01	3.160887e-02
3.211477e+03	nan	nan	2.370827e-01	3.162110e-02
3.212142e+03	nan	nan	2.318328e-01	3.163333e-02
3.212807e+03	2.256921e-01	1.337633e-03	2.298291e-01	3.164555e-02
3.213472e+03	2.404151e-01	1.285349e-03	2.379664e-01	3.165777e-02
3.214137e+03	2.413303e-01	1.289682e-03	2.393070e-01	3.166997e-02
3.214802e+03	2.289467e-01	1.250454e-03	2.312261e-01	3.168217e-02
3.215467e+03	2.311637e-01	1.241152e-03	2.327184e-01	3.169437e-02
3.216132e+03	2.418290e-01	1.259294e-03	2.405425e-01	3.170655e-02
3.216797e+03	2.445051e-01	1.269235e-03	2.413573e-01	3.171873e-02
3.217462e+03	2.373876e-01	1.265354e-03	2.349679e-01	3.173090e-02
3.218127e+03	2.279865e-01	1.248529e-03	2.274975e-01	3.174307e-02
3.218792e+03	2.274534e-01	1.219142e-03	2.261458e-01	3.175523e-02
3.219457e+03	2.324392e-01	1.206542e-03	2.295083e-01	3.176738e-02
3.220122e+03	2.335977e-01	1.206293e-03	2.321647e-01	3.177952e-02
3.220787e+03	2.313834e-01	1.189075e-03	2.324670e-01	3.179166e-02
3.221452e+03	2.292894e-01	1.169630e-03	2.309190e-01	3.180379e-02
3.222117e+03	2.325347e-01	1.167458e-03	2.307015e-01	3.181591e-02
3.222782e+03	2.321505e-01	1.198954e-03	2.287912e-01	3.182802e-02
3.223447e+03	2.282757e-01	1.202134e-03	2.259719e-01	3.184013e-02
3.224112e+03	2.250021e-01	1.202836e-03	2.250518e-01	3.185223e-02
3.224777e+03	2.294635e-01	1.182975e-03	2.296992e-01	3.186433e-02
3.225442e+03	2.416032e-01	1.184460e-03	2.362712e-01	3.187642e-02
3.226107e+03	2.357563e-01	1.170718e-03	2.324799e-01	3.188850e-02
3.226772e+03	2.305052e-01	1.147231e-03	2.297974e-01	3.190057e-02
3.227437e+03	2.326838e-01	1.139940e-03	2.316870e-01	3.191263e-02
3.228102e+03	2.310244e-01	1.137012e-03	2.290131e-01	3.192469e-02
3.228767e+03	2.240727e-01	1.137171e-03	2.232896e-01	3.193674e-02
3.229432e+03	2.268121e-01	1.369815e-03	2.256709e-01	3.194879e-02
3.230097e+03	2.405956e-01	1.150302e-03	2.390770e-01	3.196082e-02
3.230762e+03	2.473083e-01	1.161834e-03	2.493571e-01	3.197285e-02
3.231427e+03	2.506572e-01	1.170846e-03	2.503336e-01	3.198488e-02
3.232092e+03	2.388502e-01	1.158721e-03	2.394582e-01	3.199689e-02
3.232757e+03	2.316954e-01	1.143429e-03	2.324503e-01	3.200890e-02
3.233422e+03	2.373328e-01	1.147361e-03	2.358513e-01	3.202090e-02
3.234087e+03	2.392517e-01	1.148331e-03	2.384357e-01	3.203290e-02
3.234752e+03	2.393147e-01	1.150194e-03	2.385700e-01	3.204488e-02
3.235417e+03	2.364843e-01	1.148046e-03	2.367124e-01	3.205686e-02
3.236082e+03	2.391715e-01	1.154368e-03	2.370828e-01	3.206884e-02
3.236747e+03	2.411104e-01	1.157637e-03	2.363196e-01	3.208080e-02
3.237412e+03	nan	nan	2.313185e-01	3.209276e-02
3.238077e+03	nan	nan	2.294997e-01	3.210471e-02
3.238742e+03	2.398445e-01	1.149913e-03	2.340033e-01	3.211666e-02
3.239407e+03	2.367317e-01	1.149577e-03	2.311950e-01	3.212859e-02
3.240072e+03	2.255891e-01	1.132746e-03	2.230742e-01	3.214052e-02
3.240737e+03	2.194844e-01	1.116773e-03	2.203273e-01	3.215245e-02
3.241402e+03	2.286535e-01	1.129052e-03	2.287557e-01	3.216436e-02
3.242067e+03	2.369798e-01	1.141530e-03	2.363634e-01	3.217627e-02
3.242732e+03	2.311315e-01	1.127740e-03	2.328777e-01	3.218817e-02
3.243397e+03	2.292203e-01	1.121955e-03	2.321767e-01	3.220007e-02
3.244062e+03	2.287368e-01	1.113996e-03	2.309608e-01	3.221195e-02
3.244727e+03	2.286149e-01	1.114395e-03	2.271810e-01	3.222383e-02
3.245392e+03	2.307604e-01	1.110300e-03	2.290305e-01	3.223571e-02
3.246057e+03	2.328237e-01	1.108310e-03	2.306356e-01	3.224757e-02
3.246722e+03	2.317471e-01	1.227807e-03	2.299876e-01	3.225943e-02
3.247387e+03	nan	nan	2.299544e-01	3.227128e-02
3.248052e+03	nan	nan	2.305861e-01	3.228312e-02
3.248717e+03	nan	nan	2.298916e-01	3.229496e-02
3.249382e+03	2.360800e-01	1.118485e-03	2.331700e-01	3.230679e-02
3.250047e+03	nan	nan	2.337823e-01	3.231861e-02
3.250712e+03	nan	nan	2.297446e-01	3.233043e-02
3.251377e+03	2.373697e-01	1.128473e-03	2.336598e-01	3.234223e-02
3.252042e+03	2.415635e-01	1.130888e-03	2.389556e-01	3.235403e-02
3.252707e+03	2.421732e-01	1.137475e-03	2.403023e-01	3.236583e-02
3.253372e+03	2.448118e-01	1.139602e-03	2.407958e-01	3.237761e-02
3.254037e+03	2.417269e-01	1.130921e-03	2.369256e-01	3.238939e-02
3.254702e+03	2.376383e-01	1.119154e-03	2.351607e-01	3.240116e-02
3.255367e+03	2.384439e-01	1.113508e-03	2.397974e-01	3.241293e-02
3.256032e+03	2.407152e-01	1.128771e-03	2.438992e-01	3.242469e-02
3.256697e+03	2.416948e-01	1.130940e-03	2.450954e-01	3.243644e-02
3.257362e+03	2.434248e-01	1.132049e-03	2.422202e-01	3.244818e-02
3.258027e+03	2.419054e-01	1.122406e-03	2.385943e-01	3.245991e-02
3.258692e+03	2.412668e-01	1.119567e-03	2.392916e-01	3.247164e-02
3.259357e+03	2.415827e-01	1.120977e-03	2.391326e-01	3.248336e-02
3.260022e+03	2.415303e-01	1.122037e-03	2.377291e-01	3.249508e-02
3.260687e+03	2.475441e-01	1.133555e-03	2.402731e-01	3.250678e-02
3.261352e+03	2.475285e-01	1.557306e-03	2.392027e-01	3.251848e-02
3.262017e+03	nan	nan	2.355435e-01	3.253017e-02
3.262682e+03	nan	nan	2.332142e-01	3.254186e-02
3.263347e+03	2.291367e-01	1.105270e-03	2.329705e-01	3.255354e-02
3.264012e+03	2.371045e-01	1.112897e-03	2.358913e-01	3.256521e-02
3.264677e+03	2.374295e-01	1.123813e-03	2.327477e-01	3.257687e-02
3.265342e+03	2.287563e-01	1.121093e-03	2.262667e-01	3.258852e-02
3.266007e+03	2.312618e-01	1.127831e-03	2.289432e-01	3.260017e-02
3.266672e+03	2.392519e-01	1.140059e-03	2.368523e-01	3.261181e-02
3.267337e+03	2.414493e-01	1.139793e-03	2.388884e-01	3.262345e-02
3.268002e+03	2.352691e-01	1.128828e-03	2.336440e-01	3.263507e-02
3.268667e+03	2.270121e-01	1.242419e-03	2.267074e-01	3.264669e-02
3.269332e+03	2.248986e-01	1.827771e-03	2.259413e-01	3.265831e-02
3.269997e+03	2.301831e-01	1.126833e-03	2.293875e-01	3.266991e-02
3.270662e+03	2.330663e-01	1.130167e-03	2.305154e-01	3.268151e-02
3.271327e+03	2.333761e-01	1.131514e-03	2.324572e-01	3.269310e-02
3.271992e+03	2.365826e-01	1.133648e-03	2.375040e-01	3.270468e-02
3.272657e+03	2.411738e-01	1.153661e-03	2.427682e-01	3.271626e-02
3.273322e+03	2.390139e-01	1.159680e-03	2.402678e-01	3.272783e-02
3.273987e+03	2.317886e-01	1.151664e-03	2.326896e-01	3.273939e-02
3.274652e+03	2.311312e-01	1.161816e-03	2.300242e-01	3.275094e-02
3.275317e+03	2.288195e-01	1.161927e-03	2.294230e-01	3.276249e-02
3.275982e+03	2.286980e-01	1.405161e-03	2.308344e-01	3.277403e-02
3.276647e+03	nan	nan	2.339944e-01	3.278556e-02
3.277312e+03	nan	nan	2.362720e-01	3.279708e-02
3.277977e+03	2.272122e-01	1.179859e-03	2.336489e-01	3.280860e-02
3.278642e+03	2.274504e-01	1.183311e-03	2.316854e-01	3.282011e-02
3.279307e+03	2.326274e-01	1.213262e-03	2.333649e-01	3.283161e-02
3.279972e+03	2.318954e-01	1.221647e-03	2.313110e-01	3.284311e-02
3.280637e+03	2.268744e-01	1.216774e-03	2.267203e-01	3.285460e-02
3.281302e+03	2.228557e-01	1.203867e-03	2.226332e-01	3.286608e-02
3.281967e+03	2.266881e-01	1.211052e-03	2.257537e-01	3.287755e-02
3.282632e+03	2.341471e-01	1.218901e-03	2.355631e-01	3.288902e-02
3.283297e+03	2.388505e-01	1.228881e-03	2.396879e-01	3.290047e-02
3.283962e+03	2.397564e-01	1.231897e-03	2.385673e-01	3.291193e-02
3.284627e+03	2.382617e-01	1.217737e-03	2.375514e-01	3.292337e-02
3.285292e+03	2.401515e-01	1.202909e-03	2.392181e-01	3.293481e-02
3.285957e+03	2.386877e-01	1.199988e-03	2.382658e-01	3.294624e-02
3.286622e+03	2.317531e-01	1.208189e-03	2.324815e-01	3.295766e-02
3.287287e+03	2.228495e-01	1.231328e-03	2.236235e-01	3.296907e-02
3.287952e+03	2.200928e-01	1.266779e-03	2.206848e-01	3.298048e-02
3.288617e+03	2.290502e-01	1.310995e-03	2.303688e-01	3.299188e-02
3.289282e+03	2.418753e-01	1.316274e-03	2.417344e-01	3.300327e-02
3.289947e+03	2.414415e-01	1.280531e-03	2.422059e-01	3.301466e-02
3.290612e+03	2.324322e-01	1.228656e-03	2.368777e-01	3.302604e-02
3.291277e+03	2.309125e-01	1.226521e-03	2.360996e-01	3.303741e-02
3.291942e+03	nan	nan	2.381863e-01	3.304877e-02
3.292607e+03	2.327383e-01	1.313572e-03	2.355601e-01	3.306013e-02
3.293272e+03	2.247040e-01	1.298237e-03	2.285552e-01	3.307147e-02
3.293937e+03	2.225804e-01	1.287691e-03	2.226109e-01	3.308282e-02
3.294602e+03	2.252515e-01	1.299136e-03	2.235063e-01	3.309415e-02
3.295267e+03	2.261963e-01	2.289987e-03	2.278886e-01	3.310548e-02
3.295932e+03	2.299643e-01	2.227736e-03	2.315579e-01	3.311679e-02
3.296597e+03	2.309884e-01	1.506251e-03	2.319682e-01	3.312811e-02
3.297262e+03	2.313554e-01	1.168433e-03	2.298172e-01	3.313941e-02
3.297927e+03	2.263866e-01	1.152878e-03	2.274848e-01	3.315071e-02
3.298592e+03	2.277891e-01	1.233445e-03	2.301148e-01	3.316200e-02
3.299257e+03	2.352798e-01	1.240576e-03	2.352550e-01	3.317328e-02
3.299922e+03	2.346334e-01	1.159994e-03	2.334608e-01	3.318455e-02
3.300587e+03	2.288124e-01	1.154570e-03	2.311011e-01	3.319582e-02
3.301252e+03	2.311501e-01	1.155041e-03	2.345395e-01	3.320708e-02
3.301917e+03	2.361902e-01	1.156629e-03	2.399397e-01	3.321834e-02
3.302582e+03	2.395740e-01	1.173037e-03	2.406915e-01	3.322958e-02
3.303247e+03	2.365820e-01	1.147432e-03	2.367102e-01	3.324082e-02
3.303912e+03	2.370672e-01	1.144738e-03	2.360653e-01	3.325205e-02
3.304577e+03	2.351098e-01	1.135409e-03	2.357048e-01	3.326327e-02
3.305242e+03	2.312449e-01	1.128904e-03	2.325151e-01	3.327449e-02
3.305907e+03	2.331324e-01	1.134972e-03	2.328484e-01	3.328570e-02
3.306572e+03	2.364189e-01	1.146225e-03	2.349250e-01	3.329690e-02
3.307237e+03	2.387350e-01	1.164571e-03	2.353577e-01	3.330809e-02
3.307902e+03	2.337227e-01	1.168535e-03	2.315379e-01	3.331928e-02
3.308567e+03	2.270580e-01	1.158987e-03	2.273819e-01	3.333046e-02
3.309232e+03	nan	nan	2.288221e-01	3.334163e-02
3.309897e+03	nan	nan	2.348330e-01	3.335279e-02
3.310562e+03	nan	nan	2.355632e-01	3.336395e-02
3.311227e+03	nan	nan	2.307448e-01	3.337510e-02
3.311892e+03	2.218836e-01	1.151609e-03	2.249624e-01	3.338624e-02
3.312557e+03	2.225027e-01	1.154405e-03	2.262233e-01	3.339737e-02
3.313222e+03	2.313486e-01	1.168014e-03	2.334665e-01	3.340850e-02
3.313887e+03	2.352698e-01	1.171298e-03	2.333429e-01	3.341962e-02
3.314552e+03	2.283958e-01	1.157101e-03	2.266825e-01	3.343073e-02
3.315217e+03	2.196560e-01	1.143107e-03	2.229386e-01	3.344184e-02
3.315882e+03	2.195974e-01	1.140637e-03	2.246139e-01	3.345294e-02
3.316547e+03	2.240248e-01	1.131772e-03	2.274054e-01	3.346403e-02
3.317212e+03	2.246161e-01	1.122893e-03	2.293956e-01	3.347511e-02
3.317877e+03	2.281737e-01	1.127700e-03	2.342347e-01	3.348618e-02
3.318542e+03	2.296073e-01	1.129267e-03	2.353525e-01	3.349725e-02
3.319207e+03	2.243899e-01	1.119367e-03	2.297268e-01	3.350831e-02
3.319872e+03	2.164146e-01	1.111405e-03	2.229500e-01	3.351936e-02
3.320537e+03	2.132648e-01	1.101084e-03	2.205212e-01	3.353041e-02
3.321202e+03	2.164660e-01	1.102893e-03	2.216986e-01	3.354145e-02
3.321867e+03	2.211050e-01	1.102123e-03	2.245346e-01	3.355248e-02
3.322532e+03	2.259194e-01	1.104777e-03	2.280187e-01	3.356350e-02
3.323197e+03	2.363216e-01	1.121193e-03	2.311247e-01	3.357452e-02
3.323862e+03	2.359390e-01	1.122056e-03	2.317695e-01	3.358552e-02
3.324527e+03	2.327252e-01	1.117925e-03	2.314012e-01	3.359653e-02
3.325192e+03	2.320530e-01	1.209603e-03	2.323350e-01	3.360752e-02
3.325857e+03	nan	nan	2.287321e-01	3.361850e-02
3.326522e+03	nan	nan	2.232938e-01	3.362948e-02
3.327187e+03	nan	nan	2.221354e-01	3.364045e-02
3.327852e+03	2.257987e-01	1.161286e-03	2.251510e-01	3.365142e-02
3.328517e+03	2.296252e-01	1.163476e-03	2.295341e-01	3.366237e-02
3.329182e+03	2.325353e-01	1.161249e-03	2.335454e-01	3.367332e-02
3.329847e+03	2.335270e-01	1.157929e-03	2.337688e-01	3.368426e-02
3.330512e+03	2.347793e-01	1.158409e-03	2.325510e-01	3.369520e-02
3.331177e+03	2.345165e-01	1.160639e-03	2.318586e-01	3.370612e-02
3.331842e+03	2.340191e-01	1.158753e-03	2.297128e-01	3.371704e-02
3.332507e+03	2.317864e-01	1.153443e-03	2.277184e-01	3.372795e-02
3.333172e+03	2.283210e-01	1.060577e-03	2.262133e-01	3.373886e-02
3.333837e+03	2.303466e-01	1.031657e-03	2.268190e-01	3.374975e-02
3.334502e+03	2.327842e-01	1.011947e-03	2.292858e-01	3.376064e-02
3.335167e+03	2.315715e-01	1.014816e-03	2.290774e-01	3.377152e-02
3.335832e+03	2.257762e-01	1.005829e-03	2.254656e-01	3.378240e-02
3.336497e+03	2.236260e-01	1.001833e-03	2.228078e-01	3.379326e-02
3.337162e+03	2.202070e-01	1.000517e-03	2.203409e-01	3.380412e-02
3.337827e+03	2.181156e-01	9.978757e-04	2.175660e-01	3.381498e-02
3.338492e+03	2.174775e-01	9.974534e-04	2.151335e-01	3.382582e-02
3.339157e+03	2.178450e-01	1.007608e-03	2.142368e-01	3.383666e-02
3.339822e+03	2.190451e-01	1.009130e-03	2.154879e-01	3.384749e-02
3.340487e+03	2.198821e-01	1.011977e-03	2.168351e-01	3.385831e-02
3.341152e+03	2.223899e-01	1.018544e-03	2.189163e-01	3.386912e-02
3.341817e+03	2.264887e-01	1.108502e-03	2.228131e-01	3.387993e-02
3.342482e+03	2.260743e-01	1.031543e-03	2.244122e-01	3.389073e-02
3.343147e+03	nan	nan	2.217795e-01	3.390152e-02
3.343812e+03	2.195653e-01	1.251170e-03	2.187349e-01	3.391230e-02
3.344477e+03	2.221768e-01	1.037621e-03	2.187236e-01	3.392308e-02
3.345142e+03	2.232263e-01	1.051338e-03	2.190972e-01	3.393385e-02
3.345807e+03	2.241182e-01	1.049007e-03	2.203541e-01	3.394461e-02
3.346472e+03	2.237357e-01	1.048922e-03	2.219388e-01	3.395537e-02
3.347137e+03	2.272483e-01	1.069489e-03	2.221513e-01	3.396611e-02
3.347802e+03	2.267724e-01	1.077431e-03	2.214098e-01	3.397685e-02
3.348467e+03	2.273813e-01	1.090202e-03	2.226077e-01	3.398758e-02
3.349132e+03	2.300172e-01	1.101400e-03	2.251390e-01	3.399831e-02
3.349797e+03	2.318617e-01	1.094314e-03	2.264191e-01	3.400902e-02
3.350462e+03	2.315704e-01	1.107123e-03	2.262996e-01	3.401973e-02
3.351127e+03	2.303368e-01	1.119766e-03	2.259911e-01	3.403044e-02
3.351792e+03	2.326080e-01	1.136575e-03	2.270724e-01	3.404113e-02
3.352457e+03	2.358577e-01	1.155513e-03	2.283295e-01	3.405182e-02
3.353122e+03	2.327418e-01	1.154710e-03	2.263742e-01	3.406250e-02
3.353787e+03	nan	nan	2.212904e-01	3.407317e-02
3.354452e+03	2.170311e-01	1.487804e-03	2.181593e-01	3.408383e-02
3.355117e+03	2.184123e-01	1.126854e-03	2.185688e-01	3.409449e-02
3.355782e+03	2.176211e-01	1.224250e-03	2.201267e-01	3.410514e-02
3.356447e+03	2.204074e-01	1.131418e-03	2.212203e-01	3.411578e-02
3.357112e+03	2.197134e-01	1.115464e-03	2.205649e-01	3.412641e-02
3.357777e+03	2.211052e-01	1.118409e-03	2.198838e-01	3.413704e-02
3.358442e+03	2.254605e-01	1.117582e-03	2.226491e-01	3.414766e-02
3.359107e+03	2.329762e-01	1.134629e-03	2.282114e-01	3.415827e-02
3.359772e+03	2.353155e-01	1.145698e-03	2.305008e-01	3.416888e-02
3.360437e+03	2.309102e-01	1.141866e-03	2.263141e-01	3.417947e-02
3.361102e+03	2.240646e-01	1.120004e-03	2.208553e-01	3.419006e-02
3.361767e+03	2.246386e-01	1.101872e-03	2.218103e-01	3.420064e-02
3.362432e+03	2.284246e-01	1.098392e-03	2.248504e-01	3.421122e-02
3.363097e+03	2.232267e-01	2.016859e-03	2.227049e-01	3.422179e-02
3.363762e+03	2.191128e-01	1.954845e-03	2.212347e-01	3.423234e-02
3.364427e+03	2.250595e-01	1.085425e-03	2.231030e-01	3.424290e-02
3.365092e+03	2.291528e-01	1.077838e-03	2.264811e-01	3.425344e-02
3.365757e+03	2.324491e-01	1.076599e-03	2.285810e-01	3.426398e-02
3.366422e+03	nan	nan	2.277497e-01	3.427451e-02
3.367087e+03	2.326976e-01	1.074100e-03	2.267797e-01	3.428503e-02
3.367752e+03	2.280830e-01	1.063069e-03	2.248464e-01	3.429554e-02
3.368417e+03	2.232397e-01	1.053120e-03	2.246536e-01	3.430605e-02
3.369082e+03	2.236312e-01	1.067291e-03	2.263010e-01	3.431655e-02
3.369747e+03	2.218581e-01	1.063978e-03	2.258347e-01	3.432704e-02
3.370412e+03	2.235742e-01	1.058005e-03	2.249869e-01	3.433752e-02
3.371077e+03	2.236917e-01	1.167918e-03	2.245427e-01	3.434800e-02
3.371742e+03	2.212136e-01	1.053618e-03	2.247748e-01	3.435847e-02
3.372407e+03	2.197236e-01	1.049783e-03	2.253096e-01	3.436893e-02
3.373072e+03	2.232607e-01	1.047696e-03	2.256393e-01	3.437938e-02
3.373737e+03	2.303989e-01	1.062146e-03	2.283852e-01	3.438983e-02
3.374402e+03	2.312913e-01	1.061141e-03	2.318010e-01	3.440027e-02
3.375067e+03	2.287045e-01	1.057253e-03	2.318055e-01	3.441070e-02
3.375732e+03	2.288928e-01	1.166036e-03	2.299760e-01	3.442112e-02
3.376397e+03	2.226994e-01	1.056565e-03	2.265792e-01	3.443154e-02
3.377062e+03	2.166825e-01	1.045860e-03	2.228691e-01	3.444194e-02
3.377727e+03	2.169128e-01	1.151518e-03	2.199738e-01	3.445234e-02
3.378392e+03	nan	nan	2.197188e-01	3.446274e-02
3.379057e+03	nan	nan	2.225766e-01	3.447312e-02
3.379722e+03	2.211287e-01	1.135529e-03	2.240641e-01	3.448350e-02
3.380387e+03	2.233823e-01	1.045534e-03	2.255653e-01	3.449387e-02
3.381052e+03	2.261691e-01	1.061343e-03	2.269179e-01	3.450424e-02
3.381717e+03	2.209241e-01	1.051046e-03	2.245133e-01	3.451459e-02
3.382382e+03	2.207618e-01	1.050473e-03	2.255344e-01	3.452494e-02
3.383047e+03	2.257216e-01	1.056406e-03	2.285144e-01	3.453528e-02
3.383712e+03	2.225518e-01	1.053555e-03	2.267459e-01	3.454561e-02
3.384377e+03	2.197958e-01	1.045239e-03	2.238638e-01	3.455594e-02
3.385042e+03	nan	nan	2.226276e-01	3.456626e-02
3.385707e+03	2.154357e-01	1.032817e-03	2.221897e-01	3.457657e-02
3.386372e+03	2.186787e-01	1.038007e-03	2.250304e-01	3.458687e-02
3.387037e+03	2.273768e-01	1.050278e-03	2.306036e-01	3.459716e-02
3.387702e+03	2.302795e-01	1.056068e-03	2.332978e-01	3.460745e-02
3.388367e+03	2.242648e-01	1.036764e-03	2.318240e-01	3.461773e-02
3.389032e+03	2.257507e-01	1.136212e-03	2.301623e-01	3.462800e-02
3.389697e+03	2.274810e-01	1.665745e-03	2.305676e-01	3.463827e-02
3.390362e+03	2.329422e-01	1.044409e-03	2.347385e-01	3.464852e-02
3.391027e+03	2.368155e-01	1.046399e-03	2.390969e-01	3.465877e-02
3.391692e+03	2.360413e-01	1.042773e-03	2.396792e-01	3.466902e-02
3.392357e+03	2.300314e-01	1.065449e-03	2.351988e-01	3.467925e-02
3.393022e+03	2.199962e-01	1.093685e-03	2.261333e-01	3.468948e-02
3.393687e+03	2.124778e-01	1.089171e-03	2.199561e-01	3.469970e-02
3.394352e+03	2.209301e-01	1.108340e-03	2.240025e-01	3.470991e-02
3.395017e+03	nan	nan	2.295842e-01	3.472011e-02
3.395682e+03	2.224706e-01	1.099984e-03	2.289826e-01	3.473031e-02
3.396347e+03	2.193701e-01	1.096759e-03	2.260379e-01	3.474050e-02
3.397012e+03	2.216914e-01	1.225460e-03	2.270050e-01	3.475068e-02
3.397677e+03	nan	nan	2.294960e-01	3.476085e-02
3.398342e+03	2.282035e-01	1.202175e-03	2.294325e-01	3.477102e-02
3.399007e+03	2.255513e-01	1.133015e-03	2.280511e-01	3.478118e-02
3.399672e+03	2.249947e-01	1.016763e-03	2.282017e-01	3.479133e-02
3.400337e+03	2.211297e-01	9.917817e-04	2.265723e-01	3.480147e-02
3.401002e+03	2.146612e-01	9.818954e-04	2.221316e-01	3.481161e-02
3.401667e+03	2.184383e-01	9.794392e-04	2.241809e-01	3.482174e-02
3.402332e+03	2.242180e-01	9.722639e-04	2.296507e-01	3.483186e-02
3.402997e+03	2.241105e-01	9.695966e-04	2.279472e-01	3.484197e-02
3.403662e+03	2.160348e-01	1.595983e-03	2.228562e-01	3.485208e-02
3.404327e+03	nan	nan	2.233681e-01	3.486218e-02
3.404992e+03	2.237554e-01	1.044006e-03	2.276177e-01	3.487227e-02
3.405657e+03	2.205710e-01	9.651802e-04	2.281237e-01	3.488235e-02
3.406322e+03	2.242899e-01	9.718391e-04	2.311603e-01	3.489242e-02
3.406987e+03	nan	nan	2.375173e-01	3.490249e-02
3.407652e+03	2.303037e-01	1.050865e-03	2.349362e-01	3.491255e-02
3.408317e+03	2.191572e-01	9.636380e-04	2.264924e-01	3.492261e-02
3.408982e+03	2.141905e-01	9.627064e-04	2.226038e-01	3.493265e-02
3.409647e+03	2.177692e-01	9.722780e-04	2.248078e-01	3.494269e-02
3.410312e+03	2.248419e-01	9.820898e-04	2.308109e-01	3.495272e-02
3.410977e+03	2.295505e-01	9.873492e-04	2.352672e-01	3.496274e-02
3.411642e+03	2.295523e-01	9.898653e-04	2.347874e-01	3.497275e-02
3.412307e+03	2.264988e-01	9.884781e-04	2.304219e-01	3.498276e-02
3.412972e+03	2.237538e-01	9.809236e-04	2.263158e-01	3.499276e-02
3.413637e+03	2.214780e-01	9.822888e-04	2.227510e-01	3.500275e-02
3.414302e+03	2.139459e-01	9.683229e-04	2.193503e-01	3.501274e-02
3.414967e+03	2.131344e-01	9.743490e-04	2.189953e-01	3.502271e-02
3.415632e+03	2.165518e-01	9.961068e-04	2.224670e-01	3.503268e-02
3.416297e+03	2.218535e-01	1.005351e-03	2.253656e-01	3.504264e-02
3.416962e+03	2.182755e-01	9.959224e-04	2.243448e-01	3.505260e-02
3.417627e+03	2.159822e-01	9.784815e-04	2.230506e-01	3.506254e-02
3.418292e+03	2.148562e-01	9.818248e-04	2.202183e-01	3.507248e-02
3.418957e+03	2.139764e-01	9.860369e-04	2.184393e-01	3.508241e-02
3.419622e+03	2.158844e-01	9.908221e-04	2.216352e-01	3.509234e-02
3.420287e+03	2.192534e-01	1.005977e-03	2.261014e-01	3.510225e-02
3.420952e+03	2.197372e-01	1.003682e-03	2.289869e-01	3.511216e-02
3.421617e+03	2.216809e-01	1.010847e-03	2.324169e-01	3.512206e-02
3.422282e+03	2.222714e-01	1.012791e-03	2.327811e-01	3.513195e-02
3.422947e+03	2.234013e-01	1.015480e-03	2.309174e-01	3.514184e-02
3.423612e+03	2.256363e-01	1.021508e-03	2.311601e-01	3.515172e-02
3.424277e+03	2.219829e-01	1.022256e-03	2.296265e-01	3.516159e-02
3.424942e+03	2.165057e-01	1.042952e-03	2.263653e-01	3.517145e-02
3.425607e+03	2.185107e-01	1.075053e-03	2.277117e-01	3.518131e-02
3.426272e+03	2.246085e-01	1.113156e-03	2.316118e-01	3.519115e-02
3.426937e+03	2.257505e-01	1.158745e-03	2.327647e-01	3.520099e-02
3.427602e+03	2.204219e-01	1.167138e-03	2.299327e-01	3.521082e-02
3.428267e+03	2.184086e-01	1.168627e-03	2.266824e-01	3.522065e-02
3.428932e+03	2.173259e-01	1.165769e-03	2.259357e-01	3.523047e-02
3.429597e+03	2.220221e-01	1.173296e-03	2.281610e-01	3.524028e-02
3.430262e+03	2.231900e-01	1.179366e-03	2.298409e-01	3.525008e-02
3.430927e+03	2.216946e-01	1.177904e-03	2.314191e-01	3.525987e-02
3.431592e+03	2.252487e-01	1.171453e-03	2.342481e-01	3.526966e-02
3.432257e+03	2.300398e-01	1.164143e-03	2.361176e-01	3.527944e-02
3.432922e+03	2.306447e-01	1.157241e-03	2.336083e-01	3.528921e-02
3.433587e+03	2.220416e-01	1.134323e-03	2.254183e-01	3.529897e-02
3.434252e+03	2.161677e-01	1.120496e-03	2.206112e-01	3.530873e-02
3.434917e+03	2.218784e-01	1.134325e-03	2.245715e-01	3.531848e-02
3.435582e+03	2.256543e-01	1.144209e-03	2.282948e-01	3.532822e-02
3.436247e+03	2.206220e-01	1.127699e-03	2.272228e-01	3.533795e-02
3.436912e+03	2.194102e-01	1.122572e-03	2.275070e-01	3.534768e-02
3.437577e+03	2.223831e-01	1.133161e-03	2.299514e-01	3.535739e-02
3.438242e+03	2.231042e-01	1.135776e-03	2.308808e-01	3.536710e-02
3.438907e+03	2.261243e-01	1.110361e-03	2.329511e-01	3.537681e-02
3.439572e+03	nan	nan	2.343779e-01	3.538650e-02
3.440237e+03	nan	nan	2.310872e-01	3.539619e-02
3.440902e+03	2.187413e-01	1.108808e-03	2.276197e-01	3.540587e-02
3.441567e+03	2.212883e-01	1.105269e-03	2.279481e-01	3.541554e-02
3.442232e+03	2.235756e-01	1.076636e-03	2.271659e-01	3.542521e-02
3.442897e+03	2.173246e-01	1.064078e-03	2.227534e-01	3.543486e-02
3.443562e+03	2.143231e-01	1.056372e-03	2.212880e-01	3.544451e-02
3.444227e+03	2.187791e-01	1.055624e-03	2.229697e-01	3.545415e-02
3.444892e+03	2.178897e-01	1.055085e-03	2.222335e-01	3.546379e-02
3.445557e+03	2.168432e-01	1.056509e-03	2.221179e-01	3.547342e-02
3.446222e+03	2.198339e-01	1.058694e-03	2.237337e-01	3.548303e-02
3.446887e+03	2.229538e-01	1.053710e-03	2.257017e-01	3.549265e-02
3.447552e+03	2.296203e-01	1.055366e-03	2.304639e-01	3.550225e-02
3.448217e+03	2.278222e-01	1.056053e-03	2.314065e-01	3.551185e-02
3.448882e+03	2.244126e-01	1.050681e-03	2.298142e-01	3.552143e-02
3.449547e+03	2.287706e-01	1.065194e-03	2.339238e-01	3.553102e-02
3.450212e+03	2.339753e-01	1.079719e-03	2.384651e-01	3.554059e-02
3.450877e+03	2.312746e-01	1.081566e-03	2.365570e-01	3.555015e-02
3.451542e+03	2.224045e-01	1.065844e-03	2.297546e-01	3.555971e-02
3.452207e+03	2.163396e-01	1.073110e-03	2.248191e-01	3.556926e-02
3.452872e+03	2.175497e-01	1.069939e-03	2.255404e-01	3.557880e-02
3.453537e+03	2.219708e-01	1.068256e-03	2.282979e-01	3.558834e-02
3.454202e+03	2.256313e-01	1.072777e-03	2.303035e-01	3.559787e-02
3.454867e+03	2.249008e-01	1.068812e-03	2.311984e-01	3.560739e-02
3.455532e+03	2.236484e-01	1.068017e-03	2.303507e-01	3.561690e-02
3.456197e+03	2.170067e-01	1.066770e-03	2.259779e-01	3.562640e-02
3.456862e+03	2.163407e-01	1.082792e-03	2.237277e-01	3.563590e-02
3.457527e+03	2.152467e-01	1.083474e-03	2.227261e-01	3.564539e-02
3.458192e+03	2.123784e-01	1.078282e-03	2.204228e-01	3.565487e-02
3.458857e+03	2.079985e-01	1.921476e-03	2.191888e-01	3.566435e-02
3.459522e+03	nan	nan	2.202540e-01	3.567381e-02
3.460187e+03	nan	nan	2.252113e-01	3.568327e-02
3.460852e+03	nan	nan	2.297935e-01	3.569272e-02
3.461517e+03	nan	nan	2.298117e-01	3.570217e-02
3.462182e+03	2.220731e-01	1.082950e-03	2.279400e-01	3.571160e-02
3.462847e+03	2.197047e-01	1.054910e-03	2.275068e-01	3.572103e-02
3.463512e+03	2.265540e-01	1.080289e-03	2.291007e-01	3.573045e-02
3.464177e+03	2.281118e-01	1.103536e-03	2.294809e-01	3.573986e-02
3.464842e+03	2.206820e-01	1.096761e-03	2.248645e-01	3.574927e-02
3.465507e+03	2.143535e-01	1.082429e-03	2.225866e-01	3.575867e-02
3.466172e+03	2.220488e-01	1.094328e-03	2.286966e-01	3.576806e-02
3.466837e+03	2.288102e-01	1.119473e-03	2.350649e-01	3.577744e-02
3.467502e+03	nan	nan	2.355382e-01	3.578682e-02
3.468167e+03	2.277510e-01	1.157296e-03	2.317512e-01	3.579618e-02
3.468832e+03	nan	nan	2.303946e-01	3.580554e-02
3.469497e+03	2.252841e-01	1.119911e-03	2.318568e-01	3.581489e-02
3.470162e+03	2.266941e-01	1.106316e-03	2.322727e-01	3.582424e-02
3.470827e+03	2.245006e-01	1.076287e-03	2.297949e-01	3.583358e-02
3.471492e+03	2.207161e-01	1.059943e-03	2.278614e-01	3.584291e-02
3.472157e+03	2.255621e-01	1.057910e-03	2.315163e-01	3.585223e-02
3.472822e+03	2.312830e-01	1.064399e-03	2.350090e-01	3.586154e-02
3.473487e+03	2.252743e-01	1.166933e-03	2.315863e-01	3.587085e-02
3.474152e+03	2.187588e-01	1.027166e-03	2.257594e-01	3.588015e-02
3.474817e+03	2.104654e-01	1.002909e-03	2.202977e-01	3.588944e-02
3.475482e+03	2.129758e-01	1.006184e-03	2.201126e-01	3.589872e-02
3.476147e+03	2.232308e-01	1.019930e-03	2.270450e-01	3.590800e-02
3.476812e+03	2.222196e-01	1.007934e-03	2.290962e-01	3.591726e-02
3.477477e+03	2.178793e-01	1.000505e-03	2.261613e-01	3.592652e-02
3.478142e+03	2.156867e-01	9.963218e-04	2.242456e-01	3.593578e-02
3.478807e+03	2.196571e-01	9.967565e-04	2.266515e-01	3.594502e-02
3.479472e+03	2.228891e-01	1.078285e-03	2.305737e-01	3.595426e-02
3.480137e+03	2.208559e-01	9.992887e-04	2.297398e-01	3.596349e-02
3.480802e+03	2.159044e-01	9.850597e-04	2.243682e-01	3.597271e-02
3.481467e+03	2.144829e-01	9.813732e-04	2.220305e-01	3.598193e-02
3.482132e+03	2.181926e-01	9.855078e-04	2.229029e-01	3.599113e-02
3.482797e+03	2.189814e-01	9.805062e-04	2.236037e-01	3.600033e-02
3.483462e+03	2.209154e-01	9.842965e-04	2.273721e-01	3.600953e-02
3.484127e+03	2.239890e-01	9.940581e-04	2.298683e-01	3.601871e-02
3.484792e+03	2.163337e-01	9.918313e-04	2.238348e-01	3.602789e-02
3.485457e+03	2.151464e-01	9.915038e-04	2.214115e-01	3.603706e-02
3.486122e+03	2.206408e-01	1.000812e-03	2.239819e-01	3.604622e-02
3.486787e+03	2.165769e-01	9.955374e-04	2.212266e-01	3.605537e-02
3.487452e+03	2.131266e-01	9.900669e-04	2.196741e-01	3.606452e-02
3.488117e+03	2.170662e-01	9.887437e-04	2.239763e-01	3.607365e-02
3.488782e+03	2.217176e-01	1.005647e-03	2.288205e-01	3.608279e-02
3.489447e+03	2.243463e-01	1.002911e-03	2.307492e-01	3.609191e-02
3.490112e+03	2.214770e-01	9.998419e-04	2.279548e-01	3.610102e-02
3.490777e+03	2.130982e-01	9.937169e-04	2.214771e-01	3.611013e-02
3.491442e+03	2.070417e-01	9.867162e-04	2.166111e-01	3.611923e-02
3.492107e+03	2.054573e-01	9.870000e-04	2.147646e-01	3.612832e-02
3.492772e+03	2.063248e-01	9.892963e-04	2.149435e-01	3.613741e-02
3.493437e+03	2.108694e-01	1.002284e-03	2.176734e-01	3.614649e-02
3.494102e+03	2.143597e-01	9.961754e-04	2.215207e-01	3.615556e-02
3.494767e+03	2.196683e-01	1.001066e-03	2.260043e-01	3.616462e-02
3.495432e+03	2.233061e-01	1.010536e-03	2.289581e-01	3.617367e-02
3.496097e+03	2.262326e-01	1.007821e-03	2.295974e-01	3.618272e-02
3.496762e+03	2.218505e-01	1.086981e-03	2.289694e-01	3.619176e-02
3.497427e+03	2.189273e-01	1.007391e-03	2.258111e-01	3.620079e-02
3.498092e+03	2.163658e-01	1.011058e-03	2.205861e-01	3.620982e-02
3.498757e+03	2.111071e-01	9.942896e-04	2.159990e-01	3.621883e-02
3.499422e+03	2.092717e-01	9.909964e-04	2.152033e-01	3.622784e-02
3.500087e+03	2.165762e-01	1.000926e-03	2.200223e-01	3.623684e-02
3.500752e+03	2.202268e-01	1.000790e-03	2.244744e-01	3.624583e-02
3.501417e+03	2.204202e-01	9.999796e-04	2.257925e-01	3.625482e-02
3.502082e+03	2.272272e-01	1.006202e-03	2.319446e-01	3.626380e-02
3.502747e+03	2.341971e-01	1.017745e-03	2.386234e-01	3.627277e-02
3.503412e+03	2.299632e-01	1.008906e-03	2.371316e-01	3.628173e-02
3.504077e+03	2.258095e-01	9.991279e-04	2.323543e-01	3.629069e-02
3.504742e+03	2.185452e-01	9.859949e-04	2.267707e-01	3.629964e-02
3.505407e+03	2.169653e-01	9.869749e-04	2.244818e-01	3.630858e-02
3.506072e+03	2.242440e-01	1.013789e-03	2.302575e-01	3.631751e-02
3.506737e+03	2.280644e-01	1.029338e-03	2.344751e-01	3.632643e-02
3.507402e+03	2.259436e-01	1.033243e-03	2.311782e-01	3.633535e-02
3.508067e+03	2.163129e-01	1.023981e-03	2.240818e-01	3.634426e-02
3.508732e+03	2.176383e-01	1.023443e-03	2.230364e-01	3.635316e-02
3.509397e+03	2.251361e-01	1.032489e-03	2.271491e-01	3.636206e-02
3.510062e+03	2.218278e-01	1.026216e-03	2.257767e-01	3.637094e-02
3.510727e+03	2.154774e-01	1.017525e-03	2.216768e-01	3.637982e-02
3.511392e+03	2.151441e-01	1.012991e-03	2.203092e-01	3.638869e-02
3.512057e+03	2.163977e-01	1.009670e-03	2.214053e-01	3.639756e-02
3.512722e+03	nan	nan	2.262090e-01	3.640641e-02
3.513387e+03	2.263673e-01	1.118061e-03	2.285715e-01	3.641526e-02
3.514052e+03	2.229654e-01	1.021875e-03	2.259842e-01	3.642410e-02
3.514717e+03	2.236319e-01	1.024220e-03	2.281041e-01	3.643293e-02
3.515382e+03	2.244291e-01	1.027467e-03	2.293247e-01	3.644176e-02
3.516047e+03	2.249570e-01	1.028997e-03	2.259072e-01	3.645058e-02
3.516712e+03	2.234573e-01	1.017368e-03	2.235559e-01	3.645939e-02
3.517377e+03	2.241935e-01	1.031509e-03	2.233192e-01	3.646819e-02
3.518042e+03	2.245481e-01	1.030740e-03	2.236055e-01	3.647699e-02
3.518707e+03	2.148353e-01	1.023853e-03	2.183273e-01	3.648577e-02
3.519372e+03	2.089843e-01	1.025446e-03	2.129583e-01	3.649455e-02
3.520037e+03	2.135055e-01	1.020278e-03	2.139629e-01	3.650333e-02
3.520702e+03	2.186412e-01	1.073532e-03	2.171619e-01	3.651209e-02
3.521367e+03	2.205662e-01	1.073671e-03	2.212030e-01	3.652085e-02
3.522032e+03	2.215647e-01	1.014159e-03	2.241539e-01	3.652960e-02
3.522697e+03	2.185442e-01	1.003164e-03	2.215803e-01	3.653834e-02
3.523362e+03	2.171893e-01	1.005208e-03	2.195393e-01	3.654707e-02
3.524027e+03	2.216840e-01	1.008364e-03	2.199560e-01	3.655580e-02
3.524692e+03	2.215951e-01	1.005946e-03	2.190719e-01	3.656452e-02
3.525357e+03	2.226423e-01	1.006216e-03	2.217225e-01	3.657323e-02
3.526022e+03	2.251593e-01	1.011742e-03	2.247301e-01	3.658193e-02
3.526687e+03	2.220220e-01	1.013559e-03	2.219468e-01	3.659063e-02
3.527352e+03	2.143749e-01	1.005395e-03	2.165329e-01	3.659932e-02
3.528017e+03	2.139670e-01	1.008908e-03	2.139165e-01	3.660800e-02
3.528682e+03	2.158759e-01	1.071059e-03	2.152646e-01	3.661667e-02
3.529347e+03	nan	nan	2.201815e-01	3.662534e-02
3.530012e+03	2.255218e-01	1.046065e-03	2.247770e-01	3.663400e-02
3.530677e+03	2.283652e-01	1.209164e-03	2.278676e-01	3.664265e-02
3.531342e+03	2.296455e-01	1.062110e-03	2.288492e-01	3.665129e-02
3.532007e+03	2.277722e-01	1.062322e-03	2.275891e-01	3.665992e-02
3.532672e+03	2.292020e-01	1.058679e-03	2.273453e-01	3.666855e-02
3.533337e+03	2.284673e-01	1.061430e-03	2.270540e-01	3.667717e-02
3.534002e+03	2.283622e-01	1.055777e-03	2.277368e-01	3.668578e-02
3.534667e+03	2.309743e-01	1.067910e-03	2.295649e-01	3.669439e-02
3.535332e+03	2.284357e-01	1.062439e-03	2.296027e-01	3.670299e-02
3.535997e+03	2.248308e-01	1.045050e-03	2.280455e-01	3.671157e-02
3.536662e+03	2.208741e-01	1.030178e-03	2.233158e-01	3.672016e-02
3.537327e+03	2.196185e-01	1.038300e-03	2.196890e-01	3.672873e-02
3.537992e+03	2.190293e-01	1.040509e-03	2.182770e-01	3.673730e-02
3.538657e+03	2.209704e-01	1.031781e-03	2.191334e-01	3.674586e-02
3.539322e+03	2.213655e-01	1.033559e-03	2.219415e-01	3.675441e-02
3.539987e+03	2.237560e-01	1.035408e-03	2.255770e-01	3.676295e-02
3.540652e+03	2.278342e-01	1.035004e-03	2.278671e-01	3.677149e-02
3.541317e+03	2.236026e-01	1.024541e-03	2.248265e-01	3.678002e-02
3.541982e+03	2.205312e-01	1.023787e-03	2.227051e-01	3.678854e-02
3.542647e+03	2.282759e-01	1.035222e-03	2.254978e-01	3.679705e-02
3.543312e+03	2.255501e-01	1.100975e-03	2.232527e-01	3.680556e-02
3.543977e+03	nan	nan	2.136823e-01	3.681405e-02
3.544642e+03	nan	nan	2.097547e-01	3.682254e-02
3.545307e+03	2.142934e-01	1.017754e-03	2.143239e-01	3.683103e-02
3.545972e+03	2.193928e-01	1.023591e-03	2.199334e-01	3.683950e-02
3.546637e+03	2.266533e-01	1.033779e-03	2.237300e-01	3.684797e-02
3.547302e+03	2.299064e-01	1.030352e-03	2.251855e-01	3.685643e-02
3.547967e+03	2.286727e-01	1.111262e-03	2.259413e-01	3.686488e-02
3.548632e+03	2.298005e-01	1.026094e-03	2.288867e-01	3.687333e-02
3.549297e+03	2.300256e-01	1.031386e-03	2.302388e-01	3.688176e-02
3.549962e+03	2.257746e-01	1.102691e-03	2.275412e-01	3.689019e-02
3.550627e+03	2.243574e-01	1.100336e-03	2.245861e-01	3.689862e-02
3.551292e+03	2.256209e-01	1.022884e-03	2.233829e-01	3.690703e-02
3.551957e+03	2.245607e-01	1.021489e-03	2.223360e-01	3.691544e-02
3.552622e+03	2.217248e-01	1.015874e-03	2.194003e-01	3.692384e-02
3.553287e+03	2.193594e-01	1.019728e-03	2.177987e-01	3.693223e-02
3.553952e+03	2.201110e-01	1.024518e-03	2.182226e-01	3.694061e-02
3.554617e+03	2.247385e-01	1.107315e-03	2.205813e-01	3.694899e-02
3.555282e+03	2.262532e-01	1.025125e-03	2.232734e-01	3.695736e-02
3.555947e+03	2.225247e-01	1.023751e-03	2.216244e-01	3.696572e-02
3.556612e+03	2.218809e-01	1.031650e-03	2.201230e-01	3.697407e-02
3.557277e+03	2.231959e-01	1.050676e-03	2.206000e-01	3.698242e-02
3.557942e+03	2.247063e-01	1.078578e-03	2.211033e-01	3.699076e-02
3.558607e+03	2.253580e-01	1.081938e-03	2.227532e-01	3.699909e-02
3.559272e+03	2.266074e-01	1.082487e-03	2.232903e-01	3.700741e-02
3.559937e+03	2.232533e-01	1.076454e-03	2.197795e-01	3.701573e-02
3.560602e+03	2.235130e-01	1.083507e-03	2.181539e-01	3.702403e-02
3.561267e+03	2.219076e-01	1.082300e-03	2.183186e-01	3.703233e-02
3.561932e+03	2.183047e-01	1.157773e-03	2.178794e-01	3.704063e-02
3.562597e+03	2.226669e-01	1.078789e-03	2.199576e-01	3.704891e-02
3.563262e+03	nan	nan	2.230557e-01	3.705719e-02
3.563927e+03	2.239791e-01	1.052019e-03	2.232025e-01	3.706546e-02
3.564592e+03	2.197923e-01	1.051100e-03	2.226623e-01	3.707372e-02
3.565257e+03	2.214876e-01	1.148028e-03	2.255437e-01	3.708198e-02
3.565922e+03	2.294705e-01	1.704244e-03	2.287711e-01	3.709022e-02
3.566587e+03	2.298990e-01	1.065842e-03	2.285516e-01	3.709846e-02
3.567252e+03	2.267283e-01	1.056843e-03	2.251948e-01	3.710670e-02
3.567917e+03	2.202533e-01	1.047785e-03	2.208428e-01	3.711492e-02
3.568582e+03	2.190331e-01	1.036644e-03	2.192250e-01	3.712314e-02
3.569247e+03	nan	nan	2.188472e-01	3.713135e-02
3.569912e+03	2.209746e-01	1.069299e-03	2.162943e-01	3.713955e-02
3.570577e+03	2.168656e-01	1.058882e-03	2.134207e-01	3.714774e-02
3.571242e+03	2.201215e-01	1.047188e-03	2.162031e-01	3.715593e-02
3.571907e+03	2.230824e-01	1.050549e-03	2.200994e-01	3.716411e-02
3.572572e+03	2.228145e-01	1.042603e-03	2.219381e-01	3.717228e-02
3.573237e+03	2.280031e-01	1.036771e-03	2.251005e-01	3.718044e-02
3.573902e+03	2.285870e-01	1.043964e-03	2.271657e-01	3.718860e-02
3.574567e+03	2.276363e-01	1.052827e-03	2.247450e-01	3.719675e-02
3.575232e+03	2.221482e-01	1.042012e-03	2.195646e-01	3.720489e-02
3.575897e+03	2.203229e-01	1.809589e-03	2.170735e-01	3.721302e-02
3.576562e+03	2.219353e-01	1.137033e-03	2.162868e-01	3.722115e-02
3.577227e+03	2.223541e-01	1.031953e-03	2.178467e-01	3.722927e-02
3.577892e+03	2.282683e-01	1.039293e-03	2.235080e-01	3.723738e-02
3.578557e+03	2.242617e-01	1.025624e-03	2.237196e-01	3.724548e-02
3.579222e+03	2.234129e-01	1.016490e-03	2.218752e-01	3.725358e-02
3.579887e+03	2.294885e-01	1.016038e-03	2.246226e-01	3.726167e-02
3.580552e+03	2.261586e-01	1.148315e-03	2.255252e-01	3.726975e-02
3.581217e+03	2.209814e-01	1.817502e-03	2.213725e-01	3.727782e-02
3.581882e+03	2.198480e-01	1.156692e-03	2.182185e-01	3.728588e-02
3.582547e+03	2.219521e-01	1.007971e-03	2.181278e-01	3.729394e-02
3.583212e+03	2.259154e-01	1.000487e-03	2.213805e-01	3.730199e-02
3.583877e+03	2.272199e-01	1.520599e-03	2.231724e-01	3.731003e-02
3.584542e+03	2.275260e-01	1.497844e-03	2.223000e-01	3.731807e-02
3.585207e+03	2.273711e-01	9.950802e-04	2.227596e-01	3.732610e-02
3.585872e+03	2.213859e-01	9.934866e-04	2.194230e-01	3.733412e-02
3.586537e+03	2.219246e-01	1.070989e-03	2.186980e-01	3.734213e-02
3.587202e+03	2.213943e-01	9.904244e-04	2.225762e-01	3.735013e-02
3.587867e+03	2.230603e-01	9.835927e-04	2.238733e-01	3.735813e-02
3.588532e+03	2.269775e-01	1.002046e-03	2.234236e-01	3.736612e-02
3.589197e+03	2.287313e-01	1.018372e-03	2.235119e-01	3.737410e-02
3.589862e+03	2.304552e-01	1.021473e-03	2.255256e-01	3.738208e-02
3.590527e+03	2.306044e-01	1.014701e-03	2.261150e-01	3.739004e-02
3.591192e+03	2.264196e-01	1.009196e-03	2.227037e-01	3.739800e-02
3.591857e+03	2.260775e-01	1.000163e-03	2.201688e-01	3.740596e-02
3.592522e+03	2.270830e-01	9.960045e-04	2.208070e-01	3.741390e-02
3.593187e+03	2.236756e-01	9.889039e-04	2.208702e-01	3.742184e-02
3.593852e+03	2.226077e-01	9.964528e-04	2.227955e-01	3.742977e-02
3.594517e+03	2.247982e-01	9.896334e-04	2.249794e-01	3.743769e-02
3.595182e+03	2.220981e-01	9.805552e-04	2.218465e-01	3.744560e-02
3.595847e+03	2.230150e-01	9.907150e-04	2.203936e-01	3.745351e-02
3.596512e+03	2.220314e-01	1.553086e-03	2.185714e-01	3.746141e-02
3.597177e+03	2.178295e-01	9.913307e-04	2.119259e-01	3.746930e-02
3.597842e+03	2.163797e-01	9.829025e-04	2.127238e-01	3.747718e-02
3.598507e+03	2.245204e-01	9.963640e-04	2.201765e-01	3.748506e-02
3.599172e+03	2.263966e-01	9.932851e-04	2.243826e-01	3.749293e-02
3.599837e+03	2.259470e-01	9.957468e-04	2.229862e-01	3.750079e-02
3.600502e+03	2.204360e-01	9.885594e-04	2.159001e-01	3.750864e-02
3.601167e+03	2.139559e-01	1.044342e-03	2.098384e-01	3.751649e-02
3.601832e+03	2.128867e-01	9.885422e-04	2.094360e-01	3.752433e-02
3.602497e+03	2.117123e-01	9.961953e-04	2.102270e-01	3.753216e-02
3.603162e+03	2.164969e-01	1.001219e-03	2.142090e-01	3.753998e-02
3.603827e+03	2.243874e-01	1.001115e-03	2.207113e-01	3.754780e-02
3.604492e+03	2.293802e-01	1.009593e-03	2.250448e-01	3.755561e-02
3.605157e+03	2.325782e-01	1.021931e-03	2.279920e-01	3.756341e-02
3.605822e+03	nan	nan	2.277543e-01	3.757120e-02
3.606487e+03	nan	nan	2.258134e-01	3.757898e-02
3.607152e+03	2.310980e-01	1.096231e-03	2.273402e-01	3.758676e-02
3.607817e+03	2.321930e-01	1.001379e-03	2.270904e-01	3.759453e-02
3.608482e+03	2.225083e-01	9.853404e-04	2.219217e-01	3.760230e-02
3.609147e+03	2.221539e-01	1.005236e-03	2.213883e-01	3.761005e-02
3.609812e+03	nan	nan	2.267611e-01	3.761780e-02
3.610477e+03	2.325375e-01	1.007306e-03	2.269675e-01	3.762554e-02
3.611142e+03	2.254737e-01	9.874680e-04	2.228102e-01	3.763327e-02
3.611807e+03	2.268313e-01	1.154539e-03	2.219964e-01	3.764100e-02
3.612472e+03	2.240448e-01	1.146732e-03	2.205940e-01	3.764872e-02
3.613137e+03	2.199001e-01	1.048642e-03	2.173051e-01	3.765643e-02
3.613802e+03	2.281047e-01	1.627122e-03	2.155619e-01	3.766413e-02
3.614467e+03	2.311906e-01	1.638912e-03	2.162040e-01	3.767183e-02
3.615132e+03	2.289556e-01	1.056352e-03	2.180062e-01	3.767951e-02
3.615797e+03	2.268309e-01	1.196013e-03	2.181923e-01	3.768719e-02
3.616462e+03	2.206220e-01	1.192366e-03	2.164952e-01	3.769487e-02
3.617127e+03	2.164252e-01	9.679585e-04	2.151961e-01	3.770253e-02
3.617792e+03	2.227902e-01	9.817961e-04	2.177539e-01	3.771019e-02
3.618457e+03	2.271459e-01	9.890398e-04	2.204463e-01	3.771784e-02
3.619122e+03	2.264120e-01	9.936627e-04	2.207052e-01	3.772548e-02
3.619787e+03	2.264168e-01	1.006294e-03	2.218230e-01	3.773312e-02
3.620452e+03	2.295728e-01	1.023822e-03	2.238024e-01	3.774074e-02
3.621117e+03	2.248365e-01	1.021197e-03	2.217097e-01	3.774836e-02
3.621782e+03	2.201122e-01	1.014737e-03	2.174888e-01	3.775598e-02
3.622447e+03	2.184670e-01	1.010784e-03	2.150975e-01	3.776358e-02
3.623112e+03	2.195129e-01	1.015521e-03	2.150528e-01	3.777118e-02
3.623777e+03	2.176673e-01	1.017836e-03	2.165071e-01	3.777877e-02
3.624442e+03	2.187366e-01	1.018404e-03	2.167922e-01	3.778635e-02
3.625107e+03	2.229729e-01	1.017164e-03	2.173613e-01	3.779393e-02
3.625772e+03	2.195529e-01	1.013364e-03	2.148141e-01	3.780149e-02
3.626437e+03	2.179738e-01	1.013635e-03	2.138087e-01	3.780905e-02
3.627102e+03	2.233237e-01	1.021929e-03	2.201117e-01	3.781661e-02
3.627767e+03	2.311104e-01	1.034049e-03	2.275762e-01	3.782415e-02
3.628432e+03	2.317074e-01	1.037736e-03	2.279703e-01	3.783169e-02
3.629097e+03	2.295944e-01	1.036680e-03	2.263116e-01	3.783922e-02
3.629762e+03	2.333373e-01	1.138443e-03	2.265119e-01	3.784674e-02
3.630427e+03	2.303701e-01	1.143444e-03	2.241605e-01	3.785426e-02
3.631092e+03	2.224021e-01	1.026558e-03	2.203740e-01	3.786176e-02
3.631757e+03	2.210126e-01	1.007504e-03	2.205687e-01	3.786926e-02
3.632422e+03	2.215768e-01	9.977732e-04	2.234238e-01	3.787676e-02
3.633087e+03	2.197467e-01	9.793834e-04	2.215947e-01	3.788424e-02
3.633752e+03	2.192559e-01	9.835157e-04	2.193173e-01	3.789172e-02
3.634417e+03	2.240169e-01	9.918771e-04	2.220147e-01	3.789919e-02
3.635082e+03	2.269678e-01	9.970232e-04	2.218992e-01	3.790665e-02
3.635747e+03	2.194851e-01	9.918985e-04	2.170233e-01	3.791411e-02
3.636412e+03	2.142382e-01	9.828075e-04	2.122445e-01	3.792155e-02
3.637077e+03	2.114544e-01	9.838618e-04	2.092761e-01	3.792899e-02
3.637742e+03	2.144720e-01	9.972474e-04	2.108570e-01	3.793642e-02
3.638407e+03	2.208478e-01	1.002887e-03	2.172469e-01	3.794385e-02
3.639072e+03	2.256389e-01	1.014141e-03	2.219607e-01	3.795127e-02
3.639737e+03	2.244478e-01	1.014416e-03	2.209503e-01	3.795868e-02
3.640402e+03	2.176461e-01	1.100336e-03	2.166542e-01	3.796608e-02
3.641067e+03	2.314665e-01	1.810835e-03	2.148775e-01	3.797347e-02
3.641732e+03	2.233563e-01	1.067948e-03	2.171478e-01	3.798086e-02
3.642397e+03	2.233514e-01	1.073574e-03	2.209043e-01	3.798824e-02
3.643062e+03	2.271206e-01	1.085585e-03	2.252251e-01	3.799561e-02
3.643727e+03	2.301021e-01	1.077590e-03	2.283730e-01	3.800298e-02
3.644392e+03	2.300512e-01	1.059559e-03	2.287763e-01	3.801034e-02
3.645057e+03	2.261401e-01	1.072501e-03	2.261880e-01	3.801769e-02
3.645722e+03	2.243051e-01	1.089687e-03	2.225125e-01	3.802503e-02
3.646387e+03	2.208853e-01	1.093099e-03	2.179627e-01	3.803237e-02
3.647052e+03	2.203387e-01	1.094177e-03	2.175844e-01	3.803969e-02
3.647717e+03	2.207756e-01	1.079524e-03	2.182460e-01	3.804701e-02
3.648382e+03	2.194702e-01	1.065149e-03	2.179408e-01	3.805433e-02
3.649047e+03	2.205754e-01	1.064778e-03	2.186860e-01	3.806163e-02
3.649712e+03	2.185035e-01	1.061508e-03	2.177188e-01	3.806893e-02
3.650377e+03	2.187672e-01	1.036556e-03	2.180386e-01	3.807622e-02
3.651042e+03	2.186870e-01	1.017450e-03	2.182512e-01	3.808350e-02
3.651707e+03	2.167477e-01	1.008670e-03	2.146255e-01	3.809078e-02
3.652372e+03	2.175520e-01	1.007679e-03	2.126874e-01	3.809805e-02
3.653037e+03	2.189582e-01	1.027212e-03	2.151249e-01	3.810531e-02
3.653702e+03	nan	nan	2.174126e-01	3.811256e-02
3.654367e+03	nan	nan	2.174309e-01	3.811980e-02
3.655032e+03	2.169094e-01	1.024015e-03	2.159106e-01	3.812704e-02
3.655697e+03	2.229700e-01	1.039399e-03	2.180231e-01	3.813427e-02
3.656362e+03	2.225782e-01	1.040149e-03	2.203010e-01	3.814150e-02
3.657027e+03	2.216007e-01	1.035838e-03	2.189721e-01	3.814871e-02
3.657692e+03	2.164428e-01	1.025595e-03	2.160075e-01	3.815592e-02
3.658357e+03	2.129159e-01	1.033171e-03	2.121694e-01	3.816312e-02
3.659022e+03	2.157758e-01	1.042780e-03	2.113410e-01	3.817031e-02
3.659687e+03	2.174552e-01	1.039950e-03	2.137201e-01	3.817750e-02
3.660352e+03	2.196070e-01	1.043929e-03	2.166357e-01	3.818468e-02
3.661017e+03	2.197623e-01	1.049764e-03	2.174159e-01	3.819185e-02
3.661682e+03	2.181847e-01	1.049676e-03	2.164483e-01	3.819901e-02
3.662347e+03	2.176321e-01	1.050316e-03	2.158503e-01	3.820617e-02
3.663012e+03	2.185477e-01	1.052493e-03	2.165814e-01	3.821332e-02
3.663677e+03	2.197754e-01	1.047554e-03	2.156803e-01	3.822046e-02
3.664342e+03	2.147772e-01	1.055624e-03	2.130113e-01	3.822759e-02
3.665007e+03	2.170370e-01	1.050574e-03	2.145357e-01	3.823472e-02
3.665672e+03	2.194215e-01	1.045694e-03	2.182239e-01	3.824184e-02
3.666337e+03	2.226690e-01	1.133615e-03	2.203057e-01	3.824895e-02
3.667002e+03	2.241728e-01	1.052546e-03	2.216524e-01	3.825605e-02
3.667667e+03	2.254763e-01	1.047891e-03	2.250168e-01	3.826315e-02
3.668332e+03	2.271515e-01	1.052793e-03	2.269584e-01	3.827024e-02
3.668997e+03	2.239851e-01	1.105277e-03	2.246948e-01	3.827732e-02
3.669662e+03	2.219942e-01	1.171255e-03	2.223667e-01	3.828439e-02
3.670327e+03	2.224050e-01	1.289499e-03	2.215560e-01	3.829146e-02
3.670992e+03	2.257824e-01	1.375686e-03	2.203426e-01	3.829852e-02
3.671657e+03	nan	nan	2.194317e-01	3.830557e-02
3.672322e+03	2.231439e-01	1.294230e-03	2.183286e-01	3.831262e-02
3.672987e+03	2.182921e-01	1.148955e-03	2.145892e-01	3.831965e-02
3.673652e+03	2.156388e-01	1.154641e-03	2.130596e-01	3.832668e-02
3.674317e+03	2.180477e-01	1.160600e-03	2.164024e-01	3.833371e-02
3.674982e+03	2.191350e-01	1.164585e-03	2.179986e-01	3.834072e-02
3.675647e+03	2.181822e-01	1.173778e-03	2.154088e-01	3.834773e-02
3.676312e+03	2.190333e-01	1.166695e-03	2.157079e-01	3.835473e-02
3.676977e+03	2.204597e-01	1.135958e-03	2.166267e-01	3.836172e-02
3.677642e+03	2.180716e-01	1.102745e-03	2.141866e-01	3.836871e-02
3.678307e+03	2.186388e-01	1.094874e-03	2.151168e-01	3.837568e-02
3.678972e+03	2.194442e-01	1.085831e-03	2.156180e-01	3.838265e-02
3.679637e+03	2.158867e-01	1.069536e-03	2.118121e-01	3.838962e-02
3.680302e+03	2.137793e-01	1.047280e-03	2.102611e-01	3.839657e-02
3.680967e+03	2.204604e-01	1.049285e-03	2.151861e-01	3.840352e-02
3.681632e+03	2.214230e-01	1.054118e-03	2.183113e-01	3.841046e-02
3.682297e+03	2.201703e-01	1.050320e-03	2.175547e-01	3.841739e-02
3.682962e+03	2.204583e-01	1.052406e-03	2.176559e-01	3.842432e-02
3.683627e+03	2.216277e-01	1.063370e-03	2.169862e-01	3.843124e-02
3.684292e+03	2.157954e-01	1.124517e-03	2.144176e-01	3.843815e-02
3.684957e+03	2.195709e-01	1.063633e-03	2.164477e-01	3.844505e-02
3.685622e+03	2.230739e-01	1.060517e-03	2.196005e-01	3.845195e-02
3.686287e+03	2.231603e-01	1.058677e-03	2.204164e-01	3.845884e-02
3.686952e+03	2.240058e-01	1.077010e-03	2.214930e-01	3.846572e-02
3.687617e+03	2.225670e-01	1.072252e-03	2.198030e-01	3.847259e-02
3.688282e+03	2.183913e-01	1.174402e-03	2.175779e-01	3.847946e-02
3.688947e+03	2.182972e-01	1.062755e-03	2.164520e-01	3.848632e-02
3.689612e+03	2.200741e-01	1.066719e-03	2.153792e-01	3.849317e-02
3.690277e+03	2.141007e-01	1.801328e-03	2.140910e-01	3.850002e-02
3.690942e+03	2.009037e-01	1.887659e-03	2.148004e-01	3.850685e-02
3.691607e+03	nan	nan	2.157097e-01	3.851368e-02
3.692272e+03	2.207292e-01	1.440269e-03	2.169213e-01	3.852051e-02
3.692937e+03	2.243071e-01	1.437160e-03	2.184069e-01	3.852732e-02
3.693602e+03	2.187140e-01	1.102920e-03	2.147484e-01	3.853413e-02
3.694267e+03	nan	nan	2.113702e-01	3.854093e-02
3.694932e+03	2.179312e-01	1.049712e-03	2.163105e-01	3.854772e-02
3.695597e+03	2.203764e-01	1.053601e-03	2.195499e-01	3.855451e-02
3.696262e+03	2.195951e-01	1.049358e-03	2.168953e-01	3.856129e-02
3.696927e+03	2.214333e-01	1.029017e-03	2.171648e-01	3.856806e-02
3.697592e+03	2.220773e-01	1.022203e-03	2.190788e-01	3.857482e-02
3.698257e+03	2.210556e-01	1.012345e-03	2.189646e-01	3.858158e-02
3.698922e+03	2.187369e-01	1.005731e-03	2.170429e-01	3.858832e-02
3.699587e+03	nan	nan	2.137791e-01	3.859507e-02
3.700252e+03	2.018989e-01	1.619864e-03	2.142722e-01	3.860180e-02
3.700917e+03	2.127070e-01	1.815993e-03	2.163212e-01	3.860853e-02
3.701582e+03	2.209468e-01	1.008991e-03	2.201502e-01	3.861525e-02
3.702247e+03	2.236738e-01	1.085512e-03	2.247658e-01	3.862196e-02
3.702912e+03	nan	nan	2.218019e-01	3.862866e-02
3.703577e+03	2.212250e-01	1.597109e-03	2.174375e-01	3.863536e-02
3.704242e+03	2.215816e-01	1.004985e-03	2.164134e-01	3.864205e-02
3.704907e+03	2.208009e-01	1.020018e-03	2.174029e-01	3.864873e-02
3.705572e+03	2.233741e-01	1.019175e-03	2.187159e-01	3.865541e-02
3.706237e+03	2.224091e-01	9.992086e-04	2.202242e-01	3.866207e-02
3.706902e+03	2.213082e-01	1.001417e-03	2.194732e-01	3.866873e-02
3.707567e+03	2.145502e-01	9.895064e-04	2.133322e-01	3.867539e-02
3.708232e+03	2.110544e-01	9.831020e-04	2.083896e-01	3.868203e-02
3.708897e+03	2.119950e-01	9.859412e-04	2.093079e-01	3.868867e-02
3.709562e+03	2.161228e-01	9.897251e-04	2.140208e-01	3.869530e-02
3.710227e+03	2.208299e-01	9.967452e-04	2.192388e-01	3.870193e-02
3.710892e+03	2.233401e-01	1.006753e-03	2.223795e-01	3.870854e-02
3.711557e+03	2.241555e-01	1.009360e-03	2.234345e-01	3.871515e-02
3.712222e+03	2.233615e-01	1.021148e-03	2.234430e-01	3.872175e-02
3.712887e+03	2.205747e-01	1.033417e-03	2.210599e-01	3.872835e-02
3.713552e+03	2.180123e-01	1.014948e-03	2.165258e-01	3.873493e-02
3.714217e+03	2.173021e-01	9.991344e-04	2.142931e-01	3.874151e-02
3.714882e+03	2.191592e-01	1.001763e-03	2.168641e-01	3.874808e-02
3.715547e+03	2.187968e-01	1.001490e-03	2.180383e-01	3.875465e-02
3.716212e+03	2.138206e-01	1.002738e-03	2.150817e-01	3.876121e-02
3.716877e+03	2.176243e-01	1.107608e-03	2.141412e-01	3.876776e-02
3.717542e+03	2.171227e-01	1.063946e-03	2.144675e-01	3.877430e-02
3.718207e+03	2.166999e-01	1.102844e-03	2.151373e-01	3.878084e-02
3.718872e+03	2.162036e-01	1.110285e-03	2.171164e-01	3.878736e-02
3.719537e+03	nan	nan	2.189518e-01	3.879389e-02
3.720202e+03	2.210559e-01	1.115683e-03	2.180011e-01	3.880040e-02
3.720867e+03	2.197035e-01	1.087174e-03	2.165824e-01	3.880691e-02
3.721532e+03	2.185987e-01	1.050674e-03	2.160600e-01	3.881340e-02
3.722197e+03	2.187485e-01	1.032980e-03	2.145632e-01	3.881990e-02
3.722862e+03	2.156336e-01	1.014211e-03	2.125412e-01	3.882638e-02
3.723527e+03	nan	nan	2.153830e-01	3.883286e-02
3.724192e+03	nan	nan	2.214002e-01	3.883933e-02
3.724857e+03	2.262468e-01	1.033355e-03	2.233014e-01	3.884579e-02
3.725522e+03	2.217045e-01	1.013398e-03	2.189507e-01	3.885224e-02
3.726187e+03	2.140129e-01	9.831124e-04	2.143407e-01	3.885869e-02
3.726852e+03	2.177131e-01	9.861281e-04	2.154466e-01	3.886513e-02
3.727517e+03	2.220230e-01	9.732856e-04	2.201607e-01	3.887157e-02
3.728182e+03	2.236186e-01	9.655429e-04	2.223774e-01	3.887799e-02
3.728847e+03	2.207363e-01	9.619480e-04	2.213230e-01	3.888441e-02
3.729512e+03	2.237274e-01	9.810825e-04	2.223213e-01	3.889082e-02
3.730177e+03	2.235013e-01	1.042774e-03	2.224626e-01	3.889723e-02
3.730842e+03	2.209756e-01	1.033211e-03	2.206278e-01	3.890362e-02
3.731507e+03	2.196522e-01	9.585789e-04	2.177188e-01	3.891001e-02
3.732172e+03	2.146335e-01	9.494431e-04	2.127409e-01	3.891639e-02
3.732837e+03	2.118041e-01	9.459742e-04	2.110052e-01	3.892277e-02
3.733502e+03	2.092454e-01	9.419813e-04	2.097668e-01	3.892914e-02
3.734167e+03	2.099682e-01	9.490947e-04	2.088043e-01	3.893550e-02
3.734832e+03	2.127937e-01	9.600623e-04	2.100240e-01	3.894185e-02
3.735497e+03	2.137091e-01	9.799654e-04	2.115040e-01	3.894820e-02
3.736162e+03	2.161495e-01	9.914507e-04	2.124008e-01	3.895454e-02
3.736827e+03	2.171180e-01	1.017690e-03	2.137679e-01	3.896087e-02
3.737492e+03	2.160402e-01	1.053741e-03	2.152154e-01	3.896719e-02
3.738157e+03	2.145356e-01	1.184560e-03	2.143111e-01	3.897351e-02
3.738822e+03	nan	nan	2.169245e-01	3.897982e-02
3.739487e+03	nan	nan	2.224622e-01	3.898612e-02
3.740152e+03	2.244803e-01	1.101132e-03	2.230684e-01	3.899241e-02
3.740817e+03	2.220812e-01	1.105082e-03	2.221700e-01	3.899870e-02
3.741482e+03	2.198344e-01	1.441719e-03	2.188256e-01	3.900498e-02
3.742147e+03	2.149686e-01	1.097047e-03	2.132200e-01	3.901125e-02
3.742812e+03	2.144758e-01	1.095082e-03	2.124588e-01	3.901752e-02
3.743477e+03	2.184300e-01	1.063480e-03	2.156818e-01	3.902378e-02
3.744142e+03	2.196613e-01	1.018049e-03	2.175164e-01	3.903003e-02
3.744807e+03	2.129915e-01	9.915592e-04	2.126346e-01	3.903627e-02
3.745472e+03	2.070494e-01	9.793014e-04	2.068050e-01	3.904251e-02
3.746137e+03	2.130672e-01	9.886120e-04	2.113490e-01	3.904874e-02
3.746802e+03	2.208375e-01	9.847702e-04	2.184229e-01	3.905496e-02
3.747467e+03	2.198888e-01	9.679380e-04	2.195721e-01	3.906118e-02
3.748132e+03	2.163642e-01	9.634942e-04	2.189591e-01	3.906739e-02
3.748797e+03	2.172828e-01	9.574911e-04	2.194598e-01	3.907359e-02
3.749462e+03	2.210501e-01	1.134470e-03	2.188489e-01	3.907978e-02
3.750127e+03	2.214550e-01	9.608930e-04	2.177667e-01	3.908597e-02
3.750792e+03	2.194300e-01	9.581004e-04	2.174334e-01	3.909214e-02
3.751457e+03	2.199732e-01	1.023273e-03	2.187402e-01	3.909832e-02
3.752122e+03	2.215279e-01	9.630820e-04	2.198493e-01	3.910448e-02
3.752787e+03	2.199663e-01	9.684807e-04	2.179950e-01	3.911064e-02
3.753452e+03	2.157800e-01	9.625711e-04	2.155808e-01	3.911679e-02
3.754117e+03	2.155366e-01	9.631301e-04	2.144551e-01	3.912293e-02
3.754782e+03	2.171727e-01	9.611201e-04	2.148533e-01	3.912907e-02
3.755447e+03	2.159431e-01	9.615588e-04	2.136930e-01	3.913519e-02
3.756112e+03	2.121566e-01	9.619286e-04	2.121956e-01	3.914131e-02
3.756777e+03	2.118630e-01	9.636361e-04	2.147587e-01	3.914743e-02
3.757442e+03	nan	nan	2.162620e-01	3.915353e-02
3.758107e+03	2.200237e-01	9.690453e-04	2.183502e-01	3.915963e-02
3.758772e+03	2.243102e-01	9.824309e-04	2.211512e-01	3.916573e-02
3.759437e+03	2.226790e-01	9.834672e-04	2.204093e-01	3.917181e-02
3.760102e+03	2.191435e-01	9.688097e-04	2.177077e-01	3.917789e-02
3.760767e+03	2.167650e-01	9.689182e-04	2.157371e-01	3.918396e-02
3.761432e+03	2.179598e-01	9.739821e-04	2.165200e-01	3.919002e-02
3.762097e+03	2.142930e-01	9.698125e-04	2.142070e-01	3.919608e-02
3.762762e+03	2.105932e-01	9.598178e-04	2.101081e-01	3.920213e-02
3.763427e+03	2.096400e-01	9.572331e-04	2.082756e-01	3.920817e-02
3.764092e+03	2.087334e-01	9.554537e-04	2.088821e-01	3.921420e-02
3.764757e+03	2.106173e-01	9.563309e-04	2.112682e-01	3.922023e-02
3.765422e+03	2.132169e-01	9.566866e-04	2.128993e-01	3.922625e-02
3.766087e+03	2.156824e-01	9.560816e-04	2.134320e-01	3.923226e-02
3.766752e+03	2.165029e-01	9.574544e-04	2.138090e-01	3.923827e-02
3.767417e+03	2.174795e-01	9.569288e-04	2.154113e-01	3.924427e-02
3.768082e+03	2.194983e-01	9.566228e-04	2.173608e-01	3.925026e-02
3.768747e+03	2.201485e-01	9.556772e-04	2.188672e-01	3.925624e-02
3.769412e+03	2.178496e-01	9.369778e-04	2.165023e-01	3.926222e-02
3.770077e+03	2.157625e-01	9.406980e-04	2.128675e-01	3.926819e-02
3.770742e+03	2.123070e-01	9.347839e-04	2.107689e-01	3.927415e-02
3.771407e+03	2.155199e-01	9.317296e-04	2.127513e-01	3.928011e-02
3.772072e+03	2.177895e-01	9.340656e-04	2.150420e-01	3.928605e-02
3.772737e+03	2.146777e-01	9.328705e-04	2.139845e-01	3.929199e-02
3.773402e+03	2.104191e-01	9.257151e-04	2.107214e-01	3.929793e-02
3.774067e+03	2.077251e-01	9.195836e-04	2.086392e-01	3.930386e-02
3.774732e+03	2.137001e-01	9.301120e-04	2.133100e-01	3.930977e-02
3.775397e+03	2.220319e-01	9.373896e-04	2.200083e-01	3.931569e-02
3.776062e+03	2.251679e-01	9.425630e-04	2.226206e-01	3.932159e-02
3.776727e+03	2.225679e-01	1.003317e-03	2.221348e-01	3.932749e-02
3.777392e+03	2.212888e-01	1.130649e-03	2.213128e-01	3.933338e-02
3.778057e+03	nan	nan	2.198093e-01	3.933926e-02
3.778722e+03	2.175691e-01	1.062325e-03	2.163642e-01	3.934514e-02
3.779387e+03	2.147850e-01	1.035387e-03	2.123101e-01	3.935101e-02
3.780052e+03	2.156656e-01	9.336769e-04	2.112938e-01	3.935687e-02
3.780717e+03	2.146850e-01	9.348773e-04	2.142113e-01	3.936273e-02
3.781382e+03	2.168884e-01	9.382122e-04	2.168329e-01	3.936857e-02
3.782047e+03	2.171174e-01	9.376116e-04	2.163401e-01	3.937441e-02
3.782712e+03	2.206660e-01	9.648568e-04	2.175466e-01	3.938025e-02
3.783377e+03	2.226828e-01	1.198585e-03	2.190421e-01	3.938607e-02
3.784042e+03	2.180230e-01	2.074616e-03	2.167428e-01	3.939189e-02
3.784707e+03	2.169906e-01	3.638449e-03	2.154486e-01	3.939771e-02
3.785372e+03	2.200132e-01	5.228522e-03	2.158370e-01	3.940351e-02
3.786037e+03	2.204822e-01	5.911294e-03	2.132834e-01	3.940931e-02
3.786702e+03	2.154576e-01	5.228923e-03	2.111366e-01	3.941510e-02
3.787367e+03	2.129947e-01	3.640433e-03	2.127600e-01	3.942088e-02
3.788032e+03	2.152362e-01	2.084170e-03	2.158814e-01	3.942666e-02
3.788697e+03	2.204541e-01	1.798403e-03	2.184395e-01	3.943243e-02
3.789362e+03	2.179001e-01	9.833964e-04	2.179682e-01	3.943819e-02
3.790027e+03	2.158663e-01	9.456893e-04	2.156737e-01	3.944394e-02
3.790692e+03	2.148842e-01	9.486595e-04	2.137988e-01	3.944969e-02
3.791357e+03	2.142883e-01	9.470955e-04	2.135834e-01	3.945543e-02
3.792022e+03	2.141861e-01	9.518997e-04	2.149544e-01	3.946117e-02
3.792687e+03	2.146028e-01	9.539314e-04	2.151894e-01	3.946689e-02
3.793352e+03	2.159794e-01	9.537954e-04	2.154144e-01	3.947261e-02
3.794017e+03	2.180849e-01	9.609633e-04	2.170942e-01	3.947832e-02
3.794682e+03	2.195369e-01	9.695947e-04	2.172791e-01	3.948403e-02
3.795347e+03	2.166544e-01	9.696022e-04	2.143881e-01	3.948973e-02
3.796012e+03	2.121582e-01	9.640208e-04	2.119956e-01	3.949542e-02
3.796677e+03	2.133799e-01	9.714498e-04	2.130406e-01	3.950110e-02
3.797342e+03	2.178958e-01	9.813208e-04	2.170854e-01	3.950678e-02
3.798007e+03	2.211265e-01	9.821074e-04	2.199578e-01	3.951245e-02
3.798672e+03	2.184920e-01	1.306074e-03	2.178331e-01	3.951811e-02
3.799337e+03	2.105713e-01	1.280485e-03	2.116915e-01	3.952377e-02
3.800002e+03	2.052313e-01	1.272322e-03	2.074671e-01	3.952941e-02
3.800667e+03	2.106441e-01	1.275481e-03	2.102746e-01	3.953505e-02
3.801332e+03	2.174532e-01	9.730607e-04	2.152943e-01	3.954069e-02
3.801997e+03	2.167195e-01	9.753233e-04	2.164940e-01	3.954632e-02
3.802662e+03	2.165042e-01	9.788950e-04	2.165529e-01	3.955194e-02
3.803327e+03	2.175167e-01	9.838399e-04	2.164283e-01	3.955755e-02
3.803992e+03	nan	nan	2.166393e-01	3.956315e-02
3.804657e+03	nan	nan	2.155948e-01	3.956875e-02
3.805322e+03	nan	nan	2.127181e-01	3.957434e-02
3.805987e+03	2.105255e-01	9.699026e-04	2.104305e-01	3.957993e-02
3.806652e+03	2.083867e-01	9.576817e-04	2.084171e-01	3.958551e-02
3.807317e+03	2.075920e-01	9.556808e-04	2.071000e-01	3.959108e-02
3.807982e+03	2.054885e-01	9.497724e-04	2.060611e-01	3.959664e-02
3.808647e+03	2.080502e-01	9.553964e-04	2.080918e-01	3.960219e-02
3.809312e+03	2.138405e-01	9.576152e-04	2.124871e-01	3.960774e-02
3.809977e+03	2.150716e-01	9.610053e-04	2.138108e-01	3.961329e-02
3.810642e+03	2.121186e-01	9.617504e-04	2.118076e-01	3.961882e-02
3.811307e+03	2.075204e-01	9.592622e-04	2.090445e-01	3.962435e-02
3.811972e+03	nan	nan	2.098690e-01	3.962987e-02
3.812637e+03	2.137390e-01	9.688592e-04	2.136358e-01	3.963538e-02
3.813302e+03	2.179088e-01	9.708940e-04	2.177128e-01	3.964089e-02
3.813967e+03	2.221456e-01	9.866031e-04	2.201038e-01	3.964639e-02
3.814632e+03	2.187850e-01	9.844502e-04	2.170310e-01	3.965188e-02
3.815297e+03	2.119820e-01	9.950786e-04	2.123575e-01	3.965737e-02
3.815962e+03	2.110089e-01	1.000943e-03	2.111044e-01	3.966284e-02
3.816627e+03	2.128632e-01	1.007809e-03	2.119877e-01	3.966832e-02
3.817292e+03	2.157494e-01	1.011078e-03	2.142035e-01	3.967378e-02
3.817957e+03	2.153781e-01	1.007889e-03	2.152173e-01	3.967924e-02
3.818622e+03	2.134467e-01	1.011573e-03	2.148054e-01	3.968469e-02
3.819287e+03	2.154105e-01	1.024587e-03	2.149934e-01	3.969013e-02
3.819952e+03	nan	nan	2.147122e-01	3.969557e-02
3.820617e+03	2.145990e-01	1.035506e-03	2.135481e-01	3.970100e-02
3.821282e+03	2.143769e-01	1.582700e-03	2.133771e-01	3.970642e-02
3.821947e+03	2.176752e-01	1.267288e-03	2.134278e-01	3.971183e-02
3.822612e+03	2.103663e-01	1.091629e-03	2.103304e-01	3.971724e-02
3.823277e+03	2.087525e-01	1.064107e-03	2.079689e-01	3.972264e-02
3.823942e+03	2.120765e-01	1.010564e-03	2.105732e-01	3.972804e-02
3.824607e+03	2.136555e-01	1.200671e-03	2.129170e-01	3.973342e-02
3.825272e+03	2.125888e-01	1.006138e-03	2.115963e-01	3.973880e-02
3.825937e+03	2.112424e-01	1.062599e-03	2.084564e-01	3.974418e-02
3.826602e+03	2.111554e-01	1.576776e-03	2.077197e-01	3.974954e-02
3.827267e+03	2.115717e-01	1.067781e-03	2.091528e-01	3.975490e-02
3.827932e+03	2.121277e-01	9.918142e-04	2.093927e-01	3.976025e-02
3.828597e+03	nan	nan	2.095885e-01	3.976560e-02
3.829262e+03	2.107452e-01	1.200368e-03	2.087783e-01	3.977093e-02
3.829927e+03	2.069731e-01	9.641012e-04	2.060618e-01	3.977627e-02
3.830592e+03	nan	nan	2.058023e-01	3.978159e-02
3.831257e+03	2.085395e-01	9.747493e-04	2.070313e-01	3.978691e-02
3.831922e+03	2.090645e-01	9.761904e-04	2.096232e-01	3.979222e-02
3.832587e+03	2.124231e-01	1.229642e-03	2.133283e-01	3.979752e-02
3.833252e+03	2.128553e-01	1.228455e-03	2.134489e-01	3.980281e-02
3.833917e+03	2.107879e-01	9.672461e-04	2.113094e-01	3.980810e-02
3.834582e+03	2.101815e-01	9.671462e-04	2.097132e-01	3.981338e-02
3.835247e+03	2.096930e-01	9.742233e-04	2.075100e-01	3.981866e-02
3.835912e+03	2.081764e-01	9.824168e-04	2.060294e-01	3.982393e-02
3.836577e+03	2.107614e-01	1.245831e-03	2.076326e-01	3.982919e-02
3.837242e+03	nan	nan	2.096030e-01	3.983444e-02
3.837907e+03	2.125984e-01	1.299366e-03	2.106807e-01	3.983969e-02
3.838572e+03	2.142835e-01	1.477275e-03	2.118292e-01	3.984493e-02
3.839237e+03	2.145757e-01	2.836454e-03	2.123968e-01	3.985016e-02
3.839902e+03	2.122239e-01	5.045999e-03	2.112829e-01	3.985539e-02
3.840567e+03	nan	nan	2.099806e-01	3.986061e-02
3.841232e+03	2.178214e-01	8.164383e-03	2.083669e-01	3.986582e-02
3.841897e+03	2.087365e-01	7.224486e-03	2.069157e-01	3.987102e-02
3.842562e+03	nan	nan	2.089476e-01	3.987622e-02
3.843227e+03	nan	nan	2.134047e-01	3.988141e-02
3.843892e+03	2.165037e-01	1.493182e-03	2.164550e-01	3.988660e-02
3.844557e+03	2.177087e-01	1.067971e-03	2.179776e-01	3.989177e-02
3.845222e+03	2.156678e-01	1.011131e-03	2.156645e-01	3.989694e-02
3.845887e+03	2.111365e-01	1.004635e-03	2.100256e-01	3.990211e-02
3.846552e+03	2.090958e-01	9.965135e-04	2.073282e-01	3.990726e-02
3.847217e+03	2.093735e-01	1.001854e-03	2.091967e-01	3.991241e-02
3.847882e+03	2.108488e-01	1.015044e-03	2.099316e-01	3.991756e-02
3.848547e+03	2.079997e-01	1.138342e-03	2.070688e-01	3.992269e-02
3.849212e+03	2.094184e-01	1.024380e-03	2.060664e-01	3.992782e-02
3.849877e+03	2.100500e-01	1.022536e-03	2.078615e-01	3.993294e-02
3.850542e+03	2.084281e-01	1.026750e-03	2.094423e-01	3.993806e-02
3.851207e+03	2.102005e-01	1.027555e-03	2.102363e-01	3.994316e-02
3.851872e+03	2.095725e-01	1.017593e-03	2.080705e-01	3.994826e-02
3.852537e+03	2.056115e-01	1.016864e-03	2.044403e-01	3.995336e-02
3.853202e+03	2.042009e-01	1.079426e-03	2.042332e-01	3.995844e-02
3.853867e+03	2.091483e-01	1.007649e-03	2.080866e-01	3.996352e-02
3.854532e+03	2.121739e-01	1.012352e-03	2.114848e-01	3.996860e-02
3.855197e+03	2.106845e-01	1.015174e-03	2.110584e-01	3.997366e-02
3.855862e+03	2.114920e-01	1.016358e-03	2.108064e-01	3.997872e-02
3.856527e+03	2.126339e-01	1.015522e-03	2.112789e-01	3.998377e-02
3.857192e+03	2.124766e-01	1.015914e-03	2.101792e-01	3.998882e-02
3.857857e+03	2.114452e-01	1.013331e-03	2.097773e-01	3.999386e-02
3.858522e+03	nan	nan	2.117918e-01	3.999889e-02
3.859187e+03	nan	nan	2.149034e-01	4.000391e-02
3.859852e+03	2.188957e-01	1.117467e-03	2.168310e-01	4.000893e-02
3.860517e+03	2.184909e-01	1.008097e-03	2.168120e-01	4.001394e-02
3.861182e+03	2.179423e-01	1.003117e-03	2.167593e-01	4.001895e-02
3.861847e+03	2.189041e-01	1.015411e-03	2.161892e-01	4.002394e-02
3.862512e+03	2.134610e-01	1.010182e-03	2.113793e-01	4.002893e-02
3.863177e+03	2.044572e-01	1.007238e-03	2.046684e-01	4.003392e-02
3.863842e+03	2.044292e-01	1.010814e-03	2.036122e-01	4.003889e-02
3.864507e+03	2.098961e-01	1.006631e-03	2.071392e-01	4.004386e-02
3.865172e+03	2.106701e-01	1.269947e-03	2.078913e-01	4.004882e-02
3.865837e+03	2.084921e-01	1.133462e-03	2.057449e-01	4.005378e-02
3.866502e+03	2.107706e-01	1.046800e-03	2.079642e-01	4.005873e-02
3.867167e+03	2.127922e-01	1.044865e-03	2.106054e-01	4.006367e-02
3.867832e+03	2.106473e-01	1.077752e-03	2.085439e-01	4.006861e-02
3.868497e+03	2.076611e-01	1.103743e-03	2.063442e-01	4.007353e-02
3.869162e+03	2.078162e-01	1.104080e-03	2.074575e-01	4.007845e-02
3.869827e+03	2.107109e-01	1.111190e-03	2.108978e-01	4.008337e-02
3.870492e+03	2.133333e-01	1.068509e-03	2.115785e-01	4.008828e-02
3.871157e+03	2.089806e-01	1.128739e-03	2.071023e-01	4.009318e-02
3.871822e+03	2.048183e-01	1.689887e-03	2.028870e-01	4.009807e-02
3.872487e+03	2.035986e-01	1.703753e-03	2.036903e-01	4.010296e-02
3.873152e+03	2.077660e-01	1.015446e-03	2.065802e-01	4.010784e-02
3.873817e+03	2.099493e-01	1.019483e-03	2.077048e-01	4.011271e-02
3.874482e+03	2.091417e-01	1.088934e-03	2.092568e-01	4.011758e-02
3.875147e+03	2.129906e-01	1.014576e-03	2.107061e-01	4.012244e-02
3.875812e+03	2.121896e-01	1.564766e-03	2.107104e-01	4.012729e-02
3.876477e+03	2.107859e-01	1.216379e-03	2.098376e-01	4.013213e-02
3.877142e+03	2.046642e-01	1.589026e-03	2.079896e-01	4.013697e-02
3.877807e+03	nan	nan	2.065777e-01	4.014180e-02
3.878472e+03	2.096352e-01	1.038845e-03	2.070103e-01	4.014663e-02
3.879137e+03	2.099052e-01	1.056201e-03	2.074992e-01	4.015145e-02
3.879802e+03	2.105578e-01	1.030287e-03	2.078729e-01	4.015626e-02
3.880467e+03	2.108278e-01	9.747428e-04	2.093399e-01	4.016106e-02
3.881132e+03	2.114919e-01	9.898015e-04	2.103495e-01	4.016586e-02
3.881797e+03	2.118812e-01	9.950307e-04	2.106526e-01	4.017065e-02
3.882462e+03	2.120782e-01	9.951762e-04	2.101522e-01	4.017544e-02
3.883127e+03	2.113195e-01	9.978185e-04	2.105636e-01	4.018021e-02
3.883792e+03	2.125681e-01	1.000779e-03	2.124772e-01	4.018498e-02
3.884457e+03	2.131249e-01	1.001617e-03	2.126587e-01	4.018975e-02
3.885122e+03	2.112193e-01	9.996190e-04	2.102977e-01	4.019450e-02
3.885787e+03	2.071504e-01	9.983956e-04	2.074706e-01	4.019925e-02
3.886452e+03	2.072639e-01	1.006995e-03	2.049585e-01	4.020400e-02
3.887117e+03	2.028747e-01	1.073477e-03	2.024635e-01	4.020873e-02
3.887782e+03	2.036655e-01	1.008230e-03	2.023009e-01	4.021346e-02
3.888447e+03	2.065194e-01	1.004205e-03	2.049449e-01	4.021819e-02
3.889112e+03	2.094522e-01	1.013577e-03	2.065525e-01	4.022290e-02
3.889777e+03	2.096373e-01	1.019663e-03	2.061150e-01	4.022761e-02
3.890442e+03	2.071549e-01	1.007542e-03	2.047958e-01	4.023231e-02
3.891107e+03	2.031924e-01	9.907234e-04	2.019444e-01	4.023701e-02
3.891772e+03	1.987801e-01	9.898288e-04	1.986289e-01	4.024170e-02
3.892437e+03	1.974114e-01	9.859479e-04	1.973987e-01	4.024638e-02
3.893102e+03	2.000124e-01	9.840636e-04	1.995758e-01	4.025105e-02
3.893767e+03	2.045508e-01	1.081903e-03	2.043739e-01	4.025572e-02
3.894432e+03	2.086469e-01	9.962213e-04	2.077621e-01	4.026038e-02
3.895097e+03	2.083560e-01	9.769252e-04	2.088386e-01	4.026504e-02
3.895762e+03	2.095023e-01	1.175760e-03	2.093246e-01	4.026969e-02
3.896427e+03	2.122373e-01	1.189360e-03	2.089668e-01	4.027433e-02
3.897092e+03	nan	nan	2.060336e-01	4.027896e-02
3.897757e+03	2.087766e-01	1.104495e-03	2.035736e-01	4.028359e-02
3.898422e+03	2.071066e-01	1.028379e-03	2.023830e-01	4.028821e-02
3.899087e+03	2.019534e-01	1.243635e-03	2.024981e-01	4.029282e-02
3.899752e+03	2.081840e-01	1.193981e-03	2.053185e-01	4.029743e-02
3.900417e+03	2.099692e-01	9.754136e-04	2.076103e-01	4.030203e-02
3.901082e+03	2.073951e-01	9.746798e-04	2.070804e-01	4.030662e-02
3.901747e+03	2.071247e-01	1.069902e-03	2.065284e-01	4.031121e-02
3.902412e+03	2.086453e-01	9.784700e-04	2.070665e-01	4.031579e-02
3.903077e+03	2.102257e-01	9.790842e-04	2.068254e-01	4.032036e-02
3.903742e+03	2.077527e-01	9.767338e-04	2.047287e-01	4.032493e-02
3.904407e+03	2.034199e-01	9.738872e-04	2.023314e-01	4.032949e-02
3.905072e+03	2.039687e-01	1.271391e-03	2.025031e-01	4.033404e-02
3.905737e+03	2.059905e-01	1.144420e-03	2.042903e-01	4.033859e-02
3.906402e+03	2.062697e-01	1.060515e-03	2.058655e-01	4.034313e-02
3.907067e+03	2.112028e-01	1.101120e-03	2.080435e-01	4.034766e-02
3.907732e+03	2.086225e-01	1.197305e-03	2.073886e-01	4.035219e-02
3.908397e+03	2.059357e-01	1.096971e-03	2.060969e-01	4.035671e-02
3.909062e+03	2.059884e-01	1.130449e-03	2.060789e-01	4.036122e-02
3.909727e+03	2.035243e-01	1.152447e-03	2.038083e-01	4.036573e-02
3.910392e+03	2.026778e-01	1.238073e-03	2.018103e-01	4.037023e-02
3.911057e+03	2.019668e-01	1.234165e-03	2.000141e-01	4.037472e-02
3.911722e+03	2.012230e-01	1.132937e-03	1.977719e-01	4.037920e-02
3.912387e+03	2.036762e-01	1.103435e-03	1.993882e-01	4.038368e-02
3.913052e+03	2.046486e-01	1.049793e-03	2.027625e-01	4.038816e-02
3.913717e+03	2.024419e-01	1.052087e-03	2.017938e-01	4.039262e-02
3.914382e+03	2.006295e-01	1.031597e-03	1.984780e-01	4.039708e-02
3.915047e+03	1.998702e-01	9.956046e-04	1.992507e-01	4.040153e-02
3.915712e+03	2.049385e-01	9.666223e-04	2.045535e-01	4.040598e-02
3.916377e+03	2.097408e-01	9.861027e-04	2.075725e-01	4.041042e-02
3.917042e+03	2.085581e-01	1.195000e-03	2.056644e-01	4.041485e-02
3.917707e+03	2.049624e-01	2.589444e-03	2.046159e-01	4.041927e-02
3.918372e+03	nan	nan	2.058728e-01	4.042369e-02
3.919037e+03	nan	nan	2.040236e-01	4.042810e-02
3.919702e+03	nan	nan	1.996156e-01	4.043251e-02
3.920367e+03	1.838564e-01	1.404113e-02	1.991842e-01	4.043691e-02
3.921032e+03	2.059327e-01	1.246045e-02	2.035992e-01	4.044130e-02
3.921697e+03	2.078593e-01	8.760398e-03	2.055255e-01	4.044568e-02
3.922362e+03	2.069609e-01	4.888992e-03	2.055422e-01	4.045006e-02
3.923027e+03	2.073116e-01	2.258163e-03	2.056954e-01	4.045443e-02
3.923692e+03	2.046720e-01	1.148493e-03	2.036724e-01	4.045880e-02
3.924357e+03	2.040603e-01	9.394372e-04	2.033653e-01	4.046316e-02
3.925022e+03	2.072375e-01	9.325429e-04	2.058479e-01	4.046751e-02
3.925687e+03	2.070389e-01	9.366118e-04	2.062448e-01	4.047185e-02
3.926352e+03	2.025282e-01	9.365465e-04	2.026787e-01	4.047619e-02
3.927017e+03	2.018665e-01	9.368921e-04	2.006291e-01	4.048052e-02
3.927682e+03	2.056612e-01	9.369665e-04	2.023414e-01	4.048485e-02
3.928347e+03	2.089195e-01	9.417327e-04	2.053249e-01	4.048917e-02
3.929012e+03	2.109962e-01	9.471988e-04	2.074928e-01	4.049348e-02
3.929677e+03	2.075306e-01	1.172308e-03	2.049393e-01	4.049778e-02
3.930342e+03	2.028520e-01	1.162870e-03	2.003985e-01	4.050208e-02
3.931007e+03	2.018656e-01	9.475202e-04	1.991393e-01	4.050637e-02
3.931672e+03	2.031312e-01	9.525172e-04	2.009302e-01	4.051066e-02
3.932337e+03	2.028750e-01	9.519773e-04	2.019511e-01	4.051494e-02
3.933002e+03	2.003268e-01	9.763032e-04	2.001090e-01	4.051921e-02
3.933667e+03	2.010129e-01	9.700250e-04	1.999152e-01	4.052347e-02
3.934332e+03	2.039202e-01	1.102511e-03	2.022227e-01	4.052773e-02
3.934997e+03	nan	nan	2.023167e-01	4.053198e-02
3.935662e+03	2.030258e-01	9.667564e-04	2.013648e-01	4.053623e-02
3.936327e+03	2.034589e-01	9.485009e-04	2.022152e-01	4.054046e-02
3.936992e+03	2.067941e-01	9.542393e-04	2.039493e-01	4.054470e-02
3.937657e+03	2.058361e-01	9.543286e-04	2.029893e-01	4.054892e-02
3.938322e+03	2.027964e-01	9.520634e-04	2.002923e-01	4.055314e-02
3.938987e+03	2.018918e-01	9.516051e-04	1.992095e-01	4.055735e-02
3.939652e+03	2.007944e-01	9.499128e-04	1.981246e-01	4.056156e-02
3.940317e+03	1.985407e-01	9.481164e-04	1.963379e-01	4.056576e-02
3.940982e+03	1.968725e-01	9.427320e-04	1.968463e-01	4.056995e-02
3.941647e+03	2.023955e-01	9.494519e-04	2.002428e-01	4.057413e-02
3.942312e+03	2.054006e-01	9.540354e-04	2.022089e-01	4.057831e-02
3.942977e+03	2.068182e-01	9.526872e-04	2.032886e-01	4.058248e-02
3.943642e+03	2.083739e-01	9.561653e-04	2.042986e-01	4.058665e-02
3.944307e+03	2.058797e-01	9.514086e-04	2.038391e-01	4.059081e-02
3.944972e+03	2.033442e-01	9.463750e-04	2.025095e-01	4.059496e-02
3.945637e+03	2.022728e-01	9.464273e-04	2.001972e-01	4.059911e-02
3.946302e+03	2.015089e-01	9.536808e-04	1.979753e-01	4.060324e-02
3.946967e+03	2.010121e-01	9.481050e-04	1.972149e-01	4.060738e-02
3.947632e+03	2.009035e-01	9.454515e-04	1.977142e-01	4.061150e-02
3.948297e+03	2.023594e-01	9.509969e-04	1.994535e-01	4.061562e-02
3.948962e+03	2.029110e-01	9.506817e-04	2.000326e-01	4.061974e-02
3.949627e+03	2.019595e-01	9.506689e-04	1.985132e-01	4.062384e-02
3.950292e+03	2.007905e-01	9.490454e-04	1.972010e-01	4.062794e-02
3.950957e+03	nan	nan	1.965947e-01	4.063203e-02
3.951622e+03	nan	nan	1.944753e-01	4.063612e-02
3.952287e+03	1.959220e-01	9.392710e-04	1.939135e-01	4.064020e-02
3.952952e+03	1.981993e-01	9.430661e-04	1.957831e-01	4.064427e-02
3.953617e+03	2.005774e-01	9.499701e-04	1.984843e-01	4.064834e-02
3.954282e+03	2.000373e-01	9.568395e-04	1.992499e-01	4.065240e-02
3.954947e+03	1.980090e-01	9.514163e-04	1.974188e-01	4.065645e-02
3.955612e+03	2.014647e-01	9.561717e-04	1.978534e-01	4.066050e-02
3.956277e+03	2.025348e-01	9.636409e-04	1.990509e-01	4.066454e-02
3.956942e+03	1.980420e-01	9.498902e-04	1.968945e-01	4.066857e-02
3.957607e+03	1.999034e-01	9.446901e-04	1.982136e-01	4.067260e-02
3.958272e+03	2.017366e-01	9.421889e-04	2.007692e-01	4.067662e-02
3.958937e+03	1.995077e-01	9.421246e-04	1.993272e-01	4.068064e-02
3.959602e+03	2.003992e-01	9.419041e-04	1.983935e-01	4.068464e-02
3.960267e+03	2.031966e-01	9.451329e-04	2.001091e-01	4.068864e-02
3.960932e+03	2.063850e-01	9.451943e-04	2.030423e-01	4.069264e-02
3.961597e+03	2.043772e-01	9.400231e-04	2.027926e-01	4.069663e-02
3.962262e+03	2.007677e-01	9.324153e-04	1.987776e-01	4.070061e-02
3.962927e+03	1.974927e-01	9.279875e-04	1.945665e-01	4.070458e-02
3.963592e+03	1.940243e-01	9.219937e-04	1.911847e-01	4.070855e-02
3.964257e+03	1.930877e-01	9.186061e-04	1.914095e-01	4.071251e-02
3.964922e+03	1.963660e-01	9.231833e-04	1.949021e-01	4.071647e-02
3.965587e+03	nan	nan	1.961550e-01	4.072042e-02
3.966252e+03	nan	nan	1.960211e-01	4.072436e-02
3.966917e+03	nan	nan	1.954075e-01	4.072829e-02
3.967582e+03	1.995086e-01	9.625033e-04	1.955808e-01	4.073222e-02
3.968247e+03	nan	nan	1.962622e-01	4.073614e-02
3.968912e+03	1.974414e-01	1.044718e-03	1.969738e-01	4.074006e-02
3.969577e+03	1.977128e-01	9.147296e-04	1.973471e-01	4.074397e-02
3.970242e+03	1.965687e-01	9.050765e-04	1.946604e-01	4.074787e-02
3.970907e+03	1.935742e-01	9.033355e-04	1.923282e-01	4.075177e-02
3.971572e+03	1.965284e-01	9.628462e-04	1.940481e-01	4.075566e-02
3.972237e+03	1.986446e-01	9.090359e-04	1.964118e-01	4.075954e-02
3.972902e+03	1.995270e-01	9.155732e-04	1.976277e-01	4.076342e-02
3.973567e+03	1.995012e-01	9.240280e-04	1.976352e-01	4.076729e-02
3.974232e+03	1.957496e-01	9.498488e-04	1.953000e-01	4.077115e-02
3.974897e+03	1.952055e-01	9.777267e-04	1.942004e-01	4.077501e-02
3.975562e+03	1.983477e-01	9.563864e-04	1.965427e-01	4.077886e-02
3.976227e+03	1.998247e-01	9.478265e-04	1.982076e-01	4.078271e-02
3.976892e+03	1.966551e-01	1.497555e-03	1.960340e-01	4.078654e-02
3.977557e+03	1.941401e-01	9.417431e-04	1.928180e-01	4.079038e-02
3.978222e+03	1.933440e-01	1.011198e-03	1.905040e-01	4.079420e-02
3.978887e+03	1.913915e-01	9.521321e-04	1.886362e-01	4.079802e-02
3.979552e+03	1.899956e-01	9.517478e-04	1.883971e-01	4.080183e-02
3.980217e+03	1.907775e-01	9.478649e-04	1.888732e-01	4.080564e-02
3.980882e+03	1.910655e-01	9.435546e-04	1.886302e-01	4.080944e-02
3.981547e+03	1.940496e-01	9.629934e-04	1.898773e-01	4.081323e-02
3.982212e+03	1.951094e-01	1.163148e-03	1.912963e-01	4.081702e-02
3.982877e+03	1.924040e-01	1.034756e-03	1.902570e-01	4.082079e-02
3.983542e+03	1.912139e-01	1.002216e-03	1.910375e-01	4.082457e-02
3.984207e+03	1.962194e-01	1.532391e-03	1.941692e-01	4.082833e-02
3.984872e+03	1.965608e-01	1.007371e-03	1.945952e-01	4.083210e-02
3.985537e+03	1.953581e-01	1.003463e-03	1.932386e-01	4.083585e-02
3.986202e+03	1.943506e-01	1.051284e-03	1.920175e-01	4.083960e-02
3.986867e+03	1.929005e-01	1.052933e-03	1.911686e-01	4.084334e-02
3.987532e+03	1.891866e-01	1.046771e-03	1.892057e-01	4.084707e-02
3.988197e+03	1.898731e-01	1.051828e-03	1.898337e-01	4.085080e-02
3.988862e+03	1.957525e-01	1.087022e-03	1.927171e-01	4.085452e-02
3.989527e+03	1.931448e-01	1.101115e-03	1.911059e-01	4.085824e-02
3.990192e+03	1.885933e-01	1.087837e-03	1.887714e-01	4.086195e-02
3.990857e+03	1.911201e-01	1.101753e-03	1.890917e-01	4.086565e-02
3.991522e+03	1.893129e-01	1.378002e-03	1.882505e-01	4.086934e-02
3.992187e+03	1.910305e-01	1.123407e-03	1.892985e-01	4.087303e-02
3.992852e+03	1.923694e-01	1.384451e-03	1.914512e-01	4.087672e-02
3.993517e+03	1.911232e-01	1.109746e-03	1.906981e-01	4.088039e-02
3.994182e+03	1.951281e-01	1.064905e-03	1.920994e-01	4.088406e-02
3.994847e+03	1.987861e-01	1.069522e-03	1.955595e-01	4.088773e-02
3.995512e+03	1.967555e-01	1.067049e-03	1.945570e-01	4.089138e-02
3.996177e+03	1.913193e-01	1.050686e-03	1.907295e-01	4.089503e-02
3.996842e+03	1.897660e-01	1.058216e-03	1.897422e-01	4.089868e-02
3.997507e+03	1.920908e-01	1.083264e-03	1.907060e-01	4.090232e-02
3.998172e+03	1.909198e-01	1.208132e-03	1.891536e-01	4.090595e-02
3.998837e+03	1.879179e-01	1.048501e-03	1.850275e-01	4.090957e-02
3.999502e+03	1.860318e-01	1.045610e-03	1.833212e-01	4.091319e-02
4.000167e+03	nan	nan	1.858511e-01	4.091681e-02
4.000832e+03	1.902890e-01	1.510544e-03	1.885553e-01	4.092041e-02
4.001497e+03	1.890961e-01	1.274020e-03	1.876048e-01	4.092401e-02
4.002162e+03	1.879760e-01	1.213762e-03	1.871829e-01	4.092761e-02
4.002827e+03	1.912096e-01	1.188012e-03	1.899889e-01	4.093119e-02
4.003492e+03	1.920857e-01	1.066155e-03	1.900285e-01	4.093477e-02
4.004157e+03	1.861074e-01	9.937209e-04	1.846249e-01	4.093835e-02
4.004822e+03	1.815895e-01	9.577197e-04	1.803044e-01	4.094191e-02
4.005487e+03	1.833023e-01	9.765385e-04	1.811597e-01	4.094548e-02
4.006152e+03	1.843669e-01	1.063231e-03	1.821874e-01	4.094903e-02
4.006817e+03	1.807863e-01	1.084773e-03	1.794844e-01	4.095258e-02
4.007482e+03	1.801469e-01	1.084169e-03	1.786610e-01	4.095612e-02
4.008147e+03	1.828356e-01	1.208049e-03	1.811576e-01	4.095966e-02
4.008812e+03	1.862835e-01	1.609225e-03	1.829096e-01	4.096319e-02
4.009477e+03	1.858413e-01	1.524937e-03	1.842313e-01	4.096671e-02
4.010142e+03	1.857646e-01	1.543390e-03	1.863650e-01	4.097023e-02
4.010807e+03	1.899183e-01	1.570032e-03	1.891934e-01	4.097374e-02
4.011472e+03	1.905029e-01	1.597962e-03	1.901531e-01	4.097724e-02
4.012137e+03	1.893262e-01	1.659131e-03	1.893262e-01	4.098074e-02
4.012802e+03	nan	nan	1.871717e-01	4.098423e-02
4.013467e+03	nan	nan	1.847924e-01	4.098772e-02
4.014132e+03	nan	nan	1.825745e-01	4.099119e-02
4.014797e+03	nan	nan	1.822796e-01	4.099467e-02
4.015462e+03	nan	nan	1.819638e-01	4.099813e-02
4.016127e+03	nan	nan	1.805116e-01	4.100159e-02
4.016792e+03	nan	nan	1.804095e-01	4.100505e-02
4.017457e+03	nan	nan	1.817475e-01	4.100849e-02
4.018122e+03	nan	nan	1.846187e-01	4.101193e-02
4.018787e+03	nan	nan	1.871208e-01	4.101537e-02
4.019452e+03	nan	nan	1.853926e-01	4.101880e-02
4.020117e+03	nan	nan	1.832996e-01	4.102222e-02
4.020782e+03	nan	nan	1.847416e-01	4.102563e-02
4.021447e+03	nan	nan	1.865436e-01	4.102904e-02
4.022112e+03	nan	nan	1.866541e-01	4.103245e-02
4.022777e+03	nan	nan	1.853909e-01	4.103584e-02
4.023442e+03	nan	nan	1.836939e-01	4.103923e-02
4.024107e+03	nan	nan	1.830163e-01	4.104262e-02
4.024772e+03	nan	nan	1.841434e-01	4.104599e-02
4.025437e+03	nan	nan	1.852029e-01	4.104937e-02
4.026102e+03	nan	nan	1.834559e-01	4.105273e-02
4.026767e+03	nan	nan	1.832232e-01	4.105609e-02
4.027432e+03	nan	nan	1.834651e-01	4.105944e-02
4.028097e+03	nan	nan	1.816865e-01	4.106279e-02
4.028762e+03	nan	nan	1.828644e-01	4.106613e-02
4.029427e+03	nan	nan	1.825409e-01	4.106946e-02
4.030092e+03	nan	nan	1.776142e-01	4.107279e-02
4.030757e+03	nan	nan	1.765464e-01	4.107611e-02
4.031422e+03	nan	nan	1.806306e-01	4.107942e-02
4.032087e+03	nan	nan	1.834234e-01	4.108273e-02
4.032752e+03	nan	nan	1.826355e-01	4.108603e-02
4.033417e+03	nan	nan	1.803835e-01	4.108933e-02
4.034082e+03	nan	nan	1.788869e-01	4.109262e-02
4.034747e+03	nan	nan	1.839525e-01	4.109590e-02
4.035412e+03	nan	nan	1.887342e-01	4.109918e-02
4.036077e+03	nan	nan	1.861676e-01	4.110245e-02
4.036742e+03	nan	nan	1.823665e-01	4.110572e-02
4.037407e+03	nan	nan	1.836005e-01	4.110897e-02
4.038072e+03	nan	nan	1.893070e-01	4.111223e-02
4.038737e+03	nan	nan	1.905215e-01	4.111547e-02
4.039402e+03	nan	nan	1.873553e-01	4.111871e-02
4.040067e+03	nan	nan	1.791854e-01	4.112195e-02
4.040732e+03	nan	nan	1.705962e-01	4.112517e-02
4.041397e+03	nan	nan	1.723357e-01	4.112839e-02
4.042062e+03	nan	nan	1.798542e-01	4.113161e-02
4.042727e+03	nan	nan	1.824163e-01	4.113482e-02
4.043392e+03	nan	nan	1.763090e-01	4.113802e-02
4.044057e+03	nan	nan	1.677464e-01	4.114122e-02
4.044722e+03	nan	nan	1.675115e-01	4.114441e-02
4.045387e+03	nan	nan	1.723747e-01	4.114759e-02
4.046052e+03	nan	nan	1.741701e-01	4.115077e-02
4.046717e+03	nan	nan	1.744337e-01	4.115394e-02
4.047382e+03	nan	nan	1.744348e-01	4.115710e-02
4.048047e+03	nan	nan	1.748337e-01	4.116026e-02
4.048712e+03	nan	nan	1.764135e-01	4.116341e-02
4.049377e+03	nan	nan	1.760402e-01	4.116656e-02
4.050042e+03	nan	nan	1.738896e-01	4.116970e-02
4.050707e+03	nan	nan	1.729511e-01	4.117283e-02
4.051372e+03	nan	nan	1.731638e-01	4.117596e-02
4.052037e+03	nan	nan	1.752467e-01	4.117908e-02
4.052702e+03	nan	nan	1.772781e-01	4.118220e-02
4.053367e+03	nan	nan	1.787974e-01	4.118531e-02
4.054032e+03	nan	nan	1.789565e-01	4.118841e-02
4.054697e+03	nan	nan	1.786448e-01	4.119151e-02
4.055362e+03	nan	nan	1.808579e-01	4.119460e-02
4.056027e+03	nan	nan	1.835199e-01	4.119768e-02
4.056692e+03	nan	nan	1.828225e-01	4.120076e-02
4.057357e+03	nan	nan	1.786205e-01	4.120383e-02
4.058022e+03	nan	nan	1.764458e-01	4.120690e-02
4.058687e+03	nan	nan	1.742908e-01	4.120996e-02
4.059352e+03	nan	nan	1.726844e-01	4.121301e-02
4.060017e+03	nan	nan	1.731108e-01	4.121606e-02
4.060682e+03	nan	nan	1.715257e-01	4.121910e-02
4.061347e+03	nan	nan	1.688005e-01	4.122214e-02
4.062012e+03	nan	nan	1.673937e-01	4.122517e-02
4.062677e+03	nan	nan	1.684709e-01	4.122819e-02
4.063342e+03	nan	nan	1.723185e-01	4.123120e-02
4.064007e+03	nan	nan	1.759128e-01	4.123422e-02
4.064672e+03	nan	nan	1.769177e-01	4.123722e-02
4.065337e+03	nan	nan	1.802224e-01	4.124022e-02
4.066002e+03	nan	nan	1.807662e-01	4.124321e-02
4.066667e+03	nan	nan	1.779212e-01	4.124620e-02
4.067332e+03	nan	nan	1.786771e-01	4.124918e-02
4.067997e+03	nan	nan	1.796332e-01	4.125215e-02
4.068662e+03	nan	nan	1.777484e-01	4.125512e-02
4.069327e+03	nan	nan	1.759438e-01	4.125808e-02
4.069992e+03	nan	nan	1.759501e-01	4.126103e-02
4.070657e+03	nan	nan	1.768681e-01	4.126398e-02
4.071322e+03	nan	nan	1.781182e-01	4.126693e-02
4.071987e+03	nan	nan	1.792252e-01	4.126986e-02
4.072652e+03	nan	nan	1.782870e-01	4.127279e-02
4.073317e+03	nan	nan	1.759674e-01	4.127572e-02
4.073982e+03	nan	nan	1.688952e-01	4.127864e-02
4.074647e+03	nan	nan	1.640432e-01	4.128155e-02
4.075312e+03	nan	nan	1.692471e-01	4.128446e-02
4.075977e+03	nan	nan	1.725395e-01	4.128736e-02
4.076642e+03	nan	nan	1.688667e-01	4.129025e-02
4.077307e+03	nan	nan	1.682549e-01	4.129314e-02
4.077972e+03	nan	nan	1.692480e-01	4.129602e-02
4.078637e+03	nan	nan	1.698414e-01	4.129890e-02
4.079302e+03	nan	nan	1.695068e-01	4.130177e-02
4.079967e+03	nan	nan	1.685893e-01	4.130463e-02
4.080632e+03	nan	nan	1.705550e-01	4.130749e-02
4.081297e+03	nan	nan	1.719770e-01	4.131034e-02
4.081962e+03	nan	nan	1.715729e-01	4.131319e-02
4.082627e+03	nan	nan	1.681596e-01	4.131603e-02
4.083292e+03	nan	nan	1.633047e-01	4.131886e-02
4.083957e+03	nan	nan	1.611560e-01	4.132169e-02
4.084622e+03	nan	nan	1.626638e-01	4.132451e-02
4.085287e+03	nan	nan	1.618721e-01	4.132733e-02
4.085952e+03	nan	nan	1.601052e-01	4.133014e-02
4.086617e+03	nan	nan	1.615323e-01	4.133294e-02
4.087282e+03	nan	nan	1.619264e-01	4.133574e-02
4.087947e+03	nan	nan	1.613360e-01	4.133853e-02
4.088612e+03	nan	nan	1.635601e-01	4.134131e-02
4.089277e+03	nan	nan	1.671901e-01	4.134409e-02
4.089942e+03	nan	nan	1.682324e-01	4.134686e-02
4.090607e+03	nan	nan	1.662277e-01	4.134963e-02
4.091272e+03	nan	nan	1.639511e-01	4.135239e-02
4.091937e+03	nan	nan	1.647993e-01	4.135515e-02
4.092602e+03	nan	nan	1.702405e-01	4.135790e-02
4.093267e+03	nan	nan	1.722174e-01	4.136064e-02
4.093932e+03	nan	nan	1.719550e-01	4.136338e-02
4.094597e+03	nan	nan	1.714884e-01	4.136611e-02
4.095262e+03	nan	nan	1.682712e-01	4.136883e-02
4.095927e+03	nan	nan	1.656518e-01	4.137155e-02
4.096592e+03	nan	nan	1.662325e-01	4.137426e-02
4.097257e+03	nan	nan	1.654846e-01	4.137697e-02
4.097922e+03	nan	nan	1.658352e-01	4.137967e-02
4.098587e+03	nan	nan	1.689281e-01	4.138237e-02
4.099252e+03	nan	nan	1.712936e-01	4.138506e-02
4.099917e+03	nan	nan	1.722805e-01	4.138774e-02
4.100582e+03	nan	nan	1.738362e-01	4.139041e-02
4.101247e+03	nan	nan	1.717570e-01	4.139309e-02
4.101912e+03	nan	nan	1.677385e-01	4.139575e-02
4.102577e+03	nan	nan	1.653556e-01	4.139841e-02
4.103242e+03	nan	nan	1.667729e-01	4.140106e-02
4.103907e+03	nan	nan	1.704233e-01	4.140371e-02
4.104572e+03	nan	nan	1.732375e-01	4.140635e-02
4.105237e+03	nan	nan	1.758828e-01	4.140899e-02
4.105902e+03	nan	nan	1.766805e-01	4.141161e-02
4.106567e+03	nan	nan	1.733240e-01	4.141424e-02
4.107232e+03	nan	nan	1.709640e-01	4.141685e-02
4.107897e+03	nan	nan	1.706192e-01	4.141947e-02
4.108562e+03	nan	nan	1.657992e-01	4.142207e-02
4.109227e+03	nan	nan	1.594834e-01	4.142467e-02
4.109892e+03	nan	nan	1.585015e-01	4.142726e-02
4.110557e+03	nan	nan	1.612472e-01	4.142985e-02
4.111222e+03	nan	nan	1.662931e-01	4.143243e-02
4.111887e+03	nan	nan	1.717372e-01	4.143501e-02
4.112552e+03	nan	nan	1.749078e-01	4.143758e-02
4.113217e+03	nan	nan	1.746979e-01	4.144014e-02
4.113882e+03	nan	nan	1.710351e-01	4.144270e-02
4.114547e+03	nan	nan	1.669116e-01	4.144525e-02
4.115212e+03	nan	nan	1.651315e-01	4.144780e-02
4.115877e+03	nan	nan	1.666181e-01	4.145034e-02
4.116542e+03	nan	nan	1.660154e-01	4.145287e-02
4.117207e+03	nan	nan	1.620137e-01	4.145540e-02
4.117872e+03	nan	nan	1.606461e-01	4.145792e-02
4.118537e+03	nan	nan	1.647263e-01	4.146044e-02
4.119202e+03	nan	nan	1.679777e-01	4.146295e-02
4.119867e+03	nan	nan	1.676804e-01	4.146545e-02
4.120532e+03	nan	nan	1.669327e-01	4.146795e-02
4.121197e+03	nan	nan	1.667283e-01	4.147044e-02
4.121862e+03	nan	nan	1.680846e-01	4.147293e-02
4.122527e+03	nan	nan	1.693231e-01	4.147541e-02
4.123192e+03	nan	nan	1.648581e-01	4.147788e-02
4.123857e+03	nan	nan	1.592928e-01	4.148035e-02
4.124522e+03	nan	nan	1.606017e-01	4.148281e-02
4.125187e+03	nan	nan	1.647023e-01	4.148527e-02
4.125852e+03	nan	nan	1.679707e-01	4.148772e-02
4.126517e+03	nan	nan	1.681434e-01	4.149017e-02
4.127182e+03	nan	nan	1.659660e-01	4.149261e-02
4.127847e+03	nan	nan	1.632933e-01	4.149504e-02
4.128512e+03	nan	nan	1.602590e-01	4.149747e-02
4.129177e+03	nan	nan	1.582625e-01	4.149989e-02
4.129842e+03	nan	nan	1.599983e-01	4.150231e-02
4.130507e+03	nan	nan	1.626891e-01	4.150472e-02
4.131172e+03	nan	nan	1.635150e-01	4.150712e-02
4.131837e+03	nan	nan	1.620552e-01	4.150952e-02
4.132502e+03	nan	nan	1.579668e-01	4.151191e-02
4.133167e+03	nan	nan	1.591978e-01	4.151430e-02
4.133832e+03	nan	nan	1.672852e-01	4.151668e-02
4.134497e+03	nan	nan	1.722131e-01	4.151905e-02
4.135162e+03	nan	nan	1.706910e-01	4.152142e-02
4.135827e+03	nan	nan	1.674302e-01	4.152379e-02
4.136492e+03	nan	nan	1.663740e-01	4.152614e-02
4.137157e+03	nan	nan	1.653777e-01	4.152849e-02
4.137822e+03	nan	nan	1.616808e-01	4.153084e-02
4.138487e+03	nan	nan	1.603468e-01	4.153318e-02
4.139152e+03	nan	nan	1.612844e-01	4.153551e-02
4.139817e+03	nan	nan	1.596791e-01	4.153784e-02
4.140482e+03	nan	nan	1.592792e-01	4.154017e-02
4.141147e+03	nan	nan	1.638325e-01	4.154248e-02
4.141812e+03	nan	nan	1.674494e-01	4.154479e-02
4.142477e+03	nan	nan	1.666423e-01	4.154710e-02
4.143142e+03	nan	nan	1.649752e-01	4.154940e-02
4.143807e+03	nan	nan	1.646655e-01	4.155169e-02
4.144472e+03	nan	nan	1.637690e-01	4.155398e-02
4.145137e+03	nan	nan	1.613989e-01	4.155626e-02
4.145802e+03	nan	nan	1.614994e-01	4.155853e-02
4.146467e+03	nan	nan	1.634039e-01	4.156080e-02
4.147132e+03	nan	nan	1.651355e-01	4.156307e-02
4.147797e+03	nan	nan	1.669985e-01	4.156533e-02
4.148462e+03	nan	nan	1.686005e-01	4.156758e-02
4.149127e+03	nan	nan	1.665095e-01	4.156983e-02
4.149792e+03	nan	nan	1.619622e-01	4.157207e-02
4.150457e+03	nan	nan	1.597622e-01	4.157430e-02
4.151122e+03	nan	nan	1.602381e-01	4.157653e-02
4.151787e+03	nan	nan	1.630074e-01	4.157876e-02
4.152452e+03	nan	nan	1.680087e-01	4.158097e-02
4.153117e+03	nan	nan	1.720201e-01	4.158319e-02
4.153782e+03	nan	nan	1.707230e-01	4.158539e-02
4.154447e+03	nan	nan	1.644807e-01	4.158759e-02
4.155112e+03	nan	nan	1.617298e-01	4.158979e-02
4.155777e+03	nan	nan	1.597351e-01	4.159198e-02
4.156442e+03	nan	nan	1.546315e-01	4.159416e-02
4.157107e+03	nan	nan	1.533044e-01	4.159634e-02
4.157772e+03	nan	nan	1.564186e-01	4.159851e-02
4.158437e+03	nan	nan	1.609717e-01	4.160068e-02
4.159102e+03	nan	nan	1.630511e-01	4.160284e-02
4.159767e+03	nan	nan	1.607846e-01	4.160499e-02
4.160432e+03	nan	nan	1.570468e-01	4.160714e-02
4.161097e+03	nan	nan	1.558440e-01	4.160928e-02
4.161762e+03	nan	nan	1.564235e-01	4.161142e-02
4.162427e+03	nan	nan	1.575569e-01	4.161355e-02
4.163092e+03	nan	nan	1.591356e-01	4.161568e-02
4.163757e+03	nan	nan	1.607216e-01	4.161780e-02
4.164422e+03	nan	nan	1.611827e-01	4.161991e-02
4.165087e+03	nan	nan	1.588520e-01	4.162202e-02
4.165752e+03	nan	nan	1.553825e-01	4.162413e-02
4.166417e+03	nan	nan	1.551897e-01	4.162622e-02
4.167082e+03	nan	nan	1.578031e-01	4.162831e-02
4.167747e+03	nan	nan	1.596391e-01	4.163040e-02
4.168412e+03	nan	nan	1.597348e-01	4.163248e-02
4.169077e+03	nan	nan	1.590170e-01	4.163455e-02
4.169742e+03	nan	nan	1.566233e-01	4.163662e-02
4.170407e+03	nan	nan	1.555423e-01	4.163869e-02
4.171072e+03	nan	nan	1.563589e-01	4.164074e-02
4.171737e+03	nan	nan	1.565859e-01	4.164280e-02
4.172402e+03	nan	nan	1.573221e-01	4.164484e-02
4.173067e+03	nan	nan	1.590440e-01	4.164688e-02
4.173732e+03	nan	nan	1.607945e-01	4.164892e-02
4.174397e+03	nan	nan	1.585389e-01	4.165095e-02
4.175062e+03	nan	nan	1.547915e-01	4.165297e-02
4.175727e+03	nan	nan	1.580290e-01	4.165499e-02
4.176392e+03	nan	nan	1.626870e-01	4.165700e-02
4.177057e+03	nan	nan	1.596157e-01	4.165900e-02
4.177722e+03	nan	nan	1.548101e-01	4.166101e-02
4.178387e+03	nan	nan	1.537260e-01	4.166300e-02
4.179052e+03	nan	nan	1.561970e-01	4.166499e-02
4.179717e+03	nan	nan	1.599836e-01	4.166697e-02
4.180382e+03	nan	nan	1.618652e-01	4.166895e-02
4.181047e+03	nan	nan	1.616934e-01	4.167092e-02
4.181712e+03	nan	nan	1.596801e-01	4.167289e-02
4.182377e+03	nan	nan	1.578226e-01	4.167485e-02
4.183042e+03	nan	nan	1.594511e-01	4.167681e-02
4.183707e+03	nan	nan	1.597318e-01	4.167876e-02
4.184372e+03	nan	nan	1.549376e-01	4.168070e-02
4.185037e+03	nan	nan	1.497828e-01	4.168264e-02
4.185702e+03	nan	nan	1.494845e-01	4.168457e-02
4.186367e+03	nan	nan	1.540681e-01	4.168650e-02
4.187032e+03	nan	nan	1.566831e-01	4.168842e-02
4.187697e+03	nan	nan	1.557192e-01	4.169034e-02
4.188362e+03	nan	nan	1.585603e-01	4.169225e-02
4.189027e+03	nan	nan	1.609565e-01	4.169415e-02
4.189692e+03	nan	nan	1.584526e-01	4.169605e-02
4.190357e+03	nan	nan	1.560750e-01	4.169794e-02
4.191022e+03	1.600423e-01	2.262051e-03	1.594918e-01	4.169983e-02
4.191687e+03	1.627241e-01	1.877020e-03	1.625885e-01	4.170171e-02
4.192352e+03	1.604965e-01	1.473051e-03	1.605871e-01	4.170359e-02
4.193017e+03	1.559176e-01	1.099764e-03	1.560710e-01	4.170546e-02
4.193682e+03	1.547577e-01	1.086337e-03	1.548670e-01	4.170733e-02
4.194347e+03	1.577063e-01	1.093065e-03	1.581959e-01	4.170919e-02
4.195012e+03	1.617567e-01	1.089691e-03	1.616878e-01	4.171104e-02
4.195677e+03	1.625947e-01	1.068506e-03	1.620442e-01	4.171289e-02
4.196342e+03	1.592037e-01	1.040208e-03	1.591782e-01	4.171473e-02
4.197007e+03	1.573591e-01	1.015824e-03	1.567028e-01	4.171657e-02
4.197672e+03	1.573725e-01	1.002795e-03	1.563952e-01	4.171840e-02
4.198337e+03	1.582911e-01	9.939687e-04	1.564346e-01	4.172023e-02
4.199002e+03	1.570142e-01	9.614206e-04	1.547727e-01	4.172205e-02
4.199667e+03	1.564158e-01	8.921476e-04	1.546195e-01	4.172386e-02
4.200332e+03	1.604443e-01	8.529660e-04	1.585349e-01	4.172567e-02
4.200997e+03	1.634182e-01	8.592869e-04	1.613142e-01	4.172748e-02
4.201662e+03	nan	nan	1.598219e-01	4.172927e-02
4.202327e+03	1.587480e-01	9.771672e-04	1.575597e-01	4.173107e-02
4.202992e+03	1.576289e-01	1.324102e-03	1.554968e-01	4.173285e-02
4.203657e+03	1.525930e-01	1.913060e-03	1.520473e-01	4.173464e-02
4.204322e+03	1.521019e-01	2.496220e-03	1.502218e-01	4.173641e-02
4.204987e+03	1.534277e-01	2.739128e-03	1.499487e-01	4.173818e-02
4.205652e+03	1.556092e-01	2.498500e-03	1.526934e-01	4.173995e-02
4.206317e+03	1.603826e-01	1.919340e-03	1.573810e-01	4.174171e-02
4.206982e+03	1.612209e-01	1.318568e-03	1.584580e-01	4.174346e-02
4.207647e+03	1.606452e-01	1.024337e-03	1.589262e-01	4.174521e-02
4.208312e+03	1.613647e-01	8.369455e-04	1.585190e-01	4.174695e-02
4.208977e+03	1.577570e-01	8.120428e-04	1.553465e-01	4.174869e-02
4.209642e+03	1.563792e-01	8.090860e-04	1.535399e-01	4.175042e-02
4.210307e+03	1.549293e-01	1.019482e-03	1.528932e-01	4.175215e-02
4.210972e+03	1.562403e-01	8.119356e-04	1.539137e-01	4.175387e-02
4.211637e+03	1.596139e-01	8.161303e-04	1.564522e-01	4.175558e-02
4.212302e+03	1.567982e-01	8.094335e-04	1.547465e-01	4.175729e-02
4.212967e+03	1.514971e-01	8.059263e-04	1.491616e-01	4.175900e-02
4.213632e+03	1.477664e-01	7.974988e-04	1.460833e-01	4.176070e-02
4.214297e+03	1.519875e-01	8.067969e-04	1.492016e-01	4.176239e-02
4.214962e+03	1.531196e-01	8.094387e-04	1.521032e-01	4.176408e-02
4.215627e+03	nan	nan	1.521616e-01	4.176576e-02
4.216292e+03	nan	nan	1.523508e-01	4.176744e-02
4.216957e+03	nan	nan	1.526044e-01	4.176911e-02
4.217622e+03	1.526560e-01	8.246681e-04	1.517987e-01	4.177077e-02
4.218287e+03	1.520625e-01	8.376799e-04	1.508963e-01	4.177243e-02
4.218952e+03	1.543613e-01	8.362659e-04	1.521736e-01	4.177409e-02
4.219617e+03	1.521491e-01	8.081183e-04	1.513251e-01	4.177574e-02
4.220282e+03	1.479469e-01	7.961528e-04	1.478628e-01	4.177738e-02
4.220947e+03	1.489434e-01	8.022602e-04	1.484313e-01	4.177902e-02
4.221612e+03	1.511981e-01	8.093741e-04	1.505768e-01	4.178065e-02
4.222277e+03	1.507770e-01	8.000721e-04	1.507061e-01	4.178228e-02
4.222942e+03	1.531904e-01	8.005762e-04	1.529605e-01	4.178390e-02
4.223607e+03	1.566384e-01	8.061640e-04	1.554465e-01	4.178552e-02
4.224272e+03	1.573966e-01	8.035064e-04	1.562830e-01	4.178713e-02
4.224937e+03	1.583076e-01	8.037234e-04	1.585585e-01	4.178873e-02
4.225602e+03	1.599799e-01	8.020273e-04	1.604247e-01	4.179033e-02
4.226267e+03	1.586082e-01	7.965778e-04	1.586405e-01	4.179193e-02
4.226932e+03	1.534807e-01	7.827808e-04	1.538568e-01	4.179352e-02
4.227597e+03	1.508849e-01	7.755959e-04	1.503937e-01	4.179510e-02
4.228262e+03	nan	nan	1.487954e-01	4.179668e-02
4.228927e+03	1.498204e-01	7.721914e-04	1.485378e-01	4.179825e-02
4.229592e+03	1.518041e-01	7.766222e-04	1.502002e-01	4.179982e-02
4.230257e+03	1.520120e-01	7.745968e-04	1.518189e-01	4.180138e-02
4.230922e+03	1.541809e-01	7.753954e-04	1.544417e-01	4.180293e-02
4.231587e+03	1.587455e-01	7.816320e-04	1.582099e-01	4.180448e-02
4.232252e+03	1.584009e-01	7.816855e-04	1.586618e-01	4.180603e-02
4.232917e+03	1.577493e-01	7.782752e-04	1.565738e-01	4.180757e-02
4.233582e+03	1.536653e-01	7.745884e-04	1.527694e-01	4.180910e-02
4.234247e+03	1.525321e-01	7.943607e-04	1.516341e-01	4.181063e-02
4.234912e+03	1.548762e-01	7.827730e-04	1.545834e-01	4.181216e-02
4.235577e+03	1.586986e-01	7.746675e-04	1.589774e-01	4.181368e-02
4.236242e+03	1.584436e-01	7.758247e-04	1.596265e-01	4.181519e-02
4.236907e+03	1.529522e-01	7.749735e-04	1.550091e-01	4.181670e-02
4.237572e+03	1.524302e-01	7.678106e-04	1.533175e-01	4.181820e-02
4.238237e+03	1.534609e-01	7.664634e-04	1.534040e-01	4.181969e-02
4.238902e+03	1.534266e-01	7.650485e-04	1.522399e-01	4.182119e-02
4.239567e+03	1.545242e-01	7.733119e-04	1.521398e-01	4.182267e-02
4.240232e+03	1.527892e-01	7.759987e-04	1.506398e-01	4.182415e-02
4.240897e+03	1.502962e-01	7.775664e-04	1.486086e-01	4.182563e-02
4.241562e+03	1.494035e-01	7.747715e-04	1.482636e-01	4.182710e-02
4.242227e+03	1.486509e-01	7.618969e-04	1.477887e-01	4.182856e-02
4.242892e+03	1.448823e-01	7.541564e-04	1.449524e-01	4.183002e-02
4.243557e+03	1.454336e-01	7.564783e-04	1.446760e-01	4.183147e-02
4.244222e+03	1.496703e-01	7.633228e-04	1.481337e-01	4.183292e-02
4.244887e+03	1.534812e-01	7.654071e-04	1.516221e-01	4.183436e-02
4.245552e+03	1.538586e-01	7.684434e-04	1.525498e-01	4.183580e-02
4.246217e+03	1.508112e-01	7.650342e-04	1.502350e-01	4.183723e-02
4.246882e+03	1.489231e-01	7.708311e-04	1.486182e-01	4.183866e-02
4.247547e+03	1.491674e-01	7.721977e-04	1.491974e-01	4.184008e-02
4.248212e+03	nan	nan	1.494473e-01	4.184150e-02
4.248877e+03	1.485316e-01	7.604860e-04	1.495684e-01	4.184291e-02
4.249542e+03	1.491279e-01	7.599631e-04	1.493148e-01	4.184431e-02
4.250207e+03	1.475159e-01	7.583682e-04	1.473017e-01	4.184571e-02
4.250872e+03	1.448717e-01	7.580518e-04	1.436453e-01	4.184710e-02
4.251537e+03	1.423145e-01	7.550142e-04	1.412053e-01	4.184849e-02
4.252202e+03	1.434979e-01	7.570068e-04	1.422528e-01	4.184988e-02
4.252867e+03	1.460914e-01	7.601252e-04	1.454507e-01	4.185126e-02
4.253532e+03	1.463239e-01	7.603311e-04	1.468397e-01	4.185263e-02
4.254197e+03	1.465527e-01	7.632197e-04	1.472574e-01	4.185400e-02
4.254862e+03	1.503882e-01	7.668626e-04	1.500323e-01	4.185536e-02
4.255527e+03	1.507349e-01	7.721345e-04	1.516456e-01	4.185672e-02
4.256192e+03	1.504182e-01	7.765836e-04	1.521340e-01	4.185807e-02
4.256857e+03	1.526881e-01	7.822160e-04	1.522380e-01	4.185941e-02
4.257522e+03	1.484741e-01	7.767998e-04	1.476621e-01	4.186075e-02
4.258187e+03	1.443682e-01	7.691014e-04	1.443134e-01	4.186209e-02
4.258852e+03	1.483189e-01	7.765970e-04	1.468637e-01	4.186342e-02
4.259517e+03	1.459911e-01	7.769283e-04	1.460984e-01	4.186474e-02
4.260182e+03	1.432621e-01	7.731157e-04	1.437181e-01	4.186606e-02
4.260847e+03	1.451068e-01	7.760918e-04	1.445140e-01	4.186738e-02
4.261512e+03	1.465597e-01	7.767043e-04	1.465493e-01	4.186869e-02
4.262177e+03	1.481277e-01	7.986290e-04	1.488546e-01	4.186999e-02
4.262842e+03	1.497316e-01	8.342116e-04	1.504223e-01	4.187129e-02
4.263507e+03	nan	nan	1.491728e-01	4.187258e-02
4.264172e+03	1.466894e-01	8.276274e-04	1.473582e-01	4.187387e-02
4.264837e+03	1.473341e-01	8.188017e-04	1.476063e-01	4.187515e-02
4.265502e+03	1.469432e-01	8.207452e-04	1.476469e-01	4.187643e-02
4.266167e+03	1.461543e-01	8.099448e-04	1.465839e-01	4.187770e-02
4.266832e+03	1.472731e-01	8.199594e-04	1.468808e-01	4.187897e-02
4.267497e+03	1.475726e-01	8.137904e-04	1.470928e-01	4.188023e-02
4.268162e+03	1.449129e-01	8.201537e-04	1.459634e-01	4.188149e-02
4.268827e+03	1.458066e-01	8.222130e-04	1.477472e-01	4.188274e-02
4.269492e+03	1.463177e-01	8.062166e-04	1.483272e-01	4.188398e-02
4.270157e+03	1.432495e-01	7.843654e-04	1.462634e-01	4.188522e-02
4.270822e+03	1.460869e-01	8.582774e-04	1.470235e-01	4.188646e-02
4.271487e+03	nan	nan	1.483874e-01	4.188769e-02
4.272152e+03	1.436650e-01	7.786095e-04	1.449215e-01	4.188891e-02
4.272817e+03	1.406483e-01	7.738247e-04	1.419423e-01	4.189013e-02
4.273482e+03	1.439146e-01	7.783186e-04	1.445362e-01	4.189134e-02
4.274147e+03	1.475028e-01	7.864043e-04	1.480534e-01	4.189255e-02
4.274812e+03	1.453054e-01	7.827018e-04	1.465539e-01	4.189376e-02
4.275477e+03	1.402626e-01	7.795595e-04	1.417833e-01	4.189495e-02
4.276142e+03	1.397516e-01	7.845138e-04	1.414539e-01	4.189615e-02
4.276807e+03	1.446643e-01	7.978168e-04	1.454623e-01	4.189733e-02
4.277472e+03	1.466157e-01	8.015813e-04	1.486691e-01	4.189852e-02
4.278137e+03	1.501967e-01	8.085891e-04	1.510307e-01	4.189969e-02
4.278802e+03	1.492630e-01	8.097948e-04	1.506649e-01	4.190087e-02
4.279467e+03	1.465005e-01	8.176383e-04	1.491492e-01	4.190203e-02
4.280132e+03	nan	nan	1.497266e-01	4.190319e-02
4.280797e+03	1.469024e-01	8.190466e-04	1.497465e-01	4.190435e-02
4.281462e+03	1.463388e-01	8.053083e-04	1.476875e-01	4.190550e-02
4.282127e+03	1.454830e-01	8.098675e-04	1.454164e-01	4.190665e-02
4.282792e+03	1.431857e-01	8.031739e-04	1.432907e-01	4.190779e-02
4.283457e+03	1.422236e-01	8.046146e-04	1.430514e-01	4.190892e-02
4.284122e+03	1.435751e-01	8.041812e-04	1.449917e-01	4.191005e-02
4.284787e+03	1.462572e-01	1.437685e-03	1.486171e-01	4.191118e-02
4.285452e+03	1.505248e-01	8.205830e-04	1.522432e-01	4.191230e-02
4.286117e+03	1.510950e-01	8.282303e-04	1.517361e-01	4.191341e-02
4.286782e+03	1.452742e-01	8.081849e-04	1.468866e-01	4.191452e-02
4.287447e+03	1.419744e-01	8.028144e-04	1.442763e-01	4.191563e-02
4.288112e+03	1.471250e-01	8.137890e-04	1.477844e-01	4.191672e-02
4.288777e+03	1.487026e-01	8.170958e-04	1.494503e-01	4.191782e-02
4.289442e+03	1.463085e-01	8.091662e-04	1.469667e-01	4.191891e-02
4.290107e+03	1.453417e-01	1.044456e-03	1.451250e-01	4.191999e-02
4.290772e+03	1.465738e-01	8.101339e-04	1.472057e-01	4.192107e-02
4.291437e+03	1.495031e-01	8.073845e-04	1.500125e-01	4.192214e-02
4.292102e+03	1.485941e-01	8.055824e-04	1.486345e-01	4.192321e-02
4.292767e+03	1.427988e-01	7.971285e-04	1.431651e-01	4.192427e-02
4.293432e+03	1.405063e-01	7.889204e-04	1.393120e-01	4.192533e-02
4.294097e+03	1.414262e-01	8.003499e-04	1.402665e-01	4.192638e-02
4.294762e+03	1.409470e-01	7.993036e-04	1.408017e-01	4.192743e-02
4.295427e+03	1.409561e-01	7.999950e-04	1.396452e-01	4.192847e-02
4.296092e+03	1.383804e-01	7.959335e-04	1.379521e-01	4.192951e-02
4.296757e+03	1.374143e-01	7.891810e-04	1.371502e-01	4.193054e-02
4.297422e+03	1.395340e-01	7.886012e-04	1.385688e-01	4.193156e-02
4.298087e+03	1.409445e-01	7.933970e-04	1.408455e-01	4.193259e-02
4.298752e+03	1.434608e-01	8.079487e-04	1.431178e-01	4.193360e-02
4.299417e+03	1.442598e-01	8.164942e-04	1.436504e-01	4.193461e-02
4.300082e+03	1.438047e-01	8.094520e-04	1.431147e-01	4.193562e-02
4.300747e+03	1.449799e-01	8.042514e-04	1.438101e-01	4.193662e-02
4.301412e+03	nan	nan	1.432736e-01	4.193762e-02
4.302077e+03	1.421783e-01	8.118855e-04	1.416725e-01	4.193861e-02
4.302742e+03	nan	nan	1.392031e-01	4.193959e-02
4.303407e+03	nan	nan	1.376987e-01	4.194057e-02
4.304072e+03	nan	nan	1.393860e-01	4.194155e-02
4.304737e+03	1.395801e-01	8.077492e-04	1.395903e-01	4.194252e-02
4.305402e+03	1.371513e-01	7.933647e-04	1.379757e-01	4.194348e-02
4.306067e+03	1.382741e-01	7.919147e-04	1.382650e-01	4.194444e-02
4.306732e+03	1.405599e-01	7.954183e-04	1.406201e-01	4.194539e-02
4.307397e+03	1.409082e-01	8.026191e-04	1.422085e-01	4.194634e-02
4.308062e+03	1.421857e-01	8.059002e-04	1.431175e-01	4.194729e-02
4.308727e+03	1.419735e-01	7.936565e-04	1.424474e-01	4.194823e-02
4.309392e+03	1.410481e-01	7.875926e-04	1.407892e-01	4.194916e-02
4.310057e+03	1.395326e-01	7.917801e-04	1.390193e-01	4.195009e-02
4.310722e+03	1.394002e-01	7.957700e-04	1.386556e-01	4.195101e-02
4.311387e+03	1.420672e-01	7.981961e-04	1.411168e-01	4.195193e-02
4.312052e+03	1.426301e-01	7.990527e-04	1.423523e-01	4.195285e-02
4.312717e+03	1.441054e-01	8.069652e-04	1.439081e-01	4.195376e-02
4.313382e+03	1.457938e-01	8.071659e-04	1.461819e-01	4.195466e-02
4.314047e+03	1.453771e-01	8.074898e-04	1.466691e-01	4.195556e-02
4.314712e+03	1.456613e-01	8.060046e-04	1.468388e-01	4.195645e-02
4.315377e+03	1.416652e-01	7.993164e-04	1.434454e-01	4.195734e-02
4.316042e+03	1.394733e-01	7.976323e-04	1.400180e-01	4.195822e-02
4.316707e+03	1.388977e-01	8.004592e-04	1.383865e-01	4.195910e-02
4.317372e+03	1.365711e-01	7.893852e-04	1.363797e-01	4.195997e-02
4.318037e+03	1.385677e-01	7.907067e-04	1.375467e-01	4.196084e-02
4.318702e+03	1.398210e-01	7.957948e-04	1.388256e-01	4.196170e-02
4.319367e+03	1.372223e-01	7.899724e-04	1.369643e-01	4.196256e-02
4.320032e+03	1.384805e-01	7.923809e-04	1.368227e-01	4.196342e-02
4.320697e+03	1.412806e-01	7.978845e-04	1.395773e-01	4.196426e-02
4.321362e+03	1.432363e-01	7.932590e-04	1.419307e-01	4.196511e-02
4.322027e+03	1.415992e-01	7.899358e-04	1.415557e-01	4.196594e-02
4.322692e+03	1.450439e-01	7.907741e-04	1.446054e-01	4.196678e-02
4.323357e+03	1.473282e-01	7.933884e-04	1.467093e-01	4.196760e-02
4.324022e+03	1.413142e-01	7.823217e-04	1.410018e-01	4.196843e-02
4.324687e+03	1.384060e-01	7.747041e-04	1.379317e-01	4.196924e-02
4.325352e+03	1.415480e-01	7.781875e-04	1.408664e-01	4.197006e-02
4.326017e+03	1.410437e-01	7.818612e-04	1.414119e-01	4.197086e-02
4.326682e+03	1.393934e-01	7.771046e-04	1.399752e-01	4.197167e-02
4.327347e+03	1.408247e-01	7.795419e-04	1.416764e-01	4.197246e-02
4.328012e+03	1.409785e-01	7.806549e-04	1.420079e-01	4.197326e-02
4.328677e+03	1.376741e-01	7.750292e-04	1.386770e-01	4.197404e-02
4.329342e+03	1.390909e-01	7.818175e-04	1.388964e-01	4.197483e-02
4.330007e+03	1.422718e-01	7.827222e-04	1.414406e-01	4.197560e-02
4.330672e+03	1.402572e-01	7.819150e-04	1.396435e-01	4.197637e-02
4.331337e+03	1.388384e-01	7.755516e-04	1.382869e-01	4.197714e-02
4.332002e+03	1.423093e-01	7.772197e-04	1.416487e-01	4.197790e-02
4.332667e+03	1.430558e-01	7.793901e-04	1.425795e-01	4.197866e-02
4.333332e+03	1.367371e-01	7.686723e-04	1.365001e-01	4.197941e-02
4.333997e+03	1.346962e-01	7.666758e-04	1.348234e-01	4.198016e-02
4.334662e+03	1.423774e-01	7.786948e-04	1.415695e-01	4.198090e-02
4.335327e+03	1.453656e-01	7.832581e-04	1.447790e-01	4.198164e-02
4.335992e+03	1.398899e-01	7.742839e-04	1.390709e-01	4.198237e-02
4.336657e+03	1.321623e-01	7.610712e-04	1.320385e-01	4.198310e-02
4.337322e+03	1.361844e-01	7.662760e-04	1.356007e-01	4.198382e-02
4.337987e+03	1.409537e-01	7.785741e-04	1.400072e-01	4.198454e-02
4.338652e+03	1.364212e-01	7.701253e-04	1.366337e-01	4.198525e-02
4.339317e+03	nan	nan	1.343197e-01	4.198596e-02
4.339982e+03	nan	nan	1.356789e-01	4.198666e-02
4.340647e+03	nan	nan	1.389863e-01	4.198736e-02
4.341312e+03	1.416982e-01	7.836981e-04	1.410273e-01	4.198805e-02
4.341977e+03	1.384968e-01	7.853943e-04	1.385443e-01	4.198874e-02
4.342642e+03	1.363164e-01	7.792004e-04	1.365722e-01	4.198942e-02
4.343307e+03	1.358418e-01	7.793985e-04	1.366926e-01	4.199010e-02
4.343972e+03	1.379503e-01	7.913345e-04	1.380563e-01	4.199077e-02
4.344637e+03	1.362082e-01	7.996821e-04	1.362802e-01	4.199144e-02
4.345302e+03	1.348378e-01	8.131596e-04	1.348453e-01	4.199210e-02
4.345967e+03	1.342610e-01	8.077911e-04	1.349045e-01	4.199276e-02
4.346632e+03	1.351669e-01	8.053507e-04	1.358015e-01	4.199341e-02
4.347297e+03	1.365908e-01	8.121868e-04	1.364986e-01	4.199406e-02
4.347962e+03	1.345857e-01	9.425744e-04	1.350656e-01	4.199470e-02
4.348627e+03	nan	nan	1.381731e-01	4.199534e-02
4.349292e+03	1.427980e-01	7.900773e-04	1.419573e-01	4.199597e-02
4.349957e+03	1.397767e-01	7.847105e-04	1.392749e-01	4.199660e-02
4.350622e+03	1.327629e-01	7.769795e-04	1.327631e-01	4.199722e-02
4.351287e+03	nan	nan	1.303450e-01	4.199784e-02
4.351952e+03	1.341412e-01	7.928236e-04	1.334925e-01	4.199846e-02
4.352617e+03	1.344080e-01	8.027523e-04	1.351319e-01	4.199906e-02
4.353282e+03	1.334042e-01	7.990303e-04	1.332470e-01	4.199967e-02
4.353947e+03	1.314911e-01	8.016932e-04	1.316986e-01	4.200027e-02
4.354612e+03	1.370913e-01	8.214343e-04	1.360230e-01	4.200086e-02
4.355277e+03	1.410208e-01	8.306746e-04	1.403689e-01	4.200145e-02
4.355942e+03	1.387259e-01	8.291096e-04	1.396333e-01	4.200203e-02
4.356607e+03	1.363298e-01	8.194588e-04	1.361352e-01	4.200261e-02
4.357272e+03	1.320899e-01	8.095390e-04	1.326542e-01	4.200319e-02
4.357937e+03	1.351165e-01	8.229190e-04	1.355533e-01	4.200375e-02
4.358602e+03	1.397289e-01	8.504548e-04	1.402085e-01	4.200432e-02
4.359267e+03	1.376747e-01	8.583092e-04	1.389291e-01	4.200488e-02
4.359932e+03	1.345190e-01	8.406240e-04	1.351252e-01	4.200543e-02
4.360597e+03	1.337961e-01	8.258751e-04	1.339087e-01	4.200598e-02
4.361262e+03	1.378811e-01	8.348042e-04	1.372214e-01	4.200653e-02
4.361927e+03	1.401805e-01	8.352040e-04	1.402328e-01	4.200707e-02
4.362592e+03	1.379134e-01	8.359030e-04	1.395521e-01	4.200760e-02
4.363257e+03	1.348271e-01	8.281655e-04	1.353563e-01	4.200813e-02
4.363922e+03	1.301424e-01	8.210778e-04	1.300541e-01	4.200866e-02
4.364587e+03	1.303702e-01	8.193215e-04	1.293555e-01	4.200918e-02
4.365252e+03	1.342491e-01	8.215867e-04	1.343884e-01	4.200969e-02
4.365917e+03	1.390201e-01	8.335681e-04	1.387746e-01	4.201020e-02
4.366582e+03	1.331986e-01	8.213076e-04	1.339475e-01	4.201071e-02
4.367247e+03	1.267466e-01	8.109937e-04	1.272118e-01	4.201121e-02
4.367912e+03	1.285097e-01	8.157733e-04	1.282168e-01	4.201171e-02
4.368577e+03	1.301443e-01	8.048697e-04	1.313286e-01	4.201220e-02
4.369242e+03	1.332472e-01	7.966839e-04	1.342724e-01	4.201268e-02
4.369907e+03	1.365255e-01	8.279558e-04	1.371022e-01	4.201316e-02
4.370572e+03	1.350321e-01	8.343762e-04	1.350856e-01	4.201364e-02
4.371237e+03	1.316089e-01	8.352513e-04	1.328434e-01	4.201411e-02
4.371902e+03	1.325579e-01	8.176327e-04	1.339808e-01	4.201458e-02
4.372567e+03	1.328454e-01	8.267034e-04	1.346630e-01	4.201504e-02
4.373232e+03	nan	nan	1.349537e-01	4.201550e-02
4.373897e+03	nan	nan	1.315475e-01	4.201595e-02
4.374562e+03	nan	nan	1.275882e-01	4.201640e-02
4.375227e+03	nan	nan	1.301859e-01	4.201684e-02
4.375892e+03	1.321454e-01	8.355061e-04	1.321589e-01	4.201728e-02
4.376557e+03	1.315926e-01	8.367563e-04	1.320118e-01	4.201771e-02
4.377222e+03	1.323020e-01	8.360948e-04	1.327838e-01	4.201814e-02
4.377887e+03	1.319734e-01	8.310215e-04	1.316709e-01	4.201857e-02
4.378552e+03	1.276962e-01	8.553909e-04	1.283796e-01	4.201898e-02
4.379217e+03	1.284308e-01	8.450409e-04	1.291492e-01	4.201940e-02
4.379882e+03	1.318358e-01	8.314963e-04	1.327263e-01	4.201981e-02
4.380547e+03	1.355234e-01	8.143813e-04	1.357744e-01	4.202021e-02
4.381212e+03	1.340681e-01	7.871914e-04	1.340920e-01	4.202061e-02
4.381877e+03	1.282611e-01	7.693888e-04	1.284089e-01	4.202101e-02
4.382542e+03	1.246639e-01	7.676411e-04	1.246239e-01	4.202140e-02
4.383207e+03	1.280417e-01	7.739792e-04	1.273185e-01	4.202178e-02
4.383872e+03	1.316185e-01	7.843549e-04	1.323266e-01	4.202216e-02
4.384537e+03	1.353582e-01	7.932772e-04	1.363415e-01	4.202254e-02
4.385202e+03	1.354254e-01	8.012353e-04	1.351716e-01	4.202291e-02
4.385867e+03	1.279256e-01	7.984146e-04	1.286688e-01	4.202327e-02
4.386532e+03	1.271378e-01	8.061055e-04	1.274929e-01	4.202363e-02
4.387197e+03	1.329854e-01	8.206936e-04	1.319144e-01	4.202399e-02
4.387862e+03	1.323866e-01	8.161458e-04	1.330855e-01	4.202434e-02
4.388527e+03	1.332982e-01	8.161047e-04	1.344044e-01	4.202469e-02
4.389192e+03	1.366368e-01	8.259291e-04	1.368219e-01	4.202503e-02
4.389857e+03	1.315622e-01	8.099745e-04	1.323874e-01	4.202537e-02
4.390522e+03	1.278354e-01	8.041385e-04	1.284374e-01	4.202570e-02
4.391187e+03	1.314321e-01	8.099598e-04	1.320186e-01	4.202603e-02
4.391852e+03	1.359533e-01	8.300118e-04	1.368162e-01	4.202635e-02
4.392517e+03	1.361611e-01	8.978782e-04	1.376999e-01	4.202667e-02
4.393182e+03	nan	nan	1.342292e-01	4.202698e-02
4.393847e+03	nan	nan	1.272436e-01	4.202729e-02
4.394512e+03	1.268309e-01	8.531021e-04	1.260961e-01	4.202760e-02
4.395177e+03	nan	nan	1.320924e-01	4.202790e-02
4.395842e+03	nan	nan	1.323560e-01	4.202819e-02
4.396507e+03	1.277215e-01	7.560264e-04	1.287904e-01	4.202848e-02
4.397172e+03	1.297174e-01	7.594948e-04	1.296567e-01	4.202877e-02
4.397837e+03	1.298245e-01	9.035159e-04	1.295394e-01	4.202905e-02
4.398502e+03	nan	nan	1.260680e-01	4.202932e-02
4.399167e+03	1.260328e-01	7.522747e-04	1.256568e-01	4.202959e-02
4.399832e+03	1.304544e-01	7.612757e-04	1.297775e-01	4.202986e-02
4.400497e+03	1.357582e-01	7.601936e-04	1.357846e-01	4.203012e-02
4.401162e+03	1.364197e-01	7.602321e-04	1.366059e-01	4.203038e-02
4.401827e+03	1.301752e-01	7.477135e-04	1.296500e-01	4.203063e-02
4.402492e+03	1.241112e-01	7.387798e-04	1.231721e-01	4.203088e-02
4.403157e+03	1.263843e-01	7.399433e-04	1.251503e-01	4.203112e-02
4.403822e+03	1.310619e-01	7.505011e-04	1.303620e-01	4.203136e-02
4.404487e+03	1.313045e-01	7.510119e-04	1.312412e-01	4.203159e-02
4.405152e+03	1.287848e-01	9.381529e-04	1.292766e-01	4.203182e-02
4.405817e+03	nan	nan	1.293387e-01	4.203205e-02
4.406482e+03	1.295163e-01	7.452772e-04	1.284091e-01	4.203227e-02
4.407147e+03	1.257762e-01	7.393132e-04	1.250707e-01	4.203248e-02
4.407812e+03	1.290558e-01	7.423931e-04	1.274372e-01	4.203269e-02
4.408477e+03	1.321129e-01	7.450856e-04	1.311462e-01	4.203289e-02
4.409142e+03	1.325475e-01	7.435882e-04	1.327298e-01	4.203310e-02
4.409807e+03	1.327395e-01	7.476667e-04	1.329320e-01	4.203329e-02
4.410472e+03	1.323374e-01	7.470703e-04	1.321573e-01	4.203348e-02
4.411137e+03	1.290305e-01	7.421777e-04	1.280384e-01	4.203367e-02
4.411802e+03	1.241848e-01	7.318270e-04	1.236024e-01	4.203385e-02
4.412467e+03	1.290548e-01	7.380129e-04	1.280209e-01	4.203403e-02
4.413132e+03	1.359155e-01	7.438718e-04	1.344368e-01	4.203420e-02
4.413797e+03	1.377539e-01	7.452502e-04	1.364125e-01	4.203437e-02
4.414462e+03	1.329910e-01	7.378801e-04	1.326416e-01	4.203453e-02
4.415127e+03	1.285377e-01	7.348695e-04	1.276176e-01	4.203469e-02
4.415792e+03	1.263090e-01	7.308841e-04	1.251117e-01	4.203484e-02
4.416457e+03	1.272229e-01	7.312086e-04	1.266971e-01	4.203499e-02
4.417122e+03	1.349822e-01	7.495899e-04	1.318758e-01	4.203514e-02
4.417787e+03	1.324372e-01	7.374619e-04	1.316246e-01	4.203528e-02
4.418452e+03	nan	nan	1.287671e-01	4.203541e-02
4.419117e+03	nan	nan	1.300472e-01	4.203554e-02
4.419782e+03	1.301417e-01	7.401968e-04	1.297490e-01	4.203567e-02
4.420447e+03	1.248879e-01	7.332922e-04	1.245557e-01	4.203579e-02
4.421112e+03	1.227579e-01	7.250856e-04	1.216824e-01	4.203591e-02
4.421777e+03	1.254932e-01	7.286343e-04	1.237356e-01	4.203602e-02
4.422442e+03	1.281767e-01	7.356788e-04	1.265181e-01	4.203613e-02
4.423107e+03	1.288506e-01	7.329110e-04	1.282140e-01	4.203623e-02
4.423772e+03	1.287343e-01	7.319669e-04	1.285660e-01	4.203633e-02
4.424437e+03	1.278002e-01	7.309220e-04	1.271552e-01	4.203642e-02
4.425102e+03	nan	nan	1.224671e-01	4.203651e-02
4.425767e+03	1.215684e-01	7.238667e-04	1.212674e-01	4.203660e-02
4.426432e+03	1.278660e-01	7.309239e-04	1.274977e-01	4.203668e-02
4.427097e+03	1.318150e-01	7.359127e-04	1.321061e-01	4.203675e-02
4.427762e+03	1.331572e-01	7.386131e-04	1.330878e-01	4.203682e-02
4.428427e+03	1.315952e-01	7.335847e-04	1.308887e-01	4.203689e-02
4.429092e+03	1.249109e-01	7.243686e-04	1.244975e-01	4.203695e-02
4.429757e+03	1.197141e-01	7.208088e-04	1.193209e-01	4.203701e-02
4.430422e+03	1.211528e-01	7.243912e-04	1.206297e-01	4.203706e-02
4.431087e+03	1.275598e-01	7.340336e-04	1.261509e-01	4.203711e-02
4.431752e+03	nan	nan	1.289451e-01	4.203715e-02
4.432417e+03	1.292283e-01	7.341930e-04	1.276943e-01	4.203719e-02
4.433082e+03	1.272358e-01	7.334542e-04	1.260230e-01	4.203722e-02
4.433747e+03	1.269409e-01	7.350658e-04	1.257626e-01	4.203725e-02
4.434412e+03	nan	nan	1.235829e-01	4.203728e-02
4.435077e+03	1.222299e-01	7.356940e-04	1.208743e-01	4.203730e-02
4.435742e+03	1.240790e-01	7.430450e-04	1.225086e-01	4.203731e-02
4.436407e+03	1.246801e-01	7.427714e-04	1.237984e-01	4.203732e-02
4.437072e+03	1.246206e-01	7.418099e-04	1.241482e-01	4.203733e-02
4.437737e+03	1.286862e-01	7.488548e-04	1.275983e-01	4.203733e-02
4.438402e+03	1.278383e-01	7.437082e-04	1.274207e-01	4.203733e-02
4.439067e+03	1.258208e-01	7.926209e-04	1.248696e-01	4.203732e-02
4.439732e+03	1.216382e-01	8.627836e-04	1.209540e-01	4.203731e-02
4.440397e+03	1.179797e-01	7.240602e-04	1.170857e-01	4.203730e-02
4.441062e+03	1.209273e-01	7.284359e-04	1.196926e-01	4.203728e-02
4.441727e+03	1.269568e-01	7.347564e-04	1.260962e-01	4.203725e-02
4.442392e+03	1.322753e-01	7.448471e-04	1.322300e-01	4.203722e-02
4.443057e+03	1.336312e-01	7.494857e-04	1.336984e-01	4.203719e-02
4.443722e+03	1.289409e-01	7.384318e-04	1.289814e-01	4.203715e-02
4.444387e+03	1.228097e-01	7.345643e-04	1.226388e-01	4.203710e-02
4.445052e+03	nan	nan	1.190654e-01	4.203706e-02
4.445717e+03	nan	nan	1.227593e-01	4.203700e-02
4.446382e+03	nan	nan	1.271734e-01	4.203695e-02
4.447047e+03	1.288409e-01	7.380682e-04	1.296909e-01	4.203689e-02
4.447712e+03	1.353488e-01	7.544394e-04	1.353505e-01	4.203682e-02
4.448377e+03	1.336801e-01	7.538263e-04	1.338093e-01	4.203675e-02
4.449042e+03	1.243428e-01	7.412791e-04	1.246607e-01	4.203667e-02
4.449707e+03	1.217490e-01	7.422875e-04	1.203116e-01	4.203659e-02
4.450372e+03	1.206542e-01	7.368994e-04	1.196881e-01	4.203651e-02
4.451037e+03	1.236579e-01	7.433824e-04	1.234394e-01	4.203642e-02
4.451702e+03	1.285806e-01	7.486431e-04	1.276725e-01	4.203633e-02
4.452367e+03	1.265698e-01	7.435123e-04	1.262091e-01	4.203623e-02
4.453032e+03	1.240457e-01	7.378744e-04	1.241553e-01	4.203613e-02
4.453697e+03	1.269152e-01	7.408895e-04	1.269194e-01	4.203602e-02
4.454362e+03	1.287361e-01	7.462879e-04	1.291828e-01	4.203591e-02
4.455027e+03	1.236976e-01	7.402491e-04	1.243133e-01	4.203580e-02
4.455692e+03	1.187476e-01	7.389204e-04	1.191568e-01	4.203568e-02
4.456357e+03	1.223539e-01	7.414628e-04	1.225978e-01	4.203555e-02
4.457022e+03	1.252156e-01	7.423355e-04	1.255619e-01	4.203542e-02
4.457687e+03	1.227171e-01	7.403317e-04	1.232531e-01	4.203529e-02
4.458352e+03	1.247065e-01	7.406609e-04	1.243504e-01	4.203515e-02
4.459017e+03	1.257124e-01	7.434219e-04	1.257794e-01	4.203501e-02
4.459682e+03	1.256849e-01	7.456483e-04	1.263278e-01	4.203486e-02
4.460347e+03	1.260138e-01	7.468378e-04	1.254042e-01	4.203471e-02
4.461012e+03	1.203458e-01	7.378246e-04	1.207752e-01	4.203456e-02
4.461677e+03	1.203989e-01	7.389172e-04	1.204350e-01	4.203439e-02
4.462342e+03	1.240308e-01	7.451183e-04	1.247983e-01	4.203423e-02
4.463007e+03	1.292088e-01	7.509924e-04	1.293835e-01	4.203406e-02
4.463672e+03	nan	nan	1.306128e-01	4.203389e-02
4.464337e+03	1.297680e-01	7.525436e-04	1.306003e-01	4.203371e-02
4.465002e+03	1.288374e-01	7.487708e-04	1.294607e-01	4.203353e-02
4.465667e+03	1.241549e-01	7.403084e-04	1.245033e-01	4.203334e-02
4.466332e+03	1.179064e-01	7.321719e-04	1.182657e-01	4.203315e-02
4.466997e+03	1.169245e-01	7.309735e-04	1.169388e-01	4.203295e-02
4.467662e+03	1.194282e-01	7.372255e-04	1.193453e-01	4.203275e-02
4.468327e+03	1.224296e-01	7.410590e-04	1.223739e-01	4.203255e-02
4.468992e+03	1.270584e-01	7.482893e-04	1.273112e-01	4.203234e-02
4.469657e+03	1.295241e-01	7.655099e-04	1.291861e-01	4.203213e-02
4.470322e+03	1.253950e-01	7.416792e-04	1.253465e-01	4.203191e-02
4.470987e+03	1.202988e-01	7.346291e-04	1.200791e-01	4.203169e-02
4.471652e+03	1.181810e-01	7.351246e-04	1.172570e-01	4.203146e-02
4.472317e+03	1.198091e-01	7.416827e-04	1.187297e-01	4.203123e-02
4.472982e+03	1.237063e-01	7.526265e-04	1.231546e-01	4.203099e-02
4.473647e+03	1.250651e-01	7.579725e-04	1.251029e-01	4.203075e-02
4.474312e+03	1.244767e-01	7.667378e-04	1.244131e-01	4.203051e-02
4.474977e+03	1.242864e-01	7.550877e-04	1.241027e-01	4.203026e-02
4.475642e+03	1.236772e-01	7.608842e-04	1.238284e-01	4.203001e-02
4.476307e+03	1.250697e-01	7.664538e-04	1.252208e-01	4.202975e-02
4.476972e+03	1.229182e-01	7.550093e-04	1.232376e-01	4.202949e-02
4.477637e+03	1.174481e-01	7.418000e-04	1.178904e-01	4.202922e-02
4.478302e+03	1.200447e-01	7.494060e-04	1.202266e-01	4.202895e-02
4.478967e+03	1.245838e-01	7.598070e-04	1.258876e-01	4.202867e-02
4.479632e+03	1.272849e-01	7.592501e-04	1.277349e-01	4.202840e-02
4.480297e+03	1.238975e-01	7.524002e-04	1.243345e-01	4.202811e-02
4.480962e+03	1.202054e-01	7.472583e-04	1.206279e-01	4.202782e-02
4.481627e+03	1.211360e-01	7.509681e-04	1.214370e-01	4.202753e-02
4.482292e+03	1.227587e-01	7.562667e-04	1.233363e-01	4.202723e-02
4.482957e+03	1.209918e-01	7.843759e-04	1.217780e-01	4.202693e-02
4.483622e+03	1.203794e-01	7.471309e-04	1.210075e-01	4.202663e-02
4.484287e+03	1.228858e-01	7.509428e-04	1.235273e-01	4.202632e-02
4.484952e+03	nan	nan	1.221331e-01	4.202600e-02
4.485617e+03	nan	nan	1.236983e-01	4.202568e-02
4.486282e+03	1.309360e-01	7.565539e-04	1.312813e-01	4.202536e-02
4.486947e+03	1.326803e-01	7.577165e-04	1.336957e-01	4.202503e-02
4.487612e+03	1.295329e-01	7.595691e-04	1.308821e-01	4.202470e-02
4.488277e+03	1.246666e-01	7.527231e-04	1.252450e-01	4.202436e-02
4.488942e+03	1.184683e-01	7.453965e-04	1.179883e-01	4.202402e-02
4.489607e+03	1.163507e-01	7.471844e-04	1.158616e-01	4.202368e-02
4.490272e+03	1.178792e-01	7.498813e-04	1.180064e-01	4.202333e-02
4.490937e+03	1.214763e-01	7.555089e-04	1.217455e-01	4.202298e-02
4.491602e+03	1.252863e-01	7.629506e-04	1.254029e-01	4.202262e-02
4.492267e+03	1.250154e-01	7.603571e-04	1.255665e-01	4.202226e-02
4.492932e+03	1.229210e-01	7.636631e-04	1.231977e-01	4.202189e-02
4.493597e+03	1.224388e-01	7.604646e-04	1.228295e-01	4.202152e-02
4.494262e+03	1.211276e-01	7.573054e-04	1.209588e-01	4.202114e-02
4.494927e+03	1.157438e-01	7.476912e-04	1.155595e-01	4.202076e-02
4.495592e+03	1.157323e-01	7.498311e-04	1.154643e-01	4.202038e-02
4.496257e+03	1.201116e-01	7.595786e-04	1.203557e-01	4.201999e-02
4.496922e+03	1.229423e-01	7.639678e-04	1.231814e-01	4.201960e-02
4.497587e+03	1.254296e-01	7.697100e-04	1.250481e-01	4.201920e-02
4.498252e+03	1.239153e-01	7.650918e-04	1.239204e-01	4.201880e-02
4.498917e+03	1.216868e-01	7.648578e-04	1.221825e-01	4.201840e-02
4.499582e+03	1.217762e-01	7.633591e-04	1.220516e-01	4.201799e-02
4.500247e+03	1.176933e-01	7.566095e-04	1.180042e-01	4.201757e-02
4.500912e+03	1.135227e-01	7.508691e-04	1.136349e-01	4.201716e-02
4.501577e+03	1.188836e-01	7.564024e-04	1.187971e-01	4.201673e-02
4.502242e+03	1.275034e-01	7.751719e-04	1.276833e-01	4.201631e-02
4.502907e+03	1.290458e-01	7.764531e-04	1.295629e-01	4.201587e-02
4.503572e+03	1.256837e-01	7.756053e-04	1.262170e-01	4.201544e-02
4.504237e+03	1.227868e-01	7.730863e-04	1.228952e-01	4.201500e-02
4.504902e+03	1.192659e-01	7.652246e-04	1.191724e-01	4.201456e-02
4.505567e+03	1.161988e-01	7.590987e-04	1.160341e-01	4.201411e-02
4.506232e+03	1.153086e-01	7.550906e-04	1.148631e-01	4.201366e-02
4.506897e+03	1.148377e-01	7.543468e-04	1.144521e-01	4.201320e-02
4.507562e+03	1.187252e-01	7.621122e-04	1.188330e-01	4.201274e-02
4.508227e+03	1.268391e-01	7.832001e-04	1.267419e-01	4.201227e-02
4.508892e+03	1.271533e-01	7.848110e-04	1.273329e-01	4.201180e-02
4.509557e+03	1.236759e-01	7.897683e-04	1.236347e-01	4.201133e-02
4.510222e+03	1.219965e-01	7.857901e-04	1.212309e-01	4.201085e-02
4.510887e+03	1.177569e-01	7.729634e-04	1.180798e-01	4.201037e-02
4.511552e+03	1.187183e-01	7.658031e-04	1.197999e-01	4.200988e-02
4.512217e+03	1.209870e-01	7.656958e-04	1.218173e-01	4.200939e-02
4.512882e+03	1.187096e-01	7.609083e-04	1.191149e-01	4.200890e-02
4.513547e+03	1.167659e-01	7.599325e-04	1.171573e-01	4.200840e-02
4.514212e+03	1.221280e-01	7.654221e-04	1.229204e-01	4.200789e-02
4.514877e+03	1.263510e-01	7.718892e-04	1.274182e-01	4.200739e-02
4.515542e+03	1.250233e-01	7.739062e-04	1.258637e-01	4.200687e-02
4.516207e+03	1.204289e-01	7.750229e-04	1.211953e-01	4.200636e-02
4.516872e+03	1.205483e-01	7.650246e-04	1.204912e-01	4.200584e-02
4.517537e+03	1.230557e-01	8.522849e-04	1.228773e-01	4.200531e-02
4.518202e+03	1.223075e-01	7.743114e-04	1.225679e-01	4.200478e-02
4.518867e+03	1.213559e-01	7.668414e-04	1.210958e-01	4.200425e-02
4.519532e+03	1.169040e-01	7.583679e-04	1.172675e-01	4.200371e-02
4.520197e+03	1.180506e-01	7.668467e-04	1.180664e-01	4.200317e-02
4.520862e+03	1.208963e-01	7.720974e-04	1.207089e-01	4.200263e-02
4.521527e+03	1.160856e-01	8.127819e-04	1.170214e-01	4.200208e-02
4.522192e+03	1.140066e-01	7.585897e-04	1.149801e-01	4.200152e-02
4.522857e+03	1.200211e-01	7.661944e-04	1.199903e-01	4.200096e-02
4.523522e+03	1.239331e-01	7.762854e-04	1.244567e-01	4.200040e-02
4.524187e+03	1.226414e-01	7.809416e-04	1.236010e-01	4.199983e-02
4.524852e+03	1.198251e-01	7.696886e-04	1.208819e-01	4.199926e-02
4.525517e+03	1.180435e-01	7.683310e-04	1.184472e-01	4.199869e-02
4.526182e+03	1.168055e-01	7.637526e-04	1.172650e-01	4.199811e-02
4.526847e+03	1.176924e-01	7.656192e-04	1.182943e-01	4.199752e-02
4.527512e+03	1.142925e-01	7.584725e-04	1.157410e-01	4.199694e-02
4.528177e+03	1.155434e-01	7.629648e-04	1.167028e-01	4.199634e-02
4.528842e+03	1.196631e-01	7.650412e-04	1.200278e-01	4.199575e-02
4.529507e+03	1.213849e-01	7.663337e-04	1.216526e-01	4.199515e-02
4.530172e+03	1.230858e-01	7.702697e-04	1.232480e-01	4.199454e-02
4.530837e+03	1.224548e-01	7.696963e-04	1.228443e-01	4.199394e-02
4.531502e+03	1.173828e-01	7.689978e-04	1.174088e-01	4.199332e-02
4.532167e+03	1.121824e-01	7.591903e-04	1.112598e-01	4.199271e-02
4.532832e+03	1.108997e-01	7.528532e-04	1.106633e-01	4.199208e-02
4.533497e+03	1.141826e-01	7.577208e-04	1.150823e-01	4.199146e-02
4.534162e+03	1.197881e-01	7.665848e-04	1.204819e-01	4.199083e-02
4.534827e+03	1.217781e-01	7.684600e-04	1.223721e-01	4.199020e-02
4.535492e+03	1.231600e-01	7.732483e-04	1.231107e-01	4.198956e-02
4.536157e+03	1.233840e-01	7.741267e-04	1.225666e-01	4.198892e-02
4.536822e+03	1.219664e-01	7.717027e-04	1.218519e-01	4.198827e-02
4.537487e+03	1.248559e-01	7.741227e-04	1.248654e-01	4.198762e-02
4.538152e+03	1.214796e-01	7.732982e-04	1.229186e-01	4.198697e-02
4.538817e+03	1.143451e-01	7.620320e-04	1.161695e-01	4.198631e-02
4.539482e+03	1.157132e-01	7.627756e-04	1.172283e-01	4.198565e-02
4.540147e+03	1.232895e-01	9.441037e-04	1.230127e-01	4.198498e-02
4.540812e+03	1.243131e-01	7.499904e-04	1.241216e-01	4.198431e-02
4.541477e+03	1.201306e-01	7.411556e-04	1.202842e-01	4.198363e-02
4.542142e+03	1.186153e-01	7.393041e-04	1.188006e-01	4.198295e-02
4.542807e+03	1.211840e-01	7.456324e-04	1.208024e-01	4.198227e-02
4.543472e+03	1.220817e-01	7.531373e-04	1.217459e-01	4.198158e-02
4.544137e+03	1.194371e-01	7.518845e-04	1.198548e-01	4.198089e-02
4.544802e+03	1.147078e-01	7.530255e-04	1.158062e-01	4.198020e-02
4.545467e+03	1.119828e-01	7.298761e-04	1.130642e-01	4.197950e-02
4.546132e+03	1.155026e-01	7.374439e-04	1.157457e-01	4.197879e-02
4.546797e+03	1.205872e-01	7.463536e-04	1.205976e-01	4.197809e-02
4.547462e+03	1.220381e-01	7.579701e-04	1.217741e-01	4.197737e-02
4.548127e+03	1.187415e-01	7.445977e-04	1.195405e-01	4.197666e-02
4.548792e+03	1.185983e-01	7.407352e-04	1.189514e-01	4.197594e-02
4.549457e+03	1.205636e-01	7.440866e-04	1.206647e-01	4.197521e-02
4.550122e+03	1.204190e-01	7.420895e-04	1.205575e-01	4.197448e-02
4.550787e+03	1.166100e-01	7.393438e-04	1.175939e-01	4.197375e-02
4.551452e+03	1.137563e-01	7.368875e-04	1.148192e-01	4.197302e-02
4.552117e+03	1.115559e-01	7.288710e-04	1.128303e-01	4.197228e-02
4.552782e+03	1.145850e-01	7.337661e-04	1.150343e-01	4.197153e-02
4.553447e+03	1.199847e-01	7.427226e-04	1.197894e-01	4.197078e-02
4.554112e+03	1.199293e-01	7.375890e-04	1.211312e-01	4.197003e-02
4.554777e+03	1.220348e-01	7.419595e-04	1.229256e-01	4.196927e-02
4.555442e+03	1.248238e-01	7.447626e-04	1.252577e-01	4.196851e-02
4.556107e+03	1.225817e-01	7.449266e-04	1.231988e-01	4.196775e-02
4.556772e+03	1.164324e-01	7.345250e-04	1.177603e-01	4.196698e-02
4.557437e+03	1.151059e-01	7.331391e-04	1.156777e-01	4.196620e-02
4.558102e+03	1.171606e-01	7.358194e-04	1.167636e-01	4.196543e-02
4.558767e+03	1.157916e-01	7.371678e-04	1.156624e-01	4.196465e-02
4.559432e+03	1.135024e-01	7.326504e-04	1.141918e-01	4.196386e-02
4.560097e+03	1.189534e-01	7.389128e-04	1.188740e-01	4.196307e-02
4.560762e+03	1.240917e-01	7.489672e-04	1.241935e-01	4.196228e-02
4.561427e+03	1.224177e-01	7.488714e-04	1.230749e-01	4.196148e-02
4.562092e+03	1.170651e-01	7.424287e-04	1.176451e-01	4.196068e-02
4.562757e+03	1.121979e-01	7.295255e-04	1.130531e-01	4.195987e-02
4.563422e+03	1.131313e-01	7.268896e-04	1.139342e-01	4.195906e-02
4.564087e+03	1.194758e-01	7.430716e-04	1.192953e-01	4.195825e-02
4.564752e+03	1.210443e-01	7.404599e-04	1.212193e-01	4.195743e-02
4.565417e+03	1.169738e-01	8.598925e-04	1.174933e-01	4.195661e-02
4.566082e+03	1.128421e-01	8.509066e-04	1.133071e-01	4.195578e-02
4.566747e+03	1.129769e-01	7.783291e-04	1.129519e-01	4.195495e-02
4.567412e+03	nan	nan	1.143646e-01	4.195412e-02
4.568077e+03	nan	nan	1.150587e-01	4.195328e-02
4.568742e+03	1.149362e-01	7.434616e-04	1.153713e-01	4.195244e-02
4.569407e+03	nan	nan	1.139451e-01	4.195160e-02
4.570072e+03	nan	nan	1.143814e-01	4.195075e-02
4.570737e+03	1.178721e-01	8.748111e-04	1.170743e-01	4.194989e-02
4.571402e+03	nan	nan	1.193282e-01	4.194903e-02
4.572067e+03	1.182935e-01	7.330442e-04	1.186012e-01	4.194817e-02
4.572732e+03	1.128473e-01	7.206049e-04	1.140905e-01	4.194731e-02
4.573397e+03	1.114974e-01	7.185393e-04	1.126514e-01	4.194644e-02
4.574062e+03	1.175544e-01	7.335678e-04	1.176741e-01	4.194556e-02
4.574727e+03	1.212597e-01	7.527764e-04	1.207577e-01	4.194469e-02
4.575392e+03	1.165061e-01	7.305516e-04	1.170409e-01	4.194380e-02
4.576057e+03	1.122955e-01	7.192170e-04	1.131496e-01	4.194292e-02
4.576722e+03	1.167932e-01	7.205540e-04	1.162678e-01	4.194203e-02
4.577387e+03	1.211063e-01	7.295375e-04	1.203687e-01	4.194113e-02
4.578052e+03	1.202607e-01	7.328811e-04	1.200569e-01	4.194024e-02
4.578717e+03	1.173679e-01	7.255558e-04	1.173025e-01	4.193933e-02
4.579382e+03	1.159575e-01	7.181494e-04	1.152171e-01	4.193843e-02
4.580047e+03	1.129504e-01	7.082632e-04	1.128649e-01	4.193752e-02
4.580712e+03	1.129503e-01	7.176761e-04	1.135638e-01	4.193661e-02
4.581377e+03	1.169725e-01	7.159661e-04	1.170552e-01	4.193569e-02
4.582042e+03	1.150662e-01	7.108260e-04	1.167766e-01	4.193477e-02
4.582707e+03	1.158074e-01	7.116162e-04	1.178345e-01	4.193384e-02
4.583372e+03	1.210497e-01	7.195011e-04	1.208481e-01	4.193291e-02
4.584037e+03	1.182353e-01	7.177574e-04	1.184694e-01	4.193198e-02
4.584702e+03	1.138439e-01	7.082502e-04	1.149556e-01	4.193104e-02
4.585367e+03	1.168617e-01	7.134187e-04	1.173759e-01	4.193010e-02
4.586032e+03	1.198710e-01	7.165866e-04	1.206148e-01	4.192915e-02
4.586697e+03	1.203683e-01	7.153160e-04	1.208085e-01	4.192821e-02
4.587362e+03	1.185637e-01	7.683550e-04	1.176792e-01	4.192725e-02
4.588027e+03	1.134224e-01	7.099662e-04	1.142880e-01	4.192630e-02
4.588692e+03	1.124522e-01	7.057151e-04	1.132077e-01	4.192533e-02
4.589357e+03	1.119378e-01	7.078956e-04	1.127036e-01	4.192437e-02
4.590022e+03	1.126395e-01	7.065344e-04	1.141260e-01	4.192340e-02
4.590687e+03	1.184929e-01	7.160324e-04	1.188698e-01	4.192243e-02
4.591352e+03	1.230185e-01	7.288677e-04	1.234347e-01	4.192145e-02
4.592017e+03	1.235424e-01	7.266468e-04	1.244704e-01	4.192047e-02
4.592682e+03	1.227645e-01	7.230605e-04	1.222551e-01	4.191949e-02
4.593347e+03	1.166087e-01	7.152147e-04	1.170201e-01	4.191850e-02
4.594012e+03	1.127074e-01	7.064817e-04	1.127586e-01	4.191751e-02
4.594677e+03	1.090850e-01	7.012924e-04	1.096986e-01	4.191651e-02
4.595342e+03	1.060470e-01	6.951795e-04	1.074325e-01	4.191551e-02
4.596007e+03	1.086159e-01	6.985108e-04	1.095298e-01	4.191450e-02
4.596672e+03	1.139835e-01	7.272702e-04	1.142561e-01	4.191350e-02
4.597337e+03	1.170569e-01	7.228161e-04	1.177477e-01	4.191248e-02
4.598002e+03	1.189446e-01	7.171584e-04	1.198701e-01	4.191147e-02
4.598667e+03	1.196362e-01	7.188237e-04	1.197445e-01	4.191045e-02
4.599332e+03	1.167945e-01	7.175754e-04	1.179985e-01	4.190943e-02
4.599997e+03	1.196122e-01	7.279700e-04	1.200161e-01	4.190840e-02
4.600662e+03	1.203027e-01	7.208422e-04	1.213509e-01	4.190737e-02
4.601327e+03	1.153258e-01	7.186525e-04	1.162138e-01	4.190633e-02
4.601992e+03	1.075805e-01	7.448210e-04	1.091066e-01	4.190529e-02
4.602657e+03	1.069822e-01	9.623612e-04	1.084584e-01	4.190425e-02
4.603322e+03	1.139880e-01	1.627039e-03	1.142205e-01	4.190320e-02
4.603987e+03	1.150959e-01	2.778756e-03	1.162749e-01	4.190215e-02
4.604652e+03	1.127444e-01	4.190719e-03	1.148089e-01	4.190110e-02
4.605317e+03	1.157436e-01	5.384400e-03	1.158082e-01	4.190004e-02
4.605982e+03	1.248277e-01	5.954798e-03	1.183386e-01	4.189898e-02
4.606647e+03	1.209810e-01	5.385545e-03	1.212971e-01	4.189791e-02
4.607312e+03	1.208296e-01	4.195695e-03	1.209209e-01	4.189684e-02
4.607977e+03	1.145912e-01	2.781777e-03	1.156369e-01	4.189577e-02
4.608642e+03	1.099585e-01	1.627069e-03	1.105313e-01	4.189469e-02
4.609307e+03	1.073381e-01	9.693038e-04	1.078237e-01	4.189361e-02
4.609972e+03	1.085587e-01	7.512692e-04	1.092642e-01	4.189252e-02
4.610637e+03	1.160997e-01	7.304063e-04	1.163642e-01	4.189143e-02
4.611302e+03	1.215651e-01	7.398151e-04	1.216890e-01	4.189034e-02
4.611967e+03	1.196232e-01	7.429080e-04	1.206248e-01	4.188924e-02
4.612632e+03	1.180283e-01	7.291470e-04	1.187901e-01	4.188814e-02
4.613297e+03	1.178107e-01	7.287042e-04	1.173376e-01	4.188704e-02
4.613962e+03	1.135663e-01	7.274451e-04	1.136119e-01	4.188593e-02
4.614627e+03	1.106080e-01	7.193318e-04	1.108113e-01	4.188482e-02
4.615292e+03	1.111329e-01	7.120124e-04	1.109227e-01	4.188370e-02
4.615957e+03	1.114633e-01	7.160150e-04	1.113576e-01	4.188258e-02
4.616622e+03	1.131719e-01	7.199185e-04	1.123725e-01	4.188146e-02
4.617287e+03	1.124144e-01	7.211567e-04	1.119496e-01	4.188033e-02
4.617952e+03	nan	nan	1.117486e-01	4.187920e-02
4.618617e+03	1.154231e-01	7.229865e-04	1.151037e-01	4.187806e-02
4.619282e+03	1.184466e-01	7.293980e-04	1.176066e-01	4.187692e-02
4.619947e+03	1.156719e-01	7.231192e-04	1.151430e-01	4.187578e-02
4.620612e+03	1.110302e-01	7.179324e-04	1.116885e-01	4.187463e-02
4.621277e+03	1.150007e-01	7.237178e-04	1.143591e-01	4.187348e-02
4.621942e+03	1.180996e-01	7.308402e-04	1.168128e-01	4.187233e-02
4.622607e+03	1.135131e-01	7.272178e-04	1.131290e-01	4.187117e-02
4.623272e+03	1.088020e-01	7.212324e-04	1.091512e-01	4.187001e-02
4.623937e+03	1.113341e-01	7.289570e-04	1.111155e-01	4.186884e-02
4.624602e+03	1.161821e-01	7.420398e-04	1.145735e-01	4.186767e-02
4.625267e+03	1.120784e-01	7.347465e-04	1.117729e-01	4.186650e-02
4.625932e+03	1.077464e-01	7.241821e-04	1.080088e-01	4.186532e-02
4.626597e+03	1.106356e-01	7.298352e-04	1.104521e-01	4.186414e-02
4.627262e+03	1.175044e-01	7.426674e-04	1.173428e-01	4.186296e-02
4.627927e+03	1.234207e-01	7.516264e-04	1.229213e-01	4.186177e-02
4.628592e+03	1.236318e-01	7.588737e-04	1.235637e-01	4.186058e-02
4.629257e+03	1.215047e-01	7.594155e-04	1.208679e-01	4.185938e-02
4.629922e+03	1.135758e-01	7.441972e-04	1.139274e-01	4.185818e-02
4.630587e+03	1.086341e-01	9.904443e-04	1.090882e-01	4.185698e-02
4.631252e+03	1.119225e-01	7.488203e-04	1.117607e-01	4.185577e-02
4.631917e+03	1.167669e-01	7.523395e-04	1.165074e-01	4.185456e-02
4.632582e+03	1.167539e-01	7.569684e-04	1.162816e-01	4.185334e-02
4.633247e+03	1.121425e-01	7.477168e-04	1.123895e-01	4.185213e-02
4.633912e+03	1.130827e-01	7.513874e-04	1.131041e-01	4.185090e-02
4.634577e+03	1.166049e-01	7.614374e-04	1.162597e-01	4.184968e-02
4.635242e+03	1.166775e-01	7.836200e-04	1.167978e-01	4.184845e-02
4.635907e+03	1.155557e-01	9.088234e-04	1.153316e-01	4.184721e-02
4.636572e+03	1.109766e-01	1.321187e-03	1.105305e-01	4.184598e-02
4.637237e+03	1.060126e-01	2.108144e-03	1.062832e-01	4.184474e-02
4.637902e+03	1.094221e-01	3.104893e-03	1.092157e-01	4.184349e-02
4.638567e+03	1.174578e-01	3.958636e-03	1.157234e-01	4.184224e-02
4.639232e+03	1.213167e-01	4.452646e-03	1.164214e-01	4.184099e-02
4.639897e+03	1.126837e-01	3.953098e-03	1.129473e-01	4.183973e-02
4.640562e+03	1.122798e-01	3.108995e-03	1.114790e-01	4.183847e-02
4.641227e+03	1.112690e-01	2.117839e-03	1.107200e-01	4.183721e-02
4.641892e+03	1.127286e-01	1.331381e-03	1.117466e-01	4.183594e-02
4.642557e+03	1.143749e-01	9.194120e-04	1.132066e-01	4.183467e-02
4.643222e+03	1.128438e-01	7.995705e-04	1.126303e-01	4.183340e-02
4.643887e+03	1.112415e-01	7.753409e-04	1.112978e-01	4.183212e-02
4.644552e+03	nan	nan	1.100754e-01	4.183084e-02
4.645217e+03	1.102184e-01	8.361912e-04	1.099208e-01	4.182955e-02
4.645882e+03	1.126885e-01	7.942005e-04	1.119834e-01	4.182826e-02
4.646547e+03	1.125593e-01	9.619020e-04	1.132040e-01	4.182697e-02
4.647212e+03	1.147972e-01	1.048564e-03	1.144058e-01	4.182567e-02
4.647877e+03	1.126773e-01	8.379902e-04	1.124288e-01	4.182437e-02
4.648542e+03	1.101759e-01	8.250459e-04	1.100723e-01	4.182307e-02
4.649207e+03	nan	nan	1.116591e-01	4.182176e-02
4.649872e+03	1.138506e-01	8.403501e-04	1.136376e-01	4.182045e-02
4.650537e+03	nan	nan	1.136485e-01	4.181913e-02
4.651202e+03	1.139267e-01	8.572330e-04	1.131956e-01	4.181781e-02
4.651867e+03	1.134098e-01	9.041612e-04	1.118380e-01	4.181649e-02
4.652532e+03	1.097852e-01	9.182171e-04	1.088677e-01	4.181517e-02
4.653197e+03	1.087477e-01	9.116795e-04	1.082333e-01	4.181384e-02
4.653862e+03	1.114040e-01	9.457242e-04	1.106142e-01	4.181250e-02
4.654527e+03	1.132620e-01	9.837442e-04	1.127188e-01	4.181116e-02
4.655192e+03	1.144150e-01	9.992056e-04	1.149633e-01	4.180982e-02
4.655857e+03	1.195261e-01	1.010408e-03	1.189361e-01	4.180848e-02
4.656522e+03	1.190592e-01	9.725783e-04	1.184117e-01	4.180713e-02
4.657187e+03	1.112980e-01	9.211685e-04	1.124188e-01	4.180578e-02
4.657852e+03	1.110033e-01	9.123933e-04	1.118272e-01	4.180442e-02
4.658517e+03	1.157922e-01	9.226950e-04	1.161584e-01	4.180306e-02
4.659182e+03	1.152526e-01	8.842859e-04	1.155125e-01	4.180170e-02
4.659847e+03	1.074641e-01	8.368799e-04	1.083922e-01	4.180033e-02
4.660512e+03	1.057356e-01	7.968761e-04	1.062452e-01	4.179896e-02
4.661177e+03	1.101992e-01	7.875236e-04	1.103110e-01	4.179759e-02
4.661842e+03	1.126124e-01	7.868045e-04	1.129533e-01	4.179621e-02
4.662507e+03	1.126898e-01	7.825074e-04	1.133343e-01	4.179483e-02
4.663172e+03	1.139809e-01	7.773481e-04	1.143210e-01	4.179345e-02
4.663837e+03	1.139708e-01	7.792649e-04	1.157426e-01	4.179206e-02
4.664502e+03	1.158411e-01	7.843164e-04	1.175147e-01	4.179066e-02
4.665167e+03	1.186880e-01	7.863386e-04	1.192663e-01	4.178927e-02
4.665832e+03	1.174786e-01	7.874631e-04	1.174928e-01	4.178787e-02
4.666497e+03	1.116503e-01	7.694793e-04	1.115026e-01	4.178647e-02
4.667162e+03	1.063892e-01	7.621649e-04	1.059514e-01	4.178506e-02
4.667827e+03	1.061577e-01	7.647479e-04	1.056955e-01	4.178365e-02
4.668492e+03	1.102533e-01	7.772293e-04	1.099297e-01	4.178224e-02
4.669157e+03	1.131566e-01	7.832424e-04	1.131928e-01	4.178082e-02
4.669822e+03	1.131559e-01	7.834019e-04	1.138617e-01	4.177940e-02
4.670487e+03	1.131795e-01	1.314139e-03	1.146925e-01	4.177797e-02
4.671152e+03	nan	nan	1.160256e-01	4.177654e-02
4.671817e+03	1.168841e-01	1.412844e-03	1.165582e-01	4.177511e-02
4.672482e+03	1.134689e-01	7.840016e-04	1.133358e-01	4.177368e-02
4.673147e+03	1.076459e-01	7.696017e-04	1.078245e-01	4.177224e-02
4.673812e+03	1.032854e-01	7.595549e-04	1.041441e-01	4.177079e-02
4.674477e+03	1.041757e-01	7.592806e-04	1.045182e-01	4.176935e-02
4.675142e+03	1.088132e-01	7.774027e-04	1.089074e-01	4.176790e-02
4.675807e+03	1.130479e-01	1.057127e-03	1.134391e-01	4.176644e-02
4.676472e+03	1.163583e-01	9.315683e-04	1.167065e-01	4.176499e-02
4.677137e+03	1.170249e-01	8.210416e-04	1.176564e-01	4.176353e-02
4.677802e+03	1.165483e-01	8.032045e-04	1.159647e-01	4.176206e-02
4.678467e+03	1.108643e-01	7.683508e-04	1.120444e-01	4.176059e-02
4.679132e+03	1.085806e-01	7.545196e-04	1.103894e-01	4.175912e-02
4.679797e+03	1.114080e-01	7.631097e-04	1.119255e-01	4.175765e-02
4.680462e+03	1.113961e-01	7.590203e-04	1.117418e-01	4.175617e-02
4.681127e+03	1.080128e-01	7.506755e-04	1.095649e-01	4.175469e-02
4.681792e+03	1.108998e-01	7.530628e-04	1.106742e-01	4.175320e-02
4.682457e+03	1.109536e-01	7.479546e-04	1.101650e-01	4.175171e-02
4.683122e+03	1.061841e-01	7.327933e-04	1.067422e-01	4.175022e-02
4.683787e+03	1.098155e-01	7.378737e-04	1.096678e-01	4.174872e-02
4.684452e+03	1.139897e-01	7.378202e-04	1.136266e-01	4.174722e-02
4.685117e+03	1.122549e-01	7.342278e-04	1.123749e-01	4.174572e-02
4.685782e+03	1.117391e-01	7.259690e-04	1.123109e-01	4.174421e-02
4.686447e+03	1.146889e-01	7.294164e-04	1.155681e-01	4.174270e-02
4.687112e+03	1.151035e-01	7.253022e-04	1.165138e-01	4.174119e-02
4.687777e+03	1.149121e-01	7.268462e-04	1.154901e-01	4.173967e-02
4.688442e+03	1.120623e-01	7.308305e-04	1.135814e-01	4.173815e-02
4.689107e+03	1.128422e-01	7.207335e-04	1.141923e-01	4.173662e-02
4.689772e+03	1.144254e-01	7.211729e-04	1.149370e-01	4.173510e-02
4.690437e+03	1.105406e-01	7.161656e-04	1.106935e-01	4.173356e-02
4.691102e+03	1.056691e-01	7.089265e-04	1.054542e-01	4.173203e-02
4.691767e+03	1.062081e-01	7.116632e-04	1.060536e-01	4.173049e-02
4.692432e+03	1.112732e-01	7.186629e-04	1.109660e-01	4.172895e-02
4.693097e+03	1.156059e-01	7.272448e-04	1.159997e-01	4.172740e-02
4.693762e+03	1.176370e-01	7.307128e-04	1.182229e-01	4.172585e-02
4.694427e+03	1.151989e-01	7.285467e-04	1.160631e-01	4.172430e-02
4.695092e+03	1.116868e-01	7.225141e-04	1.120176e-01	4.172274e-02
4.695757e+03	1.078083e-01	7.173208e-04	1.084635e-01	4.172118e-02
4.696422e+03	1.088444e-01	7.153514e-04	1.093227e-01	4.171962e-02
4.697087e+03	1.129818e-01	7.180437e-04	1.132799e-01	4.171805e-02
4.697752e+03	1.132861e-01	7.183881e-04	1.135578e-01	4.171648e-02
4.698417e+03	1.091237e-01	7.071425e-04	1.094877e-01	4.171491e-02
4.699082e+03	1.064598e-01	7.036870e-04	1.058713e-01	4.171333e-02
4.699747e+03	nan	nan	1.039173e-01	4.171175e-02
4.700412e+03	nan	nan	1.064668e-01	4.171016e-02
4.701077e+03	1.136623e-01	7.113630e-04	1.138522e-01	4.170857e-02
4.701742e+03	1.168330e-01	7.153593e-04	1.170744e-01	4.170698e-02
4.702407e+03	1.147066e-01	7.090833e-04	1.147608e-01	4.170539e-02
4.703072e+03	1.105022e-01	7.052595e-04	1.111103e-01	4.170379e-02
4.703737e+03	1.103143e-01	7.070370e-04	1.108160e-01	4.170219e-02
4.704402e+03	1.142701e-01	7.099158e-04	1.135192e-01	4.170058e-02
4.705067e+03	1.139490e-01	7.083128e-04	1.131733e-01	4.169897e-02
4.705732e+03	1.113731e-01	7.043311e-04	1.118973e-01	4.169736e-02
4.706397e+03	1.099161e-01	6.988851e-04	1.109993e-01	4.169574e-02
4.707062e+03	1.076845e-01	6.971771e-04	1.084809e-01	4.169413e-02
4.707727e+03	1.063671e-01	6.949615e-04	1.065743e-01	4.169250e-02
4.708392e+03	1.067015e-01	6.952358e-04	1.060473e-01	4.169088e-02
4.709057e+03	1.070114e-01	6.938605e-04	1.072710e-01	4.168925e-02
4.709722e+03	1.124156e-01	6.999126e-04	1.123302e-01	4.168761e-02
4.710387e+03	1.125893e-01	7.103499e-04	1.128749e-01	4.168598e-02
4.711052e+03	1.072222e-01	7.001655e-04	1.084296e-01	4.168434e-02
4.711717e+03	1.072697e-01	7.024999e-04	1.079443e-01	4.168269e-02
4.712382e+03	1.092057e-01	7.065105e-04	1.095899e-01	4.168105e-02
4.713047e+03	1.099624e-01	7.049337e-04	1.100922e-01	4.167939e-02
4.713712e+03	1.097296e-01	6.995183e-04	1.100505e-01	4.167774e-02
4.714377e+03	1.120905e-01	7.046414e-04	1.121033e-01	4.167608e-02
4.715042e+03	1.135365e-01	7.083390e-04	1.135357e-01	4.167442e-02
4.715707e+03	nan	nan	1.119417e-01	4.167276e-02
4.716372e+03	1.100898e-01	7.036339e-04	1.106393e-01	4.167109e-02
4.717037e+03	1.083822e-01	7.028240e-04	1.085174e-01	4.166942e-02
4.717702e+03	1.055301e-01	6.974841e-04	1.050919e-01	4.166775e-02
4.718367e+03	1.040399e-01	6.969443e-04	1.037546e-01	4.166607e-02
4.719032e+03	1.056966e-01	7.017271e-04	1.057365e-01	4.166439e-02
4.719697e+03	1.109565e-01	7.123197e-04	1.101564e-01	4.166270e-02
4.720362e+03	1.125510e-01	7.118676e-04	1.123691e-01	4.166101e-02
4.721027e+03	1.114781e-01	7.120147e-04	1.117657e-01	4.165932e-02
4.721692e+03	1.128103e-01	7.129573e-04	1.126698e-01	4.165763e-02
4.722357e+03	1.160207e-01	7.160865e-04	1.150721e-01	4.165593e-02
4.723022e+03	1.155481e-01	7.161354e-04	1.152407e-01	4.165423e-02
4.723687e+03	1.134554e-01	7.114673e-04	1.138144e-01	4.165252e-02
4.724352e+03	1.131999e-01	7.108267e-04	1.131650e-01	4.165081e-02
4.725017e+03	1.115999e-01	7.580614e-04	1.114464e-01	4.164910e-02
4.725682e+03	1.078059e-01	7.047065e-04	1.080576e-01	4.164738e-02
4.726347e+03	1.048140e-01	7.020314e-04	1.047365e-01	4.164566e-02
4.727012e+03	1.043260e-01	7.030319e-04	1.044501e-01	4.164394e-02
4.727677e+03	1.058319e-01	7.081218e-04	1.065219e-01	4.164222e-02
4.728342e+03	1.067111e-01	7.108390e-04	1.075792e-01	4.164049e-02
4.729007e+03	1.071580e-01	7.118340e-04	1.076224e-01	4.163875e-02
4.729672e+03	1.060473e-01	7.085430e-04	1.068237e-01	4.163702e-02
4.730337e+03	1.087740e-01	7.188283e-04	1.087883e-01	4.163528e-02
4.731002e+03	1.112772e-01	7.178485e-04	1.118039e-01	4.163354e-02
4.731667e+03	1.135469e-01	7.260903e-04	1.138003e-01	4.163179e-02
4.732332e+03	1.123516e-01	7.292939e-04	1.122587e-01	4.163004e-02
4.732997e+03	1.081949e-01	7.176850e-04	1.085877e-01	4.162829e-02
4.733662e+03	1.080517e-01	7.227789e-04	1.076209e-01	4.162653e-02
4.734327e+03	1.070135e-01	7.210935e-04	1.075908e-01	4.162477e-02
4.734992e+03	1.065796e-01	7.224435e-04	1.065091e-01	4.162301e-02
4.735657e+03	1.050952e-01	7.227087e-04	1.049656e-01	4.162124e-02
4.736322e+03	1.056187e-01	7.270116e-04	1.061497e-01	4.161947e-02
4.736987e+03	1.087368e-01	7.353246e-04	1.097261e-01	4.161770e-02
4.737652e+03	1.112542e-01	7.369615e-04	1.123012e-01	4.161593e-02
4.738317e+03	1.116586e-01	7.375572e-04	1.126185e-01	4.161415e-02
4.738982e+03	1.111836e-01	7.400358e-04	1.116468e-01	4.161236e-02
4.739647e+03	1.114340e-01	7.433228e-04	1.109412e-01	4.161058e-02
4.740312e+03	1.097381e-01	7.449112e-04	1.084773e-01	4.160879e-02
4.740977e+03	1.070479e-01	7.361470e-04	1.056657e-01	4.160699e-02
4.741642e+03	1.061090e-01	7.395640e-04	1.050467e-01	4.160520e-02
4.742307e+03	1.068619e-01	7.386653e-04	1.064784e-01	4.160340e-02
4.742972e+03	1.112764e-01	7.515892e-04	1.110397e-01	4.160159e-02
4.743637e+03	1.146164e-01	7.584892e-04	1.151733e-01	4.159979e-02
4.744302e+03	1.113617e-01	7.531018e-04	1.122318e-01	4.159798e-02
4.744967e+03	1.053872e-01	7.458144e-04	1.053354e-01	4.159617e-02
4.745632e+03	1.041398e-01	7.411431e-04	1.044636e-01	4.159435e-02
4.746297e+03	1.094973e-01	7.559522e-04	1.097882e-01	4.159253e-02
4.746962e+03	1.119007e-01	7.614645e-04	1.131172e-01	4.159071e-02
4.747627e+03	1.120176e-01	7.656318e-04	1.132229e-01	4.158888e-02
4.748292e+03	1.103334e-01	7.645982e-04	1.115726e-01	4.158705e-02
4.748957e+03	1.097971e-01	7.720524e-04	1.099297e-01	4.158522e-02
4.749622e+03	1.075989e-01	7.685120e-04	1.076662e-01	4.158338e-02
4.750287e+03	1.061748e-01	7.648364e-04	1.062992e-01	4.158154e-02
4.750952e+03	1.078934e-01	7.747715e-04	1.074900e-01	4.157970e-02
4.751617e+03	1.080655e-01	7.779860e-04	1.082128e-01	4.157785e-02
4.752282e+03	1.094039e-01	7.807048e-04	1.101578e-01	4.157600e-02
4.752947e+03	1.120960e-01	7.898124e-04	1.126163e-01	4.157415e-02
4.753612e+03	nan	nan	1.101586e-01	4.157229e-02
4.754277e+03	1.037906e-01	7.676389e-04	1.044935e-01	4.157044e-02
4.754942e+03	1.032404e-01	7.777268e-04	1.035455e-01	4.156857e-02
4.755607e+03	nan	nan	1.073842e-01	4.156671e-02
4.756272e+03	1.117482e-01	7.931886e-04	1.122418e-01	4.156484e-02
4.756937e+03	1.124896e-01	7.906144e-04	1.136378e-01	4.156296e-02
4.757602e+03	1.122187e-01	7.966127e-04	1.127463e-01	4.156109e-02
4.758267e+03	1.106914e-01	7.914470e-04	1.103828e-01	4.155921e-02
4.758932e+03	1.076410e-01	8.162602e-04	1.077837e-01	4.155733e-02
4.759597e+03	1.102089e-01	8.389271e-04	1.100419e-01	4.155544e-02
4.760262e+03	1.123078e-01	8.391036e-04	1.123573e-01	4.155355e-02
4.760927e+03	1.109326e-01	8.289921e-04	1.113678e-01	4.155166e-02
4.761592e+03	1.082672e-01	7.783493e-04	1.092039e-01	4.154977e-02
4.762257e+03	1.053747e-01	7.748652e-04	1.065002e-01	4.154787e-02
4.762922e+03	1.038518e-01	7.653542e-04	1.047298e-01	4.154597e-02
4.763587e+03	1.045853e-01	7.697930e-04	1.040175e-01	4.154406e-02
4.764252e+03	1.047701e-01	7.629185e-04	1.044170e-01	4.154215e-02
4.764917e+03	1.060226e-01	7.610381e-04	1.062981e-01	4.154024e-02
4.765582e+03	1.055380e-01	7.564915e-04	1.064518e-01	4.153832e-02
4.766247e+03	1.056984e-01	7.540219e-04	1.055306e-01	4.153641e-02
4.766912e+03	1.047537e-01	7.495501e-04	1.041722e-01	4.153449e-02
4.767577e+03	1.034851e-01	7.458821e-04	1.029762e-01	4.153256e-02
4.768242e+03	1.052261e-01	7.458451e-04	1.047752e-01	4.153063e-02
4.768907e+03	1.097838e-01	7.554164e-04	1.096312e-01	4.152870e-02
4.769572e+03	1.118980e-01	7.576870e-04	1.121676e-01	4.152677e-02
4.770237e+03	1.103177e-01	7.949272e-04	1.108848e-01	4.152483e-02
4.770902e+03	1.099775e-01	7.515093e-04	1.098546e-01	4.152289e-02
4.771567e+03	1.093699e-01	7.455938e-04	1.096170e-01	4.152094e-02
4.772232e+03	1.059603e-01	7.394245e-04	1.063747e-01	4.151900e-02
4.772897e+03	1.024932e-01	7.555825e-04	1.023381e-01	4.151705e-02
4.773562e+03	1.027088e-01	7.341402e-04	1.020115e-01	4.151509e-02
4.774227e+03	1.072289e-01	7.386230e-04	1.058929e-01	4.151314e-02
4.774892e+03	1.077131e-01	7.348578e-04	1.076112e-01	4.151118e-02
4.775557e+03	1.054145e-01	7.297689e-04	1.055043e-01	4.150921e-02
4.776222e+03	1.060424e-01	7.335072e-04	1.050415e-01	4.150725e-02
4.776887e+03	1.055640e-01	7.327953e-04	1.043903e-01	4.150528e-02
4.777552e+03	1.073135e-01	7.354113e-04	1.049468e-01	4.150330e-02
4.778217e+03	1.073691e-01	7.303957e-04	1.053122e-01	4.150133e-02
4.778882e+03	1.047494e-01	7.237968e-04	1.032539e-01	4.149935e-02
4.779547e+03	1.026628e-01	7.193351e-04	1.020321e-01	4.149736e-02
4.780212e+03	1.039089e-01	7.226699e-04	1.032053e-01	4.149538e-02
4.780877e+03	1.064368e-01	7.197294e-04	1.056670e-01	4.149339e-02
4.781542e+03	1.082850e-01	7.221546e-04	1.073565e-01	4.149140e-02
4.782207e+03	1.095148e-01	7.278263e-04	1.082257e-01	4.148940e-02
4.782872e+03	1.073827e-01	7.199354e-04	1.060479e-01	4.148740e-02
4.783537e+03	1.027072e-01	7.057978e-04	1.024373e-01	4.148540e-02
4.784202e+03	1.028728e-01	7.064950e-04	1.030507e-01	4.148340e-02
4.784867e+03	1.044424e-01	7.043221e-04	1.055846e-01	4.148139e-02
4.785532e+03	1.052752e-01	7.083267e-04	1.052969e-01	4.147938e-02
4.786197e+03	1.030525e-01	7.017055e-04	1.024151e-01	4.147736e-02
4.786862e+03	1.038158e-01	7.053153e-04	1.032035e-01	4.147535e-02
4.787527e+03	1.070340e-01	7.076562e-04	1.063543e-01	4.147332e-02
4.788192e+03	1.113146e-01	7.119217e-04	1.095896e-01	4.147130e-02
4.788857e+03	1.146679e-01	7.176590e-04	1.127370e-01	4.146927e-02
4.789522e+03	1.134467e-01	7.124630e-04	1.126724e-01	4.146724e-02
4.790187e+03	1.097469e-01	7.078201e-04	1.097658e-01	4.146521e-02
4.790852e+03	1.064276e-01	7.002355e-04	1.068424e-01	4.146317e-02
4.791517e+03	1.063169e-01	6.984932e-04	1.064118e-01	4.146113e-02
4.792182e+03	1.066334e-01	7.050373e-04	1.066846e-01	4.145909e-02
4.792847e+03	1.040195e-01	7.445519e-04	1.035351e-01	4.145704e-02
4.793512e+03	1.015928e-01	8.861404e-04	1.007561e-01	4.145500e-02
4.794177e+03	1.020123e-01	1.197225e-03	1.014195e-01	4.145294e-02
4.794842e+03	1.025255e-01	1.611308e-03	1.021301e-01	4.145089e-02
4.795507e+03	1.042533e-01	1.970351e-03	1.028472e-01	4.144883e-02
4.796172e+03	1.077539e-01	2.113939e-03	1.050789e-01	4.144677e-02
4.796837e+03	1.085802e-01	1.972662e-03	1.073223e-01	4.144470e-02
4.797502e+03	1.096391e-01	1.615635e-03	1.103009e-01	4.144263e-02
4.798167e+03	1.132507e-01	1.207590e-03	1.144514e-01	4.144056e-02
4.798832e+03	1.158476e-01	9.054060e-04	1.163546e-01	4.143849e-02
4.799497e+03	1.137358e-01	7.581908e-04	1.135334e-01	4.143641e-02
4.800162e+03	1.089335e-01	7.614246e-04	1.082908e-01	4.143433e-02
4.800827e+03	nan	nan	1.039496e-01	4.143225e-02
4.801492e+03	1.053742e-01	6.983854e-04	1.042744e-01	4.143016e-02
4.802157e+03	1.064472e-01	7.011759e-04	1.058099e-01	4.142807e-02
4.802822e+03	1.042346e-01	7.026664e-04	1.037554e-01	4.142598e-02
4.803487e+03	1.041425e-01	6.987407e-04	1.029063e-01	4.142388e-02
4.804152e+03	1.052347e-01	6.976963e-04	1.035545e-01	4.142178e-02
4.804817e+03	1.036388e-01	6.923011e-04	1.024864e-01	4.141968e-02
4.805482e+03	1.071996e-01	6.995521e-04	1.055031e-01	4.141757e-02
4.806147e+03	1.100600e-01	6.983481e-04	1.087219e-01	4.141547e-02
4.806812e+03	1.076236e-01	6.907303e-04	1.076498e-01	4.141335e-02
4.807477e+03	1.075748e-01	6.952675e-04	1.067527e-01	4.141124e-02
4.808142e+03	1.078031e-01	6.947082e-04	1.068206e-01	4.140912e-02
4.808807e+03	1.087240e-01	6.979798e-04	1.076783e-01	4.140700e-02
4.809472e+03	1.081283e-01	6.963520e-04	1.073606e-01	4.140488e-02
4.810137e+03	1.047916e-01	6.922721e-04	1.044604e-01	4.140275e-02
4.810802e+03	1.023160e-01	6.888065e-04	1.020229e-01	4.140062e-02
4.811467e+03	1.026538e-01	6.900882e-04	1.021622e-01	4.139849e-02
4.812132e+03	1.044463e-01	6.937660e-04	1.038030e-01	4.139635e-02
4.812797e+03	1.028634e-01	6.904533e-04	1.024408e-01	4.139421e-02
4.813462e+03	1.000780e-01	6.951904e-04	9.925365e-02	4.139207e-02
4.814127e+03	9.954947e-02	6.879402e-04	9.852690e-02	4.138992e-02
4.814792e+03	1.005275e-01	6.894649e-04	1.003839e-01	4.138777e-02
4.815457e+03	1.038917e-01	6.962106e-04	1.041296e-01	4.138562e-02
4.816122e+03	1.077045e-01	7.055709e-04	1.074112e-01	4.138347e-02
4.816787e+03	1.079266e-01	7.075306e-04	1.081783e-01	4.138131e-02
4.817452e+03	1.074280e-01	7.111653e-04	1.077182e-01	4.137915e-02
4.818117e+03	1.070376e-01	7.090381e-04	1.067494e-01	4.137698e-02
4.818782e+03	1.057111e-01	7.096217e-04	1.051726e-01	4.137482e-02
4.819447e+03	1.045462e-01	7.066317e-04	1.038534e-01	4.137265e-02
4.820112e+03	1.058167e-01	7.147157e-04	1.046184e-01	4.137047e-02
4.820777e+03	1.051013e-01	7.147337e-04	1.054684e-01	4.136830e-02
4.821442e+03	1.081570e-01	7.225426e-04	1.088810e-01	4.136612e-02
4.822107e+03	1.101288e-01	7.260979e-04	1.110042e-01	4.136394e-02
4.822772e+03	1.061696e-01	7.239645e-04	1.062294e-01	4.136175e-02
4.823437e+03	9.988800e-02	7.223660e-04	9.935826e-02	4.135956e-02
4.824102e+03	9.909150e-02	7.206138e-04	9.906165e-02	4.135737e-02
4.824767e+03	1.037903e-01	7.324272e-04	1.043899e-01	4.135518e-02
4.825432e+03	1.065539e-01	7.396400e-04	1.079866e-01	4.135298e-02
4.826097e+03	1.072053e-01	7.458992e-04	1.083391e-01	4.135078e-02
4.826762e+03	1.078475e-01	7.476209e-04	1.076990e-01	4.134857e-02
4.827427e+03	1.069094e-01	7.503528e-04	1.062180e-01	4.134637e-02
4.828092e+03	1.056653e-01	7.496034e-04	1.050294e-01	4.134416e-02
4.828757e+03	1.059362e-01	7.612060e-04	1.064087e-01	4.134195e-02
4.829422e+03	1.092286e-01	7.671198e-04	1.095492e-01	4.133973e-02
4.830087e+03	1.101101e-01	1.288373e-03	1.103970e-01	4.133751e-02
4.830752e+03	1.080221e-01	7.651547e-04	1.087745e-01	4.133529e-02
4.831417e+03	1.066039e-01	7.683483e-04	1.070386e-01	4.133306e-02
4.832082e+03	1.067073e-01	7.618437e-04	1.067120e-01	4.133084e-02
4.832747e+03	1.049274e-01	7.601876e-04	1.051098e-01	4.132861e-02
4.833412e+03	9.969985e-02	7.544688e-04	9.930047e-02	4.132637e-02
4.834077e+03	9.896291e-02	7.448190e-04	9.852163e-02	4.132414e-02
4.834742e+03	1.037414e-01	9.395948e-04	1.040846e-01	4.132190e-02
4.835407e+03	1.041997e-01	7.561905e-04	1.053137e-01	4.131965e-02
4.836072e+03	1.030357e-01	7.620501e-04	1.036973e-01	4.131741e-02
4.836737e+03	1.042546e-01	7.599194e-04	1.039808e-01	4.131516e-02
4.837402e+03	1.041121e-01	7.585110e-04	1.043545e-01	4.131291e-02
4.838067e+03	nan	nan	1.065316e-01	4.131065e-02
4.838732e+03	1.088759e-01	7.672994e-04	1.089494e-01	4.130840e-02
4.839397e+03	1.087118e-01	7.680130e-04	1.084915e-01	4.130613e-02
4.840062e+03	nan	nan	1.058087e-01	4.130387e-02
4.840727e+03	1.015883e-01	7.725221e-04	1.021943e-01	4.130160e-02
4.841392e+03	1.023849e-01	7.678990e-04	1.027313e-01	4.129933e-02
4.842057e+03	1.044256e-01	7.820261e-04	1.048433e-01	4.129706e-02
4.842722e+03	1.022440e-01	7.667867e-04	1.031882e-01	4.129479e-02
4.843387e+03	9.826098e-02	7.653797e-04	9.936940e-02	4.129251e-02
4.844052e+03	9.774598e-02	7.781357e-04	9.817736e-02	4.129023e-02
4.844717e+03	1.034828e-01	7.891213e-04	1.035854e-01	4.128794e-02
4.845382e+03	1.086057e-01	7.931572e-04	1.093910e-01	4.128566e-02
4.846047e+03	1.094629e-01	7.902496e-04	1.101787e-01	4.128336e-02
4.846712e+03	1.076027e-01	7.871355e-04	1.077595e-01	4.128107e-02
4.847377e+03	1.063727e-01	7.826186e-04	1.065900e-01	4.127878e-02
4.848042e+03	1.055166e-01	7.768707e-04	1.053279e-01	4.127648e-02
4.848707e+03	1.039177e-01	7.659458e-04	1.035865e-01	4.127417e-02
4.849372e+03	1.053445e-01	7.713790e-04	1.041093e-01	4.127187e-02
4.850037e+03	1.053652e-01	7.777838e-04	1.049378e-01	4.126956e-02
4.850702e+03	1.066834e-01	7.777165e-04	1.066235e-01	4.126725e-02
4.851367e+03	1.081647e-01	7.772407e-04	1.084188e-01	4.126494e-02
4.852032e+03	1.077384e-01	7.751556e-04	1.078125e-01	4.126262e-02
4.852697e+03	1.033977e-01	7.605733e-04	1.038726e-01	4.126030e-02
4.853362e+03	9.861159e-02	7.440139e-04	9.936370e-02	4.125798e-02
4.854027e+03	9.896471e-02	7.459163e-04	9.842412e-02	4.125565e-02
4.854692e+03	1.001197e-01	7.450267e-04	9.930533e-02	4.125332e-02
4.855357e+03	1.022759e-01	7.494694e-04	1.017958e-01	4.125099e-02
4.856022e+03	1.024629e-01	7.449140e-04	1.026485e-01	4.124866e-02
4.856687e+03	1.010518e-01	7.381351e-04	1.012999e-01	4.124632e-02
4.857352e+03	1.010920e-01	7.385647e-04	1.013338e-01	4.124398e-02
4.858017e+03	1.016613e-01	7.369892e-04	1.016567e-01	4.124164e-02
4.858682e+03	1.038517e-01	7.387518e-04	1.036554e-01	4.123929e-02
4.859347e+03	1.065753e-01	7.393876e-04	1.068616e-01	4.123694e-02
4.860012e+03	1.081022e-01	7.442948e-04	1.085212e-01	4.123459e-02
4.860677e+03	1.068704e-01	7.395810e-04	1.073797e-01	4.123223e-02
4.861342e+03	1.067351e-01	7.371404e-04	1.072479e-01	4.122988e-02
4.862007e+03	1.081694e-01	7.399193e-04	1.085443e-01	4.122752e-02
4.862672e+03	1.065236e-01	7.302747e-04	1.070837e-01	4.122515e-02
4.863337e+03	1.014305e-01	7.177551e-04	1.020944e-01	4.122279e-02
4.864002e+03	9.662770e-02	7.099249e-04	9.697848e-02	4.122042e-02
4.864667e+03	9.636550e-02	7.076666e-04	9.592071e-02	4.121804e-02
4.865332e+03	9.697972e-02	7.686117e-04	9.631739e-02	4.121567e-02
4.865997e+03	9.819792e-02	7.051595e-04	9.871369e-02	4.121329e-02
4.866662e+03	1.016410e-01	7.130282e-04	1.023796e-01	4.121091e-02
4.867327e+03	nan	nan	1.020405e-01	4.120853e-02
4.867992e+03	1.027542e-01	7.105682e-04	1.021649e-01	4.120614e-02
4.868657e+03	1.054310e-01	7.138833e-04	1.044822e-01	4.120375e-02
4.869322e+03	1.052403e-01	7.179117e-04	1.049259e-01	4.120136e-02
4.869987e+03	1.048735e-01	7.116202e-04	1.048030e-01	4.119896e-02
4.870652e+03	1.047238e-01	7.090700e-04	1.043546e-01	4.119656e-02
4.871317e+03	1.032760e-01	7.038472e-04	1.027676e-01	4.119416e-02
4.871982e+03	1.036739e-01	7.056103e-04	1.026216e-01	4.119176e-02
4.872647e+03	1.028862e-01	6.981121e-04	1.026748e-01	4.118935e-02
4.873312e+03	9.988065e-02	6.946812e-04	9.997392e-02	4.118694e-02
4.873977e+03	9.742944e-02	6.942853e-04	9.773806e-02	4.118453e-02
4.874642e+03	9.934328e-02	7.116215e-04	9.977098e-02	4.118212e-02
4.875307e+03	1.004395e-01	7.738899e-04	1.007482e-01	4.117970e-02
4.875972e+03	9.697432e-02	9.811393e-04	9.700103e-02	4.117728e-02
4.876637e+03	9.639724e-02	1.386534e-03	9.651712e-02	4.117485e-02
4.877302e+03	9.915683e-02	1.898190e-03	9.910269e-02	4.117243e-02
4.877967e+03	1.038536e-01	2.329810e-03	1.013437e-01	4.117000e-02
4.878632e+03	1.055633e-01	2.499514e-03	1.024867e-01	4.116756e-02
4.879297e+03	1.058031e-01	2.330788e-03	1.047141e-01	4.116513e-02
4.879962e+03	1.072678e-01	1.901928e-03	1.072742e-01	4.116269e-02
4.880627e+03	1.057480e-01	1.393209e-03	1.066064e-01	4.116025e-02
4.881292e+03	1.052187e-01	9.882798e-04	1.043509e-01	4.115781e-02
4.881957e+03	1.037271e-01	7.752881e-04	1.029590e-01	4.115536e-02
4.882622e+03	1.048086e-01	7.108971e-04	1.044546e-01	4.115291e-02
4.883287e+03	1.044965e-01	7.086989e-04	1.049828e-01	4.115046e-02
4.883952e+03	9.981012e-02	6.872048e-04	1.006752e-01	4.114800e-02
4.884617e+03	9.686381e-02	6.825307e-04	9.780542e-02	4.114554e-02
4.885282e+03	9.787743e-02	6.820019e-04	9.858028e-02	4.114308e-02
4.885947e+03	9.890867e-02	6.875103e-04	1.000773e-01	4.114062e-02
4.886612e+03	9.844555e-02	6.863470e-04	9.892797e-02	4.113815e-02
4.887277e+03	9.872956e-02	6.873217e-04	9.857940e-02	4.113568e-02
4.887942e+03	1.028308e-01	6.952210e-04	1.026737e-01	4.113321e-02
4.888607e+03	1.063681e-01	7.022833e-04	1.066624e-01	4.113074e-02
4.889272e+03	1.067070e-01	7.017927e-04	1.069988e-01	4.112826e-02
4.889937e+03	1.034560e-01	6.966507e-04	1.043180e-01	4.112578e-02
4.890602e+03	1.043902e-01	7.052353e-04	1.036905e-01	4.112330e-02
4.891267e+03	1.056524e-01	7.108807e-04	1.050272e-01	4.112081e-02
4.891932e+03	1.041826e-01	7.082797e-04	1.052250e-01	4.111832e-02
4.892597e+03	1.021022e-01	7.033473e-04	1.034836e-01	4.111583e-02
4.893262e+03	1.017743e-01	7.063104e-04	1.018882e-01	4.111333e-02
4.893927e+03	1.021834e-01	7.071865e-04	1.015764e-01	4.111084e-02
4.894592e+03	9.790912e-02	7.022048e-04	9.788668e-02	4.110834e-02
4.895257e+03	9.471198e-02	7.008658e-04	9.559513e-02	4.110583e-02
4.895922e+03	9.796822e-02	7.121771e-04	9.944156e-02	4.110333e-02
4.896587e+03	1.012667e-01	7.223295e-04	1.027362e-01	4.110082e-02
4.897252e+03	1.004702e-01	7.222368e-04	1.007770e-01	4.109831e-02
4.897917e+03	9.454147e-02	7.043717e-04	9.488981e-02	4.109580e-02
4.898582e+03	9.200733e-02	7.028860e-04	9.258716e-02	4.109328e-02
4.899247e+03	9.505489e-02	7.124568e-04	9.571038e-02	4.109076e-02
4.899912e+03	1.007914e-01	7.159950e-04	1.010135e-01	4.108824e-02
4.900577e+03	1.067419e-01	7.295948e-04	1.065336e-01	4.108571e-02
4.901242e+03	1.076076e-01	7.340527e-04	1.074750e-01	4.108318e-02
4.901907e+03	1.035674e-01	7.918554e-04	1.039468e-01	4.108065e-02
4.902572e+03	1.022853e-01	7.266288e-04	1.030713e-01	4.107812e-02
4.903237e+03	1.050944e-01	7.732903e-04	1.049026e-01	4.107558e-02
4.903902e+03	1.053342e-01	7.507216e-04	1.051770e-01	4.107304e-02
4.904567e+03	1.025741e-01	7.446103e-04	1.027344e-01	4.107050e-02
4.905232e+03	9.721470e-02	7.443726e-04	9.733297e-02	4.106796e-02
4.905897e+03	9.643205e-02	7.457836e-04	9.586309e-02	4.106541e-02
4.906562e+03	9.841282e-02	7.545023e-04	9.801308e-02	4.106286e-02
4.907227e+03	1.001366e-01	7.633671e-04	9.990168e-02	4.106031e-02
4.907892e+03	9.999422e-02	7.427703e-04	1.003464e-01	4.105775e-02
4.908557e+03	9.864913e-02	7.441572e-04	9.833705e-02	4.105520e-02
4.909222e+03	9.662045e-02	7.380224e-04	9.598109e-02	4.105263e-02
4.909887e+03	1.004955e-01	7.471388e-04	9.923805e-02	4.105007e-02
4.910552e+03	1.043110e-01	7.576245e-04	1.035500e-01	4.104750e-02
4.911217e+03	1.039484e-01	7.587281e-04	1.040256e-01	4.104494e-02
4.911882e+03	1.037596e-01	7.580208e-04	1.038092e-01	4.104236e-02
4.912547e+03	1.032463e-01	7.591983e-04	1.029905e-01	4.103979e-02
4.913212e+03	1.033720e-01	7.636112e-04	1.020487e-01	4.103721e-02
4.913877e+03	1.025085e-01	7.632861e-04	1.019437e-01	4.103463e-02
4.914542e+03	1.027206e-01	7.692912e-04	1.022305e-01	4.103205e-02
4.915207e+03	9.866081e-02	7.623898e-04	9.908767e-02	4.102946e-02
4.915872e+03	9.477698e-02	7.560817e-04	9.510038e-02	4.102688e-02
4.916537e+03	9.681647e-02	7.590099e-04	9.633475e-02	4.102429e-02
4.917202e+03	1.019084e-01	7.714470e-04	1.013115e-01	4.102169e-02
4.917867e+03	1.036320e-01	7.765607e-04	1.036243e-01	4.101910e-02
4.918532e+03	1.030188e-01	7.868105e-04	1.030448e-01	4.101650e-02
4.919197e+03	1.031743e-01	7.984730e-04	1.030929e-01	4.101389e-02
4.919862e+03	1.019149e-01	7.842975e-04	1.011690e-01	4.101129e-02
4.920527e+03	9.785217e-02	7.643076e-04	9.798273e-02	4.100868e-02
4.921192e+03	1.010270e-01	7.769490e-04	1.006775e-01	4.100607e-02
4.921857e+03	1.056130e-01	7.885215e-04	1.055992e-01	4.100346e-02
4.922522e+03	1.057696e-01	7.857522e-04	1.064249e-01	4.100085e-02
4.923187e+03	1.051509e-01	7.855788e-04	1.054003e-01	4.099823e-02
4.923852e+03	1.048046e-01	9.872736e-04	1.038036e-01	4.099561e-02
4.924517e+03	1.039117e-01	9.864876e-04	1.017166e-01	4.099298e-02
4.925182e+03	9.798495e-02	8.370378e-04	9.747531e-02	4.099036e-02
4.925847e+03	9.463195e-02	7.634596e-04	9.481767e-02	4.098773e-02
4.926512e+03	9.557116e-02	7.621680e-04	9.572082e-02	4.098510e-02
4.927177e+03	9.595789e-02	7.587966e-04	9.623854e-02	4.098246e-02
4.927842e+03	9.686882e-02	7.578400e-04	9.660732e-02	4.097983e-02
4.928507e+03	9.752497e-02	7.595090e-04	9.687365e-02	4.097719e-02
4.929172e+03	9.968884e-02	7.660331e-04	9.855121e-02	4.097455e-02
4.929837e+03	1.015485e-01	7.625123e-04	1.008508e-01	4.097190e-02
4.930502e+03	1.037259e-01	7.656528e-04	1.037644e-01	4.096925e-02
4.931167e+03	1.035023e-01	7.665901e-04	1.036667e-01	4.096660e-02
4.931832e+03	9.873979e-02	7.574906e-04	9.927437e-02	4.096395e-02
4.932497e+03	9.751347e-02	7.468901e-04	9.759322e-02	4.096130e-02
4.933162e+03	9.821901e-02	7.488364e-04	9.801032e-02	4.095864e-02
4.933827e+03	9.918282e-02	7.462978e-04	9.889251e-02	4.095598e-02
4.934492e+03	9.982638e-02	7.444457e-04	9.973906e-02	4.095331e-02
4.935157e+03	nan	nan	9.765997e-02	4.095065e-02
4.935822e+03	9.365080e-02	7.592601e-04	9.335200e-02	4.094798e-02
4.936487e+03	9.378760e-02	7.778222e-04	9.331465e-02	4.094531e-02
4.937152e+03	9.485894e-02	7.628835e-04	9.489850e-02	4.094263e-02
4.937817e+03	9.295753e-02	7.455230e-04	9.260380e-02	4.093996e-02
4.938482e+03	9.380236e-02	7.306491e-04	9.291174e-02	4.093728e-02
4.939147e+03	9.878944e-02	7.372480e-04	9.787486e-02	4.093460e-02
4.939812e+03	1.030260e-01	7.438095e-04	1.031464e-01	4.093191e-02
4.940477e+03	1.063458e-01	7.496831e-04	1.064313e-01	4.092923e-02
4.941142e+03	1.061841e-01	7.498859e-04	1.057999e-01	4.092654e-02
4.941807e+03	1.027308e-01	7.384763e-04	1.031064e-01	4.092384e-02
4.942472e+03	1.000220e-01	7.364095e-04	1.001327e-01	4.092115e-02
4.943137e+03	9.558165e-02	7.211848e-04	9.589008e-02	4.091845e-02
4.943802e+03	9.550655e-02	7.286112e-04	9.603780e-02	4.091575e-02
4.944467e+03	1.007333e-01	7.440327e-04	1.014850e-01	4.091305e-02
4.945132e+03	1.038703e-01	7.541387e-04	1.048743e-01	4.091034e-02
4.945797e+03	nan	nan	1.033543e-01	4.090763e-02
4.946462e+03	9.802922e-02	7.284137e-04	9.831098e-02	4.090492e-02
4.947127e+03	9.543129e-02	7.131863e-04	9.520425e-02	4.090221e-02
4.947792e+03	9.614129e-02	7.144838e-04	9.557332e-02	4.089949e-02
4.948457e+03	9.460706e-02	7.111787e-04	9.450243e-02	4.089678e-02
4.949122e+03	9.415358e-02	7.092222e-04	9.406204e-02	4.089405e-02
4.949787e+03	9.846323e-02	7.138408e-04	9.763245e-02	4.089133e-02
4.950452e+03	1.011993e-01	7.195439e-04	1.007400e-01	4.088860e-02
4.951117e+03	1.020618e-01	7.216676e-04	1.015451e-01	4.088588e-02
4.951782e+03	1.006723e-01	7.137401e-04	1.005282e-01	4.088314e-02
4.952447e+03	9.844000e-02	7.078137e-04	9.800980e-02	4.088041e-02
4.953112e+03	9.677454e-02	7.073940e-04	9.680978e-02	4.087767e-02
4.953777e+03	9.690737e-02	7.128505e-04	9.657294e-02	4.087493e-02
4.954442e+03	9.384934e-02	7.060704e-04	9.347505e-02	4.087219e-02
4.955107e+03	9.210200e-02	7.067924e-04	9.165733e-02	4.086945e-02
4.955772e+03	9.588484e-02	7.084376e-04	9.649188e-02	4.086670e-02
4.956437e+03	1.012773e-01	7.143742e-04	1.016708e-01	4.086395e-02
4.957102e+03	9.974735e-02	7.132909e-04	1.000046e-01	4.086120e-02
4.957767e+03	9.563148e-02	7.044986e-04	9.623799e-02	4.085844e-02
4.958432e+03	9.520429e-02	7.083034e-04	9.576889e-02	4.085569e-02
4.959097e+03	9.825936e-02	7.170512e-04	9.768506e-02	4.085293e-02
4.959762e+03	9.767480e-02	7.135739e-04	9.735238e-02	4.085016e-02
4.960427e+03	9.571581e-02	7.120806e-04	9.562876e-02	4.084740e-02
4.961092e+03	9.733576e-02	7.204916e-04	9.689258e-02	4.084463e-02
4.961757e+03	1.013872e-01	7.284999e-04	1.002729e-01	4.084186e-02
4.962422e+03	1.021702e-01	7.327654e-04	1.007204e-01	4.083909e-02
4.963087e+03	nan	nan	9.801860e-02	4.083631e-02
4.963752e+03	9.964153e-02	8.199302e-04	9.814246e-02	4.083353e-02
4.964417e+03	1.013066e-01	7.529030e-04	1.007319e-01	4.083075e-02
4.965082e+03	1.017424e-01	7.334520e-04	1.014492e-01	4.082797e-02
4.965747e+03	1.012944e-01	7.464196e-04	9.976616e-02	4.082518e-02
4.966412e+03	9.712278e-02	7.163781e-04	9.647957e-02	4.082240e-02
4.967077e+03	9.293600e-02	7.089015e-04	9.215179e-02	4.081961e-02
4.967742e+03	9.123758e-02	7.040523e-04	9.005617e-02	4.081681e-02
4.968407e+03	8.967029e-02	7.040803e-04	8.951492e-02	4.081402e-02
4.969072e+03	9.092267e-02	7.021597e-04	9.000000e-02	4.081122e-02
4.969737e+03	9.222057e-02	7.056483e-04	9.101446e-02	4.080842e-02
4.970402e+03	9.558373e-02	7.164500e-04	9.440835e-02	4.080561e-02
4.971067e+03	9.788023e-02	7.193417e-04	9.667072e-02	4.080281e-02
4.971732e+03	9.602065e-02	7.163856e-04	9.556061e-02	4.080000e-02
4.972397e+03	9.691639e-02	7.213337e-04	9.688581e-02	4.079719e-02
4.973062e+03	9.987868e-02	7.326669e-04	1.001315e-01	4.079438e-02
4.973727e+03	1.021529e-01	7.341557e-04	1.025498e-01	4.079156e-02
4.974392e+03	1.038849e-01	7.414702e-04	1.035628e-01	4.078874e-02
4.975057e+03	1.040814e-01	7.420460e-04	1.030740e-01	4.078592e-02
4.975722e+03	1.025145e-01	7.437611e-04	1.018450e-01	4.078310e-02
4.976387e+03	1.018937e-01	7.394105e-04	1.007978e-01	4.078027e-02
4.977052e+03	1.003443e-01	7.444479e-04	9.897209e-02	4.077744e-02
4.977717e+03	9.862143e-02	7.356427e-04	9.716224e-02	4.077461e-02
4.978382e+03	9.514560e-02	7.297182e-04	9.439244e-02	4.077178e-02
4.979047e+03	9.182649e-02	7.224545e-04	9.191034e-02	4.076894e-02
4.979712e+03	9.289562e-02	7.275667e-04	9.292003e-02	4.076610e-02
4.980377e+03	9.470785e-02	7.330958e-04	9.484173e-02	4.076326e-02
4.981042e+03	9.771387e-02	7.401045e-04	9.731122e-02	4.076042e-02
4.981707e+03	9.921311e-02	7.430889e-04	9.866256e-02	4.075757e-02
4.982372e+03	9.796406e-02	7.415422e-04	9.733702e-02	4.075472e-02
4.983037e+03	9.565685e-02	7.332197e-04	9.530515e-02	4.075187e-02
4.983702e+03	9.504156e-02	7.323012e-04	9.582667e-02	4.074902e-02
4.984367e+03	9.861634e-02	7.388429e-04	9.943362e-02	4.074616e-02
4.985032e+03	1.015124e-01	7.472457e-04	1.019987e-01	4.074330e-02
4.985697e+03	1.011939e-01	7.468582e-04	1.016322e-01	4.074044e-02
4.986362e+03	1.009071e-01	7.470275e-04	1.009770e-01	4.073758e-02
4.987027e+03	1.032767e-01	7.524704e-04	1.028805e-01	4.073471e-02
4.987692e+03	1.044450e-01	7.561693e-04	1.040431e-01	4.073184e-02
4.988357e+03	1.018721e-01	7.624848e-04	1.018290e-01	4.072897e-02
4.989022e+03	9.714530e-02	7.618214e-04	9.695565e-02	4.072610e-02
4.989687e+03	9.301419e-02	7.613212e-04	9.303166e-02	4.072322e-02
4.990352e+03	9.155781e-02	7.603191e-04	9.110926e-02	4.072034e-02
4.991017e+03	9.108908e-02	7.824076e-04	9.065487e-02	4.071746e-02
4.991682e+03	9.374967e-02	8.140241e-04	9.331031e-02	4.071458e-02
4.992347e+03	9.732363e-02	8.707402e-04	9.729563e-02	4.071169e-02
4.993012e+03	9.969717e-02	8.873545e-04	1.004251e-01	4.070880e-02
4.993677e+03	9.958876e-02	8.859416e-04	1.002249e-01	4.070591e-02
4.994342e+03	9.570147e-02	8.682476e-04	9.665319e-02	4.070302e-02
4.995007e+03	9.264933e-02	8.616073e-04	9.341362e-02	4.070012e-02
4.995672e+03	9.225794e-02	8.638943e-04	9.254942e-02	4.069723e-02
4.996337e+03	9.151509e-02	8.632448e-04	9.226374e-02	4.069433e-02
4.997002e+03	9.254845e-02	8.577982e-04	9.316918e-02	4.069142e-02
4.997667e+03	9.550879e-02	8.599211e-04	9.637034e-02	4.068852e-02
4.998332e+03	nan	nan	1.000862e-01	4.068561e-02
4.998997e+03	nan	nan	9.843245e-02	4.068270e-02
4.999662e+03	9.328770e-02	8.104616e-04	9.357600e-02	4.067979e-02
5.000327e+03	9.255872e-02	8.051861e-04	9.252590e-02	4.067687e-02
5.000992e+03	9.237412e-02	7.997770e-04	9.256184e-02	4.067395e-02
5.001657e+03	9.305022e-02	8.041996e-04	9.275118e-02	4.067103e-02
5.002322e+03	9.389731e-02	8.019871e-04	9.299228e-02	4.066811e-02
5.002987e+03	9.261338e-02	7.921494e-04	9.180466e-02	4.066519e-02
5.003652e+03	9.433006e-02	7.957501e-04	9.301962e-02	4.066226e-02
5.004317e+03	9.942763e-02	8.108222e-04	9.829849e-02	4.065933e-02
5.004982e+03	1.033284e-01	8.235342e-04	1.025712e-01	4.065640e-02
5.005647e+03	1.024686e-01	8.159588e-04	1.013248e-01	4.065346e-02
5.006312e+03	9.791779e-02	8.048698e-04	9.688632e-02	4.065052e-02
5.006977e+03	9.680575e-02	7.881163e-04	9.593006e-02	4.064758e-02
5.007642e+03	9.991924e-02	8.008168e-04	9.817923e-02	4.064464e-02
5.008307e+03	9.971229e-02	8.033543e-04	9.852293e-02	4.064170e-02
5.008972e+03	9.986820e-02	7.928695e-04	9.878663e-02	4.063875e-02
5.009637e+03	9.992915e-02	7.839427e-04	9.781814e-02	4.063580e-02
5.010302e+03	9.692017e-02	7.637136e-04	9.561764e-02	4.063285e-02
5.010967e+03	9.686396e-02	7.451065e-04	9.584920e-02	4.062990e-02
5.011632e+03	9.592414e-02	7.218542e-04	9.490983e-02	4.062694e-02
5.012297e+03	9.215545e-02	7.074527e-04	9.154665e-02	4.062398e-02
5.012962e+03	9.141280e-02	7.032465e-04	9.037027e-02	4.062102e-02
5.013627e+03	9.484730e-02	7.070043e-04	9.402930e-02	4.061806e-02
5.014292e+03	9.846673e-02	7.111518e-04	9.782122e-02	4.061509e-02
5.014957e+03	9.627504e-02	6.996717e-04	9.626036e-02	4.061212e-02
5.015622e+03	9.278305e-02	6.924597e-04	9.297943e-02	4.060915e-02
5.016287e+03	9.390755e-02	6.872602e-04	9.389248e-02	4.060618e-02
5.016952e+03	9.600784e-02	6.872750e-04	9.594499e-02	4.060320e-02
5.017617e+03	9.561539e-02	6.864208e-04	9.509480e-02	4.060022e-02
5.018282e+03	9.078267e-02	6.780914e-04	9.111236e-02	4.059724e-02
5.018947e+03	8.796774e-02	6.736855e-04	8.854754e-02	4.059426e-02
5.019612e+03	8.836492e-02	6.712087e-04	8.894750e-02	4.059127e-02
5.020277e+03	9.035514e-02	6.746502e-04	9.077293e-02	4.058829e-02
5.020942e+03	9.308791e-02	6.830143e-04	9.244984e-02	4.058530e-02
5.021607e+03	9.295130e-02	6.838016e-04	9.247611e-02	4.058231e-02
5.022272e+03	9.346042e-02	6.836376e-04	9.267578e-02	4.057931e-02
5.022937e+03	nan	nan	9.433573e-02	4.057631e-02
5.023602e+03	nan	nan	9.437821e-02	4.057331e-02
5.024267e+03	9.182811e-02	6.736777e-04	9.105749e-02	4.057031e-02
5.024932e+03	9.121927e-02	6.723481e-04	8.993626e-02	4.056731e-02
5.025597e+03	9.348922e-02	6.757602e-04	9.198918e-02	4.056430e-02
5.026262e+03	9.410089e-02	6.769359e-04	9.354976e-02	4.056129e-02
5.026927e+03	9.370167e-02	6.737820e-04	9.334123e-02	4.055828e-02
5.027592e+03	9.216836e-02	6.712870e-04	9.160306e-02	4.055527e-02
5.028257e+03	9.118797e-02	6.688873e-04	9.066004e-02	4.055225e-02
5.028922e+03	9.111725e-02	6.685574e-04	9.130683e-02	4.054923e-02
5.029587e+03	9.106548e-02	6.729461e-04	9.197598e-02	4.054621e-02
5.030252e+03	9.114132e-02	6.720426e-04	9.227915e-02	4.054319e-02
5.030917e+03	9.273798e-02	6.779180e-04	9.331834e-02	4.054017e-02
5.031582e+03	nan	nan	9.485925e-02	4.053714e-02
5.032247e+03	nan	nan	9.391482e-02	4.053411e-02
5.032912e+03	9.247000e-02	6.777433e-04	9.224989e-02	4.053108e-02
5.033577e+03	9.290246e-02	6.824278e-04	9.275370e-02	4.052804e-02
5.034242e+03	9.538429e-02	6.863303e-04	9.503454e-02	4.052500e-02
5.034907e+03	nan	nan	9.676991e-02	4.052196e-02
5.035572e+03	9.533147e-02	7.465179e-04	9.565369e-02	4.051892e-02
5.036237e+03	9.495191e-02	6.893662e-04	9.537809e-02	4.051588e-02
5.036902e+03	9.643429e-02	6.932343e-04	9.689307e-02	4.051283e-02
5.037567e+03	9.700824e-02	7.000883e-04	9.789245e-02	4.050978e-02
5.038232e+03	9.677462e-02	7.020418e-04	9.776647e-02	4.050673e-02
5.038897e+03	9.385621e-02	6.982694e-04	9.489368e-02	4.050368e-02
5.039562e+03	9.142305e-02	6.959458e-04	9.205034e-02	4.050062e-02
5.040227e+03	8.977528e-02	6.898948e-04	9.012770e-02	4.049757e-02
5.040892e+03	9.057179e-02	6.961484e-04	9.100583e-02	4.049451e-02
5.041557e+03	9.340375e-02	7.006119e-04	9.414310e-02	4.049144e-02
5.042222e+03	9.278552e-02	7.019882e-04	9.370115e-02	4.048838e-02
5.042887e+03	9.116280e-02	7.030500e-04	9.183469e-02	4.048531e-02
5.043552e+03	9.111390e-02	7.112670e-04	9.181550e-02	4.048224e-02
5.044217e+03	9.330719e-02	7.177200e-04	9.327454e-02	4.047917e-02
5.044882e+03	9.417413e-02	7.241756e-04	9.465673e-02	4.047610e-02
5.045547e+03	9.620975e-02	7.314822e-04	9.632357e-02	4.047302e-02
5.046212e+03	9.500239e-02	7.296959e-04	9.571406e-02	4.046994e-02
5.046877e+03	8.971667e-02	7.257479e-04	9.193195e-02	4.046686e-02
5.047542e+03	8.821169e-02	7.232343e-04	8.932395e-02	4.046378e-02
5.048207e+03	9.084871e-02	7.359241e-04	9.117814e-02	4.046069e-02
5.048872e+03	9.572938e-02	7.501376e-04	9.620854e-02	4.045761e-02
5.049537e+03	9.881770e-02	7.544702e-04	1.000779e-01	4.045452e-02
5.050202e+03	9.889706e-02	7.552351e-04	9.961285e-02	4.045142e-02
5.050867e+03	9.686699e-02	7.503785e-04	9.738138e-02	4.044833e-02
5.051532e+03	9.859413e-02	7.616003e-04	9.864938e-02	4.044523e-02
5.052197e+03	9.981712e-02	7.629613e-04	9.962288e-02	4.044213e-02
5.052862e+03	9.467365e-02	7.468260e-04	9.513372e-02	4.043903e-02
5.053527e+03	9.185633e-02	7.416354e-04	9.132897e-02	4.043593e-02
5.054192e+03	9.112428e-02	7.401989e-04	9.053564e-02	4.043282e-02
5.054857e+03	8.813233e-02	7.341117e-04	8.899791e-02	4.042971e-02
5.055522e+03	8.905890e-02	7.373782e-04	8.972752e-02	4.042660e-02
5.056187e+03	9.345511e-02	7.548667e-04	9.389843e-02	4.042349e-02
5.056852e+03	9.786952e-02	7.624657e-04	9.802089e-02	4.042037e-02
5.057517e+03	9.782148e-02	7.600270e-04	9.814456e-02	4.041726e-02
5.058182e+03	9.501937e-02	7.495116e-04	9.538499e-02	4.041414e-02
5.058847e+03	9.094307e-02	7.495320e-04	9.171377e-02	4.041102e-02
5.059512e+03	8.916160e-02	7.472211e-04	8.993118e-02	4.040789e-02
5.060177e+03	9.175453e-02	7.453442e-04	9.206840e-02	4.040477e-02
5.060842e+03	9.490934e-02	7.504206e-04	9.491125e-02	4.040164e-02
5.061507e+03	9.411462e-02	7.496477e-04	9.448722e-02	4.039851e-02
5.062172e+03	9.099791e-02	7.406187e-04	9.171244e-02	4.039537e-02
5.062837e+03	8.996829e-02	7.408184e-04	9.065651e-02	4.039224e-02
5.063502e+03	9.259375e-02	7.570400e-04	9.273862e-02	4.038910e-02
5.064167e+03	9.354984e-02	7.805904e-04	9.360328e-02	4.038596e-02
5.064832e+03	9.213785e-02	7.585707e-04	9.261140e-02	4.038282e-02
5.065497e+03	9.097432e-02	7.469697e-04	9.170268e-02	4.037967e-02
5.066162e+03	8.916242e-02	7.380225e-04	8.963480e-02	4.037653e-02
5.066827e+03	8.839795e-02	7.312259e-04	8.847485e-02	4.037338e-02
5.067492e+03	8.867826e-02	7.288676e-04	8.972375e-02	4.037023e-02
5.068157e+03	9.266252e-02	7.395117e-04	9.386847e-02	4.036707e-02
5.068822e+03	nan	nan	9.699794e-02	4.036392e-02
5.069487e+03	9.452722e-02	7.395941e-04	9.654772e-02	4.036076e-02
5.070152e+03	9.299097e-02	7.341884e-04	9.455785e-02	4.035760e-02
5.070817e+03	9.111355e-02	7.245527e-04	9.177394e-02	4.035444e-02
5.071482e+03	9.203039e-02	7.265656e-04	9.219820e-02	4.035128e-02
5.072147e+03	9.581995e-02	7.345450e-04	9.534372e-02	4.034811e-02
5.072812e+03	9.438547e-02	7.291116e-04	9.553523e-02	4.034494e-02
5.073477e+03	9.311776e-02	7.224159e-04	9.489163e-02	4.034177e-02
5.074142e+03	9.525431e-02	7.282488e-04	9.604266e-02	4.033860e-02
5.074807e+03	9.432437e-02	7.243108e-04	9.498306e-02	4.033542e-02
5.075472e+03	9.024719e-02	7.135028e-04	9.148465e-02	4.033224e-02
5.076137e+03	9.080054e-02	7.184646e-04	9.125260e-02	4.032906e-02
5.076802e+03	9.207255e-02	7.177517e-04	9.226187e-02	4.032588e-02
5.077467e+03	8.925696e-02	7.090078e-04	9.024091e-02	4.032270e-02
5.078132e+03	8.780068e-02	6.972668e-04	8.880178e-02	4.031951e-02
5.078797e+03	8.820205e-02	6.982007e-04	8.870229e-02	4.031632e-02
5.079462e+03	8.695240e-02	6.951676e-04	8.780011e-02	4.031313e-02
5.080127e+03	8.839118e-02	6.942561e-04	8.915889e-02	4.030994e-02
5.080792e+03	9.098806e-02	6.967726e-04	9.206253e-02	4.030674e-02
5.081457e+03	9.264745e-02	6.987911e-04	9.444792e-02	4.030355e-02
5.082122e+03	9.226348e-02	6.994957e-04	9.343410e-02	4.030035e-02
5.082787e+03	8.686167e-02	6.829123e-04	8.865593e-02	4.029714e-02
5.083452e+03	8.686937e-02	6.786071e-04	8.795226e-02	4.029394e-02
5.084117e+03	9.162082e-02	6.873234e-04	9.170496e-02	4.029073e-02
5.084782e+03	nan	nan	9.477410e-02	4.028753e-02
5.085447e+03	9.288318e-02	8.462022e-04	9.375262e-02	4.028432e-02
5.086112e+03	9.034262e-02	6.834688e-04	9.111620e-02	4.028110e-02
5.086777e+03	9.141258e-02	6.864908e-04	9.100239e-02	4.027789e-02
5.087442e+03	9.315346e-02	6.857365e-04	9.185825e-02	4.027467e-02
5.088107e+03	9.378243e-02	6.920171e-04	9.258692e-02	4.027145e-02
5.088772e+03	9.324422e-02	6.878960e-04	9.294985e-02	4.026823e-02
5.089437e+03	9.351169e-02	6.864831e-04	9.411651e-02	4.026501e-02
5.090102e+03	9.568542e-02	6.891471e-04	9.633759e-02	4.026178e-02
5.090767e+03	9.444788e-02	6.880871e-04	9.504785e-02	4.025855e-02
5.091432e+03	9.250610e-02	6.873002e-04	9.222133e-02	4.025532e-02
5.092097e+03	8.869018e-02	6.876417e-04	8.888232e-02	4.025209e-02
5.092762e+03	8.595328e-02	7.099318e-04	8.648738e-02	4.024886e-02
5.093427e+03	8.834117e-02	7.177107e-04	8.847801e-02	4.024562e-02
5.094092e+03	8.944192e-02	6.900611e-04	8.967208e-02	4.024238e-02
5.094757e+03	8.839068e-02	6.873388e-04	8.864838e-02	4.023914e-02
5.095422e+03	8.876228e-02	6.923597e-04	8.911615e-02	4.023590e-02
5.096087e+03	9.135449e-02	6.957461e-04	9.169048e-02	4.023266e-02
5.096752e+03	9.509022e-02	7.038309e-04	9.559388e-02	4.022941e-02
5.097417e+03	9.687517e-02	7.136866e-04	9.687959e-02	4.022616e-02
5.098082e+03	9.369644e-02	7.140501e-04	9.405588e-02	4.022291e-02
5.098747e+03	9.032393e-02	7.031679e-04	9.155799e-02	4.021965e-02
5.099412e+03	9.224228e-02	7.108192e-04	9.292680e-02	4.021640e-02
5.100077e+03	9.467561e-02	7.284517e-04	9.479592e-02	4.021314e-02
5.100742e+03	9.426156e-02	7.318869e-04	9.408583e-02	4.020988e-02
5.101407e+03	9.551183e-02	7.313698e-04	9.580249e-02	4.020662e-02
5.102072e+03	9.773875e-02	7.390040e-04	9.919396e-02	4.020335e-02
5.102737e+03	9.665326e-02	7.442667e-04	9.787155e-02	4.020009e-02
5.103402e+03	9.270252e-02	7.337506e-04	9.381529e-02	4.019682e-02
5.104067e+03	9.003637e-02	8.289312e-04	9.073409e-02	4.019355e-02
5.104732e+03	8.847909e-02	8.794039e-04	8.870336e-02	4.019028e-02
5.105397e+03	8.598712e-02	8.067099e-04	8.675348e-02	4.018700e-02
5.106062e+03	8.654383e-02	7.171001e-04	8.729685e-02	4.018372e-02
5.106727e+03	8.996784e-02	7.237755e-04	9.058387e-02	4.018045e-02
5.107392e+03	9.043248e-02	7.298080e-04	9.131299e-02	4.017716e-02
5.108057e+03	8.919626e-02	7.302992e-04	8.993808e-02	4.017388e-02
5.108722e+03	8.959897e-02	7.272036e-04	8.964283e-02	4.017060e-02
5.109387e+03	8.767322e-02	7.228992e-04	8.773000e-02	4.016731e-02
5.110052e+03	8.503353e-02	7.137148e-04	8.498318e-02	4.016402e-02
5.110717e+03	8.388465e-02	7.168312e-04	8.439263e-02	4.016073e-02
5.111382e+03	8.674661e-02	7.226759e-04	8.766755e-02	4.015743e-02
5.112047e+03	9.071898e-02	7.324151e-04	9.103320e-02	4.015414e-02
5.112712e+03	9.184449e-02	7.385782e-04	9.224247e-02	4.015084e-02
5.113377e+03	9.235239e-02	7.487458e-04	9.304713e-02	4.014754e-02
5.114042e+03	9.124565e-02	8.432602e-04	9.193794e-02	4.014424e-02
5.114707e+03	nan	nan	8.895896e-02	4.014093e-02
5.115372e+03	nan	nan	9.016808e-02	4.013763e-02
5.116037e+03	nan	nan	9.382823e-02	4.013432e-02
5.116702e+03	9.370048e-02	7.456356e-04	9.494069e-02	4.013101e-02
5.117367e+03	9.210042e-02	7.483687e-04	9.389370e-02	4.012770e-02
5.118032e+03	9.030179e-02	7.406143e-04	9.110659e-02	4.012438e-02
5.118697e+03	8.708608e-02	7.338500e-04	8.776505e-02	4.012106e-02
5.119362e+03	8.694476e-02	7.344182e-04	8.716482e-02	4.011775e-02
5.120027e+03	8.832198e-02	8.011814e-04	8.834979e-02	4.011443e-02
5.120692e+03	8.929432e-02	7.409600e-04	8.911859e-02	4.011110e-02
5.121357e+03	9.017810e-02	7.411209e-04	9.037412e-02	4.010778e-02
5.122022e+03	8.972041e-02	7.401560e-04	9.116594e-02	4.010445e-02
5.122687e+03	9.226564e-02	7.485667e-04	9.368136e-02	4.010112e-02
5.123352e+03	9.522323e-02	7.540368e-04	9.630108e-02	4.009779e-02
5.124017e+03	9.334696e-02	7.419998e-04	9.462070e-02	4.009446e-02
5.124682e+03	8.948052e-02	7.294513e-04	9.072207e-02	4.009112e-02
5.125347e+03	8.986177e-02	7.378691e-04	9.083828e-02	4.008778e-02
5.126012e+03	9.288573e-02	7.475693e-04	9.400187e-02	4.008444e-02
5.126677e+03	9.385023e-02	7.491931e-04	9.541101e-02	4.008110e-02
5.127342e+03	9.112853e-02	7.369037e-04	9.256302e-02	4.007776e-02
5.128007e+03	8.691381e-02	7.230986e-04	8.808235e-02	4.007441e-02
5.128672e+03	8.655315e-02	7.226266e-04	8.737892e-02	4.007107e-02
5.129337e+03	8.873325e-02	7.295319e-04	8.978746e-02	4.006772e-02
5.130002e+03	8.877406e-02	7.220034e-04	9.012914e-02	4.006437e-02
5.130667e+03	8.715924e-02	7.300080e-04	8.801484e-02	4.006101e-02
5.131332e+03	8.510683e-02	7.257849e-04	8.612303e-02	4.005766e-02
5.131997e+03	8.465324e-02	7.135051e-04	8.531759e-02	4.005430e-02
5.132662e+03	8.447086e-02	7.032993e-04	8.519258e-02	4.005094e-02
5.133327e+03	8.712431e-02	7.101601e-04	8.730326e-02	4.004758e-02
5.133992e+03	8.982342e-02	7.099924e-04	9.054507e-02	4.004421e-02
5.134657e+03	9.071997e-02	8.500503e-04	9.193937e-02	4.004085e-02
5.135322e+03	8.973221e-02	8.409918e-04	9.155276e-02	4.003748e-02
5.135987e+03	9.064597e-02	6.965862e-04	9.233703e-02	4.003411e-02
5.136652e+03	9.017681e-02	6.984579e-04	9.221796e-02	4.003074e-02
5.137317e+03	8.880122e-02	6.997682e-04	9.017443e-02	4.002736e-02
5.137982e+03	8.918251e-02	6.957888e-04	9.060248e-02	4.002399e-02
5.138647e+03	9.254525e-02	7.120682e-04	9.304860e-02	4.002061e-02
5.139312e+03	9.131906e-02	7.119774e-04	9.148334e-02	4.001723e-02
5.139977e+03	8.704399e-02	7.022420e-04	8.821086e-02	4.001385e-02
5.140642e+03	8.817563e-02	6.995385e-04	8.960554e-02	4.001046e-02
5.141307e+03	9.076936e-02	7.015335e-04	9.182744e-02	4.000708e-02
5.141972e+03	8.931486e-02	6.887500e-04	9.026033e-02	4.000369e-02
5.142637e+03	8.873489e-02	6.881486e-04	8.914179e-02	4.000030e-02
5.143302e+03	8.905416e-02	6.896824e-04	8.912166e-02	3.999690e-02
5.143967e+03	8.657841e-02	6.864394e-04	8.698332e-02	3.999351e-02
5.144632e+03	8.390152e-02	6.872073e-04	8.440397e-02	3.999011e-02
5.145297e+03	8.266442e-02	6.757537e-04	8.327133e-02	3.998672e-02
5.145962e+03	8.273310e-02	6.764507e-04	8.348988e-02	3.998332e-02
5.146627e+03	8.395258e-02	6.833819e-04	8.459297e-02	3.997991e-02
5.147292e+03	8.529942e-02	6.886698e-04	8.563072e-02	3.997651e-02
5.147957e+03	8.470975e-02	6.977212e-04	8.529433e-02	3.997310e-02
5.148622e+03	8.732367e-02	6.883037e-04	8.757116e-02	3.996970e-02
5.149287e+03	8.877679e-02	6.897682e-04	8.931226e-02	3.996629e-02
5.149952e+03	8.743673e-02	6.802344e-04	8.879942e-02	3.996287e-02
5.150617e+03	8.873651e-02	6.852956e-04	8.987632e-02	3.995946e-02
5.151282e+03	9.107617e-02	6.933914e-04	9.188775e-02	3.995604e-02
5.151947e+03	9.223160e-02	6.918033e-04	9.364354e-02	3.995262e-02
5.152612e+03	9.257933e-02	6.919957e-04	9.459139e-02	3.994920e-02
5.153277e+03	9.365868e-02	6.942331e-04	9.486569e-02	3.994578e-02
5.153942e+03	9.314346e-02	6.944484e-04	9.469963e-02	3.994236e-02
5.154607e+03	9.424096e-02	6.986771e-04	9.573397e-02	3.993893e-02
5.155272e+03	9.351870e-02	7.002884e-04	9.481602e-02	3.993550e-02
5.155937e+03	9.072366e-02	6.954977e-04	9.135346e-02	3.993207e-02
5.156602e+03	8.951616e-02	7.016600e-04	8.957906e-02	3.992864e-02
5.157267e+03	9.047670e-02	7.218073e-04	9.040675e-02	3.992521e-02
5.157932e+03	8.893012e-02	7.049603e-04	8.900675e-02	3.992177e-02
5.158597e+03	8.565997e-02	6.942637e-04	8.624566e-02	3.991834e-02
5.159262e+03	8.616949e-02	7.016324e-04	8.637015e-02	3.991490e-02
5.159927e+03	8.590665e-02	7.074737e-04	8.548031e-02	3.991145e-02
5.160592e+03	8.527222e-02	7.081265e-04	8.489172e-02	3.990801e-02
5.161257e+03	8.670366e-02	7.120702e-04	8.618800e-02	3.990456e-02
5.161922e+03	8.652461e-02	7.148906e-04	8.658912e-02	3.990112e-02
5.162587e+03	8.728749e-02	7.196258e-04	8.756110e-02	3.989767e-02
5.163252e+03	9.032789e-02	8.873199e-04	8.913047e-02	3.989422e-02
5.163917e+03	9.205849e-02	9.007068e-04	9.037505e-02	3.989076e-02
5.164582e+03	9.014525e-02	7.417359e-04	8.974368e-02	3.988731e-02
5.165247e+03	8.939912e-02	7.440234e-04	8.917540e-02	3.988385e-02
5.165912e+03	9.008014e-02	7.466931e-04	9.011937e-02	3.988039e-02
5.166577e+03	8.941646e-02	7.449531e-04	8.976523e-02	3.987693e-02
5.167242e+03	8.757792e-02	7.503402e-04	8.775272e-02	3.987347e-02
5.167907e+03	8.617731e-02	7.474456e-04	8.649812e-02	3.987000e-02
5.168572e+03	8.544195e-02	7.504762e-04	8.623694e-02	3.986653e-02
5.169237e+03	8.565078e-02	8.715632e-04	8.621505e-02	3.986307e-02
5.169902e+03	nan	nan	8.748755e-02	3.985959e-02
5.170567e+03	8.998259e-02	8.879857e-04	9.038632e-02	3.985612e-02
5.171232e+03	9.102728e-02	7.720836e-04	9.072490e-02	3.985265e-02
5.171897e+03	8.779955e-02	7.616260e-04	8.829144e-02	3.984917e-02
5.172562e+03	8.673385e-02	7.560041e-04	8.726744e-02	3.984569e-02
5.173227e+03	8.628774e-02	7.514683e-04	8.683866e-02	3.984221e-02
5.173892e+03	nan	nan	8.596441e-02	3.983873e-02
5.174557e+03	8.674332e-02	7.570488e-04	8.642073e-02	3.983524e-02
5.175222e+03	8.839570e-02	7.559415e-04	8.751774e-02	3.983176e-02
5.175887e+03	8.800314e-02	7.558344e-04	8.753364e-02	3.982827e-02
5.176552e+03	8.820168e-02	7.554578e-04	8.801447e-02	3.982478e-02
5.177217e+03	8.906005e-02	7.522543e-04	8.932697e-02	3.982129e-02
5.177882e+03	9.100252e-02	7.557334e-04	9.077899e-02	3.981779e-02
5.178547e+03	9.114751e-02	7.553011e-04	9.165376e-02	3.981430e-02
5.179212e+03	nan	nan	9.019392e-02	3.981080e-02
5.179877e+03	8.740120e-02	7.485522e-04	8.762349e-02	3.980730e-02
5.180542e+03	nan	nan	8.713575e-02	3.980380e-02
5.181207e+03	8.744833e-02	7.382750e-04	8.762079e-02	3.980030e-02
5.181872e+03	8.640616e-02	7.386584e-04	8.739227e-02	3.979679e-02
5.182537e+03	8.896189e-02	7.333416e-04	8.984154e-02	3.979328e-02
5.183202e+03	9.253016e-02	7.408641e-04	9.284265e-02	3.978977e-02
5.183867e+03	9.132103e-02	7.474459e-04	9.240808e-02	3.978626e-02
5.184532e+03	8.913331e-02	7.557638e-04	8.920977e-02	3.978275e-02
5.185197e+03	8.564075e-02	7.364719e-04	8.500979e-02	3.977924e-02
5.185862e+03	8.469682e-02	7.421323e-04	8.529788e-02	3.977572e-02
5.186527e+03	8.709881e-02	7.397231e-04	8.740131e-02	3.977220e-02
5.187192e+03	8.616769e-02	7.248947e-04	8.684954e-02	3.976868e-02
5.187857e+03	nan	nan	8.701718e-02	3.976516e-02
5.188522e+03	8.699242e-02	7.093875e-04	8.731077e-02	3.976163e-02
5.189187e+03	8.759072e-02	8.693734e-04	8.880346e-02	3.975811e-02
5.189852e+03	9.127727e-02	7.071656e-04	9.156649e-02	3.975458e-02
5.190517e+03	9.101752e-02	7.003737e-04	9.154476e-02	3.975105e-02
5.191182e+03	8.958535e-02	6.972139e-04	9.057931e-02	3.974752e-02
5.191847e+03	9.001102e-02	6.958437e-04	9.042871e-02	3.974399e-02
5.192512e+03	8.886811e-02	6.908139e-04	8.928898e-02	3.974045e-02
5.193177e+03	8.783021e-02	6.839788e-04	8.821539e-02	3.973691e-02
5.193842e+03	nan	nan	8.833706e-02	3.973337e-02
5.194507e+03	nan	nan	8.704791e-02	3.972983e-02
5.195172e+03	8.483314e-02	6.762359e-04	8.517440e-02	3.972629e-02
5.195837e+03	8.617115e-02	6.805948e-04	8.602994e-02	3.972275e-02
5.196502e+03	8.621075e-02	6.744094e-04	8.628277e-02	3.971920e-02
5.197167e+03	8.722118e-02	6.782058e-04	8.688042e-02	3.971565e-02
5.197832e+03	8.752261e-02	6.775698e-04	8.763607e-02	3.971210e-02
5.198497e+03	8.503171e-02	6.714419e-04	8.534549e-02	3.970855e-02
5.199162e+03	8.253774e-02	6.659106e-04	8.329534e-02	3.970499e-02
5.199827e+03	8.226042e-02	6.676654e-04	8.334537e-02	3.970144e-02
5.200492e+03	8.478561e-02	6.718068e-04	8.591342e-02	3.969788e-02
5.201157e+03	8.581741e-02	6.766229e-04	8.703220e-02	3.969432e-02
5.201822e+03	8.246945e-02	6.746285e-04	8.387581e-02	3.969076e-02
5.202487e+03	8.117778e-02	6.686805e-04	8.239876e-02	3.968720e-02
5.203152e+03	8.378656e-02	6.747602e-04	8.483238e-02	3.968363e-02
5.203817e+03	8.705890e-02	6.819523e-04	8.810635e-02	3.968006e-02
5.204482e+03	8.825604e-02	6.929936e-04	8.920306e-02	3.967650e-02
5.205147e+03	8.803372e-02	6.857815e-04	8.893877e-02	3.967293e-02
5.205812e+03	8.829479e-02	6.862190e-04	8.824801e-02	3.966935e-02
5.206477e+03	8.844649e-02	6.841729e-04	8.822736e-02	3.966578e-02
5.207142e+03	8.974307e-02	6.842140e-04	9.059875e-02	3.966220e-02
5.207807e+03	8.986177e-02	6.834919e-04	9.131476e-02	3.965863e-02
5.208472e+03	8.902017e-02	6.858729e-04	9.016720e-02	3.965505e-02
5.209137e+03	8.938360e-02	6.963600e-04	8.974939e-02	3.965146e-02
5.209802e+03	nan	nan	8.810235e-02	3.964788e-02
5.210467e+03	nan	nan	8.576596e-02	3.964430e-02
5.211132e+03	nan	nan	8.454326e-02	3.964071e-02
5.211797e+03	8.474464e-02	7.051512e-04	8.499686e-02	3.963712e-02
5.212462e+03	8.696862e-02	7.084580e-04	8.612872e-02	3.963353e-02
5.213127e+03	8.505098e-02	6.966045e-04	8.511825e-02	3.962994e-02
5.213792e+03	8.240962e-02	6.929828e-04	8.329405e-02	3.962634e-02
5.214457e+03	8.440603e-02	6.995644e-04	8.513001e-02	3.962275e-02
5.215122e+03	8.776147e-02	7.081488e-04	8.823285e-02	3.961915e-02
5.215787e+03	9.017411e-02	7.141467e-04	9.097564e-02	3.961555e-02
5.216452e+03	9.063020e-02	7.248621e-04	9.131626e-02	3.961195e-02
5.217117e+03	8.667554e-02	7.273240e-04	8.725295e-02	3.960835e-02
5.217782e+03	8.464522e-02	7.607059e-04	8.491589e-02	3.960474e-02
5.218447e+03	8.847846e-02	9.027856e-04	8.775243e-02	3.960113e-02
5.219112e+03	8.896513e-02	1.223094e-03	8.869971e-02	3.959753e-02
5.219777e+03	8.774166e-02	1.732586e-03	8.785688e-02	3.959391e-02
5.220442e+03	8.854577e-02	2.325175e-03	8.797728e-02	3.959030e-02
5.221107e+03	8.756957e-02	2.839350e-03	8.539074e-02	3.958669e-02
5.221772e+03	8.834563e-02	3.128595e-03	8.463620e-02	3.958307e-02
5.222437e+03	nan	nan	8.698619e-02	3.957946e-02
5.223102e+03	8.625568e-02	3.165790e-03	8.605101e-02	3.957584e-02
5.223767e+03	8.612393e-02	3.149096e-03	8.527617e-02	3.957222e-02
5.224432e+03	9.036066e-02	3.046438e-03	8.675846e-02	3.956859e-02
5.225097e+03	nan	nan	8.685851e-02	3.956497e-02
5.225762e+03	8.751083e-02	2.289316e-03	8.487168e-02	3.956134e-02
5.226427e+03	8.600882e-02	1.716985e-03	8.512188e-02	3.955771e-02
5.227092e+03	8.726079e-02	1.224607e-03	8.664771e-02	3.955408e-02
5.227757e+03	8.615522e-02	9.150324e-04	8.584927e-02	3.955045e-02
5.228422e+03	8.656280e-02	7.891988e-04	8.647124e-02	3.954682e-02
5.229087e+03	8.867210e-02	7.558974e-04	8.908706e-02	3.954318e-02
5.229752e+03	8.827456e-02	7.441606e-04	8.876462e-02	3.953955e-02
5.230417e+03	8.866693e-02	7.444701e-04	8.822312e-02	3.953591e-02
5.231082e+03	8.861920e-02	7.403910e-04	8.843223e-02	3.953227e-02
5.231747e+03	8.709498e-02	7.276799e-04	8.646657e-02	3.952862e-02
5.232412e+03	8.532618e-02	7.229972e-04	8.487050e-02	3.952498e-02
5.233077e+03	8.731705e-02	7.248933e-04	8.702424e-02	3.952133e-02
5.233742e+03	9.060211e-02	7.382517e-04	8.945741e-02	3.951769e-02
5.234407e+03	8.989188e-02	7.377496e-04	8.878747e-02	3.951404e-02
5.235072e+03	8.699170e-02	1.263436e-03	8.751677e-02	3.951039e-02
5.235737e+03	8.653448e-02	1.267643e-03	8.629495e-02	3.950673e-02
5.236402e+03	8.662945e-02	1.233913e-03	8.683667e-02	3.950308e-02
5.237067e+03	9.009211e-02	7.275454e-04	8.858556e-02	3.949942e-02
5.237732e+03	8.957886e-02	7.177974e-04	8.803059e-02	3.949576e-02
5.238397e+03	8.843031e-02	7.246089e-04	8.658259e-02	3.949210e-02
5.239062e+03	8.746449e-02	7.237745e-04	8.482904e-02	3.948844e-02
5.239727e+03	8.353585e-02	7.041064e-04	8.215253e-02	3.948478e-02
5.240392e+03	8.213096e-02	7.001849e-04	8.075271e-02	3.948112e-02
5.241057e+03	8.128488e-02	7.159717e-04	8.019050e-02	3.947745e-02
5.241722e+03	8.180779e-02	7.137479e-04	8.050293e-02	3.947378e-02
5.242387e+03	8.236986e-02	7.130879e-04	8.150183e-02	3.947011e-02
5.243052e+03	8.486026e-02	7.165719e-04	8.359110e-02	3.946644e-02
5.243717e+03	8.748517e-02	7.235060e-04	8.588440e-02	3.946276e-02
5.244382e+03	8.763728e-02	7.207341e-04	8.604044e-02	3.945909e-02
5.245047e+03	8.525187e-02	7.141857e-04	8.332625e-02	3.945541e-02
5.245712e+03	8.405962e-02	7.157799e-04	8.231529e-02	3.945173e-02
5.246377e+03	8.711957e-02	7.222972e-04	8.533588e-02	3.944805e-02
5.247042e+03	8.829454e-02	7.205464e-04	8.694092e-02	3.944437e-02
5.247707e+03	8.756267e-02	7.195249e-04	8.669256e-02	3.944069e-02
5.248372e+03	8.777364e-02	7.257738e-04	8.689310e-02	3.943700e-02
5.249037e+03	8.831089e-02	7.165759e-04	8.717556e-02	3.943331e-02
5.249702e+03	9.106318e-02	7.231604e-04	8.927313e-02	3.942962e-02
5.250367e+03	9.094654e-02	7.308247e-04	8.921450e-02	3.942593e-02
5.251032e+03	8.769051e-02	7.137956e-04	8.649324e-02	3.942224e-02
5.251697e+03	8.699770e-02	7.135650e-04	8.467805e-02	3.941855e-02
5.252362e+03	8.682580e-02	7.122008e-04	8.454818e-02	3.941485e-02
5.253027e+03	8.698772e-02	7.111934e-04	8.432146e-02	3.941115e-02
5.253692e+03	8.486941e-02	7.109789e-04	8.279150e-02	3.940745e-02
5.254357e+03	8.533139e-02	7.121397e-04	8.305871e-02	3.940375e-02
5.255022e+03	8.769194e-02	7.133329e-04	8.568367e-02	3.940005e-02
5.255687e+03	8.911520e-02	7.187633e-04	8.708039e-02	3.939634e-02
5.256352e+03	8.728032e-02	7.177718e-04	8.492974e-02	3.939264e-02
5.257017e+03	8.541183e-02	7.209325e-04	8.292930e-02	3.938893e-02
5.257682e+03	8.595263e-02	7.585939e-04	8.325419e-02	3.938522e-02
5.258347e+03	8.681687e-02	8.829343e-04	8.473513e-02	3.938151e-02
5.259012e+03	8.938681e-02	1.191559e-03	8.723561e-02	3.937780e-02
5.259677e+03	9.141964e-02	1.669087e-03	8.839159e-02	3.937408e-02
5.260342e+03	9.062582e-02	2.207821e-03	8.802196e-02	3.937037e-02
5.261007e+03	9.040742e-02	2.638776e-03	8.768003e-02	3.936665e-02
5.261672e+03	8.991986e-02	2.802294e-03	8.636307e-02	3.936293e-02
5.262337e+03	8.770703e-02	2.637895e-03	8.478815e-02	3.935921e-02
5.263002e+03	8.962552e-02	2.208432e-03	8.722759e-02	3.935548e-02
5.263667e+03	9.234562e-02	1.677056e-03	9.033854e-02	3.935176e-02
5.264332e+03	nan	nan	8.977688e-02	3.934803e-02
5.264997e+03	nan	nan	8.809608e-02	3.934430e-02
5.265662e+03	nan	nan	8.833751e-02	3.934057e-02
5.266327e+03	nan	nan	8.678986e-02	3.933684e-02
5.266992e+03	nan	nan	8.307040e-02	3.933311e-02
5.267657e+03	nan	nan	8.210527e-02	3.932938e-02
5.268322e+03	nan	nan	8.340460e-02	3.932564e-02
5.268987e+03	nan	nan	8.304397e-02	3.932190e-02
5.269652e+03	nan	nan	8.155223e-02	3.931816e-02
5.270317e+03	nan	nan	8.085259e-02	3.931442e-02
