9.701174999999999660e-01 nan nan
9.703524999999999512e-01 nan nan
9.705875000000000474e-01 1.674124352251693330e-14 1.767496999999999925e-16
9.708225000000000326e-01 1.625364188364194127e-14 1.644159999999999978e-16
9.710575000000000179e-01 1.654986190103623106e-14 1.595323000000000058e-16
9.712925000000000031e-01 1.732404883676094557e-14 1.585901999999999930e-16
9.715274999999999883e-01 nan nan
9.717624999999999735e-01 1.783484035091922101e-14 1.328920999999999925e-16
9.719974999999999588e-01 1.746191701575098149e-14 1.049773999999999942e-16
9.722325000000000550e-01 1.756076400162294353e-14 8.208058000000000117e-17
9.724675000000000402e-01 1.635903044707021026e-14 6.665051000000000266e-17
9.727025000000000254e-01 1.614288056579414235e-14 5.899334999999999894e-17
9.729375000000000107e-01 1.544231164642705999e-14 5.013267000000000058e-17
9.731724999999999959e-01 1.418560244186654623e-14 4.643863000000000263e-17
9.734074999999999811e-01 1.411990330525008620e-14 4.705393000000000274e-17
9.736424999999999663e-01 1.477277940628532294e-14 4.916536000000000291e-17
9.738774999999999515e-01 1.450466763434329963e-14 4.828024999999999699e-17
9.741125000000000478e-01 1.457631084497922480e-14 4.944051000000000256e-17
9.743475000000000330e-01 1.418938130874726048e-14 4.881752000000000030e-17
9.745825000000000182e-01 1.342741177888541988e-14 5.145527000000000308e-17
9.748175000000000034e-01 1.332473185635129934e-14 6.147858999999999759e-17
9.750524999999999887e-01 1.350504706723897673e-14 6.888533999999999710e-17
9.752874999999999739e-01 1.356305276462938178e-14 7.321156999999999877e-17
9.755224999999999591e-01 1.358933487030364695e-14 7.632081000000000273e-17
9.757575000000000554e-01 1.384231391304016973e-14 8.154507000000000146e-17
9.759925000000000406e-01 1.409812256331561861e-14 9.090962999999999965e-17
9.762275000000000258e-01 1.414765408626314489e-14 1.026886999999999981e-16
9.764625000000000110e-01 1.411661529765759851e-14 1.104378999999999969e-16
9.766974999999999962e-01 1.428410366557902278e-14 1.309113000000000038e-16
9.769324999999999815e-01 1.445069466668760825e-14 1.501410000000000025e-16
9.771674999999999667e-01 1.387749487492104974e-14 1.452710999999999912e-16
9.774024999999999519e-01 1.373118526669440602e-14 1.471734000000000122e-16
9.776375000000000481e-01 nan nan
9.778725000000000334e-01 nan nan
9.781075000000000186e-01 nan nan
9.783425000000000038e-01 1.364064649114936041e-14 1.477150000000000002e-16
9.785774999999999890e-01 1.331807040637341927e-14 1.438299000000000053e-16
9.788124999999999742e-01 1.336326055761210939e-14 1.433724000000000122e-16
9.790474999999999595e-01 1.369497793264167380e-14 1.463234000000000083e-16
9.792824999999999447e-01 1.421893878218453264e-14 1.495481999999999882e-16
9.795175000000000409e-01 1.479765592589721162e-14 1.540062000000000056e-16
9.797525000000000261e-01 1.486299893570457242e-14 1.495534999999999954e-16
9.799875000000000114e-01 1.488953199327415537e-14 1.428881999999999944e-16
9.802224999999999966e-01 1.494489027939096202e-14 1.353114999999999999e-16
9.804574999999999818e-01 1.506887551091335701e-14 1.275105999999999908e-16
9.806924999999999670e-01 1.503515890822343529e-14 1.186288999999999928e-16
9.809274999999999523e-01 1.500125568213153719e-14 1.134835999999999899e-16
9.811625000000000485e-01 1.515552079267407325e-14 1.086417000000000033e-16
9.813975000000000337e-01 1.511893163511548315e-14 9.998485999999999970e-17
9.816325000000000189e-01 1.433381529161961657e-14 9.023874000000000552e-17
9.818675000000000042e-01 1.399028554687521901e-14 7.953683999999999624e-17
9.821024999999999894e-01 1.454618500739514571e-14 7.036217000000000221e-17
9.823374999999999746e-01 1.459050203262066886e-14 7.144716000000000093e-17
9.825724999999999598e-01 1.451553508724381002e-14 6.494697000000000348e-17
9.828074999999999450e-01 1.523869284267273194e-14 5.731248999999999632e-17
9.830425000000000413e-01 1.518353327293939141e-14 4.355540000000000168e-17
9.832775000000000265e-01 nan 3.115125000000000132e-17
9.835125000000000117e-01 nan 2.618810000000000011e-17
9.837474999999999969e-01 1.483799554105583759e-14 2.066636000000000071e-17
9.839824999999999822e-01 1.507542650863789157e-14 2.080190000000000022e-17
9.842174999999999674e-01 1.561359093201072873e-14 2.108408000000000067e-17
9.844524999999999526e-01 1.578481166557113283e-14 2.105378999999999989e-17
9.846875000000000488e-01 1.575907879055851737e-14 2.076284000000000068e-17
9.849225000000000341e-01 1.596315362752427759e-14 2.090834999999999860e-17
9.851575000000000193e-01 1.620023185265429984e-14 2.142697000000000086e-17
9.853925000000000045e-01 1.572882989997171978e-14 2.373384000000000128e-17
9.856274999999999897e-01 1.605152013139642672e-14 3.209946999999999703e-17
9.858624999999999750e-01 1.657954655459231748e-14 4.201258999999999964e-17
9.860974999999999602e-01 1.672136268442214393e-14 5.614644999999999601e-17
9.863324999999999454e-01 1.680170601915743714e-14 6.638031999999999747e-17
9.865675000000000416e-01 1.685630580787566181e-14 7.314961999999999734e-17
9.868025000000000269e-01 1.690344871002379364e-14 8.175839000000000273e-17
9.870375000000000121e-01 1.655826136944328186e-14 8.752604999999999812e-17
9.872724999999999973e-01 1.650215017073143983e-14 9.108066999999999562e-17
9.875074999999999825e-01 1.717252743966790560e-14 9.556297000000000142e-17
9.877424999999999677e-01 1.766226791992471361e-14 9.910416999999999919e-17
9.879774999999999530e-01 1.732717994608495755e-14 9.637322999999999883e-17
9.882125000000000492e-01 1.699459240459597491e-14 9.559520000000000421e-17
9.884475000000000344e-01 1.743426931918741580e-14 1.025006999999999988e-16
9.886825000000000196e-01 1.798998233080108438e-14 1.305272999999999911e-16
9.889175000000000049e-01 1.855630145718768754e-14 1.129017000000000099e-16
9.891524999999999901e-01 1.796421070050095424e-14 1.080589000000000005e-16
9.893874999999999753e-01 1.775175891255666087e-14 1.106371000000000012e-16
9.896224999999999605e-01 1.715357601853267266e-14 1.123921000000000046e-16
9.898574999999999458e-01 1.608532395332456762e-14 1.120043999999999924e-16
9.900925000000000420e-01 1.525491757806704094e-14 1.083938000000000033e-16
9.903275000000000272e-01 1.492714323330626202e-14 1.089474000000000001e-16
9.905625000000000124e-01 1.423365841169947670e-14 1.055377000000000050e-16
9.907974999999999977e-01 1.347870018619480504e-14 1.014725000000000061e-16
9.910324999999999829e-01 1.324485715968646895e-14 1.002817000000000016e-16
9.912674999999999681e-01 1.369291294608454149e-14 1.055744999999999986e-16
9.915024999999999533e-01 1.365856235688295220e-14 1.073963000000000053e-16
9.917375000000000496e-01 1.293386951231577747e-14 1.030355000000000031e-16
9.919725000000000348e-01 1.285557077359524997e-14 1.029743000000000022e-16
9.922075000000000200e-01 1.373726179652214337e-14 1.127123999999999982e-16
9.924425000000000052e-01 1.356961658151668648e-14 1.110468999999999911e-16
9.926774999999999904e-01 1.333945080928916779e-14 1.052740999999999967e-16
9.929124999999999757e-01 1.388375441367777607e-14 1.039487000000000053e-16
9.931474999999999609e-01 1.454886341624997110e-14 1.064581999999999995e-16
9.933824999999999461e-01 1.488337291300636051e-14 1.023814000000000059e-16
9.936175000000000423e-01 1.414467214116667001e-14 8.858697000000000403e-17
9.938525000000000276e-01 1.462392704559654678e-14 9.097523999999999540e-17
9.940875000000000128e-01 1.559858180060659697e-14 9.308591999999999502e-17
9.943224999999999980e-01 1.613321461736606450e-14 9.269588999999999557e-17
9.945574999999999832e-01 1.616987573395031954e-14 8.926636999999999442e-17
9.947924999999999685e-01 1.619004370602363144e-14 8.775791999999999995e-17
9.950274999999999537e-01 1.630303547782164578e-14 8.407261000000000180e-17
9.952625000000000499e-01 1.656814633956055231e-14 7.846012000000000002e-17
9.954975000000000351e-01 1.677135149062164329e-14 7.423768999999999621e-17
9.957325000000000204e-01 1.656628800285710432e-14 6.626722999999999586e-17
9.959675000000000056e-01 1.656119435957257664e-14 6.272289999999999463e-17
9.962024999999999908e-01 1.613461448704337504e-14 5.693745999999999563e-17
9.964374999999999760e-01 1.638359292792576313e-14 5.005951000000000211e-17
9.966724999999999612e-01 1.699857886945063610e-14 4.449028999999999994e-17
9.969074999999999465e-01 1.692399421116791246e-14 3.901313000000000158e-17
9.971425000000000427e-01 1.553116963537952686e-14 3.142677000000000214e-17
9.973775000000000279e-01 1.506114060397017671e-14 2.663613000000000034e-17
9.976125000000000131e-01 1.505026791266182208e-14 2.527331000000000068e-17
9.978474999999999984e-01 1.554640561468333084e-14 2.530821999999999860e-17
9.980824999999999836e-01 1.609077961376090462e-14 2.401695000000000069e-17
9.983174999999999688e-01 1.618034188869818407e-14 2.112180000000000112e-17
9.985524999999999540e-01 1.562236791434218571e-14 1.995963999999999867e-17
9.987875000000000503e-01 1.507964448803735490e-14 1.929724999999999953e-17
9.990225000000000355e-01 1.498522945479039260e-14 1.906279999999999998e-17
9.992575000000000207e-01 nan 1.928795000000000066e-17
9.994925000000000059e-01 1.479659281001750362e-14 2.232500000000000100e-17
9.997274999999999912e-01 nan 2.394472000000000119e-17
9.999624999999999764e-01 1.524693627504769915e-14 2.563657999999999860e-17
1.000197999999999920e+00 1.586316678472565779e-14 3.058839000000000152e-17
1.000432999999999906e+00 1.626937582832942933e-14 3.437552000000000273e-17
1.000667999999999891e+00 1.633851191218436626e-14 3.628360000000000005e-17
1.000903000000000098e+00 1.602981674969567207e-14 3.630427000000000103e-17
1.001138000000000083e+00 1.551608249182970590e-14 3.693367999999999991e-17
1.001373000000000069e+00 1.527772369986029452e-14 3.840601000000000169e-17
1.001608000000000054e+00 1.565670675126093514e-14 4.194604000000000056e-17
1.001843000000000039e+00 1.627673999265084352e-14 4.423667000000000052e-17
1.002078000000000024e+00 1.660461841105850609e-14 4.599343000000000133e-17
1.002313000000000009e+00 1.584717317826189736e-14 4.147868999999999973e-17
1.002547999999999995e+00 1.604192245964817248e-14 4.019950000000000245e-17
1.002782999999999980e+00 1.574168991690503640e-14 4.141710999999999948e-17
1.003017999999999965e+00 1.531847574471919427e-14 3.966506999999999936e-17
1.003252999999999950e+00 1.534986953365421076e-14 3.726887999999999794e-17
1.003487999999999936e+00 1.502703747269466542e-14 3.936171999999999858e-17
1.003722999999999921e+00 1.453528650223053597e-14 3.911236000000000255e-17
1.003957999999999906e+00 1.458166838908452104e-14 4.053332000000000242e-17
1.004192999999999891e+00 1.525409699804635960e-14 4.258828000000000062e-17
1.004428000000000099e+00 1.599908477750186562e-14 4.442360000000000142e-17
1.004663000000000084e+00 1.625497440321615508e-14 4.625855999999999924e-17
1.004898000000000069e+00 1.606001715453751365e-14 5.007239000000000046e-17
1.005133000000000054e+00 1.539826358938513776e-14 4.878559999999999716e-17
1.005368000000000039e+00 1.459542511354026327e-14 4.618707000000000210e-17
1.005603000000000025e+00 1.402755768094577710e-14 4.462984000000000164e-17
1.005838000000000010e+00 1.423655989781398633e-14 4.568468999999999722e-17
1.006072999999999995e+00 1.486638118547960670e-14 4.775198999999999854e-17
1.006307999999999980e+00 1.521118406757028204e-14 4.906805999999999958e-17
1.006542999999999966e+00 1.502944296366225774e-14 4.882477000000000155e-17
1.006777999999999951e+00 1.540470542063187861e-14 5.033786999999999699e-17
1.007012999999999936e+00 1.631817286024211180e-14 5.401483999999999908e-17
1.007247999999999921e+00 1.626656918447640276e-14 5.297191000000000212e-17
1.007482999999999906e+00 1.580782734667552481e-14 4.789835999999999879e-17
1.007717999999999892e+00 1.614823122534999065e-14 4.754227000000000240e-17
1.007953000000000099e+00 1.663239761337985865e-14 4.626501000000000278e-17
1.008188000000000084e+00 1.663412795135566767e-14 4.570895999999999717e-17
1.008423000000000069e+00 1.694840729524062794e-14 4.603200000000000281e-17
1.008658000000000055e+00 1.723364410580729715e-14 4.596029000000000214e-17
1.008893000000000040e+00 1.711343029232324116e-14 4.564968000000000191e-17
1.009128000000000025e+00 1.629124727029207763e-14 4.235215000000000155e-17
1.009363000000000010e+00 1.609513146317445657e-14 3.908228000000000094e-17
1.009597999999999995e+00 1.649179549364846700e-14 3.785983999999999837e-17
1.009832999999999981e+00 1.710139130351248183e-14 3.127342000000000134e-17
1.010067999999999966e+00 1.791032784589518641e-14 3.021521000000000056e-17
1.010302999999999951e+00 1.858011161392074460e-14 2.728078999999999919e-17
1.010537999999999936e+00 nan 2.420450000000000090e-17
1.010772999999999922e+00 nan 2.313877999999999945e-17
1.011007999999999907e+00 1.757430982372132336e-14 2.305826999999999926e-17
1.011242999999999892e+00 1.711868026346026409e-14 2.255330999999999975e-17
1.011478000000000099e+00 1.674606842829748420e-14 2.206592999999999980e-17
1.011713000000000084e+00 1.689037480835454491e-14 2.185215999999999944e-17
1.011948000000000070e+00 1.675308580173038947e-14 2.144489000000000084e-17
1.012183000000000055e+00 1.720151039224565947e-14 2.224949999999999859e-17
1.012418000000000040e+00 1.822791991419097719e-14 2.459840000000000001e-17
1.012653000000000025e+00 1.886359991736334277e-14 2.566678000000000018e-17
1.012888000000000011e+00 1.849701715375265144e-14 2.507619999999999912e-17
1.013122999999999996e+00 1.851743913577195163e-14 2.582636000000000099e-17
1.013357999999999981e+00 nan 3.189563000000000228e-17
1.013592999999999966e+00 nan 3.082620000000000011e-17
1.013827999999999951e+00 1.643867603064999047e-14 2.407376000000000001e-17
1.014062999999999937e+00 1.588798114819679774e-14 2.479935999999999867e-17
1.014297999999999922e+00 1.643950093644057956e-14 2.547532000000000135e-17
1.014532999999999907e+00 1.701914146813788242e-14 2.465958999999999961e-17
1.014767999999999892e+00 1.672429111245183890e-14 2.345741000000000097e-17
1.015003000000000100e+00 1.648886205041177820e-14 2.325476999999999971e-17
1.015238000000000085e+00 1.728674805898914404e-14 2.534054000000000059e-17
1.015473000000000070e+00 1.780291704986504238e-14 2.721042999999999889e-17
1.015708000000000055e+00 1.724155502597211741e-14 2.952361000000000032e-17
1.015943000000000040e+00 1.675347222826746823e-14 2.679978999999999997e-17
1.016178000000000026e+00 1.691396483877425840e-14 2.984298999999999931e-17
1.016413000000000011e+00 1.718598075077337075e-14 3.146186000000000155e-17
1.016647999999999996e+00 1.738677784500015233e-14 3.174845999999999816e-17
1.016882999999999981e+00 1.773918814295268405e-14 3.236118000000000055e-17
1.017117999999999967e+00 1.736475584194431192e-14 3.161634000000000228e-17
1.017352999999999952e+00 1.678000828989012647e-14 3.134004999999999834e-17
1.017587999999999937e+00 1.774779606670469223e-14 7.630913999999999607e-17
1.017822999999999922e+00 1.876818152778665128e-14 3.592906000000000193e-17
1.018057999999999907e+00 nan nan
1.018292999999999893e+00 1.741502088108274331e-14 7.639413000000000320e-17
1.018528000000000100e+00 1.768530648896908114e-14 7.487037000000000415e-17
1.018763000000000085e+00 1.682279740908688168e-14 3.123994000000000173e-17
1.018998000000000070e+00 1.731252153168210670e-14 3.024506000000000044e-17
1.019233000000000056e+00 1.797270162246678151e-14 3.020563999999999792e-17
1.019468000000000041e+00 1.795247944057873389e-14 2.973419000000000186e-17
1.019703000000000026e+00 1.800599118231420504e-14 2.923750000000000177e-17
1.019938000000000011e+00 1.816591018525332232e-14 2.890516999999999855e-17
1.020172999999999996e+00 1.785789255981746064e-14 2.871835000000000250e-17
1.020407999999999982e+00 1.769282337110137881e-14 2.867327000000000212e-17
1.020642999999999967e+00 1.803170356697406611e-14 2.918059999999999709e-17
1.020877999999999952e+00 1.841591465138489961e-14 2.915405000000000088e-17
1.021112999999999937e+00 1.825515415659610392e-14 2.867071000000000080e-17
1.021347999999999923e+00 1.757915718305616033e-14 2.703115000000000118e-17
1.021582999999999908e+00 1.686721791944971347e-14 2.509546000000000128e-17
1.021817999999999893e+00 1.650604554131772202e-14 2.377186000000000009e-17
1.022053000000000100e+00 1.622503401763278477e-14 2.286561999999999898e-17
1.022288000000000086e+00 1.637972760309166309e-14 2.057133999999999981e-17
1.022523000000000071e+00 1.718566207222977896e-14 1.986097999999999984e-17
1.022758000000000056e+00 1.772316612891314089e-14 1.793593999999999918e-17
1.022993000000000041e+00 1.770136462074305345e-14 1.646881000000000104e-17
1.023228000000000026e+00 1.730064487988805131e-14 1.592572000000000095e-17
1.023463000000000012e+00 1.715211647797169561e-14 1.579672999999999930e-17
1.023697999999999997e+00 1.770223146787508033e-14 1.605487000000000153e-17
1.023932999999999982e+00 1.825919036279274740e-14 1.638602000000000150e-17
1.024167999999999967e+00 1.834766130511638794e-14 1.627915999999999990e-17
1.024402999999999953e+00 1.859039399279745500e-14 1.736383999999999897e-17
1.024637999999999938e+00 1.807119550820701056e-14 1.764375000000000135e-17
1.024872999999999923e+00 1.757518605364533240e-14 1.722403000000000094e-17
1.025107999999999908e+00 1.769696845134359222e-14 1.706729000000000034e-17
1.025342999999999893e+00 1.715026394654819358e-14 1.588225999999999856e-17
1.025578000000000101e+00 1.663688895521279191e-14 1.588593999999999853e-17
1.025813000000000086e+00 1.692403101080242973e-14 1.606867000000000064e-17
1.026048000000000071e+00 1.636262205699636521e-14 1.621699000000000110e-17
1.026283000000000056e+00 1.562850676490928593e-14 1.602201999999999943e-17
1.026518000000000042e+00 1.553536632045529631e-14 1.622750999999999910e-17
1.026753000000000027e+00 1.608692560924446421e-14 1.680222000000000087e-17
1.026988000000000012e+00 1.717165996184630869e-14 1.799585999999999940e-17
1.027222999999999997e+00 1.751149168703572004e-14 1.895894000000000059e-17
1.027457999999999982e+00 1.712808305884742993e-14 1.984704999999999948e-17
1.027692999999999968e+00 1.666910252413191199e-14 2.019074000000000046e-17
1.027927999999999953e+00 1.638613080617872399e-14 2.033428999999999998e-17
1.028162999999999938e+00 1.635504915193520432e-14 2.457140999999999982e-17
1.028397999999999923e+00 1.586974586715062131e-14 2.812223999999999867e-17
1.028632999999999909e+00 1.562019339312471482e-14 2.858500000000000005e-17
1.028867999999999894e+00 1.669866116795927407e-14 3.281255000000000033e-17
1.029103000000000101e+00 1.745217010201492561e-14 3.511979999999999704e-17
1.029338000000000086e+00 1.712236292992445502e-14 3.146278000000000231e-17
1.029573000000000071e+00 1.689329754584002628e-14 2.994570000000000237e-17
1.029808000000000057e+00 1.705868499739509809e-14 3.228535000000000208e-17
1.030043000000000042e+00 1.698188910603242062e-14 3.267569999999999939e-17
1.030278000000000027e+00 1.712411867230786831e-14 3.407837999999999939e-17
1.030513000000000012e+00 1.699762566232760515e-14 3.544367999999999936e-17
1.030747999999999998e+00 1.753519385206567583e-14 9.097902000000000510e-17
1.030982999999999983e+00 1.763454240114746677e-14 3.786180000000000295e-17
1.031217999999999968e+00 1.723235125959332547e-14 3.566237000000000139e-17
1.031452999999999953e+00 1.764045247132179332e-14 3.616457999999999989e-17
1.031687999999999938e+00 1.803157161269115417e-14 3.675513000000000019e-17
1.031922999999999924e+00 1.728139112715099764e-14 3.670070000000000070e-17
1.032157999999999909e+00 1.693480678161501851e-14 3.675649000000000185e-17
1.032392999999999894e+00 1.691689582191669770e-14 3.623721000000000133e-17
1.032628000000000101e+00 1.640336801597728991e-14 3.495516999999999948e-17
1.032863000000000087e+00 1.692144664044160146e-14 3.971391999999999891e-17
1.033098000000000072e+00 1.815643378984994444e-14 4.350506999999999742e-17
1.033333000000000057e+00 1.870491631476752359e-14 4.386037000000000045e-17
1.033568000000000042e+00 1.848793288828427813e-14 4.337864999999999836e-17
1.033803000000000027e+00 1.749581462970839812e-14 4.101103999999999744e-17
1.034038000000000013e+00 1.687858057046529040e-14 4.004605000000000116e-17
1.034272999999999998e+00 1.693089109046783148e-14 4.045053999999999800e-17
1.034507999999999983e+00 1.670804231137400282e-14 3.931867000000000250e-17
1.034742999999999968e+00 1.651966628506048469e-14 3.863119999999999825e-17
1.034977999999999954e+00 1.723231534396967665e-14 4.044980000000000181e-17
1.035212999999999939e+00 1.713143849926473592e-14 3.992899999999999762e-17
1.035447999999999924e+00 1.687293248927807451e-14 3.925272999999999836e-17
1.035682999999999909e+00 1.723927708308577309e-14 3.865621999999999875e-17
1.035917999999999894e+00 1.756047670251410831e-14 3.809964000000000229e-17
1.036153000000000102e+00 1.836036657826360712e-14 3.993538000000000143e-17
1.036388000000000087e+00 1.863316021517155358e-14 4.056527000000000016e-17
1.036623000000000072e+00 1.832560288695151379e-14 3.984598999999999762e-17
1.036858000000000057e+00 1.838618234652549891e-14 4.007265000000000070e-17
1.037093000000000043e+00 1.879216283017886153e-14 4.070295999999999777e-17
1.037328000000000028e+00 1.952092188072105964e-14 4.231703999999999959e-17
1.037563000000000013e+00 1.962963945023954955e-14 4.239618999999999812e-17
1.037797999999999998e+00 1.884846595681933957e-14 4.008905000000000009e-17
1.038032999999999983e+00 1.768938704522511628e-14 3.662737000000000203e-17
1.038267999999999969e+00 1.669529625236049313e-14 3.383426000000000288e-17
1.038502999999999954e+00 1.712236255981586522e-14 3.478439999999999804e-17
1.038737999999999939e+00 1.802254662456897900e-14 3.612264000000000118e-17
1.038972999999999924e+00 1.812471716284506050e-14 3.593676000000000229e-17
1.039207999999999910e+00 1.802072423174719350e-14 3.584771999999999710e-17
1.039442999999999895e+00 1.794369968989466668e-14 3.462375999999999702e-17
1.039678000000000102e+00 1.783256717133181956e-14 3.331358999999999993e-17
1.039913000000000087e+00 1.751123888826740462e-14 3.120526000000000246e-17
1.040148000000000073e+00 1.780591155944221812e-14 3.051265999999999738e-17
1.040383000000000058e+00 1.878153771331135952e-14 3.741982000000000123e-17
1.040618000000000043e+00 1.880044493486870728e-14 3.600913999999999943e-17
1.040853000000000028e+00 1.899007738825264154e-14 3.077091999999999958e-17
1.041088000000000013e+00 1.880440667521917910e-14 3.019070000000000068e-17
1.041322999999999999e+00 1.788292162627810494e-14 2.969541000000000121e-17
1.041557999999999984e+00 1.757670478892560709e-14 2.755766000000000040e-17
1.041792999999999969e+00 1.843179124741298219e-14 2.776119999999999985e-17
1.042027999999999954e+00 1.952540106699035633e-14 2.648945999999999864e-17
1.042262999999999940e+00 1.948053132871976710e-14 2.506806000000000095e-17
1.042497999999999925e+00 1.869450814390322664e-14 2.350030999999999941e-17
1.042732999999999910e+00 1.782409336226142270e-14 2.195253999999999983e-17
1.042967999999999895e+00 1.702589969011963478e-14 2.115011999999999913e-17
1.043203000000000102e+00 1.757630056237955115e-14 2.127860000000000016e-17
1.043438000000000088e+00 1.902790678784738336e-14 1.983248999999999854e-17
1.043673000000000073e+00 1.966693567994204637e-14 1.860689000000000099e-17
1.043908000000000058e+00 1.958522254740210937e-14 2.111867999999999893e-17
1.044143000000000043e+00 1.953264961086920565e-14 1.874501999999999950e-17
1.044378000000000029e+00 1.943848825209627121e-14 2.065931999999999863e-17
1.044613000000000014e+00 1.940590256574463221e-14 1.847479999999999972e-17
1.044847999999999999e+00 1.931322853962733375e-14 1.885173000000000038e-17
1.045082999999999984e+00 1.967928598870193438e-14 1.933639000000000008e-17
1.045317999999999969e+00 2.059635811979332910e-14 2.016719999999999851e-17
1.045552999999999955e+00 2.115395158344214904e-14 2.289135999999999927e-17
1.045787999999999940e+00 2.093740244975397887e-14 2.507112999999999981e-17
1.046022999999999925e+00 2.004307176020981312e-14 2.424022999999999909e-17
1.046257999999999910e+00 1.798849471982974853e-14 2.267522000000000036e-17
1.046492999999999896e+00 1.752091421858029037e-14 3.295751999999999995e-17
1.046728000000000103e+00 1.782315864386771810e-14 3.005002999999999725e-17
1.046963000000000088e+00 1.779363687481746225e-14 2.649614999999999902e-17
1.047198000000000073e+00 1.768336542876332965e-14 2.616172999999999923e-17
1.047433000000000058e+00 1.798786232276602161e-14 2.423637000000000071e-17
1.047668000000000044e+00 1.824836482772887941e-14 2.471629000000000024e-17
1.047903000000000029e+00 1.774337470620629707e-14 2.530925999999999932e-17
1.048138000000000014e+00 1.689223580024019800e-14 2.405679999999999975e-17
1.048372999999999999e+00 1.686400818659056171e-14 2.424162000000000151e-17
1.048607999999999985e+00 1.753485366746121277e-14 2.627491000000000004e-17
1.048842999999999970e+00 1.765496223391438188e-14 2.699834999999999933e-17
1.049077999999999955e+00 1.757350246935975422e-14 2.649746999999999864e-17
1.049312999999999940e+00 1.783259418891786562e-14 2.642314999999999949e-17
1.049547999999999925e+00 1.799012093805013895e-14 2.639095999999999874e-17
1.049782999999999911e+00 1.764626581463956970e-14 2.604948000000000046e-17
1.050017999999999896e+00 1.760522594811363148e-14 2.768770999999999918e-17
1.050253000000000103e+00 1.798183053426698617e-14 2.758458999999999907e-17
1.050488000000000088e+00 1.821242389929286934e-14 2.740896000000000056e-17
1.050723000000000074e+00 1.779877726082691849e-14 2.914054999999999706e-17
1.050958000000000059e+00 1.726436094013223299e-14 3.004111000000000084e-17
1.051193000000000044e+00 1.691817873086250911e-14 2.972773000000000013e-17
1.051428000000000029e+00 1.673860603038665226e-14 2.932243000000000121e-17
1.051663000000000014e+00 1.679442755172843830e-14 3.094358999999999791e-17
1.051898000000000000e+00 nan 4.907378999999999716e-17
1.052132999999999985e+00 1.690227103587404352e-14 4.793279999999999812e-17
1.052367999999999970e+00 1.725851328225169605e-14 3.347046000000000178e-17
1.052602999999999955e+00 1.769955725552870849e-14 3.431391999999999991e-17
1.052837999999999941e+00 nan 3.424004000000000166e-17
1.053072999999999926e+00 nan 3.013780000000000306e-17
1.053307999999999911e+00 1.645806215824962046e-14 2.621480000000000013e-17
1.053542999999999896e+00 1.690500997781189209e-14 3.002193000000000277e-17
1.053778000000000103e+00 1.742856452554611275e-14 3.487653000000000157e-17
1.054013000000000089e+00 1.717138225322004163e-14 3.474985000000000003e-17
1.054248000000000074e+00 1.701054329421892585e-14 3.459303000000000150e-17
1.054483000000000059e+00 1.722911069304811782e-14 3.603960000000000042e-17
1.054718000000000044e+00 1.647002384835500911e-14 3.703972999999999943e-17
1.054953000000000030e+00 1.577003774387245328e-14 3.761169999999999840e-17
1.055188000000000015e+00 nan 4.174305999999999889e-17
1.055423000000000000e+00 nan 4.287184000000000221e-17
1.055657999999999985e+00 1.695329195388214097e-14 4.298840999999999974e-17
1.055892999999999970e+00 1.643865481428724891e-14 4.293596000000000122e-17
1.056127999999999956e+00 1.605311065972512943e-14 4.187233000000000251e-17
1.056362999999999941e+00 1.573522704377019547e-14 4.182107999999999749e-17
1.056597999999999926e+00 1.578110296138628445e-14 4.158891999999999856e-17
1.056832999999999911e+00 1.601921043195825190e-14 4.202316000000000096e-17
1.057067999999999897e+00 1.604001460845160099e-14 4.206652000000000286e-17
1.057303000000000104e+00 1.616571542226947429e-14 4.068048000000000219e-17
1.057538000000000089e+00 1.666106196956254649e-14 4.007714999999999786e-17
1.057773000000000074e+00 1.677349542981582084e-14 4.417379000000000013e-17
1.058008000000000060e+00 1.671233145054353194e-14 4.579341000000000291e-17
1.058243000000000045e+00 1.669090241983606629e-14 4.115620999999999804e-17
1.058478000000000030e+00 1.699786470063513677e-14 3.851846000000000142e-17
1.058713000000000015e+00 nan 3.627457999999999700e-17
1.058948000000000000e+00 nan 3.382448999999999927e-17
1.059182999999999986e+00 1.579369302546954413e-14 3.185383000000000301e-17
1.059417999999999971e+00 1.597535323111783538e-14 3.202170000000000272e-17
1.059652999999999956e+00 1.643703072708693256e-14 3.331742000000000063e-17
1.059887999999999941e+00 1.652369926501342405e-14 3.356396999999999721e-17
1.060122999999999927e+00 nan 3.339913999999999868e-17
1.060357999999999912e+00 1.631012002787058758e-14 3.356997999999999985e-17
1.060592999999999897e+00 1.605024339856062748e-14 3.333522000000000064e-17
1.060828000000000104e+00 1.550742775844074151e-14 3.250615000000000017e-17
1.061063000000000089e+00 1.539703556640187114e-14 3.266494000000000146e-17
1.061298000000000075e+00 1.593042112159121884e-14 3.369437999999999897e-17
1.061533000000000060e+00 1.675380524073543061e-14 3.454796999999999752e-17
1.061768000000000045e+00 1.704038423974867468e-14 3.418400000000000238e-17
1.062003000000000030e+00 1.689700994633416616e-14 3.339534999999999695e-17
1.062238000000000016e+00 1.664165664352981229e-14 3.239158000000000002e-17
1.062473000000000001e+00 1.653915206481901182e-14 3.072768999999999893e-17
1.062707999999999986e+00 1.707200630906939674e-14 3.140833000000000026e-17
1.062942999999999971e+00 1.765276693941253179e-14 3.442985999999999993e-17
1.063177999999999956e+00 1.779405283900429501e-14 3.410373000000000211e-17
1.063412999999999942e+00 1.757118841180145869e-14 3.150204000000000282e-17
1.063647999999999927e+00 1.758081548024524187e-14 3.139402000000000053e-17
1.063882999999999912e+00 1.815940644762248646e-14 3.272807999999999819e-17
1.064117999999999897e+00 1.806562318341441848e-14 3.471089999999999917e-17
1.064353000000000105e+00 1.811616032863348274e-14 2.894489000000000253e-17
1.064588000000000090e+00 1.819176503557989903e-14 2.486702000000000128e-17
1.064823000000000075e+00 1.832077075323277049e-14 2.451176999999999849e-17
1.065058000000000060e+00 1.818102660238039029e-14 3.406458999999999848e-17
1.065293000000000045e+00 1.806776263245190540e-14 2.319219000000000077e-17
1.065528000000000031e+00 1.782848555644216112e-14 2.161014999999999898e-17
1.065763000000000016e+00 1.743546624296750696e-14 2.136388999999999949e-17
1.065998000000000001e+00 1.713668223036342133e-14 2.084965999999999880e-17
1.066232999999999986e+00 1.665128989164255992e-14 2.021052000000000145e-17
1.066467999999999972e+00 1.614067623307067667e-14 1.959512000000000086e-17
1.066702999999999957e+00 1.640763728392878823e-14 1.985846999999999876e-17
1.066937999999999942e+00 1.684001153544166369e-14 1.999588999999999876e-17
1.067172999999999927e+00 1.671409365355666333e-14 2.433078999999999871e-17
1.067407999999999912e+00 1.681943772390650373e-14 2.007502000000000090e-17
1.067642999999999898e+00 1.794844614603147025e-14 2.032148000000000136e-17
1.067878000000000105e+00 1.808879372257178866e-14 2.129901999999999993e-17
1.068113000000000090e+00 1.808576440889797616e-14 2.264068999999999874e-17
1.068348000000000075e+00 1.833746274167454017e-14 2.278412999999999957e-17
1.068583000000000061e+00 1.871832481826079200e-14 2.299262999999999966e-17
1.068818000000000046e+00 1.893639563387735213e-14 2.546197999999999954e-17
1.069053000000000031e+00 1.885841861825088901e-14 2.949467000000000300e-17
1.069288000000000016e+00 1.869873688173957909e-14 3.069516000000000084e-17
1.069523000000000001e+00 1.868514279375135155e-14 3.704588999999999971e-17
1.069757999999999987e+00 1.786318544323659207e-14 4.183714000000000262e-17
1.069992999999999972e+00 1.765696774840438589e-14 3.700341999999999781e-17
1.070227999999999957e+00 1.797649002009953251e-14 2.789106000000000203e-17
1.070462999999999942e+00 1.800571785499649335e-14 2.608506999999999920e-17
1.070697999999999928e+00 1.832693962525563553e-14 2.615710999999999902e-17
1.070932999999999913e+00 1.877274313717188007e-14 2.597516000000000131e-17
1.071167999999999898e+00 1.864055336972955613e-14 2.578811999999999864e-17
1.071403000000000105e+00 1.861576239224832749e-14 2.578807999999999968e-17
1.071638000000000090e+00 1.903702442359585781e-14 2.649306999999999888e-17
1.071873000000000076e+00 1.905820918537717280e-14 2.691434000000000065e-17
1.072108000000000061e+00 1.905403050062096450e-14 2.789421000000000189e-17
1.072343000000000046e+00 1.887871380852606424e-14 2.782256000000000274e-17
1.072578000000000031e+00 1.863060338049756024e-14 2.744459999999999955e-17
1.072813000000000017e+00 1.824820250881060101e-14 2.696875999999999885e-17
1.073048000000000002e+00 1.848131696637852740e-14 2.688988999999999921e-17
1.073282999999999987e+00 1.871108102215089330e-14 2.648421999999999912e-17
1.073517999999999972e+00 1.830663426861664548e-14 2.601174000000000054e-17
1.073752999999999957e+00 1.830423686385346796e-14 2.811346999999999991e-17
1.073987999999999943e+00 1.875507788766680645e-14 3.282131000000000089e-17
1.074222999999999928e+00 1.919275847855321981e-14 3.473598000000000119e-17
1.074457999999999913e+00 1.934189749291466459e-14 3.615773999999999878e-17
1.074692999999999898e+00 1.927669716566805628e-14 3.455381999999999815e-17
1.074928000000000106e+00 1.924497659044518301e-14 3.238426999999999724e-17
1.075163000000000091e+00 1.916054336589753411e-14 2.789692000000000085e-17
1.075398000000000076e+00 1.872762608399302229e-14 2.591276000000000077e-17
1.075633000000000061e+00 1.881134494715243932e-14 2.608691999999999893e-17
1.075868000000000047e+00 1.943545903243793583e-14 2.721223000000000146e-17
1.076103000000000032e+00 1.987413665733099459e-14 2.762268999999999889e-17
1.076338000000000017e+00 1.974146444107469155e-14 2.727975999999999974e-17
1.076573000000000002e+00 1.953464080980946060e-14 2.764501999999999991e-17
1.076807999999999987e+00 1.972990135376734600e-14 2.925089000000000075e-17
1.077042999999999973e+00 1.972844571148739617e-14 2.876218999999999810e-17
1.077277999999999958e+00 1.977566673481537217e-14 2.661934999999999849e-17
1.077512999999999943e+00 1.950830930884700425e-14 2.450561000000000129e-17
1.077747999999999928e+00 1.906908958107818440e-14 2.359485999999999865e-17
1.077982999999999913e+00 1.936238844122016404e-14 2.378154999999999962e-17
1.078217999999999899e+00 1.948303345052845550e-14 2.376027000000000061e-17
1.078453000000000106e+00 1.972205204387443659e-14 2.495686000000000111e-17
1.078688000000000091e+00 1.978456651025399919e-14 2.633508999999999967e-17
1.078923000000000076e+00 1.940189354494521554e-14 2.392620000000000139e-17
1.079158000000000062e+00 1.904782570132902721e-14 2.225366000000000150e-17
1.079393000000000047e+00 1.882373708267192060e-14 2.260104000000000065e-17
1.079628000000000032e+00 1.887750509289468116e-14 2.615155999999999984e-17
1.079863000000000017e+00 1.926344055838223600e-14 3.384953000000000234e-17
1.080098000000000003e+00 1.953869742442961710e-14 3.564301999999999695e-17
1.080332999999999988e+00 1.973253987291066027e-14 3.652061999999999912e-17
1.080567999999999973e+00 1.976585976071688023e-14 3.682736999999999789e-17
1.080802999999999958e+00 1.986896311973687895e-14 3.754159999999999752e-17
1.081037999999999943e+00 2.024610284195789287e-14 3.891133999999999929e-17
1.081272999999999929e+00 nan 4.605765999999999902e-17
1.081507999999999914e+00 2.030099767266844622e-14 4.741983999999999989e-17
1.081742999999999899e+00 2.058734778145834660e-14 4.231655000000000152e-17
1.081978000000000106e+00 2.074478532267084168e-14 4.045788000000000154e-17
1.082213000000000092e+00 2.036883534349830852e-14 3.492103000000000161e-17
1.082448000000000077e+00 1.989144519777340489e-14 3.360814000000000119e-17
1.082683000000000062e+00 1.972613152369387969e-14 3.346662000000000289e-17
1.082918000000000047e+00 1.951482759484663249e-14 3.046325000000000005e-17
1.083153000000000032e+00 1.998642316853167158e-14 2.923056999999999838e-17
1.083388000000000018e+00 nan 2.787084000000000014e-17
1.083623000000000003e+00 2.042196723139287327e-14 2.680737000000000036e-17
1.083857999999999988e+00 2.052768341185093677e-14 2.655875000000000052e-17
1.084092999999999973e+00 2.060264911773208621e-14 2.674555000000000018e-17
1.084327999999999959e+00 2.077526513725898420e-14 2.671842000000000054e-17
1.084562999999999944e+00 2.081959533376301342e-14 2.647372000000000060e-17
1.084797999999999929e+00 2.026421459168512714e-14 2.589291000000000007e-17
1.085032999999999914e+00 nan 2.654499999999999857e-17
1.085267999999999899e+00 nan 2.648815999999999850e-17
1.085503000000000107e+00 2.064927407552944048e-14 2.601270000000000026e-17
1.085738000000000092e+00 2.076806204682247429e-14 2.619410999999999967e-17
1.085973000000000077e+00 2.122473633808027159e-14 3.006979000000000183e-17
1.086208000000000062e+00 2.160822312264912127e-14 3.785610999999999816e-17
1.086443000000000048e+00 2.171113904997859483e-14 3.907705999999999782e-17
1.086678000000000033e+00 2.134811237533002950e-14 3.795277999999999782e-17
1.086913000000000018e+00 2.111159836702372132e-14 3.755983000000000023e-17
1.087148000000000003e+00 2.129576008390255597e-14 3.937163000000000164e-17
1.087382999999999988e+00 2.141581888279442654e-14 3.971898000000000002e-17
1.087617999999999974e+00 2.099427658989152438e-14 3.859918999999999899e-17
1.087852999999999959e+00 2.092522861547806596e-14 3.816514999999999756e-17
1.088087999999999944e+00 2.120365482899512101e-14 3.520151000000000306e-17
1.088322999999999929e+00 2.098572089522974034e-14 2.356549999999999991e-17
1.088557999999999915e+00 2.099331746469727835e-14 1.948823999999999977e-17
1.088792999999999900e+00 2.113503134027664125e-14 1.840772000000000053e-17
1.089028000000000107e+00 2.094166656155685169e-14 1.742101999999999946e-17
1.089263000000000092e+00 2.105411798938149302e-14 1.818688000000000040e-17
1.089498000000000077e+00 2.095538750012952501e-14 1.817642999999999905e-17
1.089733000000000063e+00 2.078038873149599134e-14 1.723240000000000084e-17
1.089968000000000048e+00 2.125708010839203904e-14 1.769667999999999973e-17
1.090203000000000033e+00 2.175628999661409773e-14 1.973177000000000082e-17
1.090438000000000018e+00 2.194994982625537044e-14 2.198141000000000050e-17
1.090673000000000004e+00 2.216860443116339524e-14 2.150135999999999973e-17
1.090907999999999989e+00 2.163186732317607381e-14 2.212838999999999878e-17
1.091142999999999974e+00 2.079572549009513191e-14 2.213115999999999926e-17
1.091377999999999959e+00 2.059404009774590455e-14 2.121222999999999949e-17
1.091612999999999944e+00 2.087871027497283593e-14 2.227713000000000065e-17
1.091847999999999930e+00 2.153535096174557543e-14 2.307416999999999930e-17
1.092082999999999915e+00 2.160704087439333362e-14 2.343632999999999985e-17
1.092317999999999900e+00 2.168766641214169967e-14 2.709612999999999943e-17
1.092553000000000107e+00 2.159454791765146425e-14 3.187572999999999825e-17
1.092788000000000093e+00 2.138579485026695593e-14 3.237131000000000097e-17
1.093023000000000078e+00 2.153880347608791237e-14 3.274572000000000236e-17
1.093258000000000063e+00 2.125557636701061990e-14 3.249707000000000176e-17
1.093493000000000048e+00 2.098539252572815918e-14 3.101925000000000233e-17
1.093728000000000034e+00 2.097466748830596396e-14 2.627850000000000080e-17
1.093963000000000019e+00 2.108824222809673509e-14 2.275718999999999962e-17
1.094198000000000004e+00 2.168517482072545347e-14 2.253917000000000022e-17
1.094432999999999989e+00 2.151564474601646012e-14 2.146420000000000016e-17
1.094667999999999974e+00 2.084980593608215171e-14 2.053173999999999888e-17
1.094902999999999960e+00 2.079049986740189186e-14 1.845845000000000057e-17
1.095137999999999945e+00 2.123588664242699550e-14 1.813978000000000009e-17
1.095372999999999930e+00 2.199255374123574794e-14 2.111240999999999997e-17
1.095607999999999915e+00 2.203434921361624226e-14 2.246713000000000041e-17
1.095842999999999900e+00 2.140896437917093628e-14 2.084715000000000081e-17
1.096078000000000108e+00 2.126621276959331301e-14 1.992043000000000148e-17
1.096313000000000093e+00 nan 1.867758000000000042e-17
1.096548000000000078e+00 nan 1.846250999999999992e-17
1.096783000000000063e+00 nan 1.831620999999999939e-17
1.097018000000000049e+00 nan 2.169460999999999984e-17
1.097253000000000034e+00 nan 2.100126000000000037e-17
1.097488000000000019e+00 2.023658425028411180e-14 1.789145000000000043e-17
1.097723000000000004e+00 nan 1.978577000000000068e-17
1.097957999999999990e+00 nan 2.156184999999999902e-17
1.098192999999999975e+00 nan 2.291821000000000002e-17
1.098427999999999960e+00 nan 2.308621999999999917e-17
1.098662999999999945e+00 nan 2.273298999999999940e-17
1.098897999999999930e+00 nan 2.225399999999999884e-17
1.099132999999999916e+00 nan 2.196958999999999928e-17
1.099367999999999901e+00 nan 2.282924000000000071e-17
1.099603000000000108e+00 nan 2.315611999999999909e-17
1.099838000000000093e+00 nan 2.310237999999999863e-17
1.100073000000000079e+00 nan 2.309213000000000132e-17
1.100308000000000064e+00 nan 2.336115999999999965e-17
1.100543000000000049e+00 nan 2.528259000000000007e-17
1.100778000000000034e+00 nan nan
1.101013000000000019e+00 nan nan
1.101248000000000005e+00 nan 3.261315999999999942e-17
1.101482999999999990e+00 nan 2.687475000000000100e-17
1.101717999999999975e+00 nan 2.483515999999999967e-17
1.101952999999999960e+00 nan 2.379571999999999990e-17
1.102187999999999946e+00 nan 3.516437000000000296e-17
1.102422999999999931e+00 nan 3.821130000000000251e-17
1.102657999999999916e+00 nan 2.634807999999999978e-17
1.102892999999999901e+00 nan 4.273555999999999726e-17
1.103128000000000108e+00 nan 2.879076000000000041e-17
1.103363000000000094e+00 nan 2.699808999999999991e-17
1.103598000000000079e+00 nan 2.473340000000000122e-17
1.103833000000000064e+00 1.792465966631983738e-14 2.325738000000000127e-17
1.104068000000000049e+00 1.872412057181053294e-14 2.195108999999999896e-17
1.104303000000000035e+00 1.898905266552449380e-14 2.018531999999999946e-17
1.104538000000000020e+00 1.887166749730977497e-14 1.936184000000000020e-17
1.104773000000000005e+00 1.903043200158427558e-14 1.930874999999999981e-17
1.105007999999999990e+00 1.932065791795075221e-14 1.944454000000000054e-17
1.105242999999999975e+00 1.897853831181579495e-14 1.912715999999999892e-17
1.105477999999999961e+00 1.817311160660637372e-14 1.826059000000000153e-17
1.105712999999999946e+00 1.795438473925841199e-14 1.762003000000000099e-17
1.105947999999999931e+00 1.868451210888280492e-14 1.773852000000000104e-17
1.106182999999999916e+00 1.903473603566481930e-14 1.776808999999999895e-17
1.106417999999999902e+00 1.877796657511028664e-14 1.761154999999999932e-17
1.106653000000000109e+00 1.882484931677536058e-14 1.726206999999999924e-17
1.106888000000000094e+00 1.895475369532439925e-14 1.748186000000000044e-17
1.107123000000000079e+00 1.862179847134007279e-14 1.726918999999999924e-17
1.107358000000000064e+00 1.855817229460922706e-14 1.709816999999999967e-17
1.107593000000000050e+00 1.895580302446027038e-14 1.730266999999999885e-17
1.107828000000000035e+00 1.872628851717218166e-14 1.734815999999999937e-17
1.108063000000000020e+00 1.829415036135708137e-14 1.771759999999999885e-17
1.108298000000000005e+00 1.868300164803495357e-14 1.787079999999999892e-17
1.108532999999999991e+00 1.968614411658859556e-14 1.894929000000000003e-17
1.108767999999999976e+00 1.995043563743182231e-14 2.382656999999999847e-17
1.109002999999999961e+00 1.974425492658708678e-14 2.383431000000000087e-17
1.109237999999999946e+00 1.952979199790756480e-14 1.936372999999999888e-17
1.109472999999999931e+00 1.953111401686925209e-14 2.046508999999999932e-17
1.109707999999999917e+00 1.977911504482588216e-14 2.121214000000000028e-17
1.109942999999999902e+00 1.992216845505565604e-14 2.125523999999999969e-17
1.110178000000000109e+00 1.966633367950570010e-14 2.086890999999999968e-17
1.110413000000000094e+00 1.885926527197383977e-14 1.925315999999999963e-17
1.110648000000000080e+00 1.822019650746047803e-14 1.811051999999999876e-17
1.110883000000000065e+00 1.851483054541814228e-14 1.757307000000000012e-17
1.111118000000000050e+00 1.875506997495222233e-14 1.685985999999999866e-17
1.111353000000000035e+00 1.847435033522898666e-14 1.614899999999999935e-17
1.111588000000000021e+00 1.859909485824551948e-14 1.565225000000000082e-17
1.111823000000000006e+00 1.898183247997317852e-14 1.540325999999999980e-17
1.112057999999999991e+00 1.896290897783915113e-14 1.485727999999999926e-17
1.112292999999999976e+00 nan 3.160496999999999708e-17
1.112527999999999961e+00 1.813628674979227725e-14 1.535146999999999956e-17
1.112762999999999947e+00 1.937780358702745337e-14 1.649156999999999860e-17
1.112997999999999932e+00 1.995290623789899847e-14 1.703328999999999883e-17
1.113232999999999917e+00 1.986816838026473842e-14 1.685966000000000078e-17
1.113467999999999902e+00 2.005680983022371803e-14 1.746793000000000008e-17
1.113703000000000110e+00 1.942856186089040226e-14 1.827836000000000078e-17
1.113938000000000095e+00 1.885323310858661045e-14 1.845275000000000067e-17
1.114173000000000080e+00 1.896030419993146149e-14 1.842487000000000048e-17
1.114408000000000065e+00 1.972464743989671249e-14 1.881337999999999934e-17
1.114643000000000050e+00 2.052977411065252361e-14 1.943617000000000063e-17
1.114878000000000036e+00 2.049144454664550774e-14 1.927763999999999875e-17
1.115113000000000021e+00 2.027124672548275802e-14 1.884142999999999974e-17
1.115348000000000006e+00 1.962082603542328037e-14 1.609006000000000142e-17
1.115582999999999991e+00 1.983931165182176364e-14 1.519604000000000038e-17
1.115817999999999977e+00 1.989980724938309571e-14 1.495036999999999944e-17
1.116052999999999962e+00 1.967994595364257447e-14 1.449889999999999917e-17
1.116287999999999947e+00 1.910152140218143959e-14 1.396703000000000048e-17
1.116522999999999932e+00 1.863122671279632280e-14 1.356523000000000004e-17
1.116757999999999917e+00 1.862879202342127550e-14 1.385930999999999963e-17
1.116992999999999903e+00 1.892690934798682761e-14 1.605234000000000098e-17
1.117228000000000110e+00 1.792857938545698875e-14 1.385253000000000004e-17
1.117463000000000095e+00 1.779802165622928603e-14 1.307292999999999997e-17
1.117698000000000080e+00 1.808028629678881790e-14 1.321725999999999926e-17
1.117933000000000066e+00 1.880495002529909544e-14 1.405105999999999863e-17
1.118168000000000051e+00 1.940105635790963892e-14 1.474071999999999994e-17
1.118403000000000036e+00 1.959610911283298075e-14 1.509192999999999978e-17
1.118638000000000021e+00 1.988816140113340445e-14 1.556573999999999927e-17
1.118873000000000006e+00 1.954419103062843419e-14 1.585442999999999861e-17
1.119107999999999992e+00 1.889004747362069940e-14 1.616790999999999981e-17
1.119342999999999977e+00 1.848790836393160366e-14 1.664190999999999899e-17
1.119577999999999962e+00 1.823227442675180915e-14 1.698092000000000131e-17
1.119812999999999947e+00 1.841487045097483261e-14 1.725070000000000020e-17
1.120047999999999933e+00 1.895868580664744566e-14 1.763420999999999948e-17
1.120282999999999918e+00 1.888498660053554726e-14 1.814448999999999951e-17
1.120517999999999903e+00 1.892098305576903238e-14 1.820396000000000062e-17
1.120753000000000110e+00 1.970971581582640465e-14 1.893287000000000116e-17
1.120988000000000095e+00 1.980306456873699932e-14 1.891966000000000060e-17
1.121223000000000081e+00 1.927762761088182389e-14 1.863929999999999911e-17
1.121458000000000066e+00 1.920162970552321243e-14 1.916140000000000036e-17
1.121693000000000051e+00 1.915969703999204024e-14 1.934594000000000015e-17
1.121928000000000036e+00 1.894867022824900200e-14 1.922246999999999999e-17
1.122163000000000022e+00 1.899751410206279295e-14 2.079074999999999855e-17
1.122398000000000007e+00 1.913486098256896193e-14 2.147097999999999975e-17
1.122632999999999992e+00 1.914926692078057650e-14 2.190124999999999892e-17
1.122867999999999977e+00 1.954520802933448134e-14 2.261687000000000097e-17
1.123102999999999962e+00 2.001909259754036205e-14 2.296527000000000137e-17
1.123337999999999948e+00 1.953202036378971515e-14 2.363979999999999958e-17
1.123572999999999933e+00 1.961642015488196840e-14 2.416952000000000018e-17
1.123807999999999918e+00 1.887542963656299614e-14 2.358097000000000033e-17
1.124042999999999903e+00 1.946110575158747330e-14 2.301201999999999998e-17
1.124278000000000111e+00 1.988579825333440947e-14 2.312263999999999948e-17
1.124513000000000096e+00 2.002163977755941987e-14 2.338438000000000067e-17
1.124748000000000081e+00 2.041235767907036199e-14 2.388672000000000042e-17
1.124983000000000066e+00 2.015240687542712498e-14 2.437054000000000036e-17
1.125218000000000051e+00 1.933042424022955603e-14 2.443508999999999899e-17
1.125453000000000037e+00 1.896305483690376618e-14 2.394813000000000047e-17
1.125688000000000022e+00 1.930551424167269281e-14 2.412957000000000064e-17
1.125923000000000007e+00 1.989739496948372166e-14 2.436778999999999936e-17
1.126157999999999992e+00 1.977335020333928301e-14 2.356606999999999897e-17
1.126392999999999978e+00 1.985245221509886929e-14 2.347062000000000153e-17
1.126627999999999963e+00 2.031417818886572946e-14 2.399006999999999918e-17
1.126862999999999948e+00 2.033202631104703915e-14 2.415370999999999934e-17
1.127097999999999933e+00 2.021202314238148434e-14 2.435842999999999897e-17
1.127332999999999918e+00 2.047569886035172113e-14 2.503939000000000124e-17
1.127567999999999904e+00 2.033581734505326356e-14 2.558359999999999998e-17
1.127803000000000111e+00 1.976749734153430599e-14 2.583545000000000068e-17
1.128038000000000096e+00 1.948957665384777287e-14 2.481691000000000055e-17
1.128273000000000081e+00 1.960758164095615099e-14 2.496015999999999862e-17
1.128508000000000067e+00 1.984173739212277591e-14 2.604583999999999945e-17
1.128743000000000052e+00 1.995406764473940933e-14 2.554368000000000119e-17
1.128978000000000037e+00 nan 2.531238999999999971e-17
1.129213000000000022e+00 nan 2.448338999999999896e-17
1.129448000000000008e+00 2.018991755123814338e-14 2.273675999999999857e-17
1.129682999999999993e+00 1.983717904915099515e-14 2.704519000000000023e-17
1.129917999999999978e+00 2.012566554637565540e-14 3.416836000000000174e-17
1.130152999999999963e+00 1.992288565393509200e-14 4.966918000000000120e-17
1.130387999999999948e+00 1.990985382992709977e-14 3.420054000000000121e-17
1.130622999999999934e+00 1.967431537433751128e-14 3.332152000000000202e-17
1.130857999999999919e+00 1.958575864824459202e-14 3.466297000000000038e-17
1.131092999999999904e+00 1.928525163609258147e-14 3.462767000000000181e-17
1.131327999999999889e+00 1.939993353093835855e-14 3.410469000000000183e-17
1.131563000000000097e+00 1.957469098041958564e-14 3.462008999999999834e-17
1.131798000000000082e+00 1.953559031584625284e-14 3.515094999999999707e-17
1.132033000000000067e+00 2.004402602903210706e-14 5.633688000000000155e-17
1.132268000000000052e+00 nan nan
1.132503000000000037e+00 nan nan
1.132738000000000023e+00 1.994872298474965806e-14 4.077129000000000302e-17
1.132973000000000008e+00 1.969718778947881587e-14 3.471027999999999986e-17
1.133207999999999993e+00 1.990182557450924274e-14 3.468070999999999887e-17
1.133442999999999978e+00 1.978458161523053180e-14 3.335261000000000052e-17
1.133677999999999964e+00 1.933377938562220781e-14 3.167533999999999866e-17
1.133912999999999949e+00 1.887724061907152544e-14 3.117300999999999711e-17
1.134147999999999934e+00 1.836617234247777698e-14 2.981714000000000033e-17
1.134382999999999919e+00 1.799188011756632937e-14 2.815882000000000098e-17
1.134617999999999904e+00 1.745408857905394737e-14 2.532890000000000086e-17
1.134852999999999890e+00 1.754417588055170663e-14 1.972739000000000054e-17
1.135088000000000097e+00 1.819460941336074718e-14 1.565596999999999975e-17
1.135323000000000082e+00 1.891808107896036469e-14 1.507616999999999918e-17
1.135558000000000067e+00 1.935874473245483675e-14 1.506748999999999963e-17
1.135793000000000053e+00 1.907235317525213671e-14 1.486485000000000145e-17
1.136028000000000038e+00 1.862548162774772282e-14 1.466335999999999960e-17
1.136263000000000023e+00 1.897540600338032771e-14 1.451356999999999880e-17
1.136498000000000008e+00 1.958550092580140367e-14 1.458551000000000121e-17
1.136732999999999993e+00 1.943391954807551874e-14 1.469423999999999893e-17
1.136967999999999979e+00 1.886900523807688824e-14 1.447520999999999957e-17
1.137202999999999964e+00 1.869137317570141416e-14 1.421087999999999937e-17
1.137437999999999949e+00 1.894447936149880796e-14 1.442738999999999946e-17
1.137672999999999934e+00 1.909808223405729633e-14 1.452569999999999968e-17
1.137907999999999920e+00 1.870654020309088129e-14 1.449870999999999948e-17
1.138142999999999905e+00 1.682425879128642978e-14 1.313106000000000045e-17
1.138377999999999890e+00 1.462054559261827323e-14 1.180428000000000018e-17
1.138613000000000097e+00 1.461805102682613566e-14 1.174162999999999998e-17
1.138848000000000082e+00 1.701388430336482890e-14 1.324457000000000039e-17
1.139083000000000068e+00 1.870353189935122194e-14 1.423834000000000123e-17
1.139318000000000053e+00 1.851407960224966303e-14 1.448263999999999923e-17
1.139553000000000038e+00 1.912029806845465605e-14 3.560158999999999885e-17
1.139788000000000023e+00 1.880043299995236261e-14 1.442237999999999860e-17
1.140023000000000009e+00 1.874908482592466062e-14 1.493944000000000130e-17
1.140257999999999994e+00 1.780160139570290360e-14 1.543177000000000059e-17
1.140492999999999979e+00 1.648412352377819752e-14 3.619791000000000186e-17
1.140727999999999964e+00 1.306448022071536707e-14 1.266987999999999964e-17
1.140962999999999949e+00 1.449406937694760940e-14 1.348395999999999955e-17
1.141197999999999935e+00 1.698143047252088098e-14 1.628227999999999900e-17
1.141432999999999920e+00 1.861178951846038208e-14 2.085985999999999895e-17
1.141667999999999905e+00 1.939861992080666122e-14 2.465967000000000061e-17
1.141902999999999890e+00 1.959133085130239380e-14 2.584998999999999907e-17
1.142138000000000098e+00 1.975891710587393575e-14 2.679116000000000066e-17
1.142373000000000083e+00 2.000850191887077684e-14 2.750530000000000108e-17
1.142608000000000068e+00 1.973097587834752193e-14 2.716698000000000087e-17
1.142843000000000053e+00 1.987163298871617550e-14 2.737574000000000037e-17
1.143078000000000038e+00 1.947305281704150719e-14 2.683458000000000100e-17
1.143313000000000024e+00 1.937914204340638502e-14 4.025610999999999772e-17
1.143548000000000009e+00 1.943628356943972466e-14 4.008268999999999884e-17
1.143782999999999994e+00 1.927324013834654749e-14 2.677358000000000110e-17
1.144017999999999979e+00 1.877734399161308804e-14 2.597852000000000034e-17
1.144252999999999965e+00 1.872606460146259031e-14 2.578539000000000020e-17
1.144487999999999950e+00 1.920651806252793623e-14 2.664648999999999941e-17
1.144722999999999935e+00 1.926406628210044762e-14 2.662384000000000054e-17
1.144957999999999920e+00 1.943072812735779129e-14 2.651211000000000059e-17
1.145192999999999905e+00 1.959227896847561773e-14 2.571049999999999889e-17
1.145427999999999891e+00 1.998310266725980206e-14 2.485706999999999927e-17
1.145663000000000098e+00 1.965500442061645859e-14 2.294864000000000025e-17
1.145898000000000083e+00 1.955366251321937710e-14 2.284610999999999868e-17
1.146133000000000068e+00 1.959213064722082863e-14 2.296074999999999856e-17
1.146368000000000054e+00 1.972611699898302271e-14 2.275330000000000049e-17
1.146603000000000039e+00 1.993287117818695525e-14 2.129482000000000114e-17
1.146838000000000024e+00 2.051556219141031568e-14 2.120050999999999875e-17
1.147073000000000009e+00 2.041460017465711452e-14 2.337858000000000029e-17
1.147307999999999995e+00 nan nan
1.147542999999999980e+00 1.986537747765648104e-14 2.731888999999999901e-17
1.147777999999999965e+00 2.023125122396645073e-14 2.097704000000000066e-17
1.148012999999999950e+00 nan 2.088513999999999886e-17
1.148247999999999935e+00 nan 2.081441999999999867e-17
1.148482999999999921e+00 2.001219765015314481e-14 2.088711999999999984e-17
1.148717999999999906e+00 1.999820233210203999e-14 2.083856000000000046e-17
1.148952999999999891e+00 2.036997032799468392e-14 2.123096999999999974e-17
1.149188000000000098e+00 2.076790774210919069e-14 2.161190999999999950e-17
1.149423000000000084e+00 nan 3.244313000000000033e-17
1.149658000000000069e+00 nan 3.216072999999999943e-17
1.149893000000000054e+00 2.034385749316448995e-14 2.101238000000000128e-17
1.150128000000000039e+00 2.051130898209855636e-14 2.138911999999999917e-17
1.150363000000000024e+00 2.042062817096313152e-14 2.267681999999999887e-17
1.150598000000000010e+00 2.014893550895997723e-14 2.473145999999999921e-17
1.150832999999999995e+00 2.020636375027854970e-14 2.503556000000000054e-17
1.151067999999999980e+00 2.043424829293311559e-14 2.600128000000000098e-17
1.151302999999999965e+00 2.044479103412496281e-14 2.718731999999999964e-17
1.151537999999999951e+00 2.060801277752369113e-14 2.763473000000000056e-17
1.151772999999999936e+00 2.080529042364647878e-14 2.824593000000000236e-17
1.152007999999999921e+00 2.024646529077291909e-14 2.721110999999999972e-17
1.152242999999999906e+00 nan 2.731421000000000035e-17
1.152477999999999891e+00 1.974120582129047579e-14 2.621984999999999996e-17
1.152713000000000099e+00 1.908974481583247858e-14 2.462287000000000093e-17
1.152948000000000084e+00 1.935375709595892086e-14 2.404406999999999905e-17
1.153183000000000069e+00 1.979547327903215837e-14 2.424792999999999944e-17
1.153418000000000054e+00 1.977184807014153817e-14 2.377870000000000121e-17
1.153653000000000040e+00 1.981975161364822606e-14 2.367616000000000144e-17
1.153888000000000025e+00 1.996132392280596482e-14 2.255710999999999968e-17
1.154123000000000010e+00 2.025451395095593723e-14 2.001999999999999978e-17
1.154357999999999995e+00 2.040715599304581799e-14 1.806573999999999983e-17
1.154592999999999980e+00 2.008715501960108301e-14 1.688112000000000128e-17
1.154827999999999966e+00 1.976937021788148601e-14 1.649286000000000054e-17
1.155062999999999951e+00 2.009881178224728187e-14 1.654737999999999923e-17
1.155297999999999936e+00 2.052987465795004948e-14 1.616789000000000033e-17
1.155532999999999921e+00 2.095626129595206205e-14 1.651988999999999969e-17
1.155767999999999907e+00 2.047759400293634143e-14 1.599143000000000027e-17
1.156002999999999892e+00 2.040506467457735775e-14 1.592931999999999992e-17
1.156238000000000099e+00 2.044234030452250242e-14 1.602853999999999961e-17
1.156473000000000084e+00 2.039548365962850566e-14 1.608219999999999906e-17
1.156708000000000069e+00 2.055327346087134002e-14 1.617684000000000058e-17
1.156943000000000055e+00 2.037472982403130926e-14 1.605292999999999952e-17
1.157178000000000040e+00 2.005928880847854489e-14 1.602218999999999964e-17
1.157413000000000025e+00 2.007176476301001959e-14 1.612667000000000141e-17
1.157648000000000010e+00 2.037655533971517622e-14 1.672359999999999936e-17
1.157882999999999996e+00 1.991256184957870246e-14 1.665725999999999945e-17
1.158117999999999981e+00 2.012142721064099107e-14 1.691551999999999857e-17
1.158352999999999966e+00 2.042798406729728004e-14 1.715398999999999850e-17
1.158587999999999951e+00 2.051677779985799248e-14 1.720267999999999912e-17
1.158822999999999936e+00 2.046005118032599106e-14 1.791722000000000149e-17
1.159057999999999922e+00 2.004399874894731574e-14 1.775052000000000067e-17
1.159292999999999907e+00 1.979610878698652289e-14 1.730043999999999975e-17
1.159527999999999892e+00 1.920073357814170882e-14 1.640947000000000117e-17
1.159763000000000099e+00 1.900490020787155625e-14 1.676915000000000140e-17
1.159998000000000085e+00 1.934177102837604871e-14 1.702801999999999854e-17
1.160233000000000070e+00 1.941199377462975388e-14 1.751648000000000126e-17
1.160468000000000055e+00 1.968022115058534497e-14 1.787348000000000021e-17
1.160703000000000040e+00 2.001056743617286670e-14 1.750746999999999949e-17
1.160938000000000025e+00 1.961896038366266889e-14 1.723976000000000078e-17
1.161173000000000011e+00 1.921330116304446018e-14 1.611226000000000119e-17
1.161407999999999996e+00 1.961573526710853328e-14 1.654398000000000123e-17
1.161642999999999981e+00 2.028488966902254909e-14 1.742594999999999932e-17
1.161877999999999966e+00 2.054564582351424245e-14 1.958526000000000112e-17
1.162112999999999952e+00 2.016650519180402754e-14 1.876153000000000066e-17
1.162347999999999937e+00 1.952105652943835545e-14 1.678105999999999874e-17
1.162582999999999922e+00 1.978611349032597717e-14 1.838793999999999955e-17
1.162817999999999907e+00 2.046302935684423378e-14 1.932435999999999969e-17
1.163052999999999892e+00 2.085635435172053776e-14 1.938975999999999935e-17
1.163288000000000100e+00 2.103854228867180127e-14 1.958037000000000022e-17
1.163523000000000085e+00 2.057501079359075569e-14 1.905509000000000143e-17
1.163758000000000070e+00 1.985752637751317645e-14 1.816899000000000119e-17
1.163993000000000055e+00 1.948320255039344149e-14 1.723779000000000109e-17
1.164228000000000041e+00 1.954416326065154493e-14 2.079647000000000101e-17
1.164463000000000026e+00 2.016616351794967207e-14 2.590817999999999952e-17
1.164698000000000011e+00 2.075581484647078998e-14 2.857141000000000011e-17
1.164932999999999996e+00 2.049470430611812269e-14 2.817867000000000168e-17
1.165167999999999981e+00 2.052172134993504347e-14 2.721268999999999876e-17
1.165402999999999967e+00 2.032333796372828975e-14 2.659099999999999972e-17
1.165637999999999952e+00 1.925665423702079526e-14 2.636623000000000149e-17
1.165872999999999937e+00 1.891266243791910671e-14 2.787535000000000167e-17
1.166107999999999922e+00 1.986318146109813697e-14 2.806182999999999731e-17
1.166342999999999908e+00 2.104740967518091364e-14 3.224332000000000108e-17
1.166577999999999893e+00 2.092463250472685111e-14 3.356641999999999984e-17
1.166813000000000100e+00 2.056648032530020220e-14 3.353697000000000190e-17
1.167048000000000085e+00 2.026827030319705193e-14 3.330461000000000201e-17
1.167283000000000071e+00 2.004260282153574869e-14 3.300692999999999729e-17
1.167518000000000056e+00 1.991533681356435488e-14 3.219345000000000029e-17
1.167753000000000041e+00 1.952769728734481989e-14 2.811795999999999887e-17
1.167988000000000026e+00 1.986500308744670671e-14 2.689907999999999939e-17
1.168223000000000011e+00 1.995612368373021544e-14 2.416026999999999848e-17
1.168457999999999997e+00 1.925909228297823146e-14 2.288724000000000148e-17
1.168692999999999982e+00 1.898377037992417899e-14 2.263707000000000030e-17
1.168927999999999967e+00 1.835774708664372846e-14 2.393531000000000056e-17
1.169162999999999952e+00 1.755598547095864424e-14 4.364755999999999981e-17
1.169397999999999938e+00 1.513861497116226740e-14 1.563015999999999973e-17
1.169632999999999923e+00 1.770494724092626666e-14 1.614957000000000150e-17
1.169867999999999908e+00 1.878287117137668420e-14 1.605349000000000039e-17
1.170102999999999893e+00 1.925812549360024406e-14 1.546131000000000082e-17
1.170338000000000100e+00 nan 1.578152000000000136e-17
1.170573000000000086e+00 2.006706084391933449e-14 1.606225999999999915e-17
1.170808000000000071e+00 2.014493036582016101e-14 1.688176000000000006e-17
1.171043000000000056e+00 2.005574487856063915e-14 1.588914999999999992e-17
1.171278000000000041e+00 1.971766694059247609e-14 1.527894999999999989e-17
1.171513000000000027e+00 1.954505089297723894e-14 1.517168999999999943e-17
1.171748000000000012e+00 1.935802348177120879e-14 1.522178000000000067e-17
1.171982999999999997e+00 1.935750591141568190e-14 1.552238999999999865e-17
1.172217999999999982e+00 1.986192263531280093e-14 1.576869000000000018e-17
1.172452999999999967e+00 1.990971722847788590e-14 1.575383000000000086e-17
1.172687999999999953e+00 1.983978959653224058e-14 1.580228999999999975e-17
1.172922999999999938e+00 2.010491261684181101e-14 1.600779000000000070e-17
1.173157999999999923e+00 2.010325873004929694e-14 1.612068000000000134e-17
1.173392999999999908e+00 1.975675047561770780e-14 1.628109000000000063e-17
1.173627999999999894e+00 1.915186812430146335e-14 1.674021999999999920e-17
1.173863000000000101e+00 1.886941231018658716e-14 1.802729000000000139e-17
1.174098000000000086e+00 1.944045223401182410e-14 2.658702999999999958e-17
1.174333000000000071e+00 1.985148800656857242e-14 3.062964000000000121e-17
1.174568000000000056e+00 2.000855595263582824e-14 3.562870999999999721e-17
1.174803000000000042e+00 nan nan
1.175038000000000027e+00 nan nan
1.175273000000000012e+00 nan nan
1.175507999999999997e+00 1.867229443134977526e-14 3.431720000000000102e-17
1.175742999999999983e+00 1.904538850078166206e-14 3.535535000000000193e-17
1.175977999999999968e+00 nan nan
1.176212999999999953e+00 1.938181917254067249e-14 4.378914999999999783e-17
1.176447999999999938e+00 1.941510150719520900e-14 4.584425999999999983e-17
1.176682999999999923e+00 1.946044553281965722e-14 4.377733999999999789e-17
1.176917999999999909e+00 1.875519442729538976e-14 3.147723000000000149e-17
1.177152999999999894e+00 1.638003310418280467e-14 2.293801000000000048e-17
1.177388000000000101e+00 1.347755462529402800e-14 1.881493000000000069e-17
1.177623000000000086e+00 1.255020758514610543e-14 1.742050000000000064e-17
1.177858000000000072e+00 1.432535854455316946e-14 1.646645999999999889e-17
1.178093000000000057e+00 1.716660951455253915e-14 1.670254000000000080e-17
1.178328000000000042e+00 1.825786668306258682e-14 1.613643999999999886e-17
1.178563000000000027e+00 1.867212114234221083e-14 1.627998000000000017e-17
1.178798000000000012e+00 1.922076872114271508e-14 1.774212000000000001e-17
1.179032999999999998e+00 1.936860514645369539e-14 1.818660999999999971e-17
1.179267999999999983e+00 1.918461720396725588e-14 1.777294999999999909e-17
1.179502999999999968e+00 1.918745492507056648e-14 1.645895999999999951e-17
1.179737999999999953e+00 1.915477844800167836e-14 1.641556999999999993e-17
1.179972999999999939e+00 1.907804704595919786e-14 1.635306000000000071e-17
1.180207999999999924e+00 1.884210196114420673e-14 1.619546000000000087e-17
1.180442999999999909e+00 1.913382308826599617e-14 1.617162999999999874e-17
1.180677999999999894e+00 1.953852260564369605e-14 1.637082999999999996e-17
1.180913000000000102e+00 1.947639620566934276e-14 1.621042999999999888e-17
1.181148000000000087e+00 1.920083462390939034e-14 1.613328000000000079e-17
1.181383000000000072e+00 1.898937702702823463e-14 1.635842000000000020e-17
1.181618000000000057e+00 1.844601814211218164e-14 1.685422000000000029e-17
1.181853000000000042e+00 1.819912607488146998e-14 1.738507999999999902e-17
1.182088000000000028e+00 1.868698726834071792e-14 2.296365000000000029e-17
1.182323000000000013e+00 1.897342574981302135e-14 2.462665999999999958e-17
1.182557999999999998e+00 1.908082015709065561e-14 2.657290000000000133e-17
1.182792999999999983e+00 1.895382437915157379e-14 2.846330000000000169e-17
1.183027999999999968e+00 1.854939107876231161e-14 2.980403999999999845e-17
1.183262999999999954e+00 1.865435151747068831e-14 3.195866999999999852e-17
1.183497999999999939e+00 1.886052283616043582e-14 3.335213000000000066e-17
1.183732999999999924e+00 1.836569680867781391e-14 3.206990000000000220e-17
1.183967999999999909e+00 1.832661652567804983e-14 3.187487999999999721e-17
1.184202999999999895e+00 1.868442712051477622e-14 3.224151999999999852e-17
1.184438000000000102e+00 1.958424785663020302e-14 3.347362999999999804e-17
1.184673000000000087e+00 1.956136741401703342e-14 8.046034000000000523e-17
1.184908000000000072e+00 nan nan
1.185143000000000058e+00 nan nan
1.185378000000000043e+00 1.724582676558823644e-14 2.654061000000000010e-17
1.185613000000000028e+00 1.826565092524505208e-14 2.469816999999999929e-17
1.185848000000000013e+00 1.877778866316912604e-14 2.099836999999999992e-17
1.186082999999999998e+00 1.876131871862216565e-14 1.785905000000000051e-17
1.186317999999999984e+00 1.888355438896529823e-14 1.727914999999999946e-17
1.186552999999999969e+00 1.927645023040162905e-14 1.760055000000000146e-17
1.186787999999999954e+00 1.899697272712357197e-14 1.747912999999999891e-17
1.187022999999999939e+00 1.851329130257598632e-14 1.690455000000000147e-17
1.187257999999999925e+00 1.851786227080347801e-14 1.690082000000000126e-17
1.187492999999999910e+00 1.906771625709189467e-14 1.746390999999999970e-17
1.187727999999999895e+00 1.908678554485244622e-14 1.786317999999999958e-17
1.187963000000000102e+00 1.864979821754877228e-14 1.922846000000000007e-17
1.188198000000000087e+00 1.843418271140382808e-14 2.021727999999999848e-17
1.188433000000000073e+00 1.746218805834588432e-14 1.987727999999999874e-17
1.188668000000000058e+00 1.642825664176528834e-14 2.068029000000000107e-17
1.188903000000000043e+00 1.744863828123474065e-14 2.296252999999999856e-17
1.189138000000000028e+00 1.990357483920383663e-14 6.337052999999999802e-17
1.189373000000000014e+00 1.895904557373055981e-14 2.908041000000000256e-17
1.189607999999999999e+00 1.866292527542409536e-14 2.457051999999999982e-17
1.189842999999999984e+00 1.894310982351510849e-14 2.463533999999999914e-17
1.190077999999999969e+00 1.908558736905333364e-14 2.449361999999999987e-17
1.190312999999999954e+00 1.885077587485641130e-14 2.225974000000000078e-17
1.190547999999999940e+00 1.910738202602122828e-14 2.227744999999999851e-17
1.190782999999999925e+00 1.910208943537118001e-14 2.494796000000000110e-17
1.191017999999999910e+00 1.893578633999002944e-14 2.317044000000000010e-17
1.191252999999999895e+00 1.893327316441881572e-14 2.220146000000000112e-17
1.191488000000000103e+00 1.899914960107161347e-14 2.189470000000000106e-17
1.191723000000000088e+00 1.871129647990373057e-14 2.172914999999999966e-17
1.191958000000000073e+00 1.873569667153537983e-14 2.175598999999999913e-17
1.192193000000000058e+00 1.898041962508953665e-14 2.202307999999999853e-17
1.192428000000000043e+00 1.899624635418870631e-14 2.420495000000000000e-17
1.192663000000000029e+00 1.896661460293693617e-14 2.529585000000000087e-17
1.192898000000000014e+00 1.900505097909353933e-14 2.484181999999999929e-17
1.193132999999999999e+00 1.922782292306770453e-14 2.146094999999999981e-17
1.193367999999999984e+00 1.952455965425727360e-14 2.486380999999999990e-17
1.193602999999999970e+00 1.889160629153061577e-14 3.618776999999999707e-17
1.193837999999999955e+00 1.825780792527864021e-14 3.578023999999999905e-17
1.194072999999999940e+00 1.810579465231326465e-14 2.657877000000000144e-17
1.194307999999999925e+00 1.832674352302298306e-14 2.652839000000000002e-17
1.194542999999999910e+00 1.873955627715522107e-14 2.812850999999999763e-17
1.194777999999999896e+00 1.838044827683279390e-14 2.666483999999999901e-17
1.195013000000000103e+00 1.743238609731596779e-14 2.414564000000000089e-17
1.195248000000000088e+00 1.717224581472723842e-14 2.090808999999999919e-17
1.195483000000000073e+00 1.785241450292264298e-14 1.852609000000000062e-17
1.195718000000000059e+00 1.872704730308983028e-14 1.747479999999999887e-17
1.195953000000000044e+00 1.872111764693670521e-14 1.704572999999999935e-17
1.196188000000000029e+00 1.835134608506803631e-14 1.751162999999999932e-17
1.196423000000000014e+00 1.825899780919430942e-14 1.758311000000000134e-17
1.196657999999999999e+00 1.802620750555076095e-14 2.125006999999999990e-17
1.196892999999999985e+00 1.844555847623313650e-14 3.052116000000000161e-17
1.197127999999999970e+00 1.811829468576573738e-14 1.977057000000000095e-17
1.197362999999999955e+00 1.711317812080049944e-14 1.875734000000000006e-17
1.197597999999999940e+00 1.606776077438667767e-14 1.807977999999999887e-17
1.197832999999999926e+00 1.599384975741744708e-14 1.827557999999999902e-17
1.198067999999999911e+00 1.669293135299915155e-14 1.901450000000000001e-17
1.198302999999999896e+00 1.712260769850296406e-14 1.951033000000000086e-17
1.198538000000000103e+00 1.765234049792109032e-14 5.426944999999999899e-17
1.198773000000000089e+00 1.802557310283925100e-14 2.107384999999999977e-17
1.199008000000000074e+00 1.871557721768954238e-14 3.764141999999999704e-17
1.199243000000000059e+00 1.776011238060081239e-14 3.711116999999999941e-17
1.199478000000000044e+00 1.711933521767997930e-14 2.017359000000000052e-17
1.199713000000000029e+00 1.729924108741852728e-14 1.989748000000000115e-17
1.199948000000000015e+00 1.772277175097457486e-14 2.056627999999999870e-17
1.200183000000000000e+00 1.777566808598151723e-14 1.943348999999999935e-17
1.200417999999999985e+00 1.748474349353945279e-14 1.853696999999999852e-17
1.200652999999999970e+00 1.764716936113534210e-14 1.868490000000000140e-17
1.200887999999999955e+00 1.832076950069709567e-14 1.950030999999999912e-17
1.201122999999999941e+00 1.815922955739025399e-14 1.927840999999999879e-17
1.201357999999999926e+00 1.763980979931043836e-14 1.880529000000000141e-17
1.201592999999999911e+00 1.777336183736999475e-14 1.895339999999999962e-17
1.201827999999999896e+00 1.772195171586527831e-14 1.908737999999999958e-17
1.202063000000000104e+00 1.793614952778962857e-14 2.192897000000000019e-17
1.202298000000000089e+00 1.784994626676685945e-14 2.347778999999999870e-17
1.202533000000000074e+00 1.805531403366810577e-14 2.473780999999999918e-17
1.202768000000000059e+00 1.818388628616984405e-14 2.560314999999999923e-17
1.203003000000000045e+00 1.721300302808209977e-14 2.402768000000000094e-17
1.203238000000000030e+00 1.716831511795764994e-14 2.394960000000000081e-17
1.203473000000000015e+00 1.792921767782209497e-14 2.480929000000000121e-17
1.203708000000000000e+00 1.863046951918167916e-14 2.610832999999999919e-17
1.203942999999999985e+00 1.903633076562336469e-14 2.766684999999999850e-17
1.204177999999999971e+00 1.906741538628962839e-14 2.798408999999999759e-17
1.204412999999999956e+00 1.915125620337253204e-14 2.729740000000000083e-17
1.204647999999999941e+00 1.886490368229320471e-14 2.384075000000000004e-17
1.204882999999999926e+00 1.833286348172950302e-14 2.103535999999999929e-17
1.205117999999999912e+00 1.868246770800814955e-14 2.108899999999999926e-17
1.205352999999999897e+00 1.909380362868915190e-14 1.915289000000000101e-17
1.205588000000000104e+00 1.940598330621070510e-14 1.964831999999999992e-17
1.205823000000000089e+00 1.928034014606314667e-14 1.667717999999999988e-17
1.206058000000000074e+00 1.981346966059772281e-14 1.678875000000000090e-17
1.206293000000000060e+00 1.984456205882587164e-14 1.640663999999999916e-17
1.206528000000000045e+00 1.935872296351316541e-14 1.670372999999999917e-17
1.206763000000000030e+00 1.911245691555865583e-14 2.050335000000000114e-17
1.206998000000000015e+00 1.824618689203318618e-14 1.699191000000000098e-17
1.207233000000000001e+00 1.871017136654442540e-14 1.714330000000000029e-17
1.207467999999999986e+00 1.907507958260592154e-14 1.753449000000000044e-17
1.207702999999999971e+00 1.954300338506716286e-14 1.749709999999999913e-17
1.207937999999999956e+00 1.992353887706869278e-14 1.713239999999999983e-17
1.208172999999999941e+00 1.986139169804227321e-14 1.808307000000000126e-17
1.208407999999999927e+00 1.942550863169460401e-14 1.903510000000000127e-17
1.208642999999999912e+00 1.952296416056988698e-14 1.985882000000000046e-17
1.208877999999999897e+00 1.913532441479232555e-14 2.170566000000000103e-17
1.209113000000000104e+00 1.792126076516718201e-14 2.219030000000000125e-17
1.209348000000000090e+00 1.740540472791095188e-14 2.178758000000000005e-17
1.209583000000000075e+00 1.873135592819691944e-14 2.354059000000000117e-17
1.209818000000000060e+00 1.982642501731024218e-14 2.475973000000000006e-17
1.210053000000000045e+00 2.051293281027484515e-14 2.547185000000000055e-17
1.210288000000000030e+00 1.999656288373573004e-14 2.444153000000000125e-17
1.210523000000000016e+00 1.900965411959376347e-14 2.295954999999999891e-17
1.210758000000000001e+00 1.835973911946947189e-14 2.069080999999999907e-17
1.210992999999999986e+00 1.824680706598497578e-14 1.952731000000000060e-17
1.211227999999999971e+00 1.817543435959822959e-14 1.930659999999999863e-17
1.211462999999999957e+00 1.826308772402915947e-14 1.931338000000000130e-17
1.211697999999999942e+00 1.835727455478985630e-14 1.864934999999999853e-17
1.211932999999999927e+00 1.834440030680693599e-14 1.805803000000000128e-17
1.212167999999999912e+00 1.892740442810519383e-14 1.817808000000000088e-17
1.212402999999999897e+00 1.965491923932982917e-14 1.868839999999999987e-17
1.212638000000000105e+00 2.014935713280313383e-14 1.960416000000000031e-17
1.212873000000000090e+00 1.959641059508481197e-14 1.973369999999999846e-17
1.213108000000000075e+00 1.853150551410414004e-14 1.870659000000000055e-17
1.213343000000000060e+00 1.814801174798889074e-14 1.804449999999999978e-17
1.213578000000000046e+00 1.860125304247196755e-14 1.832616999999999961e-17
1.213813000000000031e+00 1.962360734521714725e-14 1.918445000000000118e-17
1.214048000000000016e+00 2.046962994292882330e-14 1.789186000000000057e-17
1.214283000000000001e+00 2.031389362536969747e-14 1.610473000000000105e-17
1.214517999999999986e+00 2.006174330092090702e-14 1.738837999999999961e-17
1.214752999999999972e+00 1.995669909986083114e-14 1.858969000000000081e-17
1.214987999999999957e+00 2.006184581615319311e-14 2.579420999999999920e-17
1.215222999999999942e+00 2.024371293722073378e-14 2.630381000000000148e-17
1.215457999999999927e+00 2.019492152536815835e-14 2.072429999999999996e-17
1.215692999999999913e+00 1.985997365523159938e-14 2.041363000000000129e-17
1.215927999999999898e+00 1.930229972454033287e-14 1.847440000000000086e-17
1.216163000000000105e+00 1.943799126378414280e-14 1.855503000000000102e-17
1.216398000000000090e+00 1.977573451524154680e-14 1.774504999999999942e-17
1.216633000000000076e+00 1.979813064676802937e-14 1.644156000000000144e-17
1.216868000000000061e+00 1.969085943026377058e-14 1.621098999999999974e-17
1.217103000000000046e+00 1.989053066230193090e-14 1.652387000000000112e-17
1.217338000000000031e+00 2.004616209123859557e-14 1.668832999999999847e-17
1.217573000000000016e+00 1.978310198006836779e-14 1.667716999999999860e-17
1.217808000000000002e+00 1.981785685627852848e-14 1.765443000000000136e-17
1.218042999999999987e+00 1.998760203481150843e-14 1.853430999999999980e-17
1.218277999999999972e+00 2.045489141274165955e-14 1.766010000000000050e-17
1.218512999999999957e+00 2.075318829119492726e-14 1.749538000000000066e-17
1.218747999999999942e+00 2.054508481863923670e-14 1.722978000000000108e-17
1.218982999999999928e+00 2.014241261843767141e-14 1.719653000000000012e-17
1.219217999999999913e+00 1.999563855306020080e-14 1.713630000000000025e-17
1.219452999999999898e+00 2.015806316988009575e-14 1.762195999999999864e-17
1.219688000000000105e+00 2.039456004852174390e-14 1.787940999999999876e-17
1.219923000000000091e+00 1.995176239372341338e-14 1.766652000000000019e-17
1.220158000000000076e+00 1.984930459117238858e-14 1.746753000000000122e-17
1.220393000000000061e+00 2.025665993384842056e-14 1.726733999999999952e-17
1.220628000000000046e+00 2.022857884742787291e-14 1.758219000000000058e-17
1.220863000000000032e+00 2.028481535503071645e-14 1.867518999999999931e-17
1.221098000000000017e+00 2.030487071270139541e-14 1.727296000000000150e-17
1.221333000000000002e+00 1.963207173683543716e-14 1.580343999999999916e-17
1.221567999999999987e+00 1.931972582435721526e-14 1.455481000000000029e-17
1.221802999999999972e+00 1.940856682255764042e-14 1.356813000000000023e-17
1.222037999999999958e+00 1.948434433044964263e-14 1.463140000000000058e-17
1.222272999999999943e+00 2.025300681121215608e-14 3.378199000000000277e-17
1.222507999999999928e+00 2.045586912485212347e-14 3.096710999999999730e-17
1.222742999999999913e+00 1.988342394086439122e-14 1.445968000000000070e-17
1.222977999999999899e+00 2.019965974301377347e-14 1.449829999999999934e-17
1.223213000000000106e+00 2.073599241953098501e-14 1.439479999999999986e-17
1.223448000000000091e+00 2.100812735515004503e-14 1.444289999999999885e-17
1.223683000000000076e+00 2.076621632455817626e-14 1.415720000000000044e-17
1.223918000000000061e+00 2.076340888425107961e-14 1.428748000000000095e-17
1.224153000000000047e+00 2.085142688457862705e-14 1.448955000000000006e-17
1.224388000000000032e+00 2.061581489843262876e-14 1.404139999999999987e-17
1.224623000000000017e+00 2.041164220677608098e-14 1.379337000000000012e-17
1.224858000000000002e+00 2.038758948668861014e-14 1.398734999999999976e-17
1.225092999999999988e+00 2.060715524899426805e-14 1.403688000000000015e-17
1.225327999999999973e+00 2.059627137272216596e-14 1.397641999999999854e-17
1.225562999999999958e+00 2.047217141846767601e-14 1.401692000000000075e-17
1.225797999999999943e+00 2.023323517004178979e-14 1.404256000000000057e-17
1.226032999999999928e+00 2.016263314536689708e-14 1.517016000000000064e-17
1.226267999999999914e+00 2.045596025636099761e-14 1.667474999999999981e-17
1.226502999999999899e+00 2.059557730415102373e-14 1.677393999999999874e-17
1.226738000000000106e+00 2.053077222399093736e-14 1.687054999999999995e-17
1.226973000000000091e+00 2.072758200168360301e-14 1.648440999999999963e-17
1.227208000000000077e+00 2.052763224753964442e-14 1.596663000000000022e-17
1.227443000000000062e+00 2.027361905737259782e-14 1.608250999999999871e-17
1.227678000000000047e+00 2.044223152397517244e-14 1.653779000000000019e-17
1.227913000000000032e+00 nan nan
1.228148000000000017e+00 2.069696833802378613e-14 2.065150000000000139e-17
1.228383000000000003e+00 2.057811299654238288e-14 2.049647000000000107e-17
1.228617999999999988e+00 2.016159566354887623e-14 2.027890000000000077e-17
1.228852999999999973e+00 2.009082684548366767e-14 2.016472999999999948e-17
1.229087999999999958e+00 2.033275922960122492e-14 2.010655999999999850e-17
1.229322999999999944e+00 2.025030981322681180e-14 1.939990999999999926e-17
1.229557999999999929e+00 1.981255761576993206e-14 1.901694999999999956e-17
1.229792999999999914e+00 1.966585098146192224e-14 1.889748000000000031e-17
1.230027999999999899e+00 2.000021543524327824e-14 1.953172999999999984e-17
1.230263000000000106e+00 2.031283087279030891e-14 2.014721999999999964e-17
1.230498000000000092e+00 2.073144037896715055e-14 2.035773000000000145e-17
1.230733000000000077e+00 2.073376781381515426e-14 2.027335999999999980e-17
1.230968000000000062e+00 2.045448826950808400e-14 2.034361999999999961e-17
1.231203000000000047e+00 1.999235733407083644e-14 2.000659999999999953e-17
1.231438000000000033e+00 1.996493826277962562e-14 1.968361000000000030e-17
1.231673000000000018e+00 2.008822246337133987e-14 1.982816999999999978e-17
1.231908000000000003e+00 2.012472792106675877e-14 1.970800000000000021e-17
1.232142999999999988e+00 1.995533797389346967e-14 1.982890999999999905e-17
1.232377999999999973e+00 1.969862915178776996e-14 2.010432000000000120e-17
1.232612999999999959e+00 2.013579600486294514e-14 2.065518000000000136e-17
1.232847999999999944e+00 2.042644241767218291e-14 2.104521999999999902e-17
1.233082999999999929e+00 2.051923596081429304e-14 2.800936000000000239e-17
1.233317999999999914e+00 2.003149568303017230e-14 2.711974999999999931e-17
1.233552999999999900e+00 1.962601039970772656e-14 2.027015000000000149e-17
1.233788000000000107e+00 2.024933093721018972e-14 2.088479000000000025e-17
1.234023000000000092e+00 2.053650157734576589e-14 2.165815000000000058e-17
1.234258000000000077e+00 2.145777007721623449e-14 5.531756000000000011e-17
1.234493000000000062e+00 1.984758398476005753e-14 2.167040999999999962e-17
1.234728000000000048e+00 1.930520819893172132e-14 2.151754999999999995e-17
1.234963000000000033e+00 1.985250551469884726e-14 2.504482000000000045e-17
1.235198000000000018e+00 2.041128664077336789e-14 2.934780000000000033e-17
1.235433000000000003e+00 2.032557938204499346e-14 2.779885999999999877e-17
1.235667999999999989e+00 nan 2.786768000000000208e-17
1.235902999999999974e+00 1.989988476287942846e-14 2.343384999999999953e-17
1.236137999999999959e+00 2.028642883249130043e-14 2.379825000000000046e-17
1.236372999999999944e+00 2.054944034122205719e-14 2.393021000000000049e-17
1.236607999999999929e+00 2.013106215117981858e-14 2.320424000000000064e-17
1.236842999999999915e+00 2.036217590021004588e-14 2.315597000000000144e-17
1.237077999999999900e+00 2.060322954131920046e-14 2.343420000000000123e-17
1.237313000000000107e+00 2.045630478343616277e-14 2.345308000000000093e-17
1.237548000000000092e+00 1.993631854230046509e-14 2.278303999999999860e-17
1.237783000000000078e+00 1.985154298347135262e-14 2.207873000000000023e-17
1.238018000000000063e+00 2.011854309425655062e-14 2.095859999999999878e-17
1.238253000000000048e+00 2.057257977927469322e-14 2.102982999999999959e-17
1.238488000000000033e+00 2.048999094086620212e-14 2.114415999999999982e-17
1.238723000000000019e+00 1.998663975246537269e-14 2.047499999999999929e-17
1.238958000000000004e+00 1.951606074851772337e-14 2.041168999999999928e-17
1.239192999999999989e+00 1.858627122631483032e-14 1.877514000000000008e-17
1.239427999999999974e+00 1.833678207131371626e-14 1.820889999999999869e-17
1.239662999999999959e+00 1.906665515401836492e-14 1.898249999999999895e-17
1.239897999999999945e+00 1.910228807439230355e-14 1.864234000000000029e-17
1.240132999999999930e+00 1.897295329053308398e-14 1.751089000000000004e-17
1.240367999999999915e+00 1.944202121694065789e-14 1.797461999999999935e-17
1.240602999999999900e+00 1.928568141820192131e-14 1.930782000000000085e-17
1.240838000000000108e+00 1.903831978324079496e-14 1.920793999999999981e-17
1.241073000000000093e+00 1.925642733098846726e-14 1.984862000000000032e-17
1.241308000000000078e+00 1.988786974129583609e-14 2.331912999999999865e-17
1.241543000000000063e+00 1.974046407864626554e-14 2.923521000000000115e-17
1.241778000000000048e+00 1.910046916853404191e-14 2.902692000000000023e-17
1.242013000000000034e+00 1.866893487039548924e-14 2.779744000000000175e-17
1.242248000000000019e+00 1.834911103487035100e-14 2.408276999999999870e-17
1.242483000000000004e+00 1.829362630181388832e-14 2.363442999999999882e-17
1.242717999999999989e+00 nan 2.392432000000000090e-17
1.242952999999999975e+00 1.885470188911643214e-14 2.503840000000000075e-17
1.243187999999999960e+00 1.782077293490629962e-14 2.421099999999999851e-17
1.243422999999999945e+00 1.622622583034058927e-14 2.485530000000000055e-17
1.243657999999999930e+00 1.540616173843062822e-14 2.390483000000000009e-17
1.243892999999999915e+00 1.713002564004178162e-14 2.585623000000000035e-17
1.244127999999999901e+00 1.817786365450182334e-14 2.416830000000000104e-17
1.244363000000000108e+00 1.840345935221957966e-14 2.307541999999999920e-17
1.244598000000000093e+00 1.882631857896406832e-14 2.025328999999999864e-17
1.244833000000000078e+00 1.972402441817255142e-14 1.719488000000000137e-17
1.245068000000000064e+00 1.979723805215793390e-14 1.585962999999999917e-17
1.245303000000000049e+00 1.968914505100593666e-14 1.577288999999999897e-17
1.245538000000000034e+00 1.926577541147633868e-14 1.540387999999999911e-17
1.245773000000000019e+00 1.912977051998413437e-14 1.463843000000000139e-17
1.246008000000000004e+00 1.934056715133143623e-14 1.492943000000000084e-17
1.246242999999999990e+00 1.889815755780319341e-14 1.546571000000000058e-17
1.246477999999999975e+00 1.875434366281531155e-14 1.796628000000000021e-17
1.246712999999999960e+00 1.894172493272369646e-14 1.632992999999999890e-17
1.246947999999999945e+00 1.945557659859066323e-14 1.503592999999999946e-17
1.247182999999999931e+00 2.025268107627879695e-14 1.526500000000000005e-17
1.247417999999999916e+00 1.949381050097293000e-14 1.809125000000000148e-17
1.247652999999999901e+00 1.936189988901689565e-14 1.650037000000000120e-17
1.247888000000000108e+00 1.945567789726668396e-14 1.849073999999999872e-17
1.248123000000000093e+00 1.944542136678460383e-14 1.888959000000000027e-17
1.248358000000000079e+00 1.933226811512632899e-14 1.874577000000000006e-17
1.248593000000000064e+00 1.928851715626297126e-14 1.865836000000000030e-17
1.248828000000000049e+00 1.941877528451565797e-14 1.858502999999999855e-17
1.249063000000000034e+00 1.968665962071116241e-14 1.856949000000000148e-17
1.249298000000000020e+00 1.977275317725254607e-14 1.800694999999999954e-17
1.249533000000000005e+00 1.940758679185275034e-14 1.638368999999999883e-17
1.249767999999999990e+00 1.930293142017077223e-14 1.585360000000000014e-17
1.250002999999999975e+00 1.938501854376566289e-14 1.594434000000000124e-17
1.250237999999999960e+00 1.954893048582559208e-14 1.648545999999999856e-17
1.250472999999999946e+00 2.024551844491053406e-14 1.865868999999999944e-17
1.250707999999999931e+00 2.047183951077068423e-14 1.913531000000000145e-17
1.250942999999999916e+00 1.984907767437871988e-14 1.852080000000000086e-17
1.251177999999999901e+00 1.952940513890815305e-14 1.843784000000000111e-17
1.251413000000000109e+00 1.951952426279963159e-14 1.841121999999999901e-17
1.251648000000000094e+00 1.940373968162545429e-14 1.840116000000000139e-17
1.251883000000000079e+00 1.934328994004342878e-14 1.864088999999999942e-17
1.252118000000000064e+00 1.880059998459066112e-14 1.924718000000000084e-17
1.252353000000000049e+00 1.659419676021893131e-14 1.691883999999999864e-17
1.252588000000000035e+00 1.512103120553576206e-14 1.555774999999999874e-17
1.252823000000000020e+00 1.675656104066286412e-14 1.774657000000000001e-17
1.253058000000000005e+00 1.924328368122213241e-14 2.048855999999999847e-17
1.253292999999999990e+00 2.009072337946765949e-14 2.243798000000000084e-17
1.253527999999999976e+00 2.011026901799682132e-14 2.356912000000000143e-17
1.253762999999999961e+00 1.960365797713793128e-14 2.814269000000000228e-17
1.253997999999999946e+00 1.990901939307354915e-14 3.689341000000000251e-17
1.254232999999999931e+00 2.053484524880975922e-14 3.211595999999999870e-17
1.254467999999999916e+00 2.060209219393014828e-14 3.214966000000000185e-17
1.254702999999999902e+00 2.016441333450625907e-14 3.084865999999999929e-17
1.254938000000000109e+00 2.012275671223154336e-14 3.342405999999999870e-17
1.255173000000000094e+00 1.992176043583598551e-14 3.081511999999999816e-17
1.255408000000000079e+00 2.017205200097811546e-14 3.127852000000000141e-17
1.255643000000000065e+00 2.049669884690622691e-14 3.426109000000000202e-17
1.255878000000000050e+00 2.087220378950064428e-14 3.528824999999999710e-17
1.256113000000000035e+00 2.065755970004043189e-14 3.481786999999999945e-17
1.256348000000000020e+00 2.050369691857222607e-14 3.431326999999999984e-17
1.256583000000000006e+00 1.998475602639155544e-14 3.050034000000000298e-17
1.256817999999999991e+00 1.952365967237020898e-14 2.913318999999999713e-17
1.257052999999999976e+00 1.947183679692215690e-14 2.819230999999999879e-17
1.257287999999999961e+00 1.983819274692304736e-14 2.679398999999999959e-17
1.257522999999999946e+00 1.994248019055724951e-14 2.545076999999999943e-17
1.257757999999999932e+00 1.961498606010233693e-14 2.464202000000000133e-17
1.257992999999999917e+00 1.972560576993436267e-14 2.475235000000000064e-17
1.258227999999999902e+00 2.012389461251263682e-14 2.510768999999999956e-17
1.258463000000000109e+00 2.043874946264552744e-14 2.553228999999999959e-17
1.258698000000000095e+00 2.027181675383578677e-14 2.543187000000000025e-17
1.258933000000000080e+00 1.988089657422361246e-14 2.432065000000000008e-17
1.259168000000000065e+00 1.955654803035072973e-14 2.166924999999999892e-17
1.259403000000000050e+00 1.942365973604017524e-14 2.215631000000000101e-17
1.259638000000000035e+00 1.942822385259641742e-14 2.421222999999999893e-17
1.259873000000000021e+00 1.949759275323596902e-14 2.538410999999999858e-17
1.260108000000000006e+00 1.974833743147662358e-14 2.738366999999999937e-17
1.260342999999999991e+00 2.001181125454520062e-14 2.838043999999999934e-17
1.260577999999999976e+00 2.015797529679253997e-14 2.874800000000000141e-17
1.260812999999999962e+00 2.037670512500472353e-14 2.876858000000000011e-17
1.261047999999999947e+00 2.064830526919018351e-14 2.855789999999999809e-17
1.261282999999999932e+00 2.079887631594248203e-14 2.543503000000000139e-17
1.261517999999999917e+00 2.055128414288389618e-14 2.412168000000000060e-17
1.261752999999999902e+00 2.024187657317265864e-14 2.318425999999999869e-17
1.261988000000000110e+00 2.019822107827298476e-14 2.086425000000000051e-17
1.262223000000000095e+00 1.989716465295028616e-14 2.013121999999999910e-17
1.262458000000000080e+00 2.021664876250034383e-14 2.087207000000000083e-17
1.262693000000000065e+00 2.002048180083068112e-14 2.274907999999999913e-17
1.262928000000000051e+00 2.031295597641139776e-14 2.426103000000000132e-17
1.263163000000000036e+00 2.050222065896742087e-14 2.484426999999999884e-17
1.263398000000000021e+00 2.031619027413012391e-14 2.425869999999999865e-17
1.263633000000000006e+00 2.036475109013570226e-14 2.182008999999999865e-17
1.263867999999999991e+00 1.990933103375534969e-14 2.080012000000000022e-17
1.264102999999999977e+00 1.946385244170824721e-14 2.260650999999999882e-17
1.264337999999999962e+00 1.970702384607737317e-14 2.141901999999999929e-17
1.264572999999999947e+00 1.997077701504338618e-14 2.070966000000000109e-17
1.264807999999999932e+00 1.980917915321898865e-14 2.074208000000000049e-17
1.265042999999999918e+00 1.991108974498437653e-14 2.078401999999999920e-17
1.265277999999999903e+00 2.038430094735797640e-14 2.102440999999999859e-17
1.265513000000000110e+00 2.038892862253479549e-14 2.125765999999999848e-17
1.265748000000000095e+00 2.045410683190976081e-14 2.465491999999999915e-17
1.265983000000000080e+00 2.033395274028696404e-14 2.581315000000000042e-17
1.266218000000000066e+00 1.998123770771399791e-14 2.217127999999999902e-17
1.266453000000000051e+00 2.030685413415336279e-14 2.131738999999999901e-17
1.266688000000000036e+00 2.039382961650020950e-14 2.124431999999999975e-17
1.266923000000000021e+00 2.035484785703786616e-14 1.862789000000000111e-17
1.267158000000000007e+00 2.058200755871915553e-14 1.827831000000000054e-17
1.267392999999999992e+00 2.065123173014548784e-14 1.838668000000000145e-17
1.267627999999999977e+00 2.076035559022394694e-14 2.274433000000000076e-17
1.267862999999999962e+00 2.018292987977139599e-14 1.744737000000000086e-17
1.268097999999999947e+00 1.994716357483254045e-14 1.739561000000000138e-17
1.268332999999999933e+00 1.978869358413599639e-14 1.741533999999999904e-17
1.268567999999999918e+00 2.011838455938211139e-14 1.773046999999999899e-17
1.268802999999999903e+00 2.071215699947142912e-14 1.873974000000000102e-17
1.269038000000000110e+00 2.089076295017140344e-14 2.075466000000000046e-17
1.269273000000000096e+00 2.076885474722354938e-14 1.932767999999999976e-17
1.269508000000000081e+00 2.079215444600655341e-14 1.834857000000000035e-17
1.269743000000000066e+00 2.051927194397791856e-14 1.834129000000000142e-17
1.269978000000000051e+00 2.002373985078328511e-14 1.793463000000000084e-17
1.270213000000000036e+00 1.986238696121610112e-14 1.762482000000000141e-17
1.270448000000000022e+00 1.997075235903441464e-14 1.805083999999999847e-17
1.270683000000000007e+00 2.036792222356566179e-14 2.072426999999999920e-17
1.270917999999999992e+00 2.049471510921436194e-14 2.574660999999999954e-17
1.271152999999999977e+00 2.003131154225303231e-14 3.060862000000000161e-17
1.271387999999999963e+00 2.059798210180585634e-14 2.296921000000000075e-17
1.271622999999999948e+00 2.069172475405150287e-14 2.285435999999999862e-17
1.271857999999999933e+00 2.101080123997978418e-14 2.286022000000000053e-17
1.272092999999999918e+00 2.080785038818058601e-14 1.943927000000000026e-17
1.272327999999999903e+00 2.058718090080714041e-14 1.774492999999999945e-17
1.272563000000000111e+00 nan 1.770052999999999991e-17
1.272798000000000096e+00 nan 1.795934999999999989e-17
1.273033000000000081e+00 2.072686905363102663e-14 1.772779000000000079e-17
1.273268000000000066e+00 2.056947344147864513e-14 1.774795999999999935e-17
1.273503000000000052e+00 2.062335246117317233e-14 1.779945999999999943e-17
1.273738000000000037e+00 2.032211111666372796e-14 1.737478000000000147e-17
1.273973000000000022e+00 1.995877950393511879e-14 1.715317000000000130e-17
1.274208000000000007e+00 1.975415901280062196e-14 1.649202999999999898e-17
1.274442999999999993e+00 1.981145830447922379e-14 1.587335000000000036e-17
1.274677999999999978e+00 2.046141919176657870e-14 1.619286999999999879e-17
1.274912999999999963e+00 2.082382074498366652e-14 1.688951999999999886e-17
1.275147999999999948e+00 2.093110401753943134e-14 1.703735999999999945e-17
1.275382999999999933e+00 2.071330698620637133e-14 1.683361000000000083e-17
1.275617999999999919e+00 2.037594246102848123e-14 1.697295999999999847e-17
1.275852999999999904e+00 2.071154813510267874e-14 1.706874999999999941e-17
1.276087999999999889e+00 nan nan
1.276323000000000096e+00 nan nan
1.276558000000000082e+00 2.106705018796645365e-14 1.768608000000000073e-17
1.276793000000000067e+00 2.062462440551716247e-14 1.730146999999999920e-17
1.277028000000000052e+00 2.048418529312362149e-14 1.734363000000000144e-17
1.277263000000000037e+00 2.099733785982900505e-14 1.794067999999999936e-17
1.277498000000000022e+00 2.122938066264493951e-14 1.792523999999999969e-17
1.277733000000000008e+00 2.109580774819457382e-14 2.045753000000000149e-17
1.277967999999999993e+00 2.024818148213207145e-14 2.537304000000000100e-17
1.278202999999999978e+00 2.054464437889721987e-14 2.165661999999999871e-17
1.278437999999999963e+00 2.085067113523472778e-14 1.917141000000000082e-17
1.278672999999999949e+00 2.050946902476906504e-14 2.235389999999999936e-17
1.278907999999999934e+00 2.030390404466485018e-14 1.977485000000000075e-17
1.279142999999999919e+00 2.095561114165490823e-14 2.030043999999999919e-17
1.279377999999999904e+00 2.108077442956752868e-14 2.436740999999999998e-17
1.279612999999999889e+00 2.123592031057749400e-14 2.442685999999999854e-17
1.279848000000000097e+00 2.126600473495333846e-14 2.441254000000000060e-17
1.280083000000000082e+00 2.113119819186412666e-14 1.995230000000000129e-17
1.280318000000000067e+00 2.120355773244416143e-14 2.006643999999999874e-17
1.280553000000000052e+00 2.113422450120620350e-14 2.004668000000000032e-17
1.280788000000000038e+00 2.030613686538310993e-14 2.724407000000000051e-17
1.281023000000000023e+00 2.073202089025248068e-14 2.433954999999999927e-17
1.281258000000000008e+00 2.079497375507300796e-14 2.444004999999999962e-17
1.281492999999999993e+00 2.076226478776104451e-14 2.611364000000000151e-17
1.281727999999999978e+00 2.080666343532337038e-14 2.692918999999999869e-17
1.281962999999999964e+00 2.069691442584445241e-14 2.702408999999999962e-17
1.282197999999999949e+00 2.114989821847223785e-14 3.323191999999999904e-17
1.282432999999999934e+00 2.087015821400372649e-14 3.838031999999999855e-17
1.282667999999999919e+00 nan 7.253090000000000284e-17
1.282902999999999905e+00 2.080826715146333354e-14 3.926610000000000094e-17
1.283137999999999890e+00 2.086258347291273247e-14 4.004352000000000061e-17
1.283373000000000097e+00 2.077264444104456843e-14 3.953915000000000273e-17
1.283608000000000082e+00 2.091216280699066257e-14 3.847154999999999772e-17
1.283843000000000067e+00 2.097786875909075069e-14 3.638249000000000061e-17
1.284078000000000053e+00 nan 3.123748000000000090e-17
1.284313000000000038e+00 nan 2.669538000000000101e-17
1.284548000000000023e+00 2.091927475467977568e-14 2.252717999999999879e-17
1.284783000000000008e+00 2.068207463861685427e-14 2.076472000000000116e-17
1.285017999999999994e+00 2.078438636275846668e-14 2.049262999999999909e-17
1.285252999999999979e+00 2.097608697835175736e-14 1.997965999999999958e-17
1.285487999999999964e+00 2.135014054762555408e-14 2.017318000000000038e-17
1.285722999999999949e+00 2.098470385098800379e-14 2.013022000000000042e-17
1.285957999999999934e+00 2.046727768284660573e-14 1.975767000000000004e-17
1.286192999999999920e+00 2.040504619142730696e-14 1.993241999999999982e-17
1.286427999999999905e+00 2.053133092585376967e-14 1.985320999999999976e-17
1.286662999999999890e+00 2.054603518080995086e-14 1.992950999999999989e-17
1.286898000000000097e+00 nan 2.021670000000000121e-17
1.287133000000000083e+00 nan 2.089865000000000088e-17
1.287368000000000068e+00 2.159093120093979105e-14 2.112771000000000019e-17
1.287603000000000053e+00 2.125763743995511865e-14 2.142011999999999846e-17
1.287838000000000038e+00 2.046664326418400643e-14 2.078112999999999875e-17
1.288073000000000023e+00 2.015546438708536755e-14 2.064741000000000129e-17
1.288308000000000009e+00 1.978158038538802234e-14 1.982943000000000096e-17
1.288542999999999994e+00 2.009612083818590893e-14 2.001811999999999930e-17
1.288777999999999979e+00 2.019141254465165875e-14 1.998821999999999917e-17
1.289012999999999964e+00 2.057429568929752789e-14 2.098577000000000046e-17
1.289247999999999950e+00 2.108706592536576527e-14 2.214120000000000048e-17
1.289482999999999935e+00 2.124755611267573177e-14 2.316994999999999896e-17
1.289717999999999920e+00 2.120192776861172686e-14 2.284959000000000076e-17
1.289952999999999905e+00 2.123443889197309473e-14 2.245371999999999888e-17
1.290187999999999890e+00 2.032696466735629914e-14 2.166789999999999854e-17
1.290423000000000098e+00 1.980890381327807658e-14 2.096970000000000021e-17
1.290658000000000083e+00 2.056962837753962648e-14 2.184337999999999940e-17
1.290893000000000068e+00 2.079562939815681857e-14 2.605497999999999939e-17
1.291128000000000053e+00 2.066443319912908555e-14 2.640165000000000003e-17
1.291363000000000039e+00 2.076474980358345871e-14 2.244979999999999898e-17
1.291598000000000024e+00 2.092814970082942801e-14 2.117238000000000043e-17
1.291833000000000009e+00 2.070140037819765145e-14 2.090204999999999888e-17
1.292067999999999994e+00 2.029153220355778773e-14 2.141497999999999943e-17
1.292302999999999980e+00 2.066198159916616795e-14 2.229724999999999897e-17
1.292537999999999965e+00 2.099414747138957240e-14 2.261730000000000059e-17
1.292772999999999950e+00 2.089918012161847171e-14 1.990001999999999990e-17
1.293007999999999935e+00 2.064463436345870657e-14 4.370756999999999923e-17
1.293242999999999920e+00 2.064948608143503592e-14 2.334152000000000120e-17
1.293477999999999906e+00 2.078037197605323118e-14 2.175577999999999996e-17
1.293712999999999891e+00 2.094757624967007408e-14 2.099095000000000154e-17
1.293948000000000098e+00 2.113321530565703745e-14 2.008928000000000039e-17
1.294183000000000083e+00 2.118184295250124022e-14 1.880334000000000121e-17
1.294418000000000069e+00 nan nan
1.294653000000000054e+00 nan nan
1.294888000000000039e+00 2.102119131219155979e-14 2.014242999999999922e-17
1.295123000000000024e+00 2.166629563230592272e-14 2.062503000000000002e-17
1.295358000000000009e+00 2.167386913661436820e-14 2.063649000000000135e-17
1.295592999999999995e+00 2.108011193080524134e-14 1.906526999999999901e-17
1.295827999999999980e+00 2.079965845946064507e-14 1.747130999999999860e-17
1.296062999999999965e+00 2.067396047333207934e-14 1.720483999999999850e-17
1.296297999999999950e+00 2.057101793148644973e-14 1.701548000000000061e-17
1.296532999999999936e+00 2.076121699909536261e-14 1.622745000000000065e-17
1.296767999999999921e+00 2.094776709576199913e-14 1.509612999999999857e-17
1.297002999999999906e+00 2.088488451409852471e-14 1.504999000000000107e-17
1.297237999999999891e+00 2.094937144275417019e-14 1.533563999999999923e-17
1.297473000000000098e+00 2.106737793359402105e-14 3.610809000000000151e-17
1.297708000000000084e+00 nan nan
1.297943000000000069e+00 nan nan
1.298178000000000054e+00 2.086493497160038608e-14 2.036564000000000097e-17
1.298413000000000039e+00 2.104162938177088980e-14 1.586929999999999921e-17
1.298648000000000025e+00 nan 1.556696000000000148e-17
1.298883000000000010e+00 2.116599623816465306e-14 1.604298999999999879e-17
1.299117999999999995e+00 2.113507490906766778e-14 1.678990000000000031e-17
1.299352999999999980e+00 2.121549693611880421e-14 1.767514999999999951e-17
1.299587999999999965e+00 2.114832941579274718e-14 1.927354999999999864e-17
1.299822999999999951e+00 2.142658118968721839e-14 1.984776000000000108e-17
1.300057999999999936e+00 2.115170562440893325e-14 2.020677999999999996e-17
1.300292999999999921e+00 2.098754492265940566e-14 2.063066000000000020e-17
1.300527999999999906e+00 2.072650009398968398e-14 2.013886000000000101e-17
1.300762999999999892e+00 2.107131815502457986e-14 2.047860999999999953e-17
1.300998000000000099e+00 2.063861478219005876e-14 1.975234999999999952e-17
1.301233000000000084e+00 2.000116048260229997e-14 1.862236000000000142e-17
1.301468000000000069e+00 2.012411675765637067e-14 1.806147999999999952e-17
1.301703000000000054e+00 2.108136340226966725e-14 1.913586999999999924e-17
1.301938000000000040e+00 2.148174770412820818e-14 2.022827999999999942e-17
1.302173000000000025e+00 2.091438211860707602e-14 2.028963999999999922e-17
1.302408000000000010e+00 2.016583878679377321e-14 1.914471000000000080e-17
1.302642999999999995e+00 2.067030035833368731e-14 1.891192999999999949e-17
1.302877999999999981e+00 2.141840673189473018e-14 1.931648000000000093e-17
1.303112999999999966e+00 nan nan
1.303347999999999951e+00 2.113658055351732952e-14 1.955798999999999896e-17
1.303582999999999936e+00 2.101808353641763067e-14 1.931112000000000144e-17
1.303817999999999921e+00 2.112261517227647601e-14 2.041740000000000046e-17
1.304052999999999907e+00 2.135065496955496475e-14 2.135995000000000011e-17
1.304287999999999892e+00 nan 2.483960000000000147e-17
1.304523000000000099e+00 nan nan
1.304758000000000084e+00 nan nan
1.304993000000000070e+00 nan nan
1.305228000000000055e+00 2.141008842251955889e-14 3.357305999999999999e-17
1.305463000000000040e+00 nan 2.331472999999999889e-17
1.305698000000000025e+00 2.169402283661191037e-14 2.527822000000000107e-17
1.305933000000000010e+00 2.103909785003330988e-14 2.490572000000000093e-17
1.306167999999999996e+00 2.067416795269092211e-14 2.509582000000000118e-17
1.306402999999999981e+00 2.075946919876548851e-14 2.504235999999999961e-17
1.306637999999999966e+00 2.103606592853457827e-14 2.536741000000000082e-17
1.306872999999999951e+00 2.076975495609409348e-14 2.474480999999999922e-17
1.307107999999999937e+00 2.118780741150494576e-14 3.056669000000000109e-17
1.307342999999999922e+00 2.080736003764651290e-14 2.538281000000000153e-17
1.307577999999999907e+00 2.152765886599105408e-14 2.708934999999999984e-17
1.307812999999999892e+00 2.109505738921962225e-14 2.693329000000000007e-17
1.308048000000000100e+00 2.038836290038467077e-14 2.506861000000000053e-17
1.308283000000000085e+00 2.029547680750548414e-14 2.123726000000000127e-17
1.308518000000000070e+00 2.068206750083915561e-14 1.874434999999999995e-17
1.308753000000000055e+00 nan 2.727019000000000018e-17
1.308988000000000040e+00 nan nan
1.309223000000000026e+00 nan nan
1.309458000000000011e+00 2.125503070118382231e-14 4.884397000000000219e-17
1.309692999999999996e+00 2.064210328690868377e-14 2.552941999999999862e-17
1.309927999999999981e+00 nan 4.375490000000000127e-17
1.310162999999999967e+00 2.013974887768351403e-14 2.008777999999999928e-17
1.310397999999999952e+00 nan 2.144041000000000007e-17
1.310632999999999937e+00 2.048092678308624974e-14 1.673629999999999930e-17
1.310867999999999922e+00 2.021085172904434503e-14 1.597465999999999971e-17
1.311102999999999907e+00 2.035819782239891078e-14 1.613444999999999969e-17
1.311337999999999893e+00 2.078163330522231620e-14 1.684787000000000032e-17
1.311573000000000100e+00 2.073581884378780752e-14 2.268381999999999891e-17
1.311808000000000085e+00 2.111226911975132221e-14 2.375553000000000043e-17
1.312043000000000070e+00 2.059052842981437000e-14 1.942496000000000052e-17
1.312278000000000056e+00 2.013430818271677929e-14 1.928704999999999938e-17
1.312513000000000041e+00 1.933078464886409125e-14 1.870414000000000099e-17
1.312748000000000026e+00 1.841312346924648468e-14 1.726168999999999986e-17
1.312983000000000011e+00 1.877574925276306104e-14 1.543415000000000042e-17
1.313217999999999996e+00 nan nan
1.313452999999999982e+00 2.127834926295439381e-14 1.788380999999999852e-17
1.313687999999999967e+00 nan 1.972470000000000105e-17
1.313922999999999952e+00 2.094160987502484747e-14 2.532440999999999882e-17
1.314157999999999937e+00 nan nan
1.314392999999999923e+00 1.996067452413717723e-14 1.952628000000000115e-17
1.314627999999999908e+00 2.028455791564302300e-14 1.808922999999999846e-17
1.314862999999999893e+00 2.037272504638649258e-14 1.831487000000000029e-17
1.315098000000000100e+00 2.073203353762999394e-14 1.844878000000000053e-17
1.315333000000000085e+00 1.984798029814185655e-14 1.778158999999999969e-17
1.315568000000000071e+00 1.955343337929554374e-14 1.736924000000000049e-17
1.315803000000000056e+00 nan 2.362687999999999919e-17
1.316038000000000041e+00 nan 2.514813000000000024e-17
1.316273000000000026e+00 2.098715745420701068e-14 2.829937999999999956e-17
1.316508000000000012e+00 nan 2.469445000000000036e-17
1.316742999999999997e+00 2.107949120808854769e-14 2.067468000000000037e-17
1.316977999999999982e+00 2.072449314039445044e-14 2.111716999999999962e-17
1.317212999999999967e+00 2.025829949651164164e-14 2.183192999999999936e-17
1.317447999999999952e+00 2.044131244072807089e-14 2.412979000000000109e-17
1.317682999999999938e+00 2.051909599446268475e-14 2.443643999999999937e-17
1.317917999999999923e+00 2.001104057950628997e-14 2.433747999999999909e-17
1.318152999999999908e+00 nan nan
1.318387999999999893e+00 nan nan
1.318623000000000101e+00 2.121666487091486351e-14 2.759504000000000042e-17
1.318858000000000086e+00 2.126532833964744137e-14 2.702181000000000028e-17
1.319093000000000071e+00 2.142898534117753228e-14 2.828263999999999975e-17
1.319328000000000056e+00 2.163228487879535936e-14 2.972291999999999715e-17
1.319563000000000041e+00 2.092259616060315390e-14 3.200596000000000160e-17
1.319798000000000027e+00 2.097011284838162795e-14 3.156473999999999864e-17
1.320033000000000012e+00 2.053098913330608974e-14 3.105773000000000152e-17
1.320267999999999997e+00 1.996097669195395501e-14 3.022524000000000049e-17
1.320502999999999982e+00 2.016704241251382043e-14 3.045089000000000052e-17
1.320737999999999968e+00 2.039384117186035792e-14 2.790035999999999781e-17
1.320972999999999953e+00 2.020089029890567551e-14 2.416202000000000080e-17
1.321207999999999938e+00 2.175145004206370397e-14 4.305399999999999909e-17
1.321442999999999923e+00 2.030309071067251951e-14 1.717272999999999876e-17
1.321677999999999908e+00 2.105652487459353700e-14 1.615880000000000064e-17
1.321912999999999894e+00 2.091578409659758226e-14 1.573591000000000088e-17
1.322148000000000101e+00 2.045273554283993114e-14 1.576196000000000083e-17
1.322383000000000086e+00 2.055323110769406362e-14 1.593330000000000134e-17
1.322618000000000071e+00 2.123664521009341941e-14 1.623352999999999993e-17
1.322853000000000057e+00 2.142478746651293154e-14 1.621706000000000082e-17
1.323088000000000042e+00 2.056123170067750088e-14 1.587338000000000112e-17
1.323323000000000027e+00 1.978675809494364775e-14 1.526039999999999932e-17
1.323558000000000012e+00 1.956343326170959201e-14 1.506678999999999931e-17
1.323792999999999997e+00 1.968754840595816119e-14 1.510947000000000038e-17
1.324027999999999983e+00 1.963255361890099846e-14 1.540348000000000025e-17
1.324262999999999968e+00 2.046155926210006336e-14 1.592355000000000029e-17
1.324497999999999953e+00 2.126840673945255914e-14 1.639636999999999929e-17
1.324732999999999938e+00 2.090670200714018193e-14 1.572249000000000115e-17
1.324967999999999924e+00 1.893757845134427405e-14 3.200270000000000305e-17
1.325202999999999909e+00 nan nan
1.325437999999999894e+00 1.884673237025312302e-14 1.438764999999999909e-17
1.325673000000000101e+00 nan 1.556301999999999902e-17
1.325908000000000087e+00 nan nan
1.326143000000000072e+00 2.020975333164027698e-14 2.437685999999999957e-17
1.326378000000000057e+00 2.038394752315490708e-14 1.494973999999999885e-17
1.326613000000000042e+00 2.072635584072180790e-14 1.481857999999999961e-17
1.326848000000000027e+00 2.021485402038860863e-14 1.436291999999999876e-17
1.327083000000000013e+00 1.931083749431184517e-14 1.402231000000000100e-17
1.327317999999999998e+00 1.966642731201523753e-14 1.484147999999999970e-17
1.327552999999999983e+00 2.071429050617725253e-14 1.555062999999999874e-17
1.327787999999999968e+00 2.051741885837276121e-14 1.504780999999999913e-17
1.328022999999999954e+00 1.957778687288045887e-14 1.484719999999999908e-17
1.328257999999999939e+00 1.915757291274460534e-14 2.366961999999999870e-17
1.328492999999999924e+00 1.955926391707530206e-14 1.554897999999999998e-17
1.328727999999999909e+00 2.011306306703778443e-14 1.559111000000000147e-17
1.328962999999999894e+00 1.963519483758098898e-14 1.678678000000000121e-17
1.329198000000000102e+00 1.899806714865005744e-14 2.540895999999999888e-17
1.329433000000000087e+00 1.848320053344845512e-14 3.703047000000000261e-17
1.329668000000000072e+00 1.785061694997750672e-14 1.854117000000000039e-17
1.329903000000000057e+00 1.814393560577452844e-14 1.469950999999999922e-17
1.330138000000000043e+00 1.846792217442930187e-14 1.488147000000000129e-17
1.330373000000000028e+00 1.877958504700044834e-14 1.513191000000000009e-17
1.330608000000000013e+00 1.922295390136044801e-14 1.557200000000000003e-17
1.330842999999999998e+00 1.942670338444572591e-14 1.767646000000000093e-17
1.331077999999999983e+00 1.937276481388023599e-14 1.610278999999999904e-17
1.331312999999999969e+00 1.815426945288891272e-14 1.589140999999999978e-17
1.331547999999999954e+00 1.774302267384806867e-14 1.619572999999999848e-17
1.331782999999999939e+00 1.751676457505316000e-14 1.623702000000000021e-17
1.332017999999999924e+00 1.646790410031421916e-14 1.511053999999999879e-17
1.332252999999999910e+00 1.541933782406381518e-14 1.338520999999999998e-17
1.332487999999999895e+00 1.507351144359973127e-14 1.303621999999999949e-17
1.332723000000000102e+00 nan nan
1.332958000000000087e+00 nan nan
1.333193000000000072e+00 nan nan
1.333428000000000058e+00 1.725891871350967791e-14 1.637812000000000018e-17
1.333663000000000043e+00 1.788938003286613322e-14 1.606088999999999929e-17
1.333898000000000028e+00 1.776669363222458156e-14 1.577392000000000150e-17
1.334133000000000013e+00 1.629814885151216845e-14 1.490247999999999961e-17
1.334367999999999999e+00 1.524094173266504587e-14 1.409661000000000067e-17
1.334602999999999984e+00 1.443102025140742795e-14 1.354506999999999968e-17
1.334837999999999969e+00 1.258271427456941736e-14 1.206727999999999947e-17
1.335072999999999954e+00 nan 2.443655999999999934e-17
1.335307999999999939e+00 1.334024064338751298e-14 1.357512000000000053e-17
1.335542999999999925e+00 1.398143272407928019e-14 1.460523999999999887e-17
1.335777999999999910e+00 1.385358832282440274e-14 1.356363999999999973e-17
1.336012999999999895e+00 1.428655423968226598e-14 1.402834000000000004e-17
1.336248000000000102e+00 1.548365891512609057e-14 1.525738000000000070e-17
1.336483000000000088e+00 1.524647660973662756e-14 1.467638000000000048e-17
1.336718000000000073e+00 1.462302556970499255e-14 1.402791000000000042e-17
1.336953000000000058e+00 1.493998099200676044e-14 1.440142000000000052e-17
1.337188000000000043e+00 1.320244595207971476e-14 1.310607000000000071e-17
1.337423000000000028e+00 1.247744276512821175e-14 1.217102000000000043e-17
1.337658000000000014e+00 1.417488593786336729e-14 1.575537000000000093e-17
1.337892999999999999e+00 1.477744362404772174e-14 1.440589000000000000e-17
1.338127999999999984e+00 1.486453954610153542e-14 1.421008999999999986e-17
1.338362999999999969e+00 1.509605134749942077e-14 1.458524000000000052e-17
1.338597999999999955e+00 nan nan
1.338832999999999940e+00 nan nan
1.339067999999999925e+00 1.471743258000291655e-14 3.653468000000000072e-17
1.339302999999999910e+00 1.430968951038897952e-14 1.341274999999999975e-17
1.339537999999999895e+00 1.463156073708380184e-14 1.319011000000000014e-17
1.339773000000000103e+00 nan nan
1.340008000000000088e+00 1.505679091695151142e-14 1.361632999999999971e-17
1.340243000000000073e+00 1.470481704200465050e-14 1.368539999999999961e-17
1.340478000000000058e+00 1.468347822161246210e-14 1.317569000000000019e-17
1.340713000000000044e+00 1.480308290793567348e-14 1.298703999999999927e-17
1.340948000000000029e+00 1.474096651108611003e-14 1.293527999999999978e-17
1.341183000000000014e+00 1.483818855165211700e-14 1.294138999999999982e-17
1.341417999999999999e+00 1.473123761364188086e-14 1.290340999999999997e-17
1.341652999999999984e+00 1.396803747184660597e-14 1.229343000000000038e-17
1.341887999999999970e+00 1.319029077984571603e-14 1.174718000000000069e-17
1.342122999999999955e+00 1.293969966281706339e-14 1.154494999999999957e-17
1.342357999999999940e+00 1.304168021890279161e-14 1.934814999999999977e-17
1.342592999999999925e+00 1.303685163733050192e-14 1.857836999999999893e-17
1.342827999999999911e+00 1.320215889042492559e-14 2.049240000000000044e-17
1.343062999999999896e+00 1.270340380177955957e-14 2.853306000000000215e-17
1.343298000000000103e+00 1.252969294845373297e-14 1.138680999999999989e-17
1.343533000000000088e+00 1.392435860820900331e-14 1.203284999999999988e-17
1.343768000000000074e+00 1.473325721666703232e-14 1.226537000000000024e-17
1.344003000000000059e+00 1.419490375986100871e-14 1.194301000000000005e-17
1.344238000000000044e+00 1.405417453296182099e-14 1.252825999999999931e-17
1.344473000000000029e+00 1.354003071128656973e-14 1.383162000000000067e-17
1.344708000000000014e+00 1.221627333864233350e-14 1.190292999999999926e-17
1.344943000000000000e+00 1.265119634329611569e-14 1.121870000000000025e-17
1.345177999999999985e+00 1.421219994486423792e-14 1.344809000000000037e-17
1.345412999999999970e+00 1.423185477268979031e-14 1.405035000000000012e-17
1.345647999999999955e+00 1.394992763559760739e-14 1.239614000000000035e-17
1.345882999999999940e+00 1.477467396009567700e-14 1.178698999999999925e-17
1.346117999999999926e+00 1.576418896347332032e-14 1.270845999999999932e-17
1.346352999999999911e+00 1.472526961335003236e-14 1.261072999999999946e-17
1.346587999999999896e+00 1.298686896612945292e-14 1.121734999999999987e-17
1.346823000000000103e+00 1.273807297062317900e-14 1.030273000000000064e-17
1.347058000000000089e+00 1.357017002945633774e-14 1.059206000000000032e-17
1.347293000000000074e+00 1.443129068936020948e-14 1.149859999999999981e-17
1.347528000000000059e+00 1.357081193588833525e-14 1.144093999999999946e-17
1.347763000000000044e+00 1.294453248090511778e-14 1.102473000000000035e-17
1.347998000000000030e+00 1.241403688938828711e-14 1.056473999999999945e-17
1.348233000000000015e+00 1.313536675720223783e-14 1.119887000000000056e-17
1.348468000000000000e+00 1.345577110114907800e-14 1.140562999999999961e-17
1.348702999999999985e+00 1.481804453232594420e-14 1.248544000000000033e-17
1.348937999999999970e+00 1.455125109260618712e-14 1.235389000000000044e-17
1.349172999999999956e+00 1.411310397945393054e-14 1.228832000000000057e-17
1.349407999999999941e+00 1.492431658518877691e-14 1.278232999999999938e-17
1.349642999999999926e+00 1.507242691478328889e-14 1.276221999999999926e-17
1.349877999999999911e+00 nan 1.205920999999999948e-17
1.350112999999999897e+00 nan 1.130156999999999925e-17
1.350348000000000104e+00 1.168908370720395464e-14 1.043164999999999949e-17
1.350583000000000089e+00 nan nan
1.350818000000000074e+00 nan nan
1.351053000000000059e+00 nan nan
1.351288000000000045e+00 1.407570153236304157e-14 1.289092000000000074e-17
1.351523000000000030e+00 1.335173743702855105e-14 1.264781999999999931e-17
1.351758000000000015e+00 1.267117582879922837e-14 1.303537000000000000e-17
1.351993000000000000e+00 1.278679024548375437e-14 1.262274000000000037e-17
1.352227999999999986e+00 1.261602755150470294e-14 1.167910999999999948e-17
1.352462999999999971e+00 1.227430916547504002e-14 1.060803999999999983e-17
1.352697999999999956e+00 1.260181641417248963e-14 1.041704999999999959e-17
1.352932999999999941e+00 1.267780473709863602e-14 1.042920999999999968e-17
1.353167999999999926e+00 1.325853567841337537e-14 1.068421000000000025e-17
1.353402999999999912e+00 1.384547476115231562e-14 1.127005999999999933e-17
1.353637999999999897e+00 1.311028838902747234e-14 1.064834999999999927e-17
1.353873000000000104e+00 1.250319281672354653e-14 1.047207000000000070e-17
1.354108000000000089e+00 1.206274827433319732e-14 1.012612999999999960e-17
1.354343000000000075e+00 1.223966553499387644e-14 2.676730999999999905e-17
1.354578000000000060e+00 1.145842938825410055e-14 1.249050000000000052e-16
1.354813000000000045e+00 1.191260773875633291e-14 1.003105000000000025e-17
1.355048000000000030e+00 1.231740617599060322e-14 1.004541999999999997e-17
1.355283000000000015e+00 1.302758640490963027e-14 1.047037999999999990e-17
1.355518000000000001e+00 1.331243190953470115e-14 1.063152000000000026e-17
1.355752999999999986e+00 1.229351994432877585e-14 1.104306000000000046e-17
1.355987999999999971e+00 1.240142621218433054e-14 1.181538999999999980e-17
1.356222999999999956e+00 1.333116075533542694e-14 1.222483000000000061e-17
1.356457999999999942e+00 1.356142554885410220e-14 1.245933000000000040e-17
1.356692999999999927e+00 1.368078516873890218e-14 1.265133000000000061e-17
1.356927999999999912e+00 1.346970211947568356e-14 1.245681999999999933e-17
1.357162999999999897e+00 nan nan
1.357398000000000104e+00 nan nan
1.357633000000000090e+00 1.255403996852218819e-14 1.271341999999999995e-17
1.357868000000000075e+00 1.251629593260509424e-14 1.634602999999999991e-17
1.358103000000000060e+00 nan 1.776193999999999995e-17
1.358338000000000045e+00 1.301947514920570619e-14 1.281319000000000077e-17
1.358573000000000031e+00 1.240109089991715891e-14 1.220217000000000045e-17
1.358808000000000016e+00 1.242980710372729249e-14 1.232549999999999963e-17
1.359043000000000001e+00 1.262928434685741007e-14 1.231267999999999972e-17
1.359277999999999986e+00 nan 1.210349000000000061e-17
1.359512999999999971e+00 nan 1.143790999999999956e-17
1.359747999999999957e+00 1.125300601088740476e-14 1.128277000000000055e-17
1.359982999999999942e+00 1.285105582216264736e-14 1.261036999999999956e-17
1.360217999999999927e+00 1.427504786846436579e-14 1.397184000000000037e-17
1.360452999999999912e+00 1.415904912069484817e-14 1.367102999999999989e-17
1.360687999999999898e+00 1.376475067429386078e-14 1.330973000000000013e-17
1.360923000000000105e+00 1.334532274658076206e-14 1.310925999999999953e-17
1.361158000000000090e+00 1.303463540280349251e-14 1.305502999999999947e-17
1.361393000000000075e+00 1.246749376960577415e-14 1.271025000000000060e-17
1.361628000000000061e+00 1.201729688194315494e-14 1.213810999999999989e-17
1.361863000000000046e+00 1.163617212050204323e-14 1.195801000000000036e-17
1.362098000000000031e+00 nan nan
1.362333000000000016e+00 nan nan
1.362568000000000001e+00 1.172373990274511435e-14 1.185723999999999932e-17
1.362802999999999987e+00 1.242126513785769682e-14 1.229496000000000071e-17
1.363037999999999972e+00 1.240036045285894485e-14 1.223523999999999992e-17
1.363272999999999957e+00 1.234489281616794131e-14 1.268112000000000051e-17
1.363507999999999942e+00 1.311562068315120723e-14 1.319889999999999993e-17
1.363742999999999927e+00 1.371891739542960315e-14 1.245169999999999977e-17
1.363977999999999913e+00 1.381155739961461819e-14 1.189384999999999931e-17
1.364212999999999898e+00 1.306138218970705379e-14 1.139410999999999984e-17
1.364448000000000105e+00 1.209572272511803524e-14 1.069698999999999965e-17
1.364683000000000090e+00 1.144155031995830698e-14 1.055830000000000028e-17
1.364918000000000076e+00 1.147224798317761038e-14 1.100889000000000028e-17
1.365153000000000061e+00 1.264923928467515078e-14 1.262071000000000069e-17
1.365388000000000046e+00 1.354649253386082736e-14 1.344962000000000070e-17
1.365623000000000031e+00 1.354941559679978299e-14 1.481094999999999899e-17
1.365858000000000017e+00 1.353522830766532903e-14 1.637870000000000052e-17
1.366093000000000002e+00 1.351679142138961224e-14 1.645529999999999902e-17
1.366327999999999987e+00 1.291225620463345933e-14 1.607524000000000106e-17
1.366562999999999972e+00 1.240066830966049706e-14 1.497610000000000153e-17
1.366797999999999957e+00 1.222219874768357219e-14 1.441444999999999959e-17
1.367032999999999943e+00 1.268000231144875777e-14 1.480327999999999940e-17
1.367267999999999928e+00 1.292441875562449278e-14 1.494002999999999984e-17
1.367502999999999913e+00 1.272833899701565464e-14 1.323776000000000004e-17
1.367737999999999898e+00 1.242774148547219084e-14 1.200976000000000010e-17
1.367973000000000106e+00 1.248220921716807680e-14 1.173255000000000002e-17
1.368208000000000091e+00 1.291908416849124921e-14 1.201576999999999966e-17
1.368443000000000076e+00 1.282308657836346279e-14 1.208980999999999992e-17
1.368678000000000061e+00 1.257213902569882761e-14 1.186993999999999926e-17
1.368913000000000046e+00 1.268378955223023150e-14 1.172894999999999952e-17
1.369148000000000032e+00 1.293638324894367659e-14 1.191083000000000058e-17
1.369383000000000017e+00 1.262763446637743282e-14 1.119655000000000072e-17
1.369618000000000002e+00 1.247134539561712376e-14 1.087877000000000024e-17
1.369852999999999987e+00 1.267302076431422985e-14 1.110427999999999928e-17
1.370087999999999973e+00 1.260202323603885785e-14 1.112478000000000006e-17
1.370322999999999958e+00 1.311959436980384250e-14 1.201409000000000014e-17
1.370557999999999943e+00 1.269593503384720864e-14 1.147380999999999950e-17
1.370792999999999928e+00 1.188620349127083038e-14 1.113439000000000012e-17
1.371027999999999913e+00 1.135245611829570998e-14 1.145703000000000073e-17
1.371262999999999899e+00 1.127138941080760230e-14 1.185875999999999991e-17
1.371498000000000106e+00 1.143849702961026695e-14 1.188941000000000059e-17
1.371733000000000091e+00 1.197708665437312196e-14 1.189358000000000016e-17
1.371968000000000076e+00 1.258217064669802761e-14 1.242777999999999998e-17
1.372203000000000062e+00 1.345976774268114515e-14 2.957868000000000168e-17
1.372438000000000047e+00 1.257201675149397487e-14 1.139688000000000033e-17
1.372673000000000032e+00 1.269107321798735074e-14 1.202046999999999933e-17
1.372908000000000017e+00 1.263708803107607172e-14 1.255243000000000031e-17
1.373143000000000002e+00 1.221291702507447341e-14 1.177877999999999981e-17
1.373377999999999988e+00 1.232898983545393820e-14 1.140039999999999983e-17
1.373612999999999973e+00 1.237734780917263741e-14 1.198625000000000045e-17
1.373847999999999958e+00 1.155507435638505460e-14 1.197506999999999956e-17
1.374082999999999943e+00 1.130943447765573774e-14 1.185681999999999944e-17
1.374317999999999929e+00 1.163798789429264419e-14 1.228886000000000041e-17
1.374552999999999914e+00 1.149920999902572222e-14 1.234785000000000013e-17
1.374787999999999899e+00 1.187469123655730240e-14 1.264838999999999992e-17
1.375023000000000106e+00 1.231448073424496264e-14 1.474597999999999894e-17
1.375258000000000091e+00 1.299112341126193738e-14 4.719911000000000153e-17
1.375493000000000077e+00 1.281097691913676876e-14 1.898620999999999968e-17
1.375728000000000062e+00 1.255347047501509402e-14 1.879694000000000099e-17
1.375963000000000047e+00 1.197321369952120293e-14 1.808093000000000136e-17
1.376198000000000032e+00 1.201722150490004164e-14 1.856282000000000058e-17
1.376433000000000018e+00 1.230565688488005709e-14 1.900849000000000046e-17
1.376668000000000003e+00 1.218835640286846921e-14 1.918043000000000079e-17
1.376902999999999988e+00 1.217098274610306333e-14 1.051338999999999949e-16
1.377137999999999973e+00 nan nan
1.377372999999999958e+00 nan nan
1.377607999999999944e+00 nan nan
1.377842999999999929e+00 1.270957795591884596e-14 1.987278999999999978e-17
1.378077999999999914e+00 1.247913803852996070e-14 1.936259999999999895e-17
1.378312999999999899e+00 1.208162806000305546e-14 1.778913999999999931e-17
1.378548000000000107e+00 1.173912655620316053e-14 1.458087000000000152e-17
1.378783000000000092e+00 1.168204171689362716e-14 1.213377999999999985e-17
1.379018000000000077e+00 1.206931820626900877e-14 1.193601000000000001e-17
1.379253000000000062e+00 1.251771186717864379e-14 1.209111999999999980e-17
1.379488000000000048e+00 1.257238025792964337e-14 1.213288000000000011e-17
1.379723000000000033e+00 1.255463502919909253e-14 1.227004000000000069e-17
1.379958000000000018e+00 1.264669502885300284e-14 1.225530999999999954e-17
1.380193000000000003e+00 1.360822855839992356e-14 1.214084999999999961e-17
1.380427999999999988e+00 1.328270240699017598e-14 1.145646000000000013e-17
1.380662999999999974e+00 1.295965081910773730e-14 1.112871999999999944e-17
1.380897999999999959e+00 nan 1.120173000000000025e-17
1.381132999999999944e+00 1.293845160581598820e-14 1.122683999999999996e-17
1.381367999999999929e+00 1.289720187950478573e-14 1.126740000000000061e-17
1.381602999999999914e+00 1.337526638334757934e-14 1.142074000000000014e-17
1.381837999999999900e+00 1.384139035043019406e-14 1.158162999999999929e-17
1.382073000000000107e+00 1.385175775490769114e-14 1.311773999999999966e-17
1.382308000000000092e+00 1.309327299530298660e-14 1.163168999999999977e-17
1.382543000000000077e+00 1.203413940454998685e-14 1.121124999999999957e-17
1.382778000000000063e+00 1.136761608674073896e-14 1.054658999999999928e-17
1.383013000000000048e+00 1.198717404873671061e-14 1.078837999999999929e-17
1.383248000000000033e+00 1.287817402123925004e-14 1.126973000000000020e-17
1.383483000000000018e+00 1.316850295370244329e-14 1.152973000000000036e-17
1.383718000000000004e+00 1.323079415892360384e-14 1.257737999999999955e-17
1.383952999999999989e+00 1.319008731923036858e-14 1.346936999999999938e-17
1.384187999999999974e+00 1.319859202804782898e-14 1.368014000000000061e-17
1.384422999999999959e+00 1.316111072714448412e-14 1.379317000000000069e-17
1.384657999999999944e+00 1.351006705253786768e-14 1.379640999999999976e-17
1.384892999999999930e+00 1.299269664555078712e-14 1.526890000000000047e-17
1.385127999999999915e+00 1.310955684439348484e-14 1.539565999999999994e-17
1.385362999999999900e+00 1.359899117636751356e-14 1.562908000000000004e-17
1.385598000000000107e+00 nan 1.946328000000000079e-17
1.385833000000000093e+00 1.249346753141178285e-14 1.330895000000000035e-17
1.386068000000000078e+00 1.232871000005004999e-14 1.292091999999999981e-17
1.386303000000000063e+00 1.283300781085634189e-14 1.340348999999999985e-17
1.386538000000000048e+00 1.293625274105697483e-14 1.363380000000000059e-17
1.386773000000000033e+00 1.296331449663746973e-14 1.330277000000000059e-17
1.387008000000000019e+00 nan 2.022795999999999848e-17
1.387243000000000004e+00 1.363988852936819373e-14 2.050917999999999921e-17
1.387477999999999989e+00 1.397640349501796772e-14 1.279938000000000038e-17
1.387712999999999974e+00 1.373695289982600210e-14 1.351568000000000018e-17
1.387947999999999960e+00 1.343283967945794136e-14 3.158735000000000164e-17
1.388182999999999945e+00 1.154270884488378144e-14 1.287182000000000058e-17
1.388417999999999930e+00 1.193138311272160292e-14 1.350066000000000039e-17
1.388652999999999915e+00 nan 1.443178999999999923e-17
1.388887999999999900e+00 1.375961638305268738e-14 1.533717000000000111e-17
1.389123000000000108e+00 1.409357151395022146e-14 1.557881000000000038e-17
1.389358000000000093e+00 1.439164205995646130e-14 1.598063000000000030e-17
1.389593000000000078e+00 1.305887943009602312e-14 1.481969000000000007e-17
1.389828000000000063e+00 1.220738769107283759e-14 1.426044999999999872e-17
1.390063000000000049e+00 1.198791309398073079e-14 1.390957999999999929e-17
1.390298000000000034e+00 1.248551206353280238e-14 1.444491999999999879e-17
1.390533000000000019e+00 nan nan
1.390768000000000004e+00 nan nan
1.391002999999999989e+00 1.113441952283706732e-14 1.331859999999999937e-17
1.391237999999999975e+00 1.218084170323326774e-14 1.430485999999999955e-17
1.391472999999999960e+00 1.234546653946100571e-14 1.423408000000000091e-17
1.391707999999999945e+00 1.176368409066134424e-14 1.326963999999999960e-17
1.391942999999999930e+00 1.134602731116048143e-14 1.319651000000000036e-17
1.392177999999999916e+00 1.190877128293730485e-14 1.948693999999999963e-17
1.392412999999999901e+00 1.219194974873107354e-14 1.307150999999999987e-17
1.392648000000000108e+00 1.125261143809253845e-14 1.216396000000000041e-17
1.392883000000000093e+00 1.164201660248725912e-14 1.255879999999999976e-17
1.393118000000000078e+00 1.219014281721964791e-14 1.346572999999999991e-17
1.393353000000000064e+00 1.234072865239760143e-14 1.320368000000000060e-17
1.393588000000000049e+00 1.176796353810437886e-14 1.230667999999999991e-17
1.393823000000000034e+00 1.200617401456243707e-14 1.313693000000000056e-17
1.394058000000000019e+00 1.211165219212092738e-14 1.324571000000000006e-17
1.394293000000000005e+00 1.288066271608945245e-14 1.389742999999999894e-17
1.394527999999999990e+00 1.309352097223288306e-14 1.383171999999999961e-17
1.394762999999999975e+00 1.281942374265656530e-14 1.359648000000000055e-17
1.394997999999999960e+00 1.257919905586937830e-14 1.333748000000000062e-17
1.395232999999999945e+00 1.206295804131109022e-14 1.276747000000000006e-17
1.395467999999999931e+00 1.147837455902264034e-14 1.203913000000000013e-17
1.395702999999999916e+00 1.154621133272563836e-14 1.132653999999999951e-17
1.395937999999999901e+00 nan 4.114004999999999858e-17
1.396173000000000108e+00 1.351302916874985539e-14 1.231564999999999964e-17
1.396408000000000094e+00 nan 1.782398999999999879e-17
1.396643000000000079e+00 nan 1.661267000000000021e-17
1.396878000000000064e+00 1.258468651885039342e-14 1.159805999999999944e-17
1.397113000000000049e+00 1.201080013377312982e-14 1.118672000000000021e-17
1.397348000000000035e+00 1.180765221289560436e-14 1.128445000000000007e-17
1.397583000000000020e+00 1.201512966400620971e-14 1.156769000000000073e-17
1.397818000000000005e+00 1.196153291360410077e-14 1.142886000000000037e-17
1.398052999999999990e+00 1.171530942209250557e-14 1.091220999999999935e-17
1.398287999999999975e+00 1.156054563768305840e-14 1.080870000000000012e-17
1.398522999999999961e+00 1.136086913557327203e-14 1.070629000000000006e-17
1.398757999999999946e+00 1.134218527194743397e-14 1.074142999999999970e-17
1.398992999999999931e+00 1.174273068713938967e-14 1.096628000000000048e-17
1.399227999999999916e+00 1.193709857702497450e-14 1.142412999999999993e-17
1.399462999999999901e+00 1.192464150562724950e-14 1.281845999999999951e-17
1.399698000000000109e+00 1.154425203475790748e-14 1.079416999999999993e-17
1.399933000000000094e+00 1.162161002797088638e-14 1.078252000000000046e-17
1.400168000000000079e+00 1.196394383964871729e-14 1.089681000000000018e-17
1.400403000000000064e+00 1.247516670320518932e-14 1.138975000000000058e-17
1.400638000000000050e+00 1.170329515940309416e-14 1.097657999999999957e-17
1.400873000000000035e+00 1.099302892873674464e-14 1.075297000000000049e-17
1.401108000000000020e+00 1.087377955900625598e-14 1.082367999999999940e-17
1.401343000000000005e+00 1.131496332723899527e-14 1.165411000000000000e-17
1.401577999999999991e+00 nan nan
1.401812999999999976e+00 nan nan
1.402047999999999961e+00 nan 1.501809999999999869e-17
1.402282999999999946e+00 nan 1.494988999999999957e-17
1.402517999999999931e+00 1.138243437626324779e-14 1.686327999999999922e-17
1.402752999999999917e+00 1.150466085849791270e-14 1.754799999999999938e-17
1.402987999999999902e+00 1.177595130481044831e-14 1.253377999999999926e-17
1.403223000000000109e+00 1.196841971121858242e-14 1.364878999999999962e-17
1.403458000000000094e+00 1.244419164120251715e-14 1.516501000000000032e-17
1.403693000000000080e+00 1.226594235912277036e-14 1.552897999999999855e-17
1.403928000000000065e+00 1.138630495063477620e-14 1.489229000000000074e-17
1.404163000000000050e+00 1.082176210747022225e-14 1.447445999999999901e-17
1.404398000000000035e+00 1.086904822784225372e-14 1.439680000000000031e-17
1.404633000000000020e+00 1.155155436626523244e-14 1.542174999999999885e-17
1.404868000000000006e+00 1.174669235180546551e-14 1.566053000000000152e-17
1.405102999999999991e+00 1.086676750018364221e-14 1.597888999999999926e-17
1.405337999999999976e+00 1.140687506729115241e-14 1.676842000000000033e-17
1.405572999999999961e+00 1.191293012575038823e-14 1.723825999999999967e-17
1.405807999999999947e+00 1.228290710704102492e-14 1.582111999999999921e-17
1.406042999999999932e+00 1.308144180305201162e-14 1.601036000000000022e-17
1.406277999999999917e+00 1.315686037961960940e-14 1.514787999999999986e-17
1.406512999999999902e+00 1.271750455429975700e-14 1.494634999999999905e-17
1.406748000000000109e+00 1.158827262953097918e-14 1.525772999999999932e-17
1.406983000000000095e+00 1.103448699158551863e-14 1.549474000000000018e-17
1.407218000000000080e+00 1.112829797489826867e-14 1.343293999999999934e-17
1.407453000000000065e+00 nan 1.372367999999999938e-17
1.407688000000000050e+00 nan 1.340128999999999997e-17
1.407923000000000036e+00 1.224713824498252828e-14 1.389708000000000032e-17
1.408158000000000021e+00 1.199890009722749961e-14 1.359120000000000053e-17
1.408393000000000006e+00 1.131445874068332067e-14 1.324324999999999923e-17
1.408627999999999991e+00 1.117750606006282053e-14 1.294062999999999953e-17
1.408862999999999976e+00 1.073630970327870192e-14 1.204873000000000044e-17
1.409097999999999962e+00 1.099988738750836570e-14 1.166923000000000027e-17
1.409332999999999947e+00 1.120241336917156029e-14 1.244858000000000067e-17
1.409567999999999932e+00 1.115434668672301195e-14 1.241496000000000007e-17
1.409802999999999917e+00 1.167970092724049580e-14 1.435719000000000118e-17
1.410037999999999903e+00 1.191690252543013388e-14 1.257142999999999998e-17
1.410273000000000110e+00 1.133112996228315041e-14 1.104450999999999979e-17
1.410508000000000095e+00 1.080224233938368246e-14 1.053242000000000054e-17
1.410743000000000080e+00 1.111281832933098925e-14 1.215161000000000062e-17
1.410978000000000065e+00 1.176804175682585949e-14 1.171959000000000067e-17
1.411213000000000051e+00 nan 1.345765000000000019e-17
1.411448000000000036e+00 1.058529198743743043e-14 1.255369999999999969e-17
1.411683000000000021e+00 1.040715560745360993e-14 1.173870000000000056e-17
1.411918000000000006e+00 1.106766757025759216e-14 1.059266999999999989e-17
1.412152999999999992e+00 1.068221070964005968e-14 1.100473000000000045e-17
1.412387999999999977e+00 1.029284052513134547e-14 1.126990000000000041e-17
1.412622999999999962e+00 1.053602529269746195e-14 1.216919000000000019e-17
1.412857999999999947e+00 1.166650307062069074e-14 1.315576999999999976e-17
1.413092999999999932e+00 1.206049475734078815e-14 1.366422999999999928e-17
1.413327999999999918e+00 1.182504717463995091e-14 1.347883999999999999e-17
1.413562999999999903e+00 1.159088602952735953e-14 1.314034999999999957e-17
1.413798000000000110e+00 1.193528360033514548e-14 1.338718999999999941e-17
1.414033000000000095e+00 1.173684402659762802e-14 1.349706999999999963e-17
1.414268000000000081e+00 1.070354785220923785e-14 1.335538999999999931e-17
1.414503000000000066e+00 1.001591936978239328e-14 1.260525000000000001e-17
1.414738000000000051e+00 9.635934645411472533e-15 1.253513999999999938e-17
1.414973000000000036e+00 9.985031101936540185e-15 1.236890000000000049e-17
1.415208000000000022e+00 1.100937863725598844e-14 1.497210000000000063e-17
1.415443000000000007e+00 1.152896811518417812e-14 1.744381000000000086e-17
1.415677999999999992e+00 1.191223654735945172e-14 1.890206999999999975e-17
1.415912999999999977e+00 1.123803126004969575e-14 1.984110999999999965e-17
1.416147999999999962e+00 1.091036995492922166e-14 2.603917999999999983e-17
1.416382999999999948e+00 1.100401534593084416e-14 3.050341999999999696e-17
1.416617999999999933e+00 1.109022023803779975e-14 3.524709999999999790e-17
1.416852999999999918e+00 nan nan
1.417087999999999903e+00 9.953199645241060275e-15 3.735280000000000049e-17
1.417323000000000111e+00 1.044892810284535296e-14 3.768125999999999790e-17
1.417558000000000096e+00 1.046176984703486949e-14 4.186656999999999801e-17
1.417793000000000081e+00 9.881769714612134931e-15 4.165223999999999986e-17
1.418028000000000066e+00 1.008656399502024417e-14 4.793378999999999861e-17
1.418263000000000051e+00 1.019037649266603311e-14 5.051044000000000099e-17
1.418498000000000037e+00 1.080979745851970756e-14 5.687997000000000473e-17
1.418733000000000022e+00 1.155823052667148658e-14 6.819497999999999549e-17
1.418968000000000007e+00 9.876731137127223830e-15 1.018568000000000018e-16
1.419202999999999992e+00 nan nan
1.419437999999999978e+00 nan nan
1.419672999999999963e+00 nan nan
1.419907999999999948e+00 nan nan
1.420142999999999933e+00 nan nan
1.420377999999999918e+00 nan nan
1.420612999999999904e+00 nan nan
1.420848000000000111e+00 nan nan
1.421083000000000096e+00 nan nan
1.421318000000000081e+00 nan nan
1.421553000000000067e+00 nan nan
1.421788000000000052e+00 nan nan
1.422023000000000037e+00 nan nan
1.422258000000000022e+00 nan nan
1.422493000000000007e+00 nan nan
1.422727999999999993e+00 nan nan
1.422962999999999978e+00 nan nan
1.423197999999999963e+00 nan nan
1.423432999999999948e+00 nan nan
1.423667999999999934e+00 nan nan
1.423902999999999919e+00 nan nan
1.424137999999999904e+00 nan nan
1.424372999999999889e+00 nan nan
1.424608000000000096e+00 nan nan
1.424843000000000082e+00 nan nan
1.425078000000000067e+00 nan nan
1.425313000000000052e+00 nan nan
1.425548000000000037e+00 nan nan
1.425783000000000023e+00 nan nan
1.426018000000000008e+00 nan nan
1.426252999999999993e+00 nan nan
1.426487999999999978e+00 nan nan
1.426722999999999963e+00 nan nan
1.426957999999999949e+00 nan nan
1.427192999999999934e+00 nan nan
1.427427999999999919e+00 nan nan
1.427662999999999904e+00 nan nan
1.427897999999999890e+00 nan nan
1.428133000000000097e+00 nan nan
1.428368000000000082e+00 nan nan
1.428603000000000067e+00 nan nan
1.428838000000000052e+00 nan nan
1.429073000000000038e+00 nan nan
1.429308000000000023e+00 nan nan
1.429543000000000008e+00 nan nan
1.429777999999999993e+00 nan nan
1.430012999999999979e+00 nan nan
1.430247999999999964e+00 nan nan
1.430482999999999949e+00 nan nan
1.430717999999999934e+00 nan nan
1.430952999999999919e+00 nan nan
1.431187999999999905e+00 nan nan
1.431422999999999890e+00 nan nan
1.431658000000000097e+00 nan nan
1.431893000000000082e+00 nan nan
1.432128000000000068e+00 nan nan
1.432363000000000053e+00 nan nan
1.432598000000000038e+00 nan nan
1.432833000000000023e+00 nan nan
1.433068000000000008e+00 nan nan
1.433302999999999994e+00 nan nan
1.433537999999999979e+00 nan nan
1.433772999999999964e+00 nan nan
1.434007999999999949e+00 nan nan
1.434242999999999935e+00 nan nan
1.434477999999999920e+00 nan nan
1.434712999999999905e+00 nan nan
1.434947999999999890e+00 nan nan
1.435183000000000098e+00 nan nan
1.435418000000000083e+00 nan nan
1.435653000000000068e+00 nan nan
1.435888000000000053e+00 nan nan
1.436123000000000038e+00 nan nan
1.436358000000000024e+00 nan nan
1.436593000000000009e+00 nan nan
1.436827999999999994e+00 nan nan
1.437062999999999979e+00 nan nan
1.437297999999999965e+00 nan nan
1.437532999999999950e+00 nan nan
1.437767999999999935e+00 nan nan
1.438002999999999920e+00 nan nan
1.438237999999999905e+00 nan nan
1.438472999999999891e+00 nan nan
1.438708000000000098e+00 nan nan
1.438943000000000083e+00 nan nan
1.439178000000000068e+00 nan nan
1.439413000000000054e+00 nan nan
1.439648000000000039e+00 nan nan
1.439883000000000024e+00 nan nan
1.440118000000000009e+00 nan nan
1.440352999999999994e+00 nan nan
1.440587999999999980e+00 nan nan
1.440822999999999965e+00 nan nan
1.441057999999999950e+00 nan nan
1.441292999999999935e+00 nan nan
1.441527999999999921e+00 nan nan
1.441762999999999906e+00 nan nan
1.441997999999999891e+00 nan nan
1.442233000000000098e+00 nan nan
1.442468000000000083e+00 nan nan
1.442703000000000069e+00 nan nan
1.442938000000000054e+00 nan nan
1.443173000000000039e+00 nan nan
1.443408000000000024e+00 nan nan
1.443643000000000010e+00 nan nan
1.443877999999999995e+00 nan nan
1.444112999999999980e+00 nan nan
1.444347999999999965e+00 nan nan
1.444582999999999950e+00 nan nan
1.444817999999999936e+00 nan nan
1.445052999999999921e+00 nan nan
1.445287999999999906e+00 nan nan
1.445522999999999891e+00 nan nan
1.445758000000000099e+00 nan nan
1.445993000000000084e+00 nan nan
1.446228000000000069e+00 nan nan
1.446463000000000054e+00 nan nan
1.446698000000000039e+00 nan nan
1.446933000000000025e+00 nan nan
1.447168000000000010e+00 nan nan
1.447402999999999995e+00 nan nan
1.447637999999999980e+00 nan nan
1.447872999999999966e+00 nan nan
1.448107999999999951e+00 nan nan
1.448342999999999936e+00 nan nan
1.448577999999999921e+00 nan nan
1.448812999999999906e+00 nan nan
1.449047999999999892e+00 nan nan
1.449283000000000099e+00 nan nan
1.449518000000000084e+00 nan nan
1.449753000000000069e+00 nan nan
1.449988000000000055e+00 nan nan
1.450223000000000040e+00 nan nan
1.450458000000000025e+00 nan nan
1.450693000000000010e+00 nan nan
1.450927999999999995e+00 nan nan
1.451162999999999981e+00 nan nan
1.451397999999999966e+00 nan nan
1.451632999999999951e+00 nan nan
1.451867999999999936e+00 nan nan
1.452102999999999922e+00 nan nan
1.452337999999999907e+00 nan nan
1.452572999999999892e+00 nan nan
1.452808000000000099e+00 nan nan
1.453043000000000085e+00 nan nan
1.453278000000000070e+00 nan nan
1.453513000000000055e+00 nan nan
1.453748000000000040e+00 nan nan
1.453983000000000025e+00 nan nan
1.454218000000000011e+00 nan nan
1.454452999999999996e+00 nan nan
1.454687999999999981e+00 nan nan
1.454922999999999966e+00 nan nan
1.455157999999999952e+00 nan nan
1.455392999999999937e+00 nan nan
1.455627999999999922e+00 nan nan
1.455862999999999907e+00 nan nan
1.456097999999999892e+00 nan nan
1.456333000000000100e+00 nan nan
1.456568000000000085e+00 nan nan
1.456803000000000070e+00 nan nan
1.457038000000000055e+00 nan nan
1.457273000000000041e+00 nan nan
1.457508000000000026e+00 nan nan
1.457743000000000011e+00 nan nan
1.457977999999999996e+00 nan nan
1.458212999999999981e+00 nan nan
1.458447999999999967e+00 nan nan
1.458682999999999952e+00 nan nan
1.458917999999999937e+00 nan nan
1.459152999999999922e+00 nan nan
1.459387999999999908e+00 nan nan
1.459622999999999893e+00 nan nan
1.459858000000000100e+00 nan nan
1.460093000000000085e+00 nan nan
1.460328000000000070e+00 nan nan
1.460563000000000056e+00 nan nan
1.460798000000000041e+00 nan nan
1.461033000000000026e+00 nan nan
1.461268000000000011e+00 nan nan
1.461502999999999997e+00 nan nan
1.461737999999999982e+00 nan nan
1.461972999999999967e+00 nan nan
1.462207999999999952e+00 nan nan
1.462442999999999937e+00 nan nan
1.462677999999999923e+00 nan nan
1.462912999999999908e+00 nan nan
1.463147999999999893e+00 nan nan
1.463383000000000100e+00 nan nan
1.463618000000000086e+00 nan nan
1.463853000000000071e+00 nan nan
1.464088000000000056e+00 nan nan
1.464323000000000041e+00 nan nan
1.464558000000000026e+00 nan nan
1.464793000000000012e+00 nan nan
1.465027999999999997e+00 nan nan
1.465262999999999982e+00 nan nan
1.465497999999999967e+00 nan nan
1.465732999999999953e+00 nan nan
1.465967999999999938e+00 nan nan
1.466202999999999923e+00 nan nan
1.466437999999999908e+00 nan nan
1.466672999999999893e+00 nan nan
1.466908000000000101e+00 nan nan
1.467143000000000086e+00 nan nan
1.467378000000000071e+00 nan nan
1.467613000000000056e+00 nan nan
1.467848000000000042e+00 nan nan
1.468083000000000027e+00 nan nan
1.468318000000000012e+00 nan nan
1.468552999999999997e+00 nan nan
1.468787999999999982e+00 nan nan
1.469022999999999968e+00 nan nan
1.469257999999999953e+00 nan nan
1.469492999999999938e+00 nan nan
1.469727999999999923e+00 nan nan
1.469962999999999909e+00 nan nan
1.470197999999999894e+00 nan nan
1.470433000000000101e+00 nan nan
1.470668000000000086e+00 nan nan
1.470903000000000072e+00 nan nan
1.471138000000000057e+00 nan nan
1.471373000000000042e+00 nan nan
1.471608000000000027e+00 nan nan
1.471843000000000012e+00 nan nan
1.472077999999999998e+00 nan nan
1.472312999999999983e+00 nan nan
1.472547999999999968e+00 nan nan
1.472782999999999953e+00 nan nan
1.473017999999999939e+00 nan nan
1.473252999999999924e+00 nan nan
1.473487999999999909e+00 nan nan
1.473722999999999894e+00 nan nan
1.473958000000000101e+00 nan nan
1.474193000000000087e+00 nan nan
1.474428000000000072e+00 nan nan
1.474663000000000057e+00 nan nan
1.474898000000000042e+00 nan nan
1.475133000000000028e+00 nan nan
1.475368000000000013e+00 nan nan
1.475602999999999998e+00 nan nan
1.475837999999999983e+00 nan nan
1.476072999999999968e+00 nan nan
1.476307999999999954e+00 nan nan
1.476542999999999939e+00 nan nan
1.476777999999999924e+00 nan nan
1.477012999999999909e+00 nan nan
1.477247999999999895e+00 nan nan
1.477483000000000102e+00 nan nan
1.477718000000000087e+00 nan nan
1.477953000000000072e+00 nan nan
1.478188000000000057e+00 nan nan
1.478423000000000043e+00 nan nan
1.478658000000000028e+00 nan nan
1.478893000000000013e+00 nan nan
1.479127999999999998e+00 nan nan
1.479362999999999984e+00 nan nan
1.479597999999999969e+00 nan nan
1.479832999999999954e+00 nan nan
1.480067999999999939e+00 nan nan
1.480302999999999924e+00 1.054806079818252001e-14 4.194589000000000291e-17
1.480537999999999910e+00 1.081615912193783088e-14 4.078016000000000226e-17
1.480772999999999895e+00 1.084878004969309794e-14 3.106687000000000146e-17
1.481008000000000102e+00 1.085390599224186502e-14 2.164122999999999928e-17
1.481243000000000087e+00 1.119672176336491687e-14 2.144424999999999897e-17
1.481478000000000073e+00 1.122433449113379732e-14 1.852290999999999999e-17
1.481713000000000058e+00 1.026187519581457412e-14 1.382501999999999949e-17
1.481948000000000043e+00 9.960980670369918449e-15 1.264080999999999953e-17
1.482183000000000028e+00 9.991196707480278205e-15 1.130270000000000072e-17
1.482418000000000013e+00 1.059164648355779965e-14 1.134293000000000070e-17
1.482652999999999999e+00 1.136507865515560431e-14 1.166146999999999993e-17
1.482887999999999984e+00 1.108000727973686012e-14 1.124586000000000065e-17
1.483122999999999969e+00 1.074708790112870894e-14 1.112944000000000077e-17
1.483357999999999954e+00 1.097142092173571737e-14 1.167166000000000034e-17
1.483592999999999940e+00 1.174151728513838950e-14 1.208280000000000014e-17
1.483827999999999925e+00 1.218964443933105916e-14 1.183476000000000065e-17
1.484062999999999910e+00 1.209619041229681247e-14 1.161127000000000000e-17
1.484297999999999895e+00 1.088817179790616994e-14 1.078026000000000060e-17
1.484533000000000103e+00 1.063026788433654693e-14 1.087064000000000027e-17
1.484768000000000088e+00 1.088635778242805792e-14 1.122604000000000070e-17
1.485003000000000073e+00 1.070421370687603801e-14 1.070657000000000049e-17
1.485238000000000058e+00 1.091946939360067359e-14 1.082167000000000075e-17
1.485473000000000043e+00 1.132938242996221343e-14 1.148706000000000057e-17
1.485708000000000029e+00 1.124546441925652888e-14 1.168959999999999980e-17
1.485943000000000014e+00 1.093696259096802035e-14 1.155488000000000056e-17
1.486177999999999999e+00 1.080029549121694655e-14 1.164686000000000029e-17
1.486412999999999984e+00 1.129138321364362102e-14 1.219950000000000045e-17
1.486647999999999969e+00 1.165996377365209897e-14 1.243887000000000013e-17
1.486882999999999955e+00 1.223201984326824555e-14 1.317138999999999937e-17
1.487117999999999940e+00 1.165813979303467985e-14 1.406869000000000152e-17
1.487352999999999925e+00 1.110596386163370294e-14 1.514409000000000121e-17
1.487587999999999910e+00 1.111582479804744301e-14 1.535150000000000032e-17
1.487822999999999896e+00 1.126345890203959160e-14 1.499300000000000026e-17
1.488058000000000103e+00 1.153627748937217424e-14 1.395962999999999850e-17
1.488293000000000088e+00 1.127003562325272478e-14 1.337529000000000026e-17
1.488528000000000073e+00 1.060760812584010606e-14 1.304034000000000036e-17
1.488763000000000059e+00 1.034121338123328231e-14 1.255173999999999974e-17
1.488998000000000044e+00 1.085419774357604765e-14 1.307748000000000046e-17
1.489233000000000029e+00 1.146579129524167883e-14 1.355768000000000042e-17
1.489468000000000014e+00 1.152439076612345483e-14 1.310728000000000010e-17
1.489702999999999999e+00 1.102565393580504723e-14 1.156676000000000023e-17
1.489937999999999985e+00 1.098991280748727037e-14 1.116240000000000002e-17
1.490172999999999970e+00 nan nan
1.490407999999999955e+00 1.243833653798308769e-14 2.294080000000000045e-17
1.490642999999999940e+00 nan nan
1.490877999999999926e+00 1.099123061707043251e-14 1.096833999999999937e-17
1.491112999999999911e+00 1.174903159050981521e-14 1.127663999999999949e-17
1.491347999999999896e+00 1.211705559065008264e-14 1.156022000000000057e-17
1.491583000000000103e+00 1.138995107763129863e-14 1.111277000000000069e-17
1.491818000000000088e+00 1.105868162227001171e-14 1.093924000000000004e-17
1.492053000000000074e+00 1.128632666611783753e-14 1.113279000000000006e-17
1.492288000000000059e+00 nan 1.132634000000000008e-17
1.492523000000000044e+00 nan 1.128200000000000052e-17
1.492758000000000029e+00 1.050886761172065192e-14 1.091386999999999938e-17
1.492993000000000015e+00 1.083795454292424910e-14 1.057469999999999967e-17
1.493228000000000000e+00 1.149102509066789873e-14 1.116867000000000052e-17
1.493462999999999985e+00 1.157414245453468834e-14 1.140425000000000000e-17
1.493697999999999970e+00 1.128257857173970323e-14 1.143906000000000051e-17
1.493932999999999955e+00 1.095567920022477005e-14 1.175564999999999954e-17
1.494167999999999941e+00 1.040831221288980349e-14 1.110222000000000039e-17
1.494402999999999926e+00 1.066663932858660682e-14 1.119018999999999946e-17
1.494637999999999911e+00 1.130555603745720604e-14 1.187529000000000054e-17
1.494872999999999896e+00 1.140025479306746881e-14 1.215068999999999986e-17
1.495108000000000104e+00 1.118815634348968539e-14 1.190093000000000035e-17
1.495343000000000089e+00 1.118842901638099137e-14 1.168111999999999967e-17
1.495578000000000074e+00 1.152228067710720034e-14 1.199212000000000056e-17
1.495813000000000059e+00 1.146429341681902188e-14 1.204684000000000022e-17
1.496048000000000044e+00 1.111404352167012937e-14 1.169658000000000036e-17
1.496283000000000030e+00 1.121311539013125019e-14 1.196332999999999934e-17
1.496518000000000015e+00 1.089185709697332055e-14 1.181336000000000013e-17
1.496753000000000000e+00 1.130540127531207813e-14 1.188077999999999973e-17
1.496987999999999985e+00 1.182695402095645075e-14 1.215578999999999993e-17
1.497222999999999971e+00 1.187650839046548126e-14 1.230566999999999994e-17
1.497457999999999956e+00 1.141900413012860919e-14 1.204568999999999926e-17
1.497692999999999941e+00 1.116167031577963886e-14 1.192343999999999978e-17
1.497927999999999926e+00 1.185846759974891113e-14 1.229514000000000066e-17
1.498162999999999911e+00 1.161875378824984327e-14 1.216785999999999929e-17
1.498397999999999897e+00 1.138837182090248742e-14 1.203802999999999942e-17
1.498633000000000104e+00 1.178155854337452130e-14 1.219753000000000076e-17
1.498868000000000089e+00 1.210908178912089618e-14 1.236990000000000072e-17
1.499103000000000074e+00 1.192892618933719301e-14 1.226941000000000011e-17
1.499338000000000060e+00 1.133901919573595471e-14 1.235616999999999979e-17
1.499573000000000045e+00 1.094906868126420215e-14 1.186012000000000003e-17
1.499808000000000030e+00 1.104941984496364812e-14 1.184373000000000038e-17
1.500043000000000015e+00 1.146552026906722339e-14 1.221154000000000058e-17
1.500278000000000000e+00 1.153958126329246267e-14 1.247263999999999991e-17
1.500512999999999986e+00 1.130618693032813279e-14 1.211580999999999963e-17
1.500747999999999971e+00 1.081267211428126513e-14 1.188829000000000040e-17
1.500982999999999956e+00 1.086135229508713842e-14 1.208667999999999954e-17
1.501217999999999941e+00 1.135203372424164367e-14 1.277156000000000016e-17
1.501452999999999927e+00 1.152880478294439003e-14 1.278402999999999991e-17
1.501687999999999912e+00 1.111456826478502257e-14 1.247273000000000065e-17
1.501922999999999897e+00 1.068127492477559275e-14 1.222811999999999992e-17
1.502158000000000104e+00 1.060039840035694648e-14 1.338134000000000032e-17
1.502393000000000089e+00 1.069201797645631938e-14 1.523362000000000138e-17
1.502628000000000075e+00 1.146088920712782064e-14 2.221108999999999912e-17
1.502863000000000060e+00 1.190876489595071048e-14 2.349749999999999996e-17
1.503098000000000045e+00 1.212722641257733825e-14 2.567648999999999918e-17
1.503333000000000030e+00 1.232677847726223356e-14 2.919329999999999703e-17
1.503568000000000016e+00 1.161893555248508958e-14 2.983164000000000284e-17
1.503803000000000001e+00 1.093805256574766644e-14 2.880689999999999730e-17
1.504037999999999986e+00 1.130547774928103184e-14 3.015665999999999712e-17
1.504272999999999971e+00 1.195624463529377531e-14 3.154398000000000154e-17
1.504507999999999956e+00 1.196374304184800140e-14 3.061245000000000230e-17
1.504742999999999942e+00 1.195029423001629274e-14 2.729242999999999892e-17
1.504977999999999927e+00 1.182692990785039574e-14 2.519110000000000149e-17
1.505212999999999912e+00 1.156875646241798776e-14 2.316272000000000027e-17
1.505447999999999897e+00 1.138984740197775155e-14 2.220045000000000115e-17
1.505683000000000105e+00 1.147525697427607337e-14 1.909285999999999903e-17
1.505918000000000090e+00 1.145859101818741113e-14 1.260402999999999933e-17
1.506153000000000075e+00 1.127120806406784561e-14 1.068687000000000051e-17
1.506388000000000060e+00 1.115330889113727157e-14 1.084354999999999959e-17
1.506623000000000046e+00 1.183674987164493565e-14 1.281642000000000009e-17
1.506858000000000031e+00 1.189399908777124525e-14 1.077430999999999949e-17
1.507093000000000016e+00 1.186411519770787005e-14 1.069300000000000003e-17
1.507328000000000001e+00 1.195792745110753813e-14 1.077779999999999977e-17
1.507562999999999986e+00 1.147554671572005160e-14 1.056028999999999945e-17
1.507797999999999972e+00 1.129801173237242624e-14 1.066169999999999928e-17
1.508032999999999957e+00 1.183880094319894105e-14 1.106079000000000075e-17
1.508267999999999942e+00 1.155828564953359181e-14 1.046389000000000049e-17
1.508502999999999927e+00 1.121430091311390285e-14 1.045413999999999944e-17
1.508737999999999913e+00 1.123414256299917845e-14 1.041220000000000073e-17
1.508972999999999898e+00 1.175616565780683995e-14 1.062874999999999978e-17
1.509208000000000105e+00 1.258820198385888998e-14 1.088882999999999940e-17
1.509443000000000090e+00 1.265675481767199607e-14 1.096886999999999947e-17
1.509678000000000075e+00 1.208416271128941743e-14 1.165915000000000009e-17
1.509913000000000061e+00 1.164770747823557271e-14 1.107298999999999981e-17
1.510148000000000046e+00 1.141426703270786340e-14 1.097537000000000017e-17
1.510383000000000031e+00 1.139097111426198314e-14 1.084917999999999977e-17
1.510618000000000016e+00 1.162437273151069417e-14 1.100956999999999957e-17
1.510853000000000002e+00 1.161273711788101229e-14 1.114199999999999972e-17
1.511087999999999987e+00 1.138170712622153912e-14 1.095051000000000014e-17
1.511322999999999972e+00 1.159436773444447105e-14 1.075597999999999937e-17
1.511557999999999957e+00 1.177024971189891044e-14 1.080752999999999968e-17
1.511792999999999942e+00 1.178081787728552567e-14 1.450363999999999935e-17
1.512027999999999928e+00 1.158815055388756755e-14 2.765090000000000130e-17
1.512262999999999913e+00 1.248545303119764904e-14 1.157921000000000050e-17
1.512497999999999898e+00 1.209415764447946906e-14 1.150911999999999935e-17
1.512733000000000105e+00 1.153719460643877972e-14 1.146649999999999981e-17
1.512968000000000091e+00 1.162237630648678746e-14 1.105507999999999957e-17
1.513203000000000076e+00 1.132784691290285847e-14 1.113480999999999999e-17
1.513438000000000061e+00 1.069547585478079997e-14 1.067087999999999972e-17
1.513673000000000046e+00 1.055305969738431513e-14 1.053451999999999993e-17
1.513908000000000031e+00 1.074661635951165738e-14 1.070944999999999966e-17
1.514143000000000017e+00 1.149658845752886994e-14 1.108241000000000018e-17
1.514378000000000002e+00 1.244585327025337136e-14 1.146929999999999951e-17
1.514612999999999987e+00 1.283796489526357575e-14 1.181414999999999965e-17
1.514847999999999972e+00 1.239998252051421694e-14 1.173254000000000028e-17
1.515082999999999958e+00 1.186546749500190309e-14 1.161265999999999934e-17
1.515317999999999943e+00 1.191547880962651964e-14 1.186624999999999955e-17
1.515552999999999928e+00 1.238860878079033705e-14 1.207971000000000026e-17
1.515787999999999913e+00 1.260358759271682177e-14 1.218081000000000044e-17
1.516022999999999898e+00 1.248135250731631444e-14 1.225192999999999949e-17
1.516258000000000106e+00 1.147409865908718170e-14 1.216295000000000044e-17
1.516493000000000091e+00 1.086928755640599469e-14 1.687849000000000023e-17
1.516728000000000076e+00 1.106376700498998784e-14 1.146591999999999946e-17
1.516963000000000061e+00 1.128856805170270173e-14 1.175474000000000005e-17
1.517198000000000047e+00 1.089828626943898946e-14 1.163441000000000002e-17
1.517433000000000032e+00 1.026850478960650143e-14 1.155411000000000053e-17
1.517668000000000017e+00 1.012591386314117844e-14 1.168646999999999942e-17
1.517903000000000002e+00 1.071115928136450890e-14 1.232991000000000067e-17
1.518137999999999987e+00 1.174972027726605925e-14 1.347040000000000037e-17
1.518372999999999973e+00 1.271761183054205872e-14 1.418265000000000057e-17
1.518607999999999958e+00 1.225249076345352210e-14 1.386346999999999946e-17
1.518842999999999943e+00 1.163596050226674109e-14 1.340184999999999930e-17
1.519077999999999928e+00 1.165885041161094354e-14 1.355068000000000038e-17
1.519312999999999914e+00 1.179958919057842186e-14 1.365043000000000017e-17
1.519547999999999899e+00 1.184324791649462290e-14 1.381839000000000063e-17
1.519783000000000106e+00 1.189161580923221244e-14 1.387040999999999952e-17
1.520018000000000091e+00 1.175035759991453080e-14 1.393160999999999886e-17
1.520253000000000076e+00 1.148365887612958761e-14 1.371931000000000038e-17
1.520488000000000062e+00 1.161424027111115862e-14 1.379766999999999940e-17
1.520723000000000047e+00 1.208231660797224418e-14 1.417592999999999942e-17
1.520958000000000032e+00 1.243806934516225597e-14 1.405240000000000082e-17
1.521193000000000017e+00 nan nan
1.521428000000000003e+00 nan nan
1.521662999999999988e+00 1.242105245855010255e-14 1.412969999999999963e-17
1.521897999999999973e+00 1.203437049044489296e-14 1.316394999999999997e-17
1.522132999999999958e+00 1.210384765809058750e-14 1.236721999999999943e-17
1.522367999999999943e+00 1.236473876766452765e-14 1.265394000000000063e-17
1.522602999999999929e+00 1.183486738539672470e-14 1.224111000000000003e-17
1.522837999999999914e+00 1.157056593122015851e-14 1.213899999999999989e-17
1.523072999999999899e+00 1.223765520120942417e-14 1.266282999999999936e-17
1.523308000000000106e+00 1.269034748926126930e-14 1.250404999999999934e-17
1.523543000000000092e+00 1.265413891701161144e-14 1.239367999999999952e-17
1.523778000000000077e+00 1.271182730068874756e-14 1.230922000000000020e-17
1.524013000000000062e+00 1.226864719574942022e-14 1.195492000000000048e-17
1.524248000000000047e+00 1.172654359272250411e-14 1.201039000000000069e-17
1.524483000000000033e+00 1.165397555780703779e-14 1.207575999999999960e-17
1.524718000000000018e+00 1.158734083271841637e-14 1.141586000000000051e-17
1.524953000000000003e+00 1.158773963056851243e-14 1.122812000000000062e-17
1.525187999999999988e+00 1.156758117992200364e-14 1.125248999999999951e-17
1.525422999999999973e+00 1.190610023987454419e-14 1.191744999999999971e-17
1.525657999999999959e+00 1.216177496673114293e-14 1.231718999999999971e-17
1.525892999999999944e+00 1.178602368294853556e-14 1.198216000000000034e-17
1.526127999999999929e+00 1.107000221542120046e-14 1.150966000000000074e-17
1.526362999999999914e+00 1.129310147893148649e-14 1.169191999999999964e-17
1.526597999999999900e+00 1.189169141722571376e-14 1.205788000000000012e-17
1.526833000000000107e+00 1.175994855236859587e-14 1.194325999999999973e-17
1.527068000000000092e+00 nan 1.187572000000000016e-17
1.527303000000000077e+00 1.197511408358359068e-14 1.190831999999999951e-17
1.527538000000000062e+00 1.184697728888861131e-14 1.160807999999999963e-17
1.527773000000000048e+00 1.171173579572662495e-14 1.121938999999999928e-17
1.528008000000000033e+00 1.178081241622308405e-14 1.131188999999999936e-17
1.528243000000000018e+00 1.204088252401620020e-14 1.168691000000000032e-17
1.528478000000000003e+00 1.214299022232536048e-14 1.180588000000000023e-17
1.528712999999999989e+00 1.197104577442950557e-14 1.190050000000000073e-17
1.528947999999999974e+00 1.232623816094075611e-14 1.191922999999999971e-17
1.529182999999999959e+00 1.225152518131168142e-14 1.188498999999999980e-17
1.529417999999999944e+00 1.191833615951069425e-14 1.296807000000000036e-17
1.529652999999999929e+00 1.219745701380272110e-14 1.274348000000000054e-17
1.529887999999999915e+00 1.253101198367798243e-14 1.121590000000000054e-17
1.530122999999999900e+00 1.242860016650886137e-14 1.087508000000000053e-17
1.530358000000000107e+00 1.243252588290841188e-14 1.091726000000000072e-17
1.530593000000000092e+00 1.250055182955564770e-14 1.081618999999999976e-17
1.530828000000000078e+00 1.246929227896968525e-14 1.096428000000000002e-17
1.531063000000000063e+00 1.252299148308948787e-14 1.139969999999999952e-17
1.531298000000000048e+00 1.234870399993958957e-14 1.155086999999999992e-17
1.531533000000000033e+00 1.217362958278269249e-14 1.153458000000000076e-17
1.531768000000000018e+00 1.197333192056152825e-14 1.091682999999999956e-17
1.532003000000000004e+00 1.161107358751048090e-14 1.080522999999999932e-17
1.532237999999999989e+00 1.104999125866093000e-14 1.032229999999999938e-17
1.532472999999999974e+00 1.108830084831282984e-14 1.048836999999999960e-17
1.532707999999999959e+00 1.133769309324226809e-14 1.065829000000000001e-17
1.532942999999999945e+00 1.139746247450075120e-14 1.058502999999999952e-17
1.533177999999999930e+00 1.180017856610888861e-14 1.061669999999999991e-17
1.533412999999999915e+00 1.258781838947013928e-14 1.093176000000000014e-17
1.533647999999999900e+00 1.292813568489123054e-14 1.134331999999999982e-17
1.533883000000000107e+00 1.277413233729648960e-14 1.134977000000000027e-17
1.534118000000000093e+00 1.259763253961842945e-14 1.123832000000000076e-17
1.534353000000000078e+00 1.248021944285576087e-14 1.105632999999999947e-17
1.534588000000000063e+00 1.223829440227496551e-14 1.084354999999999959e-17
1.534823000000000048e+00 1.194861986840799006e-14 1.086228000000000011e-17
1.535058000000000034e+00 1.183042642140757623e-14 1.276433999999999967e-17
1.535293000000000019e+00 1.203137788004754451e-14 1.090191000000000026e-17
1.535528000000000004e+00 1.227909149494602243e-14 1.129647000000000072e-17
1.535762999999999989e+00 1.191854312442333561e-14 1.102349999999999993e-17
1.535997999999999974e+00 1.218082422098652245e-14 1.111170000000000074e-17
1.536232999999999960e+00 1.285629187940716172e-14 1.168154999999999929e-17
1.536467999999999945e+00 1.245842707591555800e-14 1.165555999999999932e-17
1.536702999999999930e+00 1.196404244045435056e-14 1.142604999999999938e-17
1.536937999999999915e+00 1.222492516472286657e-14 1.156000000000000012e-17
1.537172999999999901e+00 1.237414692662980150e-14 1.279145999999999957e-17
1.537408000000000108e+00 1.218859756097929009e-14 1.208845999999999954e-17
1.537643000000000093e+00 1.192259853688052565e-14 1.270518999999999949e-17
1.537878000000000078e+00 1.187493805333322289e-14 1.278653999999999945e-17
1.538113000000000063e+00 1.178010234250146081e-14 1.271794999999999941e-17
1.538348000000000049e+00 1.190351999200530711e-14 1.279861000000000034e-17
1.538583000000000034e+00 1.211349279314945679e-14 1.298499000000000011e-17
1.538818000000000019e+00 1.254006312739854570e-14 1.340791000000000063e-17
1.539053000000000004e+00 1.305678829743539665e-14 1.377179999999999940e-17
1.539287999999999990e+00 1.293295104221510117e-14 1.376382999999999989e-17
1.539522999999999975e+00 1.216382393788864041e-14 1.305504000000000075e-17
1.539757999999999960e+00 1.198978364837893884e-14 1.302652000000000023e-17
1.539992999999999945e+00 1.208679785456189691e-14 1.307481000000000046e-17
1.540227999999999930e+00 1.236311074937516429e-14 1.336011999999999975e-17
1.540462999999999916e+00 1.191849172888721369e-14 1.311198999999999952e-17
1.540697999999999901e+00 1.150527193632898266e-14 1.281291000000000033e-17
1.540933000000000108e+00 1.138231246104428116e-14 1.254253000000000008e-17
1.541168000000000093e+00 1.145677385327861744e-14 1.219200999999999927e-17
1.541403000000000079e+00 1.225876590576512266e-14 1.323106999999999966e-17
1.541638000000000064e+00 1.328028799980987965e-14 1.444558000000000014e-17
1.541873000000000049e+00 1.260884674613446675e-14 1.357711999999999944e-17
1.542108000000000034e+00 1.233809554304929122e-14 1.373558000000000006e-17
1.542343000000000020e+00 1.184571787925229468e-14 1.386038999999999932e-17
1.542578000000000005e+00 1.145648551080667431e-14 1.312619000000000056e-17
1.542812999999999990e+00 1.193182632713054245e-14 1.316241999999999964e-17
1.543047999999999975e+00 1.266462631265112162e-14 1.393853000000000097e-17
1.543282999999999960e+00 1.246259066778772352e-14 1.409543000000000050e-17
1.543517999999999946e+00 1.193650021438490204e-14 1.357401999999999982e-17
1.543752999999999931e+00 1.200406888536452280e-14 1.401445999999999992e-17
1.543987999999999916e+00 1.179841041144166685e-14 1.346395999999999965e-17
1.544222999999999901e+00 1.194178492463452751e-14 1.308904000000000073e-17
1.544458000000000109e+00 1.227351333096876174e-14 1.329822999999999984e-17
1.544693000000000094e+00 1.244351607001496925e-14 1.307910999999999973e-17
1.544928000000000079e+00 1.237685831023630726e-14 1.266482999999999981e-17
1.545163000000000064e+00 1.229151864959499570e-14 1.224825999999999926e-17
1.545398000000000049e+00 1.264515141107676253e-14 1.185450999999999933e-17
1.545633000000000035e+00 1.296963972482156115e-14 1.156337000000000043e-17
1.545868000000000020e+00 1.281558871205474589e-14 1.131494000000000028e-17
1.546103000000000005e+00 1.283605461133695589e-14 1.546388999999999853e-17
1.546337999999999990e+00 1.287140225865389214e-14 1.528889000000000062e-17
1.546572999999999976e+00 1.263094062088900205e-14 1.126809999999999938e-17
1.546807999999999961e+00 1.234018009881948392e-14 1.077581000000000060e-17
1.547042999999999946e+00 1.223605167162367552e-14 1.074849999999999947e-17
1.547277999999999931e+00 1.219117106639097424e-14 1.069363000000000062e-17
1.547512999999999916e+00 1.193236861751734007e-14 1.070670000000000020e-17
1.547747999999999902e+00 1.179441303937477107e-14 1.106722999999999993e-17
1.547983000000000109e+00 1.212650391704893546e-14 1.180387000000000004e-17
1.548218000000000094e+00 1.239672715231707726e-14 1.218848999999999977e-17
1.548453000000000079e+00 1.262976335779285922e-14 1.244861999999999963e-17
1.548688000000000065e+00 1.269294958457629548e-14 1.263402999999999994e-17
1.548923000000000050e+00 1.243196294399905032e-14 1.249781999999999934e-17
1.549158000000000035e+00 1.233163777628697031e-14 1.224893000000000035e-17
1.549393000000000020e+00 1.258244165283180308e-14 1.240558000000000021e-17
1.549628000000000005e+00 1.302454030135209573e-14 1.246967999999999973e-17
1.549862999999999991e+00 1.335267925517216811e-14 1.264559999999999995e-17
1.550097999999999976e+00 1.291207730880366745e-14 1.194047999999999950e-17
1.550332999999999961e+00 1.218778100089126770e-14 1.093081999999999990e-17
1.550567999999999946e+00 1.190871793055307072e-14 1.036966000000000064e-17
1.550802999999999932e+00 1.159170757058667705e-14 1.007539999999999956e-17
1.551037999999999917e+00 1.158633449546889956e-14 1.007000999999999931e-17
1.551272999999999902e+00 1.236993563806338197e-14 1.035924999999999979e-17
1.551508000000000109e+00 1.302441419747485288e-14 1.046733000000000052e-17
1.551743000000000094e+00 1.277980007053519627e-14 1.020876999999999995e-17
1.551978000000000080e+00 1.253867951613772808e-14 1.006115999999999955e-17
1.552213000000000065e+00 1.287652350049541471e-14 1.012794000000000036e-17
1.552448000000000050e+00 1.323438622873304990e-14 1.045020000000000006e-17
1.552683000000000035e+00 1.268829362324298694e-14 1.027452999999999952e-17
1.552918000000000021e+00 nan 2.064740000000000000e-17
1.553153000000000006e+00 1.260010168360695316e-14 1.004791000000000002e-17
1.553387999999999991e+00 1.286628212653709479e-14 1.023012999999999997e-17
1.553622999999999976e+00 1.286791237918956380e-14 1.028763999999999959e-17
1.553857999999999961e+00 1.245645862477852012e-14 1.073884000000000071e-17
1.554092999999999947e+00 1.274968928871165291e-14 1.202313999999999933e-17
1.554327999999999932e+00 1.296565254928668900e-14 1.304041000000000009e-17
1.554562999999999917e+00 1.252648333897780367e-14 1.376377999999999965e-17
1.554797999999999902e+00 1.210863957813051517e-14 1.412199999999999927e-17
1.555033000000000110e+00 1.246933341971185869e-14 1.383525000000000040e-17
1.555268000000000095e+00 1.296015054401507213e-14 1.470679000000000123e-17
1.555503000000000080e+00 1.293649428921749862e-14 1.366966999999999977e-17
1.555738000000000065e+00 1.239208260334274476e-14 1.351573000000000042e-17
1.555973000000000050e+00 1.231714576671645104e-14 1.378208000000000055e-17
1.556208000000000036e+00 1.272413330376625599e-14 1.535292999999999862e-17
1.556443000000000021e+00 1.287604043404054792e-14 1.586222000000000125e-17
1.556678000000000006e+00 1.279222208881942454e-14 1.700148000000000053e-17
1.556912999999999991e+00 1.281493974218735034e-14 2.016638999999999951e-17
1.557147999999999977e+00 1.256757510588085065e-14 2.140350999999999990e-17
1.557382999999999962e+00 1.222834661841946020e-14 1.875259999999999989e-17
1.557617999999999947e+00 1.215519419123045365e-14 1.474576999999999977e-17
1.557852999999999932e+00 1.216613916043134547e-14 1.421664999999999900e-17
1.558087999999999917e+00 1.210453713786759753e-14 1.400749000000000064e-17
1.558322999999999903e+00 1.222356354562411236e-14 1.360536999999999927e-17
1.558558000000000110e+00 1.231964161262413126e-14 1.268157999999999935e-17
1.558793000000000095e+00 1.247928288217331711e-14 1.183240000000000030e-17
1.559028000000000080e+00 1.266439658911069844e-14 1.195809999999999956e-17
1.559263000000000066e+00 1.286646450388385767e-14 1.202301999999999937e-17
1.559498000000000051e+00 1.300820435960097941e-14 1.219274000000000034e-17
1.559733000000000036e+00 1.311373896084264639e-14 1.213602999999999997e-17
1.559968000000000021e+00 1.310998427056349923e-14 1.233404999999999948e-17
1.560203000000000007e+00 1.244759003507285523e-14 1.188244999999999951e-17
1.560437999999999992e+00 1.219353453333829914e-14 1.172869999999999984e-17
1.560672999999999977e+00 1.242521463378259648e-14 1.184667999999999927e-17
1.560907999999999962e+00 1.280721817521948103e-14 1.240750999999999939e-17
1.561142999999999947e+00 1.271290525424493251e-14 1.295046999999999978e-17
1.561377999999999933e+00 1.279795905390550004e-14 1.315723000000000036e-17
1.561612999999999918e+00 1.276662239313349231e-14 1.410010000000000095e-17
1.561847999999999903e+00 1.259743245523644412e-14 1.334151000000000074e-17
1.562083000000000110e+00 nan 1.626779000000000086e-17
1.562318000000000096e+00 nan 1.666038999999999983e-17
1.562553000000000081e+00 1.301217708719936756e-14 1.682247999999999864e-17
1.562788000000000066e+00 1.279183797658376092e-14 1.671599999999999949e-17
1.563023000000000051e+00 1.245229126362764236e-14 1.680217999999999883e-17
1.563258000000000036e+00 1.256112259001246756e-14 1.802185000000000091e-17
1.563493000000000022e+00 1.318813324371990535e-14 2.169060000000000074e-17
1.563728000000000007e+00 1.314193817390974557e-14 2.163954999999999977e-17
1.563962999999999992e+00 1.303076566224214161e-14 2.152641000000000100e-17
1.564197999999999977e+00 1.338559445402138554e-14 2.250658000000000061e-17
1.564432999999999963e+00 1.340624082902243385e-14 2.335640000000000000e-17
1.564667999999999948e+00 1.288819224197490823e-14 2.152532000000000003e-17
1.564902999999999933e+00 1.248624516819421987e-14 2.104625999999999974e-17
1.565137999999999918e+00 1.234713553784834137e-14 2.036602000000000035e-17
1.565372999999999903e+00 1.248012611949298985e-14 1.801487999999999855e-17
1.565608000000000111e+00 1.202409774192587087e-14 1.708627000000000053e-17
1.565843000000000096e+00 1.139415398215392243e-14 1.625627999999999929e-17
1.566078000000000081e+00 1.169227638959057705e-14 1.675202999999999914e-17
1.566313000000000066e+00 1.255317141823900466e-14 1.755390000000000025e-17
1.566548000000000052e+00 1.296154872859075323e-14 1.552551999999999903e-17
1.566783000000000037e+00 1.324663649222194829e-14 1.292832000000000025e-17
1.567018000000000022e+00 1.331286693586055049e-14 1.254994000000000026e-17
1.567253000000000007e+00 1.314565215867925411e-14 1.150672000000000004e-17
1.567487999999999992e+00 1.341147894652573681e-14 1.197341999999999926e-17
1.567722999999999978e+00 1.345475274488460608e-14 1.287784999999999962e-17
1.567957999999999963e+00 1.333159334358069679e-14 1.263161999999999935e-17
1.568192999999999948e+00 1.336367588838149428e-14 1.320471000000000005e-17
1.568427999999999933e+00 1.352275319471543194e-14 1.591557999999999925e-17
1.568662999999999919e+00 1.335112441278418901e-14 1.588115000000000120e-17
1.568897999999999904e+00 1.295987269560194111e-14 1.563900999999999949e-17
1.569132999999999889e+00 1.262237350163383132e-14 1.716385000000000131e-17
1.569368000000000096e+00 nan 4.264171000000000142e-17
1.569603000000000081e+00 1.280381997350952844e-14 2.468007999999999910e-17
1.569838000000000067e+00 1.258999193464710361e-14 2.440335000000000042e-17
1.570073000000000052e+00 1.255177429065254895e-14 2.451540000000000130e-17
1.570308000000000037e+00 1.275273788561840011e-14 2.469325000000000071e-17
1.570543000000000022e+00 1.305493502597689931e-14 2.517875000000000016e-17
1.570778000000000008e+00 1.311445545390344286e-14 2.506775999999999949e-17
1.571012999999999993e+00 1.306362135658102755e-14 2.488681999999999867e-17
1.571247999999999978e+00 1.288917888070562852e-14 2.434004000000000041e-17
1.571482999999999963e+00 1.306291312829995360e-14 2.440956000000000095e-17
1.571717999999999948e+00 1.332549893198973073e-14 2.511167000000000098e-17
1.571952999999999934e+00 1.323438630575811184e-14 2.359396999999999865e-17
1.572187999999999919e+00 1.284939758003200068e-14 1.862236999999999962e-17
1.572422999999999904e+00 1.268970302155589614e-14 1.643797000000000067e-17
1.572657999999999889e+00 1.269731447844191571e-14 1.590792000000000094e-17
1.572893000000000097e+00 1.305540977216870614e-14 1.617155999999999902e-17
1.573128000000000082e+00 1.354450832771945280e-14 1.688747999999999945e-17
1.573363000000000067e+00 1.322077609365663550e-14 1.623590999999999976e-17
1.573598000000000052e+00 1.308276340988528758e-14 1.605203000000000132e-17
1.573833000000000037e+00 1.319692664378003634e-14 1.617145999999999854e-17
1.574068000000000023e+00 1.342386867225902823e-14 1.671832000000000088e-17
1.574303000000000008e+00 1.369264875103663973e-14 1.813432000000000012e-17
1.574537999999999993e+00 1.373454973081209439e-14 1.852831000000000152e-17
1.574772999999999978e+00 1.331834184615159162e-14 1.919974000000000011e-17
1.575007999999999964e+00 1.294608822789437250e-14 2.223814000000000083e-17
1.575242999999999949e+00 1.332318925923790238e-14 2.401614999999999989e-17
1.575477999999999934e+00 1.384030759695828715e-14 2.478222000000000001e-17
1.575712999999999919e+00 1.348193738977587475e-14 2.421145999999999890e-17
1.575947999999999904e+00 1.314836837670827731e-14 2.360921999999999862e-17
1.576182999999999890e+00 1.311424952129884108e-14 2.367455999999999985e-17
1.576418000000000097e+00 1.293455049850209615e-14 2.331172999999999975e-17
1.576653000000000082e+00 1.279015461572940735e-14 2.220507999999999956e-17
1.576888000000000067e+00 1.295548286250239609e-14 1.915472999999999946e-17
1.577123000000000053e+00 1.334234131455681670e-14 1.836313000000000130e-17
1.577358000000000038e+00 1.349684002561593256e-14 1.859157000000000129e-17
1.577593000000000023e+00 1.352004470494499375e-14 1.853987000000000025e-17
1.577828000000000008e+00 1.310321333513693242e-14 1.615995000000000005e-17
1.578062999999999994e+00 1.296884227138751710e-14 1.492642999999999862e-17
1.578297999999999979e+00 1.314103183687907233e-14 1.495627999999999850e-17
1.578532999999999964e+00 1.319651138012030453e-14 1.489256999999999963e-17
1.578767999999999949e+00 1.309855083455575502e-14 1.429446000000000151e-17
1.579002999999999934e+00 1.326607604313794306e-14 1.429065000000000030e-17
1.579237999999999920e+00 1.350391634412043291e-14 1.448641999999999968e-17
1.579472999999999905e+00 1.346138479668157788e-14 1.443214000000000092e-17
1.579707999999999890e+00 1.336059082135097191e-14 1.432556000000000129e-17
1.579943000000000097e+00 nan nan
1.580178000000000083e+00 nan nan
1.580413000000000068e+00 1.267946555848475531e-14 1.392090000000000117e-17
1.580648000000000053e+00 1.274543389725869987e-14 1.405750000000000089e-17
1.580883000000000038e+00 1.301681796436193335e-14 1.435098999999999885e-17
1.581118000000000023e+00 1.353062488674938471e-14 1.484248999999999967e-17
1.581353000000000009e+00 1.366335657105127099e-14 1.532567000000000082e-17
1.581587999999999994e+00 1.331653693275407494e-14 1.528203000000000003e-17
1.581822999999999979e+00 nan 3.638194000000000102e-17
1.582057999999999964e+00 1.328071879982562979e-14 1.748636999999999888e-17
1.582292999999999950e+00 1.348442261597389241e-14 1.491237000000000010e-17
1.582527999999999935e+00 1.361603613188447371e-14 1.493400999999999901e-17
1.582762999999999920e+00 1.357032022411940162e-14 1.514524000000000062e-17
1.582997999999999905e+00 1.317712446001028578e-14 1.619175000000000014e-17
1.583232999999999890e+00 1.273291441191327213e-14 1.532156999999999943e-17
1.583468000000000098e+00 1.274011849741262015e-14 1.606422999999999884e-17
1.583703000000000083e+00 1.287772568149305051e-14 1.729460000000000040e-17
1.583938000000000068e+00 1.262173683496977366e-14 1.687152000000000096e-17
1.584173000000000053e+00 1.267047168675114091e-14 1.695848999999999981e-17
1.584408000000000039e+00 1.296967885685235029e-14 1.765332999999999911e-17
1.584643000000000024e+00 1.300461692405680876e-14 1.801714000000000149e-17
1.584878000000000009e+00 1.310006505742334993e-14 1.795036000000000068e-17
1.585112999999999994e+00 1.297779696750424696e-14 1.766609000000000057e-17
1.585347999999999979e+00 1.286035717693180154e-14 1.752735999999999916e-17
1.585582999999999965e+00 1.300462075886658452e-14 1.787050999999999875e-17
1.585817999999999950e+00 1.307368933827485248e-14 1.831796999999999991e-17
1.586052999999999935e+00 1.317024008580725634e-14 1.868050999999999983e-17
1.586287999999999920e+00 1.367196018299427043e-14 1.937065999999999920e-17
1.586522999999999906e+00 1.347407287288198216e-14 1.947918999999999904e-17
1.586757999999999891e+00 1.308364299450673710e-14 1.994214000000000011e-17
1.586993000000000098e+00 nan 3.014993000000000085e-17
1.587228000000000083e+00 1.348040551026165027e-14 3.825211000000000129e-17
1.587463000000000068e+00 1.368677529163678656e-14 4.324137000000000089e-17
1.587698000000000054e+00 1.371140556981256043e-14 5.616709000000000240e-17
1.587933000000000039e+00 1.314370976460352165e-14 5.695872999999999952e-17
1.588168000000000024e+00 1.287452892166044963e-14 5.578255999999999879e-17
1.588403000000000009e+00 1.319332958108546968e-14 5.746274999999999878e-17
1.588637999999999995e+00 1.369015159255858743e-14 6.012623000000000366e-17
1.588872999999999980e+00 1.392933898251660773e-14 6.185216000000000230e-17
1.589107999999999965e+00 1.365988443561944967e-14 6.021053999999999763e-17
1.589342999999999950e+00 nan nan
1.589577999999999935e+00 1.315739893379688119e-14 5.127444999999999913e-17
1.589812999999999921e+00 1.303264053918810929e-14 1.889770999999999896e-17
1.590047999999999906e+00 1.281827930777509653e-14 1.708863000000000087e-17
1.590282999999999891e+00 1.285476586966632484e-14 1.710376000000000089e-17
1.590518000000000098e+00 1.303761031618153614e-14 1.726555999999999952e-17
1.590753000000000084e+00 1.383805108298827128e-14 1.813983999999999853e-17
1.590988000000000069e+00 1.369306980795574338e-14 1.981913999999999853e-17
1.591223000000000054e+00 1.358104992610585054e-14 1.618707999999999969e-17
1.591458000000000039e+00 1.384417947682036296e-14 1.570117000000000009e-17
1.591693000000000024e+00 1.327493019830742054e-14 1.684403999999999962e-17
1.591928000000000010e+00 1.295228800296517436e-14 1.719820000000000144e-17
1.592162999999999995e+00 1.269983436314847041e-14 1.733025000000000067e-17
1.592397999999999980e+00 1.285060698460227736e-14 1.820983000000000073e-17
1.592632999999999965e+00 1.337883970765708423e-14 1.899476999999999927e-17
1.592867999999999951e+00 1.369962336992297653e-14 1.933993000000000060e-17
1.593102999999999936e+00 1.320032801567603016e-14 1.872292000000000021e-17
1.593337999999999921e+00 1.287295443417983576e-14 1.878607000000000130e-17
1.593572999999999906e+00 1.345831096575386447e-14 1.971876999999999942e-17
1.593807999999999891e+00 1.376003442037494368e-14 2.088482999999999921e-17
1.594043000000000099e+00 1.360012472446107285e-14 2.053358000000000041e-17
1.594278000000000084e+00 1.353363069066295047e-14 2.076121999999999960e-17
1.594513000000000069e+00 1.315535385098615460e-14 2.250572999999999958e-17
1.594748000000000054e+00 1.312069486422991293e-14 2.335545999999999975e-17
1.594983000000000040e+00 1.305503071152055160e-14 2.496889999999999970e-17
1.595218000000000025e+00 1.325119736668501806e-14 2.582463999999999943e-17
1.595453000000000010e+00 1.369273025644849959e-14 2.651991999999999963e-17
1.595687999999999995e+00 1.404808695366237000e-14 2.698561999999999862e-17
1.595922999999999981e+00 1.400997906124492101e-14 2.665396999999999931e-17
1.596157999999999966e+00 1.396955427397331488e-14 2.642525999999999863e-17
1.596392999999999951e+00 1.406115031361987765e-14 2.580586000000000021e-17
1.596627999999999936e+00 1.402689066065439257e-14 2.529891999999999973e-17
1.596862999999999921e+00 1.343304219256386485e-14 2.117532000000000112e-17
1.597097999999999907e+00 1.313730621215444892e-14 1.938046000000000049e-17
1.597332999999999892e+00 1.324212392966359814e-14 1.962249000000000043e-17
1.597568000000000099e+00 1.330309625697525667e-14 1.858053000000000139e-17
1.597803000000000084e+00 1.353311043800011478e-14 1.845785000000000074e-17
1.598038000000000070e+00 1.377585950765676901e-14 1.870166999999999888e-17
1.598273000000000055e+00 1.373537418350423987e-14 1.833919999999999868e-17
1.598508000000000040e+00 1.364305434535225075e-14 1.816872999999999869e-17
1.598743000000000025e+00 1.359715417372934911e-14 1.812637999999999984e-17
1.598978000000000010e+00 1.338819296265895408e-14 1.781499999999999958e-17
1.599212999999999996e+00 1.328058363958541758e-14 1.845220000000000108e-17
1.599447999999999981e+00 1.326345465794685671e-14 1.898940999999999978e-17
1.599682999999999966e+00 1.331231188392844450e-14 1.947100999999999882e-17
1.599917999999999951e+00 1.357356903185106248e-14 1.988001000000000027e-17
1.600152999999999937e+00 1.392258387524644962e-14 2.022363000000000153e-17
1.600387999999999922e+00 1.412270883661959267e-14 2.115499999999999875e-17
1.600622999999999907e+00 1.395065171960689729e-14 2.255736999999999909e-17
1.600857999999999892e+00 1.379390531247791091e-14 2.371587000000000106e-17
1.601093000000000099e+00 1.386931149829327524e-14 2.676918999999999954e-17
1.601328000000000085e+00 1.394637361902545977e-14 2.816259000000000015e-17
1.601563000000000070e+00 1.374671250864565522e-14 2.780542000000000099e-17
1.601798000000000055e+00 1.358933736112255038e-14 2.742650000000000116e-17
1.602033000000000040e+00 1.338423332594478355e-14 2.696762000000000072e-17
1.602268000000000026e+00 1.305614499235458086e-14 2.612362999999999941e-17
1.602503000000000011e+00 1.356871870141574299e-14 2.593698000000000048e-17
1.602737999999999996e+00 1.375150349519531375e-14 2.349012000000000054e-17
1.602972999999999981e+00 1.391495036474873061e-14 2.290783000000000146e-17
1.603207999999999966e+00 1.369450638123365776e-14 2.259962000000000054e-17
1.603442999999999952e+00 1.370380383138051215e-14 2.262161999999999935e-17
1.603677999999999937e+00 1.396404467743923321e-14 2.298990000000000121e-17
1.603912999999999922e+00 1.400326197091220239e-14 2.279788999999999972e-17
1.604147999999999907e+00 1.381912620212406407e-14 2.232454999999999882e-17
1.604382999999999893e+00 1.350157670498459531e-14 2.142418000000000089e-17
1.604618000000000100e+00 1.324780122038051199e-14 2.077393000000000082e-17
1.604853000000000085e+00 1.332149176667879927e-14 2.086613000000000100e-17
1.605088000000000070e+00 1.361795512434237656e-14 2.128438999999999926e-17
1.605323000000000055e+00 1.363078387124253194e-14 2.137935999999999992e-17
1.605558000000000041e+00 1.342523622551269441e-14 2.104216000000000144e-17
1.605793000000000026e+00 1.327616828389685617e-14 2.068924999999999952e-17
1.606028000000000011e+00 1.332927783209440432e-14 2.064514000000000014e-17
1.606262999999999996e+00 1.344244787762960406e-14 2.063269999999999961e-17
1.606497999999999982e+00 1.352935902084894725e-14 2.058027999999999878e-17
1.606732999999999967e+00 1.363037915487835112e-14 2.042190000000000070e-17
1.606967999999999952e+00 1.372490963533697857e-14 2.037824999999999863e-17
1.607202999999999937e+00 1.361200165960392951e-14 2.009042999999999980e-17
1.607437999999999922e+00 1.355181937909148497e-14 2.010169000000000016e-17
1.607672999999999908e+00 1.345419264603242381e-14 2.011449999999999878e-17
1.607907999999999893e+00 1.339219667645220139e-14 1.789049000000000070e-17
1.608143000000000100e+00 1.380139429266323862e-14 1.591198000000000028e-17
1.608378000000000085e+00 1.400087296906547683e-14 1.606696999999999856e-17
1.608613000000000071e+00 1.401960875550617740e-14 1.610610999999999911e-17
1.608848000000000056e+00 1.421057820927933473e-14 1.626765999999999961e-17
1.609083000000000041e+00 1.424386885542623680e-14 1.673557000000000131e-17
1.609318000000000026e+00 1.383374786724770375e-14 2.444615000000000146e-17
1.609553000000000011e+00 1.347349628548719813e-14 3.411682999999999783e-17
1.609787999999999997e+00 1.352783231971675549e-14 3.715515999999999882e-17
1.610022999999999982e+00 1.360562059449272012e-14 3.978829999999999959e-17
1.610257999999999967e+00 1.375495041096850497e-14 4.491536000000000164e-17
1.610492999999999952e+00 1.370184842247563117e-14 5.394862000000000222e-17
1.610727999999999938e+00 nan nan
1.610962999999999923e+00 nan nan
1.611197999999999908e+00 nan nan
1.611432999999999893e+00 nan nan
1.611668000000000101e+00 nan nan
1.611903000000000086e+00 nan nan
1.612138000000000071e+00 nan nan
1.612373000000000056e+00 1.373675251064947013e-14 5.374821000000000006e-17
1.612608000000000041e+00 1.384391602530020128e-14 3.802346999999999725e-17
1.612843000000000027e+00 1.372084548203300787e-14 3.362450000000000162e-17
1.613078000000000012e+00 1.345781965325207425e-14 2.724494999999999923e-17
1.613312999999999997e+00 1.321107115302464191e-14 1.640211999999999943e-17
1.613547999999999982e+00 1.348751515954165327e-14 1.623705999999999917e-17
1.613782999999999967e+00 1.350706158946039659e-14 1.484231999999999946e-17
1.614017999999999953e+00 1.360773869709919274e-14 1.341872000000000035e-17
1.614252999999999938e+00 1.372199015046503066e-14 1.296039999999999923e-17
1.614487999999999923e+00 1.369668212748171494e-14 1.251007000000000018e-17
1.614722999999999908e+00 1.374527206884933181e-14 1.240249000000000032e-17
1.614957999999999894e+00 nan 1.324385000000000060e-17
1.615193000000000101e+00 nan 1.334653999999999955e-17
1.615428000000000086e+00 1.343157757125196571e-14 1.334545000000000012e-17
1.615663000000000071e+00 nan nan
1.615898000000000057e+00 nan nan
1.616133000000000042e+00 1.396984451454030531e-14 3.149308999999999949e-17
1.616368000000000027e+00 1.406204998124735534e-14 1.492522999999999897e-17
1.616603000000000012e+00 1.408191724969230516e-14 1.680397000000000011e-17
1.616837999999999997e+00 1.366566809154815116e-14 1.633665000000000004e-17
1.617072999999999983e+00 1.374244049308811358e-14 1.643876000000000019e-17
1.617307999999999968e+00 1.400252106342817729e-14 1.812211999999999953e-17
1.617542999999999953e+00 1.432737944276742721e-14 2.070114999999999866e-17
1.617777999999999938e+00 1.460334191309642895e-14 2.513743000000000076e-17
1.618012999999999924e+00 1.486749041952431179e-14 2.581888000000000109e-17
1.618247999999999909e+00 1.445642305359061181e-14 2.533804000000000080e-17
1.618482999999999894e+00 1.351821049061044180e-14 2.195697999999999855e-17
1.618718000000000101e+00 1.352008284818551230e-14 2.041326000000000011e-17
1.618953000000000086e+00 1.366055840422081679e-14 2.135303000000000108e-17
1.619188000000000072e+00 1.376299904319589244e-14 2.112413999999999890e-17
1.619423000000000057e+00 1.358408250079482389e-14 1.950999999999999865e-17
1.619658000000000042e+00 1.341798354911992914e-14 1.818991999999999850e-17
1.619893000000000027e+00 1.339372197877205663e-14 1.818948999999999888e-17
1.620128000000000013e+00 1.357237112894491421e-14 1.822017000000000032e-17
1.620362999999999998e+00 1.401745021990206901e-14 1.854562000000000039e-17
1.620597999999999983e+00 1.406772680441946947e-14 1.852958999999999910e-17
1.620832999999999968e+00 1.396064631649298793e-14 1.826462000000000012e-17
1.621067999999999953e+00 1.307747892379415181e-14 1.673364000000000058e-17
1.621302999999999939e+00 1.310106739678523185e-14 1.669499999999999937e-17
1.621537999999999924e+00 1.397371222427543522e-14 1.753105000000000040e-17
1.621772999999999909e+00 1.438723444071414165e-14 1.776183000000000127e-17
1.622007999999999894e+00 1.437330532998803702e-14 1.743715999999999944e-17
1.622243000000000102e+00 1.435976201024497769e-14 1.726230999999999917e-17
1.622478000000000087e+00 1.427662511568614758e-14 1.702705000000000062e-17
1.622713000000000072e+00 1.416155037600757483e-14 1.682998999999999930e-17
1.622948000000000057e+00 1.391031220126185857e-14 1.639766000000000123e-17
1.623183000000000042e+00 1.395144244343263881e-14 1.626365999999999871e-17
1.623418000000000028e+00 1.422020666743929182e-14 1.546766000000000079e-17
1.623653000000000013e+00 1.435365111884953693e-14 1.546085999999999863e-17
1.623887999999999998e+00 1.418858524449475879e-14 1.665008999999999920e-17
1.624122999999999983e+00 1.415873573548144277e-14 1.672318999999999922e-17
1.624357999999999969e+00 1.450244083985039143e-14 1.710944000000000131e-17
1.624592999999999954e+00 1.454220457708618554e-14 1.725133000000000079e-17
1.624827999999999939e+00 1.412229922916279620e-14 1.504181000000000085e-17
1.625062999999999924e+00 1.360086079515127250e-14 1.274549000000000073e-17
1.625297999999999909e+00 1.338611461733673859e-14 1.649808999999999878e-17
1.625532999999999895e+00 1.323060129861791395e-14 1.232828999999999959e-17
1.625768000000000102e+00 1.307091262793750378e-14 1.217174999999999996e-17
1.626003000000000087e+00 1.267399464500341639e-14 1.349538000000000037e-17
1.626238000000000072e+00 1.325801674717712024e-14 1.485813000000000030e-17
1.626473000000000058e+00 1.382627419135888842e-14 1.593936000000000113e-17
1.626708000000000043e+00 1.370782304820986615e-14 1.584435999999999971e-17
1.626943000000000028e+00 1.359385374478988208e-14 1.484358999999999884e-17
1.627178000000000013e+00 1.430499009760401223e-14 1.570202000000000113e-17
1.627412999999999998e+00 1.439900988855127635e-14 1.527290000000000137e-17
1.627647999999999984e+00 1.368837434254931644e-14 1.468018000000000041e-17
1.627882999999999969e+00 1.373868272913485204e-14 1.493496000000000053e-17
1.628117999999999954e+00 1.401269147172737804e-14 1.508665000000000130e-17
1.628352999999999939e+00 nan 1.497292999999999911e-17
1.628587999999999925e+00 nan 1.520904999999999997e-17
1.628822999999999910e+00 1.413252732421728491e-14 1.514409000000000121e-17
1.629057999999999895e+00 1.389742679047972415e-14 1.580793999999999941e-17
1.629293000000000102e+00 1.350141332440792638e-14 1.604260999999999941e-17
1.629528000000000088e+00 1.338471776240382159e-14 1.657133999999999952e-17
1.629763000000000073e+00 1.389611559152476546e-14 1.727570000000000122e-17
1.629998000000000058e+00 1.417527007465991701e-14 1.687226000000000023e-17
1.630233000000000043e+00 1.403638882847987086e-14 1.715083999999999864e-17
1.630468000000000028e+00 1.380735595394449970e-14 1.713118000000000070e-17
1.630703000000000014e+00 1.363804768736900731e-14 1.689153000000000059e-17
1.630937999999999999e+00 1.358170762412338305e-14 1.736063000000000066e-17
1.631172999999999984e+00 1.356757665391749438e-14 1.742721000000000050e-17
1.631407999999999969e+00 1.382208928979299567e-14 1.840128000000000136e-17
1.631642999999999954e+00 1.422904859737475354e-14 1.999961999999999897e-17
1.631877999999999940e+00 1.438096608843931342e-14 2.020838999999999975e-17
1.632112999999999925e+00 1.405438589986786889e-14 1.927602000000000076e-17
1.632347999999999910e+00 1.383411321875809992e-14 1.798524000000000091e-17
1.632582999999999895e+00 1.410394559596865172e-14 1.830975999999999894e-17
1.632818000000000103e+00 1.417060738466801559e-14 1.821195000000000115e-17
1.633053000000000088e+00 1.394525533891874364e-14 2.786930999999999827e-17
1.633288000000000073e+00 1.438345752638553880e-14 1.942025999999999931e-17
1.633523000000000058e+00 1.474563851149711107e-14 1.864670999999999929e-17
1.633758000000000044e+00 1.444396061800005420e-14 1.685555000000000119e-17
1.633993000000000029e+00 1.427183046759929327e-14 2.190620000000000135e-17
1.634228000000000014e+00 1.421413161917078827e-14 2.177020999999999966e-17
1.634462999999999999e+00 1.425434183186120852e-14 1.586576999999999997e-17
1.634697999999999984e+00 1.445966351830244047e-14 1.605441999999999935e-17
1.634932999999999970e+00 1.452497649128871103e-14 1.587417000000000064e-17
1.635167999999999955e+00 1.420490458396175660e-14 1.521926000000000140e-17
1.635402999999999940e+00 1.386751156050316715e-14 1.492989000000000122e-17
1.635637999999999925e+00 1.387444738972929857e-14 1.518014999999999853e-17
1.635872999999999911e+00 1.408305629071586799e-14 1.551762999999999899e-17
1.636107999999999896e+00 1.406485063710715678e-14 1.545638999999999915e-17
1.636343000000000103e+00 1.403386415507844479e-14 1.533414999999999941e-17
1.636578000000000088e+00 1.409178859628489390e-14 1.520980999999999873e-17
1.636813000000000073e+00 1.419994200733453819e-14 1.541965000000000099e-17
1.637048000000000059e+00 1.399332580989033226e-14 1.522710000000000120e-17
1.637283000000000044e+00 1.402542699568839015e-14 1.622889000000000024e-17
1.637518000000000029e+00 1.457499832641602414e-14 1.539009000000000128e-17
1.637753000000000014e+00 1.454316862080349059e-14 1.701438999999999964e-17
1.637988000000000000e+00 1.415983312102879907e-14 1.700471999999999960e-17
1.638222999999999985e+00 1.417190150544505986e-14 1.839818999999999994e-17
1.638457999999999970e+00 1.437504577540241760e-14 1.866474000000000103e-17
1.638692999999999955e+00 1.441537704078870244e-14 1.910938000000000147e-17
1.638927999999999940e+00 1.419034812199680049e-14 1.892531000000000026e-17
1.639162999999999926e+00 1.418709071697728599e-14 2.186386999999999889e-17
1.639397999999999911e+00 1.410002258358820978e-14 2.817789000000000037e-17
1.639632999999999896e+00 1.375544513348807707e-14 3.397999999999999946e-17
1.639868000000000103e+00 1.364041499437136562e-14 4.600617000000000023e-17
1.640103000000000089e+00 1.434217778769758587e-14 5.425969999999999794e-17
1.640338000000000074e+00 1.465456007429801124e-14 6.168076999999999539e-17
1.640573000000000059e+00 1.418799607050735759e-14 5.918569000000000573e-17
1.640808000000000044e+00 1.405858115336268877e-14 5.967425000000000277e-17
1.641043000000000029e+00 1.387320996535812439e-14 6.107580000000000284e-17
1.641278000000000015e+00 1.384253532147687103e-14 6.149787000000000232e-17
1.641513000000000000e+00 nan nan
1.641747999999999985e+00 nan nan
1.641982999999999970e+00 nan nan
1.642217999999999956e+00 nan nan
1.642452999999999941e+00 nan nan
1.642687999999999926e+00 1.446409380493835804e-14 4.776112000000000028e-17
1.642922999999999911e+00 nan 3.993620999999999991e-17
1.643157999999999896e+00 1.421992193750896322e-14 2.539832999999999911e-17
1.643393000000000104e+00 1.420793178449354438e-14 2.119319999999999906e-17
1.643628000000000089e+00 1.433385474980605611e-14 1.854153000000000029e-17
1.643863000000000074e+00 1.469998400016692569e-14 1.787517999999999920e-17
1.644098000000000059e+00 1.434797337957349653e-14 1.744542999999999885e-17
1.644333000000000045e+00 1.408860924820743756e-14 1.717607999999999959e-17
1.644568000000000030e+00 1.422626763258394029e-14 1.722004000000000132e-17
1.644803000000000015e+00 1.422096206222698774e-14 1.695701000000000126e-17
1.645038000000000000e+00 1.450026137496277446e-14 1.770395999999999866e-17
1.645272999999999985e+00 1.476840456690942746e-14 1.915840999999999942e-17
1.645507999999999971e+00 1.467556209110508625e-14 1.893450000000000044e-17
1.645742999999999956e+00 nan 1.877019000000000073e-17
1.645977999999999941e+00 1.463010049500315696e-14 1.853848000000000091e-17
1.646212999999999926e+00 1.442481618737564818e-14 1.832640999999999954e-17
1.646447999999999912e+00 1.422470747834855403e-14 1.807306999999999900e-17
1.646682999999999897e+00 1.425263890311399115e-14 1.839076000000000028e-17
1.646918000000000104e+00 1.428805327134240472e-14 1.996762000000000099e-17
1.647153000000000089e+00 1.420502908320192071e-14 2.166881999999999930e-17
1.647388000000000075e+00 1.420340807536424522e-14 2.212946000000000027e-17
1.647623000000000060e+00 1.412557520386202194e-14 2.214118999999999920e-17
1.647858000000000045e+00 1.417610945035915498e-14 2.315202000000000078e-17
1.648093000000000030e+00 1.442934151986129934e-14 2.500655000000000042e-17
1.648328000000000015e+00 1.461314608329212357e-14 2.629455999999999978e-17
1.648563000000000001e+00 1.466759992761666223e-14 2.675534000000000018e-17
1.648797999999999986e+00 1.451443607002194370e-14 2.721723999999999924e-17
1.649032999999999971e+00 1.403132827675979197e-14 2.801508999999999997e-17
1.649267999999999956e+00 1.357871736819774902e-14 2.736703000000000005e-17
1.649502999999999941e+00 1.361224856565503512e-14 2.782912999999999700e-17
1.649737999999999927e+00 1.380091931642026947e-14 2.862333000000000160e-17
1.649972999999999912e+00 1.409579910764372944e-14 2.882711000000000099e-17
1.650207999999999897e+00 1.452760836771527157e-14 2.955832000000000035e-17
1.650443000000000104e+00 1.462315545819716094e-14 2.980759000000000026e-17
1.650678000000000090e+00 1.427022802933401554e-14 2.841038999999999971e-17
1.650913000000000075e+00 1.423762088028337486e-14 2.821212999999999873e-17
1.651148000000000060e+00 nan nan
1.651383000000000045e+00 1.438590693391723955e-14 2.674007999999999893e-17
1.651618000000000031e+00 1.393704376199862079e-14 3.250988000000000038e-17
1.651853000000000016e+00 1.396036327569737327e-14 3.202384999999999774e-17
1.652088000000000001e+00 1.427855283792553755e-14 2.351747999999999883e-17
1.652322999999999986e+00 1.438425874226874601e-14 2.204078999999999934e-17
1.652557999999999971e+00 1.460986960891588124e-14 2.058275000000000089e-17
1.652792999999999957e+00 1.461360419322621065e-14 2.015613999999999912e-17
1.653027999999999942e+00 1.454386643765977634e-14 2.242239000000000045e-17
1.653262999999999927e+00 1.475749937672512974e-14 4.608195999999999973e-17
1.653497999999999912e+00 1.457922506885960231e-14 1.898745999999999958e-17
1.653732999999999898e+00 1.482527839097702757e-14 1.896965999999999956e-17
1.653968000000000105e+00 nan nan
1.654203000000000090e+00 1.438225486368860203e-14 1.819680999999999986e-17
1.654438000000000075e+00 1.420023705111663924e-14 1.613427000000000128e-17
1.654673000000000060e+00 1.383680590085159749e-14 1.538335000000000065e-17
1.654908000000000046e+00 1.366308957880409731e-14 1.516745999999999987e-17
1.655143000000000031e+00 1.341408259319722640e-14 1.437001999999999928e-17
1.655378000000000016e+00 1.343254411715574504e-14 1.609818000000000011e-17
1.655613000000000001e+00 1.438569643565999110e-14 1.648052999999999869e-17
1.655847999999999987e+00 1.490722692980352198e-14 1.476216999999999916e-17
1.656082999999999972e+00 1.495575325529281443e-14 1.555904999999999888e-17
1.656317999999999957e+00 1.503131395086315126e-14 1.477337000000000107e-17
1.656552999999999942e+00 1.496477457096749724e-14 1.453480000000000065e-17
1.656787999999999927e+00 1.501393302228473607e-14 1.460776999999999942e-17
1.657022999999999913e+00 1.538026360700695258e-14 1.420777999999999975e-17
1.657257999999999898e+00 1.529973674956841439e-14 1.417044999999999997e-17
1.657493000000000105e+00 1.473865704420222506e-14 1.361584000000000011e-17
1.657728000000000090e+00 1.438010537171766192e-14 1.325637000000000059e-17
1.657963000000000076e+00 1.431496358404623200e-14 1.314276999999999990e-17
1.658198000000000061e+00 1.471868349616104917e-14 1.335507999999999966e-17
1.658433000000000046e+00 1.480920088766691464e-14 1.339590999999999947e-17
1.658668000000000031e+00 1.455722695851779410e-14 1.284061000000000058e-17
1.658903000000000016e+00 1.462443008971933676e-14 1.295100999999999962e-17
1.659138000000000002e+00 nan nan
1.659372999999999987e+00 1.463947782820493024e-14 1.261743999999999932e-17
1.659607999999999972e+00 1.462422352265202905e-14 1.231968999999999950e-17
1.659842999999999957e+00 1.438569604818691933e-14 1.185815000000000034e-17
1.660077999999999943e+00 1.432958790947378302e-14 1.162681999999999989e-17
1.660312999999999928e+00 1.427037501276105959e-14 1.140168000000000049e-17
1.660547999999999913e+00 1.438058013696378229e-14 1.135846999999999931e-17
1.660782999999999898e+00 1.418301791619295278e-14 1.121902999999999938e-17
1.661018000000000105e+00 1.363597401318975734e-14 1.092328999999999975e-17
1.661253000000000091e+00 1.392417505571198867e-14 1.106780000000000053e-17
1.661488000000000076e+00 1.453612331527258479e-14 1.135683000000000030e-17
1.661723000000000061e+00 1.475032982620812790e-14 1.143391999999999994e-17
1.661958000000000046e+00 1.468719573434068828e-14 1.135933999999999983e-17
1.662193000000000032e+00 1.439227250819826556e-14 1.117733000000000060e-17
1.662428000000000017e+00 1.414343710830972179e-14 1.104592000000000015e-17
1.662663000000000002e+00 1.464283961111397847e-14 1.144214000000000065e-17
1.662897999999999987e+00 1.526100146003560190e-14 1.159704999999999947e-17
1.663132999999999972e+00 1.524257221404013130e-14 1.158017999999999996e-17
1.663367999999999958e+00 1.488238728811379228e-14 1.136653999999999930e-17
1.663602999999999943e+00 1.462157303628831725e-14 1.142143000000000071e-17
1.663837999999999928e+00 1.481297275186600164e-14 1.159283999999999940e-17
1.664072999999999913e+00 1.477629312061899980e-14 1.205617999999999958e-17
1.664307999999999899e+00 1.499086207282615929e-14 1.361151000000000007e-17
1.664543000000000106e+00 1.557152073080115384e-14 1.455587999999999869e-17
1.664778000000000091e+00 1.546355037482823986e-14 1.435372000000000038e-17
1.665013000000000076e+00 1.516013261731167564e-14 1.414188999999999894e-17
1.665248000000000062e+00 1.500720428697850555e-14 1.402640999999999931e-17
1.665483000000000047e+00 1.490642442220543080e-14 1.401509000000000051e-17
1.665718000000000032e+00 1.515791863500358324e-14 1.435279999999999962e-17
1.665953000000000017e+00 1.510417788932865769e-14 1.569656000000000116e-17
1.666188000000000002e+00 1.461270517434648557e-14 1.568364000000000077e-17
1.666422999999999988e+00 1.454932941730946308e-14 1.616073999999999957e-17
1.666657999999999973e+00 1.461459910790489650e-14 1.587932000000000095e-17
1.666892999999999958e+00 1.450885285244543977e-14 1.609965999999999866e-17
1.667127999999999943e+00 1.429866440576502104e-14 1.547740000000000055e-17
1.667362999999999928e+00 1.411749795851865797e-14 1.536983999999999864e-17
1.667597999999999914e+00 1.394661965789072110e-14 1.561605000000000097e-17
1.667832999999999899e+00 1.355645589216450510e-14 1.477387999999999861e-17
1.668068000000000106e+00 1.358684264675199699e-14 1.465726000000000085e-17
1.668303000000000091e+00 1.419437131346779557e-14 1.518409000000000099e-17
1.668538000000000077e+00 1.455353889871779379e-14 1.559928000000000040e-17
1.668773000000000062e+00 1.481191169660641052e-14 1.586185000000000007e-17
1.669008000000000047e+00 1.498688482381204746e-14 1.597157000000000137e-17
1.669243000000000032e+00 1.500817526888811250e-14 1.619115000000000032e-17
1.669478000000000018e+00 1.496328128266245231e-14 1.637628999999999993e-17
1.669713000000000003e+00 1.460418000820837283e-14 1.551688999999999971e-17
1.669947999999999988e+00 1.425030284440928905e-14 1.522228000000000002e-17
1.670182999999999973e+00 1.413193880281793427e-14 1.522962000000000047e-17
1.670417999999999958e+00 1.462164322777263003e-14 1.567522999999999883e-17
1.670652999999999944e+00 1.510485154906191720e-14 1.616094999999999874e-17
1.670887999999999929e+00 1.520225588096700009e-14 1.610749000000000025e-17
1.671122999999999914e+00 1.498787267968693171e-14 1.509608000000000141e-17
1.671357999999999899e+00 1.484920876509195039e-14 1.491156000000000110e-17
1.671593000000000107e+00 1.495779385024270857e-14 1.497819000000000119e-17
1.671828000000000092e+00 1.486588761174963461e-14 1.536702999999999919e-17
1.672063000000000077e+00 1.462641063221442806e-14 1.541015000000000116e-17
1.672298000000000062e+00 1.427205473938510619e-14 1.517492999999999849e-17
1.672533000000000047e+00 1.415559373245234398e-14 1.519390000000000048e-17
1.672768000000000033e+00 1.440982949979551876e-14 1.498817000000000088e-17
1.673003000000000018e+00 1.446813469637818045e-14 1.483170000000000097e-17
1.673238000000000003e+00 1.442998351169375023e-14 1.489333999999999967e-17
1.673472999999999988e+00 1.463815310226977929e-14 1.507628999999999915e-17
1.673707999999999974e+00 1.478752535672987804e-14 1.567380999999999872e-17
1.673942999999999959e+00 1.475111532923407268e-14 1.585353000000000041e-17
1.674177999999999944e+00 1.458042795244944439e-14 1.579816000000000068e-17
1.674412999999999929e+00 1.432692489583575672e-14 1.617939000000000062e-17
1.674647999999999914e+00 1.429485043310946947e-14 1.629078000000000015e-17
1.674882999999999900e+00 1.498434659910709429e-14 1.703610000000000136e-17
1.675118000000000107e+00 1.548743746881829695e-14 1.836633000000000140e-17
1.675353000000000092e+00 1.487877778578987731e-14 1.815251000000000079e-17
1.675588000000000077e+00 1.448783696335216474e-14 1.687698999999999913e-17
1.675823000000000063e+00 1.480042728736593769e-14 1.488611000000000098e-17
1.676058000000000048e+00 1.492418597780379070e-14 1.624107999999999956e-17
1.676293000000000033e+00 1.451786139414779213e-14 1.763999000000000038e-17
1.676528000000000018e+00 1.423272185771837635e-14 1.698546000000000052e-17
1.676763000000000003e+00 1.430902350599076128e-14 1.503414000000000126e-17
1.676997999999999989e+00 1.418719046487323558e-14 1.391695000000000051e-17
1.677232999999999974e+00 1.434941153129997051e-14 1.402501999999999996e-17
1.677467999999999959e+00 1.462700271735693094e-14 1.449555999999999962e-17
1.677702999999999944e+00 1.455670030700471960e-14 1.466358000000000005e-17
1.677937999999999930e+00 1.468215444957372061e-14 1.445162999999999865e-17
1.678172999999999915e+00 1.498257059092897750e-14 1.375772999999999959e-17
1.678407999999999900e+00 1.471828999645539353e-14 1.417601999999999862e-17
1.678643000000000107e+00 1.446828796848742966e-14 1.479934000000000002e-17
1.678878000000000092e+00 1.475649018593456515e-14 1.910416999999999963e-17
1.679113000000000078e+00 1.493992372560950324e-14 2.364277000000000104e-17
1.679348000000000063e+00 1.472433092026510047e-14 5.912965000000000029e-17
1.679583000000000048e+00 1.493158296919078629e-14 2.958268000000000258e-17
1.679818000000000033e+00 1.479355638715465561e-14 2.945616000000000304e-17
1.680053000000000019e+00 1.447521884471325258e-14 3.748465000000000184e-17
1.680288000000000004e+00 1.463546202528045919e-14 4.332876000000000116e-17
1.680522999999999989e+00 1.517188243903755053e-14 4.463920999999999715e-17
1.680757999999999974e+00 1.532140091889864434e-14 4.507536999999999899e-17
1.680992999999999959e+00 1.495157590444403748e-14 4.392644999999999787e-17
1.681227999999999945e+00 1.463233487249206601e-14 4.317976999999999808e-17
1.681462999999999930e+00 1.445680715247346197e-14 4.306915999999999986e-17
1.681697999999999915e+00 1.420811164615284463e-14 4.197975000000000190e-17
1.681932999999999900e+00 1.437886482373334757e-14 3.941811000000000264e-17
1.682168000000000108e+00 1.489921999617084387e-14 3.581500000000000240e-17
1.682403000000000093e+00 1.499728646539798765e-14 3.270384999999999720e-17
1.682638000000000078e+00 1.488955137580512059e-14 3.141223000000000068e-17
1.682873000000000063e+00 1.466722770250157528e-14 2.491998000000000042e-17
1.683108000000000049e+00 1.477865526188928744e-14 2.071598000000000030e-17
1.683343000000000034e+00 1.508220532357257221e-14 1.959298000000000096e-17
1.683578000000000019e+00 1.512290614662982701e-14 1.854553999999999939e-17
1.683813000000000004e+00 1.501738376850324174e-14 1.823196000000000078e-17
1.684047999999999989e+00 1.503055175903623772e-14 1.818633000000000082e-17
1.684282999999999975e+00 1.488040266183100502e-14 1.802000000000000118e-17
1.684517999999999960e+00 1.419389545275565502e-14 1.572306000000000021e-17
1.684752999999999945e+00 1.376985706650359789e-14 1.418080999999999904e-17
1.684987999999999930e+00 1.423678901619956963e-14 1.404490999999999963e-17
1.685222999999999915e+00 1.442472386639570076e-14 1.410698000000000103e-17
1.685457999999999901e+00 1.450185347281021337e-14 1.405666000000000113e-17
1.685693000000000108e+00 1.459551039757009337e-14 1.379432000000000011e-17
1.685928000000000093e+00 1.479146974044742275e-14 1.435825999999999959e-17
1.686163000000000078e+00 nan nan
1.686398000000000064e+00 1.474283258108736599e-14 1.446673999999999918e-17
1.686633000000000049e+00 1.436742098231759138e-14 1.356844999999999963e-17
1.686868000000000034e+00 1.376163412584030685e-14 1.344725000000000061e-17
1.687103000000000019e+00 1.393806720188455657e-14 1.379408999999999991e-17
1.687338000000000005e+00 1.443725024230885626e-14 1.499657999999999975e-17
1.687572999999999990e+00 1.451247695873193297e-14 1.717332000000000038e-17
1.687807999999999975e+00 1.444070867103095262e-14 1.816314000000000056e-17
1.688042999999999960e+00 1.428221291419545977e-14 1.916627999999999998e-17
1.688277999999999945e+00 1.407763278587876683e-14 2.156713000000000058e-17
1.688512999999999931e+00 1.402669016947765173e-14 2.312688000000000031e-17
1.688747999999999916e+00 1.393968831418291387e-14 2.289255999999999893e-17
1.688982999999999901e+00 1.387817922716096648e-14 2.262815000000000081e-17
1.689218000000000108e+00 1.379949518996053129e-14 2.020648999999999978e-17
1.689453000000000094e+00 1.347910592423864882e-14 2.018824000000000067e-17
1.689688000000000079e+00 1.363090166682615026e-14 2.262257000000000087e-17
1.689923000000000064e+00 1.427575350630139671e-14 2.067149999999999975e-17
1.690158000000000049e+00 1.467654704561997482e-14 1.850719000000000144e-17
1.690393000000000034e+00 1.478873642619928830e-14 1.852145999999999913e-17
1.690628000000000020e+00 1.478693606295218448e-14 1.786504000000000058e-17
1.690863000000000005e+00 1.473377304731236493e-14 1.656170000000000024e-17
1.691097999999999990e+00 1.462685221882812052e-14 1.509942000000000096e-17
1.691332999999999975e+00 1.499014415274474873e-14 1.429029000000000040e-17
1.691567999999999961e+00 1.534665653323112991e-14 1.367104999999999937e-17
1.691802999999999946e+00 1.494583560288916590e-14 1.288912999999999945e-17
1.692037999999999931e+00 1.432038970152024070e-14 1.220326999999999962e-17
1.692272999999999916e+00 1.399083180800397588e-14 1.205121000000000076e-17
1.692507999999999901e+00 1.377675487770676832e-14 1.210713000000000007e-17
1.692743000000000109e+00 1.390029413723722309e-14 1.235230000000000013e-17
1.692978000000000094e+00 1.456738944689251867e-14 1.260929999999999961e-17
1.693213000000000079e+00 1.490651360490825415e-14 1.227464999999999962e-17
1.693448000000000064e+00 1.475874914692379076e-14 1.180582000000000025e-17
1.693683000000000050e+00 1.463841542372239102e-14 1.421079000000000017e-17
1.693918000000000035e+00 1.440746703067741255e-14 1.230946999999999988e-17
1.694153000000000020e+00 1.436056026060110406e-14 2.859466999999999701e-17
1.694388000000000005e+00 1.382812900300492454e-14 1.374968000000000063e-17
1.694622999999999990e+00 1.389206011426745148e-14 1.177841999999999992e-17
1.694857999999999976e+00 1.412863768333019483e-14 1.165523999999999993e-17
1.695092999999999961e+00 1.444615733731386090e-14 1.173266000000000025e-17
1.695327999999999946e+00 1.441110241252715750e-14 1.202259999999999949e-17
1.695562999999999931e+00 1.406759227385386465e-14 1.248734000000000030e-17
1.695797999999999917e+00 1.410935300972540447e-14 1.315180999999999935e-17
1.696032999999999902e+00 1.464638740336924683e-14 1.307256000000000033e-17
1.696268000000000109e+00 1.466345118884528380e-14 1.234006000000000057e-17
1.696503000000000094e+00 1.443519955704638095e-14 1.192406000000000063e-17
1.696738000000000079e+00 1.418653743475741742e-14 1.160029000000000008e-17
1.696973000000000065e+00 1.393793238206665940e-14 1.117843999999999951e-17
1.697208000000000050e+00 1.380774085889762650e-14 1.085919999999999996e-17
1.697443000000000035e+00 1.369363668708541888e-14 1.077299999999999961e-17
1.697678000000000020e+00 1.377617609284072565e-14 1.652931999999999980e-17
1.697913000000000006e+00 1.372021809258063920e-14 1.359566000000000027e-17
1.698147999999999991e+00 1.446037152252491819e-14 1.197111000000000070e-17
1.698382999999999976e+00 1.472849126157004245e-14 1.226881000000000028e-17
1.698617999999999961e+00 1.437587814674764319e-14 1.261614000000000072e-17
1.698852999999999946e+00 1.429744992164994799e-14 1.223292999999999982e-17
1.699087999999999932e+00 1.460841928356160381e-14 1.237669000000000005e-17
1.699322999999999917e+00 1.438319450630948633e-14 1.244155999999999961e-17
1.699557999999999902e+00 1.406500483089732799e-14 1.203990999999999990e-17
1.699793000000000109e+00 1.431197823267972245e-14 1.253551000000000056e-17
1.700028000000000095e+00 1.444225882606121901e-14 1.301560000000000029e-17
1.700263000000000080e+00 1.428317297959947321e-14 1.296043999999999973e-17
1.700498000000000065e+00 1.441956937387669624e-14 1.377972000000000020e-17
1.700733000000000050e+00 1.434684976759070288e-14 1.537777999999999892e-17
1.700968000000000035e+00 1.327787788108962192e-14 1.550583999999999853e-17
1.701203000000000021e+00 1.301130432550369936e-14 1.647865000000000129e-17
1.701438000000000006e+00 1.368998010152183104e-14 1.939821000000000026e-17
1.701672999999999991e+00 1.396719474230828866e-14 2.016390999999999920e-17
1.701907999999999976e+00 1.441511676860554046e-14 1.874366999999999912e-17
1.702142999999999962e+00 1.476362151652379883e-14 1.752110000000000147e-17
1.702377999999999947e+00 1.471119211503840366e-14 1.712572999999999893e-17
1.702612999999999932e+00 1.439581744544438286e-14 1.684405999999999910e-17
1.702847999999999917e+00 1.434774016545206688e-14 1.711913999999999903e-17
1.703082999999999902e+00 1.463870059975674537e-14 1.762256999999999975e-17
1.703318000000000110e+00 1.470906108532347619e-14 1.762537000000000099e-17
1.703553000000000095e+00 1.424297105940093843e-14 1.704733000000000095e-17
1.703788000000000080e+00 1.396842806392985892e-14 1.725710000000000041e-17
1.704023000000000065e+00 1.359002489148939996e-14 1.683178000000000058e-17
1.704258000000000051e+00 1.382011456095901152e-14 1.681186000000000015e-17
1.704493000000000036e+00 1.391683340150147796e-14 1.570567000000000034e-17
1.704728000000000021e+00 1.419258710114488199e-14 1.539367999999999897e-17
1.704963000000000006e+00 1.441369567306103974e-14 1.552566999999999976e-17
1.705197999999999992e+00 1.410598878764891258e-14 1.543581000000000045e-17
1.705432999999999977e+00 1.356783941151839484e-14 1.534361000000000028e-17
1.705667999999999962e+00 1.364457680008050357e-14 1.529536000000000056e-17
1.705902999999999947e+00 1.431719698139043574e-14 1.471694999999999933e-17
1.706137999999999932e+00 1.448869757855750885e-14 1.292522000000000062e-17
1.706372999999999918e+00 1.440935136825603708e-14 1.283683000000000013e-17
1.706607999999999903e+00 1.394448766555996891e-14 1.273181999999999979e-17
1.706843000000000110e+00 1.372152042639208123e-14 1.260798999999999973e-17
1.707078000000000095e+00 1.386002653392686158e-14 1.300996000000000037e-17
1.707313000000000081e+00 1.360093720337764857e-14 1.274207999999999992e-17
1.707548000000000066e+00 1.316867112137827890e-14 1.246773999999999926e-17
1.707783000000000051e+00 1.357700730379957202e-14 1.271230999999999950e-17
1.708018000000000036e+00 1.416513225138601784e-14 1.311768999999999942e-17
1.708253000000000021e+00 1.344209790354348591e-14 1.288182999999999950e-17
1.708488000000000007e+00 1.276682974125483322e-14 1.250093999999999998e-17
1.708722999999999992e+00 1.293038019353638382e-14 1.256181999999999992e-17
1.708957999999999977e+00 1.355622107432601048e-14 1.300617999999999992e-17
1.709192999999999962e+00 1.410093925736639976e-14 1.342551999999999942e-17
1.709427999999999948e+00 1.411279623627790415e-14 1.362409000000000005e-17
1.709662999999999933e+00 1.420182976887495095e-14 1.391433000000000075e-17
1.709897999999999918e+00 1.412854885295320000e-14 1.441256999999999911e-17
1.710132999999999903e+00 1.431575213361555342e-14 1.569839000000000141e-17
1.710368000000000110e+00 1.438880617453997764e-14 1.697940000000000072e-17
1.710603000000000096e+00 1.405344080130408459e-14 1.709936999999999932e-17
1.710838000000000081e+00 1.352753542099937529e-14 1.657065999999999869e-17
1.711073000000000066e+00 1.324784033063355891e-14 1.637312000000000059e-17
1.711308000000000051e+00 1.335154791653840278e-14 1.654903000000000107e-17
1.711543000000000037e+00 1.336417084893936648e-14 1.654128000000000047e-17
1.711778000000000022e+00 1.352775009415864726e-14 1.689986000000000153e-17
1.712013000000000007e+00 1.375935853801298862e-14 1.762195999999999864e-17
1.712247999999999992e+00 1.322217454364781196e-14 1.731736999999999924e-17
1.712482999999999977e+00 1.322966796878718536e-14 1.736835999999999869e-17
1.712717999999999963e+00 1.395376992989552755e-14 1.793465000000000032e-17
1.712952999999999948e+00 1.419446581020639722e-14 1.760921999999999974e-17
1.713187999999999933e+00 1.411023985089959836e-14 1.768168000000000097e-17
1.713422999999999918e+00 1.404659279813252053e-14 1.615096000000000084e-17
1.713657999999999904e+00 nan 1.534635000000000000e-17
1.713893000000000111e+00 1.312155172925387808e-14 1.430821999999999858e-17
1.714128000000000096e+00 1.293729978286152968e-14 1.379926999999999945e-17
1.714363000000000081e+00 1.265688222720655151e-14 1.327508000000000009e-17
1.714598000000000066e+00 1.232616609118871595e-14 1.336537000000000055e-17
1.714833000000000052e+00 1.287496432492476602e-14 1.378067999999999992e-17
1.715068000000000037e+00 1.310363152951121233e-14 1.388790999999999962e-17
1.715303000000000022e+00 1.343616782985485232e-14 1.363823999999999932e-17
1.715538000000000007e+00 1.364620633483731282e-14 1.381793000000000024e-17
1.715772999999999993e+00 1.332892977355379024e-14 1.364786000000000066e-17
1.716007999999999978e+00 1.283994887810616597e-14 1.345712999999999982e-17
1.716242999999999963e+00 1.282067431510712272e-14 1.316192000000000030e-17
1.716477999999999948e+00 1.372421582493670767e-14 1.367006000000000043e-17
1.716712999999999933e+00 1.381493281994285188e-14 1.365089000000000055e-17
1.716947999999999919e+00 1.332933009790494713e-14 1.336166999999999956e-17
1.717182999999999904e+00 1.346277467110192430e-14 1.323249999999999950e-17
1.717417999999999889e+00 1.295515702005318048e-14 1.294692999999999925e-17
1.717653000000000096e+00 1.232221881289350975e-14 1.262275000000000011e-17
1.717888000000000082e+00 1.266680150295355477e-14 1.286143000000000075e-17
1.718123000000000067e+00 1.276026540906831603e-14 1.276487999999999952e-17
1.718358000000000052e+00 1.217505894172192683e-14 1.240815999999999946e-17
1.718593000000000037e+00 1.206198150020970067e-14 1.226918999999999965e-17
1.718828000000000022e+00 1.217027645419180418e-14 1.219820000000000031e-17
1.719063000000000008e+00 1.219350286621504391e-14 1.269423000000000059e-17
1.719297999999999993e+00 1.198237779146914859e-14 1.228848999999999924e-17
1.719532999999999978e+00 1.187393734007913883e-14 1.177361999999999976e-17
1.719767999999999963e+00 1.256306628410046814e-14 1.215634999999999926e-17
1.720002999999999949e+00 1.279299317218132096e-14 1.223695999999999994e-17
1.720237999999999934e+00 1.292097153640152610e-14 1.217867000000000054e-17
1.720472999999999919e+00 1.386698012329626431e-14 1.280566000000000062e-17
1.720707999999999904e+00 1.391784947025809284e-14 1.279873000000000031e-17
1.720942999999999889e+00 1.303540729883319173e-14 1.254573999999999993e-17
1.721178000000000097e+00 1.239599920451662984e-14 1.252792000000000043e-17
1.721413000000000082e+00 1.232720797853915006e-14 1.214565999999999951e-17
1.721648000000000067e+00 1.259033837057741195e-14 1.189772000000000051e-17
1.721883000000000052e+00 1.343559611970689553e-14 1.236446000000000023e-17
1.722118000000000038e+00 1.405922178637667211e-14 1.386915999999999962e-17
1.722353000000000023e+00 1.349505628804080981e-14 1.609200999999999855e-17
1.722588000000000008e+00 1.284610496998495575e-14 1.689274000000000153e-17
1.722822999999999993e+00 1.273142990959759051e-14 1.798695999999999939e-17
1.723057999999999979e+00 1.263576400545287096e-14 1.790603999999999905e-17
1.723292999999999964e+00 1.257633757070524796e-14 1.779688999999999991e-17
1.723527999999999949e+00 1.200039487797597939e-14 1.677198000000000033e-17
1.723762999999999934e+00 1.171482502110927766e-14 1.505525000000000007e-17
1.723997999999999919e+00 1.241987345557118319e-14 1.484926000000000106e-17
1.724232999999999905e+00 1.320906936603748383e-14 1.538390000000000024e-17
1.724467999999999890e+00 1.327824216301461675e-14 1.493556000000000036e-17
1.724703000000000097e+00 1.319283660210769813e-14 1.342583000000000061e-17
1.724938000000000082e+00 1.296783128120270178e-14 1.272575999999999999e-17
1.725173000000000068e+00 nan 1.289783999999999977e-17
1.725408000000000053e+00 nan 1.267097000000000061e-17
1.725643000000000038e+00 nan 1.266167000000000020e-17
1.725878000000000023e+00 nan 1.245174000000000027e-17
1.726113000000000008e+00 nan 1.208796000000000020e-17
1.726347999999999994e+00 1.225277098797187759e-14 1.183260999999999947e-17
1.726582999999999979e+00 1.189151248089500468e-14 1.159849000000000060e-17
1.726817999999999964e+00 1.173840455984709426e-14 1.194248999999999969e-17
1.727052999999999949e+00 1.173000406489164616e-14 1.197771000000000034e-17
1.727287999999999935e+00 1.182233534365896051e-14 1.200899000000000007e-17
1.727522999999999920e+00 1.246544345635506764e-14 1.250266999999999974e-17
1.727757999999999905e+00 1.310110269195122944e-14 1.272585000000000074e-17
1.727992999999999890e+00 1.319711743201042763e-14 1.232162999999999997e-17
1.728228000000000097e+00 1.313257958453344890e-14 1.218985999999999963e-17
1.728463000000000083e+00 1.300413051353306114e-14 1.188225999999999982e-17
1.728698000000000068e+00 1.313809584948724376e-14 1.202033999999999963e-17
1.728933000000000053e+00 1.278535522093290693e-14 1.173783000000000004e-17
1.729168000000000038e+00 1.225174179542926127e-14 1.139228999999999934e-17
1.729403000000000024e+00 1.195182643949344386e-14 1.122581000000000051e-17
1.729638000000000009e+00 1.179790208566682323e-14 1.111823000000000066e-17
1.729872999999999994e+00 1.205438206336541125e-14 1.124126999999999966e-17
1.730107999999999979e+00 1.249721799381074992e-14 1.129715000000000001e-17
1.730342999999999964e+00 1.294186822653337218e-14 1.138401999999999992e-17
1.730577999999999950e+00 1.338570616125388675e-14 1.166651999999999976e-17
1.730812999999999935e+00 1.368811270075586935e-14 1.194194999999999985e-17
1.731047999999999920e+00 1.329298082623216125e-14 1.176951000000000017e-17
1.731282999999999905e+00 1.232034445807861185e-14 1.130860000000000005e-17
1.731517999999999891e+00 1.206459189711747970e-14 1.127325999999999944e-17
1.731753000000000098e+00 1.156654943496427749e-14 1.121378999999999986e-17
1.731988000000000083e+00 1.085560427895699803e-14 1.072319000000000033e-17
1.732223000000000068e+00 1.133816091297307817e-14 1.122319000000000075e-17
1.732458000000000053e+00 1.224323029211011526e-14 1.195476000000000001e-17
1.732693000000000039e+00 1.263374801555019597e-14 1.329323000000000025e-17
1.732928000000000024e+00 1.259351804729972353e-14 1.348489000000000005e-17
1.733163000000000009e+00 1.276447947900666042e-14 1.371376999999999941e-17
1.733397999999999994e+00 1.287363005569192893e-14 1.402459000000000034e-17
1.733632999999999980e+00 1.257729341195405410e-14 1.368457999999999933e-17
1.733867999999999965e+00 1.259946306673884277e-14 1.453639000000000096e-17
1.734102999999999950e+00 1.230367127084336052e-14 1.623525000000000149e-17
1.734337999999999935e+00 1.159477175498386557e-14 1.659173999999999982e-17
1.734572999999999920e+00 1.141357033787810117e-14 2.157302000000000017e-17
1.734807999999999906e+00 1.175572342411316989e-14 2.627809000000000066e-17
1.735042999999999891e+00 1.176098078153284067e-14 2.759355000000000060e-17
1.735278000000000098e+00 1.164763920418979195e-14 2.882712999999999739e-17
1.735513000000000083e+00 1.155864177799420448e-14 2.939294000000000223e-17
1.735748000000000069e+00 1.177673913213864442e-14 3.023050000000000258e-17
1.735983000000000054e+00 1.208223519698685323e-14 3.117394000000000223e-17
1.736218000000000039e+00 1.223241219406388471e-14 3.123265999999999971e-17
1.736453000000000024e+00 1.245381341723988268e-14 3.201087999999999710e-17
1.736688000000000009e+00 1.236425019921411198e-14 3.184641000000000155e-17
1.736922999999999995e+00 1.215411342624017373e-14 3.161870000000000263e-17
1.737157999999999980e+00 1.176144880682160335e-14 3.051337999999999718e-17
1.737392999999999965e+00 1.199853693212723372e-14 3.131560999999999818e-17
1.737627999999999950e+00 1.296964378675394778e-14 3.231397000000000155e-17
1.737862999999999936e+00 1.255786231151674965e-14 1.870221000000000027e-17
1.738097999999999921e+00 1.179435624965846041e-14 1.272989000000000060e-17
1.738332999999999906e+00 1.202920662029107182e-14 1.209740999999999979e-17
1.738567999999999891e+00 1.241873464220276125e-14 1.224146000000000019e-17
1.738803000000000099e+00 1.272383632906539266e-14 1.248646999999999978e-17
1.739038000000000084e+00 1.259143430696586937e-14 1.234388999999999973e-17
1.739273000000000069e+00 1.243596267991615488e-14 1.228508999999999970e-17
1.739508000000000054e+00 1.226941335003284591e-14 1.206032999999999967e-17
1.739743000000000039e+00 1.218851923305048532e-14 1.247162999999999994e-17
1.739978000000000025e+00 1.190221916353219226e-14 1.237307999999999980e-17
1.740213000000000010e+00 1.167079962227379720e-14 1.222764999999999980e-17
1.740447999999999995e+00 1.125802874701375666e-14 1.277771000000000071e-17
1.740682999999999980e+00 1.089202449622286754e-14 1.221875999999999953e-17
1.740917999999999966e+00 1.111476683044987272e-14 1.257577999999999950e-17
1.741152999999999951e+00 1.158282040825126090e-14 1.372980000000000070e-17
1.741387999999999936e+00 1.209361931046095076e-14 1.443289000000000148e-17
1.741622999999999921e+00 1.237434022452820654e-14 1.490463999999999899e-17
1.741857999999999906e+00 1.266727954241340190e-14 1.551599000000000151e-17
1.742092999999999892e+00 1.302510529476359970e-14 1.623154999999999896e-17
1.742328000000000099e+00 1.255578959427417906e-14 1.579282999999999888e-17
1.742563000000000084e+00 1.149190724464428991e-14 1.492922999999999987e-17
1.742798000000000069e+00 1.131529942381185635e-14 1.456412999999999863e-17
1.743033000000000055e+00 1.177810982167021500e-14 1.532485999999999874e-17
1.743268000000000040e+00 1.187809218072212338e-14 1.532952999999999920e-17
1.743503000000000025e+00 1.208309311718603288e-14 1.542198999999999878e-17
1.743738000000000010e+00 1.167051667314482000e-14 1.516177999999999945e-17
1.743972999999999995e+00 1.116236920208216456e-14 1.474708000000000119e-17
1.744207999999999981e+00 1.175537782715053435e-14 2.208554999999999878e-17
1.744442999999999966e+00 1.220810062467629211e-14 1.922024999999999909e-17
1.744677999999999951e+00 1.232824785164934200e-14 1.887612999999999849e-17
1.744912999999999936e+00 1.188514575991635731e-14 1.598145999999999878e-17
1.745147999999999922e+00 1.189134347033634331e-14 1.605525999999999911e-17
1.745382999999999907e+00 1.209761104916917128e-14 1.614444999999999886e-17
1.745617999999999892e+00 1.204115163672161017e-14 1.633127999999999928e-17
1.745853000000000099e+00 1.196639652556849851e-14 1.581656000000000052e-17
1.746088000000000084e+00 1.246560934582711785e-14 1.632942999999999955e-17
1.746323000000000070e+00 1.272327464514083032e-14 1.646339000000000003e-17
1.746558000000000055e+00 1.214828461634362045e-14 1.574488999999999881e-17
1.746793000000000040e+00 1.171976939095337946e-14 1.520951000000000035e-17
1.747028000000000025e+00 1.158018457917034978e-14 1.501126999999999886e-17
1.747263000000000011e+00 1.136532583034021716e-14 1.473570000000000087e-17
1.747497999999999996e+00 1.126575539078505811e-14 1.451861999999999863e-17
1.747732999999999981e+00 1.164157414747382796e-14 1.475145000000000019e-17
1.747967999999999966e+00 1.151015799295686487e-14 1.398656000000000025e-17
1.748202999999999951e+00 1.090834786838551593e-14 1.345325000000000042e-17
1.748437999999999937e+00 1.106770427169418803e-14 1.345273000000000006e-17
1.748672999999999922e+00 1.212773840552829425e-14 1.471306000000000019e-17
1.748907999999999907e+00 1.257899391111130445e-14 2.010543999999999985e-17
1.749142999999999892e+00 nan 1.847866000000000117e-17
1.749378000000000100e+00 1.160225365179117384e-14 1.423810000000000130e-17
1.749613000000000085e+00 1.167198942822231050e-14 1.459671000000000004e-17
1.749848000000000070e+00 1.203538183486792812e-14 1.504065000000000016e-17
1.750083000000000055e+00 1.210862970672081305e-14 1.542367000000000138e-17
1.750318000000000040e+00 1.125579724932166808e-14 1.487721000000000097e-17
1.750553000000000026e+00 1.024941336534840793e-14 1.382327000000000025e-17
1.750788000000000011e+00 9.757505490642641089e-15 1.325768000000000047e-17
1.751022999999999996e+00 1.053201932298321283e-14 1.387683000000000075e-17
1.751257999999999981e+00 1.140859230114405484e-14 1.462171999999999926e-17
1.751492999999999967e+00 1.164340027927043439e-14 1.475174999999999856e-17
1.751727999999999952e+00 1.149032421678185312e-14 1.457281999999999947e-17
1.751962999999999937e+00 1.115792646501029789e-14 1.424895000000000151e-17
1.752197999999999922e+00 1.102888198366910951e-14 1.311524999999999960e-17
1.752432999999999907e+00 1.158517758089613010e-14 1.310508000000000022e-17
1.752667999999999893e+00 1.207123416417162856e-14 1.265703000000000051e-17
1.752903000000000100e+00 1.250800340170025863e-14 1.254010999999999975e-17
1.753138000000000085e+00 1.253410307608811699e-14 1.157609999999999959e-17
1.753373000000000070e+00 1.167954144230189711e-14 1.052497999999999960e-17
1.753608000000000056e+00 1.130326488660536162e-14 1.026491999999999946e-17
1.753843000000000041e+00 1.126395081776293661e-14 9.909442999999999634e-18
1.754078000000000026e+00 1.116987509104767835e-14 9.512128000000000605e-18
1.754313000000000011e+00 1.083032650712977461e-14 9.255762999999999273e-18
1.754547999999999996e+00 1.064775648045048447e-14 9.301451000000000196e-18
1.754782999999999982e+00 1.121162304715687744e-14 9.395207999999999843e-18
1.755017999999999967e+00 1.185100553000848507e-14 9.643687000000000723e-18
1.755252999999999952e+00 1.186215151932703874e-14 9.585339000000000361e-18
1.755487999999999937e+00 1.155535207772985783e-14 9.499843999999999415e-18
1.755722999999999923e+00 1.111610823094203976e-14 9.287226000000000567e-18
1.755957999999999908e+00 1.054809314823615515e-14 9.339932000000000446e-18
1.756192999999999893e+00 1.033393216777295956e-14 9.379229999999999357e-18
1.756428000000000100e+00 1.045164993720875941e-14 9.569317999999999297e-18
1.756663000000000086e+00 1.045785134729272313e-14 9.637574000000000607e-18
1.756898000000000071e+00 1.038780544716826023e-14 9.437590000000000023e-18
1.757133000000000056e+00 1.076613705639673186e-14 9.536707000000000695e-18
1.757368000000000041e+00 1.161678408007646454e-14 9.926096999999999823e-18
1.757603000000000026e+00 1.181720606949020505e-14 1.004475000000000042e-17
1.757838000000000012e+00 1.131228550477782273e-14 9.748661000000000146e-18
1.758072999999999997e+00 1.083259032884870988e-14 9.669359999999999831e-18
1.758307999999999982e+00 1.092428587199755419e-14 9.693159000000000146e-18
1.758542999999999967e+00 1.095511246640654392e-14 9.823977999999999450e-18
1.758777999999999953e+00 1.062073736305933154e-14 9.602312999999999944e-18
1.759012999999999938e+00 1.054300541449896382e-14 9.524977000000000219e-18
1.759247999999999923e+00 1.101025150255351190e-14 9.823038000000000748e-18
1.759482999999999908e+00 1.128624400182697605e-14 9.927942999999999959e-18
1.759717999999999893e+00 1.143086898120684328e-14 1.007388000000000051e-17
1.759953000000000101e+00 1.132953300526650913e-14 1.028151999999999982e-17
1.760188000000000086e+00 1.149452468531591395e-14 1.066628000000000053e-17
1.760423000000000071e+00 1.188163633872618942e-14 1.106727000000000043e-17
1.760658000000000056e+00 1.103894021644121596e-14 1.073749000000000032e-17
1.760893000000000042e+00 1.007916827311295041e-14 1.028598999999999930e-17
1.761128000000000027e+00 1.016594162459589671e-14 1.100547999999999947e-17
1.761363000000000012e+00 1.084578941727672749e-14 1.205052999999999993e-17
1.761597999999999997e+00 1.153947283445583745e-14 1.267056000000000047e-17
1.761832999999999982e+00 1.158569657195475741e-14 1.264969999999999980e-17
1.762067999999999968e+00 1.093977846785296903e-14 1.218754999999999953e-17
1.762302999999999953e+00 1.031463056046450027e-14 1.211192000000000049e-17
1.762537999999999938e+00 1.028608517954480591e-14 1.253207000000000052e-17
1.762772999999999923e+00 1.017431426558997120e-14 1.248656000000000053e-17
1.763007999999999909e+00 1.026879845134613613e-14 1.222787000000000025e-17
1.763242999999999894e+00 1.022284643525881175e-14 1.214410999999999970e-17
1.763478000000000101e+00 1.068157475829488708e-14 1.177842999999999966e-17
1.763713000000000086e+00 1.175994354756350458e-14 1.221482999999999989e-17
1.763948000000000071e+00 1.185399759041014868e-14 1.233722000000000036e-17
1.764183000000000057e+00 1.094158215453757783e-14 1.183535000000000074e-17
1.764418000000000042e+00 1.013168417990645986e-14 1.124667999999999939e-17
1.764653000000000027e+00 1.019580559905210268e-14 1.113094000000000034e-17
1.764888000000000012e+00 1.093127448177746910e-14 1.134847999999999988e-17
1.765122999999999998e+00 nan 1.171221999999999945e-17
1.765357999999999983e+00 nan 1.159079999999999999e-17
1.765592999999999968e+00 1.107350516744760153e-14 1.137974000000000012e-17
1.765827999999999953e+00 1.117808376701665793e-14 1.137902000000000033e-17
1.766062999999999938e+00 1.176438917224811829e-14 1.169141000000000056e-17
1.766297999999999924e+00 1.218799671300365480e-14 1.198199000000000014e-17
1.766532999999999909e+00 1.204785123943671870e-14 1.188272000000000020e-17
1.766767999999999894e+00 1.159652213024300599e-14 1.191226000000000043e-17
1.767003000000000101e+00 1.059373133768185101e-14 1.125140000000000008e-17
1.767238000000000087e+00 1.009610240337272478e-14 1.108578000000000050e-17
1.767473000000000072e+00 1.020672454778087382e-14 1.143055999999999936e-17
1.767708000000000057e+00 1.019087510384506162e-14 1.155084000000000070e-17
1.767943000000000042e+00 1.001645531780177787e-14 1.141522999999999992e-17
1.768178000000000027e+00 9.971681838924284832e-15 1.087135000000000032e-17
1.768413000000000013e+00 9.865659596690823493e-15 1.102626000000000068e-17
1.768647999999999998e+00 9.990958810345282407e-15 1.138687999999999961e-17
1.768882999999999983e+00 1.024724400052800640e-14 1.171093000000000059e-17
1.769117999999999968e+00 1.063592210082429643e-14 1.190292999999999926e-17
1.769352999999999954e+00 1.093511894505642355e-14 1.195216999999999947e-17
1.769587999999999939e+00 1.115272251970793594e-14 1.285884000000000021e-17
1.769822999999999924e+00 1.154846726429454633e-14 1.448237999999999982e-17
1.770057999999999909e+00 1.123521997028029369e-14 1.355662000000000021e-17
1.770292999999999894e+00 1.062760511936078289e-14 1.307326000000000065e-17
1.770528000000000102e+00 1.080935534426038161e-14 1.315983000000000064e-17
1.770763000000000087e+00 1.099767138639016937e-14 1.331070999999999933e-17
1.770998000000000072e+00 1.049698723961833559e-14 1.275348999999999946e-17
1.771233000000000057e+00 1.033842176411580461e-14 1.257047000000000026e-17
1.771468000000000043e+00 1.030561975184472801e-14 1.245977999999999950e-17
1.771703000000000028e+00 1.022591644247080324e-14 1.216937999999999988e-17
1.771938000000000013e+00 1.082875654836802773e-14 1.262560999999999980e-17
1.772172999999999998e+00 1.048830918796890205e-14 1.232785000000000023e-17
1.772407999999999983e+00 9.580470980019177873e-15 1.150896000000000043e-17
1.772642999999999969e+00 9.653500374781544210e-15 1.160010000000000039e-17
1.772877999999999954e+00 9.796055868825900474e-15 1.161736000000000056e-17
1.773112999999999939e+00 9.766743268682188948e-15 1.137643999999999953e-17
1.773347999999999924e+00 1.020501933125734216e-14 1.169504000000000029e-17
1.773582999999999910e+00 1.086684752008829712e-14 1.216799000000000053e-17
1.773817999999999895e+00 1.124896369550241190e-14 1.243443999999999960e-17
1.774053000000000102e+00 1.120601476036830966e-14 1.222360000000000019e-17
1.774288000000000087e+00 1.067489372667979599e-14 1.187833000000000018e-17
1.774523000000000073e+00 9.848021095574086455e-15 1.130404999999999957e-17
1.774758000000000058e+00 9.600363863333499547e-15 1.106105999999999991e-17
1.774993000000000043e+00 9.524487115445648829e-15 1.072843999999999959e-17
1.775228000000000028e+00 9.410269564044674305e-15 1.053572999999999933e-17
1.775463000000000013e+00 9.673625224518871608e-15 1.066877000000000059e-17
1.775697999999999999e+00 1.040888164542333603e-14 1.146994999999999958e-17
1.775932999999999984e+00 1.031980991243840216e-14 1.174780999999999974e-17
1.776167999999999969e+00 1.007655106719779471e-14 1.183993000000000045e-17
1.776402999999999954e+00 nan nan
1.776637999999999940e+00 nan nan
1.776872999999999925e+00 9.661486550774141319e-15 1.104819999999999950e-17
1.777107999999999910e+00 1.045812213285104038e-14 1.118328999999999991e-17
1.777342999999999895e+00 1.065110238992627249e-14 1.094969999999999960e-17
1.777578000000000102e+00 1.012905016774905715e-14 1.046019999999999924e-17
1.777813000000000088e+00 9.782879956606654202e-15 1.015671000000000055e-17
1.778048000000000073e+00 1.028164922890009704e-14 1.077620999999999945e-17
1.778283000000000058e+00 1.013490887678260856e-14 1.089839000000000076e-17
1.778518000000000043e+00 1.006377811758484392e-14 1.133277999999999926e-17
1.778753000000000029e+00 1.031672585874254296e-14 1.205054999999999941e-17
1.778988000000000014e+00 9.980806464986330235e-15 1.161187999999999957e-17
1.779222999999999999e+00 9.704444752620189177e-15 1.118244000000000041e-17
1.779457999999999984e+00 9.586937475804592368e-15 1.102261999999999967e-17
1.779692999999999969e+00 9.010572936027970429e-15 1.058224999999999929e-17
1.779927999999999955e+00 9.466686624311523836e-15 1.048170000000000024e-17
1.780162999999999940e+00 1.068330482300992697e-14 1.173795999999999975e-17
1.780397999999999925e+00 1.081952405447802139e-14 1.226464000000000071e-17
1.780632999999999910e+00 1.065254598253157124e-14 1.234951999999999990e-17
1.780867999999999896e+00 1.050000131044360566e-14 1.236318999999999931e-17
1.781103000000000103e+00 9.652764645452494009e-15 1.158979999999999976e-17
1.781338000000000088e+00 9.043158703379982861e-15 1.121388000000000061e-17
1.781573000000000073e+00 9.128845985004748899e-15 1.149835000000000014e-17
1.781808000000000058e+00 9.484222803121714695e-15 1.179466000000000038e-17
1.782043000000000044e+00 1.013234870093440426e-14 1.256090000000000070e-17
1.782278000000000029e+00 9.981540948223070997e-15 1.227225000000000032e-17
1.782513000000000014e+00 9.700703232996251733e-15 1.187424999999999981e-17
1.782747999999999999e+00 9.709851364053423265e-15 1.192143999999999933e-17
1.782982999999999985e+00 9.763004030643296689e-15 1.193780999999999950e-17
1.783217999999999970e+00 1.027660569399880096e-14 1.311422999999999990e-17
1.783452999999999955e+00 1.099472724948581887e-14 1.505983999999999952e-17
1.783687999999999940e+00 1.098819171763671912e-14 1.439591000000000031e-17
1.783922999999999925e+00 1.092391741854440085e-14 1.307198999999999973e-17
1.784157999999999911e+00 1.097883731584206763e-14 1.225060999999999987e-17
1.784392999999999896e+00 1.059915004368317289e-14 1.175041999999999976e-17
1.784628000000000103e+00 1.017544165249295274e-14 1.116706000000000073e-17
1.784863000000000088e+00 9.651600036577751866e-15 1.058242999999999924e-17
1.785098000000000074e+00 9.684117172307733483e-15 1.074502000000000047e-17
1.785333000000000059e+00 9.776421528697711472e-15 1.108279999999999930e-17
1.785568000000000044e+00 9.311993360247766481e-15 1.090370000000000000e-17
1.785803000000000029e+00 8.898669623283257987e-15 1.073188999999999937e-17
1.786038000000000014e+00 9.016240869414604263e-15 1.084122999999999974e-17
1.786273000000000000e+00 9.367520686488030977e-15 1.115403999999999985e-17
1.786507999999999985e+00 9.759577243237251280e-15 1.147122000000000050e-17
1.786742999999999970e+00 9.590898678442483232e-15 1.122136000000000051e-17
1.786977999999999955e+00 8.752691007249005814e-15 1.117401000000000053e-17
1.787212999999999941e+00 8.495147698986444313e-15 1.084022999999999952e-17
1.787447999999999926e+00 8.693363836720617475e-15 1.061354000000000030e-17
1.787682999999999911e+00 9.110780782505087723e-15 1.099942999999999941e-17
1.787917999999999896e+00 9.503621715344914524e-15 1.187477999999999992e-17
1.788153000000000103e+00 9.560696249587059728e-15 1.190285999999999954e-17
1.788388000000000089e+00 9.611722404495029110e-15 1.185952000000000020e-17
1.788623000000000074e+00 9.407293515505976987e-15 1.127580999999999948e-17
1.788858000000000059e+00 9.166030152354773803e-15 1.096713999999999972e-17
1.789093000000000044e+00 9.785382091894804532e-15 1.125198000000000043e-17
1.789328000000000030e+00 1.021514566904306551e-14 1.154331000000000056e-17
1.789563000000000015e+00 1.034920411682723720e-14 1.152088000000000059e-17
1.789798000000000000e+00 1.007685512106447580e-14 1.161595000000000019e-17
1.790032999999999985e+00 9.892973454072491734e-15 1.148933000000000017e-17
1.790267999999999970e+00 9.732444906104630033e-15 1.152125999999999997e-17
1.790502999999999956e+00 8.930535034608135186e-15 1.091509999999999980e-17
1.790737999999999941e+00 9.274378933597748502e-15 1.303087999999999949e-17
1.790972999999999926e+00 nan 1.373693000000000044e-17
1.791207999999999911e+00 nan 1.347694000000000003e-17
1.791442999999999897e+00 9.255580543648207473e-15 1.117806999999999987e-17
1.791678000000000104e+00 9.291510997211678049e-15 1.099654000000000050e-17
1.791913000000000089e+00 9.217019915598428353e-15 1.087457999999999965e-17
1.792148000000000074e+00 9.059613217177659126e-15 1.093341000000000043e-17
1.792383000000000060e+00 9.426904925682825481e-15 1.112082999999999940e-17
1.792618000000000045e+00 9.651848449007080031e-15 1.155847999999999953e-17
1.792853000000000030e+00 9.386852580858347129e-15 1.160088000000000017e-17
1.793088000000000015e+00 9.476226460211995724e-15 1.173664000000000013e-17
1.793323000000000000e+00 9.109854253230313949e-15 1.143137999999999964e-17
1.793557999999999986e+00 nan 1.111685999999999925e-17
1.793792999999999971e+00 8.682363504278121569e-15 1.092297000000000036e-17
1.794027999999999956e+00 8.970749281720542917e-15 1.101199999999999964e-17
1.794262999999999941e+00 9.189903791187194451e-15 1.070979999999999982e-17
1.794497999999999927e+00 9.325679153444294373e-15 1.074610999999999990e-17
1.794732999999999912e+00 9.095940094594624920e-15 1.078682999999999948e-17
1.794967999999999897e+00 8.898252796020667753e-15 1.105612000000000030e-17
1.795203000000000104e+00 8.876187262742277007e-15 1.066643999999999946e-17
1.795438000000000089e+00 9.546642937209487690e-15 1.112547000000000063e-17
1.795673000000000075e+00 nan nan
1.795908000000000060e+00 nan nan
1.796143000000000045e+00 9.041269510022383511e-15 1.027438000000000033e-17
1.796378000000000030e+00 7.903066095173772611e-15 9.376925999999999404e-18
1.796613000000000016e+00 8.963607650101093464e-15 9.833378000000000340e-18
1.796848000000000001e+00 9.807274772628332719e-15 1.017126000000000022e-17
1.797082999999999986e+00 9.836165869005848891e-15 1.038648999999999965e-17
1.797317999999999971e+00 1.023615256519285916e-14 1.075208000000000049e-17
1.797552999999999956e+00 9.914122271738592486e-15 1.081584999999999934e-17
1.797787999999999942e+00 9.633716514420248486e-15 1.037749000000000070e-17
1.798022999999999927e+00 9.907248594300227983e-15 1.022639000000000002e-17
1.798257999999999912e+00 9.910589575437864403e-15 1.012562000000000051e-17
1.798492999999999897e+00 1.021110080124198780e-14 1.057499999999999958e-17
1.798728000000000105e+00 1.053858769378386634e-14 1.058024000000000064e-17
1.798963000000000090e+00 9.916310862433456275e-15 1.015412999999999976e-17
1.799198000000000075e+00 8.912664837012245992e-15 9.720720999999999969e-18
1.799433000000000060e+00 8.526076497493565391e-15 9.409517000000000065e-18
1.799668000000000045e+00 8.575465228790919756e-15 9.294243999999999523e-18
1.799903000000000031e+00 8.698201678989520170e-15 9.269329000000000145e-18
1.800138000000000016e+00 9.042456834490268445e-15 9.401434999999999772e-18
1.800373000000000001e+00 9.022109535123782011e-15 9.228699999999999281e-18
1.800607999999999986e+00 9.009051428763236166e-15 9.232928999999999322e-18
1.800842999999999972e+00 8.778335816725987169e-15 9.777043000000000246e-18
1.801077999999999957e+00 7.713914033217492278e-15 8.592918000000000394e-18
1.801312999999999942e+00 7.954645554072720043e-15 9.728990999999999387e-18
1.801547999999999927e+00 8.504207491647497989e-15 9.955327000000000399e-18
1.801782999999999912e+00 8.716011597593647563e-15 9.365442000000000552e-18
1.802017999999999898e+00 9.118182210042221990e-15 9.657896999999999971e-18
1.802253000000000105e+00 8.910370232955123071e-15 9.350243999999999841e-18
1.802488000000000090e+00 8.442526732644224818e-15 9.058238000000000010e-18
1.802723000000000075e+00 8.183023412907407975e-15 8.865446999999999231e-18
1.802958000000000061e+00 8.654965359494118045e-15 9.377164000000000311e-18
1.803193000000000046e+00 9.156805105732271851e-15 1.012508000000000067e-17
1.803428000000000031e+00 9.112485500230475880e-15 1.146769999999999946e-17
1.803663000000000016e+00 8.831550806753203481e-15 1.147667000000000073e-17
1.803898000000000001e+00 9.009260206274574347e-15 1.115009000000000073e-17
1.804132999999999987e+00 9.709856050603030019e-15 1.036066999999999989e-17
1.804367999999999972e+00 1.020347841422222356e-14 1.048590000000000057e-17
1.804602999999999957e+00 9.959382382027710254e-15 1.049653000000000034e-17
1.804837999999999942e+00 9.350501144628632464e-15 1.004755000000000013e-17
1.805072999999999928e+00 9.035378502439780309e-15 1.002668999999999945e-17
1.805307999999999913e+00 9.203864426089518303e-15 1.024384999999999961e-17
1.805542999999999898e+00 8.989054514887011822e-15 9.993231000000000378e-18
1.805778000000000105e+00 8.536708577431166057e-15 9.800843999999999585e-18
1.806013000000000090e+00 8.524663525263411815e-15 1.004522000000000054e-17
1.806248000000000076e+00 8.696658788307638374e-15 1.035550000000000009e-17
1.806483000000000061e+00 9.103046794972464083e-15 1.045466999999999954e-17
1.806718000000000046e+00 9.563836917756958601e-15 1.081534000000000026e-17
1.806953000000000031e+00 9.072096951223203572e-15 1.021712000000000037e-17
1.807188000000000017e+00 8.316808725588814238e-15 9.480493000000000079e-18
1.807423000000000002e+00 7.838942191390043057e-15 9.108829000000000113e-18
1.807657999999999987e+00 7.935814058159006833e-15 9.270052999999999526e-18
1.807892999999999972e+00 nan 2.047835000000000012e-17
1.808127999999999957e+00 9.334173870693305461e-15 1.059258000000000069e-17
1.808362999999999943e+00 9.530751758331024519e-15 1.056502999999999963e-17
1.808597999999999928e+00 nan 1.124386000000000020e-17
1.808832999999999913e+00 nan 1.589156999999999871e-17
1.809067999999999898e+00 nan 1.823064000000000116e-17
1.809303000000000106e+00 nan 1.752617999999999898e-17
1.809538000000000091e+00 9.253001120371888825e-15 1.145481999999999957e-17
1.809773000000000076e+00 9.232069550429949934e-15 1.120267000000000050e-17
1.810008000000000061e+00 9.523079635295310265e-15 1.130929000000000063e-17
1.810243000000000047e+00 9.656974314769270438e-15 1.151858999999999997e-17
1.810478000000000032e+00 8.304429158131168875e-15 1.473368999999999914e-17
1.810713000000000017e+00 7.577922691482557764e-15 1.008596999999999934e-17
1.810948000000000002e+00 7.296485648462369242e-15 1.021442999999999935e-17
1.811182999999999987e+00 7.737326647196396681e-15 1.034618000000000021e-17
1.811417999999999973e+00 8.459419231022977319e-15 1.084630000000000060e-17
1.811652999999999958e+00 9.007530742702010041e-15 1.120834999999999937e-17
1.811887999999999943e+00 9.338979623139354227e-15 1.167067999999999959e-17
1.812122999999999928e+00 8.830071974355018613e-15 1.118615999999999934e-17
1.812357999999999913e+00 8.127322008698840329e-15 1.080088999999999954e-17
1.812592999999999899e+00 7.700688214835391186e-15 1.058173000000000047e-17
1.812828000000000106e+00 7.836399226278372995e-15 1.042652999999999994e-17
1.813063000000000091e+00 8.718213327693332366e-15 1.126298999999999957e-17
1.813298000000000076e+00 9.139121562795596638e-15 1.157784000000000063e-17
1.813533000000000062e+00 8.884213298008403354e-15 1.141485000000000055e-17
1.813768000000000047e+00 8.985617339555522581e-15 1.149776999999999980e-17
1.814003000000000032e+00 9.587496883262671374e-15 1.362295000000000038e-17
1.814238000000000017e+00 9.995815128329095648e-15 1.221945999999999984e-17
1.814473000000000003e+00 1.061232984302140062e-14 1.244563000000000024e-17
1.814707999999999988e+00 1.051136599462968678e-14 1.253880999999999961e-17
1.814942999999999973e+00 9.288604842657203236e-15 1.332859000000000035e-17
1.815177999999999958e+00 8.777455027168513700e-15 1.351729999999999971e-17
1.815412999999999943e+00 9.369424383914589620e-15 1.384541000000000004e-17
1.815647999999999929e+00 9.225091376475307089e-15 1.347721000000000072e-17
1.815882999999999914e+00 9.148551329030098361e-15 1.374666000000000047e-17
1.816117999999999899e+00 9.293457183407131136e-15 1.445068000000000021e-17
1.816353000000000106e+00 9.175101874086591361e-15 1.421883999999999914e-17
1.816588000000000092e+00 9.653948174914336163e-15 1.506829000000000042e-17
1.816823000000000077e+00 nan 2.225036000000000091e-17
1.817058000000000062e+00 nan 1.543165000000000062e-17
1.817293000000000047e+00 7.830941427404167146e-15 1.188789000000000000e-17
1.817528000000000032e+00 8.446960461796757931e-15 1.255316999999999959e-17
1.817763000000000018e+00 8.431646319741347030e-15 1.241169999999999999e-17
1.817998000000000003e+00 8.406745759664714746e-15 1.212708999999999946e-17
1.818232999999999988e+00 8.515312941091483114e-15 1.224520000000000014e-17
1.818467999999999973e+00 8.401925387861784310e-15 1.189081999999999941e-17
1.818702999999999959e+00 8.372930833658461572e-15 1.099033999999999972e-17
1.818937999999999944e+00 8.641214519591514241e-15 1.103571000000000027e-17
1.819172999999999929e+00 9.053413905687394273e-15 1.233670000000000000e-17
1.819407999999999914e+00 8.581752312264739042e-15 1.191126999999999994e-17
1.819642999999999899e+00 8.030307672381706510e-15 1.044634999999999988e-17
1.819878000000000107e+00 8.432520285128623725e-15 1.050443000000000012e-17
1.820113000000000092e+00 8.873869728288309115e-15 1.040681000000000048e-17
1.820348000000000077e+00 8.653885584160879088e-15 1.037981000000000055e-17
1.820583000000000062e+00 8.647491532688955603e-15 1.062115999999999965e-17
1.820818000000000048e+00 8.736150640283603043e-15 1.052757999999999988e-17
1.821053000000000033e+00 8.357217602405801116e-15 1.045335999999999967e-17
1.821288000000000018e+00 8.304297929326381460e-15 1.007545999999999954e-17
1.821523000000000003e+00 8.322963995220226227e-15 1.018376000000000073e-17
1.821757999999999988e+00 7.931205538762223366e-15 9.888381000000000508e-18
1.821992999999999974e+00 7.880222323604540222e-15 1.005549000000000041e-17
1.822227999999999959e+00 7.778025227090838720e-15 9.854681000000000449e-18
1.822462999999999944e+00 7.956421347690521913e-15 1.020586000000000002e-17
1.822697999999999929e+00 8.289414524444781460e-15 9.423312000000000075e-18
1.822932999999999915e+00 8.957164006312781945e-15 9.422812000000000733e-18
1.823167999999999900e+00 9.356384123232886137e-15 9.829821999999999925e-18
1.823403000000000107e+00 9.528713610703043406e-15 1.063414000000000002e-17
1.823638000000000092e+00 9.786161476014283607e-15 1.168526000000000002e-17
1.823873000000000077e+00 9.580575083000982355e-15 1.107082000000000069e-17
1.824108000000000063e+00 9.550252913159259731e-15 1.023955000000000034e-17
1.824343000000000048e+00 9.792482842840747680e-15 1.009432999999999950e-17
1.824578000000000033e+00 9.435075442810191056e-15 9.851519000000000280e-18
1.824813000000000018e+00 8.642829873376640307e-15 9.383858999999999797e-18
1.825048000000000004e+00 8.278090285389526427e-15 9.211059000000000223e-18
1.825282999999999989e+00 8.104413231208708945e-15 9.290057000000000548e-18
1.825517999999999974e+00 8.336614419503716151e-15 9.209229999999999491e-18
1.825752999999999959e+00 9.118464069350423849e-15 9.325065999999999435e-18
1.825987999999999944e+00 9.177888344643473553e-15 9.417293000000000292e-18
1.826222999999999930e+00 7.614980437632203678e-15 8.860808000000000591e-18
1.826457999999999915e+00 6.590757591664448658e-15 8.143534000000000197e-18
1.826692999999999900e+00 7.712578259307778405e-15 9.032105000000000520e-18
1.826928000000000107e+00 8.672759345932351805e-15 9.467975000000000652e-18
1.827163000000000093e+00 8.664335584919304953e-15 9.341450000000000472e-18
1.827398000000000078e+00 8.870316287979548168e-15 9.672939999999999314e-18
1.827633000000000063e+00 8.440194488416386553e-15 9.418722000000000626e-18
1.827868000000000048e+00 8.402433469091244573e-15 9.309029000000000018e-18
1.828103000000000034e+00 9.150021502622411940e-15 1.011085000000000040e-17
1.828338000000000019e+00 9.334560633851710253e-15 1.097597000000000000e-17
1.828573000000000004e+00 9.266035015245504064e-15 1.107525999999999941e-17
1.828807999999999989e+00 9.103013375190811021e-15 1.100676999999999987e-17
1.829042999999999974e+00 8.649806736995653049e-15 1.016594999999999944e-17
1.829277999999999960e+00 8.764363027810367203e-15 1.035491999999999975e-17
1.829512999999999945e+00 9.410257154370346720e-15 1.082046999999999956e-17
1.829747999999999930e+00 9.779789565133184555e-15 1.116188999999999939e-17
1.829982999999999915e+00 9.318651863096782081e-15 1.100262999999999952e-17
1.830217999999999900e+00 8.629851059549481740e-15 1.055634000000000033e-17
1.830453000000000108e+00 8.383085215975769253e-15 1.037418000000000037e-17
1.830688000000000093e+00 8.660052620608192331e-15 1.090417000000000012e-17
1.830923000000000078e+00 9.163213869825601142e-15 1.108972999999999962e-17
1.831158000000000063e+00 9.063425920273084497e-15 1.092524999999999970e-17
1.831393000000000049e+00 8.763033071523669225e-15 1.072345999999999948e-17
1.831628000000000034e+00 9.174289536121651652e-15 1.123253000000000012e-17
1.831863000000000019e+00 9.169632355054262031e-15 1.122581000000000051e-17
1.832098000000000004e+00 8.301139808901171845e-15 1.059978999999999989e-17
1.832332999999999990e+00 7.890551382863366436e-15 1.030087999999999938e-17
1.832567999999999975e+00 7.827945141470341090e-15 1.031384000000000027e-17
1.832802999999999960e+00 7.976726051917883830e-15 1.051642999999999975e-17
1.833037999999999945e+00 8.377105786588515921e-15 1.061624999999999927e-17
1.833272999999999930e+00 8.540751686155825079e-15 1.080934000000000045e-17
1.833507999999999916e+00 8.754945047325529710e-15 1.085813000000000002e-17
1.833742999999999901e+00 8.786195744386940537e-15 1.076420999999999983e-17
1.833978000000000108e+00 8.432881482333324740e-15 1.028143000000000061e-17
1.834213000000000093e+00 8.535675680802075783e-15 1.033497000000000010e-17
1.834448000000000079e+00 8.958218843239123679e-15 1.051719000000000004e-17
1.834683000000000064e+00 8.825596599352387298e-15 1.027017000000000026e-17
1.834918000000000049e+00 8.130127127681771264e-15 9.735194999999999758e-18
1.835153000000000034e+00 7.875222642340269984e-15 9.374012999999999395e-18
1.835388000000000019e+00 8.675465313252515909e-15 1.003261999999999954e-17
1.835623000000000005e+00 9.272060470334175039e-15 1.015550999999999936e-17
1.835857999999999990e+00 8.908286033506036451e-15 9.657809999999999303e-18
1.836092999999999975e+00 8.563034376031620850e-15 9.694277999999999285e-18
1.836327999999999960e+00 8.502831507353357348e-15 1.127531000000000013e-17
1.836562999999999946e+00 8.915499924934204100e-15 9.756935000000000692e-18
1.836797999999999931e+00 9.618775845580661221e-15 9.974374999999999744e-18
1.837032999999999916e+00 9.270532166899391671e-15 9.811456000000000434e-18
1.837267999999999901e+00 9.001692613727567425e-15 9.651549000000000566e-18
1.837503000000000108e+00 8.493802536347347235e-15 9.479018000000000632e-18
1.837738000000000094e+00 7.491818868657857823e-15 8.660716999999999859e-18
1.837973000000000079e+00 7.438890801423862699e-15 9.727967000000000092e-18
1.838208000000000064e+00 8.263468361542541424e-15 9.274835000000000769e-18
1.838443000000000049e+00 8.830552650608085740e-15 9.398919000000000085e-18
1.838678000000000035e+00 8.964399568875029485e-15 9.444965999999999852e-18
1.838913000000000020e+00 8.700886700702198094e-15 9.319964000000000338e-18
1.839148000000000005e+00 8.192146487261666038e-15 8.777626999999999339e-18
1.839382999999999990e+00 8.023221485927654641e-15 8.779276999999999634e-18
1.839617999999999975e+00 7.766954148143438502e-15 8.514586000000000031e-18
1.839852999999999961e+00 7.569622062073375493e-15 8.472925000000000696e-18
1.840087999999999946e+00 8.192720441470173498e-15 9.028817999999999746e-18
1.840322999999999931e+00 8.578739590780203471e-15 9.258286999999999676e-18
1.840557999999999916e+00 8.526006717308220885e-15 9.700986000000000128e-18
1.840792999999999902e+00 8.690911746616258781e-15 1.034017000000000065e-17
1.841028000000000109e+00 9.291644582274101017e-15 1.070949999999999991e-17
1.841263000000000094e+00 9.818760907436981511e-15 1.112302999999999928e-17
1.841498000000000079e+00 9.538598870814219067e-15 1.121214999999999931e-17
1.841733000000000064e+00 8.427870565772005429e-15 1.017150999999999989e-17
1.841968000000000050e+00 7.528795265082581559e-15 9.199908000000000582e-18
1.842203000000000035e+00 7.404888887160172244e-15 9.287239999999999895e-18
1.842438000000000020e+00 nan 1.354512999999999966e-17
1.842673000000000005e+00 nan 1.299905999999999992e-17
1.842907999999999991e+00 nan 1.328927999999999959e-17
1.843142999999999976e+00 7.900809378035270132e-15 8.748034999999999843e-18
1.843377999999999961e+00 7.902337297020431567e-15 8.388258000000000745e-18
1.843612999999999946e+00 7.749358627945994360e-15 8.120138000000000356e-18
1.843847999999999931e+00 7.794004241373456595e-15 8.291114999999999350e-18
1.844082999999999917e+00 nan 7.994585000000000205e-18
1.844317999999999902e+00 nan 7.988683999999999823e-18
1.844553000000000109e+00 nan 8.032698999999999353e-18
1.844788000000000094e+00 nan 8.261292000000000152e-18
1.845023000000000080e+00 7.977804900240363048e-15 8.877091999999999603e-18
1.845258000000000065e+00 8.546576581285731212e-15 9.465113999999999909e-18
1.845493000000000050e+00 8.315264534891685573e-15 1.019528000000000050e-17
1.845728000000000035e+00 7.815712845603544490e-15 8.803526000000000591e-18
1.845963000000000021e+00 8.052395239805811360e-15 9.050703000000000766e-18
1.846198000000000006e+00 8.556887017143745128e-15 9.483122999999999579e-18
1.846432999999999991e+00 8.440160809339238391e-15 9.379585999999999665e-18
1.846667999999999976e+00 7.853525650362150691e-15 9.104846000000000155e-18
1.846902999999999961e+00 7.215303142104199440e-15 8.647618000000000573e-18
1.847137999999999947e+00 7.092043610393445269e-15 8.782287999999999564e-18
1.847372999999999932e+00 nan nan
1.847607999999999917e+00 nan nan
1.847842999999999902e+00 nan nan
1.848078000000000110e+00 6.860265152461159084e-15 8.830371000000000697e-18
1.848313000000000095e+00 6.260992123246057324e-15 8.450805000000000386e-18
1.848548000000000080e+00 6.355143889825120040e-15 8.643034999999999247e-18
1.848783000000000065e+00 6.738921024165701565e-15 8.842942999999999955e-18
1.849018000000000050e+00 7.728464940612988368e-15 9.700930999999999245e-18
1.849253000000000036e+00 8.046468960411051125e-15 9.909284000000000219e-18
1.849488000000000021e+00 7.475739885703737576e-15 9.563777999999999864e-18
1.849723000000000006e+00 7.311652316918264361e-15 1.094145999999999940e-17
1.849957999999999991e+00 7.984014131080764079e-15 1.006806000000000064e-17
1.850192999999999977e+00 7.671196713036366145e-15 9.709705000000000674e-18
1.850427999999999962e+00 7.283561822082410598e-15 9.519898000000000680e-18
1.850662999999999947e+00 7.630417403986614610e-15 9.997517000000000326e-18
1.850897999999999932e+00 8.016651336569430459e-15 1.012485000000000048e-17
1.851132999999999917e+00 8.414562702858930837e-15 1.051665000000000020e-17
1.851367999999999903e+00 8.326145177914839364e-15 1.050829000000000003e-17
1.851603000000000110e+00 8.512212314259374687e-15 1.076094000000000000e-17
1.851838000000000095e+00 8.953742305993383944e-15 1.109714999999999953e-17
1.852073000000000080e+00 8.730979016099294147e-15 1.090229999999999937e-17
1.852308000000000066e+00 8.504907473662654408e-15 1.065117999999999974e-17
1.852543000000000051e+00 8.695931509974416260e-15 1.080710000000000006e-17
1.852778000000000036e+00 8.696998046150722716e-15 1.198103000000000041e-17
1.853013000000000021e+00 7.738290406424851305e-15 1.013804999999999976e-17
1.853248000000000006e+00 7.105425317430184652e-15 9.644111999999999701e-18
1.853482999999999992e+00 7.542380330704780206e-15 9.909417999999999513e-18
1.853717999999999977e+00 7.575142002343031964e-15 9.999516999999999237e-18
1.853952999999999962e+00 7.131704674108450160e-15 9.680490999999999991e-18
1.854187999999999947e+00 7.494268681846887103e-15 1.005441000000000072e-17
1.854422999999999933e+00 8.171054280451273539e-15 1.084199999999999978e-17
1.854657999999999918e+00 7.984999191350631170e-15 1.063419000000000027e-17
1.854892999999999903e+00 7.392667391039060721e-15 1.014468999999999990e-17
1.855128000000000110e+00 6.994198029018762244e-15 9.772694000000000240e-18
1.855363000000000095e+00 7.690067539295926250e-15 1.022693999999999960e-17
1.855598000000000081e+00 8.336517625345406354e-15 1.068649999999999934e-17
1.855833000000000066e+00 8.153731548589698714e-15 1.045767000000000022e-17
1.856068000000000051e+00 7.748349349320502720e-15 1.003426000000000010e-17
1.856303000000000036e+00 7.275583833031941022e-15 9.880015999999999706e-18
1.856538000000000022e+00 6.646551392443271477e-15 9.607075999999999678e-18
1.856773000000000007e+00 5.979302786069238088e-15 8.515305999999999824e-18
1.857007999999999992e+00 6.500143050239945646e-15 8.690534999999999957e-18
1.857242999999999977e+00 7.271945694994983780e-15 9.261747000000000735e-18
1.857477999999999962e+00 7.403483370559205684e-15 9.279561999999999588e-18
1.857712999999999948e+00 7.313054325983405828e-15 9.068069000000000031e-18
1.857947999999999933e+00 6.541446356345479277e-15 8.595468999999999942e-18
1.858182999999999918e+00 6.280200108034996148e-15 8.194687999999999702e-18
1.858417999999999903e+00 6.440136827047112530e-15 8.225159999999999457e-18
1.858653000000000111e+00 6.766102234480059045e-15 8.913080999999999235e-18
1.858888000000000096e+00 7.016310590585732877e-15 8.675380999999999336e-18
1.859123000000000081e+00 6.847396734885120349e-15 8.612230000000000280e-18
1.859358000000000066e+00 6.936059847945207624e-15 8.574373999999999978e-18
1.859593000000000051e+00 7.197397945270192098e-15 8.750181999999999405e-18
1.859828000000000037e+00 7.358495857222528743e-15 8.789990999999999992e-18
1.860063000000000022e+00 7.235883840193088349e-15 8.763120999999999764e-18
1.860298000000000007e+00 6.981856429413259526e-15 8.393306000000000011e-18
1.860532999999999992e+00 6.849042379517108387e-15 8.230656000000000341e-18
1.860767999999999978e+00 6.860530847507934876e-15 8.339937999999999757e-18
1.861002999999999963e+00 6.970868328906541671e-15 9.579732999999999252e-18
1.861237999999999948e+00 6.852852024619476127e-15 8.499680000000000058e-18
1.861472999999999933e+00 6.796996823086904612e-15 8.459999999999999665e-18
1.861707999999999918e+00 7.263975489246602511e-15 9.670132999999999942e-18
1.861942999999999904e+00 7.680471425526755246e-15 9.690536999999999822e-18
1.862178000000000111e+00 7.995159993035135565e-15 9.634753999999999878e-18
1.862413000000000096e+00 7.882492207847567398e-15 8.786768999999999841e-18
1.862648000000000081e+00 7.327552234342910530e-15 8.585782000000000496e-18
1.862883000000000067e+00 6.988032103122246473e-15 8.303394999999999411e-18
1.863118000000000052e+00 7.178332547662325454e-15 8.452270999999999604e-18
1.863353000000000037e+00 7.758376734098735347e-15 8.795381000000000238e-18
1.863588000000000022e+00 7.886795091217929828e-15 8.752437000000000169e-18
1.863823000000000008e+00 8.025139261697284149e-15 8.943289999999999503e-18
1.864057999999999993e+00 7.922624122877624353e-15 8.896772999999999614e-18
1.864292999999999978e+00 7.430068478650415121e-15 8.688708999999999301e-18
1.864527999999999963e+00 7.300610292872010696e-15 8.575187000000000592e-18
1.864762999999999948e+00 7.581405943889218574e-15 8.546427000000000138e-18
1.864997999999999934e+00 7.663089864145397467e-15 8.860329999999999753e-18
1.865232999999999919e+00 7.000970604896415991e-15 8.466652000000000113e-18
1.865467999999999904e+00 6.662758273167520819e-15 8.207943999999999379e-18
1.865702999999999889e+00 6.837852860229559260e-15 8.463263999999999342e-18
1.865938000000000097e+00 7.234626075800222570e-15 8.808716999999999379e-18
1.866173000000000082e+00 7.729830656545762196e-15 8.975872999999999447e-18
1.866408000000000067e+00 8.082990621677586780e-15 9.163672999999999326e-18
1.866643000000000052e+00 8.130995777639956704e-15 9.352073000000000573e-18
1.866878000000000037e+00 7.880896543097392687e-15 9.353332000000000699e-18
1.867113000000000023e+00 7.676515840027432941e-15 9.099805000000000553e-18
1.867348000000000008e+00 7.737755392624637039e-15 9.291043999999999417e-18
1.867582999999999993e+00 7.903717955402005238e-15 9.429507999999999730e-18
1.867817999999999978e+00 7.229331993548286796e-15 9.367053999999999369e-18
1.868052999999999964e+00 6.228217186140400769e-15 8.538938000000000008e-18
1.868287999999999949e+00 6.458778865606132135e-15 8.748576000000000741e-18
1.868522999999999934e+00 7.583594977423713330e-15 9.579179000000000079e-18
1.868757999999999919e+00 7.902375959206271400e-15 9.664405999999999356e-18
1.868992999999999904e+00 7.727483067143472471e-15 9.545431999999999854e-18
1.869227999999999890e+00 7.743218854051322813e-15 9.632578000000000607e-18
1.869463000000000097e+00 7.856783486992844091e-15 9.803800000000000172e-18
1.869698000000000082e+00 7.927062811272785418e-15 9.922229000000000731e-18
1.869933000000000067e+00 7.853778332706828579e-15 9.600570999999999881e-18
1.870168000000000053e+00 7.994248272356712095e-15 9.616006999999999958e-18
1.870403000000000038e+00 8.211273668758982897e-15 9.692802000000000326e-18
1.870638000000000023e+00 8.371431468781193498e-15 9.788190999999999811e-18
1.870873000000000008e+00 8.148467967877531894e-15 9.753398000000000246e-18
1.871107999999999993e+00 7.509025102541353031e-15 9.290998000000000303e-18
1.871342999999999979e+00 7.183414915294469559e-15 8.761308000000000466e-18
1.871577999999999964e+00 7.115615432671879261e-15 8.801637999999999388e-18
1.871812999999999949e+00 7.284216891294118063e-15 8.949786000000000612e-18
1.872047999999999934e+00 7.781999234868132411e-15 9.223942000000000188e-18
1.872282999999999920e+00 8.012777755847357725e-15 9.751073999999999271e-18
1.872517999999999905e+00 7.752952962211265617e-15 8.890530999999999305e-18
1.872752999999999890e+00 7.606166193343242406e-15 8.789428000000000591e-18
1.872988000000000097e+00 7.118406842658868514e-15 8.565610999999999342e-18
1.873223000000000082e+00 6.316253680661896269e-15 8.112823000000000022e-18
1.873458000000000068e+00 6.223411460829977540e-15 8.092608000000000319e-18
1.873693000000000053e+00 6.705200534792857823e-15 8.564919999999999258e-18
1.873928000000000038e+00 7.309506025281384172e-15 9.434594000000000475e-18
1.874163000000000023e+00 7.614853906176572985e-15 1.037904000000000051e-17
1.874398000000000009e+00 7.928789087550082974e-15 1.220218000000000019e-17
1.874632999999999994e+00 7.787938358176151606e-15 1.637776999999999848e-17
1.874867999999999979e+00 7.608460219519338908e-15 2.038654999999999881e-17
1.875102999999999964e+00 7.629979214512600247e-15 2.105180999999999892e-17
1.875337999999999949e+00 7.426140250645034566e-15 2.031118999999999893e-17
1.875572999999999935e+00 7.478216145537523672e-15 2.043787999999999867e-17
1.875807999999999920e+00 7.940728034234619850e-15 2.155508000000000071e-17
1.876042999999999905e+00 8.358513194449541172e-15 2.263275000000000154e-17
1.876277999999999890e+00 8.173217784608692172e-15 2.198526999999999888e-17
1.876513000000000098e+00 7.949135936848640676e-15 1.919987999999999956e-17
1.876748000000000083e+00 7.648607383862017589e-15 1.459919999999999855e-17
1.876983000000000068e+00 7.209655305394564310e-15 1.271484000000000005e-17
1.877218000000000053e+00 7.015704269232697096e-15 1.121146000000000028e-17
1.877453000000000038e+00 7.370992575933552018e-15 1.013455999999999948e-17
1.877688000000000024e+00 7.605947987637398699e-15 9.658957000000000180e-18
1.877923000000000009e+00 7.271978560574772485e-15 8.912252999999999781e-18
1.878157999999999994e+00 7.139606550609164599e-15 8.538219999999999238e-18
1.878392999999999979e+00 7.117907931874038582e-15 8.565670999999999324e-18
1.878627999999999965e+00 6.521399094304791074e-15 8.043045000000000639e-18
1.878862999999999950e+00 6.470930769639278633e-15 8.074214000000000631e-18
1.879097999999999935e+00 7.194964099236081023e-15 8.689328000000000638e-18
1.879332999999999920e+00 7.409511024810653451e-15 8.789261000000000459e-18
1.879567999999999905e+00 7.187337622200194782e-15 8.639008000000000739e-18
1.879802999999999891e+00 7.213842543729560049e-15 8.937842999999999350e-18
1.880038000000000098e+00 7.397279067480415681e-15 8.847954000000000336e-18
1.880273000000000083e+00 7.591592605678561082e-15 8.738679000000000584e-18
1.880508000000000068e+00 8.017502173660914354e-15 9.140445000000000670e-18
1.880743000000000054e+00 8.480474658500856896e-15 9.752313999999999428e-18
1.880978000000000039e+00 8.337327078620915598e-15 9.613342000000000596e-18
1.881213000000000024e+00 7.678875193945340230e-15 9.020564999999999733e-18
1.881448000000000009e+00 7.067427978598005746e-15 8.663285999999999864e-18
1.881682999999999995e+00 7.097124560464970797e-15 8.898109000000000667e-18
1.881917999999999980e+00 7.683543084412308534e-15 9.953733000000000498e-18
1.882152999999999965e+00 7.914471053330150286e-15 1.260252000000000002e-17
1.882387999999999950e+00 8.389010300183330643e-15 1.473342999999999973e-17
1.882622999999999935e+00 8.740649331215807285e-15 1.252383000000000033e-17
1.882857999999999921e+00 8.662307567352376695e-15 1.106842999999999958e-17
1.883092999999999906e+00 8.576549256138074085e-15 1.293455999999999999e-17
1.883327999999999891e+00 8.438477685544378939e-15 1.315113999999999980e-17
1.883563000000000098e+00 8.313518955599619126e-15 1.321770999999999990e-17
1.883798000000000084e+00 8.259646336476855578e-15 1.357235000000000005e-17
1.884033000000000069e+00 8.085591256550911069e-15 1.362179999999999942e-17
1.884268000000000054e+00 8.172675999024217752e-15 1.333413999999999952e-17
1.884503000000000039e+00 8.307427254074132770e-15 1.353736999999999933e-17
1.884738000000000024e+00 7.954312832016762303e-15 1.330534000000000011e-17
1.884973000000000010e+00 7.509171848324175607e-15 1.359713000000000062e-17
1.885207999999999995e+00 nan 1.295834000000000034e-17
1.885442999999999980e+00 7.158919966372804920e-15 1.308568999999999989e-17
1.885677999999999965e+00 7.452351483446238483e-15 1.288933000000000042e-17
1.885912999999999951e+00 7.456979015484940521e-15 1.170088999999999937e-17
1.886147999999999936e+00 7.948516496455517662e-15 1.345295000000000051e-17
1.886382999999999921e+00 8.472319512333977192e-15 1.395043000000000012e-17
1.886617999999999906e+00 8.128949854474804524e-15 1.222665999999999931e-17
1.886852999999999891e+00 7.347082818034164687e-15 1.145443000000000046e-17
1.887088000000000099e+00 7.648567273360683195e-15 1.322120000000000018e-17
1.887323000000000084e+00 8.356778974043020479e-15 1.515058000000000062e-17
1.887558000000000069e+00 8.492945060251897670e-15 1.537099999999999933e-17
1.887793000000000054e+00 8.341239892945059002e-15 1.578180000000000026e-17
1.888028000000000040e+00 8.420586144101242617e-15 1.608972000000000100e-17
1.888263000000000025e+00 8.410319218487576844e-15 1.764035000000000028e-17
1.888498000000000010e+00 7.965138692975297107e-15 1.683794000000000086e-17
1.888732999999999995e+00 6.971705166715086083e-15 1.501371000000000021e-17
1.888967999999999980e+00 6.795484094844643889e-15 1.543606999999999986e-17
1.889202999999999966e+00 7.217322575417245721e-15 2.327799999999999893e-17
1.889437999999999951e+00 7.896948288606105041e-15 3.155497999999999940e-17
1.889672999999999936e+00 nan nan
1.889907999999999921e+00 nan nan
