# # g235h data
# # wave: um # flux: erg/s/cm^2/nm # err: erg/s/cm^2/nm
1.660198e+00 nan nan
1.660594e+00 1.330990e-14 4.006837e-17
1.660990e+00 1.316820e-14 2.430799e-17
1.661386e+00 1.339989e-14 2.196232e-17
1.661782e+00 1.377688e-14 2.205850e-17
1.662178e+00 1.368066e-14 2.127542e-17
1.662574e+00 1.385812e-14 2.047019e-17
1.662970e+00 1.422503e-14 1.839276e-17
1.663366e+00 1.406490e-14 1.457458e-17
1.663762e+00 1.391916e-14 1.239648e-17
1.664158e+00 1.419308e-14 1.382628e-17
1.664554e+00 1.454535e-14 1.147150e-17
1.664950e+00 1.442003e-14 1.090411e-17
1.665346e+00 1.429919e-14 1.073627e-17
1.665742e+00 1.426865e-14 1.058331e-17
1.666138e+00 1.405381e-14 1.036739e-17
1.666534e+00 1.382305e-14 1.020395e-17
1.666930e+00 1.368270e-14 1.008558e-17
1.667326e+00 1.339614e-14 9.963487e-18
1.667722e+00 1.313732e-14 9.959361e-18
1.668118e+00 1.332471e-14 1.014057e-17
1.668514e+00 1.381037e-14 1.031096e-17
1.668910e+00 1.413915e-14 1.093772e-17
1.669306e+00 1.407506e-14 1.147881e-17
1.669702e+00 1.384419e-14 1.151214e-17
1.670098e+00 1.375958e-14 1.174104e-17
1.670494e+00 1.409231e-14 1.200116e-17
1.670890e+00 1.437219e-14 1.250295e-17
1.671286e+00 1.434982e-14 1.275707e-17
1.671682e+00 1.429335e-14 1.391771e-17
1.672078e+00 1.399214e-14 1.496081e-17
1.672474e+00 1.381838e-14 1.513729e-17
1.672870e+00 1.383382e-14 1.562731e-17
1.673266e+00 1.395485e-14 1.594901e-17
1.673662e+00 1.418280e-14 1.669196e-17
1.674058e+00 1.411493e-14 1.747020e-17
1.674454e+00 1.394907e-14 1.929947e-17
1.674850e+00 1.432933e-14 2.204859e-17
1.675246e+00 1.438578e-14 2.239411e-17
1.675642e+00 1.424939e-14 2.420604e-17
1.676038e+00 1.420206e-14 2.738366e-17
1.676434e+00 1.396065e-14 2.871113e-17
1.676830e+00 1.380587e-14 3.067912e-17
1.677226e+00 1.417734e-14 3.463320e-17
1.677622e+00 1.405432e-14 4.962422e-17
1.678018e+00 1.428545e-14 3.867582e-17
1.678414e+00 1.420066e-14 4.357295e-17
1.678810e+00 1.425629e-14 4.880267e-17
1.679206e+00 1.444235e-14 5.225433e-17
1.679602e+00 1.437814e-14 5.318567e-17
1.679998e+00 1.424258e-14 6.106737e-17
1.680394e+00 1.446837e-14 6.768604e-17
1.680790e+00 1.456608e-14 6.776279e-17
1.681186e+00 1.412600e-14 6.502068e-17
1.681582e+00 1.389430e-14 6.335438e-17
1.681978e+00 1.412233e-14 6.357892e-17
1.682374e+00 1.435710e-14 7.184658e-17
1.682770e+00 1.438478e-14 7.074837e-17
1.683166e+00 1.441813e-14 5.441348e-17
1.683562e+00 1.455592e-14 3.883587e-17
1.683958e+00 1.450509e-14 2.554352e-17
1.684354e+00 1.415929e-14 2.119149e-17
1.684750e+00 1.373169e-14 2.010146e-17
1.685146e+00 1.380340e-14 1.841441e-17
1.685542e+00 1.404280e-14 1.801042e-17
1.685938e+00 1.428224e-14 1.702447e-17
1.686334e+00 1.424963e-14 1.709415e-17
1.686730e+00 1.367999e-14 1.535799e-17
1.687126e+00 1.355054e-14 1.504413e-17
1.687522e+00 1.379522e-14 1.517255e-17
1.687918e+00 1.378557e-14 1.501182e-17
1.688314e+00 1.352971e-14 1.443703e-17
1.688710e+00 1.343202e-14 1.355755e-17
1.689106e+00 1.329272e-14 1.259839e-17
1.689502e+00 1.329847e-14 1.175441e-17
1.689898e+00 1.372600e-14 1.169610e-17
1.690294e+00 1.411683e-14 1.175775e-17
1.690690e+00 1.424144e-14 1.133420e-17
1.691086e+00 1.424953e-14 1.115491e-17
1.691482e+00 1.437729e-14 1.122344e-17
1.691878e+00 1.406471e-14 1.111370e-17
1.692274e+00 1.345567e-14 1.065334e-17
1.692670e+00 1.347507e-14 1.025683e-17
1.693066e+00 1.415729e-14 1.029853e-17
1.693462e+00 1.407647e-14 1.008172e-17
1.693858e+00 nan nan
1.694254e+00 1.356315e-14 1.369134e-17
1.694650e+00 1.342990e-14 9.762160e-18
1.695046e+00 1.367125e-14 1.017900e-17
1.695442e+00 1.367634e-14 1.082344e-17
1.695838e+00 1.373090e-14 1.079447e-17
1.696234e+00 nan nan
1.696630e+00 1.366157e-14 1.536062e-17
1.697026e+00 1.327160e-14 1.261536e-17
1.697422e+00 1.313368e-14 1.210468e-17
1.697818e+00 1.336154e-14 1.136877e-17
1.698214e+00 1.369560e-14 1.135210e-17
1.698610e+00 1.377166e-14 1.157404e-17
1.699006e+00 1.375092e-14 1.173936e-17
1.699402e+00 1.360964e-14 1.211259e-17
1.699798e+00 1.355266e-14 1.208100e-17
1.700194e+00 1.355014e-14 1.156352e-17
1.700590e+00 1.322375e-14 1.126466e-17
1.700986e+00 1.273997e-14 1.112409e-17
1.701382e+00 1.288941e-14 1.129430e-17
1.701778e+00 1.346546e-14 1.182337e-17
1.702174e+00 1.377542e-14 1.202743e-17
1.702570e+00 1.370958e-14 1.209004e-17
1.702966e+00 1.366076e-14 1.217950e-17
1.703362e+00 1.359848e-14 1.248770e-17
1.703758e+00 1.330243e-14 1.284317e-17
1.704154e+00 1.304388e-14 1.281490e-17
1.704550e+00 1.323774e-14 1.322513e-17
1.704946e+00 1.334329e-14 1.448739e-17
1.705342e+00 1.306447e-14 1.692036e-17
1.705738e+00 1.317948e-14 1.834902e-17
1.706134e+00 1.351318e-14 1.877798e-17
1.706530e+00 1.331209e-14 2.280667e-17
1.706926e+00 1.310627e-14 2.258555e-17
1.707322e+00 1.282913e-14 1.683700e-17
1.707718e+00 1.285143e-14 1.590165e-17
1.708114e+00 1.280798e-14 1.679848e-17
1.708510e+00 1.245465e-14 1.712852e-17
1.708906e+00 1.271875e-14 1.758097e-17
1.709302e+00 1.323704e-14 1.790613e-17
1.709698e+00 1.343632e-14 1.665326e-17
1.710094e+00 1.356178e-14 1.565424e-17
1.710490e+00 1.359718e-14 1.546416e-17
1.710886e+00 1.283304e-14 1.460337e-17
1.711282e+00 1.267557e-14 1.398212e-17
1.711678e+00 1.275062e-14 1.310112e-17
1.712074e+00 1.268182e-14 1.236801e-17
1.712470e+00 1.287930e-14 1.240465e-17
1.712866e+00 1.324188e-14 1.255747e-17
1.713262e+00 1.332863e-14 1.250978e-17
1.713658e+00 1.307889e-14 1.119005e-17
1.714054e+00 1.251985e-14 1.010404e-17
1.714450e+00 1.209944e-14 9.562195e-18
1.714846e+00 1.233158e-14 9.698984e-18
1.715242e+00 1.278893e-14 1.183262e-17
1.715638e+00 1.281113e-14 9.453958e-18
1.716034e+00 nan nan
1.716430e+00 1.283624e-14 1.334401e-17
1.716826e+00 1.293143e-14 1.045569e-17
1.717222e+00 1.266520e-14 1.190417e-17
1.717618e+00 1.223168e-14 1.129270e-17
1.718014e+00 1.206892e-14 1.092532e-17
1.718410e+00 1.183136e-14 8.807490e-18
1.718806e+00 1.167460e-14 8.896537e-18
1.719202e+00 1.159839e-14 9.001827e-18
1.719598e+00 1.179202e-14 1.054672e-17
1.719994e+00 1.215304e-14 9.308584e-18
1.720390e+00 1.279993e-14 9.699903e-18
1.720786e+00 1.264650e-14 9.725732e-18
1.721182e+00 1.205868e-14 9.463838e-18
1.721578e+00 1.220172e-14 9.785824e-18
1.721974e+00 1.281081e-14 9.945357e-18
1.722370e+00 1.268567e-14 9.873051e-18
1.722766e+00 1.228656e-14 1.003057e-17
1.723162e+00 1.190506e-14 1.010253e-17
1.723558e+00 1.159951e-14 9.830288e-18
1.723954e+00 1.190275e-14 1.004566e-17
1.724350e+00 1.242532e-14 1.033715e-17
1.724746e+00 1.242612e-14 1.057834e-17
1.725142e+00 1.236113e-14 1.062040e-17
1.725538e+00 1.234405e-14 1.070705e-17
1.725934e+00 1.206530e-14 1.076676e-17
1.726330e+00 1.166820e-14 1.066133e-17
1.726726e+00 1.136540e-14 1.069660e-17
1.727122e+00 1.140231e-14 1.089197e-17
1.727518e+00 1.202293e-14 1.217236e-17
1.727914e+00 1.245498e-14 1.293881e-17
1.728310e+00 1.245088e-14 1.293439e-17
1.728706e+00 1.238656e-14 1.259893e-17
1.729102e+00 1.185315e-14 1.240503e-17
1.729498e+00 1.147737e-14 1.323568e-17
1.729894e+00 1.165765e-14 1.483507e-17
1.730290e+00 1.229215e-14 1.646100e-17
1.730686e+00 1.272445e-14 1.794821e-17
1.731082e+00 1.234205e-14 1.730993e-17
1.731478e+00 1.148970e-14 1.580633e-17
1.731874e+00 1.088913e-14 1.467418e-17
1.732270e+00 1.122091e-14 1.596042e-17
1.732666e+00 1.186732e-14 1.699786e-17
1.733062e+00 1.209642e-14 2.100415e-17
1.733458e+00 1.202530e-14 2.334163e-17
1.733854e+00 1.181705e-14 2.493336e-17
1.734250e+00 1.138170e-14 2.585391e-17
1.734646e+00 1.106783e-14 5.844290e-17
1.735042e+00 1.128829e-14 2.643150e-17
1.735438e+00 1.124821e-14 2.539056e-17
1.735834e+00 1.141099e-14 2.391523e-17
1.736230e+00 1.186894e-14 2.346583e-17
1.736626e+00 1.217322e-14 1.918331e-17
1.737022e+00 1.152297e-14 1.485018e-17
1.737418e+00 1.173583e-14 1.490051e-17
1.737814e+00 1.179592e-14 1.484669e-17
1.738210e+00 1.158699e-14 1.416586e-17
1.738606e+00 1.180491e-14 1.417494e-17
1.739002e+00 1.194753e-14 1.217318e-17
1.739398e+00 1.183730e-14 1.091833e-17
1.739794e+00 1.172682e-14 1.188799e-17
1.740190e+00 1.105210e-14 9.315047e-18
1.740586e+00 1.073498e-14 9.061302e-18
1.740982e+00 1.092424e-14 9.157169e-18
1.741378e+00 1.171240e-14 9.845347e-18
1.741774e+00 1.201162e-14 9.835490e-18
1.742170e+00 1.200434e-14 1.017348e-17
1.742566e+00 1.136714e-14 1.008983e-17
1.742962e+00 1.121826e-14 1.022833e-17
1.743358e+00 1.148458e-14 1.048200e-17
1.743754e+00 1.133797e-14 1.040705e-17
1.744150e+00 1.122866e-14 1.019293e-17
1.744546e+00 1.151536e-14 1.089593e-17
1.744942e+00 1.144885e-14 1.125608e-17
1.745338e+00 1.150712e-14 1.233883e-17
1.745734e+00 1.172680e-14 1.318057e-17
1.746130e+00 1.193252e-14 1.324623e-17
1.746526e+00 1.168578e-14 1.294080e-17
1.746922e+00 1.116959e-14 1.255403e-17
1.747318e+00 1.084446e-14 1.225245e-17
1.747714e+00 1.086801e-14 1.276890e-17
1.748110e+00 nan nan
1.748506e+00 1.105134e-14 1.329791e-17
1.748902e+00 1.172647e-14 1.146213e-17
1.749298e+00 1.144583e-14 1.009304e-17
1.749694e+00 1.139792e-14 1.040626e-17
1.750090e+00 1.112113e-14 9.999654e-18
1.750486e+00 1.023480e-14 9.802702e-18
1.750882e+00 1.012043e-14 9.371420e-18
1.751278e+00 1.076823e-14 9.594781e-18
1.751674e+00 1.086346e-14 9.493789e-18
1.752070e+00 1.083723e-14 1.257213e-17
1.752466e+00 1.116633e-14 1.328224e-17
1.752862e+00 1.165657e-14 1.114132e-17
1.753258e+00 1.139134e-14 1.118335e-17
1.753654e+00 1.098859e-14 1.061852e-17
1.754050e+00 1.070620e-14 1.022234e-17
1.754446e+00 1.054604e-14 1.001377e-17
1.754842e+00 1.095521e-14 1.033395e-17
1.755238e+00 1.111027e-14 1.071749e-17
1.755634e+00 1.058378e-14 1.115122e-17
1.756030e+00 1.011906e-14 1.127349e-17
1.756426e+00 9.998259e-15 1.141647e-17
1.756822e+00 1.018741e-14 1.110918e-17
1.757218e+00 1.071262e-14 1.129242e-17
1.757614e+00 1.091135e-14 1.146015e-17
1.758010e+00 1.061236e-14 1.169644e-17
1.758406e+00 1.039779e-14 1.168808e-17
1.758802e+00 1.028984e-14 1.125442e-17
1.759198e+00 1.051402e-14 1.111337e-17
1.759594e+00 1.080835e-14 1.138601e-17
1.759990e+00 1.095767e-14 1.462317e-17
1.760386e+00 nan nan
1.760782e+00 1.029672e-14 1.190907e-17
1.761178e+00 1.020108e-14 1.490553e-17
1.761574e+00 1.081456e-14 1.539715e-17
1.761970e+00 1.069715e-14 1.253337e-17
1.762366e+00 1.007100e-14 1.170157e-17
1.762762e+00 9.907110e-15 1.135012e-17
1.763158e+00 nan nan
1.763554e+00 nan nan
1.763950e+00 1.100568e-14 1.212206e-17
1.764346e+00 1.028565e-14 1.113615e-17
1.764742e+00 1.030702e-14 1.127014e-17
1.765138e+00 1.076177e-14 1.179496e-17
1.765534e+00 1.078933e-14 1.327451e-17
1.765930e+00 1.111549e-14 1.412036e-17
1.766326e+00 1.149440e-14 1.466639e-17
1.766722e+00 1.095498e-14 1.395894e-17
1.767118e+00 1.012209e-14 1.299019e-17
1.767514e+00 9.828545e-15 1.266786e-17
1.767910e+00 9.716519e-15 1.389317e-17
1.768306e+00 9.594533e-15 1.254407e-17
1.768702e+00 9.801306e-15 1.292191e-17
1.769098e+00 1.025004e-14 1.337331e-17
1.769494e+00 1.070292e-14 1.358138e-17
1.769890e+00 1.079007e-14 1.396677e-17
1.770286e+00 1.055255e-14 1.383577e-17
1.770682e+00 1.042900e-14 1.284099e-17
1.771078e+00 1.011857e-14 1.206339e-17
1.771474e+00 1.015562e-14 1.234627e-17
1.771870e+00 1.018681e-14 1.441247e-17
1.772266e+00 1.008572e-14 2.512569e-17
1.772662e+00 9.486034e-15 1.472379e-17
1.773058e+00 9.664554e-15 1.272966e-17
1.773454e+00 1.030973e-14 1.362033e-17
1.773850e+00 1.057167e-14 1.391676e-17
1.774246e+00 1.012822e-14 1.342695e-17
1.774642e+00 9.521079e-15 1.289772e-17
1.775038e+00 9.200310e-15 1.245306e-17
1.775434e+00 9.480613e-15 1.292028e-17
1.775830e+00 9.716141e-15 1.313610e-17
1.776226e+00 9.421019e-15 1.282660e-17
1.776622e+00 9.250914e-15 1.278100e-17
1.777018e+00 9.628656e-15 1.307320e-17
1.777414e+00 9.815446e-15 1.078926e-17
1.777810e+00 9.685540e-15 8.955503e-18
1.778206e+00 9.690724e-15 8.577961e-18
1.778602e+00 9.719001e-15 8.523520e-18
1.778998e+00 9.513435e-15 8.505313e-18
1.779394e+00 9.171029e-15 8.413088e-18
1.779790e+00 9.279271e-15 8.725958e-18
1.780186e+00 9.940254e-15 9.257258e-18
1.780582e+00 nan nan
1.780978e+00 9.414468e-15 9.745803e-18
1.781374e+00 8.985068e-15 1.005497e-17
1.781770e+00 9.261718e-15 1.035491e-17
1.782166e+00 9.550615e-15 1.123332e-17
1.782562e+00 9.400777e-15 1.119591e-17
1.782958e+00 9.603645e-15 1.081437e-17
1.783354e+00 1.015351e-14 1.173466e-17
1.783750e+00 1.044572e-14 1.240399e-17
1.784146e+00 1.027802e-14 1.245930e-17
1.784542e+00 9.847331e-15 1.207027e-17
1.784938e+00 9.448446e-15 1.158846e-17
1.785334e+00 9.130035e-15 1.103678e-17
1.785730e+00 8.773724e-15 1.001792e-17
1.786126e+00 8.910585e-15 8.910873e-18
1.786522e+00 9.152968e-15 8.680937e-18
1.786918e+00 8.640872e-15 8.076373e-18
1.787314e+00 8.412708e-15 7.804984e-18
1.787710e+00 8.753706e-15 7.845863e-18
1.788106e+00 9.025588e-15 7.974369e-18
1.788502e+00 9.036807e-15 7.887598e-18
1.788898e+00 9.157961e-15 7.860017e-18
1.789294e+00 9.516366e-15 7.986310e-18
1.789690e+00 9.647366e-15 7.917106e-18
1.790086e+00 9.327344e-15 7.724046e-18
1.790482e+00 9.016056e-15 7.592422e-18
1.790878e+00 9.153882e-15 7.724457e-18
1.791274e+00 9.131898e-15 7.793570e-18
1.791670e+00 8.892864e-15 7.794860e-18
1.792066e+00 8.838175e-15 7.888116e-18
1.792462e+00 8.988824e-15 9.924210e-18
1.792858e+00 9.081022e-15 1.031206e-17
1.793254e+00 8.731711e-15 1.001568e-17
1.793650e+00 8.443314e-15 8.397155e-18
1.794046e+00 8.560510e-15 8.237647e-18
1.794442e+00 8.720295e-15 8.403333e-18
1.794838e+00 8.645743e-15 8.510948e-18
1.795234e+00 8.868762e-15 8.936797e-18
1.795630e+00 9.541653e-15 9.495735e-18
1.796026e+00 9.063797e-15 9.077072e-18
1.796422e+00 8.428858e-15 8.658584e-18
1.796818e+00 9.003018e-15 9.094578e-18
1.797214e+00 9.440244e-15 9.359614e-18
1.797610e+00 9.381456e-15 9.196504e-18
1.798006e+00 9.336917e-15 8.626048e-18
1.798402e+00 9.585665e-15 8.580167e-18
1.798798e+00 9.413223e-15 8.415044e-18
1.799194e+00 8.660808e-15 8.005408e-18
1.799590e+00 8.265572e-15 7.783997e-18
1.799986e+00 8.414993e-15 7.828364e-18
1.800382e+00 8.510130e-15 8.085514e-18
1.800778e+00 8.144152e-15 7.797262e-18
1.801174e+00 7.820683e-15 8.879864e-18
1.801570e+00 8.121412e-15 8.151195e-18
1.801966e+00 8.404425e-15 8.751901e-18
1.802362e+00 8.184958e-15 8.017917e-18
1.802758e+00 8.128303e-15 7.819318e-18
1.803154e+00 8.537733e-15 7.975430e-18
1.803550e+00 8.694303e-15 8.191627e-18
1.803946e+00 9.025990e-15 8.508696e-18
1.804342e+00 9.359614e-15 8.597380e-18
1.804738e+00 9.123175e-15 8.323459e-18
1.805134e+00 8.771288e-15 7.691792e-18
1.805530e+00 8.450198e-15 7.391127e-18
1.805926e+00 8.276652e-15 7.712229e-18
1.806322e+00 8.528494e-15 8.005008e-18
1.806718e+00 8.627190e-15 8.071255e-18
1.807114e+00 8.068991e-15 7.679209e-18
1.807510e+00 7.851345e-15 7.235537e-18
1.807906e+00 8.401725e-15 7.542586e-18
1.808302e+00 8.646444e-15 8.242680e-18
1.808698e+00 8.352393e-15 8.511212e-18
1.809094e+00 8.473733e-15 8.738161e-18
1.809490e+00 8.777697e-15 8.812069e-18
1.809886e+00 8.892740e-15 8.836847e-18
1.810282e+00 8.507783e-15 8.896869e-18
1.810678e+00 7.664064e-15 8.932676e-18
1.811074e+00 7.568524e-15 9.080191e-18
1.811470e+00 8.164614e-15 9.623865e-18
1.811866e+00 8.484406e-15 9.902504e-18
1.812262e+00 nan nan
1.812658e+00 nan nan
1.813054e+00 8.168223e-15 8.437099e-18
1.813450e+00 8.559407e-15 8.766382e-18
1.813846e+00 8.924472e-15 8.786067e-18
1.814242e+00 9.555601e-15 9.044191e-18
1.814638e+00 9.982325e-15 2.150526e-17
1.815034e+00 8.990255e-15 8.966462e-18
1.815430e+00 8.764307e-15 9.105865e-18
1.815826e+00 8.915686e-15 9.680889e-18
1.816222e+00 8.950833e-15 9.173726e-18
1.816618e+00 8.837793e-15 8.608275e-18
1.817014e+00 8.151085e-15 8.034360e-18
1.817410e+00 7.839789e-15 7.846784e-18
1.817806e+00 8.040074e-15 8.281876e-18
1.818202e+00 8.034772e-15 8.364277e-18
1.818598e+00 8.034470e-15 1.034409e-17
1.818994e+00 8.321018e-15 1.169249e-17
1.819390e+00 8.150338e-15 1.211521e-17
1.819786e+00 8.028647e-15 1.206997e-17
1.820182e+00 8.354281e-15 1.393917e-17
1.820578e+00 8.288757e-15 1.208669e-17
1.820974e+00 8.115546e-15 1.142081e-17
1.821370e+00 7.887188e-15 1.106287e-17
1.821766e+00 7.559233e-15 1.079990e-17
1.822162e+00 7.461632e-15 1.071174e-17
1.822558e+00 7.870185e-15 1.107284e-17
1.822954e+00 8.580277e-15 1.148220e-17
1.823350e+00 9.076807e-15 1.180944e-17
1.823746e+00 9.204399e-15 1.146622e-17
1.824142e+00 9.153935e-15 9.620125e-18
1.824538e+00 8.779238e-15 8.531803e-18
1.824934e+00 8.136042e-15 7.424925e-18
1.825330e+00 7.977476e-15 7.022929e-18
1.825726e+00 8.244604e-15 7.131487e-18
1.826122e+00 7.601870e-15 6.634277e-18
1.826518e+00 7.278985e-15 6.336801e-18
1.826914e+00 7.933935e-15 6.661668e-18
1.827310e+00 8.276696e-15 6.870565e-18
1.827706e+00 8.281439e-15 6.898803e-18
1.828102e+00 8.526622e-15 6.913483e-18
1.828498e+00 8.682262e-15 6.901458e-18
1.828894e+00 8.453838e-15 6.770355e-18
1.829290e+00 8.597378e-15 7.066720e-18
1.829686e+00 8.857249e-15 7.965136e-18
1.830082e+00 8.644883e-15 9.668260e-18
1.830478e+00 8.241734e-15 9.881790e-18
1.830874e+00 8.426073e-15 1.009301e-17
1.831270e+00 8.539975e-15 1.034478e-17
1.831666e+00 8.444607e-15 1.031778e-17
1.832062e+00 7.996491e-15 9.953628e-18
1.832458e+00 7.595229e-15 9.562024e-18
1.832854e+00 7.754838e-15 9.283968e-18
1.833250e+00 8.128009e-15 8.481052e-18
1.833646e+00 8.226313e-15 8.216795e-18
1.834042e+00 8.199795e-15 7.834411e-18
1.834438e+00 8.249343e-15 9.872220e-18
1.834834e+00 7.963509e-15 9.618064e-18
1.835230e+00 8.085410e-15 9.700564e-18
1.835626e+00 8.423806e-15 7.886351e-18
1.836022e+00 8.279950e-15 6.912770e-18
1.836418e+00 8.444064e-15 7.004206e-18
1.836814e+00 8.735032e-15 7.577233e-18
1.837210e+00 8.407794e-15 7.413039e-18
1.837606e+00 7.644261e-15 6.995533e-18
1.838002e+00 7.634209e-15 6.874439e-18
1.838398e+00 8.200320e-15 7.438616e-18
1.838794e+00 8.231351e-15 7.781539e-18
1.839190e+00 7.824709e-15 7.612629e-18
1.839586e+00 7.523325e-15 7.489648e-18
1.839982e+00 7.744517e-15 7.698126e-18
1.840378e+00 8.100646e-15 7.914025e-18
1.840774e+00 8.507344e-15 8.063631e-18
1.841170e+00 9.010367e-15 8.679809e-18
1.841566e+00 8.513751e-15 8.663645e-18
1.841962e+00 7.532265e-15 8.065616e-18
1.842358e+00 7.227583e-15 7.843235e-18
1.842754e+00 7.367005e-15 8.044227e-18
1.843150e+00 7.493446e-15 8.154002e-18
1.843546e+00 7.466658e-15 8.062181e-18
1.843942e+00 7.293219e-15 7.874371e-18
1.844338e+00 7.145880e-15 7.790649e-18
1.844734e+00 7.435035e-15 8.060350e-18
1.845130e+00 nan nan
1.845526e+00 nan nan
1.845922e+00 7.840116e-15 8.301753e-18
1.846318e+00 7.936541e-15 8.765592e-18
1.846714e+00 7.404993e-15 8.301420e-18
1.847110e+00 7.044800e-15 7.927795e-18
1.847506e+00 7.161011e-15 7.727954e-18
1.847902e+00 6.897266e-15 7.322860e-18
1.848298e+00 6.397762e-15 6.959875e-18
1.848694e+00 6.631653e-15 7.122654e-18
1.849090e+00 7.242807e-15 7.231017e-18
1.849486e+00 7.380840e-15 7.373578e-18
1.849882e+00 7.358794e-15 8.173487e-18
1.850278e+00 7.301931e-15 8.713701e-18
1.850674e+00 7.427835e-15 8.852857e-18
1.851070e+00 7.867110e-15 8.823271e-18
1.851466e+00 8.154366e-15 8.929526e-18
1.851862e+00 8.305042e-15 9.031698e-18
1.852258e+00 8.269238e-15 8.723533e-18
1.852654e+00 8.041636e-15 8.579076e-18
1.853050e+00 7.460794e-15 8.078735e-18
1.853446e+00 7.146494e-15 7.779745e-18
1.853842e+00 7.169723e-15 8.212649e-18
1.854238e+00 7.399406e-15 8.529957e-18
1.854634e+00 7.621738e-15 8.224229e-18
1.855030e+00 7.179249e-15 7.649062e-18
1.855426e+00 7.556616e-15 7.845695e-18
1.855822e+00 7.688611e-15 7.838952e-18
1.856218e+00 7.028726e-15 7.233589e-18
1.856614e+00 6.344655e-15 6.650818e-18
1.857010e+00 6.480693e-15 6.746461e-18
1.857406e+00 6.920776e-15 6.426483e-18
1.857802e+00 6.654938e-15 6.021551e-18
1.858198e+00 6.356616e-15 5.693646e-18
1.858594e+00 6.532063e-15 5.828746e-18
1.858990e+00 6.654772e-15 5.824661e-18
1.859386e+00 6.787729e-15 5.794773e-18
1.859782e+00 6.922209e-15 5.808352e-18
1.860178e+00 6.805242e-15 5.700274e-18
1.860574e+00 6.675387e-15 5.614976e-18
1.860970e+00 6.650621e-15 5.542109e-18
1.861366e+00 6.733767e-15 5.574804e-18
1.861762e+00 7.174088e-15 5.746654e-18
1.862158e+00 7.462001e-15 5.857115e-18
1.862554e+00 7.163859e-15 5.753038e-18
1.862950e+00 7.010056e-15 6.005526e-18
1.863346e+00 7.342564e-15 6.488678e-18
1.863742e+00 7.524636e-15 6.954870e-18
1.864138e+00 7.336039e-15 7.092282e-18
1.864534e+00 7.209502e-15 7.068955e-18
1.864930e+00 7.059477e-15 7.163978e-18
1.865326e+00 6.702297e-15 7.605674e-18
1.865722e+00 6.761717e-15 7.987429e-18
1.866118e+00 7.302356e-15 8.562245e-18
1.866514e+00 7.671768e-15 9.093032e-18
1.866910e+00 7.551502e-15 9.052947e-18
1.867306e+00 7.362203e-15 8.675905e-18
1.867702e+00 6.896327e-15 7.427534e-18
1.868098e+00 6.606355e-15 6.743868e-18
1.868494e+00 7.137684e-15 6.873947e-18
1.868890e+00 7.437695e-15 7.188611e-18
1.869286e+00 7.533873e-15 7.596807e-18
1.869682e+00 7.548851e-15 8.931977e-18
1.870078e+00 7.658374e-15 8.910884e-18
1.870474e+00 7.778097e-15 9.477413e-18
1.870870e+00 7.709874e-15 8.934887e-18
1.871266e+00 7.009687e-15 8.352602e-18
1.871662e+00 6.992351e-15 9.639837e-18
1.872058e+00 7.338236e-15 1.102911e-17
1.872454e+00 7.332898e-15 1.111342e-17
1.872850e+00 6.839096e-15 1.061822e-17
1.873246e+00 6.300817e-15 1.129610e-17
1.873642e+00 6.520442e-15 1.451984e-17
1.874038e+00 7.162143e-15 1.708320e-17
1.874434e+00 7.440431e-15 1.876801e-17
1.874830e+00 7.322506e-15 1.858804e-17
1.875226e+00 7.227449e-15 1.837662e-17
1.875622e+00 7.451113e-15 1.892547e-17
1.876018e+00 7.764389e-15 1.980575e-17
1.876414e+00 7.586253e-15 1.918682e-17
1.876810e+00 7.206522e-15 1.835205e-17
1.877206e+00 7.076078e-15 1.719656e-17
1.877602e+00 7.079533e-15 1.247391e-17
1.877998e+00 6.923331e-15 1.029919e-17
1.878394e+00 6.542689e-15 8.837286e-18
1.878790e+00 6.548170e-15 9.551790e-18
1.879186e+00 6.864337e-15 7.363307e-18
1.879582e+00 6.998375e-15 7.241470e-18
1.879978e+00 7.129545e-15 7.350266e-18
1.880374e+00 7.554868e-15 7.560388e-18
1.880770e+00 7.835787e-15 7.499348e-18
1.881166e+00 7.466285e-15 7.192033e-18
1.881562e+00 7.074665e-15 7.011900e-18
1.881958e+00 7.400840e-15 7.288205e-18
1.882354e+00 7.944179e-15 7.629221e-18
1.882750e+00 8.262583e-15 8.796115e-18
1.883146e+00 8.297597e-15 7.958113e-18
1.883542e+00 8.227673e-15 1.147997e-17
1.883938e+00 7.977760e-15 7.455225e-18
1.884334e+00 7.835188e-15 7.496890e-18
1.884730e+00 7.510520e-15 7.995775e-18
1.885126e+00 7.190415e-15 7.700689e-18
1.885522e+00 7.007948e-15 6.875904e-18
1.885918e+00 7.473319e-15 1.361881e-17
1.886314e+00 7.700558e-15 7.076171e-18
1.886710e+00 7.539843e-15 7.007519e-18
1.887106e+00 7.588417e-15 6.812241e-18
1.887502e+00 7.955601e-15 6.793847e-18
1.887898e+00 8.033457e-15 6.747871e-18
1.888294e+00 7.752820e-15 6.516811e-18
1.888690e+00 7.119061e-15 6.199659e-18
1.889086e+00 6.967327e-15 6.062107e-18
1.889482e+00 7.605984e-15 6.254726e-18
1.889878e+00 7.902770e-15 6.486188e-18
1.890274e+00 7.678466e-15 6.445309e-18
1.890670e+00 7.975557e-15 6.245436e-18
1.891066e+00 nan nan
1.891462e+00 nan nan
1.891858e+00 6.850303e-15 6.676033e-18
1.892254e+00 6.727030e-15 6.661103e-18
1.892650e+00 7.007622e-15 6.894838e-18
1.893046e+00 7.126172e-15 6.248891e-18
1.893442e+00 7.192431e-15 6.265519e-18
1.893838e+00 7.183516e-15 6.375191e-18
1.894234e+00 7.029398e-15 6.713530e-18
1.894630e+00 6.851839e-15 6.599974e-18
1.895026e+00 7.004676e-15 6.302837e-18
1.895422e+00 7.630347e-15 6.479494e-18
1.895818e+00 7.557891e-15 6.299816e-18
1.896214e+00 7.180780e-15 6.182307e-18
1.896610e+00 7.643128e-15 6.772862e-18
1.897006e+00 8.120203e-15 7.533538e-18
1.897402e+00 7.854832e-15 7.057859e-18
1.897798e+00 7.341976e-15 6.488570e-18
1.898194e+00 6.898173e-15 6.154686e-18
1.898590e+00 7.012082e-15 6.865219e-18
1.898986e+00 7.589817e-15 6.154274e-18
1.899382e+00 8.002608e-15 6.384279e-18
1.899778e+00 7.990300e-15 6.353548e-18
1.900174e+00 7.976589e-15 6.518440e-18
1.900570e+00 7.830708e-15 6.798802e-18
1.900966e+00 nan nan
1.901362e+00 nan nan
1.901758e+00 nan nan
1.902154e+00 7.879968e-15 7.575726e-18
1.902550e+00 7.729669e-15 7.098990e-18
1.902946e+00 7.206349e-15 6.654865e-18
1.903342e+00 7.127919e-15 6.472400e-18
1.903738e+00 7.167669e-15 6.746189e-18
1.904134e+00 7.406121e-15 7.060451e-18
1.904530e+00 7.711467e-15 7.355289e-18
1.904926e+00 7.806154e-15 7.658306e-18
1.905322e+00 7.621310e-15 8.274812e-18
1.905718e+00 7.300754e-15 8.232914e-18
1.906114e+00 7.171873e-15 8.000209e-18
1.906510e+00 7.261783e-15 7.666239e-18
1.906906e+00 7.307415e-15 7.611745e-18
1.907302e+00 7.470540e-15 7.620474e-18
1.907698e+00 7.712007e-15 7.723303e-18
1.908094e+00 7.894740e-15 7.896525e-18
1.908490e+00 7.841262e-15 8.076309e-18
1.908886e+00 7.678726e-15 8.104855e-18
1.909282e+00 7.515506e-15 7.953848e-18
1.909678e+00 7.462184e-15 7.658189e-18
1.910074e+00 7.483970e-15 7.599559e-18
1.910470e+00 7.228601e-15 7.433299e-18
1.910866e+00 6.831464e-15 7.146031e-18
1.911262e+00 6.395957e-15 6.734055e-18
1.911658e+00 6.282601e-15 6.536086e-18
1.912054e+00 6.932449e-15 9.571652e-18
1.912450e+00 7.622362e-15 7.084069e-18
1.912846e+00 7.768373e-15 7.069886e-18
1.913242e+00 7.867758e-15 6.933322e-18
1.913638e+00 7.930973e-15 7.154534e-18
1.914034e+00 8.161163e-15 7.128771e-18
1.914430e+00 7.940881e-15 6.707493e-18
1.914826e+00 7.687485e-15 6.483681e-18
1.915222e+00 7.870227e-15 6.735273e-18
1.915618e+00 7.930596e-15 6.804948e-18
1.916014e+00 7.325254e-15 6.375955e-18
1.916410e+00 6.906196e-15 6.001389e-18
1.916806e+00 6.864473e-15 6.862106e-18
1.917202e+00 7.155971e-15 6.960262e-18
1.917598e+00 7.328692e-15 6.019795e-18
1.917994e+00 7.371900e-15 6.011056e-18
1.918390e+00 7.459950e-15 6.036225e-18
1.918786e+00 7.776252e-15 6.098071e-18
1.919182e+00 7.951282e-15 6.129200e-18
1.919578e+00 7.674780e-15 6.019900e-18
1.919974e+00 7.541063e-15 5.903067e-18
1.920370e+00 7.389196e-15 5.896599e-18
1.920766e+00 6.812982e-15 5.636211e-18
1.921162e+00 7.046696e-15 5.747846e-18
1.921558e+00 7.474174e-15 5.794403e-18
1.921954e+00 7.443529e-15 5.859327e-18
1.922350e+00 7.537486e-15 7.430875e-18
1.922746e+00 8.682695e-15 1.761617e-17
1.923142e+00 nan nan
1.923538e+00 nan nan
1.923934e+00 7.071765e-15 5.941567e-18
1.924330e+00 7.124873e-15 5.937921e-18
1.924726e+00 7.440642e-15 7.519037e-18
1.925122e+00 7.558967e-15 6.418050e-18
1.925518e+00 7.577436e-15 6.352521e-18
1.925914e+00 7.448532e-15 6.196985e-18
1.926310e+00 7.214746e-15 5.995399e-18
1.926706e+00 6.843232e-15 5.723402e-18
1.927102e+00 6.913506e-15 5.716446e-18
1.927498e+00 7.516172e-15 6.245843e-18
1.927894e+00 8.072802e-15 6.751130e-18
1.928290e+00 7.968230e-15 6.507163e-18
1.928686e+00 7.548773e-15 6.453382e-18
1.929082e+00 7.500930e-15 5.921824e-18
1.929478e+00 7.463331e-15 5.889458e-18
1.929874e+00 7.356638e-15 6.105262e-18
1.930270e+00 6.968800e-15 6.522521e-18
1.930666e+00 6.667455e-15 5.618416e-18
1.931062e+00 6.531514e-15 9.153639e-18
1.931458e+00 nan nan
1.931854e+00 6.726015e-15 6.188420e-18
1.932250e+00 7.225018e-15 5.830714e-18
1.932646e+00 7.475900e-15 5.917903e-18
1.933042e+00 7.555648e-15 6.068391e-18
1.933438e+00 7.400158e-15 6.014738e-18
1.933834e+00 7.134390e-15 5.879828e-18
1.934230e+00 7.425342e-15 6.007044e-18
1.934626e+00 7.787645e-15 6.238126e-18
1.935022e+00 7.775965e-15 6.385042e-18
1.935418e+00 7.804652e-15 1.078321e-17
1.935814e+00 7.700304e-15 8.788232e-18
1.936210e+00 7.558730e-15 7.049440e-18
1.936606e+00 7.574574e-15 7.339310e-18
1.937002e+00 7.808359e-15 7.561365e-18
1.937398e+00 7.834294e-15 7.538669e-18
1.937794e+00 7.654495e-15 7.503098e-18
1.938190e+00 7.121206e-15 7.240345e-18
1.938586e+00 6.710871e-15 7.282364e-18
1.938982e+00 6.704309e-15 7.241537e-18
1.939378e+00 6.820043e-15 6.988090e-18
1.939774e+00 7.056305e-15 1.572071e-17
1.940170e+00 7.231711e-15 1.704584e-17
1.940566e+00 7.224867e-15 1.697700e-17
1.940962e+00 7.133335e-15 7.844140e-18
1.941358e+00 7.564631e-15 8.244702e-18
1.941754e+00 7.763336e-15 8.496808e-18
1.942150e+00 7.669115e-15 8.545833e-18
1.942546e+00 7.682702e-15 8.561602e-18
1.942942e+00 7.382024e-15 8.300742e-18
1.943338e+00 6.843531e-15 8.544072e-18
1.943734e+00 7.020727e-15 9.414822e-18
1.944130e+00 7.454315e-15 1.027669e-17
1.944526e+00 7.046848e-15 1.054417e-17
1.944922e+00 6.698115e-15 1.021797e-17
1.945318e+00 6.500343e-15 9.980872e-18
1.945714e+00 5.965715e-15 9.296476e-18
1.946110e+00 6.154385e-15 9.516215e-18
1.946506e+00 7.041046e-15 1.068728e-17
1.946902e+00 7.498294e-15 1.112288e-17
1.947298e+00 7.455182e-15 1.053901e-17
1.947694e+00 7.330663e-15 9.916139e-18
1.948090e+00 6.929660e-15 9.318492e-18
1.948486e+00 6.812916e-15 9.041822e-18
1.948882e+00 7.065312e-15 9.201838e-18
1.949278e+00 7.232946e-15 8.935435e-18
1.949674e+00 7.300479e-15 8.751431e-18
1.950070e+00 7.346261e-15 8.592388e-18
1.950466e+00 6.909082e-15 7.712952e-18
1.950862e+00 6.635166e-15 7.428736e-18
1.951258e+00 6.662193e-15 9.794785e-18
1.951654e+00 6.980943e-15 1.773411e-17
1.952050e+00 7.276032e-15 1.099886e-17
1.952446e+00 7.320667e-15 7.015308e-18
1.952842e+00 7.002622e-15 6.175360e-18
1.953238e+00 6.968433e-15 7.133321e-18
1.953634e+00 7.608828e-15 6.852670e-18
1.954030e+00 7.849197e-15 6.641902e-18
1.954426e+00 7.628396e-15 6.536643e-18
1.954822e+00 7.654869e-15 6.557276e-18
1.955218e+00 7.275474e-15 6.653396e-18
1.955614e+00 6.870787e-15 6.383991e-18
1.956010e+00 6.883107e-15 6.320627e-18
1.956406e+00 6.789196e-15 6.168300e-18
1.956802e+00 7.163964e-15 6.394166e-18
1.957198e+00 7.560787e-15 6.559774e-18
1.957594e+00 7.928226e-15 6.756228e-18
1.957990e+00 7.645989e-15 6.577069e-18
1.958386e+00 7.580891e-15 6.820443e-18
1.958782e+00 8.098879e-15 7.320749e-18
1.959178e+00 8.084520e-15 7.393759e-18
1.959574e+00 nan nan
1.959970e+00 nan nan
1.960366e+00 nan nan
1.960762e+00 nan nan
1.961158e+00 6.810899e-15 7.741587e-18
1.961554e+00 7.115857e-15 7.429274e-18
1.961950e+00 7.388777e-15 7.643925e-18
1.962346e+00 7.464299e-15 7.448326e-18
1.962742e+00 7.658780e-15 7.582762e-18
1.963138e+00 7.623175e-15 7.531886e-18
1.963534e+00 7.095075e-15 7.173521e-18
1.963930e+00 7.109758e-15 7.237611e-18
1.964326e+00 7.433050e-15 7.498466e-18
1.964722e+00 7.238262e-15 7.854501e-18
1.965118e+00 7.138992e-15 8.376644e-18
1.965514e+00 7.335803e-15 7.645529e-18
1.965910e+00 7.311118e-15 7.553112e-18
1.966306e+00 7.386541e-15 7.571867e-18
1.966702e+00 7.463739e-15 7.520331e-18
1.967098e+00 7.284996e-15 7.320319e-18
1.967494e+00 7.107104e-15 7.218497e-18
1.967890e+00 6.993260e-15 7.044769e-18
1.968286e+00 7.038885e-15 6.615425e-18
1.968682e+00 7.364442e-15 6.556284e-18
1.969078e+00 7.482505e-15 1.057929e-17
1.969474e+00 nan nan
1.969870e+00 nan nan
1.970266e+00 8.398433e-15 1.735578e-17
1.970662e+00 7.835273e-15 8.261848e-18
1.971058e+00 6.947839e-15 6.316880e-18
1.971454e+00 7.045436e-15 6.334031e-18
1.971850e+00 7.093534e-15 5.927135e-18
1.972246e+00 7.291023e-15 5.941848e-18
1.972642e+00 7.471570e-15 6.143184e-18
1.973038e+00 7.037291e-15 5.927093e-18
1.973434e+00 6.932593e-15 6.074815e-18
1.973830e+00 7.048486e-15 6.263761e-18
1.974226e+00 7.063842e-15 6.370133e-18
1.974622e+00 7.378610e-15 6.947161e-18
1.975018e+00 7.437551e-15 7.143779e-18
1.975414e+00 6.885065e-15 7.227258e-18
1.975810e+00 6.188989e-15 6.694987e-18
1.976206e+00 6.120151e-15 6.695334e-18
1.976602e+00 6.620334e-15 6.964606e-18
1.976998e+00 7.033904e-15 6.914845e-18
1.977394e+00 6.891189e-15 6.555893e-18
1.977790e+00 6.268400e-15 6.135937e-18
1.978186e+00 5.680562e-15 5.876970e-18
1.978582e+00 6.197551e-15 6.590544e-18
1.978978e+00 7.085140e-15 7.559689e-18
1.979374e+00 7.055665e-15 7.538461e-18
1.979770e+00 nan nan
1.980166e+00 6.473875e-15 9.788408e-18
1.980562e+00 6.404791e-15 7.062653e-18
1.980958e+00 6.729998e-15 7.221701e-18
1.981354e+00 6.961779e-15 6.846843e-18
1.981750e+00 7.011416e-15 6.465184e-18
1.982146e+00 6.987896e-15 6.452583e-18
1.982542e+00 6.591350e-15 6.182062e-18
1.982938e+00 6.585914e-15 6.251266e-18
1.983334e+00 7.091718e-15 6.856354e-18
1.983730e+00 7.071384e-15 6.996336e-18
1.984126e+00 6.896496e-15 6.999270e-18
1.984522e+00 6.956390e-15 6.515781e-18
1.984918e+00 6.949201e-15 6.499230e-18
1.985314e+00 6.854434e-15 6.418585e-18
1.985710e+00 6.655382e-15 6.410693e-18
1.986106e+00 6.497269e-15 9.018392e-18
1.986502e+00 6.371562e-15 7.025664e-18
1.986898e+00 6.327445e-15 5.921790e-18
1.987294e+00 6.569436e-15 7.175495e-18
1.987690e+00 6.722850e-15 6.355382e-18
1.988086e+00 6.701898e-15 6.351638e-18
1.988482e+00 6.941779e-15 6.349023e-18
1.988878e+00 7.222768e-15 6.481708e-18
1.989274e+00 7.027089e-15 6.397634e-18
1.989670e+00 6.710666e-15 5.986428e-18
1.990066e+00 6.487688e-15 5.719362e-18
1.990462e+00 6.322582e-15 5.627908e-18
1.990858e+00 6.332432e-15 5.470335e-18
1.991254e+00 6.748447e-15 6.410962e-18
1.991650e+00 6.514668e-15 7.954158e-18
1.992046e+00 6.395845e-15 5.526393e-18
1.992442e+00 6.653674e-15 5.481805e-18
1.992838e+00 6.954337e-15 5.389215e-18
1.993234e+00 6.891782e-15 5.397339e-18
1.993630e+00 6.973155e-15 5.418468e-18
1.994026e+00 7.112256e-15 5.613542e-18
1.994422e+00 6.920782e-15 5.438532e-18
1.994818e+00 6.867111e-15 5.478476e-18
1.995214e+00 6.756633e-15 5.475090e-18
1.995610e+00 6.762453e-15 5.360257e-18
1.996006e+00 7.148231e-15 5.572800e-18
1.996402e+00 7.302092e-15 5.660938e-18
1.996798e+00 7.129680e-15 5.562447e-18
1.997194e+00 6.780624e-15 5.325038e-18
1.997590e+00 6.296807e-15 5.041630e-18
1.997986e+00 6.552751e-15 5.083268e-18
1.998382e+00 6.902517e-15 5.102065e-18
1.998778e+00 7.037023e-15 5.158636e-18
1.999174e+00 7.114257e-15 5.180745e-18
1.999570e+00 6.818124e-15 4.983923e-18
1.999966e+00 6.502447e-15 4.787862e-18
2.000362e+00 6.631260e-15 4.942838e-18
2.000758e+00 nan nan
2.001154e+00 nan nan
2.001550e+00 6.903909e-15 5.076829e-18
2.001946e+00 6.735132e-15 5.000756e-18
2.002342e+00 6.393403e-15 4.821212e-18
2.002738e+00 6.675556e-15 4.948714e-18
2.003134e+00 7.025431e-15 5.120437e-18
2.003530e+00 7.003647e-15 5.218959e-18
2.003926e+00 6.893948e-15 5.213212e-18
2.004322e+00 6.889805e-15 5.411496e-18
2.004718e+00 6.919447e-15 5.871281e-18
2.005114e+00 6.760456e-15 5.567278e-18
2.005510e+00 6.713568e-15 5.430268e-18
2.005906e+00 6.740521e-15 5.699827e-18
2.006302e+00 6.655390e-15 5.377241e-18
2.006698e+00 6.621647e-15 5.251134e-18
2.007094e+00 6.590923e-15 6.373032e-18
2.007490e+00 nan nan
2.007886e+00 7.254278e-15 5.824478e-18
2.008282e+00 6.807072e-15 5.784025e-18
2.008678e+00 6.254104e-15 5.658298e-18
2.009074e+00 6.253739e-15 5.635978e-18
2.009470e+00 6.582604e-15 5.879664e-18
2.009866e+00 6.801813e-15 6.238305e-18
2.010262e+00 6.809140e-15 6.630431e-18
2.010658e+00 6.638608e-15 6.461571e-18
2.011054e+00 6.482756e-15 6.315109e-18
2.011450e+00 6.522810e-15 6.292803e-18
2.011846e+00 6.659184e-15 6.255144e-18
2.012242e+00 6.763124e-15 6.593895e-18
2.012638e+00 6.715195e-15 8.696206e-18
2.013034e+00 6.685739e-15 6.202971e-18
2.013430e+00 6.623709e-15 6.079782e-18
2.013826e+00 6.524925e-15 6.008971e-18
2.014222e+00 6.889365e-15 6.153803e-18
2.014618e+00 7.130137e-15 6.067396e-18
2.015014e+00 7.064978e-15 5.963629e-18
2.015410e+00 6.742225e-15 5.809173e-18
2.015806e+00 nan nan
2.016202e+00 nan nan
2.016598e+00 6.464167e-15 5.544440e-18
2.016994e+00 6.355280e-15 5.402452e-18
2.017390e+00 6.567089e-15 5.499370e-18
2.017786e+00 6.891206e-15 1.317623e-17
2.018182e+00 6.901188e-15 5.760577e-18
2.018578e+00 6.728902e-15 5.681328e-18
2.018974e+00 6.664881e-15 5.643334e-18
2.019370e+00 6.418986e-15 5.588281e-18
2.019766e+00 6.127561e-15 5.475843e-18
2.020162e+00 6.086620e-15 5.415505e-18
2.020558e+00 6.221444e-15 5.487567e-18
2.020954e+00 6.911088e-15 5.795959e-18
2.021350e+00 7.212184e-15 5.828508e-18
2.021746e+00 7.049607e-15 5.726158e-18
2.022142e+00 6.814797e-15 5.679864e-18
2.022538e+00 6.757625e-15 5.718397e-18
2.022934e+00 6.727697e-15 5.892368e-18
2.023330e+00 6.669372e-15 5.781572e-18
2.023726e+00 6.853325e-15 5.797972e-18
2.024122e+00 7.163902e-15 5.758318e-18
2.024518e+00 7.083776e-15 5.725689e-18
2.024914e+00 6.959891e-15 5.773921e-18
2.025310e+00 6.719688e-15 5.620006e-18
2.025706e+00 6.367096e-15 5.497471e-18
2.026102e+00 6.317518e-15 5.376379e-18
2.026498e+00 6.369675e-15 5.426175e-18
2.026894e+00 6.268515e-15 5.417167e-18
2.027290e+00 6.371613e-15 5.553422e-18
2.027686e+00 6.522444e-15 5.720517e-18
2.028082e+00 6.735957e-15 5.754988e-18
2.028478e+00 6.975620e-15 5.786918e-18
2.028874e+00 6.454525e-15 5.599166e-18
2.029270e+00 6.048235e-15 5.633823e-18
2.029666e+00 6.388589e-15 6.149472e-18
2.030062e+00 6.681796e-15 6.394912e-18
2.030458e+00 6.493443e-15 7.395798e-18
2.030854e+00 6.302908e-15 5.878808e-18
2.031250e+00 6.501126e-15 5.580094e-18
2.031646e+00 7.128129e-15 5.787928e-18
2.032042e+00 7.431117e-15 5.882120e-18
2.032438e+00 7.310919e-15 6.144114e-18
2.032834e+00 6.968069e-15 6.072389e-18
2.033230e+00 6.768351e-15 5.565443e-18
2.033626e+00 6.618513e-15 5.430685e-18
2.034022e+00 6.584448e-15 5.423399e-18
2.034418e+00 6.765185e-15 5.579851e-18
2.034814e+00 6.790273e-15 5.460907e-18
2.035210e+00 6.638580e-15 5.312452e-18
2.035606e+00 6.294927e-15 5.142146e-18
2.036002e+00 6.250328e-15 5.149227e-18
2.036398e+00 6.768364e-15 5.352467e-18
2.036794e+00 nan nan
2.037190e+00 nan nan
2.037586e+00 6.970807e-15 5.532999e-18
2.037982e+00 7.164766e-15 5.558347e-18
2.038378e+00 6.821793e-15 5.299075e-18
2.038774e+00 6.600916e-15 5.201787e-18
2.039170e+00 6.586358e-15 5.224676e-18
2.039566e+00 6.410771e-15 5.059847e-18
2.039962e+00 6.527225e-15 5.042597e-18
2.040358e+00 6.566222e-15 5.031826e-18
2.040754e+00 6.445931e-15 4.911205e-18
2.041150e+00 6.372654e-15 4.767926e-18
2.041546e+00 6.607995e-15 4.755558e-18
2.041942e+00 6.832448e-15 4.878453e-18
2.042338e+00 6.831717e-15 4.957019e-18
2.042734e+00 7.163001e-15 5.163627e-18
2.043130e+00 7.403523e-15 5.278323e-18
2.043526e+00 6.941829e-15 5.053926e-18
2.043922e+00 6.518092e-15 4.834268e-18
2.044318e+00 6.263067e-15 4.748996e-18
2.044714e+00 6.174815e-15 4.720150e-18
2.045110e+00 6.302308e-15 4.778652e-18
2.045506e+00 6.537258e-15 5.074742e-18
2.045902e+00 6.572297e-15 5.321154e-18
2.046298e+00 6.743046e-15 5.273078e-18
2.046694e+00 6.914929e-15 5.301368e-18
2.047090e+00 6.858800e-15 5.549294e-18
2.047486e+00 7.088290e-15 5.944520e-18
2.047882e+00 7.248685e-15 6.409928e-18
2.048278e+00 6.938400e-15 6.474322e-18
2.048674e+00 6.921434e-15 1.424265e-17
2.049070e+00 nan nan
2.049466e+00 nan nan
2.049862e+00 nan nan
2.050258e+00 6.588317e-15 7.424493e-18
2.050654e+00 6.906021e-15 6.212487e-18
2.051050e+00 7.116887e-15 6.262321e-18
2.051446e+00 6.978615e-15 6.266049e-18
2.051842e+00 6.673491e-15 6.154068e-18
2.052238e+00 6.659595e-15 6.216611e-18
2.052634e+00 6.940684e-15 6.408056e-18
2.053030e+00 7.142287e-15 6.658470e-18
2.053426e+00 6.957927e-15 6.739184e-18
2.053822e+00 6.616821e-15 6.339565e-18
2.054218e+00 6.212460e-15 5.765925e-18
2.054614e+00 6.002042e-15 5.524830e-18
2.055010e+00 6.477276e-15 6.125359e-18
2.055406e+00 6.815465e-15 6.183882e-18
2.055802e+00 6.584168e-15 6.008738e-18
2.056198e+00 6.488345e-15 6.054044e-18
2.056594e+00 6.872455e-15 6.387371e-18
2.056990e+00 7.015125e-15 6.528690e-18
2.057386e+00 6.866162e-15 6.287609e-18
2.057782e+00 6.969889e-15 6.443898e-18
2.058178e+00 7.118799e-15 6.647052e-18
2.058574e+00 7.074910e-15 6.561643e-18
2.058970e+00 6.888675e-15 6.318859e-18
2.059366e+00 6.756992e-15 6.147598e-18
2.059762e+00 6.920728e-15 6.311598e-18
2.060158e+00 6.942075e-15 6.305650e-18
2.060554e+00 6.705829e-15 6.125931e-18
2.060950e+00 6.509942e-15 5.954886e-18
2.061346e+00 6.543297e-15 5.815452e-18
2.061742e+00 6.805790e-15 5.857461e-18
2.062138e+00 6.708527e-15 5.725695e-18
2.062534e+00 6.759098e-15 5.721535e-18
2.062930e+00 6.790122e-15 5.695421e-18
2.063326e+00 6.713708e-15 5.645771e-18
2.063722e+00 6.471314e-15 5.512802e-18
2.064118e+00 6.176185e-15 5.331093e-18
2.064514e+00 6.399237e-15 5.454465e-18
2.064910e+00 6.554863e-15 5.553787e-18
2.065306e+00 6.686878e-15 5.633998e-18
2.065702e+00 6.688653e-15 5.680460e-18
2.066098e+00 6.635856e-15 5.686456e-18
2.066494e+00 6.961310e-15 5.806739e-18
2.066890e+00 7.153011e-15 5.841210e-18
2.067286e+00 6.762095e-15 5.816486e-18
2.067682e+00 6.670859e-15 5.926577e-18
2.068078e+00 6.904367e-15 5.996141e-18
2.068474e+00 6.918213e-15 6.081086e-18
2.068870e+00 6.588016e-15 6.158461e-18
2.069266e+00 6.423529e-15 6.086836e-18
2.069662e+00 6.627861e-15 6.056873e-18
2.070058e+00 7.106778e-15 6.410117e-18
2.070454e+00 7.410541e-15 6.653308e-18
2.070850e+00 7.435408e-15 6.645436e-18
2.071246e+00 6.964582e-15 6.370497e-18
2.071642e+00 6.554796e-15 6.047480e-18
2.072038e+00 6.467335e-15 5.879547e-18
2.072434e+00 6.738955e-15 6.336849e-18
2.072830e+00 6.849143e-15 6.557847e-18
2.073226e+00 6.694625e-15 6.583045e-18
2.073622e+00 6.538042e-15 6.316398e-18
2.074018e+00 6.649775e-15 6.387794e-18
2.074414e+00 6.773108e-15 6.515965e-18
2.074810e+00 6.798505e-15 6.561816e-18
2.075206e+00 6.624828e-15 6.420838e-18
2.075602e+00 6.824842e-15 6.562384e-18
2.075998e+00 7.086027e-15 6.783795e-18
2.076394e+00 6.711638e-15 6.494893e-18
2.076790e+00 6.570698e-15 6.356998e-18
2.077186e+00 6.857433e-15 6.385573e-18
2.077582e+00 6.838995e-15 6.321181e-18
2.077978e+00 6.864623e-15 6.839023e-18
2.078374e+00 6.931036e-15 6.896517e-18
2.078770e+00 6.773917e-15 6.575176e-18
2.079166e+00 6.778808e-15 6.723152e-18
2.079562e+00 6.694668e-15 6.646513e-18
2.079958e+00 6.818636e-15 6.723649e-18
2.080354e+00 6.944482e-15 6.547721e-18
2.080750e+00 6.916637e-15 6.562050e-18
2.081146e+00 6.754528e-15 6.529231e-18
2.081542e+00 6.594547e-15 6.163826e-18
2.081938e+00 6.806532e-15 6.100709e-18
2.082334e+00 6.943194e-15 6.078084e-18
2.082730e+00 6.811853e-15 5.895002e-18
2.083126e+00 6.950542e-15 5.966633e-18
2.083522e+00 6.885142e-15 5.756923e-18
2.083918e+00 6.851774e-15 5.386665e-18
2.084314e+00 6.882143e-15 5.234932e-18
2.084710e+00 6.875080e-15 5.148497e-18
2.085106e+00 6.827515e-15 5.042874e-18
2.085502e+00 6.766482e-15 5.139730e-18
2.085898e+00 6.949800e-15 5.152776e-18
2.086294e+00 6.992271e-15 5.091860e-18
2.086690e+00 6.739777e-15 4.993059e-18
2.087086e+00 6.547782e-15 4.941215e-18
2.087482e+00 6.771250e-15 5.209762e-18
2.087878e+00 6.931049e-15 5.419716e-18
2.088274e+00 6.859008e-15 5.429310e-18
2.088670e+00 6.865094e-15 6.191481e-18
2.089066e+00 6.840433e-15 6.882032e-18
2.089462e+00 6.709263e-15 6.969708e-18
2.089858e+00 6.596255e-15 7.043508e-18
2.090254e+00 6.739306e-15 7.167068e-18
2.090650e+00 7.202441e-15 7.833797e-18
2.091046e+00 7.461893e-15 8.410356e-18
2.091442e+00 7.246319e-15 8.123765e-18
2.091838e+00 6.856091e-15 7.388922e-18
2.092234e+00 6.872626e-15 7.019744e-18
2.092630e+00 7.469578e-15 7.600171e-18
2.093026e+00 7.522166e-15 7.666514e-18
2.093422e+00 7.175763e-15 7.337519e-18
2.093818e+00 6.885959e-15 7.010446e-18
2.094214e+00 6.759898e-15 6.796139e-18
2.094610e+00 6.714945e-15 6.243592e-18
2.095006e+00 6.742011e-15 5.715223e-18
2.095402e+00 6.808386e-15 5.466485e-18
2.095798e+00 6.799878e-15 5.222944e-18
2.096194e+00 6.732547e-15 5.183334e-18
2.096590e+00 6.688461e-15 5.254839e-18
2.096986e+00 6.755165e-15 5.298709e-18
2.097382e+00 6.886621e-15 5.380826e-18
2.097778e+00 6.987652e-15 5.426792e-18
2.098174e+00 7.064748e-15 5.527250e-18
2.098570e+00 7.094456e-15 5.506895e-18
2.098966e+00 7.044873e-15 5.600238e-18
2.099362e+00 6.887609e-15 5.932736e-18
2.099758e+00 6.843172e-15 5.913414e-18
2.100154e+00 6.949460e-15 5.530955e-18
2.100550e+00 7.090347e-15 5.686436e-18
2.100946e+00 7.272655e-15 5.800048e-18
2.101342e+00 7.319278e-15 5.851961e-18
2.101738e+00 6.974961e-15 5.669479e-18
2.102134e+00 6.820395e-15 5.614580e-18
2.102530e+00 6.966150e-15 7.560364e-18
2.102926e+00 7.045254e-15 7.910068e-18
2.103322e+00 7.040820e-15 6.248129e-18
2.103718e+00 7.077534e-15 6.304150e-18
2.104114e+00 7.131312e-15 6.361617e-18
2.104510e+00 7.097229e-15 6.402100e-18
2.104906e+00 6.965691e-15 6.559159e-18
2.105302e+00 6.690733e-15 6.247143e-18
2.105698e+00 7.037716e-15 6.518905e-18
2.106094e+00 7.198238e-15 6.589830e-18
2.106490e+00 7.307544e-15 6.728825e-18
2.106886e+00 7.344916e-15 6.729401e-18
2.107282e+00 7.085588e-15 6.630223e-18
2.107678e+00 6.931158e-15 6.433461e-18
2.108074e+00 6.857745e-15 6.335278e-18
2.108470e+00 6.628475e-15 6.120412e-18
2.108866e+00 6.700777e-15 6.201607e-18
2.109262e+00 6.977698e-15 6.473395e-18
2.109658e+00 7.117962e-15 6.538403e-18
2.110054e+00 7.130394e-15 6.475641e-18
2.110450e+00 7.259314e-15 7.604423e-18
2.110846e+00 7.400609e-15 7.435711e-18
2.111242e+00 7.193385e-15 6.114468e-18
2.111638e+00 6.953589e-15 5.956884e-18
2.112034e+00 6.877633e-15 6.797084e-18
2.112430e+00 6.931518e-15 6.987551e-18
2.112826e+00 6.983017e-15 5.872054e-18
2.113222e+00 7.131516e-15 6.112942e-18
2.113618e+00 7.203110e-15 6.279877e-18
2.114014e+00 7.297713e-15 6.192095e-18
2.114410e+00 7.436081e-15 6.126342e-18
2.114806e+00 7.389657e-15 6.105772e-18
2.115202e+00 7.247190e-15 5.920109e-18
2.115598e+00 7.112877e-15 5.913168e-18
2.115994e+00 7.191713e-15 5.925566e-18
2.116390e+00 7.285006e-15 5.884879e-18
2.116786e+00 7.103747e-15 5.844493e-18
2.117182e+00 6.845256e-15 5.772723e-18
2.117578e+00 6.749796e-15 5.967440e-18
2.117974e+00 6.855362e-15 6.258188e-18
2.118370e+00 7.199998e-15 6.475199e-18
2.118766e+00 7.198461e-15 6.413050e-18
2.119162e+00 7.052622e-15 6.341320e-18
2.119558e+00 6.944404e-15 6.118385e-18
2.119954e+00 7.079485e-15 6.083091e-18
2.120350e+00 6.997455e-15 6.014997e-18
2.120746e+00 6.977137e-15 9.074530e-18
2.121142e+00 nan nan
2.121538e+00 6.599833e-15 1.313267e-17
2.121934e+00 7.144076e-15 6.859396e-18
2.122330e+00 7.220548e-15 6.780081e-18
2.122726e+00 7.302186e-15 6.727733e-18
2.123122e+00 7.227390e-15 9.321929e-18
2.123518e+00 7.044570e-15 9.288162e-18
2.123914e+00 7.187041e-15 6.721365e-18
2.124310e+00 7.423255e-15 8.459381e-18
2.124706e+00 7.444776e-15 7.010862e-18
2.125102e+00 7.578079e-15 6.888678e-18
2.125498e+00 7.339719e-15 6.701415e-18
2.125894e+00 7.187894e-15 6.699040e-18
2.126290e+00 7.121230e-15 6.717315e-18
2.126686e+00 7.140950e-15 6.713532e-18
2.127082e+00 7.112197e-15 6.764275e-18
2.127478e+00 6.994298e-15 6.629884e-18
2.127874e+00 6.935189e-15 6.555501e-18
2.128270e+00 7.079320e-15 6.623421e-18
2.128666e+00 6.979754e-15 6.819054e-18
2.129062e+00 6.935172e-15 6.578349e-18
2.129458e+00 7.078309e-15 6.418601e-18
2.129854e+00 7.127761e-15 6.339732e-18
2.130250e+00 7.186864e-15 7.236264e-18
2.130646e+00 7.253740e-15 6.082660e-18
2.131042e+00 7.324178e-15 6.007520e-18
2.131438e+00 7.372675e-15 5.966336e-18
2.131834e+00 7.445548e-15 6.201820e-18
2.132230e+00 7.271442e-15 6.119349e-18
2.132626e+00 7.178479e-15 5.850015e-18
2.133022e+00 7.241259e-15 7.027759e-18
2.133418e+00 7.329479e-15 8.931318e-18
2.133814e+00 7.292348e-15 5.402644e-18
2.134210e+00 7.119470e-15 5.306273e-18
2.134606e+00 7.135117e-15 5.278493e-18
2.135002e+00 7.326615e-15 5.453411e-18
2.135398e+00 7.468273e-15 5.564202e-18
2.135794e+00 7.440035e-15 5.695630e-18
2.136190e+00 7.312603e-15 1.502768e-17
2.136586e+00 7.335126e-15 7.077533e-18
2.136982e+00 7.248600e-15 5.972140e-18
2.137378e+00 7.190334e-15 5.886638e-18
2.137774e+00 7.271293e-15 5.874672e-18
2.138170e+00 7.264252e-15 5.739364e-18
2.138566e+00 7.015729e-15 5.520554e-18
2.138962e+00 7.046325e-15 5.478284e-18
2.139358e+00 7.299122e-15 7.688272e-18
2.139754e+00 7.475090e-15 8.014609e-18
2.140150e+00 7.214120e-15 5.523293e-18
2.140546e+00 6.976346e-15 6.342854e-18
2.140942e+00 7.065491e-15 6.459955e-18
2.141338e+00 7.280215e-15 8.511195e-18
2.141734e+00 7.219724e-15 7.612071e-18
2.142130e+00 7.087399e-15 7.408426e-18
2.142526e+00 7.122909e-15 5.444451e-18
2.142922e+00 7.025155e-15 5.244505e-18
2.143318e+00 7.127818e-15 5.106629e-18
2.143714e+00 7.438032e-15 5.341205e-18
2.144110e+00 7.695627e-15 5.604774e-18
2.144506e+00 7.652431e-15 5.652643e-18
2.144902e+00 7.643091e-15 5.634001e-18
2.145298e+00 7.564045e-15 5.637019e-18
2.145694e+00 7.493012e-15 5.595411e-18
2.146090e+00 7.527885e-15 5.615726e-18
2.146486e+00 7.630842e-15 5.634605e-18
2.146882e+00 7.537299e-15 5.667847e-18
2.147278e+00 7.519529e-15 5.681203e-18
2.147674e+00 7.409535e-15 5.666416e-18
2.148070e+00 7.255450e-15 5.591519e-18
2.148466e+00 7.284844e-15 5.667896e-18
2.148862e+00 7.220554e-15 5.966226e-18
2.149258e+00 7.129303e-15 6.174328e-18
2.149654e+00 7.097480e-15 6.168479e-18
2.150050e+00 7.001657e-15 5.704718e-18
2.150446e+00 7.033361e-15 5.736804e-18
2.150842e+00 7.268850e-15 5.730294e-18
2.151238e+00 7.507669e-15 6.209158e-18
2.151634e+00 7.475686e-15 6.359003e-18
2.152030e+00 7.256383e-15 5.621174e-18
2.152426e+00 7.210949e-15 5.269801e-18
2.152822e+00 7.136837e-15 5.260406e-18
2.153218e+00 7.086504e-15 5.095098e-18
2.153614e+00 7.279107e-15 5.397982e-18
2.154010e+00 7.396481e-15 5.463885e-18
2.154406e+00 7.348907e-15 5.448199e-18
2.154802e+00 7.422430e-15 7.949471e-18
2.155198e+00 7.460426e-15 9.269913e-18
2.155594e+00 7.467014e-15 7.451750e-18
2.155990e+00 7.319909e-15 8.164629e-18
2.156386e+00 7.207420e-15 8.869939e-18
2.156782e+00 7.376631e-15 9.408076e-18
2.157178e+00 7.530798e-15 9.665148e-18
2.157574e+00 7.522103e-15 9.581754e-18
2.157970e+00 7.523741e-15 1.035359e-17
2.158366e+00 7.533401e-15 1.080888e-17
2.158762e+00 7.519410e-15 1.074418e-17
2.159158e+00 7.427847e-15 1.078744e-17
2.159554e+00 7.359703e-15 1.081892e-17
2.159950e+00 7.302953e-15 1.044042e-17
2.160346e+00 7.177150e-15 8.264919e-18
2.160742e+00 7.303305e-15 7.087153e-18
2.161138e+00 7.637238e-15 7.251520e-18
2.161534e+00 7.708313e-15 7.355766e-18
2.161930e+00 7.426403e-15 7.125576e-18
2.162326e+00 7.272535e-15 7.045363e-18
2.162722e+00 7.401322e-15 7.468748e-18
2.163118e+00 7.397397e-15 1.017445e-17
2.163514e+00 7.330931e-15 1.185564e-17
2.163910e+00 7.492526e-15 1.231673e-17
2.164306e+00 nan nan
2.164702e+00 nan nan
2.165098e+00 7.541427e-15 1.338351e-17
2.165494e+00 7.493596e-15 1.330473e-17
2.165890e+00 7.331283e-15 1.307319e-17
2.166286e+00 7.418042e-15 1.337109e-17
2.166682e+00 7.478486e-15 1.339781e-17
2.167078e+00 7.486815e-15 1.271676e-17
2.167474e+00 7.467908e-15 1.157618e-17
2.167870e+00 7.571011e-15 1.215565e-17
2.168266e+00 7.673330e-15 7.424160e-18
2.168662e+00 7.747890e-15 7.138268e-18
2.169058e+00 7.792652e-15 7.173998e-18
2.169454e+00 7.669656e-15 7.100162e-18
2.169850e+00 7.601385e-15 6.796277e-18
2.170246e+00 nan nan
2.170642e+00 nan nan
2.171038e+00 7.281079e-15 6.233768e-18
2.171434e+00 7.333770e-15 6.267968e-18
2.171830e+00 7.409501e-15 6.356419e-18
2.172226e+00 7.455804e-15 6.375117e-18
2.172622e+00 7.364131e-15 6.062425e-18
2.173018e+00 7.289833e-15 5.893950e-18
2.173414e+00 7.367812e-15 5.975943e-18
2.173810e+00 7.509951e-15 6.337522e-18
2.174206e+00 7.561794e-15 6.785738e-18
2.174602e+00 7.497108e-15 6.170605e-18
2.174998e+00 7.602570e-15 6.574052e-18
2.175394e+00 7.535660e-15 1.039514e-17
2.175790e+00 7.444903e-15 7.873405e-18
2.176186e+00 7.335909e-15 8.647160e-18
2.176582e+00 7.289347e-15 7.586787e-18
2.176978e+00 7.355944e-15 7.584469e-18
2.177374e+00 7.346494e-15 7.544152e-18
2.177770e+00 7.340734e-15 7.525798e-18
2.178166e+00 7.312728e-15 7.383252e-18
2.178562e+00 7.270807e-15 8.737547e-18
2.178958e+00 7.190667e-15 7.428225e-18
2.179354e+00 7.264427e-15 7.173255e-18
2.179750e+00 7.418010e-15 8.284362e-18
2.180146e+00 7.394191e-15 6.418399e-18
2.180542e+00 7.411480e-15 6.339299e-18
2.180938e+00 7.495242e-15 6.347448e-18
2.181334e+00 7.651787e-15 6.149426e-18
2.181730e+00 7.745496e-15 6.136440e-18
2.182126e+00 7.571117e-15 5.999462e-18
2.182522e+00 7.391596e-15 5.858389e-18
2.182918e+00 7.334906e-15 5.821813e-18
2.183314e+00 7.323783e-15 6.024948e-18
2.183710e+00 7.386292e-15 6.096387e-18
2.184106e+00 7.399501e-15 6.070185e-18
2.184502e+00 7.543730e-15 8.613356e-18
2.184898e+00 7.489022e-15 6.677689e-18
2.185294e+00 7.526988e-15 5.796553e-18
2.185690e+00 7.504409e-15 5.764457e-18
2.186086e+00 7.374626e-15 5.762137e-18
2.186482e+00 7.327609e-15 8.380875e-18
2.186878e+00 7.516342e-15 8.536415e-18
2.187274e+00 nan nan
2.187670e+00 7.635583e-15 1.122497e-17
2.188066e+00 8.063635e-15 1.351134e-17
2.188462e+00 7.624185e-15 5.704412e-18
2.188858e+00 7.574832e-15 5.637879e-18
2.189254e+00 7.597898e-15 5.790215e-18
2.189650e+00 7.500969e-15 5.728523e-18
2.190046e+00 7.407285e-15 5.552126e-18
2.190442e+00 7.337137e-15 5.506108e-18
2.190838e+00 7.476233e-15 5.606745e-18
2.191234e+00 7.626485e-15 5.643897e-18
2.191630e+00 7.741108e-15 5.581561e-18
2.192026e+00 7.452957e-15 5.783885e-18
2.192422e+00 7.413961e-15 5.833132e-18
2.192818e+00 7.405460e-15 6.098896e-18
2.193214e+00 7.185586e-15 5.627561e-18
2.193610e+00 7.294200e-15 5.842736e-18
2.194006e+00 nan nan
2.194402e+00 nan nan
2.194798e+00 8.262304e-15 1.639024e-17
2.195194e+00 8.422112e-15 1.649505e-17
2.195590e+00 7.698463e-15 5.821683e-18
2.195986e+00 7.561499e-15 5.606709e-18
2.196382e+00 7.645500e-15 5.792939e-18
2.196778e+00 7.703647e-15 6.232131e-18
2.197174e+00 7.473433e-15 6.341750e-18
2.197570e+00 7.372787e-15 6.307779e-18
2.197966e+00 7.519275e-15 6.364655e-18
2.198362e+00 7.684280e-15 6.842117e-18
2.198758e+00 7.581790e-15 6.240445e-18
2.199154e+00 7.428003e-15 6.569919e-18
2.199550e+00 7.511209e-15 7.063741e-18
2.199946e+00 7.524526e-15 7.078831e-18
2.200342e+00 7.453650e-15 6.732206e-18
2.200738e+00 7.512744e-15 6.733489e-18
2.201134e+00 7.590582e-15 6.515630e-18
2.201530e+00 7.637590e-15 6.380252e-18
2.201926e+00 7.642224e-15 6.314569e-18
2.202322e+00 7.429225e-15 5.784066e-18
2.202718e+00 7.455487e-15 5.748720e-18
2.203114e+00 7.402156e-15 5.780028e-18
2.203510e+00 7.460047e-15 5.900753e-18
2.203906e+00 7.277929e-15 5.694221e-18
2.204302e+00 7.402964e-15 5.663483e-18
2.204698e+00 7.389506e-15 5.612507e-18
2.205094e+00 7.317519e-15 5.545463e-18
2.205490e+00 7.300628e-15 5.589819e-18
2.205886e+00 7.158529e-15 5.532467e-18
2.206282e+00 nan nan
2.206678e+00 nan nan
2.207074e+00 7.380475e-15 6.647233e-18
2.207470e+00 7.542681e-15 5.726631e-18
2.207866e+00 7.552154e-15 5.728298e-18
2.208262e+00 7.316204e-15 5.801794e-18
2.208658e+00 7.053185e-15 5.672681e-18
2.209054e+00 7.107854e-15 5.759602e-18
2.209450e+00 7.393642e-15 6.263435e-18
2.209846e+00 nan nan
2.210242e+00 nan nan
2.210638e+00 7.455812e-15 6.243447e-18
2.211034e+00 7.424979e-15 5.967067e-18
2.211430e+00 7.455288e-15 5.964849e-18
2.211826e+00 7.673902e-15 6.085217e-18
2.212222e+00 7.855225e-15 6.241777e-18
2.212618e+00 7.740336e-15 6.150793e-18
2.213014e+00 7.543602e-15 6.159186e-18
2.213410e+00 7.512029e-15 6.206190e-18
2.213806e+00 7.598147e-15 6.365712e-18
2.214202e+00 7.701190e-15 6.769971e-18
2.214598e+00 7.713123e-15 7.020529e-18
2.214994e+00 7.615224e-15 6.832064e-18
2.215390e+00 7.647644e-15 6.655616e-18
2.215786e+00 7.643693e-15 6.900279e-18
2.216182e+00 7.559004e-15 7.135711e-18
2.216578e+00 7.536806e-15 7.376743e-18
2.216974e+00 7.430215e-15 7.614572e-18
2.217370e+00 7.349039e-15 7.960286e-18
2.217766e+00 7.475401e-15 8.034155e-18
2.218162e+00 7.607648e-15 8.050355e-18
2.218558e+00 7.749491e-15 8.214288e-18
2.218954e+00 7.564431e-15 8.060580e-18
2.219350e+00 7.294467e-15 7.832016e-18
2.219746e+00 7.269580e-15 7.795225e-18
2.220142e+00 7.322606e-15 7.290920e-18
2.220538e+00 7.353731e-15 7.152640e-18
2.220934e+00 7.336231e-15 7.166607e-18
2.221330e+00 7.439272e-15 7.329563e-18
2.221726e+00 7.532669e-15 7.478492e-18
2.222122e+00 7.622024e-15 7.519983e-18
2.222518e+00 7.710085e-15 7.536507e-18
2.222914e+00 7.804307e-15 1.245432e-17
2.223310e+00 7.590983e-15 1.196138e-17
2.223706e+00 7.557015e-15 7.458342e-18
2.224102e+00 7.679328e-15 7.521837e-18
2.224498e+00 7.835584e-15 7.611157e-18
2.224894e+00 7.894765e-15 7.589749e-18
2.225290e+00 7.871220e-15 7.567066e-18
2.225686e+00 7.920267e-15 7.323028e-18
2.226082e+00 7.794189e-15 7.086284e-18
2.226478e+00 7.496093e-15 6.731011e-18
2.226874e+00 7.573442e-15 7.030635e-18
2.227270e+00 7.611799e-15 6.983209e-18
2.227666e+00 7.400512e-15 6.556325e-18
2.228062e+00 7.432934e-15 6.323630e-18
2.228458e+00 7.508165e-15 6.264182e-18
2.228854e+00 7.454808e-15 6.230002e-18
2.229250e+00 7.450952e-15 7.093094e-18
2.229646e+00 7.533481e-15 6.087517e-18
2.230042e+00 7.488580e-15 6.094600e-18
2.230438e+00 7.569883e-15 6.162725e-18
2.230834e+00 7.754727e-15 6.279614e-18
2.231230e+00 7.737715e-15 6.409030e-18
2.231626e+00 7.596892e-15 6.455862e-18
2.232022e+00 7.630515e-15 6.549811e-18
2.232418e+00 7.628202e-15 6.557969e-18
2.232814e+00 7.540909e-15 6.456528e-18
2.233210e+00 7.378275e-15 6.439664e-18
2.233606e+00 7.447911e-15 6.035997e-18
2.234002e+00 7.521485e-15 6.015788e-18
2.234398e+00 nan nan
2.234794e+00 7.291485e-15 5.960435e-18
2.235190e+00 7.310753e-15 5.879235e-18
2.235586e+00 7.229405e-15 5.811152e-18
2.235982e+00 7.207704e-15 5.842818e-18
2.236378e+00 7.227449e-15 6.122782e-18
2.236774e+00 7.433546e-15 6.471513e-18
2.237170e+00 7.674085e-15 7.046459e-18
2.237566e+00 7.669365e-15 7.073159e-18
2.237962e+00 7.616650e-15 7.283107e-18
2.238358e+00 7.697422e-15 2.526122e-17
2.238754e+00 7.557224e-15 8.005321e-18
2.239150e+00 7.403194e-15 8.326178e-18
2.239546e+00 6.876195e-15 1.410603e-17
2.239942e+00 7.754208e-15 7.634689e-18
2.240338e+00 7.741362e-15 7.382627e-18
2.240734e+00 7.722523e-15 7.306183e-18
2.241130e+00 7.673515e-15 7.107050e-18
2.241526e+00 7.570487e-15 6.861032e-18
2.241922e+00 7.460960e-15 6.674943e-18
2.242318e+00 7.474185e-15 6.536463e-18
2.242714e+00 7.439378e-15 6.343185e-18
2.243110e+00 7.285820e-15 1.098290e-17
2.243506e+00 7.270577e-15 1.064392e-17
2.243902e+00 7.370003e-15 5.388881e-18
2.244298e+00 7.500733e-15 5.469525e-18
2.244694e+00 7.462675e-15 5.414382e-18
2.245090e+00 7.486276e-15 5.417858e-18
2.245486e+00 7.758745e-15 5.496517e-18
2.245882e+00 7.825154e-15 5.578361e-18
2.246278e+00 7.615457e-15 5.409765e-18
2.246674e+00 7.474733e-15 5.396775e-18
2.247070e+00 7.437012e-15 5.356624e-18
2.247466e+00 7.379788e-15 5.307998e-18
2.247862e+00 7.397562e-15 5.430902e-18
2.248258e+00 7.507425e-15 5.531274e-18
2.248654e+00 7.617103e-15 5.551233e-18
2.249050e+00 7.764743e-15 5.588349e-18
2.249446e+00 7.595908e-15 5.562224e-18
2.249842e+00 7.403249e-15 5.645824e-18
2.250238e+00 7.264906e-15 5.565903e-18
2.250634e+00 nan nan
2.251030e+00 nan nan
2.251426e+00 nan nan
2.251822e+00 nan nan
2.252218e+00 7.440639e-15 5.636860e-18
2.252614e+00 7.503954e-15 5.677501e-18
2.253010e+00 7.530268e-15 5.762029e-18
2.253406e+00 7.583901e-15 5.794668e-18
2.253802e+00 nan nan
2.254198e+00 7.357403e-15 1.499676e-17
2.254594e+00 7.233696e-15 1.551651e-17
2.254990e+00 7.205601e-15 6.246859e-18
2.255386e+00 7.445552e-15 6.155732e-18
2.255782e+00 7.455616e-15 5.736090e-18
2.256178e+00 7.432097e-15 6.087254e-18
2.256574e+00 7.501488e-15 6.692891e-18
2.256970e+00 7.604435e-15 6.816512e-18
2.257366e+00 7.414283e-15 8.074233e-18
2.257762e+00 7.291665e-15 6.088781e-18
2.258158e+00 7.279865e-15 5.916318e-18
2.258554e+00 7.454870e-15 5.956054e-18
2.258950e+00 7.574070e-15 6.000159e-18
2.259346e+00 7.545279e-15 5.788059e-18
2.259742e+00 7.516489e-15 5.267111e-18
2.260138e+00 7.461784e-15 5.027231e-18
2.260534e+00 7.405750e-15 5.024009e-18
2.260930e+00 7.404786e-15 5.075598e-18
2.261326e+00 7.414105e-15 5.562680e-18
2.261722e+00 7.396216e-15 5.652971e-18
2.262118e+00 7.352816e-15 5.319356e-18
2.262514e+00 7.332814e-15 5.011401e-18
2.262910e+00 7.280370e-15 5.748892e-18
2.263306e+00 7.160707e-15 7.427249e-18
2.263702e+00 7.272887e-15 4.905360e-18
2.264098e+00 7.359221e-15 4.792760e-18
2.264494e+00 8.220564e-15 1.066414e-17
2.264890e+00 7.951462e-15 1.046437e-17
2.265286e+00 7.939647e-15 1.060005e-17
2.265682e+00 7.308954e-15 4.993330e-18
2.266078e+00 7.348752e-15 5.141302e-18
2.266474e+00 7.327412e-15 5.254976e-18
2.266870e+00 7.356595e-15 5.298398e-18
2.267266e+00 7.508817e-15 5.363227e-18
2.267662e+00 7.569758e-15 7.628121e-18
2.268058e+00 7.599957e-15 6.083616e-18
2.268454e+00 7.485382e-15 5.455011e-18
2.268850e+00 7.270204e-15 6.252838e-18
2.269246e+00 7.320163e-15 5.484060e-18
2.269642e+00 7.427172e-15 5.639177e-18
2.270038e+00 7.333742e-15 5.731564e-18
2.270434e+00 7.242176e-15 5.698914e-18
2.270830e+00 nan nan
2.271226e+00 nan nan
2.271622e+00 7.461139e-15 5.763910e-18
2.272018e+00 7.142432e-15 5.611257e-18
2.272414e+00 7.136239e-15 5.497054e-18
2.272810e+00 7.309171e-15 5.579717e-18
2.273206e+00 nan nan
2.273602e+00 nan nan
2.273998e+00 nan nan
2.274394e+00 7.213173e-15 6.300411e-18
2.274790e+00 7.229939e-15 5.515705e-18
2.275186e+00 7.562292e-15 5.989161e-18
2.275582e+00 nan nan
2.275978e+00 nan nan
2.276374e+00 7.303873e-15 5.312000e-18
2.276770e+00 nan nan
2.277166e+00 nan nan
2.277562e+00 7.562953e-15 5.482853e-18
2.277958e+00 7.401497e-15 5.358014e-18
2.278354e+00 7.372147e-15 5.195049e-18
2.278750e+00 7.232371e-15 5.040112e-18
2.279146e+00 nan nan
2.279542e+00 7.349186e-15 5.899464e-18
2.279938e+00 7.350063e-15 5.031262e-18
2.280334e+00 7.148477e-15 4.930064e-18
2.280730e+00 6.952636e-15 4.893927e-18
2.281126e+00 7.082555e-15 4.833453e-18
2.281522e+00 7.412773e-15 5.053908e-18
2.281918e+00 7.490142e-15 4.995326e-18
2.282314e+00 7.468901e-15 4.915101e-18
2.282710e+00 7.405081e-15 4.910211e-18
2.283106e+00 7.228824e-15 4.831978e-18
2.283502e+00 7.223379e-15 4.837807e-18
2.283898e+00 7.212035e-15 5.684301e-18
2.284294e+00 7.163610e-15 5.683391e-18
2.284690e+00 7.155759e-15 4.932687e-18
2.285086e+00 7.395647e-15 4.976612e-18
2.285482e+00 7.416296e-15 4.968092e-18
2.285878e+00 7.298167e-15 5.007214e-18
2.286274e+00 7.511058e-15 5.493999e-18
2.286670e+00 7.485064e-15 5.498193e-18
2.287066e+00 7.409977e-15 5.558581e-18
2.287462e+00 7.402203e-15 5.654964e-18
2.287858e+00 7.448904e-15 5.764684e-18
2.288254e+00 7.480474e-15 6.048747e-18
2.288650e+00 7.310860e-15 6.181597e-18
2.289046e+00 7.192674e-15 6.258147e-18
2.289442e+00 7.329035e-15 6.514243e-18
2.289838e+00 7.442464e-15 6.407743e-18
2.290234e+00 7.491412e-15 6.395676e-18
2.290630e+00 7.535462e-15 6.431124e-18
2.291026e+00 7.515570e-15 6.364656e-18
2.291422e+00 7.327179e-15 5.884352e-18
2.291818e+00 7.075686e-15 5.502731e-18
2.292214e+00 7.050710e-15 5.352407e-18
2.292610e+00 7.144798e-15 5.138437e-18
2.293006e+00 6.968923e-15 5.021584e-18
2.293402e+00 6.238352e-15 4.657019e-18
2.293798e+00 5.622683e-15 4.280901e-18
2.294194e+00 5.722949e-15 4.773566e-18
2.294590e+00 6.025597e-15 4.963522e-18
2.294986e+00 6.102460e-15 4.541236e-18
2.295382e+00 6.177396e-15 5.170247e-18
2.295778e+00 6.402357e-15 1.176540e-17
2.296174e+00 6.257692e-15 4.774710e-18
2.296570e+00 6.701075e-15 1.312237e-17
2.296966e+00 7.215547e-15 1.490579e-17
2.297362e+00 nan nan
2.297758e+00 nan nan
2.298154e+00 6.614815e-15 8.909113e-18
2.298550e+00 6.555499e-15 5.182638e-18
2.298946e+00 6.642417e-15 5.265191e-18
2.299342e+00 6.636631e-15 5.297849e-18
2.299738e+00 6.783160e-15 5.608083e-18
2.300134e+00 6.751655e-15 5.611596e-18
2.300530e+00 6.602280e-15 6.826910e-18
2.300926e+00 6.456337e-15 5.296091e-18
2.301322e+00 6.422526e-15 5.241388e-18
2.301718e+00 6.729797e-15 5.591170e-18
2.302114e+00 6.976926e-15 5.736567e-18
2.302510e+00 7.007715e-15 5.809045e-18
2.302906e+00 6.733260e-15 5.557278e-18
2.303302e+00 6.614646e-15 5.538310e-18
2.303698e+00 6.668973e-15 5.596489e-18
2.304094e+00 6.873515e-15 5.678036e-18
2.304490e+00 7.118992e-15 5.616313e-18
2.304886e+00 6.748608e-15 5.366103e-18
2.305282e+00 6.628223e-15 5.312846e-18
2.305678e+00 6.555850e-15 5.273337e-18
2.306074e+00 6.782922e-15 5.369328e-18
2.306470e+00 6.794491e-15 5.486747e-18
2.306866e+00 6.728593e-15 5.385438e-18
2.307262e+00 7.010935e-15 5.593681e-18
2.307658e+00 6.727228e-15 5.402554e-18
2.308054e+00 6.862204e-15 5.511548e-18
2.308450e+00 nan nan
2.308846e+00 nan nan
2.309242e+00 7.207641e-15 1.435272e-17
2.309638e+00 6.969724e-15 9.255717e-18
2.310034e+00 6.589279e-15 7.193642e-18
2.310430e+00 6.868021e-15 6.409297e-18
2.310826e+00 nan nan
2.311222e+00 6.406764e-15 5.990055e-18
2.311618e+00 6.455590e-15 6.022391e-18
2.312014e+00 6.655183e-15 6.184762e-18
2.312410e+00 6.656167e-15 5.909920e-18
2.312806e+00 6.802591e-15 5.788961e-18
2.313202e+00 6.874241e-15 5.671057e-18
2.313598e+00 6.745920e-15 5.444326e-18
2.313994e+00 6.646897e-15 5.359774e-18
2.314390e+00 6.616663e-15 5.317674e-18
2.314786e+00 6.377325e-15 5.107336e-18
2.315182e+00 6.456617e-15 5.259529e-18
2.315578e+00 6.737532e-15 5.354950e-18
2.315974e+00 6.582424e-15 5.123831e-18
2.316370e+00 6.263759e-15 4.945794e-18
2.316766e+00 6.438943e-15 5.203627e-18
2.317162e+00 6.614413e-15 7.112731e-18
2.317558e+00 6.393922e-15 5.946631e-18
2.317954e+00 6.393364e-15 6.015382e-18
2.318350e+00 6.676183e-15 5.216310e-18
2.318746e+00 6.772243e-15 5.369120e-18
2.319142e+00 6.765131e-15 5.055719e-18
2.319538e+00 6.758685e-15 4.948309e-18
2.319934e+00 nan nan
2.320330e+00 6.612320e-15 6.131301e-18
2.320726e+00 6.257207e-15 5.196248e-18
2.321122e+00 6.400699e-15 5.301288e-18
2.321518e+00 nan nan
2.321914e+00 7.187894e-15 1.421387e-17
2.322310e+00 6.761693e-15 1.353417e-17
2.322706e+00 5.621807e-15 6.737316e-18
2.323102e+00 5.292613e-15 6.563550e-18
2.323498e+00 5.492835e-15 4.803660e-18
2.323894e+00 5.802760e-15 5.113049e-18
2.324290e+00 6.139060e-15 5.303370e-18
2.324686e+00 6.174773e-15 5.387039e-18
2.325082e+00 6.015174e-15 5.309594e-18
2.325478e+00 6.011737e-15 5.340823e-18
2.325874e+00 5.949885e-15 5.504719e-18
2.326270e+00 5.894598e-15 5.467212e-18
2.326666e+00 6.187670e-15 5.723166e-18
2.327062e+00 6.410771e-15 6.785594e-18
2.327458e+00 6.428854e-15 5.925117e-18
2.327854e+00 6.333807e-15 5.871500e-18
2.328250e+00 6.040556e-15 5.516666e-18
2.328646e+00 5.893452e-15 5.408650e-18
2.329042e+00 6.095920e-15 5.522192e-18
2.329438e+00 6.438103e-15 5.574772e-18
2.329834e+00 6.456636e-15 5.606835e-18
2.330230e+00 6.005704e-15 5.084793e-18
2.330626e+00 5.646720e-15 4.819072e-18
2.331022e+00 5.908830e-15 4.869602e-18
2.331418e+00 6.241193e-15 7.454909e-18
2.331814e+00 nan nan
2.332210e+00 6.272965e-15 4.957678e-18
2.332606e+00 6.531253e-15 5.074077e-18
2.333002e+00 6.414185e-15 5.069063e-18
2.333398e+00 6.383321e-15 4.982059e-18
2.333794e+00 6.195788e-15 4.964925e-18
2.334190e+00 6.169096e-15 4.759684e-18
2.334586e+00 6.064171e-15 4.693635e-18
2.334982e+00 6.063574e-15 4.955022e-18
2.335378e+00 6.013567e-15 4.939245e-18
2.335774e+00 6.040762e-15 4.844484e-18
2.336170e+00 6.448565e-15 5.046463e-18
2.336566e+00 6.302220e-15 4.978037e-18
2.336962e+00 6.125386e-15 4.883383e-18
2.337358e+00 6.262059e-15 4.958852e-18
2.337754e+00 6.287601e-15 4.884030e-18
2.338150e+00 6.213587e-15 4.886749e-18
2.338546e+00 6.050803e-15 4.838641e-18
2.338942e+00 5.972817e-15 4.709878e-18
2.339338e+00 5.996301e-15 4.843972e-18
2.339734e+00 6.111830e-15 5.405437e-18
2.340130e+00 5.936317e-15 5.654390e-18
2.340526e+00 5.997270e-15 5.846856e-18
2.340922e+00 6.205652e-15 5.734929e-18
2.341318e+00 nan nan
2.341714e+00 nan nan
2.342110e+00 6.389571e-15 5.987734e-18
2.342506e+00 6.600393e-15 5.801310e-18
2.342902e+00 6.518601e-15 5.706603e-18
2.343298e+00 6.301205e-15 5.551382e-18
2.343694e+00 6.106558e-15 5.403445e-18
2.344090e+00 6.059102e-15 5.187904e-18
2.344486e+00 5.907245e-15 4.688018e-18
2.344882e+00 5.645618e-15 4.351309e-18
2.345278e+00 5.563228e-15 4.297194e-18
2.345674e+00 6.059767e-15 4.454779e-18
2.346070e+00 6.524837e-15 4.492526e-18
2.346466e+00 6.502956e-15 4.329620e-18
2.346862e+00 6.272020e-15 4.208527e-18
2.347258e+00 6.233007e-15 4.154721e-18
2.347654e+00 6.288558e-15 4.159744e-18
2.348050e+00 6.362367e-15 8.249421e-18
2.348446e+00 6.383675e-15 4.263617e-18
2.348842e+00 6.446422e-15 4.225551e-18
2.349238e+00 6.236830e-15 4.303920e-18
2.349634e+00 5.892464e-15 4.866839e-18
2.350030e+00 6.424655e-15 8.829444e-18
2.350426e+00 nan nan
2.350822e+00 5.949306e-15 6.211582e-18
2.351218e+00 5.843904e-15 6.615273e-18
2.351614e+00 nan nan
2.352010e+00 5.998678e-15 5.922693e-18
2.352406e+00 5.438733e-15 4.169905e-18
2.352802e+00 4.959455e-15 4.009979e-18
2.353198e+00 5.145324e-15 4.093680e-18
2.353594e+00 5.399208e-15 4.122984e-18
2.353990e+00 5.364400e-15 3.983758e-18
2.354386e+00 5.484454e-15 4.047901e-18
2.354782e+00 5.724068e-15 4.084999e-18
2.355178e+00 5.894521e-15 4.236036e-18
2.355574e+00 5.907834e-15 4.220909e-18
2.355970e+00 5.711239e-15 4.115708e-18
2.356366e+00 5.618928e-15 4.008509e-18
2.356762e+00 5.896503e-15 4.175329e-18
2.357158e+00 5.998006e-15 4.267606e-18
2.357554e+00 6.005024e-15 4.340040e-18
2.357950e+00 5.913253e-15 4.305314e-18
2.358346e+00 5.702045e-15 4.239699e-18
2.358742e+00 5.416346e-15 4.048368e-18
2.359138e+00 5.529779e-15 4.144891e-18
2.359534e+00 5.840566e-15 4.933892e-18
2.359930e+00 6.164918e-15 5.700419e-18
2.360326e+00 5.903102e-15 5.480709e-18
2.360722e+00 5.786010e-15 4.801874e-18
2.361118e+00 5.816146e-15 4.695017e-18
2.361514e+00 5.616767e-15 4.259020e-18
2.361910e+00 5.630373e-15 4.317425e-18
2.362306e+00 5.778273e-15 4.589157e-18
2.362702e+00 5.824793e-15 4.824344e-18
2.363098e+00 5.765030e-15 4.761805e-18
2.363494e+00 5.806914e-15 4.651526e-18
2.363890e+00 5.989253e-15 4.893025e-18
2.364286e+00 5.913242e-15 5.504640e-18
2.364682e+00 5.929657e-15 6.023402e-18
2.365078e+00 5.986602e-15 6.392352e-18
2.365474e+00 5.958096e-15 5.824643e-18
2.365870e+00 6.101934e-15 5.771874e-18
2.366266e+00 6.116091e-15 5.889047e-18
2.366662e+00 5.974832e-15 5.496214e-18
2.367058e+00 5.860232e-15 5.334819e-18
2.367454e+00 5.409375e-15 5.000239e-18
2.367850e+00 5.196919e-15 4.938082e-18
2.368246e+00 5.744793e-15 5.306276e-18
2.368642e+00 5.741340e-15 5.194540e-18
2.369038e+00 5.793336e-15 5.177323e-18
2.369434e+00 6.044221e-15 5.384589e-18
2.369830e+00 6.012316e-15 5.300101e-18
2.370226e+00 5.780280e-15 5.095808e-18
2.370622e+00 5.706178e-15 4.911441e-18
2.371018e+00 5.830438e-15 4.851943e-18
2.371414e+00 5.768032e-15 5.491565e-18
2.371810e+00 6.104196e-15 6.087811e-18
2.372206e+00 6.246364e-15 6.409095e-18
2.372602e+00 6.018708e-15 5.546071e-18
2.372998e+00 5.854295e-15 5.517981e-18
2.373394e+00 5.926957e-15 5.830087e-18
2.373790e+00 5.930250e-15 5.785516e-18
2.374186e+00 5.798401e-15 5.759178e-18
2.374582e+00 5.910549e-15 6.098953e-18
2.374978e+00 5.965712e-15 6.476824e-18
2.375374e+00 5.819142e-15 6.716599e-18
2.375770e+00 5.763251e-15 7.800244e-18
2.376166e+00 5.801310e-15 9.520075e-18
2.376562e+00 5.615328e-15 9.762086e-18
2.376958e+00 5.536428e-15 1.047492e-17
2.377354e+00 5.881614e-15 1.321829e-17
2.377750e+00 6.046541e-15 1.707420e-17
2.378146e+00 5.682126e-15 2.928823e-17
2.378542e+00 nan nan
2.378938e+00 nan nan
2.379334e+00 5.581368e-15 3.317636e-17
2.379730e+00 5.631891e-15 5.853965e-17
2.380126e+00 5.854401e-15 1.045299e-16
2.380522e+00 5.835403e-15 1.118875e-16
2.380918e+00 5.510122e-15 1.072965e-16
2.381314e+00 5.426146e-15 1.074265e-16
2.381710e+00 5.642738e-15 1.382264e-16
2.382106e+00 5.694681e-15 2.008842e-16
2.382502e+00 5.461605e-15 2.353598e-16
2.382898e+00 5.111142e-15 2.263531e-16
2.383294e+00 nan nan
2.383690e+00 nan nan
2.384086e+00 nan nan
2.384482e+00 nan nan
2.384878e+00 nan nan
2.385274e+00 nan nan
2.385670e+00 nan nan
2.386066e+00 nan nan
2.386462e+00 nan nan
2.386858e+00 nan nan
2.387254e+00 nan nan
2.387650e+00 nan nan
2.388046e+00 nan nan
2.388442e+00 nan nan
2.388838e+00 nan nan
2.389234e+00 nan nan
2.389630e+00 nan nan
2.390026e+00 nan nan
2.390422e+00 nan nan
2.390818e+00 nan nan
2.391214e+00 nan nan
2.391610e+00 nan nan
2.392006e+00 nan nan
2.392402e+00 nan nan
2.392798e+00 nan nan
2.393194e+00 nan nan
2.393590e+00 nan nan
2.393986e+00 nan nan
2.394382e+00 nan nan
2.394778e+00 nan nan
2.395174e+00 nan nan
2.395570e+00 nan nan
2.395966e+00 nan nan
2.396362e+00 nan nan
2.396758e+00 nan nan
2.397154e+00 nan nan
2.397550e+00 nan nan
2.397946e+00 nan nan
2.398342e+00 nan nan
2.398738e+00 nan nan
2.399134e+00 nan nan
2.399530e+00 nan nan
2.399926e+00 nan nan
2.400322e+00 nan nan
2.400718e+00 nan nan
2.401114e+00 nan nan
2.401510e+00 nan nan
2.401906e+00 nan nan
2.402302e+00 nan nan
2.402698e+00 nan nan
2.403094e+00 nan nan
2.403490e+00 nan nan
2.403886e+00 nan nan
2.404282e+00 nan nan
2.404678e+00 nan nan
2.405074e+00 nan nan
2.405470e+00 nan nan
2.405866e+00 nan nan
2.406262e+00 nan nan
2.406658e+00 nan nan
2.407054e+00 nan nan
2.407450e+00 nan nan
2.407846e+00 nan nan
2.408242e+00 nan nan
2.408638e+00 nan nan
2.409034e+00 nan nan
2.409430e+00 nan nan
2.409826e+00 nan nan
2.410222e+00 nan nan
2.410618e+00 nan nan
2.411014e+00 nan nan
2.411410e+00 nan nan
2.411806e+00 nan nan
2.412202e+00 nan nan
2.412598e+00 nan nan
2.412994e+00 nan nan
2.413390e+00 nan nan
2.413786e+00 nan nan
2.414182e+00 nan nan
2.414578e+00 nan nan
2.414974e+00 nan nan
2.415370e+00 nan nan
2.415766e+00 nan nan
2.416162e+00 nan nan
2.416558e+00 nan nan
2.416954e+00 nan nan
2.417350e+00 nan nan
2.417746e+00 nan nan
2.418142e+00 nan nan
2.418538e+00 nan nan
2.418934e+00 nan nan
2.419330e+00 nan nan
2.419726e+00 nan nan
2.420122e+00 nan nan
2.420518e+00 nan nan
2.420914e+00 nan nan
2.421310e+00 nan nan
2.421706e+00 nan nan
2.422102e+00 nan nan
2.422498e+00 nan nan
2.422894e+00 nan nan
2.423290e+00 nan nan
2.423686e+00 nan nan
2.424082e+00 nan nan
2.424478e+00 nan nan
2.424874e+00 nan nan
2.425270e+00 nan nan
2.425666e+00 nan nan
2.426062e+00 nan nan
2.426458e+00 nan nan
2.426854e+00 nan nan
2.427250e+00 nan nan
2.427646e+00 nan nan
2.428042e+00 nan nan
2.428438e+00 nan nan
2.428834e+00 nan nan
2.429230e+00 nan nan
2.429626e+00 nan nan
2.430022e+00 nan nan
2.430418e+00 nan nan
2.430814e+00 nan nan
2.431210e+00 nan nan
2.431606e+00 nan nan
2.432002e+00 nan nan
2.432398e+00 nan nan
2.432794e+00 nan nan
2.433190e+00 nan nan
2.433586e+00 nan nan
2.433982e+00 nan nan
2.434378e+00 nan nan
2.434774e+00 nan nan
2.435170e+00 nan nan
2.435566e+00 nan nan
2.435962e+00 nan nan
2.436358e+00 nan nan
2.436754e+00 nan nan
2.437150e+00 nan nan
2.437546e+00 nan nan
2.437942e+00 nan nan
2.438338e+00 nan nan
2.438734e+00 nan nan
2.439130e+00 nan nan
2.439526e+00 nan nan
2.439922e+00 nan nan
2.440318e+00 nan nan
2.440714e+00 nan nan
2.441110e+00 nan nan
2.441506e+00 nan nan
2.441902e+00 nan nan
2.442298e+00 nan nan
2.442694e+00 nan nan
2.443090e+00 nan nan
2.443486e+00 nan nan
2.443882e+00 nan nan
2.444278e+00 nan nan
2.444674e+00 nan nan
2.445070e+00 nan nan
2.445466e+00 nan nan
2.445862e+00 nan nan
2.446258e+00 nan nan
2.446654e+00 nan nan
2.447050e+00 nan nan
2.447446e+00 nan nan
2.447842e+00 nan nan
2.448238e+00 nan nan
2.448634e+00 nan nan
2.449030e+00 nan nan
2.449426e+00 nan nan
2.449822e+00 nan nan
2.450218e+00 nan nan
2.450614e+00 nan nan
2.451010e+00 nan nan
2.451406e+00 nan nan
2.451802e+00 nan nan
2.452198e+00 nan nan
2.452594e+00 nan nan
2.452990e+00 nan nan
2.453386e+00 nan nan
2.453782e+00 nan nan
2.454178e+00 nan nan
2.454574e+00 nan nan
2.454970e+00 nan nan
2.455366e+00 nan nan
2.455762e+00 nan nan
2.456158e+00 nan nan
2.456554e+00 nan nan
2.456950e+00 nan nan
2.457346e+00 nan nan
2.457742e+00 nan nan
2.458138e+00 nan nan
2.458534e+00 nan nan
2.458930e+00 nan nan
2.459326e+00 nan nan
2.459722e+00 nan nan
2.460118e+00 nan nan
2.460514e+00 nan nan
2.460910e+00 nan nan
2.461306e+00 nan nan
2.461702e+00 nan nan
2.462098e+00 nan nan
2.462494e+00 nan nan
2.462890e+00 nan nan
2.463286e+00 nan nan
2.463682e+00 nan nan
2.464078e+00 nan nan
2.464474e+00 nan nan
2.464870e+00 nan nan
2.465266e+00 nan nan
2.465662e+00 nan nan
2.466058e+00 nan nan
2.466454e+00 nan nan
2.466850e+00 nan nan
2.467246e+00 nan nan
2.467642e+00 nan nan
2.468038e+00 nan nan
2.468434e+00 nan nan
2.468830e+00 nan nan
2.469226e+00 nan nan
2.469622e+00 nan nan
2.470018e+00 nan nan
2.470414e+00 nan nan
2.470810e+00 nan nan
2.471206e+00 nan nan
2.471602e+00 nan nan
2.471998e+00 nan nan
2.472394e+00 nan nan
2.472790e+00 nan nan
2.473186e+00 nan nan
2.473582e+00 nan nan
2.473978e+00 nan nan
2.474374e+00 nan nan
2.474770e+00 nan nan
2.475166e+00 nan nan
2.475562e+00 nan nan
2.475958e+00 nan nan
2.476354e+00 nan nan
2.476750e+00 nan nan
2.477146e+00 nan nan
2.477542e+00 nan nan
2.477938e+00 nan nan
2.478334e+00 nan nan
2.478730e+00 nan nan
2.479126e+00 nan nan
2.479522e+00 nan nan
2.479918e+00 3.881506e-15 1.854229e-16
2.480314e+00 3.873626e-15 1.829229e-16
2.480710e+00 3.907713e-15 1.063894e-16
2.481106e+00 3.769913e-15 3.305793e-17
2.481502e+00 3.560106e-15 2.981060e-17
2.481898e+00 3.662335e-15 2.451946e-17
2.482294e+00 3.562271e-15 2.032377e-17
2.482690e+00 3.637880e-15 1.395727e-17
2.483086e+00 3.891193e-15 9.693259e-18
2.483482e+00 4.170956e-15 8.145126e-18
2.483878e+00 4.310450e-15 6.614997e-18
2.484274e+00 4.275159e-15 6.276631e-18
2.484670e+00 4.263783e-15 6.003657e-18
2.485066e+00 4.339890e-15 5.380557e-18
2.485462e+00 4.364978e-15 4.556049e-18
2.485858e+00 4.261786e-15 4.037102e-18
2.486254e+00 4.052662e-15 3.558069e-18
2.486650e+00 3.907665e-15 3.294115e-18
2.487046e+00 3.866930e-15 3.270840e-18
2.487442e+00 3.791410e-15 3.353000e-18
2.487838e+00 3.676898e-15 3.425343e-18
2.488234e+00 3.659312e-15 3.446265e-18
2.488630e+00 3.667254e-15 3.459353e-18
2.489026e+00 3.832138e-15 3.558860e-18
2.489422e+00 3.851594e-15 3.530594e-18
2.489818e+00 3.699237e-15 3.369862e-18
2.490214e+00 3.695079e-15 3.384024e-18
2.490610e+00 3.506422e-15 3.292005e-18
2.491006e+00 3.393065e-15 3.305756e-18
2.491402e+00 3.520489e-15 3.409197e-18
2.491798e+00 3.789405e-15 3.594481e-18
2.492194e+00 3.807895e-15 3.663818e-18
2.492590e+00 3.916594e-15 3.851306e-18
2.492986e+00 3.840219e-15 3.863987e-18
2.493382e+00 3.698255e-15 3.727278e-18
2.493778e+00 3.923467e-15 3.906527e-18
2.494174e+00 4.109483e-15 4.085967e-18
2.494570e+00 3.929806e-15 4.066206e-18
2.494966e+00 3.790690e-15 3.920081e-18
2.495362e+00 4.111743e-15 4.185516e-18
2.495758e+00 4.208514e-15 4.260550e-18
2.496154e+00 4.072311e-15 4.196038e-18
2.496550e+00 3.979314e-15 4.157110e-18
2.496946e+00 4.049530e-15 4.252409e-18
2.497342e+00 3.932971e-15 4.111054e-18
2.497738e+00 3.769257e-15 3.967109e-18
2.498134e+00 3.444989e-15 3.636054e-18
2.498530e+00 nan nan
2.498926e+00 3.736651e-15 9.900940e-18
2.499322e+00 3.784799e-15 9.840400e-18
2.499718e+00 3.802958e-15 8.845579e-18
2.500114e+00 3.794755e-15 3.584545e-18
2.500510e+00 3.734647e-15 3.630618e-18
2.500906e+00 3.544053e-15 3.397661e-18
2.501302e+00 3.823865e-15 3.607341e-18
2.501698e+00 4.005621e-15 3.739790e-18
2.502094e+00 3.870093e-15 3.627758e-18
2.502490e+00 3.916603e-15 3.693102e-18
2.502886e+00 3.956522e-15 3.720224e-18
2.503282e+00 3.563157e-15 3.506664e-18
2.503678e+00 3.407903e-15 3.383486e-18
2.504074e+00 3.636206e-15 3.538954e-18
2.504470e+00 3.597499e-15 3.530123e-18
2.504866e+00 3.481383e-15 3.432881e-18
2.505262e+00 3.564032e-15 3.514862e-18
2.505658e+00 3.513488e-15 3.526283e-18
2.506054e+00 3.225316e-15 3.366568e-18
2.506450e+00 3.209612e-15 3.377281e-18
2.506846e+00 3.394265e-15 3.482455e-18
2.507242e+00 3.560443e-15 3.574243e-18
2.507638e+00 3.687336e-15 3.641004e-18
2.508034e+00 3.696078e-15 3.662180e-18
2.508430e+00 3.665183e-15 3.644431e-18
2.508826e+00 3.896456e-15 3.729484e-18
2.509222e+00 3.907595e-15 3.797181e-18
2.509618e+00 3.758926e-15 3.702957e-18
2.510014e+00 3.812762e-15 3.996073e-18
2.510410e+00 3.676445e-15 3.695555e-18
2.510806e+00 3.521589e-15 3.640353e-18
2.511202e+00 3.502530e-15 3.719931e-18
2.511598e+00 3.636431e-15 3.850286e-18
2.511994e+00 3.564096e-15 3.753838e-18
2.512390e+00 3.508959e-15 3.715220e-18
2.512786e+00 3.472131e-15 3.686872e-18
2.513182e+00 3.502170e-15 3.685017e-18
2.513578e+00 3.508785e-15 3.666839e-18
2.513974e+00 3.715529e-15 3.729669e-18
2.514370e+00 3.747242e-15 3.721958e-18
2.514766e+00 3.498048e-15 3.497345e-18
2.515162e+00 3.161703e-15 3.316958e-18
2.515558e+00 3.067793e-15 3.264361e-18
2.515954e+00 3.375572e-15 3.412257e-18
2.516350e+00 3.647054e-15 3.572170e-18
2.516746e+00 3.932235e-15 3.614429e-18
2.517142e+00 4.166372e-15 3.662922e-18
2.517538e+00 3.949289e-15 3.581836e-18
2.517934e+00 nan nan
2.518330e+00 3.713010e-15 4.841924e-18
2.518726e+00 3.671401e-15 3.305709e-18
2.519122e+00 3.641653e-15 3.313740e-18
2.519518e+00 3.401734e-15 3.176926e-18
2.519914e+00 3.518768e-15 3.399561e-18
2.520310e+00 3.558374e-15 3.441299e-18
2.520706e+00 3.497383e-15 3.563782e-18
2.521102e+00 3.688640e-15 3.728629e-18
2.521498e+00 3.856966e-15 3.812660e-18
2.521894e+00 3.742419e-15 3.725402e-18
2.522290e+00 3.665800e-15 3.672767e-18
2.522686e+00 3.690286e-15 3.817189e-18
2.523082e+00 3.675290e-15 3.832868e-18
2.523478e+00 3.558483e-15 3.734925e-18
2.523874e+00 3.246959e-15 3.505302e-18
2.524270e+00 3.091162e-15 3.569175e-18
2.524666e+00 3.329388e-15 3.884687e-18
2.525062e+00 3.568398e-15 3.828884e-18
2.525458e+00 3.505901e-15 3.459662e-18
2.525854e+00 3.449486e-15 3.316399e-18
2.526250e+00 3.546707e-15 7.505203e-18
2.526646e+00 3.708827e-15 3.417975e-18
2.527042e+00 3.739799e-15 3.428261e-18
2.527438e+00 3.403650e-15 3.251660e-18
2.527834e+00 3.150129e-15 3.056714e-18
2.528230e+00 3.187753e-15 3.075442e-18
2.528626e+00 3.322223e-15 3.215838e-18
2.529022e+00 3.310095e-15 3.165839e-18
2.529418e+00 3.343378e-15 3.204311e-18
2.529814e+00 3.535819e-15 3.338835e-18
2.530210e+00 3.684430e-15 3.399092e-18
2.530606e+00 3.805616e-15 3.382030e-18
2.531002e+00 3.750843e-15 3.342008e-18
2.531398e+00 3.642681e-15 7.742230e-18
2.531794e+00 3.571373e-15 3.756415e-18
2.532190e+00 3.855004e-15 3.453858e-18
2.532586e+00 3.783888e-15 3.350001e-18
2.532982e+00 3.442688e-15 3.196474e-18
2.533378e+00 3.376181e-15 3.159490e-18
2.533774e+00 3.653651e-15 3.309822e-18
2.534170e+00 3.884175e-15 3.464161e-18
2.534566e+00 3.743973e-15 3.398282e-18
2.534962e+00 3.468362e-15 3.248904e-18
2.535358e+00 3.294076e-15 4.459770e-18
2.535754e+00 3.151511e-15 3.541827e-18
2.536150e+00 3.102606e-15 3.210465e-18
2.536546e+00 3.247028e-15 3.915237e-18
2.536942e+00 3.371942e-15 4.715676e-18
2.537338e+00 3.240907e-15 3.377701e-18
2.537734e+00 3.307631e-15 3.221922e-18
2.538130e+00 3.575631e-15 3.317231e-18
2.538526e+00 3.787856e-15 3.496057e-18
2.538922e+00 3.486531e-15 3.387252e-18
2.539318e+00 3.249759e-15 3.290832e-18
2.539714e+00 3.272393e-15 3.373560e-18
2.540110e+00 3.363989e-15 3.421183e-18
2.540506e+00 3.238243e-15 3.368416e-18
2.540902e+00 3.127761e-15 3.256890e-18
2.541298e+00 3.370180e-15 3.401136e-18
2.541694e+00 3.528467e-15 3.518997e-18
2.542090e+00 3.570830e-15 3.598325e-18
2.542486e+00 3.631896e-15 4.114559e-18
2.542882e+00 3.335639e-15 3.856610e-18
2.543278e+00 3.174020e-15 3.828048e-18
2.543674e+00 3.225052e-15 3.962219e-18
2.544070e+00 3.242779e-15 3.962332e-18
2.544466e+00 3.398224e-15 4.070969e-18
2.544862e+00 3.637026e-15 5.193420e-18
2.545258e+00 3.674084e-15 1.960739e-17
2.545654e+00 3.557156e-15 4.072746e-18
2.546050e+00 3.473811e-15 3.460950e-18
2.546446e+00 3.538355e-15 3.518293e-18
2.546842e+00 3.483144e-15 3.473722e-18
2.547238e+00 3.493037e-15 3.419924e-18
2.547634e+00 3.670503e-15 3.559188e-18
2.548030e+00 3.612645e-15 3.601140e-18
2.548426e+00 3.380034e-15 3.488084e-18
2.548822e+00 3.221524e-15 3.476935e-18
2.549218e+00 3.144518e-15 3.359891e-18
2.549614e+00 3.401918e-15 4.109400e-18
2.550010e+00 3.257658e-15 2.969320e-17
2.550406e+00 3.343222e-15 4.375555e-18
2.550802e+00 nan nan
2.551198e+00 nan nan
2.551594e+00 4.010521e-15 4.469909e-18
2.551990e+00 3.641567e-15 3.770007e-18
2.552386e+00 3.335906e-15 3.490538e-18
2.552782e+00 3.195141e-15 3.608703e-18
2.553178e+00 3.149516e-15 3.673469e-18
2.553574e+00 3.359779e-15 3.770197e-18
2.553970e+00 3.626191e-15 3.850845e-18
2.554366e+00 3.749375e-15 3.863528e-18
2.554762e+00 3.666309e-15 3.776672e-18
2.555158e+00 3.354834e-15 3.589654e-18
2.555554e+00 3.271910e-15 3.587050e-18
2.555950e+00 3.405502e-15 3.887095e-18
2.556346e+00 3.271087e-15 3.994107e-18
2.556742e+00 3.329213e-15 4.107421e-18
2.557138e+00 3.454670e-15 4.212598e-18
2.557534e+00 3.443874e-15 4.143770e-18
2.557930e+00 3.459399e-15 4.187334e-18
2.558326e+00 3.472392e-15 4.200230e-18
2.558722e+00 3.584371e-15 4.338996e-18
2.559118e+00 3.475268e-15 4.109097e-18
2.559514e+00 3.320027e-15 3.883023e-18
2.559910e+00 3.197768e-15 3.797465e-18
2.560306e+00 3.121110e-15 3.864459e-18
2.560702e+00 3.139556e-15 3.948796e-18
2.561098e+00 3.062664e-15 3.874094e-18
2.561494e+00 3.190994e-15 4.180984e-18
2.561890e+00 3.486344e-15 4.601924e-18
2.562286e+00 3.425805e-15 4.542190e-18
2.562682e+00 3.120867e-15 4.893111e-18
2.563078e+00 3.106427e-15 5.058871e-18
2.563474e+00 3.245752e-15 5.249770e-18
2.563870e+00 3.399852e-15 5.418675e-18
2.564266e+00 3.384906e-15 4.952138e-18
2.564662e+00 3.238311e-15 4.604537e-18
2.565058e+00 3.352962e-15 4.802566e-18
2.565454e+00 3.400339e-15 4.774396e-18
2.565850e+00 3.264158e-15 4.577317e-18
2.566246e+00 3.040557e-15 4.287720e-18
2.566642e+00 3.090928e-15 4.372635e-18
2.567038e+00 3.117855e-15 4.279984e-18
2.567434e+00 3.177646e-15 3.883665e-18
2.567830e+00 3.312506e-15 3.687640e-18
2.568226e+00 3.346652e-15 3.452921e-18
2.568622e+00 3.260190e-15 3.285269e-18
2.569018e+00 3.167661e-15 3.206566e-18
2.569414e+00 3.057190e-15 3.055721e-18
2.569810e+00 2.984575e-15 3.010405e-18
2.570206e+00 3.268468e-15 3.138731e-18
2.570602e+00 3.637998e-15 3.255358e-18
2.570998e+00 3.916018e-15 3.421616e-18
2.571394e+00 3.975487e-15 3.554162e-18
2.571790e+00 3.841753e-15 3.491296e-18
2.572186e+00 3.737679e-15 3.493074e-18
2.572582e+00 3.676551e-15 3.378311e-18
2.572978e+00 3.567361e-15 3.320888e-18
2.573374e+00 3.318919e-15 3.198832e-18
2.573770e+00 3.210497e-15 3.192219e-18
2.574166e+00 3.262934e-15 3.514117e-18
2.574562e+00 3.228647e-15 3.154239e-18
2.574958e+00 3.159864e-15 3.129245e-18
2.575354e+00 3.149090e-15 3.118337e-18
2.575750e+00 3.080526e-15 3.141151e-18
2.576146e+00 3.008889e-15 3.165999e-18
2.576542e+00 3.058553e-15 3.175066e-18
2.576938e+00 3.085923e-15 3.118956e-18
2.577334e+00 3.002631e-15 3.127522e-18
2.577730e+00 3.023072e-15 4.522579e-18
2.578126e+00 2.999823e-15 3.059950e-18
2.578522e+00 3.050586e-15 3.076417e-18
2.578918e+00 3.215749e-15 3.165715e-18
2.579314e+00 3.422749e-15 3.261007e-18
2.579710e+00 3.693416e-15 3.375630e-18
2.580106e+00 3.867240e-15 3.488866e-18
2.580502e+00 3.773234e-15 3.458271e-18
2.580898e+00 3.510798e-15 3.325278e-18
2.581294e+00 3.279508e-15 3.193378e-18
2.581690e+00 nan nan
2.582086e+00 3.369565e-15 4.833656e-18
2.582482e+00 3.398601e-15 3.226057e-18
2.582878e+00 3.157377e-15 3.122939e-18
2.583274e+00 3.061194e-15 3.101800e-18
2.583670e+00 3.242551e-15 3.246520e-18
2.584066e+00 3.443522e-15 3.388784e-18
2.584462e+00 3.513240e-15 3.642689e-18
2.584858e+00 3.375882e-15 3.733855e-18
2.585254e+00 3.328229e-15 3.539727e-18
2.585650e+00 3.569804e-15 3.861341e-18
2.586046e+00 3.737959e-15 3.799719e-18
2.586442e+00 3.747479e-15 3.706310e-18
2.586838e+00 3.575582e-15 3.490383e-18
2.587234e+00 3.192200e-15 3.237016e-18
2.587630e+00 3.112967e-15 3.147026e-18
2.588026e+00 3.231753e-15 3.229411e-18
2.588422e+00 3.265659e-15 3.197828e-18
2.588818e+00 3.378218e-15 3.286265e-18
2.589214e+00 3.374707e-15 3.172178e-18
2.589610e+00 3.256031e-15 3.073060e-18
2.590006e+00 3.294376e-15 3.105685e-18
2.590402e+00 3.313816e-15 3.228961e-18
2.590798e+00 3.324190e-15 3.225549e-18
2.591194e+00 3.431331e-15 3.316966e-18
2.591590e+00 3.516489e-15 3.272099e-18
2.591986e+00 3.482928e-15 3.315238e-18
2.592382e+00 3.285004e-15 3.196821e-18
2.592778e+00 3.087058e-15 4.063002e-18
2.593174e+00 3.060779e-15 4.057132e-18
2.593570e+00 3.233474e-15 3.142018e-18
2.593966e+00 3.369277e-15 3.236846e-18
2.594362e+00 3.192519e-15 3.161372e-18
2.594758e+00 3.056496e-15 3.127942e-18
2.595154e+00 3.228396e-15 3.273415e-18
2.595550e+00 3.358546e-15 3.420160e-18
2.595946e+00 3.320598e-15 3.330124e-18
2.596342e+00 3.309396e-15 3.265744e-18
2.596738e+00 3.397067e-15 3.338760e-18
2.597134e+00 3.340106e-15 3.428730e-18
2.597530e+00 3.030534e-15 3.389582e-18
2.597926e+00 2.873907e-15 3.346001e-18
2.598322e+00 3.020455e-15 3.348420e-18
2.598718e+00 3.341382e-15 3.584671e-18
2.599114e+00 3.446659e-15 3.731973e-18
2.599510e+00 3.393585e-15 3.684802e-18
2.599906e+00 3.536715e-15 3.817931e-18
2.600302e+00 3.607046e-15 3.850853e-18
2.600698e+00 3.484513e-15 3.717038e-18
2.601094e+00 3.283223e-15 3.613394e-18
2.601490e+00 2.969887e-15 3.375096e-18
2.601886e+00 3.039388e-15 3.361600e-18
2.602282e+00 3.473977e-15 3.705915e-18
2.602678e+00 3.574131e-15 3.615424e-18
2.603074e+00 3.448920e-15 3.475765e-18
2.603470e+00 3.358717e-15 3.412551e-18
2.603866e+00 3.345669e-15 3.363227e-18
2.604262e+00 3.108890e-15 3.167221e-18
2.604658e+00 3.133845e-15 3.248307e-18
2.605054e+00 3.315651e-15 3.361571e-18
2.605450e+00 3.344579e-15 3.351585e-18
2.605846e+00 3.275579e-15 3.242362e-18
2.606242e+00 3.370180e-15 3.329878e-18
2.606638e+00 3.474341e-15 4.028999e-18
2.607034e+00 3.669531e-15 8.092567e-18
2.607430e+00 3.433471e-15 3.507803e-18
2.607826e+00 3.123979e-15 3.365378e-18
2.608222e+00 3.031846e-15 3.410341e-18
2.608618e+00 2.957513e-15 3.446421e-18
2.609014e+00 3.107630e-15 3.549463e-18
2.609410e+00 3.164100e-15 3.579996e-18
2.609806e+00 3.124450e-15 3.939102e-18
2.610202e+00 3.338005e-15 4.733141e-18
2.610598e+00 3.597594e-15 5.588505e-18
2.610994e+00 3.625647e-15 6.071611e-18
2.611390e+00 3.572390e-15 6.484154e-18
2.611786e+00 3.592041e-15 7.738529e-18
2.612182e+00 3.580575e-15 6.637684e-18
2.612578e+00 3.454732e-15 6.414181e-18
2.612974e+00 3.329183e-15 6.212306e-18
2.613370e+00 3.342634e-15 6.264983e-18
2.613766e+00 3.391744e-15 6.384211e-18
2.614162e+00 3.364741e-15 5.924314e-18
2.614558e+00 3.341489e-15 5.479393e-18
2.614954e+00 3.338895e-15 4.483604e-18
2.615350e+00 3.419010e-15 3.989851e-18
2.615746e+00 3.501375e-15 3.969286e-18
2.616142e+00 3.416253e-15 3.736986e-18
2.616538e+00 3.280428e-15 3.591261e-18
2.616934e+00 3.310635e-15 3.588128e-18
2.617330e+00 3.356415e-15 3.600865e-18
2.617726e+00 3.163816e-15 3.387476e-18
2.618122e+00 3.065882e-15 3.288539e-18
2.618518e+00 3.105019e-15 3.450282e-18
2.618914e+00 3.145172e-15 3.424102e-18
2.619310e+00 3.269684e-15 3.497044e-18
2.619706e+00 3.320386e-15 3.597074e-18
2.620102e+00 3.357397e-15 3.579680e-18
2.620498e+00 3.284865e-15 3.525456e-18
2.620894e+00 3.391594e-15 3.807107e-18
2.621290e+00 3.460136e-15 3.971323e-18
2.621686e+00 3.317852e-15 3.915507e-18
2.622082e+00 3.258022e-15 4.009809e-18
2.622478e+00 3.282754e-15 4.132797e-18
2.622874e+00 3.296025e-15 4.194556e-18
2.623270e+00 3.432794e-15 4.864377e-18
2.623666e+00 3.471896e-15 5.423783e-18
2.624062e+00 3.324718e-15 5.247486e-18
2.624458e+00 3.392690e-15 5.390909e-18
2.624854e+00 3.432556e-15 6.072622e-18
2.625250e+00 3.320544e-15 6.947117e-18
2.625646e+00 3.224077e-15 6.915749e-18
2.626042e+00 3.161295e-15 6.779886e-18
2.626438e+00 3.108151e-15 6.642061e-18
2.626834e+00 3.189091e-15 6.800191e-18
2.627230e+00 3.274052e-15 6.910611e-18
2.627626e+00 3.285833e-15 6.845165e-18
2.628022e+00 3.381558e-15 5.899264e-18
2.628418e+00 3.422269e-15 3.717502e-18
2.628814e+00 3.366496e-15 3.681751e-18
2.629210e+00 3.403996e-15 3.218376e-18
2.629606e+00 3.427717e-15 3.155747e-18
2.630002e+00 3.334169e-15 3.098642e-18
2.630398e+00 3.159598e-15 2.979937e-18
2.630794e+00 3.287606e-15 3.071289e-18
2.631190e+00 3.398395e-15 3.033273e-18
2.631586e+00 3.348724e-15 4.447677e-18
2.631982e+00 3.290314e-15 4.301504e-18
2.632378e+00 3.324872e-15 3.050204e-18
2.632774e+00 3.487679e-15 3.122269e-18
2.633170e+00 3.410578e-15 3.024180e-18
2.633566e+00 3.274997e-15 2.947197e-18
2.633962e+00 3.079101e-15 2.890701e-18
2.634358e+00 2.874930e-15 2.779008e-18
2.634754e+00 2.970245e-15 2.784785e-18
2.635150e+00 3.297496e-15 6.352554e-18
2.635546e+00 nan nan
2.635942e+00 nan nan
2.636338e+00 3.232380e-15 2.934164e-18
2.636734e+00 3.379177e-15 3.067477e-18
2.637130e+00 3.441223e-15 3.143599e-18
2.637526e+00 3.495305e-15 3.146195e-18
2.637922e+00 3.542784e-15 3.859105e-18
2.638318e+00 3.413497e-15 3.044150e-18
2.638714e+00 3.315412e-15 2.956890e-18
2.639110e+00 3.437185e-15 3.035749e-18
2.639506e+00 3.576441e-15 3.078662e-18
2.639902e+00 3.531446e-15 3.058671e-18
2.640298e+00 3.276321e-15 2.973583e-18
2.640694e+00 3.032320e-15 2.907127e-18
2.641090e+00 3.065821e-15 2.932073e-18
2.641486e+00 3.151087e-15 3.057331e-18
2.641882e+00 3.105564e-15 3.012975e-18
2.642278e+00 3.128633e-15 2.975594e-18
2.642674e+00 3.282152e-15 3.012219e-18
2.643070e+00 3.323919e-15 2.989090e-18
2.643466e+00 3.313873e-15 3.023067e-18
2.643862e+00 3.250451e-15 3.057139e-18
2.644258e+00 3.270064e-15 3.143943e-18
2.644654e+00 3.435130e-15 3.259309e-18
2.645050e+00 3.387274e-15 3.238774e-18
2.645446e+00 3.182303e-15 6.671303e-18
2.645842e+00 3.008795e-15 2.923403e-18
2.646238e+00 3.062966e-15 3.268019e-18
2.646634e+00 3.202278e-15 2.923048e-18
2.647030e+00 3.256784e-15 2.877035e-18
2.647426e+00 3.267340e-15 2.840317e-18
2.647822e+00 3.211886e-15 2.833701e-18
2.648218e+00 3.209770e-15 2.833639e-18
2.648614e+00 3.320179e-15 2.901664e-18
2.649010e+00 3.378234e-15 2.958960e-18
2.649406e+00 3.309245e-15 2.684109e-17
2.649802e+00 3.314993e-15 4.007120e-18
2.650198e+00 3.327339e-15 2.897126e-18
2.650594e+00 3.312573e-15 2.911734e-18
2.650990e+00 3.328264e-15 2.917108e-18
2.651386e+00 3.314350e-15 2.881287e-18
2.651782e+00 3.279089e-15 2.882486e-18
2.652178e+00 3.252226e-15 3.243570e-18
2.652574e+00 nan nan
2.652970e+00 3.346556e-15 2.993734e-18
2.653366e+00 3.508437e-15 3.103458e-18
2.653762e+00 3.519526e-15 3.045974e-18
2.654158e+00 3.514796e-15 3.016184e-18
2.654554e+00 3.374524e-15 2.934153e-18
2.654950e+00 3.259821e-15 2.845929e-18
2.655346e+00 3.256613e-15 2.853017e-18
2.655742e+00 3.278553e-15 2.851983e-18
2.656138e+00 3.474020e-15 2.951767e-18
2.656534e+00 3.461347e-15 2.958046e-18
2.656930e+00 3.471100e-15 2.929853e-18
2.657326e+00 3.642653e-15 3.047408e-18
2.657722e+00 3.652967e-15 3.078286e-18
2.658118e+00 3.594641e-15 2.947778e-18
2.658514e+00 3.610288e-15 2.982355e-18
2.658910e+00 3.650432e-15 2.975778e-18
2.659306e+00 3.514799e-15 2.906448e-18
2.659702e+00 3.301723e-15 2.841522e-18
2.660098e+00 3.167649e-15 2.784760e-18
2.660494e+00 3.020137e-15 2.670622e-18
2.660890e+00 3.175936e-15 2.760766e-18
2.661286e+00 3.448218e-15 2.909117e-18
2.661682e+00 3.612726e-15 3.091133e-18
2.662078e+00 3.698904e-15 2.992604e-18
2.662474e+00 3.743703e-15 4.744960e-18
2.662870e+00 3.688194e-15 3.184285e-18
2.663266e+00 3.506271e-15 3.126379e-18
2.663662e+00 3.373287e-15 3.205536e-18
2.664058e+00 3.277415e-15 3.406707e-18
2.664454e+00 3.237616e-15 3.531511e-18
2.664850e+00 3.182859e-15 3.763066e-18
2.665246e+00 3.132583e-15 4.420850e-18
2.665642e+00 3.178723e-15 5.565247e-18
2.666038e+00 3.095894e-15 4.756924e-18
2.666434e+00 3.114000e-15 4.814242e-18
2.666830e+00 3.073433e-15 4.932944e-18
2.667226e+00 2.997780e-15 4.947777e-18
2.667622e+00 3.209472e-15 5.347730e-18
2.668018e+00 3.377806e-15 5.677472e-18
2.668414e+00 3.241241e-15 5.287840e-18
2.668810e+00 3.220181e-15 4.991573e-18
2.669206e+00 3.247915e-15 5.042146e-18
2.669602e+00 3.097723e-15 4.832911e-18
2.669998e+00 2.920533e-15 4.537130e-18
2.670394e+00 2.759539e-15 4.223817e-18
2.670790e+00 2.690593e-15 3.802582e-18
2.671186e+00 2.908220e-15 3.406650e-18
2.671582e+00 3.282930e-15 3.540790e-18
2.671978e+00 3.562941e-15 3.754920e-18
2.672374e+00 3.638360e-15 3.811793e-18
2.672770e+00 3.425303e-15 3.684397e-18
2.673166e+00 3.098756e-15 3.420516e-18
2.673562e+00 3.026246e-15 3.358081e-18
2.673958e+00 3.128406e-15 3.955387e-18
2.674354e+00 3.255383e-15 8.495413e-18
2.674750e+00 3.265690e-15 9.962923e-18
2.675146e+00 3.211171e-15 9.743917e-18
2.675542e+00 3.219610e-15 9.883915e-18
2.675938e+00 3.070243e-15 9.429658e-18
2.676334e+00 2.954522e-15 9.010821e-18
2.676730e+00 2.970411e-15 9.272665e-18
2.677126e+00 2.733501e-15 8.278124e-18
2.677522e+00 2.650770e-15 6.219835e-18
2.677918e+00 2.816692e-15 5.264102e-18
2.678314e+00 3.081836e-15 4.484685e-18
2.678710e+00 3.309113e-15 4.469362e-18
2.679106e+00 3.276042e-15 3.730034e-18
2.679502e+00 3.142063e-15 3.258240e-18
2.679898e+00 3.262224e-15 3.348394e-18
2.680294e+00 3.258098e-15 3.203454e-18
2.680690e+00 3.239113e-15 3.138493e-18
2.681086e+00 3.273214e-15 3.105597e-18
2.681482e+00 3.158773e-15 3.034156e-18
2.681878e+00 3.077508e-15 2.979246e-18
2.682274e+00 3.250720e-15 3.046484e-18
2.682670e+00 3.217165e-15 3.037127e-18
2.683066e+00 3.219737e-15 3.030720e-18
2.683462e+00 3.183994e-15 2.965089e-18
2.683858e+00 3.277187e-15 3.010433e-18
2.684254e+00 3.268135e-15 3.011503e-18
2.684650e+00 3.145766e-15 2.937024e-18
2.685046e+00 3.188162e-15 2.971607e-18
2.685442e+00 3.233696e-15 2.982304e-18
2.685838e+00 3.063186e-15 2.902117e-18
2.686234e+00 2.916420e-15 2.803641e-18
2.686630e+00 2.950043e-15 2.867806e-18
2.687026e+00 3.156941e-15 3.031255e-18
2.687422e+00 3.481007e-15 3.197506e-18
2.687818e+00 3.411405e-15 3.160717e-18
2.688214e+00 3.025099e-15 2.873240e-18
2.688610e+00 3.039397e-15 2.896981e-18
2.689006e+00 3.186691e-15 3.010347e-18
2.689402e+00 3.429340e-15 3.204297e-18
2.689798e+00 3.558209e-15 3.267101e-18
2.690194e+00 3.549593e-15 3.107651e-18
2.690590e+00 3.271321e-15 3.141408e-18
2.690986e+00 3.036173e-15 3.025074e-18
2.691382e+00 3.141380e-15 3.128907e-18
2.691778e+00 3.114461e-15 3.716357e-18
2.692174e+00 3.163065e-15 3.107150e-18
2.692570e+00 3.301079e-15 3.207350e-18
2.692966e+00 3.163093e-15 3.168310e-18
2.693362e+00 2.854295e-15 2.862606e-18
2.693758e+00 2.700949e-15 2.898659e-18
2.694154e+00 2.861410e-15 3.182481e-18
2.694550e+00 2.779034e-15 3.166259e-18
2.694946e+00 2.720929e-15 3.084841e-18
2.695342e+00 2.901243e-15 3.230154e-18
2.695738e+00 2.883887e-15 3.302291e-18
2.696134e+00 2.868945e-15 3.511749e-18
2.696530e+00 2.928339e-15 3.565158e-18
2.696926e+00 3.101558e-15 3.698942e-18
2.697322e+00 3.156689e-15 3.762957e-18
2.697718e+00 3.097401e-15 3.755071e-18
2.698114e+00 3.174604e-15 3.863247e-18
2.698510e+00 3.121187e-15 3.816745e-18
2.698906e+00 2.992133e-15 3.698452e-18
2.699302e+00 3.248466e-15 4.019097e-18
2.699698e+00 3.428347e-15 4.105428e-18
2.700094e+00 3.358312e-15 4.011173e-18
2.700490e+00 3.464625e-15 4.123245e-18
2.700886e+00 3.510480e-15 4.022455e-18
2.701282e+00 3.230319e-15 3.536813e-18
2.701678e+00 2.938353e-15 3.329075e-18
2.702074e+00 3.131271e-15 3.490319e-18
2.702470e+00 3.262513e-15 3.565742e-18
2.702866e+00 3.083423e-15 3.452438e-18
2.703262e+00 2.879103e-15 3.241962e-18
2.703658e+00 3.026933e-15 3.176778e-18
2.704054e+00 3.274085e-15 3.369701e-18
2.704450e+00 3.091760e-15 3.432567e-18
2.704846e+00 2.937284e-15 3.364800e-18
2.705242e+00 2.966775e-15 3.434145e-18
2.705638e+00 2.917130e-15 3.359351e-18
2.706034e+00 2.943940e-15 3.414506e-18
2.706430e+00 3.044266e-15 3.445756e-18
2.706826e+00 3.029442e-15 3.388766e-18
2.707222e+00 2.986058e-15 3.283763e-18
2.707618e+00 3.145355e-15 3.251129e-18
2.708014e+00 3.289267e-15 3.822134e-18
2.708410e+00 3.198862e-15 2.713271e-17
2.708806e+00 3.064430e-15 1.013796e-17
2.709202e+00 nan nan
2.709598e+00 nan nan
2.709994e+00 nan nan
2.710390e+00 3.035455e-15 7.043077e-18
2.710786e+00 2.998817e-15 6.614283e-18
2.711182e+00 2.826630e-15 3.026460e-18
2.711578e+00 2.789575e-15 3.009363e-18
2.711974e+00 2.849781e-15 3.169054e-18
2.712370e+00 2.937750e-15 3.713152e-18
2.712766e+00 2.992308e-15 3.049394e-18
2.713162e+00 3.118445e-15 3.116380e-18
2.713558e+00 3.304685e-15 3.187624e-18
2.713954e+00 3.209361e-15 3.633903e-18
2.714350e+00 3.088494e-15 3.127342e-18
2.714746e+00 3.097264e-15 3.120544e-18
2.715142e+00 2.981713e-15 3.034501e-18
2.715538e+00 3.002725e-15 3.071436e-18
2.715934e+00 2.977889e-15 3.122385e-18
2.716330e+00 2.788339e-15 3.041135e-18
2.716726e+00 2.837980e-15 3.059650e-18
2.717122e+00 3.051002e-15 3.120648e-18
2.717518e+00 2.925837e-15 2.991079e-18
2.717914e+00 2.764052e-15 3.332480e-18
2.718310e+00 2.827423e-15 3.030595e-18
2.718706e+00 3.049214e-15 3.161634e-18
2.719102e+00 3.127215e-15 3.383173e-18
2.719498e+00 3.211187e-15 3.547893e-18
2.719894e+00 3.212862e-15 4.179100e-18
2.720290e+00 2.925362e-15 3.318434e-18
2.720686e+00 2.874137e-15 3.337891e-18
2.721082e+00 3.026380e-15 3.390976e-18
2.721478e+00 3.099824e-15 3.446403e-18
2.721874e+00 3.155124e-15 3.408396e-18
2.722270e+00 3.067243e-15 3.293427e-18
2.722666e+00 2.889235e-15 3.219674e-18
2.723062e+00 2.762004e-15 3.180118e-18
2.723458e+00 2.862710e-15 3.368638e-18
2.723854e+00 3.039682e-15 3.508210e-18
2.724250e+00 2.920553e-15 3.401118e-18
2.724646e+00 2.826278e-15 3.299069e-18
2.725042e+00 2.887274e-15 3.327734e-18
2.725438e+00 2.869946e-15 4.471020e-18
2.725834e+00 2.735049e-15 3.543264e-18
2.726230e+00 2.858308e-15 3.255005e-18
2.726626e+00 3.069113e-15 3.406589e-18
2.727022e+00 3.052307e-15 3.556576e-18
2.727418e+00 2.981786e-15 3.692628e-18
2.727814e+00 2.946431e-15 3.504355e-18
2.728210e+00 2.889711e-15 3.364290e-18
2.728606e+00 2.814186e-15 3.265733e-18
2.729002e+00 2.695990e-15 3.132804e-18
2.729398e+00 2.670931e-15 3.118469e-18
2.729794e+00 2.888483e-15 3.285375e-18
2.730190e+00 2.982000e-15 3.343208e-18
2.730586e+00 2.818699e-15 3.241617e-18
2.730982e+00 nan nan
2.731378e+00 3.189091e-15 3.543335e-18
2.731774e+00 3.356107e-15 3.647118e-18
2.732170e+00 3.256253e-15 3.525404e-18
2.732566e+00 3.170743e-15 3.508640e-18
2.732962e+00 3.150787e-15 3.591794e-18
2.733358e+00 3.079144e-15 3.573568e-18
2.733754e+00 3.109693e-15 3.602901e-18
2.734150e+00 3.233646e-15 3.769536e-18
2.734546e+00 3.289905e-15 3.796214e-18
2.734942e+00 3.113653e-15 3.610141e-18
2.735338e+00 2.840129e-15 3.417030e-18
2.735734e+00 2.713481e-15 3.334717e-18
2.736130e+00 2.545529e-15 3.235674e-18
2.736526e+00 2.555426e-15 3.240187e-18
2.736922e+00 2.751400e-15 3.388542e-18
2.737318e+00 2.883333e-15 3.431673e-18
2.737714e+00 2.897489e-15 3.479115e-18
2.738110e+00 2.900676e-15 3.458069e-18
2.738506e+00 2.827114e-15 3.434172e-18
2.738902e+00 2.775738e-15 3.380703e-18
2.739298e+00 2.800291e-15 3.847464e-18
2.739694e+00 2.867475e-15 3.439372e-18
2.740090e+00 2.793804e-15 3.421786e-18
2.740486e+00 2.621392e-15 3.745859e-18
2.740882e+00 2.709988e-15 3.570417e-18
2.741278e+00 2.868727e-15 3.557932e-18
2.741674e+00 2.830621e-15 3.532382e-18
2.742070e+00 2.922124e-15 3.552320e-18
2.742466e+00 3.158261e-15 3.728073e-18
2.742862e+00 3.275535e-15 3.841411e-18
2.743258e+00 3.164243e-15 3.755569e-18
2.743654e+00 3.014213e-15 3.744412e-18
2.744050e+00 2.948414e-15 3.676251e-18
2.744446e+00 2.932806e-15 3.595090e-18
2.744842e+00 2.869627e-15 3.580451e-18
2.745238e+00 2.796722e-15 3.534376e-18
2.745634e+00 2.871904e-15 3.911634e-18
2.746030e+00 2.868313e-15 3.735960e-18
2.746426e+00 2.796683e-15 3.488963e-18
2.746822e+00 2.914398e-15 3.587292e-18
2.747218e+00 2.985136e-15 3.598418e-18
2.747614e+00 2.865113e-15 3.541876e-18
2.748010e+00 2.800621e-15 3.477917e-18
2.748406e+00 2.878635e-15 3.533862e-18
2.748802e+00 3.025624e-15 3.626029e-18
2.749198e+00 3.107907e-15 3.637144e-18
2.749594e+00 3.040020e-15 4.105980e-18
2.749990e+00 2.726893e-15 4.712554e-18
2.750386e+00 2.533546e-15 4.403343e-18
2.750782e+00 2.599233e-15 5.270540e-18
2.751178e+00 2.714913e-15 4.014902e-18
2.751574e+00 2.895160e-15 3.583144e-18
2.751970e+00 3.047354e-15 3.622871e-18
2.752366e+00 3.077122e-15 3.669505e-18
2.752762e+00 2.945508e-15 3.604286e-18
2.753158e+00 2.857439e-15 3.581053e-18
2.753554e+00 2.996263e-15 3.756850e-18
2.753950e+00 3.484020e-15 1.364843e-17
2.754346e+00 nan nan
2.754742e+00 2.665813e-15 3.757694e-18
2.755138e+00 2.653498e-15 3.858684e-18
2.755534e+00 2.794161e-15 4.598534e-18
2.755930e+00 2.783477e-15 5.176649e-18
2.756326e+00 2.700287e-15 7.176918e-18
2.756722e+00 2.950594e-15 1.829937e-17
2.757118e+00 3.296965e-15 1.050568e-17
2.757514e+00 3.218766e-15 1.031578e-17
2.757910e+00 2.829261e-15 9.046494e-18
2.758306e+00 2.668845e-15 8.541063e-18
2.758702e+00 2.819875e-15 9.032628e-18
2.759098e+00 2.981537e-15 9.552361e-18
2.759494e+00 2.894990e-15 9.210580e-18
2.759890e+00 2.797724e-15 8.424342e-18
2.760286e+00 2.772004e-15 6.754967e-18
2.760682e+00 2.890890e-15 5.636411e-18
2.761078e+00 2.988057e-15 5.319421e-18
2.761474e+00 2.890816e-15 4.737415e-18
2.761870e+00 3.007035e-15 4.491476e-18
2.762266e+00 3.188751e-15 4.399233e-18
2.762662e+00 3.004306e-15 3.887524e-18
2.763058e+00 2.959224e-15 3.725066e-18
2.763454e+00 3.060656e-15 3.644470e-18
2.763850e+00 2.889413e-15 3.309609e-18
2.764246e+00 2.671991e-15 3.092879e-18
2.764642e+00 2.561755e-15 3.057784e-18
2.765038e+00 2.610628e-15 3.024399e-18
2.765434e+00 2.724488e-15 3.129067e-18
2.765830e+00 2.651921e-15 3.047121e-18
2.766226e+00 2.607213e-15 3.018684e-18
2.766622e+00 2.604283e-15 3.008191e-18
2.767018e+00 2.674710e-15 3.009700e-18
2.767414e+00 2.730120e-15 3.040309e-18
2.767810e+00 2.586381e-15 2.953238e-18
2.768206e+00 2.488423e-15 2.895811e-18
2.768602e+00 2.625912e-15 2.997157e-18
2.768998e+00 2.783587e-15 3.565685e-18
2.769394e+00 2.814228e-15 3.090584e-18
2.769790e+00 2.750207e-15 9.169834e-18
2.770186e+00 2.641394e-15 6.551116e-18
2.770582e+00 2.587710e-15 2.924239e-18
2.770978e+00 2.666170e-15 2.981852e-18
2.771374e+00 2.765535e-15 3.054634e-18
2.771770e+00 2.703017e-15 3.024556e-18
2.772166e+00 2.638667e-15 2.993894e-18
2.772562e+00 2.833803e-15 3.101565e-18
2.772958e+00 2.970234e-15 3.136724e-18
2.773354e+00 2.918359e-15 3.092165e-18
2.773750e+00 2.951062e-15 3.042040e-18
2.774146e+00 3.199160e-15 3.160929e-18
2.774542e+00 3.277674e-15 3.196208e-18
2.774938e+00 3.051592e-15 3.068406e-18
2.775334e+00 2.892191e-15 2.966512e-18
2.775730e+00 2.736562e-15 2.875854e-18
2.776126e+00 2.644415e-15 2.788469e-18
2.776522e+00 2.744032e-15 2.847433e-18
2.776918e+00 2.807364e-15 2.927703e-18
2.777314e+00 2.808568e-15 2.892820e-18
2.777710e+00 2.765682e-15 2.877285e-18
2.778106e+00 2.553223e-15 2.758818e-18
2.778502e+00 2.481887e-15 2.692710e-18
2.778898e+00 2.555137e-15 2.722850e-18
2.779294e+00 2.661679e-15 2.774697e-18
2.779690e+00 2.766857e-15 2.785983e-18
2.780086e+00 2.726912e-15 2.780203e-18
2.780482e+00 2.779263e-15 2.800538e-18
2.780878e+00 2.873287e-15 2.841112e-18
2.781274e+00 2.830707e-15 2.789644e-18
2.781670e+00 2.851457e-15 2.799541e-18
2.782066e+00 2.877524e-15 2.869707e-18
2.782462e+00 2.799019e-15 2.779298e-18
2.782858e+00 2.818021e-15 2.789153e-18
2.783254e+00 2.911641e-15 2.902630e-18
2.783650e+00 2.995321e-15 2.891030e-18
2.784046e+00 2.936052e-15 2.831740e-18
2.784442e+00 2.889891e-15 2.844532e-18
2.784838e+00 2.828250e-15 2.832156e-18
2.785234e+00 2.610383e-15 2.709462e-18
2.785630e+00 2.605771e-15 2.676719e-18
2.786026e+00 2.651372e-15 2.695767e-18
2.786422e+00 2.493070e-15 2.597932e-18
2.786818e+00 2.507756e-15 2.624200e-18
2.787214e+00 2.746419e-15 2.729594e-18
2.787610e+00 2.781226e-15 2.764857e-18
2.788006e+00 2.600206e-15 2.622371e-18
2.788402e+00 2.578892e-15 2.656473e-18
2.788798e+00 2.676827e-15 2.694087e-18
2.789194e+00 2.635497e-15 2.624576e-18
2.789590e+00 2.677950e-15 2.612552e-18
2.789986e+00 2.900135e-15 2.748749e-18
2.790382e+00 2.983437e-15 2.811465e-18
2.790778e+00 2.820068e-15 2.712957e-18
2.791174e+00 2.701540e-15 2.621257e-18
2.791570e+00 2.649487e-15 2.625989e-18
2.791966e+00 2.605036e-15 2.596584e-18
2.792362e+00 2.487808e-15 2.522767e-18
2.792758e+00 2.545244e-15 2.556060e-18
2.793154e+00 2.784913e-15 2.723015e-18
2.793550e+00 2.896179e-15 2.783059e-18
2.793946e+00 2.996504e-15 2.825078e-18
2.794342e+00 2.937156e-15 2.884360e-18
2.794738e+00 2.862742e-15 2.768479e-18
2.795134e+00 2.920988e-15 2.798661e-18
2.795530e+00 2.926649e-15 2.796031e-18
2.795926e+00 2.813691e-15 2.746466e-18
2.796322e+00 2.841722e-15 2.799263e-18
2.796718e+00 2.854594e-15 2.758986e-18
2.797114e+00 2.820847e-15 2.751649e-18
2.797510e+00 2.801267e-15 2.737107e-18
2.797906e+00 2.789923e-15 2.750236e-18
2.798302e+00 2.782540e-15 2.830464e-18
2.798698e+00 2.782130e-15 2.813215e-18
2.799094e+00 2.797083e-15 2.753066e-18
2.799490e+00 3.014009e-15 3.416365e-18
2.799886e+00 3.114488e-15 2.922125e-18
2.800282e+00 2.900767e-15 2.734982e-18
2.800678e+00 2.637515e-15 2.629036e-18
2.801074e+00 2.545519e-15 2.935408e-18
2.801470e+00 nan nan
2.801866e+00 2.860086e-15 2.756798e-18
2.802262e+00 2.731856e-15 2.713115e-18
2.802658e+00 2.580585e-15 2.611108e-18
2.803054e+00 2.597109e-15 2.632254e-18
2.803450e+00 2.525225e-15 2.595057e-18
2.803846e+00 2.333979e-15 2.543861e-18
2.804242e+00 2.309425e-15 2.500133e-18
2.804638e+00 2.443387e-15 2.591050e-18
2.805034e+00 2.409171e-15 2.581855e-18
2.805430e+00 2.284603e-15 2.504751e-18
2.805826e+00 2.403799e-15 2.560964e-18
2.806222e+00 2.661195e-15 2.713970e-18
2.806618e+00 2.808480e-15 2.812431e-18
2.807014e+00 2.881722e-15 3.224360e-18
2.807410e+00 2.967350e-15 2.922524e-18
2.807806e+00 3.043520e-15 2.978133e-18
2.808202e+00 2.957288e-15 2.923486e-18
2.808598e+00 2.914016e-15 2.889458e-18
2.808994e+00 2.729320e-15 2.805858e-18
2.809390e+00 2.507766e-15 2.719133e-18
2.809786e+00 2.604247e-15 2.794708e-18
2.810182e+00 2.764325e-15 2.905067e-18
2.810578e+00 2.719438e-15 2.920441e-18
2.810974e+00 2.645063e-15 2.890483e-18
2.811370e+00 2.776842e-15 2.962390e-18
2.811766e+00 3.013122e-15 3.102338e-18
2.812162e+00 3.128009e-15 3.172854e-18
2.812558e+00 3.020531e-15 3.172208e-18
2.812954e+00 2.764155e-15 3.036724e-18
2.813350e+00 2.575103e-15 2.909756e-18
2.813746e+00 2.413898e-15 2.848484e-18
2.814142e+00 2.414764e-15 2.818568e-18
2.814538e+00 2.651291e-15 2.979012e-18
2.814934e+00 2.689149e-15 2.977704e-18
2.815330e+00 2.739880e-15 3.042099e-18
2.815726e+00 2.925117e-15 3.204214e-18
2.816122e+00 2.951770e-15 3.490212e-18
2.816518e+00 2.803651e-15 3.783645e-18
2.816914e+00 2.622734e-15 3.046957e-18
2.817310e+00 2.503025e-15 2.942287e-18
2.817706e+00 2.464189e-15 2.924188e-18
2.818102e+00 2.494803e-15 2.947181e-18
2.818498e+00 2.643535e-15 3.079826e-18
2.818894e+00 2.658918e-15 3.103187e-18
2.819290e+00 2.428257e-15 2.940869e-18
2.819686e+00 2.449910e-15 3.173302e-18
2.820082e+00 2.482554e-15 3.271782e-18
2.820478e+00 2.290251e-15 2.904267e-18
2.820874e+00 2.245900e-15 2.920708e-18
2.821270e+00 2.439298e-15 3.148552e-18
2.821666e+00 2.579465e-15 3.240206e-18
2.822062e+00 2.536316e-15 3.110457e-18
2.822458e+00 2.533218e-15 3.162930e-18
2.822854e+00 2.523843e-15 3.170659e-18
2.823250e+00 2.639709e-15 3.221374e-18
2.823646e+00 2.810848e-15 3.314598e-18
2.824042e+00 2.755093e-15 3.275761e-18
2.824438e+00 2.588670e-15 3.168975e-18
2.824834e+00 2.650876e-15 3.232162e-18
2.825230e+00 2.688605e-15 3.231898e-18
2.825626e+00 2.608603e-15 3.141731e-18
2.826022e+00 2.682777e-15 3.204751e-18
2.826418e+00 2.883616e-15 3.396053e-18
2.826814e+00 2.773746e-15 3.296634e-18
2.827210e+00 2.508282e-15 3.095523e-18
2.827606e+00 2.389738e-15 3.079798e-18
2.828002e+00 2.541591e-15 3.174488e-18
2.828398e+00 2.892601e-15 3.329425e-18
2.828794e+00 2.994455e-15 3.521607e-18
2.829190e+00 3.035820e-15 3.502004e-18
2.829586e+00 2.935465e-15 3.421423e-18
2.829982e+00 2.843716e-15 3.515877e-18
2.830378e+00 2.680719e-15 3.438521e-18
2.830774e+00 2.712403e-15 3.445989e-18
2.831170e+00 2.885945e-15 3.597505e-18
2.831566e+00 2.823644e-15 3.541449e-18
2.831962e+00 2.669056e-15 3.419134e-18
2.832358e+00 2.701546e-15 3.449957e-18
2.832754e+00 2.933570e-15 3.663566e-18
2.833150e+00 2.968121e-15 3.672794e-18
2.833546e+00 2.662650e-15 3.493239e-18
2.833942e+00 2.540396e-15 3.601485e-18
2.834338e+00 2.607015e-15 3.680192e-18
2.834734e+00 2.511583e-15 3.505205e-18
2.835130e+00 2.516097e-15 3.313604e-18
2.835526e+00 2.450654e-15 3.224960e-18
2.835922e+00 2.384867e-15 3.150074e-18
2.836318e+00 2.493206e-15 3.215508e-18
2.836714e+00 2.649299e-15 3.316949e-18
2.837110e+00 2.708492e-15 3.350544e-18
2.837506e+00 2.557208e-15 3.207692e-18
2.837902e+00 2.466872e-15 3.105618e-18
2.838298e+00 2.471574e-15 3.122875e-18
2.838694e+00 2.407759e-15 3.116280e-18
2.839090e+00 2.557431e-15 3.256892e-18
2.839486e+00 2.771473e-15 3.441672e-18
2.839882e+00 2.801398e-15 3.449525e-18
2.840278e+00 2.737568e-15 3.372194e-18
2.840674e+00 2.634713e-15 3.385257e-18
2.841070e+00 2.519397e-15 3.517538e-18
2.841466e+00 2.538584e-15 3.472633e-18
2.841862e+00 2.667347e-15 3.593525e-18
2.842258e+00 2.774105e-15 3.673818e-18
2.842654e+00 2.706460e-15 3.489920e-18
2.843050e+00 2.530282e-15 3.187213e-18
2.843446e+00 2.563435e-15 3.186324e-18
2.843842e+00 2.608310e-15 3.200057e-18
2.844238e+00 2.611745e-15 3.159028e-18
2.844634e+00 2.590114e-15 3.097023e-18
2.845030e+00 2.545769e-15 3.021971e-18
2.845426e+00 2.508297e-15 3.012516e-18
2.845822e+00 2.589849e-15 3.029952e-18
2.846218e+00 2.636063e-15 3.026955e-18
2.846614e+00 2.621296e-15 2.985703e-18
2.847010e+00 2.732621e-15 3.041787e-18
2.847406e+00 2.805683e-15 3.059296e-18
2.847802e+00 2.726797e-15 3.025008e-18
2.848198e+00 2.689208e-15 2.997178e-18
2.848594e+00 2.705965e-15 3.036130e-18
2.848990e+00 2.694027e-15 2.978231e-18
2.849386e+00 2.528573e-15 2.863862e-18
2.849782e+00 2.417142e-15 2.890864e-18
2.850178e+00 2.470900e-15 2.797433e-18
2.850574e+00 2.468392e-15 2.785363e-18
2.850970e+00 2.603828e-15 2.885364e-18
2.851366e+00 2.692011e-15 2.920524e-18
2.851762e+00 2.605985e-15 2.851099e-18
2.852158e+00 2.557327e-15 3.336526e-18
2.852554e+00 2.559314e-15 2.807208e-18
2.852950e+00 2.589568e-15 2.799525e-18
2.853346e+00 2.533069e-15 2.728319e-18
2.853742e+00 2.427213e-15 2.655483e-18
2.854138e+00 2.417973e-15 2.626201e-18
2.854534e+00 2.289589e-15 2.580344e-18
2.854930e+00 2.308412e-15 2.610643e-18
2.855326e+00 2.412699e-15 2.724235e-18
2.855722e+00 2.313319e-15 2.771233e-18
2.856118e+00 2.314660e-15 2.756527e-18
2.856514e+00 2.433823e-15 2.668800e-18
2.856910e+00 2.470858e-15 2.618403e-18
2.857306e+00 2.474919e-15 2.673737e-18
2.857702e+00 2.535612e-15 2.676911e-18
2.858098e+00 2.781299e-15 2.850550e-18
2.858494e+00 2.934861e-15 2.904955e-18
2.858890e+00 2.989440e-15 2.860567e-18
2.859286e+00 3.003277e-15 2.937114e-18
2.859682e+00 2.870782e-15 2.861350e-18
2.860078e+00 2.673156e-15 2.764976e-18
2.860474e+00 2.693590e-15 2.747133e-18
2.860870e+00 2.705704e-15 3.235739e-18
2.861266e+00 2.654815e-15 2.656761e-18
2.861662e+00 nan nan
2.862058e+00 2.545279e-15 5.945455e-18
2.862454e+00 2.671769e-15 2.707358e-18
2.862850e+00 2.866055e-15 2.851421e-18
2.863246e+00 2.910956e-15 2.835903e-18
2.863642e+00 2.630123e-15 2.658404e-18
2.864038e+00 2.389651e-15 2.522572e-18
2.864434e+00 2.421185e-15 2.522207e-18
2.864830e+00 2.631837e-15 2.741626e-18
2.865226e+00 2.696125e-15 2.788289e-18
2.865622e+00 2.595686e-15 2.675168e-18
2.866018e+00 2.574939e-15 2.620052e-18
2.866414e+00 2.521367e-15 2.595562e-18
2.866810e+00 2.449484e-15 2.573665e-18
2.867206e+00 2.566185e-15 2.677502e-18
2.867602e+00 2.716505e-15 2.815312e-18
2.867998e+00 2.544797e-15 2.756446e-18
2.868394e+00 2.489614e-15 2.714865e-18
2.868790e+00 2.591902e-15 2.993678e-18
2.869186e+00 2.628391e-15 3.226011e-18
2.869582e+00 2.672396e-15 3.769603e-18
2.869978e+00 2.610533e-15 4.165554e-18
2.870374e+00 2.586309e-15 4.471984e-18
2.870770e+00 2.708267e-15 5.366006e-18
2.871166e+00 2.676111e-15 6.041014e-18
2.871562e+00 2.499214e-15 6.042577e-18
2.871958e+00 2.465862e-15 6.276118e-18
2.872354e+00 2.430659e-15 6.212212e-18
2.872750e+00 2.360908e-15 7.488671e-18
2.873146e+00 2.146292e-15 5.569927e-18
2.873542e+00 2.336147e-15 6.083530e-18
2.873938e+00 2.588046e-15 6.717412e-18
2.874334e+00 2.628982e-15 6.749000e-18
2.874730e+00 2.557025e-15 6.084069e-18
2.875126e+00 2.552963e-15 4.963121e-18
2.875522e+00 2.725198e-15 4.585070e-18
2.875918e+00 2.926642e-15 4.639555e-18
2.876314e+00 2.863556e-15 4.238093e-18
2.876710e+00 2.754491e-15 3.869130e-18
2.877106e+00 2.702842e-15 3.745653e-18
2.877502e+00 2.647437e-15 3.475845e-18
2.877898e+00 2.512605e-15 3.113080e-18
2.878294e+00 2.552768e-15 3.076487e-18
2.878690e+00 2.643816e-15 3.159971e-18
2.879086e+00 2.574535e-15 3.050683e-18
2.879482e+00 2.600627e-15 3.030367e-18
2.879878e+00 2.646150e-15 2.997582e-18
2.880274e+00 2.627515e-15 2.989296e-18
2.880670e+00 2.652228e-15 3.021641e-18
2.881066e+00 2.623328e-15 2.997030e-18
2.881462e+00 2.583889e-15 3.015587e-18
2.881858e+00 2.646449e-15 3.092190e-18
2.882254e+00 2.675312e-15 3.116618e-18
2.882650e+00 2.536481e-15 3.001170e-18
2.883046e+00 2.474620e-15 3.057080e-18
2.883442e+00 2.635236e-15 3.151113e-18
2.883838e+00 2.604013e-15 3.065512e-18
2.884234e+00 2.520633e-15 3.055808e-18
2.884630e+00 2.601040e-15 3.123393e-18
2.885026e+00 2.677812e-15 3.635166e-18
2.885422e+00 2.654958e-15 3.634591e-18
2.885818e+00 2.470526e-15 3.073151e-18
2.886214e+00 2.337118e-15 3.030679e-18
2.886610e+00 2.475426e-15 3.145936e-18
2.887006e+00 2.762310e-15 3.324908e-18
2.887402e+00 2.803715e-15 3.405570e-18
2.887798e+00 2.577698e-15 3.211287e-18
2.888194e+00 2.439825e-15 3.116036e-18
2.888590e+00 2.345245e-15 3.073809e-18
2.888986e+00 2.352992e-15 3.121382e-18
2.889382e+00 2.442038e-15 3.180071e-18
2.889778e+00 2.362987e-15 3.203654e-18
2.890174e+00 2.413133e-15 3.334162e-18
2.890570e+00 2.510855e-15 3.381939e-18
2.890966e+00 2.462349e-15 3.218544e-18
2.891362e+00 2.271434e-15 3.082297e-18
2.891758e+00 2.371767e-15 3.138130e-18
2.892154e+00 2.543575e-15 3.234681e-18
2.892550e+00 2.608049e-15 3.237322e-18
2.892946e+00 2.697499e-15 3.361053e-18
2.893342e+00 2.612230e-15 3.336604e-18
2.893738e+00 2.619598e-15 3.301906e-18
2.894134e+00 2.800898e-15 3.523223e-18
2.894530e+00 2.933388e-15 3.509764e-18
2.894926e+00 2.859338e-15 3.459059e-18
2.895322e+00 2.735327e-15 3.422803e-18
2.895718e+00 2.645020e-15 3.288063e-18
2.896114e+00 2.587009e-15 3.243525e-18
2.896510e+00 2.592651e-15 3.264967e-18
2.896906e+00 2.612757e-15 3.304416e-18
2.897302e+00 2.693572e-15 3.511680e-18
2.897698e+00 2.824209e-15 3.783763e-18
2.898094e+00 2.880351e-15 3.851244e-18
2.898490e+00 2.689999e-15 3.672664e-18
2.898886e+00 2.444625e-15 3.404005e-18
2.899282e+00 2.346859e-15 3.345996e-18
2.899678e+00 2.298399e-15 3.278595e-18
2.900074e+00 2.366542e-15 3.398217e-18
2.900470e+00 2.453401e-15 3.462603e-18
2.900866e+00 2.340721e-15 3.279933e-18
2.901262e+00 2.326406e-15 3.159885e-18
2.901658e+00 2.540450e-15 3.318565e-18
2.902054e+00 2.539997e-15 3.303092e-18
2.902450e+00 2.431327e-15 3.204540e-18
2.902846e+00 2.464994e-15 3.218046e-18
2.903242e+00 2.680612e-15 3.392151e-18
2.903638e+00 2.726922e-15 3.382322e-18
2.904034e+00 2.487760e-15 3.216040e-18
2.904430e+00 2.312024e-15 3.045854e-18
2.904826e+00 2.435259e-15 3.122223e-18
2.905222e+00 2.470666e-15 3.114320e-18
2.905618e+00 2.575197e-15 3.148382e-18
2.906014e+00 2.662062e-15 3.129666e-18
2.906410e+00 2.608886e-15 3.080855e-18
2.906806e+00 2.562519e-15 3.060938e-18
2.907202e+00 2.509130e-15 3.030000e-18
2.907598e+00 2.375401e-15 3.002854e-18
2.907994e+00 2.145013e-15 2.911972e-18
2.908390e+00 2.012093e-15 2.949709e-18
2.908786e+00 2.123127e-15 2.861908e-18
2.909182e+00 2.249119e-15 2.953906e-18
2.909578e+00 2.333192e-15 2.965330e-18
2.909974e+00 2.196015e-15 2.870261e-18
2.910370e+00 2.016241e-15 2.663999e-18
2.910766e+00 2.147216e-15 2.678058e-18
2.911162e+00 2.537851e-15 2.892626e-18
2.911558e+00 2.710119e-15 2.941904e-18
2.911954e+00 2.634944e-15 2.952466e-18
2.912350e+00 2.630714e-15 3.026546e-18
2.912746e+00 2.607962e-15 3.023586e-18
2.913142e+00 2.585220e-15 2.973121e-18
2.913538e+00 2.600777e-15 2.890093e-18
2.913934e+00 2.592513e-15 2.779532e-18
2.914330e+00 2.568186e-15 2.751539e-18
2.914726e+00 2.511435e-15 2.692894e-18
2.915122e+00 2.484535e-15 2.664719e-18
2.915518e+00 2.455395e-15 3.878485e-18
2.915914e+00 2.482109e-15 2.645431e-18
2.916310e+00 2.569112e-15 2.720949e-18
2.916706e+00 2.507003e-15 2.668415e-18
2.917102e+00 2.392968e-15 2.590907e-18
2.917498e+00 2.455566e-15 2.629772e-18
2.917894e+00 2.567010e-15 3.146148e-18
2.918290e+00 2.480740e-15 2.641512e-18
2.918686e+00 2.503925e-15 2.672913e-18
2.919082e+00 2.593565e-15 2.672283e-18
2.919478e+00 2.557573e-15 2.648206e-18
2.919874e+00 2.507558e-15 2.638884e-18
2.920270e+00 2.398917e-15 2.572926e-18
2.920666e+00 2.382981e-15 2.586551e-18
2.921062e+00 2.387972e-15 2.621847e-18
2.921458e+00 2.331338e-15 2.849297e-18
2.921854e+00 2.312739e-15 2.863971e-18
2.922250e+00 2.340212e-15 2.859367e-18
2.922646e+00 2.440181e-15 2.905215e-18
2.923042e+00 2.420207e-15 2.901446e-18
2.923438e+00 2.298911e-15 2.786239e-18
2.923834e+00 2.344123e-15 2.772678e-18
2.924230e+00 2.401080e-15 2.842754e-18
2.924626e+00 2.311327e-15 2.797439e-18
2.925022e+00 2.418456e-15 2.607354e-18
2.925418e+00 2.632850e-15 2.683287e-18
2.925814e+00 2.460381e-15 2.571799e-18
2.926210e+00 2.416382e-15 2.519574e-18
2.926606e+00 2.608385e-15 2.622889e-18
2.927002e+00 2.551645e-15 2.592086e-18
2.927398e+00 2.373610e-15 2.899595e-18
2.927794e+00 2.300903e-15 2.522527e-18
2.928190e+00 2.375966e-15 2.544155e-18
2.928586e+00 2.474177e-15 2.618513e-18
2.928982e+00 2.335668e-15 2.580054e-18
2.929378e+00 2.093296e-15 2.395822e-18
2.929774e+00 2.105519e-15 2.428594e-18
2.930170e+00 2.348781e-15 3.996423e-18
2.930566e+00 2.534029e-15 4.184293e-18
2.930962e+00 2.581723e-15 4.651553e-18
2.931358e+00 2.677770e-15 2.888908e-18
2.931754e+00 2.592273e-15 2.772470e-18
2.932150e+00 2.453501e-15 2.848408e-18
2.932546e+00 2.554339e-15 3.113952e-18
2.932942e+00 2.709384e-15 3.975989e-18
2.933338e+00 2.626098e-15 3.870214e-18
2.933734e+00 2.535474e-15 2.814025e-18
2.934130e+00 2.503470e-15 2.808435e-18
2.934526e+00 2.554080e-15 2.804679e-18
2.934922e+00 2.621238e-15 2.842368e-18
2.935318e+00 2.517897e-15 2.877671e-18
2.935714e+00 2.453748e-15 2.899288e-18
2.936110e+00 2.512510e-15 2.936432e-18
2.936506e+00 2.526523e-15 2.874229e-18
2.936902e+00 2.533455e-15 2.838763e-18
2.937298e+00 2.521172e-15 2.883020e-18
2.937694e+00 2.502762e-15 2.997716e-18
2.938090e+00 2.497904e-15 2.928041e-18
2.938486e+00 2.498616e-15 3.438838e-18
2.938882e+00 2.550963e-15 2.964319e-18
2.939278e+00 2.573550e-15 2.955226e-18
2.939674e+00 2.577979e-15 2.979901e-18
2.940070e+00 2.411551e-15 2.876369e-18
2.940466e+00 2.200573e-15 2.730686e-18
2.940862e+00 2.296106e-15 2.869169e-18
2.941258e+00 2.358477e-15 3.023059e-18
2.941654e+00 2.243197e-15 2.924548e-18
2.942050e+00 2.303705e-15 2.983431e-18
2.942446e+00 2.478112e-15 3.154710e-18
2.942842e+00 2.584633e-15 3.217653e-18
2.943238e+00 2.595332e-15 3.267921e-18
2.943634e+00 2.443115e-15 3.148416e-18
2.944030e+00 2.352299e-15 3.142564e-18
2.944426e+00 2.303321e-15 3.229453e-18
2.944822e+00 2.260876e-15 3.301044e-18
2.945218e+00 2.363324e-15 3.372319e-18
2.945614e+00 2.481180e-15 3.373485e-18
2.946010e+00 2.520713e-15 3.373986e-18
2.946406e+00 2.442926e-15 3.330890e-18
2.946802e+00 2.200943e-15 3.132021e-18
2.947198e+00 2.095806e-15 3.019495e-18
2.947594e+00 2.149735e-15 3.094649e-18
2.947990e+00 2.246564e-15 3.155358e-18
2.948386e+00 2.164852e-15 3.040501e-18
2.948782e+00 2.037659e-15 2.854893e-18
2.949178e+00 2.238081e-15 3.014323e-18
2.949574e+00 2.485347e-15 3.211637e-18
2.949970e+00 2.559242e-15 3.195552e-18
2.950366e+00 2.570298e-15 3.172210e-18
2.950762e+00 2.543830e-15 3.138992e-18
2.951158e+00 2.505701e-15 3.145822e-18
2.951554e+00 2.567532e-15 3.185067e-18
2.951950e+00 2.481562e-15 3.123193e-18
2.952346e+00 2.407989e-15 3.019405e-18
2.952742e+00 2.455758e-15 3.078294e-18
2.953138e+00 2.457366e-15 3.077661e-18
2.953534e+00 2.334585e-15 2.965097e-18
2.953930e+00 2.267856e-15 2.950769e-18
2.954326e+00 2.318055e-15 3.020706e-18
2.954722e+00 2.320748e-15 2.995783e-18
2.955118e+00 2.298518e-15 2.998097e-18
2.955514e+00 2.280056e-15 3.068462e-18
2.955910e+00 2.176018e-15 3.170563e-18
2.956306e+00 2.133888e-15 3.180084e-18
2.956702e+00 2.254983e-15 3.286180e-18
2.957098e+00 2.459460e-15 3.555090e-18
2.957494e+00 2.581106e-15 3.578893e-18
2.957890e+00 2.626018e-15 3.556469e-18
2.958286e+00 2.534507e-15 3.219191e-18
2.958682e+00 2.420054e-15 2.901536e-18
2.959078e+00 2.429930e-15 2.861759e-18
2.959474e+00 2.345138e-15 2.763124e-18
2.959870e+00 2.293306e-15 2.721045e-18
2.960266e+00 2.370621e-15 2.785660e-18
2.960662e+00 2.449041e-15 2.815800e-18
2.961058e+00 2.349699e-15 2.711864e-18
2.961454e+00 2.319415e-15 2.634871e-18
2.961850e+00 2.431857e-15 2.703073e-18
2.962246e+00 2.394179e-15 2.726070e-18
2.962642e+00 2.248223e-15 2.613168e-18
2.963038e+00 2.270554e-15 2.680347e-18
2.963434e+00 2.269286e-15 2.635126e-18
2.963830e+00 2.167138e-15 2.558678e-18
2.964226e+00 2.274331e-15 2.691234e-18
2.964622e+00 2.478553e-15 2.842449e-18
2.965018e+00 2.571109e-15 2.851399e-18
2.965414e+00 2.569997e-15 2.715499e-18
2.965810e+00 2.437394e-15 2.652619e-18
2.966206e+00 2.236980e-15 2.523060e-18
2.966602e+00 2.156911e-15 2.509036e-18
2.966998e+00 2.284464e-15 2.574700e-18
2.967394e+00 2.378312e-15 2.602578e-18
2.967790e+00 2.422024e-15 2.610581e-18
2.968186e+00 2.297486e-15 2.585665e-18
2.968582e+00 2.050651e-15 2.338920e-18
2.968978e+00 2.050408e-15 2.365431e-18
2.969374e+00 2.242496e-15 2.447597e-18
2.969770e+00 2.368729e-15 2.518285e-18
2.970166e+00 2.429947e-15 2.549133e-18
2.970562e+00 2.391436e-15 2.507308e-18
2.970958e+00 2.354290e-15 2.481074e-18
2.971354e+00 2.309879e-15 2.436271e-18
2.971750e+00 2.257855e-15 2.410673e-18
2.972146e+00 2.182226e-15 2.364649e-18
2.972542e+00 2.245293e-15 2.399812e-18
2.972938e+00 2.320974e-15 2.457675e-18
2.973334e+00 2.339539e-15 2.462142e-18
2.973730e+00 2.489470e-15 2.549485e-18
2.974126e+00 2.555583e-15 2.610204e-18
2.974522e+00 2.424820e-15 2.546256e-18
2.974918e+00 2.266258e-15 2.462566e-18
2.975314e+00 2.292388e-15 2.471678e-18
2.975710e+00 2.457633e-15 2.595274e-18
2.976106e+00 2.493928e-15 2.635474e-18
2.976502e+00 2.444890e-15 2.573353e-18
2.976898e+00 2.478191e-15 2.553952e-18
2.977294e+00 2.621259e-15 2.652857e-18
2.977690e+00 2.666922e-15 2.712021e-18
2.978086e+00 2.517531e-15 2.664161e-18
2.978482e+00 2.434745e-15 2.691025e-18
2.978878e+00 2.361924e-15 2.685197e-18
2.979274e+00 nan nan
2.979670e+00 nan nan
2.980066e+00 2.270397e-15 2.576424e-18
2.980462e+00 2.384196e-15 2.683144e-18
2.980858e+00 2.500146e-15 2.695524e-18
2.981254e+00 2.382331e-15 2.587073e-18
2.981650e+00 2.354240e-15 2.663098e-18
2.982046e+00 2.385062e-15 2.716184e-18
2.982442e+00 2.281258e-15 2.585139e-18
2.982838e+00 2.235193e-15 2.516622e-18
2.983234e+00 2.301426e-15 2.714333e-18
2.983630e+00 2.303423e-15 2.632020e-18
2.984026e+00 2.315718e-15 2.637208e-18
2.984422e+00 2.374665e-15 2.945139e-18
2.984818e+00 2.407825e-15 2.818128e-18
2.985214e+00 2.384535e-15 2.692828e-18
2.985610e+00 2.386890e-15 2.697589e-18
2.986006e+00 2.469730e-15 2.766557e-18
2.986402e+00 2.328171e-15 2.702228e-18
2.986798e+00 2.199462e-15 2.623989e-18
2.987194e+00 2.213209e-15 2.627630e-18
2.987590e+00 2.147449e-15 2.608947e-18
2.987986e+00 2.219219e-15 2.654763e-18
2.988382e+00 2.215094e-15 2.653946e-18
2.988778e+00 2.011995e-15 2.543058e-18
2.989174e+00 1.941560e-15 2.507620e-18
2.989570e+00 2.058885e-15 2.622610e-18
2.989966e+00 2.226149e-15 2.761338e-18
2.990362e+00 2.299189e-15 2.829823e-18
2.990758e+00 2.212336e-15 2.769902e-18
2.991154e+00 2.228370e-15 2.810337e-18
2.991550e+00 2.321763e-15 2.886060e-18
2.991946e+00 2.259189e-15 2.859535e-18
2.992342e+00 2.286953e-15 2.882810e-18
2.992738e+00 2.369290e-15 2.974935e-18
2.993134e+00 2.317179e-15 2.916507e-18
2.993530e+00 2.312760e-15 2.892465e-18
2.993926e+00 2.410461e-15 3.034210e-18
2.994322e+00 2.459569e-15 3.079022e-18
2.994718e+00 2.438333e-15 3.081792e-18
2.995114e+00 2.359441e-15 2.977202e-18
2.995510e+00 2.386974e-15 3.055120e-18
2.995906e+00 2.423011e-15 3.014685e-18
2.996302e+00 2.324041e-15 2.994259e-18
2.996698e+00 2.227970e-15 2.930664e-18
2.997094e+00 2.288190e-15 3.017507e-18
2.997490e+00 2.394874e-15 3.064871e-18
2.997886e+00 2.369058e-15 3.026656e-18
2.998282e+00 2.318447e-15 3.072826e-18
2.998678e+00 2.181951e-15 2.954465e-18
2.999074e+00 2.254096e-15 6.203922e-18
2.999470e+00 2.425723e-15 3.125822e-18
2.999866e+00 2.506585e-15 3.200078e-18
3.000262e+00 2.445193e-15 3.176375e-18
3.000658e+00 2.350107e-15 4.571226e-18
3.001054e+00 2.261013e-15 3.604996e-18
3.001450e+00 2.303599e-15 3.615346e-18
3.001846e+00 2.327593e-15 3.080982e-18
3.002242e+00 2.279958e-15 3.027237e-18
3.002638e+00 2.357733e-15 3.093028e-18
3.003034e+00 2.349279e-15 3.193405e-18
3.003430e+00 2.191145e-15 3.593446e-18
3.003826e+00 2.180098e-15 3.459906e-18
3.004222e+00 2.303013e-15 3.447545e-18
3.004618e+00 2.283899e-15 2.920830e-18
3.005014e+00 2.226323e-15 2.914180e-18
3.005410e+00 2.224368e-15 2.868285e-18
3.005806e+00 2.209765e-15 2.818440e-18
3.006202e+00 2.263711e-15 2.835645e-18
3.006598e+00 2.234407e-15 2.829219e-18
3.006994e+00 2.106997e-15 2.712083e-18
3.007390e+00 2.095335e-15 2.686304e-18
3.007786e+00 2.016348e-15 2.651270e-18
3.008182e+00 1.957786e-15 2.597371e-18
3.008578e+00 2.051536e-15 2.626312e-18
3.008974e+00 2.123246e-15 2.684208e-18
3.009370e+00 2.056403e-15 2.557168e-18
3.009766e+00 2.047172e-15 2.542542e-18
3.010162e+00 2.008397e-15 2.493999e-18
3.010558e+00 2.105410e-15 2.578476e-18
3.010954e+00 2.175636e-15 2.548858e-18
3.011350e+00 2.183134e-15 2.548966e-18
3.011746e+00 2.225947e-15 2.567105e-18
3.012142e+00 2.228691e-15 2.547737e-18
3.012538e+00 2.225115e-15 2.538548e-18
3.012934e+00 2.242050e-15 2.538608e-18
3.013330e+00 2.292703e-15 2.484773e-18
3.013726e+00 2.349893e-15 2.501886e-18
3.014122e+00 2.359562e-15 2.553727e-18
3.014518e+00 2.432808e-15 2.568073e-18
3.014914e+00 2.597124e-15 2.653247e-18
3.015310e+00 2.590548e-15 2.650248e-18
3.015706e+00 2.403809e-15 2.542283e-18
3.016102e+00 2.371964e-15 2.534787e-18
3.016498e+00 2.410103e-15 2.607256e-18
3.016894e+00 2.343999e-15 2.483541e-18
3.017290e+00 2.283319e-15 2.395242e-18
3.017686e+00 2.244613e-15 2.352504e-18
3.018082e+00 2.328244e-15 2.403099e-18
3.018478e+00 2.413184e-15 2.468028e-18
3.018874e+00 2.445174e-15 2.459848e-18
3.019270e+00 2.412961e-15 2.400008e-18
3.019666e+00 2.333053e-15 2.347871e-18
3.020062e+00 2.380758e-15 2.494536e-18
3.020458e+00 2.338201e-15 2.450875e-18
3.020854e+00 2.342111e-15 2.357776e-18
3.021250e+00 2.437167e-15 2.422481e-18
3.021646e+00 2.326623e-15 2.369359e-18
3.022042e+00 2.104447e-15 2.287782e-18
3.022438e+00 2.018834e-15 2.185228e-18
3.022834e+00 2.126499e-15 2.244569e-18
3.023230e+00 2.272190e-15 2.325369e-18
3.023626e+00 2.222920e-15 2.309944e-18
3.024022e+00 2.124706e-15 2.265292e-18
3.024418e+00 2.168718e-15 2.391793e-18
3.024814e+00 2.253265e-15 2.910080e-18
3.025210e+00 2.251340e-15 3.002804e-18
3.025606e+00 2.198417e-15 2.728924e-18
3.026002e+00 2.146891e-15 2.496342e-18
3.026398e+00 2.078277e-15 2.473293e-18
3.026794e+00 2.139110e-15 2.494642e-18
3.027190e+00 2.290998e-15 2.632487e-18
3.027586e+00 2.417987e-15 5.532386e-18
3.027982e+00 2.369705e-15 3.938939e-18
3.028378e+00 2.241379e-15 2.660564e-18
3.028774e+00 2.207676e-15 2.639904e-18
3.029170e+00 2.147244e-15 2.610273e-18
3.029566e+00 2.090895e-15 2.532958e-18
3.029962e+00 2.096632e-15 2.559707e-18
3.030358e+00 2.136544e-15 2.637785e-18
3.030754e+00 2.251516e-15 2.722173e-18
3.031150e+00 2.204102e-15 2.641218e-18
3.031546e+00 2.118948e-15 2.590604e-18
3.031942e+00 2.153221e-15 5.694127e-18
3.032338e+00 2.297545e-15 5.822496e-18
3.032734e+00 2.408538e-15 2.763335e-18
3.033130e+00 2.357890e-15 2.697418e-18
3.033526e+00 2.314472e-15 4.403610e-18
3.033922e+00 2.248413e-15 5.021349e-18
3.034318e+00 2.254655e-15 4.783473e-18
3.034714e+00 2.349416e-15 2.992089e-18
3.035110e+00 2.289117e-15 2.996783e-18
3.035506e+00 2.199693e-15 2.944885e-18
3.035902e+00 2.240105e-15 2.977435e-18
3.036298e+00 2.288550e-15 6.746321e-18
3.036694e+00 2.273839e-15 3.103547e-18
3.037090e+00 2.272770e-15 3.487798e-18
3.037486e+00 2.347452e-15 3.863590e-18
3.037882e+00 2.380394e-15 4.012546e-18
3.038278e+00 2.273016e-15 3.882188e-18
3.038674e+00 2.216807e-15 3.861310e-18
3.039070e+00 2.210524e-15 3.847392e-18
3.039466e+00 2.193353e-15 3.794648e-18
3.039862e+00 2.322559e-15 3.994667e-18
3.040258e+00 2.389538e-15 4.055156e-18
3.040654e+00 2.367655e-15 3.943098e-18
3.041050e+00 2.299051e-15 3.156770e-18
3.041446e+00 2.293800e-15 2.967310e-18
3.041842e+00 2.353417e-15 2.954871e-18
3.042238e+00 2.387935e-15 5.706060e-18
3.042634e+00 2.256339e-15 2.887450e-18
3.043030e+00 2.183387e-15 2.857812e-18
3.043426e+00 2.127794e-15 2.799781e-18
3.043822e+00 2.144562e-15 2.789932e-18
3.044218e+00 2.162798e-15 2.841765e-18
3.044614e+00 2.078351e-15 2.827931e-18
3.045010e+00 2.056362e-15 2.810389e-18
3.045406e+00 2.139354e-15 2.870412e-18
3.045802e+00 2.130439e-15 2.879140e-18
3.046198e+00 2.033418e-15 2.765257e-18
3.046594e+00 2.166724e-15 2.961224e-18
3.046990e+00 2.319377e-15 6.781254e-18
3.047386e+00 2.298385e-15 6.608654e-18
3.047782e+00 2.176448e-15 2.937326e-18
3.048178e+00 2.130811e-15 2.912928e-18
3.048574e+00 2.215162e-15 3.078710e-18
3.048970e+00 2.259527e-15 2.996307e-18
3.049366e+00 2.125985e-15 2.833492e-18
3.049762e+00 1.952224e-15 2.629163e-18
3.050158e+00 2.018026e-15 2.708890e-18
3.050554e+00 2.184396e-15 2.759404e-18
3.050950e+00 2.135098e-15 2.699408e-18
3.051346e+00 2.114856e-15 2.693414e-18
3.051742e+00 2.192966e-15 2.658737e-18
3.052138e+00 2.213047e-15 2.691777e-18
3.052534e+00 2.133612e-15 2.614030e-18
3.052930e+00 2.035561e-15 2.521912e-18
3.053326e+00 2.087745e-15 2.699696e-18
3.053722e+00 2.236919e-15 2.628946e-18
3.054118e+00 2.252538e-15 2.692675e-18
3.054514e+00 2.241025e-15 2.536840e-18
3.054910e+00 2.261926e-15 2.515676e-18
3.055306e+00 2.409006e-15 2.647182e-18
3.055702e+00 2.598269e-15 3.973643e-18
3.056098e+00 2.581407e-15 3.166896e-18
3.056494e+00 2.472289e-15 2.647948e-18
3.056890e+00 2.364053e-15 2.572570e-18
3.057286e+00 2.370904e-15 2.542491e-18
3.057682e+00 2.374905e-15 2.541737e-18
3.058078e+00 2.304494e-15 2.479819e-18
3.058474e+00 2.299607e-15 2.481213e-18
3.058870e+00 2.169426e-15 2.376639e-18
3.059266e+00 2.154577e-15 2.402750e-18
3.059662e+00 2.291033e-15 2.491474e-18
3.060058e+00 2.351483e-15 2.504183e-18
3.060454e+00 2.285717e-15 2.454961e-18
3.060850e+00 2.275888e-15 2.402965e-18
3.061246e+00 2.278342e-15 2.424331e-18
3.061642e+00 2.270439e-15 2.658739e-18
3.062038e+00 2.232583e-15 2.311023e-18
3.062434e+00 2.300968e-15 2.344487e-18
3.062830e+00 2.429936e-15 2.449602e-18
3.063226e+00 2.487222e-15 2.481899e-18
3.063622e+00 2.407317e-15 2.527027e-18
3.064018e+00 2.290492e-15 2.491568e-18
3.064414e+00 2.164064e-15 2.397984e-18
3.064810e+00 2.174053e-15 2.373447e-18
3.065206e+00 2.150868e-15 2.334841e-18
3.065602e+00 2.100816e-15 2.263963e-18
3.065998e+00 2.175355e-15 2.345060e-18
3.066394e+00 2.252749e-15 2.474590e-18
3.066790e+00 2.296126e-15 2.737066e-18
3.067186e+00 2.337808e-15 2.760936e-18
3.067582e+00 2.347418e-15 2.750187e-18
3.067978e+00 2.343454e-15 2.433016e-18
3.068374e+00 2.352272e-15 2.445557e-18
3.068770e+00 2.356087e-15 2.459622e-18
3.069166e+00 2.240405e-15 2.430708e-18
3.069562e+00 2.151649e-15 2.368071e-18
3.069958e+00 2.160171e-15 2.388647e-18
3.070354e+00 2.164458e-15 2.477956e-18
3.070750e+00 2.056896e-15 2.380574e-18
3.071146e+00 1.960191e-15 2.375260e-18
3.071542e+00 2.071285e-15 2.493177e-18
3.071938e+00 2.122452e-15 2.557791e-18
3.072334e+00 2.090780e-15 2.550390e-18
3.072730e+00 2.112575e-15 2.645603e-18
3.073126e+00 2.093731e-15 2.667671e-18
3.073522e+00 2.082245e-15 2.682074e-18
3.073918e+00 2.156738e-15 2.761957e-18
3.074314e+00 2.187840e-15 2.778512e-18
3.074710e+00 2.154150e-15 2.793923e-18
3.075106e+00 2.096885e-15 2.739056e-18
3.075502e+00 2.115911e-15 2.747211e-18
3.075898e+00 2.299928e-15 2.873003e-18
3.076294e+00 2.385174e-15 2.930180e-18
3.076690e+00 2.353907e-15 2.884337e-18
3.077086e+00 2.312396e-15 2.780949e-18
3.077482e+00 2.236233e-15 2.710434e-18
3.077878e+00 2.234590e-15 2.717007e-18
3.078274e+00 2.325051e-15 2.910763e-18
3.078670e+00 2.444782e-15 2.894526e-18
3.079066e+00 2.522596e-15 2.919430e-18
3.079462e+00 2.451889e-15 3.404628e-18
3.079858e+00 2.434954e-15 6.463335e-18
3.080254e+00 2.397939e-15 2.927530e-18
3.080650e+00 2.320439e-15 2.919787e-18
3.081046e+00 2.244203e-15 2.821636e-18
3.081442e+00 2.329063e-15 2.900198e-18
3.081838e+00 2.403320e-15 3.112278e-18
3.082234e+00 2.302149e-15 3.028697e-18
3.082630e+00 nan nan
3.083026e+00 2.199110e-15 2.901011e-18
3.083422e+00 2.089353e-15 2.837240e-18
3.083818e+00 2.119768e-15 2.859773e-18
3.084214e+00 2.316482e-15 3.023805e-18
3.084610e+00 2.375860e-15 2.989758e-18
3.085006e+00 2.311750e-15 2.968796e-18
3.085402e+00 2.381175e-15 2.962766e-18
3.085798e+00 2.404812e-15 3.039896e-18
3.086194e+00 2.261697e-15 3.509838e-18
3.086590e+00 2.267593e-15 2.904539e-18
3.086986e+00 2.300247e-15 2.983316e-18
3.087382e+00 2.266879e-15 2.972515e-18
3.087778e+00 2.267879e-15 2.956702e-18
3.088174e+00 2.253534e-15 2.957657e-18
3.088570e+00 2.207087e-15 2.913934e-18
3.088966e+00 2.174596e-15 2.857618e-18
3.089362e+00 2.116281e-15 2.808468e-18
3.089758e+00 2.055931e-15 2.985938e-18
3.090154e+00 2.123362e-15 3.769691e-18
3.090550e+00 2.246835e-15 3.686951e-18
3.090946e+00 2.213806e-15 3.642410e-18
3.091342e+00 2.141732e-15 2.715432e-18
3.091738e+00 2.083889e-15 2.557145e-18
3.092134e+00 2.094283e-15 2.521707e-18
3.092530e+00 2.190727e-15 2.569494e-18
3.092926e+00 2.242259e-15 2.591105e-18
3.093322e+00 2.155625e-15 2.503398e-18
3.093718e+00 2.155439e-15 2.480551e-18
3.094114e+00 2.292823e-15 2.596357e-18
3.094510e+00 2.339330e-15 3.215605e-18
3.094906e+00 nan nan
3.095302e+00 2.098153e-15 2.894093e-18
3.095698e+00 1.995623e-15 2.387620e-18
3.096094e+00 2.037427e-15 2.395599e-18
3.096490e+00 2.237987e-15 2.534830e-18
3.096886e+00 2.151897e-15 2.456643e-18
3.097282e+00 2.077707e-15 2.382773e-18
3.097678e+00 2.168068e-15 2.447009e-18
3.098074e+00 2.196022e-15 2.826426e-18
3.098470e+00 nan nan
3.098866e+00 nan nan
3.099262e+00 nan nan
3.099658e+00 2.296986e-15 2.472704e-18
3.100054e+00 2.292694e-15 2.470992e-18
3.100450e+00 2.254412e-15 2.453987e-18
3.100846e+00 2.334661e-15 2.471546e-18
3.101242e+00 2.457675e-15 2.552868e-18
3.101638e+00 2.483293e-15 2.546248e-18
3.102034e+00 2.402105e-15 3.597677e-18
3.102430e+00 2.280428e-15 5.380607e-18
3.102826e+00 2.152299e-15 2.370443e-18
3.103222e+00 2.220509e-15 2.406315e-18
3.103618e+00 2.244869e-15 2.414194e-18
3.104014e+00 2.323681e-15 2.467814e-18
3.104410e+00 2.347194e-15 2.493063e-18
3.104806e+00 2.319921e-15 2.475494e-18
3.105202e+00 2.277150e-15 2.462186e-18
3.105598e+00 2.222514e-15 2.441621e-18
3.105994e+00 2.156360e-15 2.431938e-18
3.106390e+00 2.104010e-15 2.403363e-18
3.106786e+00 2.169972e-15 2.471295e-18
3.107182e+00 2.274604e-15 2.575193e-18
3.107578e+00 2.296520e-15 2.691615e-18
3.107974e+00 2.139338e-15 2.497176e-18
3.108370e+00 2.120958e-15 2.514047e-18
3.108766e+00 2.180729e-15 2.541039e-18
3.109162e+00 2.117873e-15 2.568229e-18
3.109558e+00 2.202014e-15 2.573503e-18
3.109954e+00 2.366645e-15 2.701518e-18
3.110350e+00 2.320651e-15 2.638753e-18
3.110746e+00 2.210036e-15 2.582678e-18
3.111142e+00 2.177618e-15 2.577701e-18
3.111538e+00 2.230245e-15 2.609203e-18
3.111934e+00 2.242998e-15 2.641308e-18
3.112330e+00 2.214980e-15 2.612174e-18
3.112726e+00 2.239136e-15 2.669335e-18
3.113122e+00 2.224243e-15 2.691253e-18
3.113518e+00 2.129870e-15 2.624210e-18
3.113914e+00 2.073652e-15 2.591040e-18
3.114310e+00 2.091242e-15 2.625070e-18
3.114706e+00 2.045850e-15 2.586670e-18
3.115102e+00 2.054191e-15 2.998391e-18
3.115498e+00 2.175304e-15 2.697863e-18
3.115894e+00 2.287096e-15 2.731256e-18
3.116290e+00 2.250369e-15 2.682795e-18
3.116686e+00 2.234328e-15 2.675549e-18
3.117082e+00 2.340659e-15 2.823347e-18
3.117478e+00 2.320869e-15 2.849488e-18
3.117874e+00 2.161551e-15 2.692644e-18
3.118270e+00 2.083631e-15 2.638222e-18
3.118666e+00 2.087499e-15 2.557819e-18
3.119062e+00 2.117011e-15 2.554267e-18
3.119458e+00 2.197383e-15 2.588811e-18
3.119854e+00 2.274032e-15 2.603868e-18
3.120250e+00 2.304860e-15 2.591093e-18
3.120646e+00 2.269125e-15 2.570723e-18
3.121042e+00 2.211558e-15 3.112812e-18
3.121438e+00 2.198401e-15 2.631846e-18
3.121834e+00 2.256093e-15 2.552950e-18
3.122230e+00 2.355901e-15 2.791928e-18
3.122626e+00 2.308950e-15 2.766953e-18
3.123022e+00 2.265760e-15 2.727028e-18
3.123418e+00 2.357909e-15 2.581669e-18
3.123814e+00 2.387304e-15 2.587170e-18
3.124210e+00 2.271631e-15 2.706378e-18
3.124606e+00 2.178684e-15 2.739972e-18
3.125002e+00 2.244135e-15 2.783825e-18
3.125398e+00 2.349176e-15 2.846116e-18
3.125794e+00 2.355005e-15 2.744869e-18
3.126190e+00 2.327866e-15 2.546304e-18
3.126586e+00 2.384593e-15 2.568884e-18
3.126982e+00 2.380649e-15 2.586034e-18
3.127378e+00 2.297657e-15 2.479712e-18
3.127774e+00 2.248391e-15 2.490633e-18
3.128170e+00 2.226840e-15 2.483863e-18
3.128566e+00 2.181487e-15 2.425030e-18
3.128962e+00 2.169260e-15 2.466795e-18
3.129358e+00 2.137631e-15 2.536835e-18
3.129754e+00 2.076191e-15 2.523381e-18
3.130150e+00 2.047111e-15 2.482910e-18
3.130546e+00 2.041569e-15 2.477164e-18
3.130942e+00 2.115177e-15 2.550818e-18
3.131338e+00 2.174797e-15 2.562952e-18
3.131734e+00 2.218969e-15 2.569835e-18
3.132130e+00 2.312848e-15 2.570901e-18
3.132526e+00 2.250039e-15 2.598919e-18
3.132922e+00 2.055418e-15 2.466447e-18
3.133318e+00 2.025661e-15 2.425350e-18
3.133714e+00 2.159386e-15 2.490830e-18
3.134110e+00 2.244585e-15 2.555067e-18
3.134506e+00 2.342857e-15 2.610760e-18
3.134902e+00 2.256892e-15 2.560387e-18
3.135298e+00 2.156124e-15 2.464758e-18
3.135694e+00 2.132878e-15 2.516313e-18
3.136090e+00 2.221664e-15 2.530278e-18
3.136486e+00 2.458826e-15 2.683917e-18
3.136882e+00 2.548394e-15 2.750377e-18
3.137278e+00 2.352854e-15 2.616305e-18
3.137674e+00 2.162254e-15 2.519266e-18
3.138070e+00 2.067211e-15 2.482094e-18
3.138466e+00 2.097293e-15 2.466824e-18
3.138862e+00 2.219695e-15 2.548785e-18
3.139258e+00 2.325504e-15 2.635672e-18
3.139654e+00 2.314479e-15 2.614965e-18
3.140050e+00 2.352173e-15 2.746870e-18
3.140446e+00 2.364238e-15 3.174637e-18
3.140842e+00 2.297762e-15 2.616038e-18
3.141238e+00 2.195217e-15 2.505995e-18
3.141634e+00 2.081992e-15 2.485963e-18
3.142030e+00 2.041283e-15 2.412812e-18
3.142426e+00 2.197149e-15 2.491037e-18
3.142822e+00 2.355473e-15 2.581050e-18
3.143218e+00 2.230394e-15 2.536553e-18
3.143614e+00 2.077591e-15 2.444692e-18
3.144010e+00 2.159801e-15 2.576461e-18
3.144406e+00 2.256577e-15 2.582593e-18
3.144802e+00 2.324522e-15 2.582432e-18
3.145198e+00 2.362128e-15 2.612683e-18
3.145594e+00 2.388129e-15 2.616290e-18
3.145990e+00 2.353004e-15 2.613533e-18
3.146386e+00 2.247195e-15 2.543997e-18
3.146782e+00 2.244365e-15 2.568689e-18
3.147178e+00 2.270760e-15 2.736597e-18
3.147574e+00 2.214434e-15 2.745337e-18
3.147970e+00 2.205514e-15 2.675846e-18
3.148366e+00 2.315577e-15 2.683034e-18
3.148762e+00 2.324181e-15 2.710032e-18
3.149158e+00 2.254990e-15 2.681533e-18
3.149554e+00 2.197509e-15 2.661856e-18
3.149950e+00 2.152447e-15 2.669032e-18
3.150346e+00 2.214280e-15 2.731951e-18
3.150742e+00 2.297407e-15 2.765083e-18
3.151138e+00 2.420208e-15 2.848577e-18
3.151534e+00 2.468002e-15 2.878028e-18
3.151930e+00 2.299387e-15 2.746202e-18
3.152326e+00 2.213475e-15 2.811208e-18
3.152722e+00 2.237958e-15 2.959801e-18
3.153118e+00 2.227153e-15 2.960952e-18
3.153514e+00 2.200267e-15 2.784316e-18
3.153910e+00 2.163902e-15 2.661487e-18
3.154306e+00 2.170607e-15 2.673912e-18
3.154702e+00 2.201640e-15 2.670975e-18
3.155098e+00 2.213796e-15 2.609510e-18
3.155494e+00 2.127767e-15 2.502307e-18
3.155890e+00 2.116550e-15 2.515439e-18
3.156286e+00 2.174331e-15 2.541062e-18
3.156682e+00 2.162350e-15 2.479400e-18
3.157078e+00 2.168131e-15 2.492558e-18
3.157474e+00 2.189527e-15 2.542434e-18
3.157870e+00 2.162254e-15 2.524831e-18
3.158266e+00 2.102432e-15 2.461998e-18
3.158662e+00 2.148119e-15 2.470246e-18
3.159058e+00 2.234825e-15 2.585067e-18
3.159454e+00 2.270281e-15 2.624953e-18
3.159850e+00 2.290623e-15 2.600030e-18
3.160246e+00 2.243047e-15 2.617773e-18
3.160642e+00 2.256780e-15 2.638321e-18
3.161038e+00 2.340628e-15 2.680641e-18
3.161434e+00 2.336154e-15 2.676241e-18
3.161830e+00 2.302418e-15 2.630946e-18
3.162226e+00 2.314489e-15 2.654659e-18
3.162622e+00 2.327468e-15 2.770863e-18
3.163018e+00 2.414482e-15 2.749593e-18
3.163414e+00 2.465604e-15 2.772160e-18
3.163810e+00 2.433014e-15 2.826532e-18
3.164206e+00 2.392499e-15 2.828777e-18
3.164602e+00 2.301578e-15 2.760728e-18
3.164998e+00 2.266098e-15 2.768651e-18
3.165394e+00 2.168879e-15 2.691718e-18
3.165790e+00 2.219072e-15 2.695030e-18
3.166186e+00 2.276806e-15 2.731928e-18
3.166582e+00 2.169753e-15 2.679034e-18
3.166978e+00 2.146348e-15 2.763296e-18
3.167374e+00 2.228356e-15 2.831578e-18
3.167770e+00 2.217022e-15 2.952278e-18
3.168166e+00 2.197105e-15 2.913383e-18
3.168562e+00 2.295336e-15 2.984425e-18
3.168958e+00 2.272117e-15 2.978454e-18
3.169354e+00 2.200819e-15 3.228522e-18
3.169750e+00 nan nan
3.170146e+00 nan nan
