1.660198000000000063e+00 nan nan
1.660593999999999903e+00 1.386961997175044522e-14 4.006837000000000090e-17
1.660989999999999966e+00 1.372196107498961073e-14 2.430798999999999911e-17
1.661386000000000029e+00 1.396340178033569437e-14 2.196231999999999855e-17
1.661782000000000092e+00 1.435626075595887952e-14 2.205850000000000015e-17
1.662177999999999933e+00 1.425601673386132885e-14 2.127541999999999953e-17
1.662573999999999996e+00 1.444096984893706996e-14 2.047018999999999939e-17
1.662970000000000059e+00 1.482334891045293076e-14 1.839276000000000073e-17
1.663365999999999900e+00 1.465652694228296790e-14 1.457457999999999999e-17
1.663761999999999963e+00 1.450470488963425717e-14 1.239648000000000077e-17
1.664158000000000026e+00 1.506417314959497260e-14 1.205433999999999960e-17
1.664554000000000089e+00 1.515735220777277791e-14 1.147149999999999940e-17
1.664949999999999930e+00 1.502682181036041118e-14 1.090411000000000014e-17
1.665345999999999993e+00 1.490096156598454058e-14 1.073626999999999965e-17
1.665742000000000056e+00 1.486920266919156964e-14 1.058330999999999950e-17
1.666137999999999897e+00 1.464538651881148654e-14 1.036738999999999950e-17
1.666533999999999960e+00 1.440497822799339537e-14 1.020395000000000031e-17
1.666930000000000023e+00 1.425878348551321190e-14 1.008558000000000022e-17
1.667326000000000086e+00 1.396021961108184340e-14 9.963486999999999591e-18
1.667721999999999927e+00 1.369055930038051956e-14 9.959361000000000111e-18
1.668117999999999990e+00 1.388589690785991507e-14 1.014057000000000058e-17
1.668514000000000053e+00 1.439206602278300613e-14 1.031095999999999956e-17
1.668909999999999894e+00 1.473474656571196954e-14 1.093771999999999945e-17
1.669305999999999957e+00 nan 1.147881000000000063e-17
1.669702000000000019e+00 1.442745078767693522e-14 1.151213999999999951e-17
1.670098000000000082e+00 1.433931309690875637e-14 1.174103999999999989e-17
1.670493999999999923e+00 1.468609443756164471e-14 1.200116000000000001e-17
1.670889999999999986e+00 1.497779456660183091e-14 1.250295000000000017e-17
1.671286000000000049e+00 nan 1.275707000000000048e-17
1.671681999999999890e+00 1.489566794649727190e-14 1.391770999999999926e-17
1.672077999999999953e+00 1.458177283486121390e-14 1.496080999999999951e-17
1.672474000000000016e+00 1.440069164238381993e-14 1.513728999999999905e-17
1.672870000000000079e+00 1.441677629793330731e-14 1.562731000000000132e-17
1.673265999999999920e+00 1.454289321245535654e-14 1.594900999999999861e-17
1.673661999999999983e+00 1.478042754951037444e-14 1.669196000000000127e-17
1.674058000000000046e+00 1.470966816482739742e-14 1.747020000000000123e-17
1.674454000000000109e+00 1.453678167315145910e-14 1.929947000000000043e-17
1.674849999999999950e+00 1.493301464911913977e-14 2.204859000000000017e-17
1.675246000000000013e+00 1.499178432134223897e-14 2.239411000000000140e-17
1.675642000000000076e+00 1.484958027231364950e-14 2.420604000000000097e-17
1.676037999999999917e+00 1.480017706024808449e-14 2.738366000000000117e-17
1.676433999999999980e+00 1.454851018033919617e-14 2.871113000000000201e-17
1.676830000000000043e+00 1.438711148408205081e-14 3.067911999999999827e-17
1.677226000000000106e+00 1.477410360281898749e-14 3.463319999999999842e-17
1.677621999999999947e+00 1.506524541334479710e-14 3.827714999999999820e-17
1.678018000000000010e+00 1.488648587673593831e-14 3.867582000000000133e-17
1.678414000000000073e+00 1.479811702096903879e-14 4.357294999999999740e-17
1.678809999999999913e+00 1.485607600676414042e-14 4.880266999999999918e-17
1.679205999999999976e+00 1.504995220614249574e-14 5.225433000000000166e-17
1.679602000000000039e+00 1.498302923095963210e-14 5.318566999999999812e-17
1.679998000000000102e+00 1.484175471815803440e-14 6.106737000000000449e-17
1.680393999999999943e+00 nan nan
1.680790000000000006e+00 nan nan
1.681186000000000069e+00 nan nan
1.681581999999999910e+00 nan nan
1.681977999999999973e+00 nan nan
1.682374000000000036e+00 nan nan
1.682770000000000099e+00 nan nan
1.683165999999999940e+00 1.502459688052517409e-14 5.441348000000000145e-17
1.683562000000000003e+00 1.516817096534450851e-14 3.883586999999999764e-17
1.683958000000000066e+00 1.511502357150227927e-14 2.554351999999999919e-17
1.684353999999999907e+00 nan 2.119148999999999878e-17
1.684749999999999970e+00 1.430871797674442931e-14 2.010146000000000151e-17
1.685146000000000033e+00 1.438322559546244449e-14 1.841441000000000092e-17
1.685542000000000096e+00 1.463244725067306506e-14 1.801042000000000034e-17
1.685937999999999937e+00 1.488168788608404026e-14 1.702446999999999982e-17
1.686334000000000000e+00 1.484744233043426408e-14 1.709414999999999929e-17
1.686730000000000063e+00 1.425363543244165965e-14 1.535798999999999974e-17
1.687125999999999904e+00 1.411847913885709986e-14 1.504412999999999916e-17
1.687521999999999966e+00 1.437312050024177586e-14 1.517254999999999866e-17
1.687918000000000029e+00 1.436276333757533118e-14 1.501182000000000152e-17
1.688314000000000092e+00 1.409588562701960024e-14 1.443702999999999874e-17
1.688709999999999933e+00 1.399379850203803457e-14 1.355755000000000071e-17
1.689105999999999996e+00 1.384836217481369597e-14 1.259838999999999941e-17
1.689502000000000059e+00 1.385403935654463532e-14 1.175440999999999938e-17
1.689897999999999900e+00 1.429910577175384735e-14 1.169610000000000050e-17
1.690293999999999963e+00 1.470592104758300153e-14 1.175775000000000047e-17
1.690690000000000026e+00 1.483539756835940920e-14 1.133419999999999936e-17
1.691086000000000089e+00 1.484349564714652277e-14 1.115491000000000037e-17
1.691481999999999930e+00 1.497625456526222161e-14 1.122344000000000042e-17
1.691877999999999993e+00 1.465034033587165864e-14 1.111369999999999965e-17
1.692274000000000056e+00 nan 1.065334000000000066e-17
1.692669999999999897e+00 nan 1.025682999999999999e-17
1.693065999999999960e+00 1.474588980351621369e-14 1.029853000000000031e-17
1.693462000000000023e+00 1.466143861080575723e-14 1.008172000000000031e-17
1.693858000000000086e+00 1.408857156000601723e-14 1.988921999999999993e-17
1.694253999999999927e+00 nan 1.369133999999999944e-17
1.694649999999999990e+00 1.398774955612430767e-14 9.762159999999999830e-18
1.695046000000000053e+00 1.423888464946480038e-14 1.017899999999999953e-17
1.695441999999999894e+00 1.424395806203200628e-14 1.082343999999999947e-17
1.695837999999999957e+00 1.430056577902365402e-14 1.079446999999999985e-17
1.696234000000000020e+00 nan nan
1.696630000000000082e+00 1.422815544447880875e-14 1.536062000000000078e-17
1.697025999999999923e+00 1.382182479082009759e-14 1.261535999999999941e-17
1.697421999999999986e+00 1.367801118829744071e-14 1.210468000000000052e-17
1.697818000000000049e+00 1.391514566209580671e-14 1.136876999999999994e-17
1.698213999999999890e+00 1.426288156044788925e-14 1.135209999999999986e-17
1.698609999999999953e+00 1.434193317720610488e-14 1.157404000000000070e-17
1.699006000000000016e+00 1.432018150333478132e-14 1.173936000000000037e-17
1.699402000000000079e+00 1.417290578720632341e-14 1.211259000000000004e-17
1.699797999999999920e+00 1.411342399621186760e-14 1.208100000000000066e-17
1.700193999999999983e+00 1.411065736712819377e-14 1.156351999999999962e-17
1.700590000000000046e+00 1.377062658520166845e-14 1.126465999999999935e-17
1.700986000000000109e+00 1.326670358594332080e-14 1.112408999999999948e-17
1.701381999999999950e+00 1.342218125150144969e-14 1.129430000000000006e-17
1.701778000000000013e+00 1.402188956685259687e-14 1.182337000000000059e-17
1.702174000000000076e+00 1.434449573311584464e-14 1.202743000000000041e-17
1.702569999999999917e+00 1.427576635279023604e-14 1.209004000000000011e-17
1.702965999999999980e+00 1.422475200905235667e-14 1.217950000000000056e-17
1.703362000000000043e+00 1.415971299223190773e-14 1.248770000000000020e-17
1.703758000000000106e+00 1.385124970784419427e-14 1.284317000000000036e-17
1.704153999999999947e+00 1.358182968598702919e-14 1.281489999999999950e-17
1.704550000000000010e+00 1.378346591118620369e-14 1.322512999999999982e-17
1.704946000000000073e+00 1.389313294949742033e-14 1.448739000000000069e-17
1.705341999999999913e+00 1.360258036209549479e-14 1.692035999999999923e-17
1.705737999999999976e+00 1.372206797095288137e-14 1.834901999999999945e-17
1.706134000000000039e+00 1.406922543218985192e-14 1.877798000000000029e-17
1.706530000000000102e+00 1.385956996573541372e-14 2.280666999999999976e-17
1.706925999999999943e+00 1.364498492958689662e-14 2.258555000000000074e-17
1.707322000000000006e+00 1.335614634207975030e-14 1.683700000000000062e-17
1.707718000000000069e+00 1.337904227235726090e-14 1.590164999999999889e-17
1.708113999999999910e+00 1.333347783873057949e-14 1.679847999999999938e-17
1.708509999999999973e+00 1.296531931637856436e-14 1.712851999999999890e-17
1.708906000000000036e+00 1.323990005126577429e-14 1.758097000000000145e-17
1.709302000000000099e+00 1.377905691665138808e-14 1.790613000000000134e-17
1.709697999999999940e+00 1.398611508038240768e-14 1.665325999999999855e-17
1.710094000000000003e+00 1.411631918215382923e-14 1.565423999999999999e-17
1.710490000000000066e+00 1.415277422342996312e-14 1.546415999999999923e-17
1.710885999999999907e+00 1.335704084782596447e-14 1.460336999999999966e-17
1.711281999999999970e+00 1.319277851939960432e-14 1.398212000000000153e-17
1.711678000000000033e+00 1.327053182328382952e-14 1.310111999999999982e-17
1.712074000000000096e+00 1.319857803593268716e-14 1.236801000000000049e-17
1.712469999999999937e+00 1.340376239102160748e-14 1.240464999999999970e-17
1.712866000000000000e+00 1.378076957967783174e-14 1.255747000000000040e-17
1.713262000000000063e+00 1.387072795720001715e-14 1.250978000000000001e-17
1.713657999999999904e+00 1.361053511828831834e-14 1.119005000000000002e-17
1.714053999999999967e+00 1.302851012561906643e-14 1.010404000000000005e-17
1.714450000000000029e+00 1.259079185479463277e-14 9.562195000000000756e-18
1.714846000000000092e+00 1.283215363594584127e-14 9.698984000000000653e-18
1.715241999999999933e+00 1.353891518871713190e-14 9.852560000000000520e-18
1.715637999999999996e+00 1.333083570026415271e-14 9.453957999999999627e-18
1.716034000000000059e+00 1.284790218924785660e-14 2.072698000000000124e-17
1.716429999999999900e+00 nan 1.334401000000000053e-17
1.716825999999999963e+00 nan 1.045568999999999925e-17
1.717222000000000026e+00 nan 1.190416999999999942e-17
1.717618000000000089e+00 nan 1.129270000000000001e-17
1.718013999999999930e+00 nan 1.092531999999999942e-17
1.718409999999999993e+00 1.231110576483613363e-14 8.807490000000000580e-18
1.718806000000000056e+00 1.214804494536851793e-14 8.896536999999999271e-18
1.719201999999999897e+00 1.206883080999842541e-14 9.001827000000000041e-18
1.719597999999999960e+00 nan 1.054672000000000053e-17
1.719994000000000023e+00 1.264625087815256643e-14 9.308584000000000018e-18
1.720390000000000086e+00 1.331958173465867790e-14 9.699903000000000362e-18
1.720785999999999927e+00 nan 9.725732000000000350e-18
1.721181999999999990e+00 1.254866280564291785e-14 9.463838000000000379e-18
1.721578000000000053e+00 1.269775810781187519e-14 9.785823999999999799e-18
1.721973999999999894e+00 1.333188164652349838e-14 9.945357000000000443e-18
1.722369999999999957e+00 nan 9.873050999999999528e-18
1.722766000000000020e+00 1.278686189468217359e-14 1.003057000000000039e-17
1.723162000000000083e+00 1.239010397399628414e-14 1.010253000000000074e-17
1.723557999999999923e+00 1.207237536175015812e-14 9.830288000000000459e-18
1.723953999999999986e+00 1.238825223938117854e-14 1.004565999999999990e-17
1.724350000000000049e+00 1.293241858872230869e-14 1.033715000000000050e-17
1.724745999999999890e+00 1.293352370696819741e-14 1.057834000000000067e-17
1.725141999999999953e+00 1.286613958461062272e-14 1.062039999999999936e-17
1.725538000000000016e+00 1.284860729228115070e-14 1.070705000000000035e-17
1.725934000000000079e+00 1.255868817105792883e-14 1.076675999999999986e-17
1.726329999999999920e+00 1.214554983257490071e-14 1.066132999999999965e-17
1.726725999999999983e+00 1.183054016696638088e-14 1.069660000000000054e-17
1.727122000000000046e+00 1.186912124732123628e-14 1.089196999999999952e-17
1.727518000000000109e+00 1.251529905441338393e-14 1.217235999999999953e-17
1.727913999999999950e+00 1.296517737843236719e-14 1.293881000000000056e-17
1.728310000000000013e+00 1.296102434043273531e-14 1.293438999999999978e-17
1.728706000000000076e+00 1.289416424485917067e-14 1.259892999999999926e-17
1.729101999999999917e+00 1.233896896582542737e-14 1.240503000000000062e-17
1.729497999999999980e+00 1.194784307457452781e-14 1.323568000000000013e-17
1.729894000000000043e+00 1.213555536456168400e-14 1.483507000000000129e-17
1.730290000000000106e+00 1.279609757464556425e-14 1.646099999999999892e-17
1.730685999999999947e+00 1.324614042631804324e-14 1.794820999999999950e-17
1.731082000000000010e+00 1.284807125191222912e-14 1.730993000000000138e-17
1.731478000000000073e+00 1.196077543854994853e-14 1.580632999999999962e-17
1.731873999999999914e+00 1.133557668879457172e-14 1.467417999999999906e-17
1.732269999999999976e+00 1.168094942133898087e-14 1.596041999999999970e-17
1.732666000000000039e+00 1.235384751462166213e-14 1.699785999999999901e-17
1.733062000000000102e+00 1.259232450189023483e-14 2.100415000000000082e-17
1.733457999999999943e+00 1.251827336037223819e-14 2.334162999999999988e-17
1.733854000000000006e+00 1.230147200038891664e-14 2.493336000000000119e-17
1.734250000000000069e+00 1.184826386913623662e-14 2.585390999999999897e-17
1.734645999999999910e+00 1.154011545248504940e-14 3.726745000000000271e-17
1.735041999999999973e+00 1.175101613081617176e-14 2.643149999999999991e-17
1.735438000000000036e+00 1.170928811615988205e-14 2.539055999999999904e-17
1.735834000000000099e+00 1.187873982442176284e-14 2.391523000000000120e-17
1.736229999999999940e+00 1.235546563066383077e-14 2.346583000000000112e-17
1.736626000000000003e+00 1.267222780801055041e-14 1.918330999999999996e-17
1.737022000000000066e+00 1.199533650471069988e-14 1.485017999999999874e-17
1.737417999999999907e+00 1.221694177774804090e-14 1.490050999999999992e-17
1.737813999999999970e+00 1.227952017505824117e-14 1.484669000000000154e-17
1.738210000000000033e+00 1.206205436202660777e-14 1.416586000000000052e-17
1.738606000000000096e+00 1.228894442342949829e-14 1.417493999999999893e-17
1.739001999999999937e+00 1.243745292798290125e-14 1.217317999999999981e-17
1.739398000000000000e+00 1.232274807257713962e-14 1.091833000000000067e-17
1.739794000000000063e+00 1.197674453193078816e-14 1.004896000000000049e-17
1.740189999999999904e+00 1.150544508973980303e-14 9.315047000000000290e-18
1.740585999999999967e+00 1.117537041624488633e-14 9.061302000000000258e-18
1.740982000000000030e+00 1.137245228985879234e-14 9.157169000000000582e-18
1.741378000000000092e+00 1.219301539767088454e-14 9.845346999999999694e-18
1.741773999999999933e+00 1.250458479011959297e-14 9.835490000000000040e-18
1.742169999999999996e+00 nan 1.017347999999999958e-17
1.742566000000000059e+00 nan 1.008982999999999926e-17
1.742961999999999900e+00 1.167888175568515158e-14 1.022833000000000049e-17
1.743357999999999963e+00 1.195621620462798971e-14 1.048200000000000015e-17
1.743754000000000026e+00 1.180366582088555349e-14 1.040705000000000041e-17
1.744150000000000089e+00 1.168994933400522814e-14 1.019292999999999989e-17
1.744545999999999930e+00 1.198851200547909738e-14 1.089592999999999992e-17
1.744941999999999993e+00 1.191935433625878053e-14 1.125608000000000027e-17
1.745338000000000056e+00 1.198010522479090355e-14 1.233883000000000016e-17
1.745733999999999897e+00 nan 1.318056999999999981e-17
1.746129999999999960e+00 1.242316869939508855e-14 1.324623000000000043e-17
1.746526000000000023e+00 1.216636838920303357e-14 1.294079999999999974e-17
1.746922000000000086e+00 1.162902908416860423e-14 1.255403000000000037e-17
1.747317999999999927e+00 1.129060007767085907e-14 1.225244999999999985e-17
1.747713999999999990e+00 1.131519028502684170e-14 1.276889999999999990e-17
1.748110000000000053e+00 nan nan
1.748505999999999894e+00 1.150613238834294268e-14 1.329791000000000045e-17
1.748901999999999957e+00 1.220911379114060078e-14 1.146212999999999927e-17
1.749298000000000020e+00 1.191698408349233445e-14 1.009304000000000065e-17
1.749694000000000083e+00 1.186715688654557485e-14 1.040625999999999935e-17
1.750089999999999923e+00 nan 9.999654000000000147e-18
1.750485999999999986e+00 nan 9.802702000000000026e-18
1.750882000000000049e+00 1.053719132300826831e-14 9.371420000000000321e-18
1.751277999999999890e+00 1.121169615559773434e-14 9.594780999999999236e-18
1.751673999999999953e+00 1.131087046554416399e-14 9.493789000000000259e-18
1.752070000000000016e+00 1.128357664993026001e-14 1.257213000000000029e-17
1.752466000000000079e+00 1.178191033958866714e-14 1.062513999999999953e-17
1.752861999999999920e+00 1.213668052929350143e-14 1.114132000000000043e-17
1.753257999999999983e+00 1.186052779781478180e-14 1.118334999999999989e-17
1.753654000000000046e+00 1.144118711865455884e-14 1.061852000000000041e-17
1.754050000000000109e+00 1.114716115078539314e-14 1.022234000000000041e-17
1.754445999999999950e+00 1.098039789039517069e-14 1.001377000000000060e-17
1.754842000000000013e+00 1.140641251554436790e-14 1.033395000000000039e-17
1.755238000000000076e+00 1.156785107374184675e-14 1.071749000000000043e-17
1.755633999999999917e+00 1.101967121250988958e-14 1.115122000000000066e-17
1.756029999999999980e+00 1.053580828119196156e-14 1.127348999999999963e-17
1.756426000000000043e+00 1.041003193942056955e-14 1.141647000000000008e-17
1.756822000000000106e+00 1.060697729396480223e-14 1.110917999999999992e-17
1.757217999999999947e+00 1.115382844337512120e-14 1.129241999999999957e-17
1.757614000000000010e+00 1.136076108924822999e-14 1.146014999999999984e-17
1.758010000000000073e+00 1.104948184094066407e-14 1.169643999999999937e-17
1.758405999999999914e+00 1.082610758587192555e-14 1.168808000000000075e-17
1.758801999999999977e+00 1.071375410963388832e-14 1.125442000000000024e-17
1.759198000000000039e+00 1.094722526288519828e-14 1.111337000000000052e-17
1.759594000000000102e+00 1.125375198187049406e-14 1.138601000000000063e-17
1.759989999999999943e+00 1.140930934809949063e-14 1.462317000000000013e-17
1.760386000000000006e+00 1.129141611357522716e-14 1.525964999999999876e-17
1.760782000000000069e+00 1.072131664110905191e-14 1.190907000000000006e-17
1.761177999999999910e+00 1.062185380131569903e-14 1.490552999999999899e-17
1.761573999999999973e+00 1.126078332016065323e-14 1.539714999999999976e-17
1.761970000000000036e+00 1.113868904051473937e-14 1.253337000000000066e-17
1.762366000000000099e+00 1.048686112339896653e-14 1.170157000000000021e-17
1.762761999999999940e+00 1.031638480919105444e-14 1.135012000000000043e-17
1.763158000000000003e+00 nan nan
1.763554000000000066e+00 nan nan
1.763949999999999907e+00 1.146055802803638455e-14 1.212206000000000065e-17
1.764345999999999970e+00 1.071099134198288618e-14 1.113615000000000064e-17
1.764742000000000033e+00 nan 1.127014000000000034e-17
1.765138000000000096e+00 1.120732155781080505e-14 1.179496000000000029e-17
1.765533999999999937e+00 1.123631039112847310e-14 1.327450999999999948e-17
1.765930000000000000e+00 1.157629631870535053e-14 1.412035999999999872e-17
1.766326000000000063e+00 1.197125547292847692e-14 1.466638999999999950e-17
1.766721999999999904e+00 1.140979651653995586e-14 1.395893999999999947e-17
1.767117999999999967e+00 1.054265288745972166e-14 1.299019000000000067e-17
1.767514000000000030e+00 1.023723690789754491e-14 1.266785999999999971e-17
1.767910000000000093e+00 9.973023411911025669e-15 1.233058000000000022e-17
1.768305999999999933e+00 9.994149133763086867e-15 1.254407000000000015e-17
1.768701999999999996e+00 1.020987354352030021e-14 1.292191000000000029e-17
1.769098000000000059e+00 1.067766693923948639e-14 1.337330999999999929e-17
1.769493999999999900e+00 1.114980619927050120e-14 1.358137999999999976e-17
1.769889999999999963e+00 1.124095512707406721e-14 1.396677000000000106e-17
1.770286000000000026e+00 1.099385021094304704e-14 1.383577000000000076e-17
1.770682000000000089e+00 1.086545412634583213e-14 1.284098999999999996e-17
1.771077999999999930e+00 1.054232540177149712e-14 1.206339000000000033e-17
1.771473999999999993e+00 1.058119692386441008e-14 1.234626999999999956e-17
1.771870000000000056e+00 nan 1.441246999999999862e-17
1.772265999999999897e+00 nan 1.489328999999999943e-17
1.772661999999999960e+00 1.006247283735583910e-14 1.315032999999999927e-17
1.773058000000000023e+00 1.007029091089377904e-14 1.272966000000000041e-17
1.773454000000000086e+00 1.074265572832455419e-14 1.362033000000000062e-17
1.773849999999999927e+00 1.101565667229248444e-14 1.391676000000000082e-17
1.774245999999999990e+00 1.055359746634038493e-14 1.342694999999999926e-17
1.774642000000000053e+00 nan 1.289771999999999981e-17
1.775037999999999894e+00 9.586617681286232961e-15 1.245305999999999989e-17
1.775433999999999957e+00 9.878574017740510646e-15 1.292027999999999948e-17
1.775830000000000020e+00 1.012382539943444462e-14 1.313610000000000054e-17
1.776226000000000083e+00 9.816119552338146576e-15 1.282660000000000076e-17
1.776621999999999924e+00 9.638643515206029295e-15 1.278100000000000002e-17
1.777017999999999986e+00 1.003193167834494003e-14 1.307320000000000066e-17
1.777414000000000049e+00 1.022621449548515749e-14 1.078925999999999955e-17
1.777809999999999890e+00 1.009051095122281071e-14 8.955502999999999917e-18
1.778205999999999953e+00 1.009551876758718672e-14 8.577961000000000667e-18
1.778602000000000016e+00 1.012455468084867624e-14 8.523520000000000387e-18
1.778998000000000079e+00 9.909973814161631452e-15 8.505313000000000312e-18
1.779393999999999920e+00 9.552855388908242959e-15 8.413088000000000019e-18
1.779789999999999983e+00 9.665143313098355435e-15 8.725958000000000111e-18
1.780186000000000046e+00 1.035310755842806090e-14 9.257257999999999741e-18
1.780582000000000109e+00 nan nan
1.780977999999999950e+00 9.804998242096919387e-15 9.745802999999999479e-18
1.781374000000000013e+00 9.357319803071379844e-15 1.005497000000000005e-17
1.781770000000000076e+00 9.644952146410465426e-15 1.035491000000000001e-17
1.782165999999999917e+00 9.945314040370077472e-15 1.123331999999999963e-17
1.782561999999999980e+00 9.788810644056450260e-15 1.119591000000000039e-17
1.782958000000000043e+00 9.999581489922544510e-15 1.081436999999999926e-17
1.783354000000000106e+00 1.057163507806477751e-14 1.173466000000000070e-17
1.783749999999999947e+00 1.087540360983745927e-14 1.240398999999999989e-17
1.784146000000000010e+00 1.070036081774748583e-14 1.245929999999999964e-17
1.784542000000000073e+00 1.025157238770682534e-14 1.207027000000000041e-17
1.784937999999999914e+00 9.835952490584123456e-15 1.158846000000000066e-17
1.785333999999999977e+00 9.504160176911088285e-15 1.103678000000000022e-17
1.785730000000000040e+00 9.132964644961011295e-15 1.001792000000000069e-17
1.786126000000000102e+00 9.275168592530280681e-15 8.910873000000000178e-18
1.786521999999999943e+00 9.527230021947465646e-15 8.680937000000000202e-18
1.786918000000000006e+00 8.993996709770562578e-15 8.076373000000000497e-18
1.787314000000000069e+00 8.756342561182451362e-15 7.804983999999999791e-18
1.787709999999999910e+00 9.111124972175987138e-15 7.845863000000000327e-18
1.788105999999999973e+00 9.393987978354445417e-15 7.974368999999999449e-18
1.788502000000000036e+00 9.405573003355422782e-15 7.887598000000000514e-18
1.788898000000000099e+00 9.531605510740861385e-15 7.860017000000000722e-18
1.789293999999999940e+00 9.904593089819712661e-15 7.986310000000000147e-18
1.789690000000000003e+00 1.004092407196422729e-14 7.917105999999999417e-18
1.790086000000000066e+00 9.707859380439822348e-15 7.724046000000000538e-18
1.790481999999999907e+00 9.383907002241605472e-15 7.592421999999999797e-18
1.790877999999999970e+00 9.527413270794289981e-15 7.724457000000000189e-18
1.791274000000000033e+00 9.504610564899186274e-15 7.793570000000000662e-18
1.791670000000000096e+00 9.255914122827498571e-15 7.794859999999999521e-18
1.792065999999999937e+00 9.199100384065493145e-15 7.888116000000000313e-18
1.792462000000000000e+00 9.356025109867973075e-15 9.924209999999999673e-18
1.792858000000000063e+00 9.452126304011542984e-15 1.031206000000000027e-17
1.793253999999999904e+00 9.088681208112806263e-15 1.001568000000000031e-17
1.793649999999999967e+00 8.788636964582887939e-15 8.397155000000000675e-18
1.794046000000000030e+00 8.910775831798657268e-15 8.237647000000000152e-18
1.794442000000000093e+00 9.077253705318656276e-15 8.403332999999999873e-18
1.794837999999999933e+00 8.999803945630857692e-15 8.510947999999999589e-18
1.795233999999999996e+00 9.232112117705661621e-15 8.936797000000000010e-18
1.795630000000000059e+00 9.932734902923860769e-15 9.495734999999999339e-18
1.796025999999999900e+00 9.435442291849435998e-15 9.077072000000000599e-18
1.796421999999999963e+00 8.774599733919610305e-15 8.658583999999999625e-18
1.796818000000000026e+00 9.372441069446334332e-15 9.094577999999999310e-18
1.797214000000000089e+00 9.827732136035620996e-15 9.359613999999999969e-18
1.797609999999999930e+00 9.766641062263787321e-15 9.196503999999999918e-18
1.798005999999999993e+00 9.720368517374566865e-15 8.626047999999999847e-18
1.798402000000000056e+00 9.979414208524745121e-15 8.580167000000000699e-18
1.798797999999999897e+00 9.799953660452823863e-15 8.415044000000000380e-18
1.799193999999999960e+00 9.016669907669980059e-15 8.005407999999999735e-18
1.799590000000000023e+00 8.605223884892741662e-15 7.783996999999999488e-18
1.799986000000000086e+00 8.760802197833301509e-15 7.828363999999999739e-18
1.800381999999999927e+00 8.859853751402038449e-15 8.085513999999999946e-18
1.800777999999999990e+00 8.478829873850857431e-15 7.797261999999999394e-18
1.801174000000000053e+00 nan 8.879864000000000654e-18
1.801569999999999894e+00 8.455117860454189436e-15 8.151194999999999559e-18
1.801965999999999957e+00 8.749731025743617464e-15 8.751900999999999912e-18
1.802362000000000020e+00 8.521215868230566058e-15 8.017917000000000475e-18
1.802758000000000083e+00 8.462201786687609938e-15 7.819318000000000134e-18
1.803153999999999924e+00 8.888419276873240456e-15 7.975430000000000710e-18
1.803549999999999986e+00 9.051393124793525885e-15 8.191626999999999530e-18
1.803946000000000049e+00 9.396682280879754111e-15 8.508696000000000442e-18
1.804341999999999890e+00 9.743997067766915727e-15 8.597380000000000702e-18
1.804737999999999953e+00 9.497850067464919248e-15 8.323459000000000416e-18
1.805134000000000016e+00 9.131528198510913642e-15 7.691792000000000217e-18
1.805530000000000079e+00 8.797282813231708650e-15 7.391126999999999822e-18
1.805925999999999920e+00 8.616656930278104665e-15 7.712228999999999394e-18
1.806321999999999983e+00 nan 8.005007999999999337e-18
1.806718000000000046e+00 8.981753490821486438e-15 8.071254999999999967e-18
1.807114000000000109e+00 8.400715576519409774e-15 7.679209000000000166e-18
1.807509999999999950e+00 8.174239410283797627e-15 7.235537000000000174e-18
1.807906000000000013e+00 8.747398706511860941e-15 7.542585999999999348e-18
1.808302000000000076e+00 9.002352845099634235e-15 8.242680000000000578e-18
1.808697999999999917e+00 8.696374821971568174e-15 8.511212000000000129e-18
1.809093999999999980e+00 8.822905476178437153e-15 8.738160999999999244e-18
1.809490000000000043e+00 9.139607014665545034e-15 8.812068999999999236e-18
1.809886000000000106e+00 9.259617503939663689e-15 8.836846999999999244e-18
1.810281999999999947e+00 8.858998832036367118e-15 8.896869000000000511e-18
1.810678000000000010e+00 7.980649670502906007e-15 8.932675999999999630e-18
1.811074000000000073e+00 7.881359285364230560e-15 9.080191000000000189e-18
1.811469999999999914e+00 8.502294567554173366e-15 9.623865000000000213e-18
1.811865999999999977e+00 8.835518644774068555e-15 9.902504000000000630e-18
1.812262000000000040e+00 nan nan
1.812658000000000103e+00 nan nan
1.813053999999999943e+00 8.506437078480413260e-15 8.437099000000000067e-18
1.813450000000000006e+00 8.913997533424691061e-15 8.766381999999999365e-18
1.813846000000000069e+00 9.294352610142057651e-15 8.786067000000000505e-18
1.814241999999999910e+00 9.951792361220358658e-15 9.044190999999999764e-18
1.814637999999999973e+00 1.022530487835485960e-14 9.297616000000000401e-18
1.815034000000000036e+00 9.363214303040485449e-15 8.966461999999999305e-18
1.815430000000000099e+00 9.127951485012593451e-15 9.105865000000000350e-18
1.815825999999999940e+00 nan 9.680888999999999826e-18
1.816222000000000003e+00 nan 9.173726000000000362e-18
1.816618000000000066e+00 9.204476590653809351e-15 8.608275000000000519e-18
1.817013999999999907e+00 8.489216463390077051e-15 8.034360000000000442e-18
1.817409999999999970e+00 8.164922749818087545e-15 7.846784000000000601e-18
1.817806000000000033e+00 8.373402314135871037e-15 8.281875999999999981e-18
1.818202000000000096e+00 8.367745416975338845e-15 8.364276999999999917e-18
1.818597999999999937e+00 8.511788557414334511e-15 9.458742999999999405e-18
1.818994000000000000e+00 8.665511106969510042e-15 1.169249000000000025e-17
1.819390000000000063e+00 8.487572099312145239e-15 1.211520999999999980e-17
1.819785999999999904e+00 8.360643921984322211e-15 1.206997000000000049e-17
1.820181999999999967e+00 8.486771887805033289e-15 1.220942000000000016e-17
1.820578000000000030e+00 8.631069128374639083e-15 1.208668999999999928e-17
1.820974000000000093e+00 8.450484429072740546e-15 1.142080999999999986e-17
1.821369999999999933e+00 8.212489444584782628e-15 1.106287000000000067e-17
1.821765999999999996e+00 7.870809290641462171e-15 1.079990000000000060e-17
1.822162000000000059e+00 7.768996610991862074e-15 1.071174000000000029e-17
1.822557999999999900e+00 8.194190587235335026e-15 1.107284000000000062e-17
1.822953999999999963e+00 8.933325836264469398e-15 1.148220000000000042e-17
1.823350000000000026e+00 9.450105054230692731e-15 1.180944000000000023e-17
1.823746000000000089e+00 9.582779750049731301e-15 1.146621999999999937e-17
1.824141999999999930e+00 9.530100182202374171e-15 9.620125000000000262e-18
1.824537999999999993e+00 9.139893612135143194e-15 8.531802999999999621e-18
1.824934000000000056e+00 8.470193554504270179e-15 7.424924999999999802e-18
1.825329999999999897e+00 8.305058192578733871e-15 7.022928999999999526e-18
1.825725999999999960e+00 8.583120079116327197e-15 7.131486999999999561e-18
1.826122000000000023e+00 7.913984969105259720e-15 6.634276999999999878e-18
1.826518000000000086e+00 7.577853686157596572e-15 6.336801000000000337e-18
1.826913999999999927e+00 8.259728619825575818e-15 6.661667999999999981e-18
1.827309999999999990e+00 8.616620895548129564e-15 6.870564999999999618e-18
1.827706000000000053e+00 8.621635646642705219e-15 6.898802999999999914e-18
1.828101999999999894e+00 8.876989469942362672e-15 6.913483000000000054e-18
1.828497999999999957e+00 9.039143803106944153e-15 6.901458000000000305e-18
1.828894000000000020e+00 8.801462353133937313e-15 6.770355000000000210e-18
1.829290000000000083e+00 8.951053203258142650e-15 7.066720000000000559e-18
1.829685999999999924e+00 9.221780365131706313e-15 7.965136000000000232e-18
1.830081999999999987e+00 9.000846172217084317e-15 9.668260000000000661e-18
1.830478000000000049e+00 8.581268993790929546e-15 9.881789999999999555e-18
1.830873999999999890e+00 8.773384153607148362e-15 1.009300999999999988e-17
1.831269999999999953e+00 8.892169803267936297e-15 1.034477999999999958e-17
1.831666000000000016e+00 8.793057606107242583e-15 1.031777999999999965e-17
1.832062000000000079e+00 8.326629984385195907e-15 9.953627999999999372e-18
1.832457999999999920e+00 7.908970578451655668e-15 9.562023999999999495e-18
1.832853999999999983e+00 8.075342530658070455e-15 9.283967999999999501e-18
1.833250000000000046e+00 8.464110460638157814e-15 8.481052000000000592e-18
1.833646000000000109e+00 8.566649967190702710e-15 8.216795000000000196e-18
1.834041999999999950e+00 8.539198383620833583e-15 7.834410999999999720e-18
1.834438000000000013e+00 8.590954342860328889e-15 9.872219999999999998e-18
1.834834000000000076e+00 8.293427421335969094e-15 9.618064000000000316e-18
1.835229999999999917e+00 8.420515724059728080e-15 9.700563999999999684e-18
1.835625999999999980e+00 8.773070166031415476e-15 7.886351000000000693e-18
1.836022000000000043e+00 8.623371275498878898e-15 6.912769999999999926e-18
1.836418000000000106e+00 8.794406012604055076e-15 7.004206000000000215e-18
1.836813999999999947e+00 9.097553485103588333e-15 7.577232999999999315e-18
1.837210000000000010e+00 8.756827618964759275e-15 7.413038999999999987e-18
1.837606000000000073e+00 7.961673691115976262e-15 6.995533000000000323e-18
1.838001999999999914e+00 7.951270983944828474e-15 6.874438999999999633e-18
1.838397999999999977e+00 8.540955747807473748e-15 7.438615999999999739e-18
1.838794000000000040e+00 nan 7.781539000000000761e-18
1.839190000000000103e+00 nan 7.612629000000000325e-18
1.839585999999999943e+00 7.835959566353834123e-15 7.489648000000000255e-18
1.839982000000000006e+00 8.066366485423718495e-15 7.698126000000000294e-18
1.840378000000000069e+00 8.437311811107822120e-15 7.914024999999999764e-18
1.840773999999999910e+00 8.860920555671212087e-15 8.063630999999999491e-18
1.841169999999999973e+00 9.384847911345837550e-15 8.679808999999999294e-18
1.841566000000000036e+00 8.867579816564024476e-15 8.663645000000000248e-18
1.841962000000000099e+00 7.845283116694568464e-15 8.065615999999999561e-18
1.842357999999999940e+00 7.527910028383046243e-15 7.843234999999999851e-18
1.842754000000000003e+00 7.673084875009712007e-15 8.044226999999999836e-18
1.843150000000000066e+00 7.804726450346713797e-15 8.154002000000000471e-18
1.843545999999999907e+00 7.776760790160522576e-15 8.062181000000000165e-18
1.843941999999999970e+00 7.596042443227016797e-15 7.874371000000000545e-18
1.844338000000000033e+00 7.442497913311632681e-15 7.790648999999999937e-18
1.844734000000000096e+00 7.743549532131406181e-15 8.060350000000000409e-18
1.845129999999999937e+00 nan nan
1.845526000000000000e+00 nan nan
1.845922000000000063e+00 8.165311489166999050e-15 8.301752999999999833e-18
1.846317999999999904e+00 8.265589795700696539e-15 8.765591999999999849e-18
1.846713999999999967e+00 7.711851146225619921e-15 8.301420000000000622e-18
1.847110000000000030e+00 7.336570969849926154e-15 7.927794999999999653e-18
1.847506000000000093e+00 nan 7.727954000000000133e-18
1.847901999999999934e+00 nan 7.322859999999999259e-18
1.848297999999999996e+00 6.662210226103201267e-15 6.959874999999999337e-18
1.848694000000000059e+00 6.905558832215864877e-15 7.122654000000000742e-18
1.849089999999999900e+00 7.541710865380228466e-15 7.231017000000000448e-18
1.849485999999999963e+00 7.685177197810068964e-15 7.373578000000000532e-18
1.849882000000000026e+00 7.661946837678578355e-15 8.173487000000000642e-18
1.850278000000000089e+00 7.602456636130846995e-15 8.713700999999999607e-18
1.850673999999999930e+00 7.733242727969937963e-15 8.852856999999999516e-18
1.851069999999999993e+00 8.190252814042359545e-15 8.823271000000000172e-18
1.851466000000000056e+00 8.488962295791421718e-15 8.929525999999999766e-18
1.851861999999999897e+00 8.645463635198204465e-15 9.031698000000000458e-18
1.852257999999999960e+00 8.607833079842852130e-15 8.723533000000000680e-18
1.852654000000000023e+00 8.370561614518072829e-15 8.579076000000000217e-18
1.853050000000000086e+00 7.765637869305938968e-15 8.078734999999999869e-18
1.853445999999999927e+00 7.438188529514939435e-15 7.779744999999999890e-18
1.853841999999999990e+00 7.462062137044903402e-15 8.212648999999999694e-18
1.854238000000000053e+00 7.700803522973297390e-15 8.529956999999999485e-18
1.854633999999999894e+00 7.931883942960958544e-15 8.224228999999999443e-18
1.855029999999999957e+00 7.471108290798918429e-15 7.649062000000000445e-18
1.855426000000000020e+00 7.863531808082194606e-15 7.845695000000000684e-18
1.855822000000000083e+00 8.000610298693556016e-15 7.838951999999999979e-18
1.856217999999999924e+00 7.313705669389438488e-15 7.233589000000000530e-18
1.856613999999999987e+00 6.601691882133275378e-15 6.650817999999999765e-18
1.857010000000000050e+00 6.743041443755212743e-15 6.746461000000000051e-18
1.857405999999999890e+00 7.200739463113565790e-15 6.426483000000000258e-18
1.857801999999999953e+00 6.923967522734345755e-15 6.021550999999999645e-18
1.858198000000000016e+00 6.613425493316416099e-15 5.693646000000000156e-18
1.858594000000000079e+00 6.795807897507499173e-15 5.828746000000000308e-18
1.858989999999999920e+00 6.923327805496801752e-15 5.824661000000000071e-18
1.859385999999999983e+00 7.061515177129949386e-15 5.794773000000000250e-18
1.859782000000000046e+00 7.201292873873197581e-15 5.808352000000000168e-18
1.860178000000000109e+00 7.079495977562128610e-15 5.700273999999999995e-18
1.860573999999999950e+00 6.944305147769877119e-15 5.614975999999999943e-18
1.860970000000000013e+00 6.918447782259129450e-15 5.542109000000000190e-18
1.861366000000000076e+00 7.004855144703555619e-15 5.574804000000000154e-18
1.861761999999999917e+00 7.462817337969298216e-15 5.746653999999999744e-18
1.862157999999999980e+00 7.762235773390678453e-15 5.857114999999999822e-18
1.862554000000000043e+00 7.452024924115842971e-15 5.753038000000000063e-18
1.862950000000000106e+00 7.291968457941582959e-15 6.005525999999999763e-18
1.863345999999999947e+00 7.637782302075233914e-15 6.488677999999999949e-18
1.863742000000000010e+00 7.827109549316336435e-15 6.954870000000000649e-18
1.864138000000000073e+00 7.630870052987418690e-15 7.092281999999999930e-18
1.864533999999999914e+00 7.499188916293570643e-15 7.068955000000000301e-18
1.864929999999999977e+00 7.343078710488482821e-15 7.163977999999999737e-18
1.865326000000000040e+00 6.971495216198687414e-15 7.605673999999999887e-18
1.865722000000000103e+00 7.033245986893579728e-15 7.987428999999999285e-18
1.866117999999999943e+00 7.595533476096089838e-15 8.562245000000000156e-18
1.866514000000000006e+00 7.979709487220637674e-15 9.093032000000000628e-18
1.866910000000000069e+00 7.854547104866263161e-15 9.052947000000000737e-18
1.867305999999999910e+00 7.657581990699865283e-15 8.675904999999999288e-18
1.867701999999999973e+00 7.172946626410721286e-15 7.427534000000000309e-18
1.868098000000000036e+00 6.871275834985827190e-15 6.743868000000000206e-18
1.868494000000000099e+00 7.423834089042481256e-15 6.873947000000000236e-18
1.868889999999999940e+00 7.735788133578618354e-15 7.188610999999999658e-18
1.869286000000000003e+00 7.835731682992538833e-15 7.596807000000000718e-18
1.869682000000000066e+00 7.984865056856700914e-15 8.030533999999999335e-18
1.870077999999999907e+00 7.965029414670720863e-15 8.910883999999999430e-18
1.870473999999999970e+00 8.089444417278760364e-15 9.477412999999999938e-18
1.870870000000000033e+00 8.018387168870797912e-15 8.934887000000000303e-18
1.871266000000000096e+00 7.290086422334589625e-15 8.352602000000000324e-18
1.871661999999999937e+00 7.271960454475350556e-15 9.639837000000000547e-18
1.872058000000000000e+00 7.631574238479808536e-15 1.102911000000000063e-17
1.872454000000000063e+00 7.625922965626351745e-15 1.111342000000000076e-17
1.872849999999999904e+00 7.112296931070831922e-15 1.061822000000000050e-17
1.873245999999999967e+00 6.552433457714502745e-15 1.129609999999999954e-17
1.873642000000000030e+00 6.780747764365455273e-15 1.451984000000000085e-17
1.874038000000000093e+00 7.447982548721751404e-15 1.708319999999999859e-17
1.874433999999999934e+00 7.737296675554762022e-15 1.876800999999999879e-17
1.874829999999999997e+00 7.614595752231406169e-15 1.858803999999999897e-17
1.875226000000000059e+00 7.515686619860584092e-15 1.837662000000000075e-17
1.875621999999999900e+00 7.748219609094889772e-15 1.892546999999999918e-17
1.876017999999999963e+00 8.073947529508176612e-15 1.980574999999999956e-17
1.876414000000000026e+00 7.888685244286801180e-15 1.918681999999999972e-17
1.876810000000000089e+00 7.493808247368057593e-15 1.835204999999999935e-17
1.877205999999999930e+00 7.358172863789699316e-15 1.719656000000000089e-17
1.877601999999999993e+00 7.361791981583764976e-15 1.247390999999999929e-17
1.877998000000000056e+00 7.199406445092578172e-15 1.029919000000000012e-17
1.878393999999999897e+00 6.803646029224391910e-15 8.837286000000000633e-18
1.878789999999999960e+00 6.809425077805908024e-15 9.551790000000000540e-18
1.879186000000000023e+00 7.138310369398933505e-15 7.363306999999999611e-18
1.879582000000000086e+00 7.277826105591485622e-15 7.241470000000000341e-18
1.879977999999999927e+00 7.414386710751349748e-15 7.350265999999999743e-18
1.880373999999999990e+00 7.856888367992185757e-15 7.560387999999999926e-18
1.880770000000000053e+00 8.149255299832441479e-15 7.499347999999999517e-18
1.881165999999999894e+00 7.765202082424998321e-15 7.192032999999999239e-18
1.881561999999999957e+00 7.358143081491266922e-15 7.011900000000000414e-18
1.881958000000000020e+00 7.697659685505778751e-15 7.288205000000000116e-18
1.882354000000000083e+00 8.263103252598601610e-15 7.629220999999999966e-18
1.882749999999999924e+00 8.395063420761668633e-15 7.727139000000000496e-18
1.883145999999999987e+00 8.631422595344000616e-15 7.958113000000000635e-18
1.883542000000000050e+00 8.377776323462270379e-15 9.300359999999999714e-18
1.883937999999999890e+00 8.299463147070953537e-15 7.455225000000000326e-18
1.884333999999999953e+00 8.151522707322622536e-15 7.496889999999999249e-18
1.884730000000000016e+00 7.814117003346596257e-15 7.995775000000000119e-18
1.885126000000000079e+00 7.481428774327963864e-15 7.700689000000000147e-18
1.885521999999999920e+00 7.291922677964368771e-15 6.875904000000000110e-18
1.885917999999999983e+00 7.692598025237825752e-15 9.167497999999999381e-18
1.886314000000000046e+00 8.013337923236207739e-15 7.076170999999999662e-18
1.886710000000000109e+00 7.846439147733304342e-15 7.007519000000000622e-18
1.887105999999999950e+00 7.897317517299544488e-15 6.812240999999999865e-18
1.887502000000000013e+00 8.279771457226752163e-15 6.793847000000000177e-18
1.887898000000000076e+00 8.361099992732446269e-15 6.747870999999999645e-18
1.888293999999999917e+00 8.069278099193745886e-15 6.516810999999999890e-18
1.888689999999999980e+00 7.409860191221742051e-15 6.199659000000000208e-18
1.889086000000000043e+00 7.252102268092124943e-15 6.062106999999999940e-18
1.889482000000000106e+00 7.917016313208699704e-15 6.254725999999999947e-18
1.889877999999999947e+00 8.226057583819031680e-15 6.486187999999999895e-18
1.890274000000000010e+00 7.992652094037000256e-15 6.445309000000000129e-18
1.890670000000000073e+00 8.301933199997936935e-15 6.245436000000000053e-18
1.891065999999999914e+00 nan nan
1.891461999999999977e+00 nan nan
1.891858000000000040e+00 nan 6.676032999999999827e-18
1.892254000000000103e+00 nan 6.661103000000000015e-18
1.892649999999999944e+00 7.294287306256404702e-15 6.894837999999999642e-18
1.893046000000000006e+00 nan 6.248890999999999701e-18
1.893442000000000069e+00 7.486483888565046443e-15 6.265519000000000256e-18
1.893837999999999910e+00 7.477039579385399835e-15 6.375191000000000330e-18
1.894233999999999973e+00 7.316428327968249249e-15 6.713529999999999744e-18
1.894630000000000036e+00 7.131396713369338204e-15 6.599973999999999915e-18
1.895026000000000099e+00 7.290212723210921932e-15 6.302836999999999737e-18
1.895421999999999940e+00 7.941079631441938456e-15 6.479493999999999921e-18
1.895818000000000003e+00 7.865341752388110540e-15 6.299816000000000067e-18
1.896214000000000066e+00 7.472554734978560579e-15 6.182307000000000271e-18
1.896609999999999907e+00 7.953313958511269521e-15 6.772861999999999668e-18
1.897005999999999970e+00 8.449336472619473374e-15 7.533538000000000720e-18
1.897402000000000033e+00 8.172798097328073825e-15 7.057859000000000002e-18
1.897798000000000096e+00 7.638786350364603908e-15 6.488570000000000288e-18
1.898193999999999937e+00 7.176670772562511093e-15 6.154685999999999977e-18
1.898590000000000000e+00 7.173556588392294748e-15 5.930468999999999871e-18
1.898986000000000063e+00 7.895428385329010301e-15 6.154274000000000045e-18
1.899381999999999904e+00 8.324421183247223119e-15 6.384279000000000232e-18
1.899777999999999967e+00 8.311208528865638412e-15 6.353547999999999806e-18
1.900174000000000030e+00 8.296549499191352470e-15 6.518439999999999652e-18
1.900570000000000093e+00 8.144440135441177011e-15 6.798802000000000164e-18
1.900965999999999934e+00 nan nan
1.901361999999999997e+00 nan nan
1.901758000000000060e+00 nan nan
1.902153999999999900e+00 8.195309789276478354e-15 7.575726000000000083e-18
1.902549999999999963e+00 8.038655185216693416e-15 7.098989999999999232e-18
1.902946000000000026e+00 7.494113901634690876e-15 6.654865000000000064e-18
1.903342000000000089e+00 7.412269366497082239e-15 6.472400000000000319e-18
1.903737999999999930e+00 7.453337293315534494e-15 6.746189000000000334e-18
1.904133999999999993e+00 7.701032873441126345e-15 7.060450999999999564e-18
1.904530000000000056e+00 8.018284253536004151e-15 7.355289000000000429e-18
1.904925999999999897e+00 8.116498740291844101e-15 7.658306000000000455e-18
1.905321999999999960e+00 7.924087393147664094e-15 8.274812000000000370e-18
1.905718000000000023e+00 7.590600916076024179e-15 8.232913999999999640e-18
1.906114000000000086e+00 7.456423856256486485e-15 8.000209000000000230e-18
1.906509999999999927e+00 7.549731171407369959e-15 7.666238999999999533e-18
1.906905999999999990e+00 7.597011983841304932e-15 7.611745000000000476e-18
1.907302000000000053e+00 7.766446815055461254e-15 7.620474000000000763e-18
1.907697999999999894e+00 8.017326584057275997e-15 7.723302999999999648e-18
1.908093999999999957e+00 8.207145679126006846e-15 7.896524999999999665e-18
1.908490000000000020e+00 8.151409630009886525e-15 8.076308999999999386e-18
1.908886000000000083e+00 7.982309990100751870e-15 8.104854999999999542e-18
1.909281999999999924e+00 7.812507670475250870e-15 7.953847999999999680e-18
1.909677999999999987e+00 7.756951724909585930e-15 7.658189000000000566e-18
1.910074000000000050e+00 7.779471629471682375e-15 7.599559000000000748e-18
1.910469999999999891e+00 7.513896824426298402e-15 7.433298999999999292e-18
1.910865999999999953e+00 7.100968684158653155e-15 7.146031000000000614e-18
1.911262000000000016e+00 6.648169476274509127e-15 6.734054999999999872e-18
1.911658000000000079e+00 6.530232248881766791e-15 6.536086000000000120e-18
1.912053999999999920e+00 7.125778629036496183e-15 6.741616999999999801e-18
1.912449999999999983e+00 7.922522156442689736e-15 7.084069000000000419e-18
1.912846000000000046e+00 8.074136672472413629e-15 7.069886000000000315e-18
1.913242000000000109e+00 8.177282541163964029e-15 6.933321999999999969e-18
1.913637999999999950e+00 8.242830073437907753e-15 7.154534000000000298e-18
1.914034000000000013e+00 8.481910866967283066e-15 7.128771000000000445e-18
1.914430000000000076e+00 8.252814264188046091e-15 6.707493000000000275e-18
1.914825999999999917e+00 7.989312268008739981e-15 6.483680999999999666e-18
1.915221999999999980e+00 8.179074601607918380e-15 6.735272999999999983e-18
1.915618000000000043e+00 8.241659485327359912e-15 6.804948000000000346e-18
1.916014000000000106e+00 7.612436196968668056e-15 6.375955000000000213e-18
1.916409999999999947e+00 7.176823992265265962e-15 6.001389000000000261e-18
1.916806000000000010e+00 7.133347501343944750e-15 6.862106000000000023e-18
1.917202000000000073e+00 nan 6.960261999999999919e-18
1.917597999999999914e+00 7.615520886448915992e-15 6.019795000000000253e-18
1.917993999999999977e+00 7.660320005466051726e-15 6.011056000000000226e-18
1.918390000000000040e+00 7.751725609569914852e-15 6.036224999999999634e-18
1.918786000000000103e+00 8.080320793401016985e-15 6.098071000000000221e-18
1.919181999999999944e+00 8.262130009588797586e-15 6.129199999999999711e-18
1.919578000000000007e+00 7.974771217611473333e-15 6.019899999999999838e-18
1.919974000000000069e+00 7.835796721636468917e-15 5.903066999999999745e-18
1.920369999999999910e+00 7.677979676745042596e-15 5.896599000000000374e-18
1.920765999999999973e+00 7.079247185534051458e-15 5.636211000000000123e-18
1.921162000000000036e+00 7.322110903762319846e-15 5.747846000000000222e-18
1.921558000000000099e+00 7.766328258366696272e-15 5.794402999999999843e-18
1.921953999999999940e+00 7.734531034293480089e-15 5.859327000000000007e-18
1.922350000000000003e+00 7.832220612602380322e-15 7.430874999999999373e-18
1.922746000000000066e+00 nan nan
1.923141999999999907e+00 nan nan
1.923537999999999970e+00 nan 1.432620000000000008e-17
1.923934000000000033e+00 7.348431912641426417e-15 5.941566999999999964e-18
1.924330000000000096e+00 nan 5.937921000000000345e-18
1.924725999999999937e+00 nan 6.654279000000000336e-18
1.925122000000000000e+00 7.854982997700713376e-15 6.418050000000000296e-18
1.925518000000000063e+00 7.874279511064258479e-15 6.352520999999999665e-18
1.925913999999999904e+00 7.740428607980892062e-15 6.196984999999999848e-18
1.926309999999999967e+00 7.497579023762161298e-15 5.995399000000000187e-18
1.926706000000000030e+00 7.111591397186693046e-15 5.723401999999999707e-18
1.927102000000000093e+00 7.184707374397155286e-15 5.716445999999999758e-18
1.927497999999999934e+00 7.811101455341613052e-15 6.245843000000000116e-18
1.927893999999999997e+00 8.389657722000052254e-15 6.751130000000000222e-18
1.928290000000000060e+00 8.281054665520298614e-15 6.507162999999999893e-18
1.928685999999999900e+00 7.845189243836583325e-15 6.453382000000000194e-18
1.929081999999999963e+00 7.795515202087864141e-15 5.921824000000000176e-18
1.929478000000000026e+00 7.756475480731963716e-15 5.889457999999999835e-18
1.929874000000000089e+00 7.645615705800498736e-15 6.105262000000000232e-18
1.930269999999999930e+00 7.242554764344015662e-15 6.522521000000000301e-18
1.930665999999999993e+00 6.929373161974822014e-15 5.618415999999999980e-18
1.931062000000000056e+00 nan 9.153638999999999800e-18
1.931457999999999897e+00 nan nan
1.931853999999999960e+00 nan 6.188419999999999616e-18
1.932250000000000023e+00 7.508829710291703636e-15 5.830714000000000204e-18
1.932646000000000086e+00 7.769547012349015522e-15 5.917902999999999995e-18
1.933041999999999927e+00 7.852398004585061454e-15 6.068390999999999775e-18
1.933437999999999990e+00 7.690763881816149941e-15 6.014737999999999988e-18
1.933834000000000053e+00 7.414516101201772340e-15 5.879828000000000296e-18
1.934229999999999894e+00 7.716841061726967970e-15 6.007043999999999789e-18
1.934625999999999957e+00 8.093308067347968867e-15 6.238126000000000359e-18
1.935022000000000020e+00 8.081106351124677363e-15 6.385041999999999832e-18
1.935418000000000083e+00 8.080292744519721462e-15 8.578810000000000653e-18
1.935813999999999924e+00 8.002342092132384313e-15 8.788232000000000524e-18
1.936209999999999987e+00 7.855147037933091731e-15 7.049439999999999369e-18
1.936606000000000050e+00 7.871544036353874022e-15 7.339310000000000431e-18
1.937001999999999891e+00 8.114424924841089221e-15 7.561365000000000595e-18
1.937397999999999954e+00 8.141307649227937278e-15 7.538668999999999526e-18
1.937794000000000016e+00 7.954397086426317089e-15 7.503098000000000749e-18
1.938190000000000079e+00 7.400154666453629359e-15 7.240344999999999510e-18
1.938585999999999920e+00 6.973692904645014361e-15 7.282363999999999717e-18
1.938981999999999983e+00 6.966823032751609275e-15 7.241536999999999988e-18
1.939378000000000046e+00 7.087039548017488577e-15 6.988089999999999306e-18
1.939774000000000109e+00 7.312884642704114773e-15 9.753796999999999592e-18
1.940169999999999950e+00 7.514727613956399511e-15 1.704584000000000112e-17
1.940566000000000013e+00 7.507571553046768122e-15 1.697700000000000142e-17
1.940962000000000076e+00 7.412416533132641290e-15 7.844140000000000232e-18
1.941357999999999917e+00 7.860544554445261668e-15 8.244701999999999534e-18
1.941753999999999980e+00 8.066981328218731313e-15 8.496808000000000063e-18
1.942150000000000043e+00 7.969035782568691825e-15 8.545833000000000463e-18
1.942546000000000106e+00 7.983115645463996384e-15 8.561601999999999751e-18
1.942941999999999947e+00 7.670643500865305964e-15 8.300742000000000355e-18
1.943338000000000010e+00 7.111062324215925510e-15 8.544072000000000430e-18
1.943734000000000073e+00 7.295149832926620569e-15 9.414822000000000207e-18
1.944129999999999914e+00 7.745646706843469082e-15 1.027669000000000043e-17
1.944525999999999977e+00 7.322216326070544163e-15 1.054417000000000049e-17
1.944922000000000040e+00 6.959817094212436858e-15 1.021796999999999987e-17
1.945318000000000103e+00 6.754277661518738879e-15 9.980872000000000365e-18
1.945713999999999944e+00 6.198724749073124535e-15 9.296476000000000729e-18
1.946110000000000007e+00 6.394719372477894954e-15 9.516215000000000635e-18
1.946506000000000070e+00 7.315950159790952707e-15 1.068728000000000065e-17
1.946901999999999910e+00 7.790986751516245688e-15 1.112288000000000009e-17
1.947297999999999973e+00 7.746122951630487924e-15 1.053901000000000044e-17
1.947694000000000036e+00 7.616670998126906370e-15 9.916139000000000172e-18
1.948090000000000099e+00 7.199947452479909134e-15 9.318491999999999426e-18
1.948485999999999940e+00 7.078569980390665385e-15 9.041822000000000728e-18
1.948882000000000003e+00 7.340721649182368936e-15 9.201837999999999770e-18
1.949278000000000066e+00 7.514791635117586504e-15 8.935434999999999324e-18
1.949673999999999907e+00 7.584850340880995241e-15 8.751430999999999790e-18
1.950069999999999970e+00 7.632300772337278555e-15 8.592388000000000289e-18
1.950466000000000033e+00 7.177988521337133415e-15 7.712951999999999263e-18
1.950862000000000096e+00 6.893299925086588752e-15 7.428736000000000528e-18
1.951257999999999937e+00 6.946823507902522689e-15 8.021816999999999352e-18
1.951654000000000000e+00 nan 1.096742000000000015e-17
1.952050000000000063e+00 7.725774208952149099e-15 8.647849000000000275e-18
1.952445999999999904e+00 7.604933131514580329e-15 7.015308000000000666e-18
1.952841999999999967e+00 7.274403366153808686e-15 6.175359999999999780e-18
1.953238000000000030e+00 7.398209264302096435e-15 6.441645000000000054e-18
1.953634000000000093e+00 7.903843005708349478e-15 6.852669999999999760e-18
1.954029999999999934e+00 8.153382098232906200e-15 6.641901999999999866e-18
1.954425999999999997e+00 7.923881916435141649e-15 6.536643000000000140e-18
1.954822000000000060e+00 7.951242071122743744e-15 6.557275999999999928e-18
1.955217999999999900e+00 7.557032256095991317e-15 6.653395999999999999e-18
1.955613999999999963e+00 7.136571745396998591e-15 6.383990999999999852e-18
1.956010000000000026e+00 7.149263526491097676e-15 6.320627000000000010e-18
1.956406000000000089e+00 7.051626458056105140e-15 6.168299999999999757e-18
1.956801999999999930e+00 7.440791218915682818e-15 6.394165999999999877e-18
1.957197999999999993e+00 7.852865498718248709e-15 6.559773999999999928e-18
1.957594000000000056e+00 8.234425776547602260e-15 6.756227999999999731e-18
1.957989999999999897e+00 7.941231606084333856e-15 6.577068999999999958e-18
1.958385999999999960e+00 7.873577922529933740e-15 6.820443000000000124e-18
1.958782000000000023e+00 8.411535467050998355e-15 7.320749000000000611e-18
1.959178000000000086e+00 8.396610179163446682e-15 7.393758999999999886e-18
1.959573999999999927e+00 nan nan
1.959969999999999990e+00 nan nan
1.960366000000000053e+00 nan nan
1.960761999999999894e+00 nan 1.488342000000000150e-17
1.961157999999999957e+00 7.073841898341905330e-15 7.741587000000000652e-18
1.961554000000000020e+00 7.390603768392993247e-15 7.429273999999999808e-18
1.961950000000000083e+00 7.674107090777402805e-15 7.643924999999999946e-18
1.962345999999999924e+00 7.752605069187039067e-15 7.448326000000000283e-18
1.962741999999999987e+00 7.954671863331255475e-15 7.582761999999999496e-18
1.963138000000000050e+00 nan 7.531885999999999860e-18
1.963533999999999891e+00 7.369357670942352656e-15 7.173521000000000149e-18
1.963929999999999954e+00 7.384707176235671486e-15 7.237610999999999937e-18
1.964326000000000016e+00 7.720613175317527618e-15 7.498466000000000233e-18
1.964722000000000079e+00 7.518404832636787270e-15 7.854501000000000358e-18
1.965117999999999920e+00 7.415412066209016067e-15 8.376644000000000646e-18
1.965513999999999983e+00 7.619970392063966773e-15 7.645528999999999587e-18
1.965910000000000046e+00 7.594458661114692996e-15 7.553112000000000582e-18
1.966306000000000109e+00 7.672937338137996467e-15 7.571866999999999678e-18
1.966701999999999950e+00 7.753263218737142061e-15 7.520331000000000232e-18
1.967098000000000013e+00 7.567717814078898628e-15 7.320318999999999451e-18
1.967494000000000076e+00 7.383048769546603140e-15 7.218497000000000456e-18
1.967889999999999917e+00 7.264907279683679840e-15 7.044768999999999403e-18
1.968285999999999980e+00 7.312425323938428732e-15 6.615425000000000373e-18
1.968682000000000043e+00 7.650756977897016981e-15 6.556283999999999649e-18
1.969078000000000106e+00 7.852758427848124431e-15 8.152580999999999314e-18
1.969473999999999947e+00 nan nan
1.969870000000000010e+00 nan nan
1.970266000000000073e+00 nan nan
1.970661999999999914e+00 8.140142657882367675e-15 8.261847999999999890e-18
1.971057999999999977e+00 7.218283596989627469e-15 6.316879999999999624e-18
1.971454000000000040e+00 7.319782024874117939e-15 6.334030999999999850e-18
1.971850000000000103e+00 7.369852360041024717e-15 5.927134999999999700e-18
1.972245999999999944e+00 7.575132985559874253e-15 5.941847999999999909e-18
1.972642000000000007e+00 7.762813376730751951e-15 6.143183999999999898e-18
1.973038000000000070e+00 7.311695762677730009e-15 5.927093000000000175e-18
1.973433999999999910e+00 7.203001591606659799e-15 6.074814999999999827e-18
1.973829999999999973e+00 7.323501366000288775e-15 6.263761000000000300e-18
1.974226000000000036e+00 7.339542230957616136e-15 6.370132999999999783e-18
1.974622000000000099e+00 7.666684789311945357e-15 6.947161000000000069e-18
1.975017999999999940e+00 7.728017278994122861e-15 7.143778999999999927e-18
1.975414000000000003e+00 7.154038877204911187e-15 7.227258000000000528e-18
1.975810000000000066e+00 6.430846892397668303e-15 6.694987000000000381e-18
1.976205999999999907e+00 6.359396482656591451e-15 6.695333999999999691e-18
1.976601999999999970e+00 6.879218292087296079e-15 6.964605999999999285e-18
1.976998000000000033e+00 7.309054129850525808e-15 6.914844999999999971e-18
1.977394000000000096e+00 7.160850129274981182e-15 6.555893000000000249e-18
1.977789999999999937e+00 6.513777690007724066e-15 6.135937000000000263e-18
1.978186000000000000e+00 5.903008727873654500e-15 5.876969999999999629e-18
1.978582000000000063e+00 6.440331684282712408e-15 6.590543999999999804e-18
1.978977999999999904e+00 7.362793351962491936e-15 7.559689000000000666e-18
1.979373999999999967e+00 7.332265455177476699e-15 7.538460999999999380e-18
1.979770000000000030e+00 nan nan
1.980166000000000093e+00 6.727729843977581239e-15 9.788408000000000185e-18
1.980561999999999934e+00 6.655967614456504415e-15 7.062653000000000009e-18
1.980957999999999997e+00 6.994023391112985887e-15 7.221701000000000150e-18
1.981354000000000060e+00 7.234993112525419743e-15 6.846843000000000230e-18
1.981749999999999901e+00 7.286670561035542080e-15 6.465184000000000187e-18
1.982145999999999963e+00 7.262314276410801493e-15 6.452582999999999680e-18
1.982542000000000026e+00 6.850271903385674683e-15 6.182061999999999700e-18
1.982938000000000089e+00 6.844691397714318266e-15 6.251265999999999659e-18
1.983333999999999930e+00 7.370435157420442191e-15 6.856354000000000087e-18
1.983729999999999993e+00 7.349357145965732685e-15 6.996335999999999655e-18
1.984126000000000056e+00 7.167637206228399569e-15 6.999270000000000197e-18
1.984521999999999897e+00 7.229917188065516103e-15 6.515780999999999673e-18
1.984917999999999960e+00 7.222464299880931935e-15 6.499230000000000045e-18
1.985314000000000023e+00 7.123976786794866852e-15 6.418585000000000271e-18
1.985710000000000086e+00 6.917088809316156961e-15 6.410692999999999666e-18
1.986105999999999927e+00 nan 9.018392000000000538e-18
1.986501999999999990e+00 6.622052311173515766e-15 7.025664000000000151e-18
1.986898000000000053e+00 6.576154611553516536e-15 5.921789999999999826e-18
1.987293999999999894e+00 6.934454097363228236e-15 6.263737999999999973e-18
1.987689999999999957e+00 6.986961268407041350e-15 6.355381999999999637e-18
1.988086000000000020e+00 6.965096845010302615e-15 6.351638000000000098e-18
1.988482000000000083e+00 7.214293909515735660e-15 6.349023000000000209e-18
1.988877999999999924e+00 7.506193500980995828e-15 6.481707999999999900e-18
1.989273999999999987e+00 7.302709376110246001e-15 6.397634000000000112e-18
1.989670000000000050e+00 6.973746361229255949e-15 5.986428000000000175e-18
1.990065999999999891e+00 6.741895860259092011e-15 5.719361999999999843e-18
1.990461999999999954e+00 6.570188298953169633e-15 5.627907999999999867e-18
1.990858000000000017e+00 6.580288820440274805e-15 5.470334999999999943e-18
1.991254000000000079e+00 6.901309726503382092e-15 5.508993000000000065e-18
1.991649999999999920e+00 6.769377383224173957e-15 7.954157999999999334e-18
1.992045999999999983e+00 6.645773911012910023e-15 5.526392999999999680e-18
1.992442000000000046e+00 6.913542467276357019e-15 5.481805000000000237e-18
1.992838000000000109e+00 7.225813422528583923e-15 5.389215000000000178e-18
1.993233999999999950e+00 7.160691654031119955e-15 5.397338999999999997e-18
1.993630000000000013e+00 7.245124473397994351e-15 5.418468000000000310e-18
1.994026000000000076e+00 7.389546529030950814e-15 5.613541999999999739e-18
1.994421999999999917e+00 7.190522035028831651e-15 5.438531999999999774e-18
1.994817999999999980e+00 7.134691733741592183e-15 5.478475999999999937e-18
1.995214000000000043e+00 7.019859959038336402e-15 5.475089999999999730e-18
1.995610000000000106e+00 7.025877949627755535e-15 5.360257000000000089e-18
1.996005999999999947e+00 7.426676254947506926e-15 5.572800000000000114e-18
1.996402000000000010e+00 7.586548585953311233e-15 5.660938000000000376e-18
1.996798000000000073e+00 7.407464096152939069e-15 5.562446999999999935e-18
1.997193999999999914e+00 7.044876451038681372e-15 5.325037999999999722e-18
1.997589999999999977e+00 6.542293153609610842e-15 5.041630000000000189e-18
1.997986000000000040e+00 6.808335551329407056e-15 5.083267999999999967e-18
1.998382000000000103e+00 7.171900659063992401e-15 5.102065000000000130e-18
1.998777999999999944e+00 7.311847143160457229e-15 5.158635999999999796e-18
1.999174000000000007e+00 7.392322847095413027e-15 5.180745000000000084e-18
1.999570000000000070e+00 7.084862315702543835e-15 4.983922999999999669e-18
1.999965999999999910e+00 6.757100464134417643e-15 4.787861999999999831e-18
2.000361999999999973e+00 6.891258158286864121e-15 4.942838000000000322e-18
2.000757999999999814e+00 nan nan
2.001154000000000099e+00 nan nan
2.001549999999999940e+00 7.174939779770548595e-15 5.076829000000000305e-18
2.001945999999999781e+00 6.999899748964701369e-15 5.000756000000000294e-18
2.002342000000000066e+00 6.645106978850237764e-15 4.821211999999999734e-18
2.002737999999999907e+00 6.938779809961830521e-15 4.948713999999999813e-18
2.003134000000000192e+00 7.302908439011779411e-15 5.120436999999999773e-18
2.003530000000000033e+00 7.280742203170937295e-15 5.218958999999999718e-18
2.003925999999999874e+00 7.167192446768118879e-15 5.213211999999999651e-18
2.004322000000000159e+00 7.163390017637755848e-15 5.411495999999999697e-18
2.004718000000000000e+00 7.194728399991385200e-15 5.871280999999999751e-18
2.005113999999999841e+00 7.029927982690811446e-15 5.567278000000000368e-18
2.005510000000000126e+00 6.981687959619667703e-15 5.430267999999999739e-18
2.005905999999999967e+00 7.010237160569353076e-15 5.699827000000000201e-18
2.006301999999999808e+00 6.922209509679344029e-15 5.377241000000000183e-18
2.006698000000000093e+00 6.887613583108074949e-15 5.251134000000000088e-18
2.007093999999999934e+00 6.984152593401674747e-15 5.515683999999999963e-18
2.007490000000000219e+00 nan nan
2.007886000000000060e+00 7.546708274179794722e-15 5.824478000000000047e-18
2.008281999999999901e+00 7.081941231306732937e-15 5.784025000000000313e-18
2.008678000000000186e+00 6.507051334756105167e-15 5.658298000000000366e-18
2.009074000000000026e+00 6.507053505451416244e-15 5.635977999999999856e-18
2.009469999999999867e+00 6.849612118521546967e-15 5.879664000000000240e-18
2.009866000000000152e+00 nan 6.238305000000000025e-18
2.010261999999999993e+00 nan 6.630431000000000060e-18
2.010657999999999834e+00 6.908810031023429817e-15 6.461570999999999866e-18
2.011054000000000119e+00 6.746841287158400312e-15 6.315108999999999852e-18
2.011449999999999960e+00 6.788714877672548466e-15 6.292803000000000211e-18
2.011845999999999801e+00 nan 6.255144000000000032e-18
2.012242000000000086e+00 nan 6.593895000000000149e-18
2.012637999999999927e+00 6.856913591867794418e-15 6.686720000000000270e-18
2.013034000000000212e+00 6.958645505011011316e-15 6.202971000000000333e-18
2.013430000000000053e+00 6.894070574722693618e-15 6.079782000000000118e-18
2.013825999999999894e+00 6.791203015896537106e-15 6.008970999999999671e-18
2.014222000000000179e+00 7.170421706634335159e-15 6.153802999999999641e-18
2.014618000000000020e+00 7.420879668697279104e-15 6.067396000000000190e-18
2.015013999999999861e+00 7.352891115201288164e-15 5.963629000000000086e-18
2.015410000000000146e+00 7.016786802574255830e-15 5.809172999999999958e-18
2.015805999999999987e+00 nan nan
2.016201999999999828e+00 nan nan
2.016598000000000113e+00 6.727184821735500014e-15 5.544440000000000058e-18
2.016993999999999954e+00 6.613622293870624084e-15 5.402451999999999886e-18
2.017389999999999795e+00 6.833761117596447152e-15 5.499370000000000190e-18
2.017786000000000080e+00 7.262749735163511913e-15 8.754956999999999443e-18
2.018181999999999920e+00 7.180761467613456822e-15 5.760576999999999666e-18
2.018578000000000205e+00 7.001138402569010240e-15 5.681328000000000158e-18
2.018974000000000046e+00 6.934153773835714064e-15 5.643334000000000204e-18
2.019369999999999887e+00 6.677947833857548730e-15 5.588280999999999793e-18
2.019766000000000172e+00 6.374392511002028644e-15 5.475843000000000361e-18
2.020162000000000013e+00 nan 5.415505000000000058e-18
2.020557999999999854e+00 nan 5.487566999999999914e-18
2.020954000000000139e+00 7.188142568964237088e-15 5.795958999999999806e-18
2.021349999999999980e+00 7.500823480848389569e-15 5.828508000000000171e-18
2.021745999999999821e+00 7.331258868267529851e-15 5.726158000000000096e-18
2.022142000000000106e+00 7.086598002552245058e-15 5.679863999999999963e-18
2.022537999999999947e+00 7.026677410703988639e-15 5.718397000000000249e-18
2.022933999999999788e+00 6.995090473596755831e-15 5.892367999999999768e-18
2.023330000000000073e+00 6.933984683671410581e-15 5.781571999999999915e-18
2.023725999999999914e+00 7.124763127903112715e-15 5.797972000000000074e-18
2.024122000000000199e+00 7.447150568882041536e-15 5.758318000000000085e-18
2.024518000000000040e+00 7.363377020945371595e-15 5.725689000000000256e-18
2.024913999999999881e+00 7.234137978832470886e-15 5.773921000000000294e-18
2.025310000000000166e+00 6.984029813806635721e-15 5.620006000000000292e-18
2.025706000000000007e+00 6.617158837026005272e-15 5.497470999999999735e-18
2.026101999999999848e+00 6.565237871163357387e-15 5.376379000000000379e-18
2.026498000000000133e+00 6.619051404355804241e-15 5.426175000000000326e-18
2.026893999999999973e+00 6.513559521692539102e-15 5.417166999999999888e-18
2.027289999999999814e+00 6.620322195538747686e-15 5.553422000000000093e-18
2.027686000000000099e+00 6.776679309350453143e-15 5.720516999999999896e-18
2.028081999999999940e+00 6.998154987942140583e-15 5.754988000000000273e-18
2.028477999999999781e+00 7.246788466398756728e-15 5.786918000000000071e-18
2.028874000000000066e+00 6.705118120760673252e-15 5.599165999999999870e-18
2.029269999999999907e+00 6.282768269185988283e-15 5.633823000000000348e-18
2.029666000000000192e+00 6.636031382140264462e-15 6.149472000000000091e-18
2.030062000000000033e+00 6.940306419975506673e-15 6.394912000000000073e-18
2.030457999999999874e+00 6.744398940672946367e-15 7.395797999999999787e-18
2.030854000000000159e+00 6.546253176914707062e-15 5.878807999999999819e-18
2.031250000000000000e+00 6.751881797075026082e-15 5.580093999999999915e-18
2.031645999999999841e+00 7.402816870545599502e-15 5.787928000000000037e-18
2.032042000000000126e+00 7.717231522163304990e-15 5.882119999999999944e-18
2.032437999999999967e+00 7.592173685455538572e-15 6.144113999999999630e-18
2.032833999999999808e+00 7.235925431402292611e-15 6.072389000000000114e-18
2.033230000000000093e+00 7.028339289822638297e-15 5.565443000000000254e-18
2.033625999999999934e+00 6.872570442173349945e-15 5.430685000000000312e-18
2.034022000000000219e+00 6.837034712028479030e-15 5.423398999999999687e-18
2.034418000000000060e+00 7.024548859077632605e-15 5.579850999999999908e-18
2.034813999999999901e+00 7.050453081598996847e-15 5.460906999999999626e-18
2.035210000000000186e+00 6.892816053233727588e-15 5.312452000000000365e-18
2.035606000000000027e+00 6.535889201130676639e-15 5.142145999999999663e-18
2.036001999999999867e+00 6.489481316623312104e-15 5.149227000000000219e-18
2.036398000000000152e+00 7.027240060483665773e-15 5.352466999999999763e-18
2.036793999999999993e+00 nan nan
2.037189999999999834e+00 nan nan
2.037586000000000119e+00 7.237335886077972244e-15 5.532999000000000244e-18
2.037981999999999960e+00 7.438630847208075896e-15 5.558347000000000088e-18
2.038377999999999801e+00 7.082484620799305245e-15 5.299074999999999670e-18
2.038774000000000086e+00 6.853117061054993541e-15 5.201786999999999729e-18
2.039169999999999927e+00 6.837964776019812077e-15 5.224675999999999793e-18
2.039566000000000212e+00 6.655644288907836503e-15 5.059847000000000005e-18
2.039962000000000053e+00 6.776531580722744306e-15 5.042597000000000348e-18
2.040357999999999894e+00 6.817014417407129283e-15 5.031826000000000083e-18
2.040754000000000179e+00 6.692136439576238678e-15 4.911205000000000361e-18
2.041150000000000020e+00 6.616078596059184086e-15 4.767926000000000278e-18
2.041545999999999861e+00 6.860438728712900996e-15 4.755558000000000037e-18
2.041942000000000146e+00 7.093507730964836822e-15 4.878452999999999721e-18
2.042337999999999987e+00 7.092800361997932568e-15 4.957018999999999862e-18
2.042733999999999828e+00 7.436809161819497814e-15 5.163626999999999926e-18
2.043130000000000113e+00 7.686601588296517605e-15 5.278323000000000198e-18
2.043525999999999954e+00 7.207334749496823733e-15 5.053926000000000143e-18
2.043921999999999795e+00 6.767473879563402161e-15 4.834267999999999983e-18
2.044318000000000080e+00 6.502777678865729202e-15 4.748996000000000333e-18
2.044713999999999920e+00 6.411238287295285407e-15 4.720150000000000264e-18
2.045110000000000205e+00 6.543708977554054892e-15 4.778652000000000170e-18
2.045506000000000046e+00 6.787762264795255949e-15 5.074741999999999956e-18
2.045901999999999887e+00 6.824252585164771678e-15 5.321153999999999966e-18
2.046298000000000172e+00 7.001660918831768091e-15 5.273078000000000038e-18
2.046694000000000013e+00 7.180253543505466752e-15 5.301368000000000371e-18
2.047089999999999854e+00 7.122087147851696921e-15 5.549294000000000048e-18
2.047486000000000139e+00 7.360505391485258051e-15 5.944519999999999704e-18
2.047881999999999980e+00 7.527179285605781575e-15 6.409928000000000271e-18
2.048277999999999821e+00 7.205083693042444078e-15 6.474322000000000331e-18
2.048674000000000106e+00 6.959422491171100436e-15 7.656388999999999543e-18
2.049069999999999947e+00 nan nan
2.049465999999999788e+00 nan nan
2.049862000000000073e+00 nan nan
2.050257999999999914e+00 6.841740638968020548e-15 7.424492999999999618e-18
2.050654000000000199e+00 7.171758418662754444e-15 6.212487000000000060e-18
2.051050000000000040e+00 7.390826469747520412e-15 6.262320999999999944e-18
2.051445999999999881e+00 7.247310014210394231e-15 6.266049000000000361e-18
2.051842000000000166e+00 6.930503452572116753e-15 6.154067999999999693e-18
2.052238000000000007e+00 6.916128035419044678e-15 6.216610999999999746e-18
2.052633999999999848e+00 7.208092349171184392e-15 6.408055999999999732e-18
2.053030000000000133e+00 7.417500232580572566e-15 6.658469999999999669e-18
2.053425999999999974e+00 7.226061428145681724e-15 6.739183999999999654e-18
2.053821999999999814e+00 6.871823174073967945e-15 6.339564999999999901e-18
2.054218000000000099e+00 6.451880165917529839e-15 5.765924999999999616e-18
2.054613999999999940e+00 6.233344255668549024e-15 5.524830000000000053e-18
2.055009999999999781e+00 6.726872331593158993e-15 6.125358999999999764e-18
2.055406000000000066e+00 7.078060858321813129e-15 6.183882000000000203e-18
2.055801999999999907e+00 6.837810493687830545e-15 6.008738000000000174e-18
2.056198000000000192e+00 6.738245307860106173e-15 6.054043999999999616e-18
2.056594000000000033e+00 7.137085871018636494e-15 6.387370999999999907e-18
2.056989999999999874e+00 7.285175331827753479e-15 6.528690000000000040e-18
2.057386000000000159e+00 7.130397005878596010e-15 6.287608999999999805e-18
2.057782000000000000e+00 7.238025882662878623e-15 6.443898000000000253e-18
2.058177999999999841e+00 7.392565693851975581e-15 6.647052000000000181e-18
2.058574000000000126e+00 7.346884611351466187e-15 6.561642999999999622e-18
2.058969999999999967e+00 7.153383788933912467e-15 6.318859000000000313e-18
2.059365999999999808e+00 7.016532160543874680e-15 6.147597999999999757e-18
2.059762000000000093e+00 7.186443110032921051e-15 6.311597999999999809e-18
2.060157999999999934e+00 7.208492857921130625e-15 6.305650000000000032e-18
2.060554000000000219e+00 6.963066237528311476e-15 6.125931000000000164e-18
2.060950000000000060e+00 6.759553568546833122e-15 5.954885999999999700e-18
2.061345999999999901e+00 6.794075812271273444e-15 5.815451999999999923e-18
2.061742000000000186e+00 7.066514088650237470e-15 5.857460999999999619e-18
2.062138000000000027e+00 6.965413407929698346e-15 5.725694999999999638e-18
2.062533999999999867e+00 7.017810870275015233e-15 5.721534999999999808e-18
2.062930000000000152e+00 7.049914888159760382e-15 5.695421000000000288e-18
2.063325999999999993e+00 6.970474563387648586e-15 5.645770999999999939e-18
2.063721999999999834e+00 6.718715116113221317e-15 5.512802000000000227e-18
2.064118000000000119e+00 6.412216689926093691e-15 5.331092999999999648e-18
2.064513999999999960e+00 6.643707996650484369e-15 5.454464999999999888e-18
2.064909999999999801e+00 6.805197469046046959e-15 5.553786999999999859e-18
2.065306000000000086e+00 6.942176095890894782e-15 5.633997999999999655e-18
2.065701999999999927e+00 6.943946445049046842e-15 5.680460000000000202e-18
2.066098000000000212e+00 6.889068205835158431e-15 5.686455999999999658e-18
2.066494000000000053e+00 7.226877729811615299e-15 5.806739000000000299e-18
2.066889999999999894e+00 7.425833434593161932e-15 5.841209999999999905e-18
2.067286000000000179e+00 7.019958251538713530e-15 5.816485999999999728e-18
2.067682000000000020e+00 6.925200087328026925e-15 5.926577000000000169e-18
2.068077999999999861e+00 7.167572418609611542e-15 5.996141000000000025e-18
2.068474000000000146e+00 7.181913589740392313e-15 6.081085999999999845e-18
2.068869999999999987e+00 6.839104791120655176e-15 6.158460999999999790e-18
2.069265999999999828e+00 6.668328679214368957e-15 6.086835999999999988e-18
2.069662000000000113e+00 6.880432049780446687e-15 6.056872999999999803e-18
2.070057999999999954e+00 7.377587549050124387e-15 6.410116999999999678e-18
2.070453999999999795e+00 7.692918293356377429e-15 6.653307999999999819e-18
2.070850000000000080e+00 7.718730049880589226e-15 6.645436000000000236e-18
2.071245999999999921e+00 7.229964790970064987e-15 6.370497000000000038e-18
2.071642000000000206e+00 6.804568678721838938e-15 6.047480000000000118e-18
2.072038000000000046e+00 6.713782506659491532e-15 5.879547000000000351e-18
2.072433999999999887e+00 6.995763609446542335e-15 6.336849000000000015e-18
2.072830000000000172e+00 7.110163886913543489e-15 6.557847000000000046e-18
2.073226000000000013e+00 6.949772104205518202e-15 6.583044999999999933e-18
2.073621999999999854e+00 6.787237549674159296e-15 6.316397999999999969e-18
2.074018000000000139e+00 6.903246988206499545e-15 6.387793999999999862e-18
2.074413999999999980e+00 7.031300054723836834e-15 6.515964999999999979e-18
2.074809999999999821e+00 7.057684653593540567e-15 6.561815999999999906e-18
2.075206000000000106e+00 6.877405558596058603e-15 6.420837999999999699e-18
2.075601999999999947e+00 7.085064033178472898e-15 6.562383999999999948e-18
2.075997999999999788e+00 7.356226660059759994e-15 6.783795000000000194e-18
2.076394000000000073e+00 6.967578574340920686e-15 6.494893000000000343e-18
2.076789999999999914e+00 6.821278936344221815e-15 6.356998000000000353e-18
2.077186000000000199e+00 7.118962297925416905e-15 6.385573000000000219e-18
2.077582000000000040e+00 7.099831818074949543e-15 6.321180999999999953e-18
2.077977999999999881e+00 7.126444986000309333e-15 6.839022999999999913e-18
2.078374000000000166e+00 7.195395412844519784e-15 6.896516999999999647e-18
2.078770000000000007e+00 7.032284024498862720e-15 6.575175999999999656e-18
2.079165999999999848e+00 7.037357439198107210e-15 6.723152000000000108e-18
2.079562000000000133e+00 6.949999378575702012e-15 6.646512999999999849e-18
2.079957999999999974e+00 7.078681043328865116e-15 6.723649000000000144e-18
2.080353999999999814e+00 7.209306017889743753e-15 6.547720999999999982e-18
2.080750000000000099e+00 7.180372475315114344e-15 6.562049999999999684e-18
2.081145999999999940e+00 7.012049662935218192e-15 6.529231000000000167e-18
2.081541999999999781e+00 6.845931070057822123e-15 6.163825999999999915e-18
2.081938000000000066e+00 7.065950693858976836e-15 6.100708999999999667e-18
2.082333999999999907e+00 7.207766981967731215e-15 6.078084000000000144e-18
2.082730000000000192e+00 7.071360739982434884e-15 5.895001999999999626e-18
2.083126000000000033e+00 7.215264528570800578e-15 5.966633000000000351e-18
2.083521999999999874e+00 7.147298634915848508e-15 5.756923000000000101e-18
2.083918000000000159e+00 7.112578907282177260e-15 5.386665000000000141e-18
2.084314000000000000e+00 7.144016036438065423e-15 5.234932000000000334e-18
2.084709999999999841e+00 7.136590818990628923e-15 5.148496999999999915e-18
2.085106000000000126e+00 7.087118696253343896e-15 5.042873999999999934e-18
2.085501999999999967e+00 7.023663510784772618e-15 5.139729999999999690e-18
2.085897999999999808e+00 7.213841158649403353e-15 5.152776000000000199e-18
2.086294000000000093e+00 7.257814360907053862e-15 5.091860000000000114e-18
2.086689999999999934e+00 6.995622059085903769e-15 4.993059000000000018e-18
2.087086000000000219e+00 6.796231755290408172e-15 4.941214999999999942e-18
2.087482000000000060e+00 7.028068402360234875e-15 5.209761999999999874e-18
2.087877999999999901e+00 7.193815924063423862e-15 5.419715999999999643e-18
2.088274000000000186e+00 7.118934117861779837e-15 5.429309999999999809e-18
2.088670000000000027e+00 7.125144391933063069e-15 6.191480999999999788e-18
2.089065999999999867e+00 7.099447043744617366e-15 6.882031999999999836e-18
2.089462000000000153e+00 6.963214643675967723e-15 6.969707999999999923e-18
2.089857999999999993e+00 6.845840353173637084e-15 7.043508000000000254e-18
2.090253999999999834e+00 6.994219212834665589e-15 7.167067999999999618e-18
2.090650000000000119e+00 7.474788485105086132e-15 7.833797000000000564e-18
2.091045999999999960e+00 7.743972104941915289e-15 8.410355999999999469e-18
2.091441999999999801e+00 nan 8.123765000000000006e-18
2.091838000000000086e+00 nan 7.388921999999999301e-18
2.092233999999999927e+00 7.132255230182297596e-15 7.019743999999999800e-18
2.092630000000000212e+00 7.751711639083953806e-15 7.600170999999999339e-18
2.093026000000000053e+00 7.806246710426970165e-15 7.666513999999999326e-18
2.093421999999999894e+00 7.446731359392319113e-15 7.337518999999999637e-18
2.093818000000000179e+00 7.145961488074379081e-15 7.010445999999999960e-18
2.094214000000000020e+00 7.015124553680164962e-15 6.796138999999999826e-18
2.094609999999999861e+00 6.968463626197029148e-15 6.243591999999999711e-18
2.095006000000000146e+00 6.996545509605236337e-15 5.715222999999999776e-18
2.095401999999999987e+00 7.065424361375131623e-15 5.466484999999999767e-18
2.095797999999999828e+00 7.056596491016975976e-15 5.222944000000000240e-18
2.096194000000000113e+00 6.986727478218618261e-15 5.183334000000000341e-18
2.096589999999999954e+00 6.940982853113637652e-15 5.254839000000000177e-18
2.096985999999999795e+00 7.010212196363701059e-15 5.298708999999999621e-18
2.097382000000000080e+00 7.146639140013720521e-15 5.380826000000000306e-18
2.097777999999999921e+00 7.251492310345964614e-15 5.426792000000000328e-18
2.098174000000000206e+00 7.331506117511622482e-15 5.527250000000000383e-18
2.098570000000000046e+00 7.362341179293451428e-15 5.506894999999999693e-18
2.098965999999999887e+00 7.310889143353387871e-15 5.600238000000000384e-18
2.099362000000000172e+00 nan 5.932736000000000168e-18
2.099758000000000013e+00 7.101570009171075947e-15 5.913413999999999772e-18
2.100153999999999854e+00 7.211865650463342359e-15 5.530954999999999702e-18
2.100550000000000139e+00 7.358062669202202690e-15 5.686436000000000177e-18
2.100945999999999980e+00 7.547240015169378635e-15 5.800047999999999631e-18
2.101341999999999821e+00 7.595604603523959763e-15 5.851960999999999918e-18
2.101738000000000106e+00 7.238266303448439825e-15 5.669478999999999998e-18
2.102133999999999947e+00 7.077839399736663991e-15 5.614579999999999902e-18
2.102529999999999788e+00 7.229065064250340596e-15 7.560363999999999316e-18
2.102926000000000073e+00 7.311118786137946635e-15 7.910067999999999440e-18
2.103321999999999914e+00 7.306477377492366620e-15 6.248129000000000382e-18
2.103718000000000199e+00 7.344532212002868779e-15 6.304149999999999693e-18
2.104114000000000040e+00 7.400290395538723487e-15 6.361617000000000282e-18
2.104509999999999881e+00 7.364870080824930868e-15 6.402100000000000008e-18
2.104906000000000166e+00 7.228317883276700485e-15 6.559158999999999720e-18
2.105302000000000007e+00 6.942939045289777938e-15 6.247143000000000255e-18
2.105697999999999848e+00 7.302942658599599738e-15 6.518904999999999903e-18
2.106094000000000133e+00 7.469452522813105852e-15 6.589830000000000163e-18
2.106489999999999974e+00 7.582813541653579467e-15 6.728825000000000093e-18
2.106885999999999814e+00 7.621529568504208390e-15 6.729401000000000081e-18
2.107282000000000100e+00 7.352374218007954268e-15 6.630222999999999915e-18
2.107677999999999940e+00 7.192071368601676090e-15 6.433461000000000252e-18
2.108073999999999781e+00 7.115839342034437759e-15 6.335277999999999671e-18
2.108470000000000066e+00 6.877889706944966814e-15 6.120411999999999724e-18
2.108865999999999907e+00 6.952864259221024272e-15 6.201606999999999853e-18
2.109262000000000192e+00 7.240157311500944527e-15 6.473394999999999904e-18
2.109658000000000033e+00 7.385655217831931236e-15 6.538402999999999890e-18
2.110053999999999874e+00 7.398518131871150169e-15 6.475640999999999669e-18
2.110450000000000159e+00 7.532254615581848845e-15 7.604423000000000478e-18
2.110846000000000000e+00 7.678836745863703836e-15 7.435711000000000447e-18
2.111241999999999841e+00 7.463804074427570549e-15 6.114468000000000304e-18
2.111638000000000126e+00 7.214982633058646311e-15 5.956884000000000358e-18
2.112033999999999967e+00 nan 6.161635000000000263e-18
2.112429999999999808e+00 7.290977973555759340e-15 6.134719999999999663e-18
2.112826000000000093e+00 7.245523613621676574e-15 5.872053999999999862e-18
2.113221999999999934e+00 7.399620131402494604e-15 6.112942000000000333e-18
2.113618000000000219e+00 7.473926829114260785e-15 6.279876999999999668e-18
2.114014000000000060e+00 7.572113587224362177e-15 6.192094999999999714e-18
2.114409999999999901e+00 7.715716805062775635e-15 6.126341999999999814e-18
2.114806000000000186e+00 7.667583481444489523e-15 6.105772000000000085e-18
2.115202000000000027e+00 7.519797409723407331e-15 5.920109000000000028e-18
2.115597999999999868e+00 7.380473317606177122e-15 5.913167999999999688e-18
2.115994000000000153e+00 7.462318645459377751e-15 5.925565999999999921e-18
2.116389999999999993e+00 7.559166513596132839e-15 5.884878999999999638e-18
2.116785999999999834e+00 7.371129510341418624e-15 5.844493000000000321e-18
2.117182000000000119e+00 7.102950082192989104e-15 5.772722999999999663e-18
2.117577999999999960e+00 7.003935439434401724e-15 5.967440000000000042e-18
2.117973999999999801e+00 7.113513516037573025e-15 6.258188000000000029e-18
2.118370000000000086e+00 7.471163615287096302e-15 6.475198999999999745e-18
2.118765999999999927e+00 7.469601194455716260e-15 6.413049999999999938e-18
2.119162000000000212e+00 7.318296588865461468e-15 6.341319999999999781e-18
2.119558000000000053e+00 7.206024714025105413e-15 6.118385000000000127e-18
2.119953999999999894e+00 7.346212948077929530e-15 6.083091000000000167e-18
2.120350000000000179e+00 7.261105343354888384e-15 6.014996999999999888e-18
2.120746000000000020e+00 7.238936853143679950e-15 6.916771000000000341e-18
2.121141999999999861e+00 nan nan
2.121538000000000146e+00 7.091172811790437265e-15 6.507448000000000196e-18
2.121933999999999987e+00 7.413258641394061122e-15 6.859396000000000290e-18
2.122329999999999828e+00 7.492604313267827430e-15 6.780080999999999876e-18
2.122726000000000113e+00 7.577305659672941475e-15 6.727733000000000099e-18
2.123121999999999954e+00 7.499686001945964568e-15 9.321928999999999387e-18
2.123517999999999795e+00 7.309972679241456053e-15 9.288161999999999681e-18
2.123914000000000080e+00 7.457805657277716335e-15 6.721364999999999672e-18
2.124309999999999921e+00 7.821317613515168424e-15 7.192735000000000115e-18
2.124706000000000206e+00 7.725204980227591965e-15 7.010862000000000251e-18
2.125102000000000046e+00 7.863501165348579360e-15 6.888678000000000131e-18
2.125497999999999887e+00 7.616134189710767503e-15 6.701415000000000021e-18
2.125894000000000172e+00 7.458561340866405151e-15 6.699040000000000062e-18
2.126290000000000013e+00 7.389356591809290011e-15 6.717315000000000067e-18
2.126685999999999854e+00 7.409788660014250274e-15 6.713532000000000308e-18
2.127082000000000139e+00 7.379923726530751001e-15 6.764275000000000162e-18
2.127477999999999980e+00 7.257559070543998194e-15 6.629883999999999781e-18
2.127873999999999821e+00 7.196199999634163847e-15 6.555500999999999797e-18
2.128270000000000106e+00 7.345732443257506351e-15 6.623421000000000280e-18
2.128665999999999947e+00 7.242399997802901985e-15 6.819054000000000293e-18
2.129061999999999788e+00 7.196124607058486611e-15 6.578348999999999847e-18
2.129458000000000073e+00 7.344635530621734592e-15 6.418601000000000163e-18
2.129853999999999914e+00 7.395940729139304532e-15 6.339732000000000033e-18
2.130250000000000199e+00 7.457264778556203833e-15 7.236263999999999631e-18
2.130646000000000040e+00 7.526659265512237410e-15 6.082660000000000265e-18
2.131041999999999881e+00 7.599755025782342910e-15 6.007520000000000063e-18
2.131438000000000166e+00 7.650089576543595400e-15 5.966335999999999743e-18
2.131834000000000007e+00 7.725722812494511426e-15 6.201819999999999868e-18
2.132229999999999848e+00 7.545088031626316490e-15 6.119349000000000209e-18
2.132626000000000133e+00 7.448653744427650816e-15 5.850015000000000068e-18
2.133021999999999974e+00 7.513828447444202236e-15 7.027759000000000447e-18
2.133417999999999815e+00 nan 8.931318000000000072e-18
2.133814000000000100e+00 7.566916638103700771e-15 5.402644000000000139e-18
2.134209999999999940e+00 7.387571697774568902e-15 5.306273000000000115e-18
2.134605999999999781e+00 7.403853045550017529e-15 5.278492999999999635e-18
2.135002000000000066e+00 7.602612310562259303e-15 5.453410999999999832e-18
2.135397999999999907e+00 7.749658117602617130e-15 5.564201999999999815e-18
2.135794000000000192e+00 7.720408832321977139e-15 5.695629999999999945e-18
2.136190000000000033e+00 nan 9.034353000000000079e-18
2.136585999999999874e+00 7.611652215459203956e-15 7.077533000000000349e-18
2.136982000000000159e+00 7.521916726748638345e-15 5.972139999999999716e-18
2.137378000000000000e+00 7.461505622864364232e-15 5.886637999999999876e-18
2.137773999999999841e+00 7.545569002269665871e-15 5.874671999999999828e-18
2.138170000000000126e+00 7.538312379003329054e-15 5.739364000000000301e-18
2.138565999999999967e+00 7.280460060036122696e-15 5.520553999999999845e-18
2.138961999999999808e+00 7.312255861619268134e-15 5.478283999999999684e-18
2.139358000000000093e+00 7.574638496766668031e-15 7.688272000000000716e-18
2.139753999999999934e+00 nan 8.014609000000000708e-18
2.140150000000000219e+00 7.486510665796878218e-15 5.523293000000000058e-18
2.140546000000000060e+00 7.239795570175040181e-15 6.342853999999999699e-18
2.140941999999999901e+00 7.332341999282329038e-15 6.459954999999999920e-18
2.141338000000000186e+00 7.451516381611840736e-15 6.497879000000000151e-18
2.141734000000000027e+00 7.492444155999194064e-15 7.612071000000000023e-18
2.142129999999999868e+00 7.355130943175635989e-15 7.408425999999999440e-18
2.142526000000000153e+00 7.391992686126913783e-15 5.444450999999999843e-18
2.142921999999999993e+00 7.290574334628302612e-15 5.244504999999999967e-18
2.143317999999999834e+00 7.397143079183892204e-15 5.106628999999999946e-18
2.143714000000000119e+00 7.719104817140061565e-15 5.341205000000000384e-18
2.144109999999999960e+00 7.986459359270443417e-15 5.604774000000000003e-18
2.144505999999999801e+00 7.941654559216085989e-15 5.652643000000000067e-18
2.144902000000000086e+00 7.931983771777537194e-15 5.634000999999999732e-18
2.145297999999999927e+00 7.849970378766652229e-15 5.637019000000000096e-18
2.145694000000000212e+00 7.776271715995996184e-15 5.595411000000000309e-18
2.146090000000000053e+00 7.812481700891464870e-15 5.615725999999999727e-18
2.146485999999999894e+00 7.919349302650132180e-15 5.634604999999999917e-18
2.146882000000000179e+00 7.822285697618284105e-15 5.667847000000000160e-18
2.147278000000000020e+00 7.803860855614724994e-15 5.681203000000000322e-18
2.147673999999999861e+00 7.689723894727538423e-15 5.666416000000000032e-18
2.148070000000000146e+00 7.529827780782628835e-15 5.591518999999999837e-18
2.148465999999999987e+00 7.560348782917032597e-15 5.667896000000000120e-18
2.148861999999999828e+00 7.493642457467382942e-15 5.966226000000000288e-18
2.149258000000000113e+00 7.398955020073951706e-15 6.174327999999999769e-18
2.149653999999999954e+00 7.365942783792945222e-15 6.168479000000000194e-18
2.150049999999999795e+00 7.266509067412732645e-15 5.704717999999999846e-18
2.150446000000000080e+00 7.299425671417891056e-15 5.736803999999999754e-18
2.150841999999999921e+00 7.543835978964688558e-15 5.730294000000000087e-18
2.151238000000000206e+00 7.791702113588107393e-15 6.209157999999999760e-18
2.151634000000000047e+00 7.758520154662192870e-15 6.359002999999999905e-18
2.152029999999999887e+00 7.530929125350591522e-15 5.621174000000000162e-18
2.152426000000000172e+00 7.483782976454791794e-15 5.269800999999999774e-18
2.152822000000000013e+00 7.406871103503760611e-15 5.260406000000000295e-18
2.153217999999999854e+00 7.354634850863255293e-15 5.095098000000000158e-18
2.153614000000000139e+00 7.554522763366558412e-15 5.397981999999999632e-18
2.154009999999999980e+00 7.676330600575510051e-15 5.463885000000000259e-18
2.154405999999999821e+00 7.626944277235841700e-15 5.448198999999999740e-18
2.154802000000000106e+00 7.703242789631951824e-15 7.949470999999999476e-18
2.155197999999999947e+00 7.742670116756449319e-15 9.269913000000000080e-18
2.155593999999999788e+00 7.749501174139392972e-15 7.451750000000000427e-18
2.155990000000000073e+00 7.596806160572005785e-15 8.164629000000000161e-18
2.156385999999999914e+00 7.480030009673786474e-15 8.869939000000000300e-18
2.156782000000000199e+00 7.655600107287374746e-15 9.408075999999999427e-18
2.157178000000000040e+00 7.815546088626326997e-15 9.665148000000000735e-18
2.157573999999999881e+00 7.806460884562711606e-15 9.581754000000000237e-18
2.157970000000000166e+00 7.808088431517854092e-15 1.035359000000000039e-17
2.158366000000000007e+00 7.818029289417471860e-15 1.080888000000000007e-17
2.158761999999999848e+00 7.803413195685167251e-15 1.074418000000000071e-17
2.159158000000000133e+00 7.708283880108508593e-15 1.078744000000000059e-17
2.159553999999999974e+00 7.637446979279137364e-15 1.081891999999999974e-17
2.159949999999999815e+00 7.578422791791314659e-15 1.044041999999999979e-17
2.160346000000000100e+00 7.447731073265518744e-15 8.264918999999999802e-18
2.160741999999999940e+00 7.578482674887158524e-15 7.087153000000000148e-18
2.161137999999999781e+00 7.924817027095690053e-15 7.251519999999999760e-18
2.161534000000000066e+00 7.998372179489165472e-15 7.355766000000000215e-18
2.161929999999999907e+00 7.705651521797124354e-15 7.125575999999999439e-18
2.162326000000000192e+00 7.545786807738829290e-15 7.045363000000000619e-18
2.162722000000000033e+00 7.679187996807121394e-15 7.468748000000000620e-18
2.163117999999999874e+00 7.674883009857960896e-15 1.017445000000000058e-17
2.163514000000000159e+00 7.605683029936941231e-15 1.185563999999999926e-17
2.163910000000000000e+00 7.773081011785582220e-15 1.231672999999999933e-17
2.164305999999999841e+00 nan nan
2.164702000000000126e+00 nan nan
2.165097999999999967e+00 7.823552461270182260e-15 1.338350999999999944e-17
2.165493999999999808e+00 7.773669353963136290e-15 1.330473000000000054e-17
2.165890000000000093e+00 7.605031109685987844e-15 1.307318999999999938e-17
2.166285999999999934e+00 7.694768112030590826e-15 1.337108999999999993e-17
2.166682000000000219e+00 7.757205746263577342e-15 1.339780999999999943e-17
2.167078000000000060e+00 7.765588404280736668e-15 1.271675999999999950e-17
2.167473999999999901e+00 7.745728285107397156e-15 1.157618000000000060e-17
2.167870000000000186e+00 7.969721379676817302e-15 9.530939999999999608e-18
2.168266000000000027e+00 7.958311036112130137e-15 7.424160000000000407e-18
2.168661999999999868e+00 8.035417002637133282e-15 7.138268000000000203e-18
2.169058000000000153e+00 8.081631780520034476e-15 7.173997999999999935e-18
2.169453999999999994e+00 7.953887302860721291e-15 7.100162000000000230e-18
2.169849999999999834e+00 7.882919829781859390e-15 6.796277000000000248e-18
2.170246000000000119e+00 nan 7.066695000000000437e-18
2.170641999999999960e+00 nan 9.510087999999999651e-18
2.171037999999999801e+00 7.550394993569029092e-15 6.233768000000000124e-18
2.171434000000000086e+00 7.604959885553223070e-15 6.267968000000000296e-18
2.171829999999999927e+00 7.683438658774346333e-15 6.356419000000000289e-18
2.172226000000000212e+00 nan 6.375117000000000249e-18
2.172622000000000053e+00 nan 6.062425000000000311e-18
2.173017999999999894e+00 7.559327588774000650e-15 5.893950000000000135e-18
2.173414000000000179e+00 7.640227594019704979e-15 5.975942999999999726e-18
2.173810000000000020e+00 7.787682343492878810e-15 6.337521999999999641e-18
2.174205999999999861e+00 7.841523710195520545e-15 6.785737999999999969e-18
2.174602000000000146e+00 7.774544047777501517e-15 6.170604999999999993e-18
2.174997999999999987e+00 7.884027002333511486e-15 6.574051999999999877e-18
2.175393999999999828e+00 7.831932896926358606e-15 7.987284000000000740e-18
2.175790000000000113e+00 7.720799947018554205e-15 7.873405000000000669e-18
2.176185999999999954e+00 7.723027838311433749e-15 7.533633000000000564e-18
2.176581999999999795e+00 7.559798898722310092e-15 7.586787000000000520e-18
2.176978000000000080e+00 7.629042115194898566e-15 7.584468999999999698e-18
2.177373999999999921e+00 7.619423377480851240e-15 7.544152000000000593e-18
2.177770000000000206e+00 7.613636993046528898e-15 7.525797999999999866e-18
2.178166000000000047e+00 7.584780834580435658e-15 7.383252000000000162e-18
2.178561999999999887e+00 7.460608701708374327e-15 7.455767000000000735e-18
2.178958000000000172e+00 7.458561157944961373e-15 7.428225000000000393e-18
2.179354000000000013e+00 7.535263205757081161e-15 7.173255000000000585e-18
2.179749999999999854e+00 7.694769508086281315e-15 8.284362000000000446e-18
2.180146000000000139e+00 7.670256668761551417e-15 6.418399000000000170e-18
2.180541999999999980e+00 7.688383984632374824e-15 6.339299000000000337e-18
2.180937999999999821e+00 7.775467065944866673e-15 6.347448000000000277e-18
2.181334000000000106e+00 7.938056317420737353e-15 6.149426000000000207e-18
2.181729999999999947e+00 8.035460286687934126e-15 6.136439999999999682e-18
2.182125999999999788e+00 7.854732845703334202e-15 5.999462000000000379e-18
2.182522000000000073e+00 7.668656856377744021e-15 5.858389000000000328e-18
2.182917999999999914e+00 7.610004695169897118e-15 5.821812999999999915e-18
2.183314000000000199e+00 7.598620758800566443e-15 6.024947999999999875e-18
2.183710000000000040e+00 7.663626370639427883e-15 6.096387000000000346e-18
2.184105999999999881e+00 7.677475351933001409e-15 6.070184999999999875e-18
2.184502000000000166e+00 7.728998308379548230e-15 6.796880999999999664e-18
2.184898000000000007e+00 7.632356882956039903e-15 5.857712000000000343e-18
2.185293999999999848e+00 7.810143885812992583e-15 5.796553000000000251e-18
2.185690000000000133e+00 7.786828927837650765e-15 5.764456999999999833e-18
2.186085999999999974e+00 7.652264290249344970e-15 5.762136999999999987e-18
2.186481999999999815e+00 nan 8.380874999999999711e-18
2.186878000000000100e+00 nan 5.892361000000000104e-18
2.187273999999999941e+00 nan nan
2.187669999999999781e+00 7.923305863227981468e-15 1.122497000000000075e-17
2.188066000000000066e+00 nan nan
2.188461999999999907e+00 nan 5.704411999999999780e-18
2.188858000000000192e+00 7.860387056930547397e-15 5.637879000000000105e-18
2.189254000000000033e+00 7.884367936085043801e-15 5.790214999999999816e-18
2.189649999999999874e+00 7.783819000249882458e-15 5.728523000000000314e-18
2.190046000000000159e+00 7.686626781099230159e-15 5.552126000000000312e-18
2.190442000000000000e+00 7.613848214477506640e-15 5.506108000000000253e-18
2.190837999999999841e+00 7.758195940417639990e-15 5.606744999999999975e-18
2.191234000000000126e+00 7.914111875961572521e-15 5.643897000000000376e-18
2.191629999999999967e+00 8.033046749052862475e-15 5.581561000000000186e-18
2.192025999999999808e+00 7.734010930308133262e-15 5.783885000000000097e-18
2.192422000000000093e+00 7.693520228727331082e-15 5.833131999999999970e-18
2.192817999999999934e+00 7.684669128793410869e-15 6.098896000000000369e-18
2.193214000000000219e+00 7.456472134570085659e-15 5.627560999999999787e-18
2.193610000000000060e+00 7.569143761632974299e-15 5.842735999999999877e-18
2.194005999999999901e+00 nan nan
2.194402000000000186e+00 nan nan
2.194798000000000027e+00 nan nan
2.195193999999999868e+00 nan nan
2.195590000000000153e+00 7.988603260217701833e-15 5.821683000000000209e-18
2.195985999999999994e+00 7.846434947280644089e-15 5.606708999999999831e-18
2.196381999999999834e+00 7.933557933724945045e-15 5.792938999999999648e-18
2.196778000000000119e+00 nan 6.232130999999999645e-18
2.197173999999999960e+00 7.754925982871354208e-15 6.341750000000000171e-18
2.197569999999999801e+00 7.650451381747038230e-15 6.307778999999999907e-18
2.197966000000000086e+00 7.802420877388343565e-15 6.364655000000000127e-18
2.198361999999999927e+00 7.973607111157287679e-15 6.842117000000000152e-18
2.198758000000000212e+00 7.867232014566264826e-15 6.240444999999999923e-18
2.199154000000000053e+00 7.707632706547949096e-15 6.569918999999999962e-18
2.199549999999999894e+00 7.793954133954664253e-15 7.063741000000000415e-18
2.199946000000000179e+00 7.807761251339316467e-15 7.078830999999999924e-18
2.200342000000000020e+00 7.734212176293512884e-15 6.732205999999999659e-18
2.200737999999999861e+00 7.795531290336807760e-15 6.733488999999999624e-18
2.201134000000000146e+00 7.876306022168054344e-15 6.515630000000000204e-18
2.201529999999999987e+00 7.925096518704660389e-15 6.380252000000000184e-18
2.201925999999999828e+00 7.929924059830017970e-15 6.314569000000000007e-18
2.202322000000000113e+00 7.708930775874114952e-15 5.784066000000000327e-18
2.202717999999999954e+00 7.736211492189489029e-15 5.748720000000000330e-18
2.203113999999999795e+00 7.680907338402167849e-15 5.780028000000000257e-18
2.203510000000000080e+00 7.741018676963832100e-15 5.900753000000000051e-18
2.203905999999999921e+00 7.552085400573976827e-15 5.694220999999999863e-18
2.204302000000000206e+00 7.681879537329160915e-15 5.663482999999999772e-18
2.204698000000000047e+00 7.667967618647111704e-15 5.612506999999999652e-18
2.205093999999999888e+00 7.593324302922324289e-15 5.545462999999999841e-18
2.205490000000000173e+00 7.575856431856486969e-15 5.589819000000000069e-18
2.205886000000000013e+00 7.428462102372335516e-15 5.532467000000000346e-18
2.206281999999999854e+00 nan nan
2.206678000000000139e+00 nan nan
2.207073999999999980e+00 7.563549088274027337e-15 5.731427000000000094e-18
2.207469999999999821e+00 7.827238018302062218e-15 5.726631000000000293e-18
2.207866000000000106e+00 7.837141187353377940e-15 5.728297999999999993e-18
2.208261999999999947e+00 7.592359754121853670e-15 5.801794000000000053e-18
2.208657999999999788e+00 7.319484064323821195e-15 5.672680999999999899e-18
2.209054000000000073e+00 7.376289902067422814e-15 5.759602000000000331e-18
2.209449999999999914e+00 7.672947398564146783e-15 6.263434999999999983e-18
2.209846000000000199e+00 nan nan
2.210242000000000040e+00 nan nan
2.210637999999999881e+00 7.737543271144530780e-15 6.243446999999999624e-18
2.211034000000000166e+00 7.705622133353754159e-15 5.967067000000000329e-18
2.211430000000000007e+00 7.737153433941540439e-15 5.964848999999999991e-18
2.211825999999999848e+00 7.964110550479270720e-15 6.085216999999999966e-18
2.212222000000000133e+00 8.152368896019141020e-15 6.241776999999999848e-18
2.212617999999999974e+00 8.033208896398507240e-15 6.150792999999999993e-18
2.213013999999999815e+00 7.829101488081833317e-15 6.159186000000000223e-18
2.213410000000000100e+00 7.796400830026742467e-15 6.206189999999999638e-18
2.213805999999999941e+00 7.885843428207951524e-15 6.365712000000000259e-18
2.214201999999999781e+00 7.992849488847334388e-15 6.769970999999999704e-18
2.214598000000000066e+00 8.005292177340581827e-15 7.020529000000000216e-18
2.214993999999999907e+00 7.903737641522752948e-15 6.832063999999999887e-18
2.215390000000000192e+00 7.937432231085384721e-15 6.655616000000000131e-18
2.215786000000000033e+00 7.933370845041746929e-15 6.900278999999999643e-18
2.216181999999999874e+00 7.845507820597390516e-15 7.135711000000000502e-18
2.216578000000000159e+00 7.822498094077571487e-15 7.376742999999999236e-18
2.216974000000000000e+00 7.711890055158426106e-15 7.614571999999999329e-18
2.217369999999999841e+00 7.627654142471255928e-15 7.960285999999999830e-18
2.217766000000000126e+00 7.758818740537840192e-15 8.034155000000000372e-18
2.218161999999999967e+00 7.896086173754115668e-15 8.050355000000000333e-18
2.218557999999999808e+00 8.043308110395735705e-15 8.214288000000000737e-18
2.218954000000000093e+00 7.851227647424967900e-15 8.060580000000000600e-18
2.219349999999999934e+00 7.571019786067846050e-15 7.832015999999999510e-18
2.219746000000000219e+00 7.545176747778782913e-15 7.795225000000000058e-18
2.220142000000000060e+00 7.600196874809321761e-15 7.290919999999999720e-18
2.220537999999999901e+00 7.632482458679091144e-15 7.152640000000000484e-18
2.220934000000000186e+00 7.614297377894828012e-15 7.166606999999999725e-18
2.221330000000000027e+00 7.721220107106010565e-15 7.329562999999999461e-18
2.221725999999999868e+00 7.818131420887614099e-15 7.478491999999999973e-18
2.222122000000000153e+00 7.910846435338400229e-15 7.519983000000000640e-18
2.222517999999999994e+00 8.002218293462411889e-15 7.536506999999999583e-18
2.222913999999999835e+00 nan 1.245431999999999953e-17
2.223310000000000120e+00 nan 1.196138000000000067e-17
2.223705999999999960e+00 7.843323522952306390e-15 7.458341999999999352e-18
2.224101999999999801e+00 7.970246570626361393e-15 7.521836999999999953e-18
2.224498000000000086e+00 8.132399776984565989e-15 7.611156999999999413e-18
2.224893999999999927e+00 8.193802854874148506e-15 7.589748999999999719e-18
2.225290000000000212e+00 8.169349574229749298e-15 7.567066000000000007e-18
2.225686000000000053e+00 8.220241419219402587e-15 7.323028000000000443e-18
2.226081999999999894e+00 8.089379691136901379e-15 7.086284000000000680e-18
2.226478000000000179e+00 7.779989720064840897e-15 6.731010999999999875e-18
2.226874000000000020e+00 7.860268388317269483e-15 7.030635000000000030e-18
2.227269999999999861e+00 7.900082960789394802e-15 6.983209000000000172e-18
2.227666000000000146e+00 7.680803067380498154e-15 6.556324999999999663e-18
2.228061999999999987e+00 7.714466817468513686e-15 6.323629999999999993e-18
2.228457999999999828e+00 7.792565777688977843e-15 6.264181999999999691e-18
2.228854000000000113e+00 7.737210244672884734e-15 6.230001999999999770e-18
2.229249999999999954e+00 7.814568622036646123e-15 6.305818999999999957e-18
2.229645999999999795e+00 7.818921072939041975e-15 6.087517000000000331e-18
2.230042000000000080e+00 7.772352796713366107e-15 6.094599999999999910e-18
2.230437999999999921e+00 7.856774033032194490e-15 6.162724999999999692e-18
2.230834000000000206e+00 8.048664370870867846e-15 6.279614000000000180e-18
2.231230000000000047e+00 8.031050542919817291e-15 6.409030000000000324e-18
2.231625999999999888e+00 7.884932791167099600e-15 6.455861999999999737e-18
2.232022000000000173e+00 7.919875706034133939e-15 6.549810999999999637e-18
2.232418000000000013e+00 7.917520571245755746e-15 6.557968999999999806e-18
2.232813999999999854e+00 7.826961919233153967e-15 6.456527999999999700e-18
2.233210000000000139e+00 7.658202057146583710e-15 6.439664000000000342e-18
2.233605999999999980e+00 7.730522736428755228e-15 6.035997000000000007e-18
2.234001999999999821e+00 7.806929955607883630e-15 6.015787999999999686e-18
2.234398000000000106e+00 7.797879787372642401e-15 6.886969999999999647e-18
2.234793999999999947e+00 7.568274694976618317e-15 5.960435000000000132e-18
2.235189999999999788e+00 7.588306520873644003e-15 5.879235000000000132e-18
2.235586000000000073e+00 7.503898774318593526e-15 5.811151999999999876e-18
2.235981999999999914e+00 7.481398617851378662e-15 5.842817999999999905e-18
2.236378000000000199e+00 7.501914211961384793e-15 6.122781999999999812e-18
2.236774000000000040e+00 7.715854827335255528e-15 6.471512999999999624e-18
2.237169999999999881e+00 7.965541649189020379e-15 7.046459000000000201e-18
2.237566000000000166e+00 7.960650730679104675e-15 7.073159000000000221e-18
2.237962000000000007e+00 7.905936738305715147e-15 7.283107000000000608e-18
2.238357999999999848e+00 8.015409652784741988e-15 9.905314000000000078e-18
2.238754000000000133e+00 7.844245006998307465e-15 8.005321000000000607e-18
2.239149999999999974e+00 7.684353904710569701e-15 8.326177999999999608e-18
2.239545999999999815e+00 nan 1.410602999999999950e-17
2.239942000000000100e+00 8.048662413559202034e-15 7.634689000000000652e-18
2.240337999999999941e+00 8.035304540572188625e-15 7.382627000000000214e-18
2.240733999999999781e+00 8.015722761945449631e-15 7.306182999999999513e-18
2.241130000000000067e+00 7.964823912658231697e-15 7.107049999999999481e-18
2.241525999999999907e+00 7.857852510626398965e-15 6.861031999999999716e-18
2.241922000000000192e+00 7.744134454397661965e-15 6.674942999999999627e-18
2.242318000000000033e+00 7.757826587403800291e-15 6.536463000000000192e-18
2.242713999999999874e+00 7.721663402386437858e-15 6.343184999999999886e-18
2.243110000000000159e+00 nan nan
2.243506000000000000e+00 7.679420196321021364e-15 6.062177999999999945e-18
2.243901999999999841e+00 7.649586474614674941e-15 5.388880999999999914e-18
2.244298000000000126e+00 7.785241905932667014e-15 5.469525000000000176e-18
2.244693999999999967e+00 7.745708461837709534e-15 5.414381999999999791e-18
2.245089999999999808e+00 7.770175006320708253e-15 5.417857999999999972e-18
2.245486000000000093e+00 8.052949187177301243e-15 5.496517000000000163e-18
2.245881999999999934e+00 8.121852253597498018e-15 5.578361000000000080e-18
2.246278000000000219e+00 7.904185061653424512e-15 5.409764999999999656e-18
2.246674000000000060e+00 7.758111376352120122e-15 5.396775000000000313e-18
2.247069999999999901e+00 7.718950986977393010e-15 5.356624000000000287e-18
2.247466000000000186e+00 7.659553618411987232e-15 5.307998000000000003e-18
2.247862000000000027e+00 7.678002961723567976e-15 5.430901999999999916e-18
2.248257999999999868e+00 7.792038522157955600e-15 5.531274000000000355e-18
2.248654000000000153e+00 7.905888608928247085e-15 5.551233000000000235e-18
2.249049999999999994e+00 8.059147063488765508e-15 5.588348999999999722e-18
2.249445999999999835e+00 7.883937755335318427e-15 5.562224000000000179e-18
2.249842000000000120e+00 7.684006304921625754e-15 5.645824000000000258e-18
2.250237999999999960e+00 7.540455627857558167e-15 5.565902999999999865e-18
2.250633999999999801e+00 nan nan
2.251030000000000086e+00 nan nan
2.251425999999999927e+00 nan nan
2.251822000000000212e+00 nan nan
2.252218000000000053e+00 7.722900116700391361e-15 5.636859999999999910e-18
2.252613999999999894e+00 7.788669866371391721e-15 5.677501000000000309e-18
2.253010000000000179e+00 7.816041610128137439e-15 5.762029000000000326e-18
2.253406000000000020e+00 7.871775667870600425e-15 5.794667999999999895e-18
2.253801999999999861e+00 8.021380738432811908e-15 7.340421999999999905e-18
2.254198000000000146e+00 7.667663807120876745e-15 1.015727999999999962e-17
2.254593999999999987e+00 7.470110879216280152e-15 1.008020999999999946e-17
2.254989999999999828e+00 7.479414564007111810e-15 6.246859000000000234e-18
2.255386000000000113e+00 7.728571705765524589e-15 6.155732000000000087e-18
2.255781999999999954e+00 7.739109164219298084e-15 5.736090000000000113e-18
2.256177999999999795e+00 7.714788450504203958e-15 6.087254000000000073e-18
2.256574000000000080e+00 7.786913860988016185e-15 6.692890999999999803e-18
2.256969999999999921e+00 7.893875042936319853e-15 6.816512000000000203e-18
2.257366000000000206e+00 7.827492798514466055e-15 6.690012999999999656e-18
2.257762000000000047e+00 7.569385773035978222e-15 6.088781000000000327e-18
2.258157999999999888e+00 7.557226896039451745e-15 5.916318000000000322e-18
2.258554000000000173e+00 7.738989861060543793e-15 5.956054000000000340e-18
2.258950000000000014e+00 7.862821375126228776e-15 6.000158999999999844e-18
2.259345999999999854e+00 7.833016948253333553e-15 5.788059000000000025e-18
2.259742000000000139e+00 7.803208283648458371e-15 5.267111000000000292e-18
2.260137999999999980e+00 7.746489980885372695e-15 5.027230999999999993e-18
2.260533999999999821e+00 7.688385121028823294e-15 5.024008999999999842e-18
2.260930000000000106e+00 7.687445223259148047e-15 5.075598000000000377e-18
2.261325999999999947e+00 7.697174386435231046e-15 5.562680000000000202e-18
2.261721999999999788e+00 7.678649940374429926e-15 5.652971000000000178e-18
2.262118000000000073e+00 7.633633121892263122e-15 5.319356000000000278e-18
2.262513999999999914e+00 7.612900789235567126e-15 5.011400999999999670e-18
2.262910000000000199e+00 7.558480413698907679e-15 5.748892000000000332e-18
2.263306000000000040e+00 nan 7.427248999999999236e-18
2.263701999999999881e+00 7.550746655844242577e-15 4.905360000000000374e-18
2.264098000000000166e+00 7.640388427837762805e-15 4.792759999999999910e-18
2.264494000000000007e+00 nan nan
2.264889999999999848e+00 8.255261767343768502e-15 1.046437000000000035e-17
2.265286000000000133e+00 nan nan
2.265681999999999974e+00 7.588206415185935455e-15 4.993330000000000223e-18
2.266077999999999815e+00 7.629522725664629192e-15 5.141302000000000317e-18
2.266474000000000100e+00 7.607362733840877097e-15 5.254976000000000317e-18
2.266869999999999941e+00 7.637655026638402226e-15 5.298397999999999685e-18
2.267265999999999782e+00 7.795687093262857289e-15 5.363227000000000004e-18
2.267662000000000067e+00 7.833989166536013426e-15 6.070820999999999846e-18
2.268057999999999907e+00 7.890302094598995240e-15 6.083615999999999631e-18
2.268454000000000192e+00 7.771350861643016809e-15 5.455010999999999885e-18
2.268850000000000033e+00 7.639975477379262842e-15 5.537744000000000291e-18
2.269245999999999874e+00 7.599835098584285121e-15 5.484060000000000230e-18
2.269642000000000159e+00 7.710948733930662586e-15 5.639176999999999680e-18
2.270038000000000000e+00 7.613971667075536274e-15 5.731564000000000235e-18
2.270433999999999841e+00 7.518936313138711618e-15 5.698913999999999873e-18
2.270830000000000126e+00 nan nan
2.271225999999999967e+00 nan nan
2.271621999999999808e+00 7.746305059079835905e-15 5.763910000000000324e-18
2.272018000000000093e+00 7.415461020313666691e-15 5.611256999999999755e-18
2.272413999999999934e+00 7.409082846721870724e-15 5.497053999999999932e-18
2.272810000000000219e+00 7.588687120930349798e-15 5.579716999999999844e-18
2.273206000000000060e+00 nan nan
2.273601999999999901e+00 nan nan
2.273998000000000186e+00 nan nan
2.274394000000000027e+00 7.401709875171093821e-15 5.422331999999999814e-18
2.274789999999999868e+00 7.506566130295599517e-15 5.515704999999999726e-18
2.275186000000000153e+00 7.851718969282500145e-15 5.989161000000000236e-18
2.275581999999999994e+00 nan nan
2.275977999999999835e+00 nan 6.414225000000000242e-18
2.276374000000000120e+00 7.583495587644632788e-15 5.311999999999999930e-18
2.276769999999999960e+00 nan nan
2.277165999999999801e+00 nan nan
2.277562000000000086e+00 7.852587518436107434e-15 5.482853000000000141e-18
2.277957999999999927e+00 7.685042619374577918e-15 5.358013999999999630e-18
2.278354000000000212e+00 7.654663829746310739e-15 5.195048999999999666e-18
2.278750000000000053e+00 7.509625233249446439e-15 5.040112000000000164e-18
2.279145999999999894e+00 nan nan
2.279542000000000179e+00 7.631012474975178957e-15 5.899463999999999934e-18
2.279938000000000020e+00 7.632014312330960867e-15 5.031261999999999629e-18
2.280333999999999861e+00 7.422779676442098033e-15 4.930064000000000301e-18
2.280730000000000146e+00 7.219499969000044526e-15 4.893926999999999736e-18
2.281125999999999987e+00 7.354475791590695726e-15 4.833453000000000346e-18
2.281521999999999828e+00 7.697435962223941516e-15 5.053907999999999686e-18
2.281918000000000113e+00 7.777829985818882993e-15 4.995326000000000316e-18
2.282313999999999954e+00 7.755814791297058537e-15 4.915100999999999651e-18
2.282709999999999795e+00 7.689571302977698858e-15 4.910211000000000288e-18
2.283106000000000080e+00 7.506556462570332165e-15 4.831978000000000128e-18
2.283501999999999921e+00 7.500901274615404112e-15 4.837807000000000222e-18
2.283898000000000206e+00 nan 5.684301000000000150e-18
2.284294000000000047e+00 nan 5.683390999999999898e-18
2.284689999999999888e+00 7.430587193200960527e-15 4.932687000000000137e-18
2.285086000000000173e+00 7.679623531614059992e-15 4.976611999999999693e-18
2.285482000000000014e+00 7.700984445999199566e-15 4.968091999999999834e-18
2.285877999999999854e+00 7.578226004805988349e-15 5.007213999999999925e-18
2.286274000000000139e+00 7.799174033287624506e-15 5.493998999999999912e-18
2.286669999999999980e+00 7.772056997327706927e-15 5.498193000000000092e-18
2.287065999999999821e+00 7.693953525350709093e-15 5.558580999999999866e-18
2.287462000000000106e+00 7.685732677518926612e-15 5.654964000000000195e-18
2.287857999999999947e+00 7.734062312319720897e-15 5.764683999999999947e-18
2.288253999999999788e+00 7.766671080915114392e-15 6.048747000000000190e-18
2.288650000000000073e+00 7.590394604120653422e-15 6.181597000000000219e-18
2.289045999999999914e+00 7.467513659005894705e-15 6.258147000000000016e-18
2.289442000000000199e+00 7.608901429798912240e-15 6.514243000000000167e-18
2.289838000000000040e+00 7.726472401903503874e-15 6.407743000000000001e-18
2.290233999999999881e+00 7.777096247458575713e-15 6.395675999999999956e-18
2.290630000000000166e+00 7.822632985883530648e-15 6.431124000000000232e-18
2.291026000000000007e+00 7.801791695652973896e-15 6.364655999999999639e-18
2.291421999999999848e+00 7.606042084105780857e-15 5.884352000000000380e-18
2.291818000000000133e+00 7.344803436645895886e-15 5.502731000000000275e-18
2.292213999999999974e+00 7.318707954926830519e-15 5.352406999999999780e-18
2.292609999999999815e+00 7.416205984059257138e-15 5.138436999999999986e-18
2.293006000000000100e+00 7.233493649921633038e-15 5.021583999999999641e-18
2.293401999999999941e+00 6.475052478419831654e-15 4.657018999999999918e-18
2.293797999999999782e+00 5.835906983841873653e-15 4.280901000000000360e-18
2.294194000000000067e+00 5.939862179238950236e-15 4.773566000000000196e-18
2.294589999999999907e+00 nan 4.963521999999999865e-18
2.294986000000000193e+00 6.333532862261649689e-15 4.541236000000000293e-18
2.295382000000000033e+00 6.323751543760914853e-15 4.676433000000000083e-18
2.295777999999999874e+00 6.644571926086029799e-15 1.176540000000000058e-17
2.296174000000000159e+00 6.494336433474632113e-15 4.774710000000000226e-18
2.296570000000000000e+00 6.647330133447206054e-15 5.010300000000000218e-18
2.296965999999999841e+00 nan nan
2.297362000000000126e+00 nan 9.504589000000000232e-18
2.297757999999999967e+00 nan nan
2.298153999999999808e+00 6.864678627828435931e-15 8.909112999999999658e-18
2.298550000000000093e+00 6.803033812115726261e-15 5.182637999999999617e-18
2.298945999999999934e+00 6.893146860713121753e-15 5.265191000000000074e-18
2.299342000000000219e+00 6.887056492532900011e-15 5.297849000000000382e-18
2.299738000000000060e+00 7.039027862602489900e-15 5.608083000000000052e-18
2.300133999999999901e+00 7.006248847127482146e-15 5.611595999999999888e-18
2.300530000000000186e+00 6.851158059808062487e-15 6.826909999999999984e-18
2.300926000000000027e+00 6.699632802189697078e-15 5.296090999999999655e-18
2.301321999999999868e+00 6.664467801980339458e-15 5.241388000000000171e-18
2.301718000000000153e+00 6.983230944167542997e-15 5.591169999999999963e-18
2.302113999999999994e+00 7.239581469870698325e-15 5.736566999999999899e-18
2.302509999999999835e+00 7.271445848601966714e-15 5.809045000000000046e-18
2.302906000000000120e+00 6.986583719929517786e-15 5.557277999999999651e-18
2.303301999999999961e+00 6.863433234870657372e-15 5.538309999999999768e-18
2.303697999999999801e+00 6.919732969651472958e-15 5.596489000000000204e-18
2.304094000000000086e+00 7.131898254491732288e-15 5.678036000000000283e-18
2.304489999999999927e+00 7.386539405802099200e-15 5.616312999999999738e-18
2.304886000000000212e+00 7.002182591124859688e-15 5.366103000000000358e-18
2.305282000000000053e+00 6.877230729852911951e-15 5.312845999999999841e-18
2.305677999999999894e+00 6.802105555802467589e-15 5.273336999999999938e-18
2.306074000000000179e+00 7.037683954280657938e-15 5.369327999999999815e-18
2.306470000000000020e+00 7.049677097921635832e-15 5.486746999999999637e-18
2.306865999999999861e+00 6.981307708593135459e-15 5.385437999999999801e-18
2.307262000000000146e+00 7.274273475720133701e-15 5.593680999999999780e-18
2.307657999999999987e+00 6.979944939143763545e-15 5.402554000000000165e-18
2.308053999999999828e+00 7.120044451801832868e-15 5.511547999999999972e-18
2.308450000000000113e+00 nan nan
2.308845999999999954e+00 nan nan
2.309241999999999795e+00 nan 1.435271999999999861e-17
2.309638000000000080e+00 7.231768176034353534e-15 9.255717000000000159e-18
2.310033999999999921e+00 6.837124818599794845e-15 7.193641999999999520e-18
2.310430000000000206e+00 7.126481371876925252e-15 6.409297000000000170e-18
2.310826000000000047e+00 nan nan
2.311221999999999888e+00 6.648006225535764759e-15 5.990054999999999825e-18
2.311618000000000173e+00 6.698830641972592362e-15 6.022391000000000174e-18
2.312014000000000014e+00 6.906128119014302137e-15 6.184761999999999693e-18
2.312409999999999854e+00 6.907352004422720414e-15 5.909919999999999904e-18
2.312806000000000139e+00 7.059527338383094128e-15 5.788961000000000331e-18
2.313201999999999980e+00 7.134129482263991275e-15 5.671057000000000006e-18
2.313597999999999821e+00 7.001214825929773496e-15 5.444326000000000007e-18
2.313994000000000106e+00 6.898713255173667573e-15 5.359774000000000151e-18
2.314389999999999947e+00 6.867615053028139873e-15 5.317674000000000197e-18
2.314785999999999788e+00 6.619482085423768636e-15 5.107335999999999923e-18
2.315182000000000073e+00 6.702080938367184206e-15 5.259529000000000111e-18
2.315577999999999914e+00 6.993993061543020726e-15 5.354950000000000152e-18
2.315974000000000199e+00 6.833297554933937308e-15 5.123830999999999926e-18
2.316370000000000040e+00 6.502792794999991711e-15 4.945794000000000139e-18
2.316765999999999881e+00 6.684978155848607997e-15 5.203626999999999713e-18
2.317162000000000166e+00 6.867477663140208890e-15 7.112730999999999412e-18
2.317558000000000007e+00 6.638862402254223212e-15 5.946630999999999893e-18
2.317953999999999848e+00 6.742789288452688964e-15 5.087383000000000195e-18
2.318350000000000133e+00 6.932570942395285012e-15 5.216310000000000249e-18
2.318745999999999974e+00 7.032628862734423290e-15 5.369119999999999669e-18
2.319141999999999815e+00 7.025540241195268756e-15 5.055718999999999961e-18
2.319538000000000100e+00 7.019128738355043929e-15 4.948309000000000314e-18
2.319933999999999941e+00 7.113512079351197716e-15 1.076753999999999964e-17
2.320329999999999782e+00 6.867628038827968340e-15 6.131301000000000159e-18
2.320726000000000067e+00 6.499015974674950238e-15 5.196247999999999808e-18
2.321121999999999908e+00 6.648249851887577630e-15 5.301288000000000137e-18
2.321518000000000193e+00 nan nan
2.321914000000000033e+00 nan nan
2.322309999999999874e+00 nan nan
2.322706000000000159e+00 5.839336340499747929e-15 6.737316000000000243e-18
2.323102000000000000e+00 5.497428707062009939e-15 6.563550000000000023e-18
2.323497999999999841e+00 nan 4.803660000000000369e-18
2.323894000000000126e+00 6.027482486082036548e-15 5.113048999999999640e-18
2.324289999999999967e+00 6.376930394120513959e-15 5.303369999999999846e-18
2.324685999999999808e+00 6.414128733970199863e-15 5.387039000000000136e-18
2.325082000000000093e+00 6.248419533891556514e-15 5.309593999999999698e-18
2.325477999999999934e+00 nan 5.340822999999999673e-18
2.325874000000000219e+00 nan 5.504718999999999652e-18
2.326270000000000060e+00 6.123259209144336157e-15 5.467211999999999994e-18
2.326665999999999901e+00 6.427687239853893327e-15 5.723166000000000135e-18
2.327062000000000186e+00 6.749955126369050574e-15 5.986120000000000315e-18
2.327458000000000027e+00 6.678136391556544783e-15 5.925117000000000332e-18
2.327853999999999868e+00 6.579330617484582353e-15 5.871499999999999919e-18
2.328250000000000153e+00 6.274625807003517300e-15 5.516665999999999731e-18
2.328645999999999994e+00 6.121723092065416766e-15 5.408650000000000105e-18
2.329041999999999835e+00 6.331918426172310452e-15 5.522191999999999836e-18
2.329438000000000120e+00 6.687215603020140396e-15 5.574772000000000368e-18
2.329833999999999961e+00 6.706322347893507142e-15 5.606834999999999949e-18
2.330229999999999801e+00 6.237811433884594091e-15 5.084792999999999657e-18
2.330626000000000086e+00 5.864815899961952905e-15 4.819071999999999836e-18
2.331021999999999927e+00 6.136901786641348632e-15 4.869601999999999675e-18
2.331418000000000212e+00 6.482040726558231996e-15 7.454909000000000520e-18
2.331814000000000053e+00 nan 1.059000999999999963e-17
2.332209999999999894e+00 6.514932748366610482e-15 4.957678000000000160e-18
2.332606000000000179e+00 6.783017352748837897e-15 5.074077000000000276e-18
2.333002000000000020e+00 6.661274006384103333e-15 5.069062999999999818e-18
2.333397999999999861e+00 6.629061230313450980e-15 4.982058999999999846e-18
2.333794000000000146e+00 6.434156615923820244e-15 4.964924999999999795e-18
2.334189999999999987e+00 6.406290063555767854e-15 4.759684000000000288e-18
2.334585999999999828e+00 6.297190249047656380e-15 4.693635000000000062e-18
2.334982000000000113e+00 6.296434770599030569e-15 4.955022000000000257e-18
2.335377999999999954e+00 6.244378156475325544e-15 4.939245000000000252e-18
2.335773999999999795e+00 6.272492563316830187e-15 4.844484000000000021e-18
2.336170000000000080e+00 6.695812378303609645e-15 5.046462999999999646e-18
2.336565999999999921e+00 6.543738447573736399e-15 4.978036999999999668e-18
2.336962000000000206e+00 6.360017245167318243e-15 4.883383000000000356e-18
2.337358000000000047e+00 6.501817065923142530e-15 4.958852000000000182e-18
2.337753999999999888e+00 6.528232332240682442e-15 4.884030000000000350e-18
2.338150000000000173e+00 6.451285749920385723e-15 4.886749000000000312e-18
2.338546000000000014e+00 6.282179894637366828e-15 4.838640999999999828e-18
2.338941999999999855e+00 6.201120430655189999e-15 4.709877999999999830e-18
2.339338000000000140e+00 6.225411729734972718e-15 4.843972000000000374e-18
2.339733999999999980e+00 6.345263660538219500e-15 5.405437000000000183e-18
2.340129999999999821e+00 6.162958672192610985e-15 5.654390000000000001e-18
2.340526000000000106e+00 6.226149021369108913e-15 5.846855999999999975e-18
2.340921999999999947e+00 6.442389923317128713e-15 5.734928999999999908e-18
2.341317999999999788e+00 nan nan
2.341714000000000073e+00 nan nan
2.342109999999999914e+00 6.633227335540714054e-15 5.987733999999999697e-18
2.342506000000000199e+00 6.851985972769858147e-15 5.801309999999999833e-18
2.342902000000000040e+00 6.766973062606933478e-15 5.706603000000000202e-18
2.343297999999999881e+00 6.541192256105772053e-15 5.551381999999999909e-18
2.343694000000000166e+00 6.339031823764382363e-15 5.403444999999999677e-18
2.344090000000000007e+00 6.289668348980115465e-15 5.187904000000000309e-18
2.344485999999999848e+00 6.131933291210297644e-15 4.688017999999999702e-18
2.344882000000000133e+00 5.860259316513513679e-15 4.351309000000000333e-18
2.345277999999999974e+00 5.774642388275828390e-15 4.297194000000000370e-18
2.345673999999999815e+00 6.289948888087986335e-15 4.454778999999999829e-18
2.346070000000000100e+00 6.772575882416467171e-15 4.492526000000000187e-18
2.346465999999999941e+00 6.749757459551253236e-15 4.329619999999999924e-18
2.346861999999999782e+00 6.509956961939235795e-15 4.208527000000000286e-18
2.347258000000000067e+00 6.469368393556433392e-15 4.154720999999999696e-18
2.347653999999999908e+00 6.526934326983145580e-15 4.159744000000000382e-18
2.348050000000000193e+00 6.656963928954146440e-15 4.713945999999999892e-18
2.348446000000000033e+00 6.625489430019702206e-15 4.263617000000000353e-18
2.348841999999999874e+00 6.690540019163040711e-15 4.225551000000000112e-18
2.349238000000000159e+00 6.472948336507989564e-15 4.303920000000000130e-18
2.349634000000000000e+00 6.115494970702200782e-15 4.866838999999999622e-18
2.350029999999999841e+00 6.667785237712171134e-15 8.829444000000000270e-18
2.350426000000000126e+00 nan nan
2.350821999999999967e+00 6.174416696244390665e-15 6.211581999999999678e-18
2.351217999999999808e+00 nan 6.615272999999999852e-18
2.351614000000000093e+00 nan nan
2.352009999999999934e+00 nan 5.922692999999999643e-18
2.352406000000000219e+00 5.644498168373828373e-15 4.169905000000000308e-18
2.352802000000000060e+00 5.147089640595564592e-15 4.009978999999999700e-18
2.353197999999999901e+00 5.340003839228447586e-15 4.093679999999999775e-18
2.353594000000000186e+00 5.603518567500411636e-15 4.122983999999999662e-18
2.353990000000000027e+00 5.567428937748159489e-15 3.983758000000000030e-18
2.354385999999999868e+00 5.692074040552688847e-15 4.047901000000000136e-18
2.354782000000000153e+00 5.940819830121303335e-15 4.084998999999999937e-18
2.355177999999999994e+00 6.117801688438523819e-15 4.236035999999999790e-18
2.355573999999999835e+00 6.131704839721320429e-15 4.220908999999999855e-18
2.355970000000000120e+00 5.927753613351899443e-15 4.115708000000000318e-18
2.356365999999999961e+00 5.832044992619625520e-15 4.008509000000000123e-18
2.356761999999999802e+00 6.120264759031461538e-15 4.175329000000000133e-18
2.357158000000000087e+00 6.225747873784467336e-15 4.267605999999999693e-18
2.357553999999999927e+00 6.233169559117459055e-15 4.340039999999999749e-18
2.357950000000000212e+00 6.138055087698852792e-15 4.305313999999999831e-18
2.358346000000000053e+00 5.918962695709563571e-15 4.239699000000000354e-18
2.358741999999999894e+00 5.622538889329756413e-15 4.048368000000000182e-18
2.359138000000000179e+00 5.740442317532821967e-15 4.144890999999999957e-18
2.359534000000000020e+00 6.063234830911421131e-15 4.933891999999999661e-18
2.359929999999999861e+00 6.497945808156907524e-15 5.199951999999999615e-18
2.360326000000000146e+00 6.212246113139860296e-15 5.012910000000000237e-18
2.360721999999999987e+00 6.007113634443020853e-15 4.801874000000000215e-18
2.361117999999999828e+00 6.038578538251834405e-15 4.695017000000000230e-18
2.361514000000000113e+00 5.831746813627964926e-15 4.259019999999999698e-18
2.361909999999999954e+00 5.846046622519117869e-15 4.317424999999999966e-18
2.362305999999999795e+00 5.999789083754314263e-15 4.589156999999999623e-18
2.362702000000000080e+00 6.048269696643027682e-15 4.824343999999999911e-18
2.363097999999999921e+00 5.986387112381205399e-15 4.761805000000000217e-18
2.363494000000000206e+00 6.030050929358358751e-15 4.651525999999999881e-18
2.363890000000000047e+00 6.219569589101544507e-15 4.893025000000000201e-18
2.364285999999999888e+00 6.140801756373670703e-15 5.504639999999999700e-18
2.364682000000000173e+00 6.158009435891269402e-15 6.023401999999999652e-18
2.365078000000000014e+00 6.217303327114117709e-15 6.392352000000000296e-18
2.365473999999999855e+00 6.187846534422196849e-15 5.824643000000000385e-18
2.365870000000000140e+00 6.337373748004048578e-15 5.771873999999999676e-18
2.366265999999999980e+00 6.352210544037501966e-15 5.889047000000000185e-18
2.366661999999999821e+00 6.205618406656579049e-15 5.496214000000000173e-18
2.367058000000000106e+00 6.086699139900181721e-15 5.334819000000000271e-18
2.367453999999999947e+00 5.618507440344386229e-15 5.000239000000000006e-18
2.367849999999999788e+00 5.397911966463190080e-15 4.938082000000000253e-18
2.368246000000000073e+00 5.967044951694642752e-15 5.306276000000000191e-18
2.368641999999999914e+00 5.963515025730461166e-15 5.194540000000000094e-18
2.369038000000000199e+00 6.017566822885854608e-15 5.177322999999999734e-18
2.369434000000000040e+00 6.278194099547719630e-15 5.384588999999999814e-18
2.369829999999999881e+00 6.245070678770855515e-15 5.300101000000000299e-18
2.370226000000000166e+00 6.004053961541883353e-15 5.095808000000000210e-18
2.370622000000000007e+00 nan 4.911440999999999934e-18
2.371017999999999848e+00 nan 4.851943000000000160e-18
2.371414000000000133e+00 5.991257028289162640e-15 5.491565000000000253e-18
2.371809999999999974e+00 6.340377187971525836e-15 6.087811000000000092e-18
2.372205999999999815e+00 6.487978246986995161e-15 6.409095000000000177e-18
2.372602000000000100e+00 6.251439640369357039e-15 5.546071000000000385e-18
2.372997999999999941e+00 6.080584296323617790e-15 5.517981000000000252e-18
2.373393999999999782e+00 6.155959848245502324e-15 5.830086999999999691e-18
2.373790000000000067e+00 6.159276749059234425e-15 5.785515999999999653e-18
2.374185999999999908e+00 6.022227939649444825e-15 5.759178000000000094e-18
2.374582000000000193e+00 6.138589646819354922e-15 6.098953000000000276e-18
2.374978000000000034e+00 6.195760163195290852e-15 6.476823999999999919e-18
2.375373999999999874e+00 6.043417703361141780e-15 6.716598999999999862e-18
2.375770000000000159e+00 5.985251619804082138e-15 7.800243999999999615e-18
2.376166000000000000e+00 6.024654985770199295e-15 9.520075000000000552e-18
2.376561999999999841e+00 5.831395653139010119e-15 9.762086000000000519e-18
2.376958000000000126e+00 5.749346319479785779e-15 1.047492000000000065e-17
2.377353999999999967e+00 6.107690302675057699e-15 1.321829000000000025e-17
2.377749999999999808e+00 6.278956299846548064e-15 1.707420000000000118e-17
2.378146000000000093e+00 nan nan
2.378541999999999934e+00 nan nan
2.378938000000000219e+00 nan nan
2.379334000000000060e+00 nan nan
2.379729999999999901e+00 nan nan
2.380126000000000186e+00 nan nan
2.380522000000000027e+00 nan nan
2.380917999999999868e+00 nan nan
2.381314000000000153e+00 nan nan
2.381709999999999994e+00 nan nan
2.382105999999999835e+00 nan nan
2.382502000000000120e+00 nan nan
2.382897999999999961e+00 nan nan
2.383293999999999802e+00 nan nan
2.383690000000000087e+00 nan nan
2.384085999999999927e+00 nan nan
2.384482000000000212e+00 nan nan
2.384878000000000053e+00 nan nan
2.385273999999999894e+00 nan nan
2.385670000000000179e+00 nan nan
2.386066000000000020e+00 nan nan
2.386461999999999861e+00 nan nan
2.386858000000000146e+00 nan nan
2.387253999999999987e+00 nan nan
2.387649999999999828e+00 nan nan
2.388046000000000113e+00 nan nan
2.388441999999999954e+00 nan nan
2.388837999999999795e+00 nan nan
2.389234000000000080e+00 nan nan
2.389629999999999921e+00 nan nan
2.390026000000000206e+00 nan nan
2.390422000000000047e+00 nan nan
2.390817999999999888e+00 nan nan
2.391214000000000173e+00 nan nan
2.391610000000000014e+00 nan nan
2.392005999999999855e+00 nan nan
2.392402000000000140e+00 nan nan
2.392797999999999981e+00 nan nan
2.393193999999999821e+00 nan nan
2.393590000000000106e+00 nan nan
2.393985999999999947e+00 nan nan
2.394381999999999788e+00 nan nan
2.394778000000000073e+00 nan nan
2.395173999999999914e+00 nan nan
2.395570000000000199e+00 nan nan
2.395966000000000040e+00 nan nan
2.396361999999999881e+00 nan nan
2.396758000000000166e+00 nan nan
2.397154000000000007e+00 nan nan
2.397549999999999848e+00 nan nan
2.397946000000000133e+00 nan nan
2.398341999999999974e+00 nan nan
2.398737999999999815e+00 nan nan
2.399134000000000100e+00 nan nan
2.399529999999999941e+00 nan nan
2.399925999999999782e+00 nan nan
2.400322000000000067e+00 nan nan
2.400717999999999908e+00 nan nan
2.401114000000000193e+00 nan nan
2.401510000000000034e+00 nan nan
2.401905999999999874e+00 nan nan
2.402302000000000159e+00 nan nan
2.402698000000000000e+00 nan nan
2.403093999999999841e+00 nan nan
2.403490000000000126e+00 nan nan
2.403885999999999967e+00 nan nan
2.404281999999999808e+00 nan nan
2.404678000000000093e+00 nan nan
2.405073999999999934e+00 nan nan
2.405470000000000219e+00 nan nan
2.405866000000000060e+00 nan nan
2.406261999999999901e+00 nan nan
2.406658000000000186e+00 nan nan
2.407054000000000027e+00 nan nan
2.407449999999999868e+00 nan nan
2.407846000000000153e+00 nan nan
2.408241999999999994e+00 nan nan
2.408637999999999835e+00 nan nan
2.409034000000000120e+00 nan nan
2.409429999999999961e+00 nan nan
2.409825999999999802e+00 nan nan
2.410222000000000087e+00 nan nan
2.410617999999999927e+00 nan nan
2.411014000000000213e+00 nan nan
2.411410000000000053e+00 nan nan
2.411805999999999894e+00 nan nan
2.412202000000000179e+00 nan nan
2.412598000000000020e+00 nan nan
2.412993999999999861e+00 nan nan
2.413390000000000146e+00 nan nan
2.413785999999999987e+00 nan nan
2.414181999999999828e+00 nan nan
2.414578000000000113e+00 nan nan
2.414973999999999954e+00 nan nan
2.415369999999999795e+00 nan nan
2.415766000000000080e+00 nan nan
2.416161999999999921e+00 nan nan
2.416558000000000206e+00 nan nan
2.416954000000000047e+00 nan nan
2.417349999999999888e+00 nan nan
2.417746000000000173e+00 nan nan
2.418142000000000014e+00 nan nan
2.418537999999999855e+00 nan nan
2.418934000000000140e+00 nan nan
2.419329999999999981e+00 nan nan
2.419725999999999821e+00 nan nan
2.420122000000000106e+00 nan nan
2.420517999999999947e+00 nan nan
2.420913999999999788e+00 nan nan
2.421310000000000073e+00 nan nan
2.421705999999999914e+00 nan nan
2.422102000000000199e+00 nan nan
2.422498000000000040e+00 nan nan
2.422893999999999881e+00 nan nan
2.423290000000000166e+00 nan nan
2.423686000000000007e+00 nan nan
2.424081999999999848e+00 nan nan
2.424478000000000133e+00 nan nan
2.424873999999999974e+00 nan nan
2.425269999999999815e+00 nan nan
2.425666000000000100e+00 nan nan
2.426061999999999941e+00 nan nan
2.426457999999999782e+00 nan nan
2.426854000000000067e+00 nan nan
2.427249999999999908e+00 nan nan
2.427646000000000193e+00 nan nan
2.428042000000000034e+00 nan nan
2.428437999999999874e+00 nan nan
2.428834000000000160e+00 nan nan
2.429230000000000000e+00 nan nan
2.429625999999999841e+00 nan nan
2.430022000000000126e+00 nan nan
2.430417999999999967e+00 nan nan
2.430813999999999808e+00 nan nan
2.431210000000000093e+00 nan nan
2.431605999999999934e+00 nan nan
2.432002000000000219e+00 nan nan
2.432398000000000060e+00 nan nan
2.432793999999999901e+00 nan nan
2.433190000000000186e+00 nan nan
2.433586000000000027e+00 nan nan
2.433981999999999868e+00 nan nan
2.434378000000000153e+00 nan nan
2.434773999999999994e+00 nan nan
2.435169999999999835e+00 nan nan
2.435566000000000120e+00 nan nan
2.435961999999999961e+00 nan nan
2.436357999999999802e+00 nan nan
2.436754000000000087e+00 nan nan
2.437149999999999928e+00 nan nan
2.437546000000000213e+00 nan nan
2.437942000000000053e+00 nan nan
2.438337999999999894e+00 nan nan
2.438734000000000179e+00 nan nan
2.439130000000000020e+00 nan nan
2.439525999999999861e+00 nan nan
2.439922000000000146e+00 nan nan
2.440317999999999987e+00 nan nan
2.440713999999999828e+00 nan nan
2.441110000000000113e+00 nan nan
2.441505999999999954e+00 nan nan
2.441901999999999795e+00 nan nan
2.442298000000000080e+00 nan nan
2.442693999999999921e+00 nan nan
2.443090000000000206e+00 nan nan
2.443486000000000047e+00 nan nan
2.443881999999999888e+00 nan nan
2.444278000000000173e+00 nan nan
2.444674000000000014e+00 nan nan
2.445069999999999855e+00 nan nan
2.445466000000000140e+00 nan nan
2.445861999999999981e+00 nan nan
2.446257999999999821e+00 nan nan
2.446654000000000106e+00 nan nan
2.447049999999999947e+00 nan nan
2.447445999999999788e+00 nan nan
2.447842000000000073e+00 nan nan
2.448237999999999914e+00 nan nan
2.448634000000000199e+00 nan nan
2.449030000000000040e+00 nan nan
2.449425999999999881e+00 nan nan
2.449822000000000166e+00 nan nan
2.450218000000000007e+00 nan nan
2.450613999999999848e+00 nan nan
2.451010000000000133e+00 nan nan
2.451405999999999974e+00 nan nan
2.451801999999999815e+00 nan nan
2.452198000000000100e+00 nan nan
2.452593999999999941e+00 nan nan
2.452989999999999782e+00 nan nan
2.453386000000000067e+00 nan nan
2.453781999999999908e+00 nan nan
2.454178000000000193e+00 nan nan
2.454574000000000034e+00 nan nan
2.454969999999999875e+00 nan nan
2.455366000000000160e+00 nan nan
2.455762000000000000e+00 nan nan
2.456157999999999841e+00 nan nan
2.456554000000000126e+00 nan nan
2.456949999999999967e+00 nan nan
2.457345999999999808e+00 nan nan
2.457742000000000093e+00 nan nan
2.458137999999999934e+00 nan nan
2.458534000000000219e+00 nan nan
2.458930000000000060e+00 nan nan
2.459325999999999901e+00 nan nan
2.459722000000000186e+00 nan nan
2.460118000000000027e+00 nan nan
2.460513999999999868e+00 nan nan
2.460910000000000153e+00 nan nan
2.461305999999999994e+00 nan nan
2.461701999999999835e+00 nan nan
2.462098000000000120e+00 nan nan
2.462493999999999961e+00 nan nan
2.462889999999999802e+00 nan nan
2.463286000000000087e+00 nan nan
2.463681999999999928e+00 nan nan
2.464078000000000213e+00 nan nan
2.464474000000000053e+00 nan nan
2.464869999999999894e+00 nan nan
2.465266000000000179e+00 nan nan
2.465662000000000020e+00 nan nan
2.466057999999999861e+00 nan nan
2.466454000000000146e+00 nan nan
2.466849999999999987e+00 nan nan
2.467245999999999828e+00 nan nan
2.467642000000000113e+00 nan nan
2.468037999999999954e+00 nan nan
2.468433999999999795e+00 nan nan
2.468830000000000080e+00 nan nan
2.469225999999999921e+00 nan nan
2.469622000000000206e+00 nan nan
2.470018000000000047e+00 nan nan
2.470413999999999888e+00 nan nan
2.470810000000000173e+00 nan nan
2.471206000000000014e+00 nan nan
2.471601999999999855e+00 nan nan
2.471998000000000140e+00 nan nan
2.472393999999999981e+00 nan nan
2.472789999999999822e+00 nan nan
2.473186000000000107e+00 nan nan
2.473581999999999947e+00 nan nan
2.473977999999999788e+00 nan nan
2.474374000000000073e+00 nan nan
2.474769999999999914e+00 nan nan
2.475166000000000199e+00 nan nan
2.475562000000000040e+00 nan nan
2.475957999999999881e+00 nan nan
2.476354000000000166e+00 nan nan
2.476750000000000007e+00 nan nan
2.477145999999999848e+00 nan nan
2.477542000000000133e+00 nan nan
2.477937999999999974e+00 nan nan
2.478333999999999815e+00 nan nan
2.478730000000000100e+00 nan nan
2.479125999999999941e+00 nan nan
2.479521999999999782e+00 nan nan
2.479918000000000067e+00 nan nan
2.480313999999999908e+00 nan nan
2.480710000000000193e+00 nan nan
2.481106000000000034e+00 nan nan
2.481501999999999875e+00 nan nan
2.481898000000000160e+00 nan nan
2.482294000000000000e+00 nan nan
2.482689999999999841e+00 nan nan
2.483086000000000126e+00 4.040687349715606449e-15 9.693259000000000631e-18
2.483481999999999967e+00 4.331122337712697443e-15 8.145125999999999533e-18
2.483877999999999808e+00 4.475898795612387433e-15 6.614996999999999777e-18
2.484274000000000093e+00 4.439184648995974557e-15 6.276630999999999678e-18
2.484669999999999934e+00 4.427309187688437866e-15 6.003657000000000070e-18
2.485066000000000219e+00 4.506276725146661990e-15 5.380556999999999896e-18
2.485462000000000060e+00 4.532273983540641105e-15 4.556049000000000215e-18
2.485857999999999901e+00 4.425081675906565466e-15 4.037101999999999675e-18
2.486254000000000186e+00 4.207907679687213297e-15 3.558069000000000076e-18
2.486650000000000027e+00 4.057326071387492657e-15 3.294115000000000055e-18
2.487045999999999868e+00 4.015006591474102129e-15 3.270840000000000077e-18
2.487442000000000153e+00 3.936576062068706946e-15 3.353000000000000185e-18
2.487837999999999994e+00 3.817666432544447401e-15 3.425342999999999986e-18
2.488233999999999835e+00 3.799398748441927529e-15 3.446265000000000051e-18
2.488630000000000120e+00 3.807640796796713874e-15 3.459353000000000085e-18
2.489025999999999961e+00 3.978836867001514016e-15 3.558859999999999874e-18
2.489421999999999802e+00 3.999041801981722789e-15 3.530594000000000151e-18
2.489818000000000087e+00 3.840859636319402132e-15 3.369862000000000134e-18
2.490213999999999928e+00 3.836552937965505494e-15 3.384024000000000090e-18
2.490610000000000213e+00 3.640685354018964343e-15 3.292005000000000149e-18
2.491006000000000054e+00 3.523002084426531524e-15 3.305756000000000069e-18
2.491401999999999894e+00 3.655322391181322328e-15 3.409196999999999856e-18
2.491798000000000179e+00 3.934557167996126356e-15 3.594480999999999663e-18
2.492194000000000020e+00 3.953776066475677963e-15 3.663818000000000175e-18
2.492589999999999861e+00 4.066661422058869611e-15 3.851305999999999835e-18
2.492986000000000146e+00 3.987382027455997880e-15 3.863986999999999807e-18
2.493381999999999987e+00 3.839998909853851169e-15 3.727278000000000144e-18
2.493777999999999828e+00 4.073864707445592891e-15 3.906526999999999890e-18
2.494174000000000113e+00 4.267033545173555306e-15 4.085967000000000377e-18
2.494569999999999954e+00 4.080488196363360394e-15 4.066206000000000132e-18
2.494965999999999795e+00 3.936056058146214960e-15 3.920080999999999687e-18
2.495362000000000080e+00 4.269438595914377814e-15 4.185515999999999693e-18
2.495757999999999921e+00 4.369936904918796170e-15 4.260550000000000028e-18
2.496154000000000206e+00 4.228522684990857732e-15 4.196037999999999797e-18
2.496550000000000047e+00 4.131968545252176974e-15 4.157109999999999753e-18
2.496945999999999888e+00 4.204885721162760029e-15 4.252409000000000034e-18
2.497342000000000173e+00 4.083859485506320270e-15 4.111053999999999757e-18
2.497738000000000014e+00 3.913865937210686225e-15 3.967108999999999711e-18
2.498133999999999855e+00 3.577155780327224140e-15 3.636054000000000359e-18
2.498530000000000140e+00 nan 5.488715000000000303e-18
2.498925999999999981e+00 3.879995076638935087e-15 9.900939999999999950e-18
2.499321999999999822e+00 3.929979294032549803e-15 9.840400000000000425e-18
2.499718000000000107e+00 3.920940099364306054e-15 3.754511999999999856e-18
2.500113999999999947e+00 3.940286272384875471e-15 3.584545000000000057e-18
2.500509999999999788e+00 3.877853657195705805e-15 3.630618000000000228e-18
2.500906000000000073e+00 3.679930451579767860e-15 3.397660999999999812e-18
2.501301999999999914e+00 3.970445340818756080e-15 3.607341000000000071e-18
2.501698000000000199e+00 4.159139905586353991e-15 3.739790000000000189e-18
2.502094000000000040e+00 4.018387739883080378e-15 3.627757999999999767e-18
2.502489999999999881e+00 4.066647562519466690e-15 3.693101999999999810e-18
2.502886000000000166e+00 4.108061405022957118e-15 3.720224000000000274e-18
2.503282000000000007e+00 3.699597629018730435e-15 3.506663999999999848e-18
2.503677999999999848e+00 3.538366447518255617e-15 3.383486000000000040e-18
2.504074000000000133e+00 3.775374109673311105e-15 3.538954000000000313e-18
2.504469999999999974e+00 3.735149881725129131e-15 3.530122999999999747e-18
2.504865999999999815e+00 3.614555718443123927e-15 3.432881000000000076e-18
2.505262000000000100e+00 3.700329763803739731e-15 3.514861999999999748e-18
2.505657999999999941e+00 3.647816535954288205e-15 3.526283000000000082e-18
2.506053999999999782e+00 3.348593609991581659e-15 3.366568000000000081e-18
2.506450000000000067e+00 3.332256080426228007e-15 3.377281000000000156e-18
2.506845999999999908e+00 3.523929800388752714e-15 3.482455000000000164e-18
2.507242000000000193e+00 3.696419173198087442e-15 3.574242999999999633e-18
2.507638000000000034e+00 3.828120483599330409e-15 3.641003999999999704e-18
2.508033999999999875e+00 3.837158563637189615e-15 3.662180000000000184e-18
2.508430000000000160e+00 3.805047187123868642e-15 3.644430999999999925e-18
2.508826000000000001e+00 4.045106462892102739e-15 3.729484000000000177e-18
2.509221999999999841e+00 4.056631450946433056e-15 3.797181000000000133e-18
2.509618000000000126e+00 3.902255007773718306e-15 3.702956999999999671e-18
2.510013999999999967e+00 3.958106355517263791e-15 3.996072999999999953e-18
2.510409999999999808e+00 3.816556980413057419e-15 3.695555000000000209e-18
2.510806000000000093e+00 3.655765140576054561e-15 3.640353000000000123e-18
2.511201999999999934e+00 3.635945877363061437e-15 3.719931000000000024e-18
2.511598000000000219e+00 3.774912256748458159e-15 3.850286000000000129e-18
2.511994000000000060e+00 3.699788426804498418e-15 3.753837999999999947e-18
2.512389999999999901e+00 3.642518714865972638e-15 3.715220000000000327e-18
2.512786000000000186e+00 3.604255909763164890e-15 3.686871999999999806e-18
2.513182000000000027e+00 3.635404835432278208e-15 3.685017000000000211e-18
2.513577999999999868e+00 3.642238452146135613e-15 3.666838999999999845e-18
2.513974000000000153e+00 3.856811048952340118e-15 3.729668999999999995e-18
2.514369999999999994e+00 3.889695202035139014e-15 3.721957999999999620e-18
2.514765999999999835e+00 3.630995901806266631e-15 3.497345000000000244e-18
2.515162000000000120e+00 3.281839047343770309e-15 3.316957999999999850e-18
2.515557999999999961e+00 3.184333390801456644e-15 3.264360999999999913e-18
2.515953999999999802e+00 3.503774843301351780e-15 3.412257000000000131e-18
2.516350000000000087e+00 3.785536288865466808e-15 3.572170000000000152e-18
2.516745999999999928e+00 4.081512878025525140e-15 3.614429000000000291e-18
2.517142000000000213e+00 4.324504134767951050e-15 3.662922000000000022e-18
2.517538000000000054e+00 4.099150268340788375e-15 3.581835999999999836e-18
2.517933999999999894e+00 nan nan
2.518330000000000179e+00 3.874195129246509854e-15 3.913624999999999850e-18
2.518726000000000020e+00 3.810661067975820076e-15 3.305708999999999903e-18
2.519121999999999861e+00 3.779757881483015999e-15 3.313740000000000057e-18
2.519518000000000146e+00 3.530715931733728770e-15 3.176926000000000039e-18
2.519913999999999987e+00 3.652162924476550590e-15 3.399561000000000164e-18
2.520309999999999828e+00 3.693246108875326254e-15 3.441299000000000042e-18
2.520706000000000113e+00 3.629919957710096568e-15 3.563781999999999793e-18
2.521101999999999954e+00 3.828400395472390002e-15 3.728629000000000037e-18
2.521497999999999795e+00 4.003078756967437819e-15 3.812660000000000018e-18
2.521894000000000080e+00 3.884167615610967841e-15 3.725402000000000016e-18
2.522289999999999921e+00 3.804622088739743726e-15 3.672767000000000142e-18
2.522686000000000206e+00 3.830010194266469061e-15 3.817188999999999973e-18
2.523082000000000047e+00 3.814420389651320417e-15 3.832868000000000057e-18
2.523477999999999888e+00 3.693165875444948287e-15 3.734925000000000177e-18
2.523874000000000173e+00 3.369826685897866472e-15 3.505301999999999931e-18
2.524270000000000014e+00 3.208109649813318871e-15 3.569175000000000115e-18
2.524665999999999855e+00 3.455320584306927123e-15 3.884687000000000012e-18
2.525062000000000140e+00 3.703339575554159817e-15 3.828883999999999817e-18
2.525457999999999981e+00 3.638446557642312890e-15 3.459661999999999842e-18
2.525853999999999822e+00 3.579864894371335901e-15 3.316399000000000036e-18
2.526250000000000107e+00 3.664010369235285422e-15 4.837231000000000234e-18
2.526645999999999948e+00 3.848929684907522689e-15 3.417975000000000103e-18
2.527041999999999788e+00 3.881029375093317503e-15 3.428260999999999865e-18
2.527438000000000073e+00 3.532146054307082661e-15 3.251660000000000076e-18
2.527833999999999914e+00 3.269015858589832614e-15 3.056714000000000173e-18
2.528230000000000199e+00 3.308020211228186242e-15 3.075442000000000125e-18
2.528626000000000040e+00 3.447521555245085451e-15 3.215838000000000190e-18
2.529021999999999881e+00 3.434894028009167267e-15 3.165838999999999968e-18
2.529418000000000166e+00 3.469389462074304086e-15 3.204310999999999990e-18
2.529814000000000007e+00 3.669039299219315919e-15 3.338835000000000153e-18
2.530209999999999848e+00 3.823204602491682883e-15 3.399091999999999940e-18
2.530606000000000133e+00 3.948910381399952437e-15 3.382030000000000176e-18
2.531001999999999974e+00 3.892033293269671131e-15 3.342007999999999959e-18
2.531397999999999815e+00 3.779762191480905809e-15 7.742229999999999517e-18
2.531794000000000100e+00 3.705737187997410974e-15 3.756414999999999899e-18
2.532189999999999941e+00 4.000007136211119819e-15 3.453857999999999868e-18
2.532585999999999782e+00 3.926189360782497284e-15 3.350001000000000175e-18
2.532982000000000067e+00 3.572138093462397336e-15 3.196473999999999883e-18
2.533377999999999908e+00 3.503115975276660964e-15 3.159489999999999895e-18
2.533774000000000193e+00 3.791008222681564196e-15 3.309821999999999952e-18
2.534170000000000034e+00 4.030194518376782307e-15 3.464161000000000190e-18
2.534565999999999875e+00 3.884724126008997856e-15 3.398282000000000173e-18
2.534962000000000160e+00 3.598759817676826880e-15 3.248904000000000073e-18
2.535358000000000001e+00 nan 4.459769999999999959e-18
2.535753999999999841e+00 3.270026806088410907e-15 3.541826999999999820e-18
2.536150000000000126e+00 3.219305290213201793e-15 3.210465000000000119e-18
2.536545999999999967e+00 3.369188093729293559e-15 3.915237000000000208e-18
2.536941999999999808e+00 3.498836156889301135e-15 4.715675999999999651e-18
2.537338000000000093e+00 3.362907497431237073e-15 3.377701000000000035e-18
2.537733999999999934e+00 3.432185385998198465e-15 3.221921999999999826e-18
2.538130000000000219e+00 3.710326600828769679e-15 3.317230999999999848e-18
2.538526000000000060e+00 3.930601571883581450e-15 3.496056999999999639e-18
2.538921999999999901e+00 3.617974477606577751e-15 3.387252000000000009e-18
2.539318000000000186e+00 3.372327501121357267e-15 3.290832000000000024e-18
2.539714000000000027e+00 3.395868035770505746e-15 3.373560000000000174e-18
2.540109999999999868e+00 3.490975094856274547e-15 3.421183000000000156e-18
2.540506000000000153e+00 3.360535248232563493e-15 3.368416000000000011e-18
2.540901999999999994e+00 3.245931499503950849e-15 3.256889999999999855e-18
2.541297999999999835e+00 3.497562909241206379e-15 3.401136000000000096e-18
2.541694000000000120e+00 3.661887242698563521e-15 3.518997000000000227e-18
2.542089999999999961e+00 3.705905350241516424e-15 3.598324999999999687e-18
2.542485999999999802e+00 3.769333188691667359e-15 4.114558999999999647e-18
2.542882000000000087e+00 3.461910668856634233e-15 3.856609999999999696e-18
2.543277999999999928e+00 3.294214260841074781e-15 3.828047999999999647e-18
2.543674000000000213e+00 3.347217531485387256e-15 3.962219000000000348e-18
2.544070000000000054e+00 3.365652444504035384e-15 3.962331999999999879e-18
2.544465999999999894e+00 3.527022832613202479e-15 4.070968999999999866e-18
2.544862000000000180e+00 3.774910771144416588e-15 5.193419999999999903e-18
2.545258000000000020e+00 nan nan
2.545653999999999861e+00 3.692044182679162512e-15 4.072745999999999791e-18
2.546050000000000146e+00 3.605566864852073302e-15 3.460950000000000061e-18
2.546445999999999987e+00 3.672585236680613782e-15 3.518293000000000327e-18
2.546841999999999828e+00 3.615303586153679434e-15 3.473722000000000289e-18
2.547238000000000113e+00 3.625593986336663158e-15 3.419924000000000030e-18
2.547633999999999954e+00 3.809816186060980788e-15 3.559187999999999985e-18
2.548029999999999795e+00 3.749782071767735906e-15 3.601139999999999775e-18
2.548426000000000080e+00 3.508358758348717999e-15 3.488084000000000059e-18
2.548821999999999921e+00 3.343847098304493981e-15 3.476935000000000212e-18
2.549218000000000206e+00 3.263932740268530291e-15 3.359890999999999897e-18
2.549614000000000047e+00 3.531124503288848732e-15 4.109399999999999874e-18
2.550009999999999888e+00 3.465141331879360028e-15 4.307413999999999997e-18
2.550406000000000173e+00 3.470233400986547640e-15 4.375554999999999672e-18
2.550802000000000014e+00 nan nan
2.551197999999999855e+00 nan nan
2.551594000000000140e+00 nan nan
2.551989999999999981e+00 3.779932517998664824e-15 3.770006999999999633e-18
2.552385999999999822e+00 3.462676783223496167e-15 3.490537999999999969e-18
2.552782000000000107e+00 3.316582005187749664e-15 3.608702999999999987e-18
2.553177999999999948e+00 3.269243519809500353e-15 3.673469000000000248e-18
2.553573999999999788e+00 3.487523232522716165e-15 3.770197000000000092e-18
2.553970000000000073e+00 3.764092107842670931e-15 3.850844999999999942e-18
2.554365999999999914e+00 3.891991232207460140e-15 3.863527999999999708e-18
2.554762000000000199e+00 3.805797688916460948e-15 3.776671999999999898e-18
2.555158000000000040e+00 3.482503681136029336e-15 3.589654000000000359e-18
2.555553999999999881e+00 3.396456624103482251e-15 3.587049999999999722e-18
2.555950000000000166e+00 3.535170010517101687e-15 3.887095000000000038e-18
2.556346000000000007e+00 3.395673764217784387e-15 3.994106999999999851e-18
2.556741999999999848e+00 3.456053068634579258e-15 4.107420999999999955e-18
2.557138000000000133e+00 3.586332893911371469e-15 4.212597999999999654e-18
2.557533999999999974e+00 3.575170172299030231e-15 4.143770000000000254e-18
2.557929999999999815e+00 3.591333812857159562e-15 4.187333999999999632e-18
2.558326000000000100e+00 3.604870911623555000e-15 4.200230000000000183e-18
2.558721999999999941e+00 3.721173806387509089e-15 4.338996000000000204e-18
2.559117999999999782e+00 3.607958121776206217e-15 4.109096999999999884e-18
2.559514000000000067e+00 3.446839904232554137e-15 3.883022999999999618e-18
2.559909999999999908e+00 3.319960061205297424e-15 3.797465000000000154e-18
2.560306000000000193e+00 3.240421213663507204e-15 3.864458999999999722e-18
2.560702000000000034e+00 3.259621338043938190e-15 3.948795999999999769e-18
2.561097999999999875e+00 3.179836832038290553e-15 3.874093999999999902e-18
2.561494000000000160e+00 3.313126312087513440e-15 4.180983999999999661e-18
2.561890000000000001e+00 3.619834516008420881e-15 4.601923999999999981e-18
2.562285999999999841e+00 3.557029919147581511e-15 4.542189999999999864e-18
2.562682000000000127e+00 3.240458299595908874e-15 4.893110999999999817e-18
2.563077999999999967e+00 3.225510752062880033e-15 5.058870999999999619e-18
2.563473999999999808e+00 3.370223426499479371e-15 5.249770000000000378e-18
2.563870000000000093e+00 3.530280543545556784e-15 5.418675000000000173e-18
2.564265999999999934e+00 3.514806970291606148e-15 4.952137999999999957e-18
2.564662000000000219e+00 3.362628428328794091e-15 4.604537000000000076e-18
2.565058000000000060e+00 3.481722900201719990e-15 4.802565999999999810e-18
2.565453999999999901e+00 3.530960113432412359e-15 4.774396000000000214e-18
2.565850000000000186e+00 3.389585269983873697e-15 4.577316999999999693e-18
2.566246000000000027e+00 3.157425472767173126e-15 4.287720000000000170e-18
2.566641999999999868e+00 3.209764659479720857e-15 4.372634999999999999e-18
2.567038000000000153e+00 3.237757696908601628e-15 4.279983999999999674e-18
2.567433999999999994e+00 3.299877829478472505e-15 3.883664999999999742e-18
2.567829999999999835e+00 3.439954762114591105e-15 3.687640000000000047e-18
2.568226000000000120e+00 3.475442675311368762e-15 3.452921000000000087e-18
2.568621999999999961e+00 3.385679370688421497e-15 3.285268999999999879e-18
2.569017999999999802e+00 3.289612821223793555e-15 3.206565999999999983e-18
2.569414000000000087e+00 3.174910839358854876e-15 3.055720999999999997e-18
2.569809999999999928e+00 3.099520248633080637e-15 3.010405000000000045e-18
2.570206000000000213e+00 3.394368393369701662e-15 3.138730999999999989e-18
2.570602000000000054e+00 3.778155636648374402e-15 3.255358000000000116e-18
2.570997999999999895e+00 4.066910541329735845e-15 3.421615999999999852e-18
2.571394000000000180e+00 4.128694430209422487e-15 3.554161999999999993e-18
2.571790000000000020e+00 3.989828488166773898e-15 3.491295999999999700e-18
2.572185999999999861e+00 3.881763740279331217e-15 3.493073999999999907e-18
2.572582000000000146e+00 3.818285868130399577e-15 3.378310999999999988e-18
2.572977999999999987e+00 3.704892851667987631e-15 3.320887999999999874e-18
2.573373999999999828e+00 3.446878638183213065e-15 3.198832000000000051e-18
2.573770000000000113e+00 3.334293167225131883e-15 3.192218999999999823e-18
2.574165999999999954e+00 3.388768568291445117e-15 3.514116999999999834e-18
2.574561999999999795e+00 3.353175067592382602e-15 3.154238999999999968e-18
2.574958000000000080e+00 3.281753989883205397e-15 3.129244999999999869e-18
2.575353999999999921e+00 3.270578602871821544e-15 3.118336999999999849e-18
2.575750000000000206e+00 3.199382827425183858e-15 3.141150999999999934e-18
2.576146000000000047e+00 3.124994187728518763e-15 3.165999000000000051e-18
2.576541999999999888e+00 3.176586385542304867e-15 3.175066000000000189e-18
2.576938000000000173e+00 3.205023677519116359e-15 3.118956000000000031e-18
2.577334000000000014e+00 3.118526839055704297e-15 3.127522000000000159e-18
2.577729999999999855e+00 3.139765707018763019e-15 4.522579000000000346e-18
2.578126000000000140e+00 3.115627047225287318e-15 3.059950000000000038e-18
2.578521999999999981e+00 3.168356443390217624e-15 3.076416999999999844e-18
2.578917999999999822e+00 3.339901545605781096e-15 3.165715000000000030e-18
2.579314000000000107e+00 3.554898177175237969e-15 3.261006999999999877e-18
2.579709999999999948e+00 3.836018994926119769e-15 3.375629999999999964e-18
2.580105999999999788e+00 4.016556404353425728e-15 3.488865999999999628e-18
2.580502000000000073e+00 3.918921188540358016e-15 3.458270999999999831e-18
2.580897999999999914e+00 3.646351211646272597e-15 3.325277999999999895e-18
2.581294000000000199e+00 3.406128545080839169e-15 3.193377999999999849e-18
2.581690000000000040e+00 nan nan
2.582085999999999881e+00 3.518665218351055995e-15 3.820433000000000169e-18
2.582482000000000166e+00 3.529810443169748806e-15 3.226056999999999920e-18
2.582878000000000007e+00 3.279267485660967024e-15 3.122938999999999989e-18
2.583273999999999848e+00 3.179364562442499951e-15 3.101799999999999935e-18
2.583670000000000133e+00 3.367714303808232000e-15 3.246519999999999886e-18
2.584065999999999974e+00 3.576433397529979275e-15 3.388784000000000133e-18
2.584461999999999815e+00 3.648832028406498802e-15 3.642688999999999861e-18
2.584858000000000100e+00 3.506162401654872923e-15 3.733855000000000228e-18
2.585253999999999941e+00 3.456659930278221044e-15 3.539726999999999654e-18
2.585649999999999782e+00 3.707545611039547557e-15 3.861340999999999644e-18
2.586046000000000067e+00 3.882177255518100972e-15 3.799718999999999865e-18
2.586441999999999908e+00 3.892053231166323765e-15 3.706309999999999810e-18
2.586838000000000193e+00 3.713514364373307471e-15 3.490383000000000142e-18
2.587234000000000034e+00 3.315334496013951472e-15 3.237016000000000079e-18
2.587629999999999875e+00 3.233037775417940656e-15 3.147025999999999913e-18
2.588026000000000160e+00 3.356398781563794562e-15 3.229410999999999956e-18
2.588422000000000001e+00 3.391606901130709114e-15 3.197827999999999853e-18
2.588817999999999842e+00 3.508502471847006250e-15 3.286265000000000132e-18
2.589214000000000127e+00 3.504852969921770245e-15 3.172177999999999916e-18
2.589609999999999967e+00 3.381598626386016990e-15 3.073060000000000117e-18
2.590005999999999808e+00 3.421422205074947196e-15 3.105684999999999972e-18
2.590402000000000093e+00 3.441613145751319166e-15 3.228961000000000086e-18
2.590797999999999934e+00 3.452389833763993512e-15 3.225548999999999861e-18
2.591194000000000219e+00 3.563666824538003180e-15 3.316966000000000181e-18
2.591590000000000060e+00 3.652114467019824785e-15 3.272098999999999817e-18
2.591985999999999901e+00 3.617265466457102349e-15 3.315237999999999831e-18
2.592382000000000186e+00 3.411714271838702237e-15 3.196820999999999963e-18
2.592778000000000027e+00 3.206135329427709144e-15 4.063001999999999668e-18
2.593173999999999868e+00 3.178844944795269786e-15 4.057132000000000330e-18
2.593570000000000153e+00 3.358203856792089353e-15 3.142017999999999993e-18
2.593965999999999994e+00 3.499253214158692098e-15 3.236845999999999871e-18
2.594361999999999835e+00 3.315683826849101767e-15 3.161372000000000175e-18
2.594758000000000120e+00 3.174419980431103829e-15 3.127942000000000038e-18
2.595153999999999961e+00 3.352958685305639224e-15 3.273414999999999849e-18
2.595549999999999802e+00 3.488136155921762884e-15 3.420159999999999988e-18
2.595946000000000087e+00 3.448729901866169936e-15 3.330123999999999938e-18
2.596341999999999928e+00 3.437098939259992435e-15 3.265743999999999977e-18
2.596738000000000213e+00 3.528154417291001897e-15 3.338760000000000175e-18
2.597134000000000054e+00 3.468994639058401763e-15 3.428730000000000090e-18
2.597529999999999895e+00 3.147473960686264734e-15 3.389581999999999980e-18
2.597926000000000180e+00 2.984798208881878249e-15 3.346001000000000042e-18
2.598322000000000020e+00 3.136993158330669688e-15 3.348420000000000091e-18
2.598717999999999861e+00 3.470291065798230243e-15 3.584671000000000175e-18
2.599114000000000146e+00 3.579614867828585133e-15 3.731972999999999948e-18
2.599509999999999987e+00 3.524476053159600477e-15 3.684801999999999631e-18
2.599905999999999828e+00 3.673105461360570759e-15 3.817930999999999811e-18
2.600302000000000113e+00 3.746124337350842010e-15 3.850852999999999889e-18
2.600697999999999954e+00 3.618840736087306033e-15 3.717038000000000266e-18
2.601093999999999795e+00 3.409764477702983767e-15 3.613394000000000203e-18
2.601490000000000080e+00 3.084326532415782394e-15 3.375095999999999886e-18
2.601885999999999921e+00 3.156478601729163602e-15 3.361599999999999893e-18
2.602282000000000206e+00 3.607778371115415322e-15 3.705915000000000052e-18
2.602678000000000047e+00 3.711757546789173449e-15 3.615423999999999876e-18
2.603073999999999888e+00 3.581694843052115409e-15 3.475764999999999778e-18
2.603470000000000173e+00 3.487991353897211362e-15 3.412550999999999892e-18
2.603866000000000014e+00 3.474415798502443940e-15 3.363226999999999861e-18
2.604261999999999855e+00 3.228504643052260077e-15 3.167221000000000135e-18
2.604658000000000140e+00 3.254403078876972514e-15 3.248306999999999937e-18
2.605053999999999981e+00 3.443190594290655620e-15 3.361571000000000184e-18
2.605449999999999822e+00 3.473224856569681322e-15 3.351584999999999950e-18
2.605846000000000107e+00 3.401571440926046882e-15 3.242361999999999850e-18
2.606241999999999948e+00 3.499819941720997244e-15 3.329877999999999855e-18
2.606637999999999789e+00 3.608006005155885974e-15 4.028998999999999619e-18
2.607034000000000074e+00 3.761349584804787246e-15 4.357711000000000339e-18
2.607429999999999914e+00 3.565631121855546113e-15 3.507803000000000008e-18
2.607826000000000199e+00 3.244272565323687469e-15 3.365378000000000167e-18
2.608222000000000040e+00 3.148647719693189524e-15 3.410340999999999886e-18
2.608617999999999881e+00 3.071516707124469929e-15 3.446421000000000160e-18
2.609014000000000166e+00 3.227501409461957644e-15 3.549462999999999831e-18
2.609410000000000007e+00 3.286244835217193372e-15 3.579995999999999852e-18
2.609805999999999848e+00 3.245170766931038898e-15 3.939101999999999888e-18
2.610202000000000133e+00 3.467104229114846297e-15 4.733140999999999889e-18
2.610597999999999974e+00 3.736884291319544309e-15 5.588504999999999831e-18
2.610993999999999815e+00 3.766189847746837137e-15 6.071611000000000132e-18
2.611390000000000100e+00 3.711045475359245925e-15 6.484153999999999864e-18
2.611785999999999941e+00 3.731649575229145832e-15 7.738529000000000556e-18
2.612181999999999782e+00 3.719938915766297565e-15 6.637683999999999847e-18
2.612578000000000067e+00 3.589401409872482263e-15 6.414181000000000152e-18
2.612973999999999908e+00 3.459162539317144964e-15 6.212305999999999829e-18
2.613370000000000193e+00 3.473350220818804770e-15 6.264983000000000000e-18
2.613766000000000034e+00 3.524600243141450094e-15 6.384211000000000303e-18
2.614161999999999875e+00 3.496760449422579026e-15 5.924314000000000230e-18
2.614558000000000160e+00 3.472816672873530868e-15 5.479392999999999853e-18
2.614954000000000001e+00 3.470340283347262104e-15 4.483604000000000136e-18
2.615349999999999842e+00 3.553831181993678886e-15 3.989850999999999894e-18
2.615746000000000127e+00 3.639666264421055886e-15 3.969286000000000035e-18
2.616141999999999967e+00 3.551391964436656234e-15 3.736986000000000123e-18
2.616537999999999808e+00 3.410386628360829870e-15 3.591261000000000076e-18
2.616934000000000093e+00 3.441973891588196194e-15 3.588127999999999617e-18
2.617329999999999934e+00 3.489743467771319192e-15 3.600864999999999983e-18
2.617726000000000219e+00 3.289643672977920409e-15 3.387476000000000047e-18
2.618122000000000060e+00 3.187945534768928519e-15 3.288539000000000093e-18
2.618517999999999901e+00 3.228757305438101913e-15 3.450281999999999973e-18
2.618914000000000186e+00 3.270611525076567068e-15 3.424101999999999932e-18
2.619310000000000027e+00 3.400176077894485554e-15 3.497044000000000048e-18
2.619705999999999868e+00 nan 3.597074000000000278e-18
2.620102000000000153e+00 3.491508882936649513e-15 3.579680000000000045e-18
2.620497999999999994e+00 3.416108935813261558e-15 3.525456000000000140e-18
2.620893999999999835e+00 3.527112872501445698e-15 3.807106999999999998e-18
2.621290000000000120e+00 3.598385095722187741e-15 3.971323000000000142e-18
2.621685999999999961e+00 3.450390068478025443e-15 3.915507000000000130e-18
2.622081999999999802e+00 3.388128127328808147e-15 4.009809000000000262e-18
2.622478000000000087e+00 3.413789820084617396e-15 4.132796999999999996e-18
2.622873999999999928e+00 3.427518180914750939e-15 4.194555999999999916e-18
2.623270000000000213e+00 3.569654931535073459e-15 4.864376999999999766e-18
2.623666000000000054e+00 3.610214560334778283e-15 5.423783000000000193e-18
2.624061999999999895e+00 3.457066574464246903e-15 5.247485999999999905e-18
2.624458000000000180e+00 3.527627756523815496e-15 5.390908999999999793e-18
2.624854000000000021e+00 3.568955102463542015e-15 6.072622000000000381e-18
2.625249999999999861e+00 3.452367549620125388e-15 6.947116999999999979e-18
2.625646000000000146e+00 3.351947427970067655e-15 6.915749000000000070e-18
2.626041999999999987e+00 3.286553353049315320e-15 6.779886000000000318e-18
2.626437999999999828e+00 3.231184035241977404e-15 6.642061000000000051e-18
2.626834000000000113e+00 3.315206850767344980e-15 6.800190999999999995e-18
2.627229999999999954e+00 3.403406259323477326e-15 6.910611000000000059e-18
2.627625999999999795e+00 3.415534817250051815e-15 6.845164999999999737e-18
2.628022000000000080e+00 3.514922026829796357e-15 5.899263999999999735e-18
2.628417999999999921e+00 3.557126657038861585e-15 3.717502000000000235e-18
2.628814000000000206e+00 3.473147688936600181e-15 3.271555000000000000e-18
2.629210000000000047e+00 3.537930469726651213e-15 3.218375999999999922e-18
2.629605999999999888e+00 3.562493101025386121e-15 3.155746999999999868e-18
2.630002000000000173e+00 3.465184787747658897e-15 3.098642000000000125e-18
2.630398000000000014e+00 3.283682989415846130e-15 2.979936999999999877e-18
2.630793999999999855e+00 3.416651185498113790e-15 3.071288999999999959e-18
2.631190000000000140e+00 3.531726566380215621e-15 3.033272999999999960e-18
2.631585999999999981e+00 3.480079369879370600e-15 4.447677000000000281e-18
2.631981999999999822e+00 3.419351267156327624e-15 4.301504000000000157e-18
2.632378000000000107e+00 3.455216192448071713e-15 3.050204000000000121e-18
2.632773999999999948e+00 3.624361036208893247e-15 3.122269000000000053e-18
2.633169999999999789e+00 3.544200195935102946e-15 3.024180000000000189e-18
2.633566000000000074e+00 3.403275306927361935e-15 2.947196999999999926e-18
2.633961999999999914e+00 3.199680143653023093e-15 2.890700999999999854e-18
2.634358000000000199e+00 2.987492602487061381e-15 2.779007999999999950e-18
2.634754000000000040e+00 3.086520627169299446e-15 2.784785000000000008e-18
2.635149999999999881e+00 3.407366210995724965e-15 3.377200000000000026e-18
2.635546000000000166e+00 3.589720002351528373e-15 6.593718000000000277e-18
2.635942000000000007e+00 3.445230702513387410e-15 6.347415000000000210e-18
2.636337999999999848e+00 3.358858342896723490e-15 2.934164000000000005e-18
2.636734000000000133e+00 3.511387782449788663e-15 3.067477000000000106e-18
2.637129999999999974e+00 3.575850466947209892e-15 3.143599000000000077e-18
2.637525999999999815e+00 3.632037809370007149e-15 3.146194999999999998e-18
2.637922000000000100e+00 3.709606041378909798e-15 3.229664999999999986e-18
2.638317999999999941e+00 3.547009903165872010e-15 3.044150000000000091e-18
2.638713999999999782e+00 3.445078861228079893e-15 2.956889999999999910e-18
2.639110000000000067e+00 3.571604282751287218e-15 3.035748999999999916e-18
2.639505999999999908e+00 3.716295320874656741e-15 3.078662000000000097e-18
2.639902000000000193e+00 3.669529664990415688e-15 3.058671000000000047e-18
2.640298000000000034e+00 3.404418210874812168e-15 2.973582999999999934e-18
2.640693999999999875e+00 3.150866906012080562e-15 2.907127000000000031e-18
2.641090000000000160e+00 3.185666704309139044e-15 2.932073000000000068e-18
2.641486000000000001e+00 3.274254254440790239e-15 3.057331000000000176e-18
2.641881999999999842e+00 3.226940135140788703e-15 3.012974999999999947e-18
2.642278000000000127e+00 3.250898609564501335e-15 2.975594000000000023e-18
2.642673999999999968e+00 3.410404077120588685e-15 3.012219000000000011e-18
2.643069999999999808e+00 3.453789786059521547e-15 2.989090000000000016e-18
2.643466000000000093e+00 3.443337868001277765e-15 3.023067000000000047e-18
2.643861999999999934e+00 3.377424935978164905e-15 3.057138999999999923e-18
2.644258000000000219e+00 3.397789722483535672e-15 3.143943000000000081e-18
2.644654000000000060e+00 3.569289620618364529e-15 3.259308999999999903e-18
2.645049999999999901e+00 3.519551577675656723e-15 3.238774000000000035e-18
2.645446000000000186e+00 3.281193822872058829e-15 3.773840999999999917e-18
2.645842000000000027e+00 3.126270287285254473e-15 2.923402999999999866e-18
2.646237999999999868e+00 nan 3.268018999999999836e-18
2.646634000000000153e+00 3.327286016059220501e-15 2.923047999999999840e-18
2.647029999999999994e+00 3.383909829806537215e-15 2.877035000000000037e-18
2.647425999999999835e+00 3.394868697943453148e-15 2.840316999999999999e-18
2.647822000000000120e+00 3.337242152217518945e-15 2.833701000000000080e-18
2.648217999999999961e+00 3.335036420377012509e-15 2.833638999999999918e-18
2.648613999999999802e+00 3.449748002672299116e-15 2.901663999999999985e-18
2.649010000000000087e+00 3.510063350999969031e-15 2.958960000000000085e-18
2.649405999999999928e+00 nan nan
2.649802000000000213e+00 3.444350555779839440e-15 4.007120000000000291e-18
2.650198000000000054e+00 3.457175598650320035e-15 2.897126000000000187e-18
2.650593999999999895e+00 3.441831988925059670e-15 2.911734000000000040e-18
2.650990000000000180e+00 3.458135166809238982e-15 2.917108000000000009e-18
2.651386000000000021e+00 3.443679455655664186e-15 2.881287000000000021e-18
2.651781999999999861e+00 3.407045053270527499e-15 2.882486000000000163e-18
2.652178000000000146e+00 3.350342108562786091e-15 2.930728999999999838e-18
2.652573999999999987e+00 nan nan
2.652969999999999828e+00 3.477153773090410935e-15 2.993734000000000066e-18
2.653366000000000113e+00 3.645358794796757043e-15 3.103458000000000177e-18
2.653761999999999954e+00 3.656888499758074919e-15 3.045974000000000183e-18
2.654157999999999795e+00 3.651982975296334109e-15 3.016183999999999897e-18
2.654554000000000080e+00 3.506245744371060632e-15 2.934152999999999983e-18
2.654949999999999921e+00 3.387075721461770487e-15 2.845929000000000104e-18
2.655346000000000206e+00 3.383753612417608557e-15 2.853016999999999939e-18
2.655742000000000047e+00 3.406562054241476225e-15 2.851983000000000134e-18
2.656137999999999888e+00 3.609674197589091362e-15 2.951766999999999895e-18
2.656534000000000173e+00 3.596520031318652305e-15 2.958045999999999860e-18
2.656930000000000014e+00 3.606668044575680642e-15 2.929852999999999936e-18
2.657325999999999855e+00 3.784936393083072128e-15 3.047408000000000001e-18
2.657722000000000140e+00 3.795668596583264212e-15 3.078285999999999923e-18
2.658117999999999981e+00 3.735079196356836111e-15 2.947778000000000170e-18
2.658513999999999822e+00 3.751352567228151865e-15 2.982355000000000028e-18
2.658910000000000107e+00 3.793080152515259005e-15 2.975777999999999944e-18
2.659305999999999948e+00 3.652161194342908398e-15 2.906447999999999867e-18
2.659701999999999789e+00 3.430770942751135606e-15 2.841521999999999909e-18
2.660098000000000074e+00 3.291468662138897009e-15 2.784759999999999887e-18
2.660493999999999915e+00 3.138201491118551636e-15 2.670621999999999917e-18
2.660890000000000200e+00 3.300101922502749743e-15 2.760766000000000013e-18
2.661286000000000040e+00 3.583040201734871485e-15 2.909116999999999972e-18
2.661681999999999881e+00 3.753991247266976266e-15 3.091133000000000129e-18
2.662078000000000166e+00 3.843549282437566825e-15 2.992604000000000135e-18
2.662474000000000007e+00 3.876578306946053473e-15 3.685014999999999647e-18
2.662869999999999848e+00 3.832438008465559017e-15 3.184285000000000078e-18
2.663266000000000133e+00 3.643406902816366295e-15 3.126379000000000026e-18
2.663661999999999974e+00 3.505227270123557767e-15 3.205536000000000151e-18
2.664057999999999815e+00 3.405609818799773147e-15 3.406707000000000188e-18
2.664454000000000100e+00 3.364257387826241750e-15 3.531511000000000067e-18
2.664849999999999941e+00 3.307360680532664562e-15 3.763066000000000065e-18
2.665245999999999782e+00 3.255119117148121187e-15 4.420849999999999861e-18
2.665642000000000067e+00 3.340679897280917255e-15 4.931590000000000273e-18
2.666037999999999908e+00 3.216993724123936002e-15 4.756924000000000312e-18
2.666434000000000193e+00 3.235805637156454638e-15 4.814241999999999686e-18
2.666830000000000034e+00 3.193648360674867780e-15 4.932944000000000242e-18
2.667225999999999875e+00 3.115031726508239079e-15 4.947776999999999646e-18
2.667622000000000160e+00 3.334997561077726783e-15 5.347729999999999662e-18
2.668018000000000001e+00 3.509907583463910239e-15 5.677471999999999829e-18
2.668413999999999842e+00 3.367993042099592714e-15 5.287840000000000207e-18
2.668810000000000127e+00 3.346099535953969261e-15 4.991572999999999778e-18
2.669205999999999968e+00 3.374906705734134518e-15 5.042146000000000195e-18
2.669601999999999808e+00 3.218830319753120286e-15 4.832910999999999937e-18
2.669998000000000093e+00 3.034700594124705262e-15 4.537130000000000293e-18
2.670393999999999934e+00 2.867400364327497996e-15 4.223816999999999994e-18
2.670790000000000219e+00 2.795746066695314583e-15 3.802581999999999632e-18
2.671186000000000060e+00 3.021862589240234344e-15 3.406649999999999896e-18
2.671581999999999901e+00 3.411196242751958799e-15 3.540789999999999939e-18
2.671978000000000186e+00 3.702125940124436507e-15 3.754920000000000201e-18
2.672374000000000027e+00 3.780467953177005605e-15 3.811793000000000345e-18
2.672769999999999868e+00 3.559066418491654089e-15 3.684397000000000133e-18
2.673166000000000153e+00 3.219745571584549319e-15 3.420515999999999911e-18
2.673561999999999994e+00 3.144382370368638640e-15 3.358080999999999904e-18
2.673957999999999835e+00 3.250506668274736200e-15 3.955386999999999952e-18
2.674354000000000120e+00 3.382414004984004801e-15 8.495413000000000079e-18
2.674749999999999961e+00 3.393096686110520576e-15 9.962923000000000678e-18
2.675145999999999802e+00 3.336423821769356626e-15 9.743917000000000381e-18
2.675542000000000087e+00 3.345164311809922743e-15 9.883915000000000612e-18
2.675937999999999928e+00 3.189945401231376509e-15 9.429658000000000457e-18
2.676334000000000213e+00 3.069685991966398236e-15 9.010821000000000380e-18
2.676730000000000054e+00 3.086180607912228217e-15 9.272665000000000109e-18
2.677125999999999895e+00 2.840024587689014535e-15 8.278123999999999725e-18
2.677522000000000180e+00 2.754044648573126963e-15 6.219834999999999691e-18
2.677918000000000021e+00 2.926404067229858173e-15 5.264102000000000156e-18
2.678313999999999862e+00 3.201845724933395027e-15 4.484685000000000107e-18
2.678710000000000147e+00 3.437940617318197436e-15 4.469362000000000331e-18
2.679105999999999987e+00 3.403549675471606998e-15 3.730033999999999761e-18
2.679501999999999828e+00 3.264324666078401363e-15 3.258239999999999851e-18
2.679898000000000113e+00 3.389128600029812007e-15 3.348394000000000073e-18
2.680293999999999954e+00 3.384809452294478435e-15 3.203454000000000057e-18
2.680689999999999795e+00 3.365053782228767761e-15 3.138492999999999852e-18
2.681086000000000080e+00 3.400448269458575752e-15 3.105597000000000177e-18
2.681481999999999921e+00 3.281527933496505538e-15 3.034155999999999912e-18
2.681878000000000206e+00 3.197075343685603437e-15 2.979246000000000179e-18
2.682274000000000047e+00 3.376986604912102647e-15 3.046484000000000036e-18
2.682669999999999888e+00 3.342099132774494971e-15 3.037127000000000110e-18
2.683066000000000173e+00 3.344743086033256157e-15 3.030719999999999848e-18
2.683462000000000014e+00 3.307586176027221213e-15 2.965089000000000093e-18
2.683857999999999855e+00 3.404371361932909874e-15 3.010432999999999857e-18
2.684254000000000140e+00 3.394944745543848828e-15 3.011503000000000191e-18
2.684649999999999981e+00 3.267807348136042601e-15 2.937024000000000081e-18
2.685045999999999822e+00 3.311829982298203484e-15 2.971607000000000092e-18
2.685442000000000107e+00 3.359114556298655793e-15 2.982303999999999889e-18
2.685837999999999948e+00 3.181979296858351796e-15 2.902116999999999932e-18
2.686233999999999789e+00 3.029512992986451521e-15 2.803640999999999871e-18
2.686630000000000074e+00 3.064434242014381965e-15 2.867806000000000023e-18
2.687025999999999915e+00 3.279352587712736318e-15 3.031254999999999822e-18
2.687422000000000200e+00 3.615985999878919064e-15 3.197505999999999894e-18
2.687818000000000040e+00 3.543691006018823343e-15 3.160716999999999850e-18
2.688213999999999881e+00 3.142414186245341335e-15 2.873239999999999974e-18
2.688610000000000166e+00 3.157280057551571673e-15 2.896981000000000101e-18
2.689006000000000007e+00 3.310305285711004677e-15 3.010346999999999856e-18
2.689401999999999848e+00 3.562391524941297321e-15 3.204296999999999891e-18
2.689798000000000133e+00 3.696291069232015274e-15 3.267101000000000023e-18
2.690193999999999974e+00 3.687376380718741659e-15 3.107651000000000074e-18
2.690589999999999815e+00 3.398340315814774847e-15 3.141408000000000040e-18
2.690986000000000100e+00 3.154101010742172105e-15 3.025074000000000163e-18
2.691381999999999941e+00 3.263438997990224018e-15 3.128907000000000017e-18
2.691777999999999782e+00 3.235522397964496021e-15 3.716356999999999923e-18
2.692174000000000067e+00 3.286068721622426560e-15 3.107150000000000064e-18
2.692569999999999908e+00 3.429509022694893773e-15 3.207350000000000117e-18
2.692966000000000193e+00 3.286214840533542645e-15 3.168310000000000053e-18
2.693362000000000034e+00 2.965454238993051519e-15 2.862605999999999850e-18
2.693757999999999875e+00 2.806192788276926071e-15 2.898658999999999823e-18
2.694154000000000160e+00 2.972968409861017460e-15 3.182480999999999852e-18
2.694550000000000001e+00 2.887443035034418872e-15 3.166258999999999847e-18
2.694945999999999842e+00 2.827133755664306833e-15 3.084840999999999962e-18
2.695342000000000127e+00 3.014553569646512803e-15 3.230154000000000076e-18
2.695737999999999968e+00 2.996587790966261967e-15 3.302290999999999911e-18
2.696133999999999808e+00 2.981129972664804080e-15 3.511749000000000310e-18
2.696530000000000094e+00 3.042915920579427108e-15 3.565157999999999808e-18
2.696925999999999934e+00 3.222985515680677266e-15 3.698941999999999927e-18
2.697322000000000219e+00 3.280348353222292924e-15 3.762957000000000122e-18
2.697718000000000060e+00 3.218808540856759152e-15 3.755070999999999669e-18
2.698113999999999901e+00 3.299108258778160557e-15 3.863246999999999763e-18
2.698510000000000186e+00 3.243663544714428101e-15 3.816745000000000255e-18
2.698906000000000027e+00 3.109607405297836141e-15 3.698452000000000325e-18
2.699301999999999868e+00 3.376068531094903359e-15 4.019097000000000363e-18
2.699698000000000153e+00 3.563079546760511522e-15 4.105427999999999938e-18
2.700093999999999994e+00 3.490351119897828513e-15 4.011172999999999972e-18
2.700489999999999835e+00 3.600900450709217229e-15 4.123245000000000126e-18
2.700886000000000120e+00 3.648611563114343626e-15 4.022455000000000372e-18
2.701281999999999961e+00 3.357470506817957184e-15 3.536813000000000133e-18
2.701677999999999802e+00 3.054047800262614555e-15 3.329075000000000137e-18
2.702074000000000087e+00 3.254595141288617068e-15 3.490318999999999801e-18
2.702469999999999928e+00 3.391035939753020980e-15 3.565741999999999742e-18
2.702866000000000213e+00 3.204914502463150951e-15 3.452438000000000149e-18
2.703262000000000054e+00 2.992561718902741363e-15 3.241961999999999837e-18
2.703657999999999895e+00 3.146231496095457588e-15 3.176777999999999876e-18
2.704054000000000180e+00 3.403134968567952433e-15 3.369701000000000155e-18
2.704450000000000021e+00 3.213629267097441374e-15 3.432567000000000064e-18
2.704845999999999862e+00 3.053066051628962714e-15 3.364799999999999999e-18
2.705242000000000147e+00 3.083717786310957795e-15 3.434145000000000072e-18
2.705637999999999987e+00 3.032110759064273843e-15 3.359351000000000052e-18
2.706033999999999828e+00 3.059969271046552611e-15 3.414505999999999972e-18
2.706430000000000113e+00 3.164238214654303643e-15 3.445756000000000094e-18
2.706825999999999954e+00 3.148816506327573618e-15 3.388766000000000061e-18
2.707221999999999795e+00 3.103707728438642432e-15 3.283763000000000158e-18
2.707618000000000080e+00 3.269263334378479358e-15 3.251129000000000075e-18
2.708013999999999921e+00 3.418824962706379916e-15 3.822134000000000219e-18
2.708410000000000206e+00 nan nan
2.708806000000000047e+00 nan nan
2.709201999999999888e+00 nan nan
2.709598000000000173e+00 nan nan
2.709994000000000014e+00 nan nan
2.710389999999999855e+00 3.147927141347373221e-15 4.869151999999999804e-18
2.710786000000000140e+00 3.110564471352028100e-15 4.711482000000000242e-18
2.711181999999999981e+00 2.937912969952813402e-15 3.026459999999999918e-18
2.711577999999999822e+00 2.899382525112393874e-15 3.009362999999999908e-18
2.711974000000000107e+00 2.961942522358568387e-15 3.169054000000000070e-18
2.712369999999999948e+00 3.053358905563206632e-15 3.713151999999999946e-18
2.712765999999999789e+00 3.110050721472713369e-15 3.049393999999999969e-18
2.713162000000000074e+00 3.241139709319257707e-15 3.116379999999999976e-18
2.713557999999999915e+00 3.434698273993241804e-15 3.187624000000000119e-18
2.713954000000000200e+00 3.373467226001909828e-15 3.136969999999999956e-18
2.714350000000000041e+00 3.209995024861366181e-15 3.127341999999999826e-18
2.714745999999999881e+00 3.219112299002491638e-15 3.120544000000000164e-18
2.715142000000000166e+00 3.099021715625016175e-15 3.034500999999999812e-18
2.715538000000000007e+00 3.120871145822421372e-15 3.071435999999999840e-18
2.715933999999999848e+00 3.095073259199045291e-15 3.122385000000000045e-18
2.716330000000000133e+00 2.898083112976183442e-15 3.041135000000000189e-18
2.716725999999999974e+00 2.949701978246232269e-15 3.059650000000000124e-18
2.717121999999999815e+00 3.171141388136363284e-15 3.120647999999999852e-18
2.717518000000000100e+00 3.041083348829794556e-15 2.991079000000000060e-18
2.717913999999999941e+00 2.872964618770933808e-15 3.332479999999999928e-18
2.718309999999999782e+00 2.938877894445422624e-15 3.030595000000000012e-18
2.718706000000000067e+00 3.169466546848303899e-15 3.161634000000000151e-18
2.719101999999999908e+00 3.250606137684818361e-15 3.383172999999999924e-18
2.719498000000000193e+00 3.337961914495887076e-15 3.547892999999999769e-18
2.719894000000000034e+00 3.339779796533087316e-15 4.179100000000000358e-18
2.720289999999999875e+00 3.040998133035575667e-15 3.318433999999999964e-18
2.720686000000000160e+00 2.987827769374131449e-15 3.337890999999999937e-18
2.721082000000000001e+00 3.146182065694116147e-15 3.390976000000000067e-18
2.721477999999999842e+00 3.222629846414058116e-15 3.446403000000000088e-18
2.721874000000000127e+00 3.280223712766524155e-15 3.408395999999999933e-18
2.722269999999999968e+00 3.188962745882039926e-15 3.293427000000000048e-18
2.722665999999999809e+00 3.003992654583321741e-15 3.219673999999999883e-18
2.723062000000000094e+00 2.871808401875076135e-15 3.180117999999999813e-18
2.723457999999999934e+00 2.976624161184604693e-15 3.368637999999999870e-18
2.723854000000000219e+00 3.160752677953288397e-15 3.508210000000000070e-18
2.724250000000000060e+00 3.036989473018347256e-15 3.401118000000000024e-18
2.724645999999999901e+00 2.939063038668258353e-15 3.299069000000000145e-18
2.725042000000000186e+00 3.002601659449780579e-15 3.327733999999999984e-18
2.725438000000000027e+00 2.984687610391618978e-15 4.471019999999999803e-18
2.725833999999999868e+00 2.844495873084083192e-15 3.543264000000000100e-18
2.726230000000000153e+00 2.972786539810443988e-15 3.255004999999999883e-18
2.726625999999999994e+00 3.192136377953411315e-15 3.406589000000000016e-18
2.727021999999999835e+00 3.174752263002121556e-15 3.556576000000000172e-18
2.727418000000000120e+00 3.101488829195373757e-15 3.692628000000000101e-18
2.727813999999999961e+00 3.064792598704352145e-15 3.504355000000000024e-18
2.728209999999999802e+00 3.005862608539361931e-15 3.364290000000000146e-18
2.728606000000000087e+00 2.927360081025473708e-15 3.265732999999999955e-18
2.729001999999999928e+00 2.804457732138981191e-15 3.132803999999999974e-18
2.729398000000000213e+00 2.778427908251111987e-15 3.118469000000000119e-18
2.729794000000000054e+00 3.004765797134685299e-15 3.285375000000000131e-18
2.730189999999999895e+00 3.102067620570917541e-15 3.343207999999999999e-18
2.730586000000000180e+00 nan 3.241616999999999936e-18
2.730982000000000021e+00 nan 4.153317999999999766e-18
2.731377999999999862e+00 3.317489673666537386e-15 3.543335000000000105e-18
2.731774000000000147e+00 3.491202573843635956e-15 3.647118000000000102e-18
2.732169999999999987e+00 3.387290826678528880e-15 3.525404000000000104e-18
2.732565999999999828e+00 3.298291735444782933e-15 3.508639999999999690e-18
2.732962000000000113e+00 3.277475156076003756e-15 3.591794000000000257e-18
2.733357999999999954e+00 3.202885818502287449e-15 3.573568000000000212e-18
2.733753999999999795e+00 3.234587689798084336e-15 3.602900999999999808e-18
2.734150000000000080e+00 3.363433365270505624e-15 3.769536000000000000e-18
2.734545999999999921e+00 3.421856226510682282e-15 3.796213999999999975e-18
2.734942000000000206e+00 3.238440448083222360e-15 3.610140999999999779e-18
2.735338000000000047e+00 2.953863747251141162e-15 3.417029999999999990e-18
2.735733999999999888e+00 2.822054552929076970e-15 3.334716999999999849e-18
2.736130000000000173e+00 2.647296478972844812e-15 3.235674000000000028e-18
2.736526000000000014e+00 2.657501917088814085e-15 3.240187000000000091e-18
2.736921999999999855e+00 2.861209926859826967e-15 3.388542000000000023e-18
2.737318000000000140e+00 2.998310570844111834e-15 3.431673000000000090e-18
2.737713999999999981e+00 3.012934414619897850e-15 3.479114999999999841e-18
2.738109999999999822e+00 3.016154146521043294e-15 3.458068999999999838e-18
2.738506000000000107e+00 2.939574969232418274e-15 3.434171999999999987e-18
2.738901999999999948e+00 2.886072185884391150e-15 3.380703000000000122e-18
2.739297999999999789e+00 2.933568127755713208e-15 3.444708000000000191e-18
2.739694000000000074e+00 2.981298546492936632e-15 3.439372000000000160e-18
2.740089999999999915e+00 2.904634711510392894e-15 3.421786000000000059e-18
2.740486000000000200e+00 2.725324333776501473e-15 3.745859000000000215e-18
2.740882000000000041e+00 2.817378220717732437e-15 3.570417000000000066e-18
2.741277999999999881e+00 2.982356233273140581e-15 3.557931999999999936e-18
2.741674000000000166e+00 2.942696663677625839e-15 3.532382000000000099e-18
2.742070000000000007e+00 3.037783815239392793e-15 3.552320000000000215e-18
2.742465999999999848e+00 3.283232600340700575e-15 3.728073000000000300e-18
2.742862000000000133e+00 3.405118474969571543e-15 3.841411000000000244e-18
2.743257999999999974e+00 3.289402842015108547e-15 3.755568999999999988e-18
2.743653999999999815e+00 3.133424906786927966e-15 3.744412000000000194e-18
2.744050000000000100e+00 3.065015929928428818e-15 3.676251000000000269e-18
2.744445999999999941e+00 3.048788331513130561e-15 3.595089999999999719e-18
2.744841999999999782e+00 2.983113174229162883e-15 3.580451000000000363e-18
2.745238000000000067e+00 2.907331255274611575e-15 3.534375999999999627e-18
2.745633999999999908e+00 2.985496659921251474e-15 3.911633999999999627e-18
2.746030000000000193e+00 2.981776503115430966e-15 3.735960000000000264e-18
2.746426000000000034e+00 2.907327804038002913e-15 3.488963000000000037e-18
2.746821999999999875e+00 3.029717030549511826e-15 3.587292000000000217e-18
2.747218000000000160e+00 3.103272425676398916e-15 3.598417999999999737e-18
2.747614000000000001e+00 2.978517544911377570e-15 3.541875999999999780e-18
2.748009999999999842e+00 2.911490226735512000e-15 3.477916999999999980e-18
2.748406000000000127e+00 2.992609450816854846e-15 3.533862000000000186e-18
2.748801999999999968e+00 3.145434253417000255e-15 3.626029000000000291e-18
2.749197999999999809e+00 3.230989723044303493e-15 3.637143999999999788e-18
2.749594000000000094e+00 3.160425169982009676e-15 4.105980000000000087e-18
2.749989999999999934e+00 2.845041306179500823e-15 3.903037000000000381e-18
2.750386000000000220e+00 nan 4.403343000000000097e-18
2.750782000000000060e+00 nan 5.270540000000000306e-18
2.751177999999999901e+00 2.822446678380062443e-15 4.014901999999999901e-18
2.751574000000000186e+00 3.009823225729467052e-15 3.583143999999999921e-18
2.751970000000000027e+00 3.168029295600633226e-15 3.622870999999999710e-18
2.752365999999999868e+00 3.198954905397275824e-15 3.669505000000000259e-18
2.752762000000000153e+00 3.062104203992746337e-15 3.604286000000000051e-18
2.753157999999999994e+00 2.970518834512867950e-15 3.581052999999999984e-18
2.753553999999999835e+00 3.114799403352194758e-15 3.756850000000000159e-18
2.753950000000000120e+00 nan nan
2.754345999999999961e+00 nan nan
2.754741999999999802e+00 2.771238273693430151e-15 3.757694000000000275e-18
2.755138000000000087e+00 nan 3.858684000000000229e-18
2.755533999999999928e+00 2.904592121792283835e-15 4.598534000000000186e-18
2.755930000000000213e+00 2.893460945192464817e-15 5.176648999999999825e-18
2.756326000000000054e+00 2.782443541664786082e-15 6.386272999999999760e-18
2.756721999999999895e+00 nan nan
2.757118000000000180e+00 nan nan
2.757514000000000021e+00 nan nan
2.757909999999999862e+00 2.940971862640675003e-15 9.046494000000000206e-18
2.758306000000000147e+00 nan nan
2.758701999999999988e+00 nan nan
2.759097999999999828e+00 nan nan
2.759494000000000113e+00 3.009268826807908170e-15 9.210579999999999873e-18
2.759889999999999954e+00 2.908156689301705564e-15 8.424342000000000221e-18
2.760285999999999795e+00 2.881358328403673546e-15 6.754966999999999811e-18
2.760682000000000080e+00 3.004864133141254110e-15 5.636411000000000322e-18
2.761077999999999921e+00 3.105785254515598770e-15 5.319421000000000131e-18
2.761474000000000206e+00 3.004635011447044990e-15 4.737415000000000302e-18
2.761870000000000047e+00 3.125345106438654198e-15 4.491475999999999719e-18
2.762265999999999888e+00 3.314117258242228578e-15 4.399232999999999739e-18
2.762662000000000173e+00 3.122329831986115126e-15 3.887524000000000146e-18
2.763058000000000014e+00 3.075384616182188775e-15 3.725065999999999959e-18
2.763453999999999855e+00 3.180700416963662264e-15 3.644470000000000145e-18
2.763850000000000140e+00 3.002646696658559734e-15 3.309608999999999936e-18
2.764245999999999981e+00 2.776615418069670953e-15 3.092879000000000165e-18
2.764641999999999822e+00 2.661976792176287480e-15 3.057784000000000122e-18
2.765038000000000107e+00 2.712673064522766565e-15 3.024398999999999972e-18
2.765433999999999948e+00 2.830890375965353216e-15 3.129067000000000100e-18
2.765829999999999789e+00 2.755398216521863449e-15 3.047120999999999904e-18
2.766226000000000074e+00 2.708856136752649259e-15 3.018684000000000076e-18
2.766621999999999915e+00 2.705722693911856728e-15 3.008191000000000066e-18
2.767018000000000200e+00 2.778801979540138811e-15 3.009699999999999863e-18
2.767414000000000041e+00 2.836276602781099767e-15 3.040309000000000144e-18
2.767809999999999881e+00 2.686862877217230358e-15 2.953238000000000139e-18
2.768206000000000166e+00 2.585018409906453951e-15 2.895811000000000052e-18
2.768602000000000007e+00 2.727761329580939467e-15 2.997156999999999929e-18
2.768997999999999848e+00 2.930745048721221614e-15 3.122079999999999876e-18
2.769394000000000133e+00 2.923211881319533633e-15 3.090584000000000056e-18
2.769789999999999974e+00 nan nan
2.770185999999999815e+00 2.743634870061098741e-15 6.551115999999999647e-18
2.770582000000000100e+00 2.687848503596816382e-15 2.924239000000000037e-18
2.770977999999999941e+00 2.769273170814012112e-15 2.981851999999999839e-18
2.771373999999999782e+00 2.872410975016071355e-15 3.054633999999999873e-18
2.771770000000000067e+00 2.807413607847262623e-15 3.024555999999999978e-18
2.772165999999999908e+00 2.740521622362688812e-15 2.993894000000000149e-18
2.772562000000000193e+00 2.943135195632209708e-15 3.101564999999999874e-18
2.772958000000000034e+00 3.084779212551457544e-15 3.136723999999999873e-18
2.773353999999999875e+00 3.030860967881009101e-15 3.092165000000000140e-18
2.773750000000000160e+00 3.064789017927607605e-15 3.042040000000000185e-18
2.774146000000000001e+00 3.322418086109000784e-15 3.160928999999999969e-18
2.774541999999999842e+00 3.403935494619745645e-15 3.196207999999999934e-18
2.774938000000000127e+00 3.169133167206521761e-15 3.068405999999999941e-18
2.775333999999999968e+00 3.003590262446015402e-15 2.966511999999999889e-18
2.775729999999999809e+00 2.841973142718891681e-15 2.875853999999999966e-18
2.776126000000000094e+00 nan 2.788468999999999949e-18
2.776521999999999935e+00 2.849768716415283116e-15 2.847433000000000031e-18
2.776918000000000220e+00 2.915573327634965380e-15 2.927702999999999913e-18
2.777314000000000060e+00 2.916864453927343837e-15 2.892819999999999988e-18
2.777709999999999901e+00 2.872373035048137493e-15 2.877285000000000094e-18
2.778106000000000186e+00 2.651769896948768173e-15 2.758817999999999983e-18
2.778502000000000027e+00 2.577737763800106238e-15 2.692710000000000057e-18
2.778897999999999868e+00 2.653882297825599208e-15 2.722850000000000114e-18
2.779294000000000153e+00 2.764616638579399323e-15 2.774696999999999881e-18
2.779689999999999994e+00 2.873946422421448724e-15 2.785982999999999869e-18
2.780085999999999835e+00 2.832544057557646141e-15 2.780203000000000120e-18
2.780482000000000120e+00 2.887018827052156502e-15 2.800538000000000174e-18
2.780877999999999961e+00 2.984792266845828927e-15 2.841112000000000155e-18
2.781273999999999802e+00 2.940666484738087883e-15 2.789643999999999868e-18
2.781670000000000087e+00 2.962333486260818558e-15 2.799541000000000024e-18
2.782065999999999928e+00 2.989528950020380692e-15 2.869706999999999886e-18
2.782462000000000213e+00 2.908082100323997135e-15 2.779298000000000124e-18
2.782858000000000054e+00 2.927940857935957124e-15 2.789152999999999984e-18
2.783253999999999895e+00 3.025333463084983318e-15 2.902629999999999861e-18
2.783650000000000180e+00 3.112405379179765373e-15 2.891029999999999862e-18
2.784046000000000021e+00 3.050941145093491478e-15 2.831739999999999848e-18
2.784441999999999862e+00 3.003092345507984638e-15 2.844531999999999941e-18
2.784838000000000147e+00 2.939150928642314643e-15 2.832156000000000139e-18
2.785233999999999988e+00 2.712844196286542359e-15 2.709462000000000166e-18
2.785629999999999828e+00 2.708151630189004111e-15 2.676719000000000140e-18
2.786026000000000113e+00 2.755643376265232834e-15 2.695766999999999871e-18
2.786421999999999954e+00 2.591205554916964664e-15 2.597932000000000036e-18
2.786817999999999795e+00 2.606556228546607584e-15 2.624199999999999872e-18
2.787214000000000080e+00 2.854712464736414500e-15 2.729593999999999945e-18
2.787609999999999921e+00 2.890978689281298935e-15 2.764857000000000017e-18
2.788006000000000206e+00 2.702891685040719539e-15 2.622370999999999911e-18
2.788402000000000047e+00 2.680806917345756427e-15 2.656473000000000163e-18
2.788797999999999888e+00 2.782680649695127317e-15 2.694086999999999969e-18
2.789194000000000173e+00 2.739778558262013586e-15 2.624576000000000047e-18
2.789590000000000014e+00 2.783969411577710631e-15 2.612551999999999809e-18
2.789985999999999855e+00 3.015007920115010041e-15 2.748748999999999825e-18
2.790382000000000140e+00 3.101662685887309075e-15 2.811465000000000162e-18
2.790777999999999981e+00 2.931864902163736781e-15 2.712956999999999931e-18
2.791173999999999822e+00 2.808676504589539848e-15 2.621256999999999872e-18
2.791570000000000107e+00 2.754592429808858623e-15 2.625989000000000102e-18
2.791965999999999948e+00 2.708406613000563783e-15 2.596583999999999834e-18
2.792361999999999789e+00 2.586550507334150771e-15 2.522767000000000098e-18
2.792758000000000074e+00 2.646287041630768362e-15 2.556060000000000095e-18
2.793153999999999915e+00 2.895490156385513890e-15 2.723015000000000066e-18
2.793550000000000200e+00 3.011191484751662698e-15 2.783058999999999837e-18
2.793946000000000041e+00 3.115516031128247911e-15 2.825078000000000045e-18
2.794341999999999882e+00 3.053824044298806837e-15 2.884360000000000112e-18
2.794738000000000167e+00 2.976465529141644830e-15 2.768479000000000181e-18
2.795134000000000007e+00 3.037035796856473414e-15 2.798661000000000149e-18
2.795529999999999848e+00 3.042931613933028580e-15 2.796030999999999879e-18
2.795926000000000133e+00 2.925495232117465155e-15 2.746466000000000020e-18
2.796321999999999974e+00 2.954650091662058913e-15 2.799263000000000156e-18
2.796717999999999815e+00 2.968044425240522110e-15 2.758986000000000012e-18
2.797114000000000100e+00 2.932968116571578116e-15 2.751649000000000017e-18
2.797509999999999941e+00 2.912623205703542639e-15 2.737106999999999914e-18
2.797905999999999782e+00 2.900843422839351586e-15 2.750235999999999962e-18
2.798302000000000067e+00 2.893184203717159761e-15 2.830463999999999933e-18
2.798697999999999908e+00 2.892777670790639853e-15 2.813215000000000172e-18
2.799094000000000193e+00 2.908347914039638759e-15 2.753066000000000046e-18
2.799490000000000034e+00 3.133930408906985835e-15 3.416364999999999925e-18
2.799885999999999875e+00 3.238438989007055657e-15 2.922125000000000157e-18
2.800282000000000160e+00 3.016245254225256274e-15 2.734982000000000012e-18
2.800678000000000001e+00 2.742546251374991508e-15 2.629036000000000175e-18
2.801073999999999842e+00 2.646921549094659979e-15 2.935408000000000135e-18
2.801470000000000127e+00 nan nan
2.801865999999999968e+00 2.974062057333866758e-15 2.756798000000000051e-18
2.802261999999999809e+00 2.840765918614264210e-15 2.713114999999999834e-18
2.802658000000000094e+00 2.683508778139861566e-15 2.611107999999999865e-18
2.803053999999999935e+00 2.700739716216278201e-15 2.632253999999999968e-18
2.803450000000000220e+00 2.626036864200984623e-15 2.595056999999999965e-18
2.803846000000000060e+00 2.427204294375941302e-15 2.543861000000000164e-18
2.804241999999999901e+00 2.401719853968639636e-15 2.500132999999999961e-18
2.804638000000000186e+00 2.541091338694082774e-15 2.591050000000000168e-18
2.805034000000000027e+00 2.505564528904398031e-15 2.581855000000000118e-18
2.805429999999999868e+00 2.376069042485315894e-15 2.504750999999999993e-18
2.805826000000000153e+00 2.500098870306053522e-15 2.560963999999999942e-18
2.806221999999999994e+00 2.767877096080601837e-15 2.713969999999999973e-18
2.806617999999999835e+00 2.921143152373700014e-15 2.812431000000000038e-18
2.807014000000000120e+00 nan 3.224359999999999844e-18
2.807409999999999961e+00 3.086554622646694591e-15 2.922523999999999888e-18
2.807805999999999802e+00 3.165873725836330243e-15 2.978133000000000037e-18
2.808202000000000087e+00 3.076263339891668303e-15 2.923486000000000176e-18
2.808597999999999928e+00 3.031338827354386811e-15 2.889458000000000006e-18
2.808994000000000213e+00 2.839290604644954931e-15 2.805857999999999927e-18
2.809390000000000054e+00 2.608887612009092759e-15 2.719133000000000105e-18
2.809785999999999895e+00 2.709340639719042303e-15 2.794708000000000183e-18
2.810182000000000180e+00 2.875965619152281857e-15 2.905066999999999982e-18
2.810578000000000021e+00 2.829351688097132410e-15 2.920440999999999897e-18
2.810973999999999862e+00 2.752054083136881207e-15 2.890482999999999968e-18
2.811370000000000147e+00 2.889250695742861671e-15 2.962389999999999996e-18
2.811765999999999988e+00 3.135189412592783924e-15 3.102337999999999985e-18
2.812161999999999829e+00 3.254827006090669448e-15 3.172854000000000004e-18
2.812558000000000114e+00 3.143082954038993125e-15 3.172207999999999907e-18
2.812953999999999954e+00 2.876386778841631887e-15 3.036724000000000020e-18
2.813349999999999795e+00 2.679732731848421957e-15 2.909756000000000019e-18
2.813746000000000080e+00 2.512044617977997297e-15 2.848484000000000011e-18
2.814141999999999921e+00 2.513009736618790140e-15 2.818567999999999992e-18
2.814538000000000206e+00 2.759226421213706999e-15 2.979012000000000015e-18
2.814934000000000047e+00 2.798688770909204348e-15 2.977703999999999929e-18
2.815329999999999888e+00 2.851545596630276478e-15 3.042098999999999886e-18
2.815726000000000173e+00 3.044389564987301936e-15 3.204213999999999966e-18
2.816122000000000014e+00 3.072180926765482922e-15 3.490211999999999652e-18
2.816517999999999855e+00 2.918062030219981712e-15 3.783645000000000023e-18
2.816914000000000140e+00 2.729795063577601357e-15 3.046956999999999849e-18
2.817309999999999981e+00 2.605224093431022132e-15 2.942286999999999927e-18
2.817705999999999822e+00 2.564819595066063361e-15 2.924187999999999897e-18
2.818102000000000107e+00 2.596693774495856062e-15 2.947181000000000034e-18
2.818497999999999948e+00 2.751502656378331455e-15 3.079825999999999993e-18
2.818893999999999789e+00 2.767508162944203843e-15 3.103186999999999972e-18
2.819290000000000074e+00 2.527414083529384829e-15 2.940869000000000001e-18
2.819685999999999915e+00 2.549930561167319981e-15 3.173302000000000080e-18
2.820082000000000200e+00 nan 3.271782000000000114e-18
2.820478000000000041e+00 2.383693586188934900e-15 2.904266999999999955e-18
2.820873999999999882e+00 2.337493941030181863e-15 2.920708000000000128e-18
2.821270000000000167e+00 2.538730094748855599e-15 3.148551999999999885e-18
2.821666000000000007e+00 2.684552179551283108e-15 3.240206000000000060e-18
2.822061999999999848e+00 2.639581965508242404e-15 3.110456999999999934e-18
2.822458000000000133e+00 2.636289287359606641e-15 3.162929999999999932e-18
2.822853999999999974e+00 2.626460038609486003e-15 3.170658999999999993e-18
2.823249999999999815e+00 2.746956905787239930e-15 3.221374000000000035e-18
2.823646000000000100e+00 2.924960387123166306e-15 3.314597999999999887e-18
2.824041999999999941e+00 2.866852605797078426e-15 3.275761000000000099e-18
2.824437999999999782e+00 2.693593362143709236e-15 3.168975000000000119e-18
2.824834000000000067e+00 2.758232704591191532e-15 3.232162000000000089e-18
2.825229999999999908e+00 2.797400717827619384e-15 3.231897999999999934e-18
2.825626000000000193e+00 2.714076072686210650e-15 3.141730999999999896e-18
2.826022000000000034e+00 2.791163267403239093e-15 3.204751000000000120e-18
2.826417999999999875e+00 3.000026820735947409e-15 3.396052999999999813e-18
2.826814000000000160e+00 2.885638665781397425e-15 3.296633999999999818e-18
2.827210000000000001e+00 2.609394670783917442e-15 3.095523000000000149e-18
2.827605999999999842e+00 2.486008063689252675e-15 3.079798000000000181e-18
2.828002000000000127e+00 2.643914998107804203e-15 3.174488000000000021e-18
2.828397999999999968e+00 3.008989972061084907e-15 3.329424999999999908e-18
2.828793999999999809e+00 3.114879377210163782e-15 3.521607000000000246e-18
2.829190000000000094e+00 3.157850542574990428e-15 3.502003999999999905e-18
2.829585999999999935e+00 3.053412413265909796e-15 3.421423000000000087e-18
2.829982000000000220e+00 2.957935427279115135e-15 3.515877000000000355e-18
2.830378000000000061e+00 2.788358201277934690e-15 3.438520999999999994e-18
2.830773999999999901e+00 2.821286399855022743e-15 3.445988999999999976e-18
2.831170000000000186e+00 3.001770818959849538e-15 3.597505000000000180e-18
2.831566000000000027e+00 2.936951684319221144e-15 3.541449000000000237e-18
2.831961999999999868e+00 2.776148677262781045e-15 3.419134000000000129e-18
2.832358000000000153e+00 2.809935332092798000e-15 3.449956999999999938e-18
2.832753999999999994e+00 3.051265808767891113e-15 3.663565999999999939e-18
2.833149999999999835e+00 3.087205070898308283e-15 3.672794000000000057e-18
2.833546000000000120e+00 2.769484011127533740e-15 3.493239000000000245e-18
2.833941999999999961e+00 2.642333687638035878e-15 3.601485000000000061e-18
2.834337999999999802e+00 2.711638209464237176e-15 3.680191999999999931e-18
2.834734000000000087e+00 2.612391131522780438e-15 3.505205000000000293e-18
2.835129999999999928e+00 2.617103655184383614e-15 3.313603999999999813e-18
2.835526000000000213e+00 2.549052667235987373e-15 3.224960000000000056e-18
2.835922000000000054e+00 2.480644839313189623e-15 3.150073999999999883e-18
2.836317999999999895e+00 2.593358304822565766e-15 3.215507999999999900e-18
2.836714000000000180e+00 2.755748349071769621e-15 3.316949000000000006e-18
2.837110000000000021e+00 2.817348805385482931e-15 3.350544000000000096e-18
2.837505999999999862e+00 2.660013446918725651e-15 3.207691999999999941e-18
2.837902000000000147e+00 2.566074888676458453e-15 3.105617999999999940e-18
2.838297999999999988e+00 2.570996420652158036e-15 3.122875000000000033e-18
2.838693999999999829e+00 2.504645034013245734e-15 3.116279999999999876e-18
2.839090000000000114e+00 2.660373286723639067e-15 3.256892000000000034e-18
2.839485999999999954e+00 2.883068400130181396e-15 3.441672000000000140e-18
2.839881999999999795e+00 2.914237230265006289e-15 3.449525000000000140e-18
2.840278000000000080e+00 2.847875049169572974e-15 3.372193999999999900e-18
2.840673999999999921e+00 2.740913837065737890e-15 3.385256999999999813e-18
2.841070000000000206e+00 2.620986785063803665e-15 3.517537999999999902e-18
2.841466000000000047e+00 2.640985551117944446e-15 3.472633000000000371e-18
2.841861999999999888e+00 2.774983191631041903e-15 3.593525000000000298e-18
2.842258000000000173e+00 2.886091935212417337e-15 3.673818000000000122e-18
2.842654000000000014e+00 2.815758275892793861e-15 3.489919999999999685e-18
2.843049999999999855e+00 2.632505089744274518e-15 3.187213000000000083e-18
2.843446000000000140e+00 2.667037867884619424e-15 3.186323999999999979e-18
2.843841999999999981e+00 2.713767678230246905e-15 3.200056999999999827e-18
2.844237999999999822e+00 2.717382618708908347e-15 3.159028000000000105e-18
2.844634000000000107e+00 2.694917559956709347e-15 3.097023000000000103e-18
2.845029999999999948e+00 2.648818208081423466e-15 3.021971000000000080e-18
2.845425999999999789e+00 2.609868472685451954e-15 3.012515999999999848e-18
2.845822000000000074e+00 2.694762855771836408e-15 3.029951999999999992e-18
2.846217999999999915e+00 2.742889218221911886e-15 3.026955000000000161e-18
2.846614000000000200e+00 2.727563257328413579e-15 2.985702999999999912e-18
2.847010000000000041e+00 2.843441858742467338e-15 3.041787000000000052e-18
2.847405999999999882e+00 2.919507794633725163e-15 3.059295999999999995e-18
2.847802000000000167e+00 2.837460528471197096e-15 3.025008000000000028e-18
2.848198000000000008e+00 2.798383911624173108e-15 2.997178000000000077e-18
2.848593999999999848e+00 2.815858577664104985e-15 3.036129999999999960e-18
2.848990000000000133e+00 2.803472319677867222e-15 2.978230999999999957e-18
2.849385999999999974e+00 2.631330513349131860e-15 2.863861999999999899e-18
2.849781999999999815e+00 2.515402890084821956e-15 2.890864000000000012e-18
2.850178000000000100e+00 2.571378298474134647e-15 2.797432999999999912e-18
2.850573999999999941e+00 2.568799975808675765e-15 2.785363000000000176e-18
2.850969999999999782e+00 2.709778328050997975e-15 2.885363999999999926e-18
2.851366000000000067e+00 2.801583600348817136e-15 2.920523999999999822e-18
2.851761999999999908e+00 2.712089054256585402e-15 2.851098999999999900e-18
2.852158000000000193e+00 2.661482341515131203e-15 3.336525999999999945e-18
2.852554000000000034e+00 2.663582933831005611e-15 2.807207999999999923e-18
2.852949999999999875e+00 2.695102822739543369e-15 2.799525000000000132e-18
2.853346000000000160e+00 2.636334205585313510e-15 2.728318999999999927e-18
2.853742000000000001e+00 2.526194787164301485e-15 2.655483000000000062e-18
2.854137999999999842e+00 2.516610327614972952e-15 2.626200999999999836e-18
2.854534000000000127e+00 2.383020213309956011e-15 2.580344000000000142e-18
2.854929999999999968e+00 2.402643189015338835e-15 2.610642999999999999e-18
2.855325999999999809e+00 2.511221084809360335e-15 2.724234999999999972e-18
2.855722000000000094e+00 2.407815780377151358e-15 2.771233000000000005e-18
2.856117999999999935e+00 2.409244862575934163e-15 2.756526999999999846e-18
2.856514000000000220e+00 2.533312598119907869e-15 2.668800000000000005e-18
2.856910000000000061e+00 2.571897568761040193e-15 2.618402999999999949e-18
2.857305999999999901e+00 2.576160817417615989e-15 2.673736999999999919e-18
2.857702000000000186e+00 2.639373542448119660e-15 2.676911000000000007e-18
2.858098000000000027e+00 2.895154623119942982e-15 2.850549999999999827e-18
2.858493999999999868e+00 3.055044560463580823e-15 2.904954999999999963e-18
2.858890000000000153e+00 3.111900156355139097e-15 2.860566999999999949e-18
2.859285999999999994e+00 3.126344466460260243e-15 2.937114000000000055e-18
2.859681999999999835e+00 2.988457295316345987e-15 2.861350000000000186e-18
2.860078000000000120e+00 2.782763492875861104e-15 2.764976000000000085e-18
2.860473999999999961e+00 2.804066704016332288e-15 2.747132999999999879e-18
2.860869999999999802e+00 2.839931086027381069e-15 2.750056999999999911e-18
2.861266000000000087e+00 2.763756449679330424e-15 2.656761000000000157e-18
2.861661999999999928e+00 2.711828946726308813e-15 3.902873000000000325e-18
2.862058000000000213e+00 nan 5.421596999999999641e-18
2.862454000000000054e+00 2.781469134546274000e-15 2.707358000000000027e-18
2.862849999999999895e+00 2.983748271561683809e-15 2.851420999999999859e-18
2.863246000000000180e+00 3.030505803903635571e-15 2.835903000000000139e-18
2.863642000000000021e+00 2.738147511442778264e-15 2.658404000000000018e-18
2.864037999999999862e+00 2.487803281535552183e-15 2.522572000000000154e-18
2.864434000000000147e+00 2.520633975011918676e-15 2.522207000000000002e-18
2.864829999999999988e+00 2.739936728388812249e-15 2.741626000000000129e-18
2.865225999999999829e+00 2.806860285934539420e-15 2.788289000000000001e-18
2.865622000000000114e+00 2.702288198722388395e-15 2.675168000000000047e-18
2.866017999999999954e+00 2.680678455315097362e-15 2.620051999999999962e-18
2.866413999999999795e+00 2.624893379447582130e-15 2.595561999999999948e-18
2.866810000000000080e+00 2.550043676120806126e-15 2.573665000000000164e-18
2.867205999999999921e+00 2.671517308520815360e-15 2.677501999999999991e-18
2.867602000000000206e+00 2.827985701317000533e-15 2.815311999999999877e-18
2.867998000000000047e+00 2.649208858067767765e-15 2.756446000000000101e-18
2.868393999999999888e+00 2.591738289141749013e-15 2.714864999999999844e-18
2.868790000000000173e+00 2.698196277054857844e-15 2.993678000000000057e-18
2.869186000000000014e+00 2.736154135055007412e-15 3.226011000000000036e-18
2.869581999999999855e+00 2.781934203522971410e-15 3.769602999999999647e-18
2.869978000000000140e+00 2.717506216779679813e-15 4.165553999999999737e-18
2.870373999999999981e+00 2.692259981469710672e-15 4.471983999999999885e-18
2.870769999999999822e+00 2.819182626101430581e-15 5.366005999999999949e-18
2.871166000000000107e+00 2.785678327649285460e-15 6.041013999999999771e-18
2.871561999999999948e+00 2.601509253827331522e-15 6.042577000000000168e-18
2.871957999999999789e+00 2.566763100227627150e-15 6.276117999999999748e-18
2.872354000000000074e+00 2.530091136971433070e-15 6.212212000000000267e-18
2.872749999999999915e+00 2.428695244495431026e-15 6.200516999999999653e-18
2.873146000000000200e+00 2.234041744312425277e-15 5.569926999999999837e-18
2.873542000000000041e+00 2.431632272505976033e-15 6.083530000000000015e-18
2.873937999999999882e+00 2.693798048019678359e-15 6.717411999999999705e-18
2.874334000000000167e+00 2.736377580205126068e-15 6.749000000000000065e-18
2.874730000000000008e+00 2.661453065177354990e-15 6.084069000000000348e-18
2.875125999999999848e+00 2.657197468019881355e-15 4.963120999999999955e-18
2.875522000000000133e+00 2.836435276410639158e-15 4.585070000000000363e-18
2.875917999999999974e+00 3.046070527959972682e-15 4.639554999999999962e-18
2.876313999999999815e+00 2.980379564779235900e-15 4.238093000000000149e-18
2.876710000000000100e+00 2.866835576539209489e-15 3.869129999999999688e-18
2.877105999999999941e+00 2.813050888373293540e-15 3.745652999999999863e-18
2.877501999999999782e+00 2.755357863335582631e-15 3.475845000000000012e-18
2.877898000000000067e+00 2.615001685732587694e-15 3.113080000000000155e-18
2.878293999999999908e+00 2.656772563631603131e-15 3.076486999999999953e-18
2.878690000000000193e+00 2.751499322602239100e-15 3.159971000000000039e-18
2.879086000000000034e+00 2.679365676561066176e-15 3.050683000000000086e-18
2.879481999999999875e+00 2.706487936018039102e-15 3.030367000000000001e-18
2.879878000000000160e+00 2.753830001261093969e-15 2.997582000000000063e-18
2.880274000000000001e+00 2.734401624630040134e-15 2.989295999999999983e-18
2.880669999999999842e+00 2.760083085217536590e-15 3.021641000000000175e-18
2.881066000000000127e+00 2.729969835797091184e-15 2.997029999999999914e-18
2.881461999999999968e+00 2.688888527860629799e-15 3.015587000000000146e-18
2.881857999999999809e+00 2.753949017813593402e-15 3.092189999999999876e-18
2.882254000000000094e+00 2.783940593771636210e-15 3.116618000000000113e-18
2.882649999999999935e+00 2.639429240642874814e-15 3.001169999999999878e-18
2.883046000000000220e+00 2.575013711556464898e-15 3.057079999999999837e-18
2.883442000000000061e+00 2.742097529675315282e-15 3.151112999999999944e-18
2.883837999999999901e+00 2.709559188023716810e-15 3.065511999999999901e-18
2.884234000000000187e+00 2.622750589567284710e-15 3.055807999999999895e-18
2.884630000000000027e+00 2.706363269246520951e-15 3.123392999999999832e-18
2.885025999999999868e+00 2.806217545187805022e-15 3.190134000000000038e-18
2.885422000000000153e+00 2.782599660901304306e-15 3.213872999999999986e-18
2.885817999999999994e+00 2.570411232008019073e-15 3.073150999999999988e-18
2.886213999999999835e+00 2.431560027237909650e-15 3.030678999999999834e-18
2.886610000000000120e+00 2.575404619818303202e-15 3.145936000000000098e-18
2.887005999999999961e+00 2.873817146171994422e-15 3.324907999999999873e-18
2.887401999999999802e+00 2.916834862274912760e-15 3.405569999999999821e-18
2.887798000000000087e+00 2.681645682193640038e-15 3.211287000000000191e-18
2.888193999999999928e+00 2.538163520414758577e-15 3.116035999999999972e-18
2.888590000000000213e+00 2.439725321803188473e-15 3.073809000000000004e-18
2.888986000000000054e+00 2.447739764149069009e-15 3.121382000000000128e-18
2.889381999999999895e+00 2.540326951687194563e-15 3.180071000000000032e-18
2.889778000000000180e+00 2.458053409829993723e-15 3.203653999999999871e-18
2.890174000000000021e+00 2.510177655706902719e-15 3.334162000000000009e-18
2.890569999999999862e+00 2.611791624129025270e-15 3.381938999999999920e-18
2.890966000000000147e+00 2.561301504485712538e-15 3.218543999999999951e-18
2.891361999999999988e+00 2.362685807532035746e-15 3.082297000000000078e-18
2.891757999999999829e+00 2.467023088809392191e-15 3.138129999999999879e-18
2.892154000000000114e+00 2.645706669024406607e-15 3.234680999999999852e-18
2.892549999999999955e+00 2.712748109053072371e-15 3.237322000000000145e-18
2.892945999999999795e+00 2.805771151453046312e-15 3.361052999999999999e-18
2.893342000000000080e+00 2.717066454967789665e-15 3.336603999999999999e-18
2.893737999999999921e+00 2.724721090973502506e-15 3.301905999999999893e-18
2.894134000000000206e+00 2.913291285356718778e-15 3.523223000000000192e-18
2.894530000000000047e+00 3.051096916676323884e-15 3.509764000000000239e-18
2.894925999999999888e+00 2.974079084593561278e-15 3.459058999999999938e-18
2.895322000000000173e+00 2.845099232943903237e-15 3.422803000000000075e-18
2.895718000000000014e+00 2.751179186280053448e-15 3.288062999999999820e-18
2.896113999999999855e+00 2.690854286242559611e-15 3.243524999999999849e-18
2.896510000000000140e+00 2.696740644238789061e-15 3.264966999999999893e-18
2.896905999999999981e+00 2.717675121603437993e-15 3.304415999999999813e-18
2.897301999999999822e+00 2.801760298180055627e-15 3.511680000000000099e-18
2.897698000000000107e+00 2.937673568880205255e-15 3.783763000000000194e-18
2.898093999999999948e+00 2.996103607461232667e-15 3.851244000000000059e-18
2.898489999999999789e+00 2.798134685582117340e-15 3.672664000000000351e-18
2.898886000000000074e+00 2.542928495300081072e-15 3.404005000000000015e-18
2.899281999999999915e+00 2.441263154147437765e-15 3.345996000000000172e-18
2.899678000000000200e+00 2.390886535801502320e-15 3.278595000000000156e-18
2.900074000000000041e+00 2.461806540803392407e-15 3.398216999999999935e-18
2.900469999999999882e+00 2.552199343074968821e-15 3.462603000000000048e-18
2.900866000000000167e+00 2.435018222210031099e-15 3.279932999999999848e-18
2.901262000000000008e+00 2.420163525671405849e-15 3.159885000000000038e-18
2.901657999999999848e+00 2.642874868302488281e-15 3.318564999999999952e-18
2.902054000000000133e+00 2.642445241366906073e-15 3.303091999999999834e-18
2.902449999999999974e+00 2.529432456701326568e-15 3.204539999999999898e-18
2.902845999999999815e+00 2.564499204647783373e-15 3.218046000000000017e-18
2.903242000000000100e+00 2.788866371427428975e-15 3.392150999999999986e-18
2.903637999999999941e+00 2.837092978963783449e-15 3.382322000000000144e-18
2.904033999999999782e+00 2.588311176171839693e-15 3.216040000000000184e-18
2.904430000000000067e+00 2.405512102397315090e-15 3.045853999999999832e-18
2.904825999999999908e+00 2.533772539848785312e-15 3.122223000000000169e-18
2.905222000000000193e+00 2.570655198866379586e-15 3.114319999999999927e-18
2.905618000000000034e+00 2.679462226165614910e-15 3.148382000000000062e-18
2.906013999999999875e+00 2.769891882356976152e-15 3.129666000000000030e-18
2.906410000000000160e+00 2.714609165855465911e-15 3.080854999999999928e-18
2.906806000000000001e+00 2.666410130553467818e-15 3.060937999999999959e-18
2.907201999999999842e+00 2.610903192494525011e-15 3.030000000000000055e-18
2.907598000000000127e+00 2.471794764057415553e-15 3.002854000000000138e-18
2.907993999999999968e+00 2.232098620182982573e-15 2.911972000000000177e-18
2.908389999999999809e+00 2.093821295984648229e-15 2.949709000000000025e-18
2.908786000000000094e+00 2.209407259940920474e-15 2.861908000000000102e-18
2.909181999999999935e+00 2.340564443036775968e-15 2.953905999999999896e-18
2.909578000000000220e+00 2.428103209383610482e-15 2.965329999999999921e-18
2.909974000000000061e+00 2.285391480872831181e-15 2.870260999999999830e-18
2.910369999999999902e+00 2.098343192614173329e-15 2.663998999999999948e-18
2.910766000000000187e+00 2.234697389669502268e-15 2.678058000000000114e-18
2.911162000000000027e+00 2.641302416685325696e-15 2.892625999999999941e-18
2.911557999999999868e+00 2.820651962841407002e-15 2.941904000000000089e-18
2.911954000000000153e+00 2.742469266869457862e-15 2.952465999999999925e-18
2.912349999999999994e+00 2.738125449665641516e-15 3.026545999999999919e-18
2.912745999999999835e+00 2.714503261251945958e-15 3.023586000000000129e-18
2.913142000000000120e+00 2.690890789180715574e-15 2.973121000000000144e-18
2.913537999999999961e+00 2.707142871903339061e-15 2.890093000000000080e-18
2.913933999999999802e+00 2.698599989952003051e-15 2.779531999999999902e-18
2.914330000000000087e+00 2.673336000661368065e-15 2.751539000000000178e-18
2.914725999999999928e+00 2.614318397271419015e-15 2.692893999999999978e-18
2.915122000000000213e+00 2.586372413721486245e-15 2.664719000000000126e-18
2.915518000000000054e+00 2.542871984037462570e-15 3.178767999999999817e-18
2.915913999999999895e+00 2.583957036460520377e-15 2.645431000000000079e-18
2.916310000000000180e+00 2.674585612003989843e-15 2.720948999999999865e-18
2.916706000000000021e+00 2.609979821406009564e-15 2.668414999999999987e-18
2.917101999999999862e+00 2.491310143564237478e-15 2.590906999999999875e-18
2.917498000000000147e+00 2.556529817880442552e-15 2.629771999999999861e-18
2.917893999999999988e+00 2.672605452370831408e-15 3.146147999999999832e-18
2.918289999999999829e+00 2.582832480049612795e-15 2.641512000000000077e-18
2.918686000000000114e+00 2.607015603129979893e-15 2.672913000000000054e-18
2.919081999999999955e+00 2.700389136462230053e-15 2.672282999999999850e-18
2.919477999999999795e+00 2.662954250682598222e-15 2.648206000000000051e-18
2.919874000000000080e+00 2.610914269150712822e-15 2.638883999999999986e-18
2.920269999999999921e+00 2.497826541892576348e-15 2.572926000000000017e-18
2.920666000000000206e+00 2.481261279039788821e-15 2.586550999999999819e-18
2.921062000000000047e+00 2.486482594886351622e-15 2.621846999999999959e-18
2.921457999999999888e+00 2.427532770474871900e-15 2.849296999999999854e-18
2.921854000000000173e+00 2.408183127554673035e-15 2.863970999999999842e-18
2.922250000000000014e+00 2.436803226976141815e-15 2.859366999999999909e-18
2.922645999999999855e+00 2.540908378885663764e-15 2.905215000000000145e-18
2.923042000000000140e+00 2.520115870405451994e-15 2.901446000000000099e-18
2.923437999999999981e+00 2.393814617133544229e-15 2.786239000000000078e-18
2.923833999999999822e+00 2.440891306115930398e-15 2.772677999999999846e-18
2.924230000000000107e+00 2.500193991247911074e-15 2.842754000000000119e-18
2.924625999999999948e+00 2.406727189444671185e-15 2.797439000000000064e-18
2.925021999999999789e+00 2.518265081109202226e-15 2.607353999999999816e-18
2.925418000000000074e+00 2.741489418960716392e-15 2.683286999999999996e-18
2.925813999999999915e+00 2.561884141404752789e-15 2.571799000000000162e-18
2.926210000000000200e+00 2.516047760752807537e-15 2.519574000000000041e-18
2.926606000000000041e+00 2.715943360289726027e-15 2.622889000000000096e-18
2.927001999999999882e+00 2.656835122127248715e-15 2.592086000000000152e-18
2.927398000000000167e+00 2.471432316595914112e-15 2.899595000000000093e-18
2.927794000000000008e+00 2.395699912287144693e-15 2.522527000000000167e-18
2.928189999999999849e+00 2.473824449254682660e-15 2.544154999999999926e-18
2.928586000000000134e+00 2.576047350581722404e-15 2.618513000000000174e-18
2.928981999999999974e+00 2.431803879130018048e-15 2.580053999999999969e-18
2.929377999999999815e+00 2.179427636305656728e-15 2.395822000000000039e-18
2.929774000000000100e+00 2.192125531874236088e-15 2.428594000000000160e-18
2.930169999999999941e+00 2.438365741846169004e-15 3.047075999999999917e-18
2.930565999999999782e+00 2.638196796613275712e-15 4.184292999999999711e-18
2.930962000000000067e+00 2.687820585138889467e-15 4.651552999999999796e-18
2.931357999999999908e+00 2.787784677245155386e-15 2.888908000000000036e-18
2.931754000000000193e+00 2.698748137757616987e-15 2.772470000000000086e-18
2.932150000000000034e+00 2.554252929097109947e-15 2.848408000000000136e-18
2.932545999999999875e+00 2.659209976280503554e-15 3.113952000000000084e-18
2.932942000000000160e+00 nan 3.975989000000000237e-18
2.933338000000000001e+00 2.733878339702587671e-15 3.870213999999999735e-18
2.933733999999999842e+00 2.639521221367578851e-15 2.814024999999999939e-18
2.934130000000000127e+00 2.606192985333971865e-15 2.808434999999999878e-18
2.934525999999999968e+00 2.658871109502569113e-15 2.804679000000000035e-18
2.934921999999999809e+00 2.728778367810951650e-15 2.842367999999999820e-18
2.935318000000000094e+00 2.621194079575515875e-15 2.877671000000000008e-18
2.935713999999999935e+00 2.554412004865652315e-15 2.899288000000000130e-18
2.936110000000000220e+00 2.615585326131140179e-15 2.936431999999999815e-18
2.936506000000000061e+00 2.630175725243654733e-15 2.874229000000000177e-18
2.936901999999999902e+00 2.637396413575868694e-15 2.838762999999999830e-18
2.937298000000000187e+00 2.624614908586342885e-15 2.883019999999999856e-18
2.937694000000000027e+00 2.605456094871253415e-15 2.997716000000000127e-18
2.938089999999999868e+00 2.600406161289635218e-15 2.928041000000000149e-18
2.938486000000000153e+00 2.601155456660627027e-15 3.438838000000000082e-18
2.938881999999999994e+00 2.655659387126987474e-15 2.964319000000000058e-18
2.939277999999999835e+00 2.679182445108431136e-15 2.955225999999999901e-18
2.939674000000000120e+00 2.683802415300674240e-15 2.979901000000000118e-18
2.940069999999999961e+00 2.510551299619964192e-15 2.876369000000000075e-18
2.940465999999999802e+00 2.290919849431373072e-15 2.730685999999999939e-18
2.940862000000000087e+00 2.390382898555568736e-15 2.869168999999999836e-18
2.941257999999999928e+00 2.455322630136021066e-15 3.023059000000000101e-18
2.941654000000000213e+00 2.335316038692544869e-15 2.924548000000000179e-18
2.942050000000000054e+00 2.398315920733366744e-15 2.983431000000000130e-18
2.942445999999999895e+00 2.579892979828004711e-15 3.154709999999999987e-18
2.942842000000000180e+00 2.690796439338629382e-15 3.217653000000000053e-18
2.943238000000000021e+00 2.701942277172463241e-15 3.267920999999999916e-18
2.943633999999999862e+00 2.543479585332684871e-15 3.148416000000000026e-18
2.944030000000000147e+00 2.448939777830742115e-15 3.142563999999999990e-18
2.944425999999999988e+00 2.397956738170260613e-15 3.229452999999999867e-18
2.944821999999999829e+00 2.353775405465656505e-15 3.301044000000000090e-18
2.945218000000000114e+00 2.460441740798413896e-15 3.372319000000000121e-18
2.945613999999999955e+00 2.583151131136411692e-15 3.373484999999999811e-18
2.946009999999999796e+00 2.624320639704098962e-15 3.373985999999999821e-18
2.946406000000000081e+00 2.543349382415190663e-15 3.330890000000000000e-18
2.946801999999999921e+00 2.291432394274719119e-15 3.132021000000000123e-18
2.947198000000000206e+00 2.181987414451205496e-15 3.019495000000000125e-18
2.947594000000000047e+00 2.238151175986176393e-15 3.094649000000000041e-18
2.947989999999999888e+00 2.338983050771540122e-15 3.155357999999999877e-18
2.948386000000000173e+00 2.253931882712087207e-15 3.040501000000000012e-18
2.948782000000000014e+00 2.121528836897297838e-15 2.854893000000000067e-18
2.949177999999999855e+00 2.330229458721866755e-15 3.014323000000000150e-18
2.949574000000000140e+00 2.587712422018446126e-15 3.211636999999999961e-18
2.949969999999999981e+00 2.664692436612765647e-15 3.195552000000000097e-18
2.950365999999999822e+00 2.676249913103958681e-15 3.172210000000000086e-18
2.950762000000000107e+00 2.648740681594898073e-15 3.138992000000000068e-18
2.951157999999999948e+00 2.609092682865511868e-15 3.145821999999999900e-18
2.951553999999999789e+00 2.673534364199682746e-15 3.185067000000000033e-18
2.951950000000000074e+00 2.584076874556060386e-15 3.123193000000000018e-18
2.952345999999999915e+00 2.507528809569677718e-15 3.019405000000000151e-18
2.952742000000000200e+00 2.557342242394015599e-15 3.078293999999999869e-18
2.953138000000000041e+00 2.559090719469145328e-15 3.077660999999999974e-18
2.953533999999999882e+00 2.431301083808598054e-15 2.965097000000000039e-18
2.953930000000000167e+00 2.361882901795650851e-15 2.950768999999999849e-18
2.954326000000000008e+00 2.414243283258837806e-15 3.020706000000000187e-18
2.954721999999999849e+00 2.417131079615540844e-15 2.995783000000000093e-18
2.955118000000000134e+00 2.394062559034915090e-15 2.998097000000000172e-18
2.955513999999999974e+00 2.374919192039258384e-15 3.068461999999999951e-18
2.955909999999999815e+00 2.266636286914770487e-15 3.170562999999999867e-18
2.956306000000000100e+00 2.222834906354699568e-15 3.180083999999999849e-18
2.956701999999999941e+00 2.349065970985996519e-15 3.286180000000000028e-18
2.957097999999999782e+00 2.562170878085300692e-15 3.555089999999999932e-18
2.957494000000000067e+00 2.688998004977574337e-15 3.578892999999999835e-18
2.957889999999999908e+00 2.735889043432035358e-15 3.556469000000000023e-18
2.958286000000000193e+00 2.640645831200877815e-15 3.219190999999999944e-18
2.958682000000000034e+00 2.521489976894216239e-15 2.901536000000000074e-18
2.959077999999999875e+00 2.531867927924532831e-15 2.861759000000000042e-18
2.959474000000000160e+00 2.443600804684930888e-15 2.763124000000000182e-18
2.959870000000000001e+00 2.389669452837932370e-15 2.721044999999999991e-18
2.960265999999999842e+00 nan 2.785660000000000013e-18
2.960662000000000127e+00 nan 2.815800000000000070e-18
2.961057999999999968e+00 2.448644388477256159e-15 2.711864000000000040e-18
2.961453999999999809e+00 2.417146136051721732e-15 2.634871000000000037e-18
2.961850000000000094e+00 2.534384972684360213e-15 2.703072999999999976e-18
2.962245999999999935e+00 2.495171425122183525e-15 2.726070000000000086e-18
2.962642000000000220e+00 2.343103578511448953e-15 2.613167999999999914e-18
2.963038000000000061e+00 2.366417470392028337e-15 2.680347000000000071e-18
2.963433999999999902e+00 2.365131550487284857e-15 2.635125999999999964e-18
2.963830000000000187e+00 2.258698756075988159e-15 2.558678000000000060e-18
2.964226000000000028e+00 2.370446993409436560e-15 2.691233999999999943e-18
2.964621999999999868e+00 2.583323607888763749e-15 2.842448999999999950e-18
2.965018000000000153e+00 2.679812132186212889e-15 2.851398999999999814e-18
2.965413999999999994e+00 2.678668754736598581e-15 2.715499000000000021e-18
2.965809999999999835e+00 2.540469612686809868e-15 2.652619000000000014e-18
2.966206000000000120e+00 2.331587053177839211e-15 2.523059999999999962e-18
2.966601999999999961e+00 2.248135473500128416e-15 2.509036000000000044e-18
2.966997999999999802e+00 2.381084515118422226e-15 2.574699999999999866e-18
2.967394000000000087e+00 2.478900737741938487e-15 2.602577999999999881e-18
2.967789999999999928e+00 2.524458372520515414e-15 2.610580999999999837e-18
2.968186000000000213e+00 2.394648692152040761e-15 2.585665000000000177e-18
2.968582000000000054e+00 2.137369519140286317e-15 2.338920000000000185e-18
2.968977999999999895e+00 2.137110029062758032e-15 2.365431000000000028e-18
2.969374000000000180e+00 2.337312992170721928e-15 2.447596999999999904e-18
2.969770000000000021e+00 2.468874930666128862e-15 2.518284999999999924e-18
2.970165999999999862e+00 2.532672222403412845e-15 2.549132999999999854e-18
2.970562000000000147e+00 2.492524395867569225e-15 2.507308000000000079e-18
2.970957999999999988e+00 2.453799676418451795e-15 2.481073999999999822e-18
2.971353999999999829e+00 2.407503433129781923e-15 2.436271000000000185e-18
2.971750000000000114e+00 2.353273153427124064e-15 2.410672999999999899e-18
2.972145999999999955e+00 2.274441157301884412e-15 2.364649000000000074e-18
2.972541999999999796e+00 2.340166589852525751e-15 2.399812000000000046e-18
2.972938000000000081e+00 2.419039127817582895e-15 2.457674999999999905e-18
2.973333999999999921e+00 2.438382658464217494e-15 2.462142000000000083e-18
2.973730000000000206e+00 2.594642393882709336e-15 2.549485000000000189e-18
2.974126000000000047e+00 2.663543063755099915e-15 2.610204000000000151e-18
2.974521999999999888e+00 2.527251301059923727e-15 2.546255999999999989e-18
2.974918000000000173e+00 2.361987100420754029e-15 2.462565999999999936e-18
2.975314000000000014e+00 2.389216924482553356e-15 2.471678000000000061e-18
2.975709999999999855e+00 2.561437709013499544e-15 2.595273999999999954e-18
2.976106000000000140e+00 2.599261633874379954e-15 2.635473999999999940e-18
2.976501999999999981e+00 2.548148455215986253e-15 2.573352999999999946e-18
2.976897999999999822e+00 2.582851765758187459e-15 2.553951999999999982e-18
2.977294000000000107e+00 2.731957364356089135e-15 2.652857000000000151e-18
2.977689999999999948e+00 2.779543909341012308e-15 2.712021000000000046e-18
2.978085999999999789e+00 2.623839433792632368e-15 2.664160999999999825e-18
2.978482000000000074e+00 2.537552652417453498e-15 2.691024999999999900e-18
2.978877999999999915e+00 2.461651658831697958e-15 2.685197000000000088e-18
2.979274000000000200e+00 nan nan
2.979670000000000041e+00 nan nan
2.980065999999999882e+00 2.366254972582861590e-15 2.576423999999999858e-18
2.980462000000000167e+00 2.484852958437949303e-15 2.683144000000000088e-18
2.980858000000000008e+00 2.605692115315598753e-15 2.695523999999999864e-18
2.981253999999999849e+00 2.482897623926524597e-15 2.587072999999999977e-18
2.981650000000000134e+00 2.453615004638979318e-15 2.663097999999999925e-18
2.982045999999999975e+00 2.485732247646543785e-15 2.716183999999999952e-18
2.982441999999999815e+00 2.377541418280157912e-15 2.585139000000000046e-18
2.982838000000000100e+00 2.329527169949865056e-15 2.516621999999999812e-18
2.983233999999999941e+00 2.398550726089013963e-15 2.714332999999999946e-18
2.983629999999999782e+00 2.400627821338094384e-15 2.632020000000000190e-18
2.984026000000000067e+00 2.413438132543466993e-15 2.637208000000000058e-18
2.984421999999999908e+00 2.474869824898405713e-15 2.945139000000000056e-18
2.984818000000000193e+00 2.509427188362940415e-15 2.818127999999999862e-18
2.985214000000000034e+00 2.485153511855493068e-15 2.692827999999999843e-18
2.985609999999999875e+00 2.487608075182402547e-15 2.697589000000000168e-18
2.986006000000000160e+00 2.573945400380246325e-15 2.766557000000000170e-18
2.986402000000000001e+00 2.426416009148213259e-15 2.702227999999999963e-18
2.986797999999999842e+00 2.292279890738303467e-15 2.623989000000000036e-18
2.987194000000000127e+00 2.306612624630549365e-15 2.627630000000000169e-18
2.987589999999999968e+00 2.238084287573601008e-15 2.608946999999999820e-18
2.987985999999999809e+00 2.312892060031847127e-15 2.654762999999999885e-18
2.988382000000000094e+00 2.308603064558859045e-15 2.653946000000000068e-18
2.988777999999999935e+00 2.096940901172642078e-15 2.543058000000000062e-18
2.989174000000000220e+00 2.023543653769450622e-15 2.507619999999999912e-18
2.989570000000000061e+00 2.145836407859652763e-15 2.622609999999999945e-18
2.989965999999999902e+00 2.320180537326374937e-15 2.761338000000000028e-18
2.990362000000000187e+00 2.396323934709933023e-15 2.829823000000000092e-18
2.990758000000000028e+00 2.305820497637525252e-15 2.769901999999999977e-18
2.991153999999999868e+00 2.322552372927836158e-15 2.810337000000000024e-18
2.991550000000000153e+00 2.419915151490344984e-15 2.886059999999999880e-18
2.991945999999999994e+00 2.354718958119421788e-15 2.859534999999999938e-18
2.992341999999999835e+00 2.383681486288785176e-15 2.882809999999999916e-18
2.992738000000000120e+00 2.469527545627864418e-15 2.974935000000000110e-18
2.993133999999999961e+00 2.415238922521963439e-15 2.916506999999999899e-18
2.993529999999999802e+00 2.410660813143126604e-15 2.892464999999999962e-18
2.993926000000000087e+00 2.512527590857279862e-15 3.034210000000000127e-18
2.994321999999999928e+00 2.563746600425661573e-15 3.079021999999999993e-18
2.994718000000000213e+00 2.541643387820540811e-15 3.081792000000000095e-18
2.995114000000000054e+00 2.459440871331527222e-15 2.977202000000000022e-18
2.995509999999999895e+00 2.488174162836309153e-15 3.055119999999999887e-18
2.995906000000000180e+00 2.525773832452936677e-15 3.014684999999999840e-18
2.996302000000000021e+00 2.422640805823136232e-15 2.994258999999999915e-18
2.996697999999999862e+00 2.322527887415209562e-15 2.930663999999999985e-18
2.997094000000000147e+00 2.385339674990328055e-15 3.017506999999999978e-18
2.997489999999999988e+00 2.496592087549335189e-15 3.064871000000000060e-18
2.997885999999999829e+00 2.469719499033384985e-15 3.026656000000000144e-18
2.998282000000000114e+00 2.416998574980803355e-15 3.072825999999999953e-18
2.998677999999999955e+00 2.274740161322080323e-15 2.954465000000000094e-18
2.999073999999999796e+00 2.330506625964589428e-15 4.427721999999999989e-18
2.999470000000000081e+00 2.528972886789652473e-15 3.125822000000000006e-18
2.999865999999999921e+00 2.613328738162354868e-15 3.200077999999999975e-18
3.000262000000000207e+00 2.549375414228422307e-15 3.176375000000000172e-18
3.000658000000000047e+00 2.466315704529389441e-15 3.681397000000000226e-18
3.001053999999999888e+00 2.357453339138247034e-15 3.604996000000000104e-18
3.001450000000000173e+00 2.401913205053482235e-15 3.615346000000000207e-18
3.001846000000000014e+00 2.426991938294528147e-15 3.080981999999999943e-18
3.002241999999999855e+00 2.377384833747005983e-15 3.027237000000000003e-18
3.002638000000000140e+00 2.458550278349445850e-15 3.093027999999999840e-18
3.003033999999999981e+00 2.449804153753362057e-15 3.193405000000000150e-18
3.003429999999999822e+00 2.284970721498398297e-15 3.593446000000000346e-18
3.003826000000000107e+00 2.273519715489833678e-15 3.459906000000000131e-18
3.004221999999999948e+00 nan 3.447544999999999939e-18
3.004617999999999789e+00 2.381919965978198828e-15 2.920829999999999888e-18
3.005014000000000074e+00 2.321949120949715515e-15 2.914180000000000004e-18
3.005409999999999915e+00 2.319987685522206670e-15 2.868284999999999988e-18
3.005806000000000200e+00 2.304835081620676761e-15 2.818440000000000081e-18
3.006202000000000041e+00 2.361182788168947473e-15 2.835645000000000137e-18
3.006597999999999882e+00 2.330697157762942236e-15 2.829218999999999906e-18
3.006994000000000167e+00 2.197872132568307828e-15 2.712082999999999823e-18
3.007390000000000008e+00 2.185782058673944752e-15 2.686304000000000077e-18
3.007785999999999849e+00 2.103456976379269472e-15 2.651269999999999914e-18
3.008182000000000134e+00 2.042433460489039435e-15 2.597371000000000044e-18
3.008577999999999975e+00 2.140307312163310571e-15 2.626311999999999958e-18
3.008973999999999815e+00 2.215191561762032184e-15 2.684207999999999885e-18
3.009370000000000100e+00 2.145521182430169626e-15 2.557167999999999981e-18
3.009765999999999941e+00 2.135955082333050803e-15 2.542542000000000056e-18
3.010161999999999782e+00 2.095559858022882747e-15 2.493999000000000083e-18
3.010558000000000067e+00 2.196844977722716248e-15 2.578475999999999961e-18
3.010953999999999908e+00 2.270181990568263623e-15 2.548858000000000062e-18
3.011350000000000193e+00 2.278064370118864167e-15 2.548966000000000108e-18
3.011746000000000034e+00 2.322795846509714265e-15 2.567104999999999869e-18
3.012141999999999875e+00 2.325713086016478748e-15 2.547736999999999973e-18
3.012538000000000160e+00 2.322032229382739198e-15 2.538548000000000076e-18
3.012934000000000001e+00 2.339753105576150517e-15 2.538608000000000058e-18
3.013329999999999842e+00 2.392659858442331958e-15 2.484773000000000144e-18
3.013726000000000127e+00 2.452387907815392093e-15 2.501886000000000047e-18
3.014121999999999968e+00 2.462520776383848086e-15 2.553727000000000047e-18
3.014517999999999809e+00 2.539003619845420515e-15 2.568072999999999924e-18
3.014914000000000094e+00 2.710533133588300392e-15 2.653247000000000038e-18
3.015309999999999935e+00 2.703708283882738096e-15 2.650248000000000028e-18
3.015706000000000220e+00 2.508845596139452520e-15 2.542283000000000156e-18
3.016102000000000061e+00 2.475640236309201929e-15 2.534786999999999977e-18
3.016497999999999902e+00 2.515476153225195794e-15 2.607255999999999895e-18
3.016894000000000187e+00 2.446509556339136027e-15 2.483540999999999934e-18
3.017290000000000028e+00 2.383201396580485484e-15 2.395242000000000077e-18
3.017685999999999868e+00 2.342826157679889623e-15 2.352503999999999974e-18
3.018082000000000154e+00 2.430140215767106924e-15 2.403099000000000050e-18
3.018477999999999994e+00 2.518821284165859209e-15 2.468028000000000084e-18
3.018873999999999835e+00 2.552234696731123705e-15 2.459847999999999871e-18
3.019270000000000120e+00 2.518633148785372613e-15 2.400007999999999887e-18
3.019665999999999961e+00 2.435246100473537219e-15 2.347870999999999946e-18
3.020061999999999802e+00 2.485060781556516098e-15 2.494535999999999851e-18
3.020458000000000087e+00 2.440658375853188962e-15 2.450875000000000065e-18
3.020853999999999928e+00 2.444758092335760598e-15 2.357776000000000049e-18
3.021250000000000213e+00 2.543998424621676322e-15 2.422481000000000045e-18
3.021646000000000054e+00 2.428625487462338801e-15 2.369358999999999874e-18
3.022041999999999895e+00 2.196723283258827913e-15 2.287782000000000188e-18
3.022438000000000180e+00 2.107369202258154880e-15 2.185227999999999940e-18
3.022834000000000021e+00 2.219768372665986268e-15 2.244569000000000093e-18
3.023229999999999862e+00 2.371861688446706392e-15 2.325369000000000079e-18
3.023626000000000147e+00 2.320441103537909118e-15 2.309944000000000025e-18
3.024021999999999988e+00 2.217927254289757596e-15 2.265291999999999856e-18
3.024417999999999829e+00 2.263877742928465886e-15 2.391792999999999812e-18
3.024814000000000114e+00 2.352140495775168948e-15 2.910080000000000157e-18
3.025209999999999955e+00 2.350134978396170917e-15 3.002803999999999896e-18
3.025605999999999796e+00 2.294891218608738757e-15 2.728924000000000009e-18
3.026002000000000081e+00 2.241103449861428142e-15 2.496341999999999871e-18
3.026397999999999922e+00 2.169475424167569457e-15 2.473293000000000110e-18
3.026794000000000207e+00 2.232972085866325955e-15 2.494642000000000103e-18
3.027190000000000047e+00 2.391515481500911492e-15 2.632486999999999850e-18
3.027585999999999888e+00 2.539463034524043038e-15 3.163612000000000173e-18
3.027982000000000173e+00 nan 3.938939000000000115e-18
3.028378000000000014e+00 2.339671828239132770e-15 2.660564000000000167e-18
3.028773999999999855e+00 2.304467727149189777e-15 2.639904000000000078e-18
3.029170000000000140e+00 2.241359808679603269e-15 2.610272999999999977e-18
3.029565999999999981e+00 2.182511366329222924e-15 2.532958000000000015e-18
3.029961999999999822e+00 2.188465936991129282e-15 2.559706999999999995e-18
3.030358000000000107e+00 2.230087351687552152e-15 2.637784999999999943e-18
3.030753999999999948e+00 2.350047587732154701e-15 2.722173000000000129e-18
3.031149999999999789e+00 2.300509392995504533e-15 2.641217999999999931e-18
3.031546000000000074e+00 2.211578855662275300e-15 2.590603999999999886e-18
3.031941999999999915e+00 2.257688965898254218e-15 3.935352999999999709e-18
3.032338000000000200e+00 2.411583259062697400e-15 3.950755999999999718e-18
3.032734000000000041e+00 2.513620519730130206e-15 2.763335000000000018e-18
3.033129999999999882e+00 2.460685018746451767e-15 2.697418000000000063e-18
3.033526000000000167e+00 nan 4.403609999999999944e-18
3.033922000000000008e+00 2.346328813715165898e-15 5.021349000000000351e-18
3.034317999999999849e+00 2.352814865717553773e-15 4.783473000000000092e-18
3.034714000000000134e+00 2.451672484447771930e-15 2.992089000000000026e-18
3.035109999999999975e+00 2.388660112292657797e-15 2.996782999999999934e-18
3.035505999999999815e+00 2.295258146943177487e-15 2.944885000000000027e-18
3.035902000000000100e+00 2.337331240380924199e-15 2.977434999999999904e-18
3.036297999999999941e+00 2.399803503202729745e-15 4.380468999999999644e-18
3.036693999999999782e+00 2.372327505027392101e-15 3.103546999999999869e-18
3.037090000000000067e+00 2.371107194297456353e-15 3.487798000000000244e-18
3.037485999999999908e+00 2.448909790360675319e-15 3.863590000000000255e-18
3.037882000000000193e+00 2.483161505892703822e-15 4.012545999999999911e-18
3.038278000000000034e+00 2.371037541480437134e-15 3.882187999999999730e-18
3.038673999999999875e+00 2.312296339963960882e-15 3.861310000000000141e-18
3.039070000000000160e+00 2.305634505762941631e-15 3.847392000000000089e-18
3.039466000000000001e+00 2.287617566347966791e-15 3.794648000000000271e-18
3.039861999999999842e+00 2.422263757261938891e-15 3.994666999999999946e-18
3.040258000000000127e+00 2.492003360188865973e-15 4.055155999999999718e-18
3.040653999999999968e+00 2.469070082762686432e-15 3.943097999999999662e-18
3.041049999999999809e+00 2.397420992055930508e-15 3.156770000000000036e-18
3.041446000000000094e+00 2.391841605242639353e-15 2.967310000000000121e-18
3.041841999999999935e+00 2.453903408463973506e-15 2.954870999999999875e-18
3.042238000000000220e+00 2.496045708199876987e-15 4.303486000000000152e-18
3.042634000000000061e+00 2.352492599634180366e-15 2.887449999999999993e-18
3.043029999999999902e+00 2.276346527760877717e-15 2.857811999999999843e-18
3.043426000000000187e+00 2.218307528325972867e-15 2.799780999999999955e-18
3.043822000000000028e+00 2.235713338714618194e-15 2.789931999999999862e-18
3.044217999999999869e+00 2.254652759406153754e-15 2.841764999999999916e-18
3.044614000000000154e+00 2.166554821407911210e-15 2.827931000000000071e-18
3.045009999999999994e+00 2.143573306681218427e-15 2.810389000000000061e-18
3.045405999999999835e+00 2.230028072991686769e-15 2.870412000000000069e-18
3.045802000000000120e+00 2.220683327602183735e-15 2.879140000000000073e-18
3.046197999999999961e+00 2.119507571343841557e-15 2.765257000000000030e-18
3.046593999999999802e+00 2.258414308312672636e-15 2.961223999999999921e-18
3.046990000000000087e+00 2.398462188200805814e-15 4.779873000000000358e-18
3.047385999999999928e+00 nan nan
3.047782000000000213e+00 2.268511406965863464e-15 2.937326000000000174e-18
3.048178000000000054e+00 2.220911070965018512e-15 2.912927999999999928e-18
3.048573999999999895e+00 2.308799423580939882e-15 3.078710000000000160e-18
3.048970000000000180e+00 2.355014665780425152e-15 2.996307000000000045e-18
3.049366000000000021e+00 2.215810005075451397e-15 2.833492000000000037e-18
3.049761999999999862e+00 2.034693825340574955e-15 2.629163000000000190e-18
3.050158000000000147e+00 2.103265563978107579e-15 2.708890000000000151e-18
3.050553999999999988e+00 2.276656331994940158e-15 2.759404000000000097e-18
3.050949999999999829e+00 2.225273830334118948e-15 2.699408000000000004e-18
3.051346000000000114e+00 2.204178400878103700e-15 2.693413999999999957e-18
3.051741999999999955e+00 2.285592848192490906e-15 2.658736999999999999e-18
3.052137999999999796e+00 2.306531326502763250e-15 2.691776999999999863e-18
3.052534000000000081e+00 2.223753294418588700e-15 2.614030000000000103e-18
3.052929999999999922e+00 2.121574933647665392e-15 2.521911999999999959e-18
3.053326000000000207e+00 2.175982633065310572e-15 2.699695999999999998e-18
3.053722000000000047e+00 2.331484422670451310e-15 2.628945999999999816e-18
3.054117999999999888e+00 2.347790099598972517e-15 2.692674999999999810e-18
3.054514000000000173e+00 2.335819394750201939e-15 2.536839999999999977e-18
3.054910000000000014e+00 2.357636570948784718e-15 2.515676000000000187e-18
3.055305999999999855e+00 2.510976857329303717e-15 2.647181999999999986e-18
3.055702000000000140e+00 2.701693285739234185e-15 3.253709999999999999e-18
3.056097999999999981e+00 2.690761712397451683e-15 3.166896000000000101e-18
3.056493999999999822e+00 2.577065560904665189e-15 2.647948000000000048e-18
3.056890000000000107e+00 2.464286493670217462e-15 2.572570000000000094e-18
3.057285999999999948e+00 2.471473508019481930e-15 2.542490999999999917e-18
3.057681999999999789e+00 2.475690941153559221e-15 2.541737000000000159e-18
3.058078000000000074e+00 2.402337967794897382e-15 2.479819000000000055e-18
3.058473999999999915e+00 2.397289986603073387e-15 2.481213000000000142e-18
3.058870000000000200e+00 2.261623265759974851e-15 2.376638999999999961e-18
3.059266000000000041e+00 2.246186892627472515e-15 2.402750000000000176e-18
3.059661999999999882e+00 2.388491152625599746e-15 2.491474000000000167e-18
3.060058000000000167e+00 2.451559610527648168e-15 2.504182999999999951e-18
3.060454000000000008e+00 2.383039525593345923e-15 2.454960999999999813e-18
3.060849999999999849e+00 2.372835615485817344e-15 2.402964999999999986e-18
3.061246000000000134e+00 2.375436474219203269e-15 2.424331000000000154e-18
3.061641999999999975e+00 2.388936722014581464e-15 2.392011999999999980e-18
3.062037999999999816e+00 2.327805853222389327e-15 2.311022999999999817e-18
3.062434000000000101e+00 2.399145350980178996e-15 2.344486999999999919e-18
3.062829999999999941e+00 2.533653957945992905e-15 2.449601999999999840e-18
3.063225999999999782e+00 2.593421504544603980e-15 2.481898999999999970e-18
3.063622000000000067e+00 2.510137667662209746e-15 2.527027000000000027e-18
3.064017999999999908e+00 2.388351970114429291e-15 2.491568000000000115e-18
3.064414000000000193e+00 2.256547747705069092e-15 2.397983999999999982e-18
3.064810000000000034e+00 2.266986969483167066e-15 2.373447000000000187e-18
3.065205999999999875e+00 2.242831874093926058e-15 2.334841000000000101e-18
3.065602000000000160e+00 2.190658328402587717e-15 2.263963000000000007e-18
3.065998000000000001e+00 2.268402204878334710e-15 2.345059999999999831e-18
3.066393999999999842e+00 2.349122548707182931e-15 2.474590000000000173e-18
3.066790000000000127e+00 2.394369629847065865e-15 2.737065999999999900e-18
3.067185999999999968e+00 2.437848214308871357e-15 2.760935999999999836e-18
3.067581999999999809e+00 2.447881142848928602e-15 2.750187000000000002e-18
3.067978000000000094e+00 2.443757970479178238e-15 2.433015999999999966e-18
3.068373999999999935e+00 2.452963002928930276e-15 2.445557000000000106e-18
3.068770000000000220e+00 2.456950288994710140e-15 2.459622000000000038e-18
3.069166000000000061e+00 2.336324160456085561e-15 2.430708000000000039e-18
3.069561999999999902e+00 2.243775986228929604e-15 2.368071000000000039e-18
3.069958000000000187e+00 2.252670817670552349e-15 2.388646999999999921e-18
3.070354000000000028e+00 2.257149794698319910e-15 2.477956000000000129e-18
3.070749999999999869e+00 2.144990215585567637e-15 2.380573999999999856e-18
3.071146000000000154e+00 2.044152636092346162e-15 2.375259999999999870e-18
3.071541999999999994e+00 2.160016006187883980e-15 2.493177000000000011e-18
3.071937999999999835e+00 2.213387433357206166e-15 2.557791000000000136e-18
3.072334000000000120e+00 2.180372389828078348e-15 2.550390000000000186e-18
3.072729999999999961e+00 2.203117181648793748e-15 2.645603000000000081e-18
3.073125999999999802e+00 2.183483137593068982e-15 2.667670999999999970e-18
3.073522000000000087e+00 2.171524025123341062e-15 2.682074000000000139e-18
3.073917999999999928e+00 2.249233287089290482e-15 2.761956999999999824e-18
3.074314000000000213e+00 2.281693964788215185e-15 2.778511999999999811e-18
3.074710000000000054e+00 2.246585343001527134e-15 2.793923000000000152e-18
3.075105999999999895e+00 2.186891131419787239e-15 2.739055999999999841e-18
3.075502000000000180e+00 2.206764103348012102e-15 2.747210999999999934e-18
3.075898000000000021e+00 2.398717545649507151e-15 2.873003000000000119e-18
3.076293999999999862e+00 2.487663650714394813e-15 2.930180000000000150e-18
3.076690000000000147e+00 2.455093002760441713e-15 2.884337000000000170e-18
3.077085999999999988e+00 2.411838417924003713e-15 2.780948999999999931e-18
3.077481999999999829e+00 2.332441014955783465e-15 2.710433999999999810e-18
3.077878000000000114e+00 2.330769367025791572e-15 2.717006999999999921e-18
3.078273999999999955e+00 2.425168602911794639e-15 2.910762999999999909e-18
3.078669999999999796e+00 2.550103001816933245e-15 2.894525999999999908e-18
3.079066000000000081e+00 2.631318954006198277e-15 2.919430000000000034e-18
3.079461999999999922e+00 2.530388684814984827e-15 2.954828999999999964e-18
3.079858000000000207e+00 2.539995982917513104e-15 6.463334999999999975e-18
3.080254000000000048e+00 2.501431355328238963e-15 2.927530000000000014e-18
3.080649999999999888e+00 2.420631686555517095e-15 2.919786999999999854e-18
3.081046000000000173e+00 2.341146942821712414e-15 2.821635999999999829e-18
3.081442000000000014e+00 2.429716444683609403e-15 2.900197999999999996e-18
3.081837999999999855e+00 2.507226713707741429e-15 3.112277999999999950e-18
3.082234000000000140e+00 2.401722848632314560e-15 3.028696999999999839e-18
3.082629999999999981e+00 nan nan
3.083025999999999822e+00 2.294265451688418062e-15 2.901010999999999839e-18
3.083422000000000107e+00 2.179794613172332960e-15 2.837239999999999934e-18
3.083817999999999948e+00 2.211561004443162616e-15 2.859773000000000075e-18
3.084213999999999789e+00 2.416830393784533172e-15 3.023804999999999912e-18
3.084610000000000074e+00 2.478817525685735454e-15 2.989758000000000158e-18
3.085005999999999915e+00 2.411964342733769717e-15 2.968795999999999976e-18
3.085402000000000200e+00 2.484434215764310028e-15 2.962766000000000171e-18
3.085798000000000041e+00 2.509131260522544204e-15 3.039895999999999929e-18
3.086193999999999882e+00 2.359840598270413782e-15 3.509838000000000321e-18
3.086590000000000167e+00 2.366024911880245669e-15 2.904539000000000057e-18
3.086986000000000008e+00 2.400129320435665334e-15 2.983316000000000034e-18
3.087381999999999849e+00 2.365345193726654002e-15 2.972515000000000164e-18
3.087778000000000134e+00 2.366421966919855858e-15 2.956702000000000016e-18
3.088173999999999975e+00 2.351487564082273460e-15 2.957656999999999869e-18
3.088569999999999816e+00 2.303055891617005453e-15 2.913933999999999921e-18
3.088966000000000101e+00 2.269187066934317148e-15 2.857618000000000181e-18
3.089361999999999941e+00 2.208370906227859893e-15 2.808467999999999946e-18
3.089757999999999782e+00 2.145430800884521423e-15 2.985937999999999973e-18
3.090154000000000067e+00 2.215836348121960418e-15 3.769690999999999827e-18
3.090549999999999908e+00 2.344730301561313588e-15 3.686950999999999757e-18
3.090946000000000193e+00 2.310307564913017347e-15 3.642409999999999711e-18
3.091342000000000034e+00 2.235138122059530256e-15 2.715431999999999989e-18
3.091737999999999875e+00 2.174820064954991240e-15 2.557145000000000039e-18
3.092134000000000160e+00 2.185718171049870800e-15 2.521706999999999889e-18
3.092530000000000001e+00 2.286428716007301415e-15 2.569493999999999926e-18
3.092925999999999842e+00 2.340272192523041111e-15 2.591104999999999896e-18
3.093322000000000127e+00 2.249912287272669508e-15 2.503397999999999920e-18
3.093717999999999968e+00 2.249782264166045471e-15 2.480551000000000152e-18
3.094113999999999809e+00 2.393251041690051854e-15 2.596357000000000105e-18
3.094510000000000094e+00 2.441871402746418178e-15 3.215604999999999924e-18
3.094905999999999935e+00 nan nan
3.095302000000000220e+00 2.190194066676954848e-15 2.894092999999999827e-18
3.095698000000000061e+00 2.083236908013964642e-15 2.387620000000000165e-18
3.096093999999999902e+00 2.126950788978320441e-15 2.395598999999999898e-18
3.096490000000000187e+00 2.336408061088469083e-15 2.534830000000000170e-18
3.096886000000000028e+00 2.246615965245089367e-15 2.456642999999999894e-18
3.097281999999999869e+00 2.169243483187669661e-15 2.382772999999999840e-18
3.097678000000000154e+00 2.263674042909734376e-15 2.447008999999999996e-18
3.098073999999999995e+00 nan 2.826425999999999862e-18
3.098469999999999835e+00 nan nan
3.098866000000000120e+00 nan nan
3.099261999999999961e+00 nan nan
3.099657999999999802e+00 2.398469538462591532e-15 2.472703999999999920e-18
3.100054000000000087e+00 2.394085641309553884e-15 2.470991999999999848e-18
3.100449999999999928e+00 2.354207283759988896e-15 2.453986999999999991e-18
3.100846000000000213e+00 2.438108827769567483e-15 2.471546000000000176e-18
3.101242000000000054e+00 2.566678657565207216e-15 2.552867999999999935e-18
3.101637999999999895e+00 2.593538249090657408e-15 2.546248000000000042e-18
3.102034000000000180e+00 2.508846459259192536e-15 3.597677000000000181e-18
3.102430000000000021e+00 2.381856290640361283e-15 5.380607000000000138e-18
3.102825999999999862e+00 2.248114813181898547e-15 2.370442999999999921e-18
3.103222000000000147e+00 2.319447996854054873e-15 2.406315000000000049e-18
3.103617999999999988e+00 2.344977955959288060e-15 2.414194000000000067e-18
3.104013999999999829e+00 2.427388542911562197e-15 2.467814000000000172e-18
3.104410000000000114e+00 2.452031807716260496e-15 2.493062999999999813e-18
3.104805999999999955e+00 2.423616309783059701e-15 2.475493999999999887e-18
3.105201999999999796e+00 2.379003294480292521e-15 2.462186000000000173e-18
3.105598000000000081e+00 2.321986938342885895e-15 2.441620999999999929e-18
3.105993999999999922e+00 2.252928838220717443e-15 2.431938000000000071e-18
3.106390000000000207e+00 2.198285063894245556e-15 2.403362999999999820e-18
3.106786000000000048e+00 2.267249752602013872e-15 2.471294999999999837e-18
3.107181999999999888e+00 2.376616169219575027e-15 2.575192999999999930e-18
3.107578000000000173e+00 2.399553789690410966e-15 2.691614999999999987e-18
3.107974000000000014e+00 2.235350603729278612e-15 2.497175999999999862e-18
3.108369999999999855e+00 2.216171110297929172e-15 2.514047000000000039e-18
3.108766000000000140e+00 2.278646152950766917e-15 2.541039000000000027e-18
3.109161999999999981e+00 2.212983064857460092e-15 2.568229000000000034e-18
3.109557999999999822e+00 2.300913387172035745e-15 2.573502999999999902e-18
3.109954000000000107e+00 2.472944614718937009e-15 2.701517999999999910e-18
3.110349999999999948e+00 2.424885707977374275e-15 2.638752999999999998e-18
3.110745999999999789e+00 2.309298633803484300e-15 2.582678000000000087e-18
3.111142000000000074e+00 2.275416625508861847e-15 2.577701000000000055e-18
3.111537999999999915e+00 2.330394785270189509e-15 2.609203000000000028e-18
3.111934000000000200e+00 2.343704074155573959e-15 2.641307999999999905e-18
3.112330000000000041e+00 2.314408318328840356e-15 2.612173999999999841e-18
3.112725999999999882e+00 2.339625287119517571e-15 2.669334999999999979e-18
3.113122000000000167e+00 2.324037719094709348e-15 2.691252999999999911e-18
3.113518000000000008e+00 2.225402851788655438e-15 2.624209999999999998e-18
3.113913999999999849e+00 2.166634196312219924e-15 2.591040000000000043e-18
3.114310000000000134e+00 2.184981786291418877e-15 2.625070000000000007e-18
3.114705999999999975e+00 2.137523190820464931e-15 2.586669999999999888e-18
3.115101999999999816e+00 2.122658370712626532e-15 2.561448000000000162e-18
3.115498000000000101e+00 2.272707172522615382e-15 2.697863000000000063e-18
3.115893999999999942e+00 2.389466982720410009e-15 2.731256000000000160e-18
3.116289999999999782e+00 2.351058881391254214e-15 2.682794999999999829e-18
3.116686000000000067e+00 2.334263817942216385e-15 2.675549000000000091e-18
3.117081999999999908e+00 2.445313640348555849e-15 2.823347000000000004e-18
3.117478000000000193e+00 2.424603553075826795e-15 2.849487999999999825e-18
3.117874000000000034e+00 2.258133624295337386e-15 2.692643999999999922e-18
3.118269999999999875e+00 2.176704262068561786e-15 2.638221999999999997e-18
3.118666000000000160e+00 2.180719768862272958e-15 2.557818999999999948e-18
3.119062000000000001e+00 2.211527020419518211e-15 2.554266999999999892e-18
3.119457999999999842e+00 2.295467229629353221e-15 2.588811000000000068e-18
3.119854000000000127e+00 2.375520705530862630e-15 2.603867999999999895e-18
3.120249999999999968e+00 2.407711693340958385e-15 2.591092999999999976e-18
3.120645999999999809e+00 2.370373848081106888e-15 2.570723000000000061e-18
3.121042000000000094e+00 nan 3.112812000000000027e-18
3.121437999999999935e+00 2.296491988492256469e-15 2.631846000000000009e-18
3.121834000000000220e+00 2.356764434894148327e-15 2.552949999999999963e-18
3.122230000000000061e+00 2.461037820964544024e-15 2.791927999999999955e-18
3.122625999999999902e+00 2.412008154887513028e-15 2.766952999999999825e-18
3.123022000000000187e+00 2.366911721644060796e-15 2.727028000000000016e-18
3.123418000000000028e+00 2.463202031143693597e-15 2.581669000000000018e-18
3.123813999999999869e+00 2.493942221180288606e-15 2.587170000000000001e-18
3.124210000000000154e+00 2.373137703396779998e-15 2.706378000000000052e-18
3.124605999999999995e+00 2.276075509125426319e-15 2.739971999999999860e-18
3.125001999999999835e+00 2.344495468852220559e-15 2.783824999999999899e-18
3.125398000000000120e+00 2.454282970174960251e-15 2.846116000000000102e-18
3.125793999999999961e+00 2.460425174522568076e-15 2.744869000000000043e-18
3.126189999999999802e+00 2.432126058584225673e-15 2.546304000000000052e-18
3.126586000000000087e+00 2.491452402039427354e-15 2.568883999999999973e-18
3.126981999999999928e+00 2.487392373337789551e-15 2.586033999999999917e-18
3.127378000000000213e+00 2.400739385363517902e-15 2.479711999999999906e-18
3.127774000000000054e+00 2.349323221729286341e-15 2.490633000000000127e-18
3.128169999999999895e+00 2.326865094781140381e-15 2.483862999999999893e-18
3.128566000000000180e+00 2.279534413699336572e-15 2.425030000000000184e-18
3.128962000000000021e+00 2.266817072680028469e-15 2.466794999999999977e-18
3.129357999999999862e+00 2.233823674655527130e-15 2.536835000000000106e-18
3.129754000000000147e+00 2.169674742534950823e-15 2.523381000000000024e-18
3.130149999999999988e+00 2.139339650474980481e-15 2.482909999999999833e-18
3.130545999999999829e+00 2.133601142037784693e-15 2.477164000000000049e-18
3.130942000000000114e+00 2.210581218346880340e-15 2.550818000000000011e-18
3.131337999999999955e+00 2.272944388276708316e-15 2.562952000000000089e-18
3.131733999999999796e+00 2.319163436305470701e-15 2.569834999999999854e-18
3.132130000000000081e+00 2.417335562281845211e-15 2.570900999999999830e-18
3.132525999999999922e+00 2.351739983893734828e-15 2.598919000000000061e-18
3.132922000000000207e+00 2.148367094956887540e-15 2.466447000000000000e-18
3.133318000000000048e+00 2.117307096425894697e-15 2.425349999999999964e-18
3.133713999999999889e+00 2.257125885493436843e-15 2.490829999999999865e-18
3.134110000000000174e+00 2.346224922199908232e-15 2.555066999999999918e-18
3.134506000000000014e+00 2.448990667165829311e-15 2.610759999999999888e-18
3.134901999999999855e+00 2.359171780626455457e-15 2.560387000000000056e-18
3.135298000000000140e+00 2.253874032145318023e-15 2.464757999999999870e-18
3.135693999999999981e+00 2.229609043647499289e-15 2.516313000000000055e-18
3.136089999999999822e+00 2.322456346511721115e-15 2.530277999999999888e-18
3.136486000000000107e+00 2.570414331186251066e-15 2.683916999999999814e-18
3.136881999999999948e+00 2.664082970149385752e-15 2.750377000000000075e-18
3.137277999999999789e+00 2.459697239125324258e-15 2.616304999999999962e-18
3.137674000000000074e+00 2.260468912082652770e-15 2.519266000000000181e-18
3.138069999999999915e+00 2.161133186150641877e-15 2.482093999999999914e-18
3.138466000000000200e+00 2.192604422378510849e-15 2.466824000000000071e-18
3.138862000000000041e+00 2.320590632300738065e-15 2.548784999999999877e-18
3.139257999999999882e+00 2.431229496374294263e-15 2.635671999999999960e-18
3.139654000000000167e+00 2.419721047636162531e-15 2.614965000000000091e-18
3.140050000000000008e+00 2.459144465488706770e-15 2.746870000000000006e-18
3.140445999999999849e+00 2.487771931723312245e-15 2.675886999999999943e-18
3.140842000000000134e+00 2.402280685638686573e-15 2.616038000000000116e-18
3.141237999999999975e+00 2.295077362661347588e-15 2.505995000000000123e-18
3.141633999999999816e+00 2.176704699358211552e-15 2.485963000000000059e-18
3.142030000000000101e+00 2.134143662477785810e-15 2.412811999999999900e-18
3.142425999999999942e+00 2.297096803848752544e-15 2.491037000000000113e-18
3.142821999999999782e+00 2.462615702840817250e-15 2.581049999999999836e-18
3.143218000000000067e+00 2.331837015405527149e-15 2.536552999999999880e-18
3.143613999999999908e+00 2.172071480381754188e-15 2.444691999999999841e-18
3.144010000000000193e+00 2.258003498089620841e-15 2.576460999999999899e-18
3.144406000000000034e+00 2.359159115477366182e-15 2.582592999999999983e-18
3.144801999999999875e+00 2.430168277697176295e-15 2.582432000000000003e-18
3.145198000000000160e+00 2.469455477038982709e-15 2.612683000000000182e-18
3.145594000000000001e+00 2.496606518369071090e-15 2.616289999999999966e-18
3.145989999999999842e+00 2.459852565831913637e-15 2.613533000000000066e-18
3.146386000000000127e+00 2.349204873132917602e-15 2.543997000000000023e-18
3.146781999999999968e+00 2.346210873248860685e-15 2.568689000000000030e-18
3.147177999999999809e+00 2.373766481789679425e-15 2.736597000000000061e-18
3.147574000000000094e+00 2.314848490419348214e-15 2.745336999999999985e-18
3.147969999999999935e+00 2.305487233098622387e-15 2.675845999999999929e-18
3.148366000000000220e+00 2.420501238434177329e-15 2.683033999999999863e-18
3.148762000000000061e+00 2.429458189997989360e-15 2.710032000000000002e-18
3.149157999999999902e+00 2.357099160620839188e-15 2.681533000000000012e-18
3.149554000000000187e+00 2.296984795182499448e-15 2.661855999999999975e-18
3.149950000000000028e+00 2.249856297202081665e-15 2.669031999999999989e-18
3.150345999999999869e+00 2.314464100928461079e-15 2.731950999999999832e-18
3.150742000000000154e+00 2.401332545710887377e-15 2.765082999999999849e-18
3.151137999999999995e+00 2.529673673326492009e-15 2.848577000000000061e-18
3.151533999999999835e+00 2.579620761673315342e-15 2.878027999999999829e-18
3.151930000000000121e+00 2.403378545939235427e-15 2.746201999999999865e-18
3.152325999999999961e+00 2.313586693566578988e-15 2.811208000000000056e-18
3.152721999999999802e+00 2.339190094004597201e-15 2.959801000000000125e-18
3.153118000000000087e+00 2.327917105323215145e-15 2.960951999999999820e-18
3.153513999999999928e+00 2.299843562250489670e-15 2.784316000000000169e-18
3.153910000000000213e+00 2.261868685372916688e-15 2.661486999999999850e-18
3.154306000000000054e+00 2.268921149755335961e-15 2.673911999999999997e-18
3.154701999999999895e+00 2.301412259995895207e-15 2.670975000000000149e-18
3.155098000000000180e+00 2.314179738346126404e-15 2.609509999999999991e-18
3.155494000000000021e+00 2.224315242664207206e-15 2.502306999999999823e-18
3.155889999999999862e+00 2.212661162236458664e-15 2.515438999999999947e-18
3.156286000000000147e+00 2.273146236508515986e-15 2.541061999999999969e-18
3.156681999999999988e+00 2.260706370276158382e-15 2.479400000000000073e-18
3.157077999999999829e+00 2.266841228601204214e-15 2.492557999999999830e-18
3.157474000000000114e+00 2.289307466938787176e-15 2.542434000000000010e-18
3.157869999999999955e+00 2.260889984902658060e-15 2.524831000000000120e-18
3.158265999999999796e+00 2.198437244082856099e-15 2.461997999999999894e-18
3.158662000000000081e+00 2.246312380759044700e-15 2.470246000000000037e-18
3.159057999999999922e+00 2.337088545356917103e-15 2.585067000000000144e-18
3.159454000000000207e+00 2.374275128966213252e-15 2.624953000000000118e-18
3.159850000000000048e+00 2.395656813606062806e-15 2.600030000000000023e-18
3.160245999999999889e+00 2.346002796768332840e-15 2.617773000000000130e-18
3.160642000000000174e+00 2.360467277975503239e-15 2.638320999999999814e-18
3.161038000000000014e+00 2.448268630516730411e-15 2.680640999999999833e-18
3.161433999999999855e+00 2.443685001153422114e-15 2.676241000000000072e-18
3.161830000000000140e+00 nan 2.630945999999999883e-18
3.162225999999999981e+00 2.421197031715259039e-15 2.654658999999999812e-18
3.162621999999999822e+00 2.434853037727058188e-15 2.770862999999999983e-18
3.163018000000000107e+00 2.525956570107896800e-15 2.749592999999999942e-18
3.163413999999999948e+00 2.579508324468865758e-15 2.772160000000000046e-18
3.163809999999999789e+00 2.545474454285594066e-15 2.826532000000000114e-18
3.164206000000000074e+00 2.503140726096290405e-15 2.828776999999999982e-18
3.164601999999999915e+00 2.408060757009110188e-15 2.760728000000000075e-18
3.164998000000000200e+00 nan 2.768651000000000183e-18
3.165394000000000041e+00 2.269291969729858805e-15 2.691718000000000163e-18
3.165789999999999882e+00 2.321836579707757506e-15 2.695029999999999903e-18
3.166186000000000167e+00 2.382268068816441916e-15 2.731927999999999890e-18
3.166582000000000008e+00 2.270275069706393055e-15 2.679034000000000115e-18
3.166977999999999849e+00 2.245800681491495176e-15 2.763296000000000184e-18
3.167374000000000134e+00 2.331620868522403622e-15 2.831577999999999972e-18
3.167769999999999975e+00 2.319771134947805036e-15 2.952278000000000031e-18
3.168165999999999816e+00 2.298938083469262537e-15 2.913383000000000054e-18
3.168562000000000101e+00 2.401727158682830464e-15 2.984424999999999818e-18
3.168957999999999942e+00 2.377435206902930418e-15 2.978454000000000098e-18
3.169353999999999782e+00 2.302833898538991420e-15 3.228521999999999853e-18
3.169750000000000068e+00 nan nan
3.170145999999999908e+00 nan nan
