# # g395h data
# # wave: um # flux: erg/s/cm^2/nm # err: erg/s/cm^2/nm
2.870332e+00 nan nan
2.870997e+00 2.592268e-15 1.940127e-17
2.871662e+00 2.485226e-15 1.395795e-17
2.872327e+00 2.365943e-15 8.441992e-18
2.872992e+00 2.264760e-15 6.305656e-18
2.873657e+00 2.399514e-15 5.596952e-18
2.874322e+00 2.551319e-15 5.575227e-18
2.874987e+00 2.581714e-15 4.509370e-18
2.875652e+00 2.718666e-15 3.633624e-18
2.876317e+00 2.753671e-15 3.413614e-18
2.876982e+00 2.669055e-15 3.323079e-18
2.877647e+00 2.576452e-15 3.109841e-18
2.878312e+00 2.550770e-15 2.987192e-18
2.878977e+00 2.570927e-15 3.063489e-18
2.879642e+00 2.588380e-15 3.058774e-18
2.880307e+00 2.591126e-15 2.892415e-18
2.880972e+00 2.579464e-15 2.813814e-18
2.881637e+00 2.587050e-15 2.920216e-18
2.882302e+00 2.559740e-15 2.928205e-18
2.882967e+00 2.517203e-15 2.911771e-18
2.883632e+00 2.539744e-15 2.906972e-18
2.884297e+00 2.525641e-15 4.290622e-18
2.884962e+00 2.564944e-15 2.997583e-18
2.885627e+00 2.476050e-15 2.858356e-18
2.886292e+00 2.420051e-15 2.668465e-18
2.886957e+00 2.594929e-15 2.611788e-18
2.887622e+00 2.566192e-15 2.539035e-18
2.888287e+00 2.391020e-15 2.459266e-18
2.888952e+00 2.336124e-15 2.381081e-18
2.889617e+00 2.346334e-15 2.312886e-18
2.890282e+00 2.415397e-15 2.352001e-18
2.890947e+00 2.391785e-15 2.275615e-18
2.891612e+00 2.370187e-15 2.185244e-18
2.892277e+00 2.510437e-15 2.244938e-18
2.892942e+00 2.594394e-15 2.270551e-18
2.893607e+00 2.646310e-15 2.276185e-18
2.894272e+00 2.775465e-15 2.324831e-18
2.894937e+00 2.772003e-15 2.299181e-18
2.895602e+00 2.640735e-15 2.323992e-18
2.896267e+00 nan nan
2.896932e+00 2.616980e-15 2.250369e-18
2.897597e+00 2.732060e-15 2.243085e-18
2.898262e+00 2.723040e-15 2.251272e-18
2.898927e+00 2.449592e-15 2.086650e-18
2.899592e+00 2.331128e-15 2.028741e-18
2.900257e+00 2.358513e-15 2.294216e-18
2.900922e+00 2.368265e-15 2.300456e-18
2.901587e+00 2.437235e-15 2.814497e-18
2.902252e+00 2.470153e-15 2.796340e-18
2.902917e+00 2.535646e-15 2.699736e-18
2.903582e+00 2.587728e-15 2.488019e-18
2.904247e+00 2.424535e-15 2.002267e-18
2.904912e+00 2.445745e-15 2.021258e-18
2.905577e+00 2.549374e-15 2.363975e-18
2.906242e+00 nan nan
2.906907e+00 2.497904e-15 2.014155e-18
2.907572e+00 2.308191e-15 1.961148e-18
2.908237e+00 2.118814e-15 1.884900e-18
2.908902e+00 2.165997e-15 1.919400e-18
2.909567e+00 2.219793e-15 1.954950e-18
2.910232e+00 2.150665e-15 1.917795e-18
2.910897e+00 2.340141e-15 2.044550e-18
2.911562e+00 2.587706e-15 2.201178e-18
2.912227e+00 2.616162e-15 2.231650e-18
2.912892e+00 2.586256e-15 2.229037e-18
2.913557e+00 2.568628e-15 2.212459e-18
2.914222e+00 2.535148e-15 2.220566e-18
2.914887e+00 2.474406e-15 2.217859e-18
2.915552e+00 2.455068e-15 2.173929e-18
2.916217e+00 2.481703e-15 2.186614e-18
2.916882e+00 2.453613e-15 2.240363e-18
2.917547e+00 2.465060e-15 2.339565e-18
2.918212e+00 2.502202e-15 2.346207e-18
2.918877e+00 2.533434e-15 2.397382e-18
2.919542e+00 2.511128e-15 2.473393e-18
2.920207e+00 2.417585e-15 2.421366e-18
2.920872e+00 2.366223e-15 2.360975e-18
2.921537e+00 2.327374e-15 2.293684e-18
2.922202e+00 2.342073e-15 2.706333e-18
2.922867e+00 2.371571e-15 2.339978e-18
2.923532e+00 2.343723e-15 2.352262e-18
2.924197e+00 2.342177e-15 2.350490e-18
2.924862e+00 2.417522e-15 2.400367e-18
2.925527e+00 2.461397e-15 2.497456e-18
2.926192e+00 2.467289e-15 2.547953e-18
2.926857e+00 2.486697e-15 2.504735e-18
2.927522e+00 2.374213e-15 2.386588e-18
2.928187e+00 2.366047e-15 2.348937e-18
2.928852e+00 2.304369e-15 2.321717e-18
2.929517e+00 2.176151e-15 2.197036e-18
2.930182e+00 2.327860e-15 2.233238e-18
2.930847e+00 2.541467e-15 2.326564e-18
2.931512e+00 2.573595e-15 2.771797e-18
2.932177e+00 2.557425e-15 2.609289e-18
2.932842e+00 2.602895e-15 2.274737e-18
2.933507e+00 2.574200e-15 2.282816e-18
2.934172e+00 2.581200e-15 2.309407e-18
2.934837e+00 2.552481e-15 2.622792e-18
2.935502e+00 2.501367e-15 2.119382e-18
2.936167e+00 2.497770e-15 2.097070e-18
2.936832e+00 2.512509e-15 2.114142e-18
2.937497e+00 2.490797e-15 2.093729e-18
2.938162e+00 2.492531e-15 2.124900e-18
2.938827e+00 2.530563e-15 2.113519e-18
2.939492e+00 2.543934e-15 2.105167e-18
2.940157e+00 2.355468e-15 1.956256e-18
2.940822e+00 2.302382e-15 1.879775e-18
2.941487e+00 2.300573e-15 1.796843e-18
2.942152e+00 2.390886e-15 2.181764e-18
2.942817e+00 2.501051e-15 2.741118e-18
2.943482e+00 2.458598e-15 1.845837e-18
2.944147e+00 2.338617e-15 1.788518e-18
2.944812e+00 2.322101e-15 1.770147e-18
2.945477e+00 nan nan
2.946142e+00 nan nan
2.946807e+00 2.232406e-15 2.449581e-18
2.947472e+00 2.147681e-15 1.694582e-18
2.948137e+00 2.150441e-15 1.698813e-18
2.948802e+00 2.178397e-15 1.693590e-18
2.949467e+00 2.393042e-15 1.805029e-18
2.950132e+00 2.530255e-15 1.861827e-18
2.950797e+00 2.525892e-15 1.864331e-18
2.951462e+00 2.506085e-15 1.860196e-18
2.952127e+00 2.454367e-15 2.220673e-18
2.952792e+00 2.423779e-15 1.880660e-18
2.953457e+00 2.352380e-15 1.854694e-18
2.954122e+00 2.297049e-15 2.081257e-18
2.954787e+00 2.296800e-15 1.838369e-18
2.955452e+00 2.237368e-15 1.851322e-18
2.956117e+00 2.190045e-15 1.920560e-18
2.956782e+00 2.336436e-15 2.045618e-18
2.957447e+00 2.537913e-15 2.208161e-18
2.958112e+00 2.532199e-15 2.088175e-18
2.958777e+00 2.436530e-15 1.986409e-18
2.959442e+00 2.363272e-15 1.969227e-18
2.960107e+00 2.356950e-15 1.972120e-18
2.960772e+00 2.413373e-15 2.036827e-18
2.961437e+00 2.368473e-15 1.967124e-18
2.962102e+00 2.355911e-15 1.980481e-18
2.962767e+00 2.293830e-15 1.963452e-18
2.963432e+00 2.261148e-15 1.967588e-18
2.964097e+00 2.329354e-15 2.056855e-18
2.964762e+00 2.470384e-15 2.089563e-18
2.965427e+00 2.485366e-15 2.096090e-18
2.966092e+00 2.310408e-15 2.007678e-18
2.966757e+00 2.261632e-15 1.956806e-18
2.967422e+00 2.336527e-15 1.978435e-18
2.968087e+00 2.245289e-15 1.932811e-18
2.968752e+00 2.132824e-15 1.899144e-18
2.969417e+00 2.251806e-15 1.943892e-18
2.970082e+00 2.361681e-15 2.009705e-18
2.970747e+00 2.351140e-15 2.003022e-18
2.971412e+00 2.285048e-15 1.979775e-18
2.972077e+00 2.228626e-15 1.953477e-18
2.972742e+00 2.277492e-15 1.986080e-18
2.973407e+00 2.396143e-15 2.076714e-18
2.974072e+00 2.453273e-15 2.984437e-18
2.974737e+00 2.350019e-15 2.096281e-18
2.975402e+00 2.353762e-15 2.055244e-18
2.976067e+00 nan nan
2.976732e+00 2.501259e-15 2.486527e-18
2.977397e+00 2.581993e-15 2.174369e-18
2.978062e+00 2.505510e-15 2.162232e-18
2.978727e+00 nan nan
2.979392e+00 nan nan
2.980057e+00 2.322489e-15 4.264557e-18
2.980722e+00 2.407331e-15 2.470327e-18
2.981387e+00 2.375384e-15 2.108158e-18
2.982052e+00 2.319478e-15 2.104240e-18
2.982717e+00 2.260094e-15 2.077004e-18
2.983382e+00 2.284013e-15 2.060523e-18
2.984047e+00 2.319414e-15 2.057287e-18
2.984712e+00 2.362361e-15 2.022588e-18
2.985377e+00 2.378766e-15 1.995030e-18
2.986042e+00 2.355216e-15 1.979414e-18
2.986707e+00 2.252224e-15 1.916321e-18
2.987372e+00 2.191060e-15 1.869214e-18
2.988037e+00 2.158577e-15 2.093183e-18
2.988702e+00 2.060528e-15 2.028126e-18
2.989367e+00 2.047843e-15 1.990886e-18
2.990032e+00 2.185137e-15 1.815454e-18
2.990697e+00 2.221657e-15 1.751452e-18
2.991362e+00 2.244521e-15 1.749574e-18
2.992027e+00 2.269928e-15 1.728739e-18
2.992692e+00 2.295543e-15 1.708773e-18
2.993357e+00 2.354912e-15 1.763741e-18
2.994022e+00 2.399403e-15 2.025503e-18
2.994687e+00 2.406069e-15 2.654112e-18
2.995352e+00 2.386586e-15 1.743246e-18
2.996017e+00 2.334553e-15 1.690433e-18
2.996682e+00 2.279390e-15 1.668941e-18
2.997347e+00 2.313362e-15 1.687534e-18
2.998012e+00 2.297505e-15 1.643175e-18
2.998677e+00 2.229882e-15 1.857138e-18
2.999342e+00 2.332977e-15 1.629072e-18
3.000007e+00 2.406148e-15 1.661102e-18
3.000672e+00 2.320827e-15 1.615252e-18
3.001337e+00 2.270732e-15 1.590946e-18
3.002002e+00 2.281203e-15 1.590407e-18
3.002667e+00 2.285093e-15 1.628560e-18
3.003332e+00 2.240869e-15 1.619718e-18
3.003997e+00 2.249824e-15 1.628080e-18
3.004662e+00 2.234447e-15 1.615716e-18
3.005327e+00 2.211144e-15 1.616600e-18
3.005992e+00 2.207166e-15 1.614061e-18
3.006657e+00 2.148922e-15 1.600181e-18
3.007322e+00 2.049168e-15 1.564848e-18
3.007987e+00 1.987228e-15 1.555313e-18
3.008652e+00 2.030540e-15 1.786538e-18
3.009317e+00 2.036469e-15 1.572812e-18
3.009982e+00 2.029034e-15 1.626332e-18
3.010647e+00 2.088149e-15 1.631878e-18
3.011312e+00 2.160384e-15 1.696184e-18
3.011977e+00 2.192319e-15 1.711357e-18
3.012642e+00 2.219643e-15 1.741820e-18
3.013307e+00 2.272109e-15 1.765736e-18
3.013972e+00 2.350767e-15 1.816952e-18
3.014637e+00 2.470226e-15 1.880022e-18
3.015302e+00 2.491267e-15 1.913800e-18
3.015967e+00 2.382552e-15 1.887529e-18
3.016632e+00 2.333074e-15 1.876230e-18
3.017297e+00 2.274130e-15 1.827095e-18
3.017962e+00 2.298985e-15 1.865922e-18
3.018627e+00 2.375851e-15 1.898883e-18
3.019292e+00 2.368386e-15 1.902032e-18
3.019957e+00 2.343327e-15 1.877131e-18
3.020622e+00 2.341007e-15 1.880476e-18
3.021287e+00 2.310425e-15 1.892376e-18
3.021952e+00 2.149923e-15 1.841429e-18
3.022617e+00 2.109768e-15 1.825725e-18
3.023282e+00 2.171452e-15 1.849052e-18
3.023947e+00 2.153894e-15 1.855524e-18
3.024612e+00 2.191405e-15 1.885816e-18
3.025277e+00 2.192292e-15 1.916463e-18
3.025942e+00 2.130948e-15 1.898334e-18
3.026607e+00 2.154949e-15 1.925205e-18
3.027272e+00 2.293374e-15 1.981339e-18
3.027937e+00 2.305491e-15 2.074373e-18
3.028602e+00 2.204723e-15 2.512341e-18
3.029267e+00 2.134338e-15 2.389663e-18
3.029932e+00 2.103593e-15 2.404449e-18
3.030597e+00 2.154402e-15 1.918616e-18
3.031262e+00 2.149124e-15 1.920793e-18
3.031927e+00 2.199116e-15 1.971844e-18
3.032592e+00 2.303042e-15 2.020417e-18
3.033257e+00 2.299458e-15 2.083421e-18
3.033922e+00 2.266631e-15 2.100287e-18
3.034587e+00 2.276801e-15 2.104116e-18
3.035252e+00 2.299303e-15 4.904966e-18
3.035917e+00 2.228600e-15 2.633497e-18
3.036582e+00 2.257854e-15 2.664836e-18
3.037247e+00 2.292142e-15 2.679318e-18
3.037912e+00 2.285786e-15 2.345261e-18
3.038577e+00 2.217746e-15 1.966365e-18
3.039242e+00 2.206707e-15 1.936812e-18
3.039907e+00 2.290413e-15 2.014969e-18
3.040572e+00 2.322653e-15 2.044339e-18
3.041237e+00 2.298576e-15 2.028617e-18
3.041902e+00 2.313389e-15 2.015478e-18
3.042567e+00 2.243637e-15 2.004191e-18
3.043232e+00 2.141854e-15 2.028398e-18
3.043897e+00 2.114474e-15 1.861758e-18
3.044562e+00 2.079792e-15 1.833351e-18
3.045227e+00 2.085019e-15 1.815273e-18
3.045892e+00 2.099811e-15 1.780699e-18
3.046557e+00 2.157803e-15 1.789401e-18
3.047222e+00 2.208807e-15 1.796998e-18
3.047887e+00 2.162454e-15 1.753130e-18
3.048552e+00 2.168520e-15 1.756738e-18
3.049217e+00 2.104768e-15 1.721525e-18
3.049882e+00 2.031325e-15 1.681927e-18
3.050547e+00 2.095473e-15 1.695599e-18
3.051212e+00 2.135665e-15 1.697600e-18
3.051877e+00 2.156422e-15 1.689422e-18
3.052542e+00 2.109300e-15 1.660391e-18
3.053207e+00 2.118406e-15 1.647898e-18
3.053872e+00 2.199016e-15 1.668874e-18
3.054537e+00 2.259481e-15 1.686820e-18
3.055202e+00 2.402545e-15 1.744216e-18
3.055867e+00 2.500481e-15 1.771343e-18
3.056532e+00 2.427904e-15 1.731990e-18
3.057197e+00 2.358475e-15 1.700539e-18
3.057862e+00 2.313734e-15 1.672489e-18
3.058527e+00 2.237888e-15 1.651495e-18
3.059192e+00 2.203144e-15 1.908763e-18
3.059857e+00 2.280893e-15 1.651067e-18
3.060522e+00 2.277399e-15 1.630861e-18
3.061187e+00 2.257818e-15 1.610598e-18
3.061852e+00 nan nan
3.062517e+00 nan nan
3.063182e+00 2.410651e-15 1.656404e-18
3.063847e+00 2.290903e-15 1.608412e-18
3.064512e+00 2.172515e-15 1.559590e-18
3.065177e+00 2.118952e-15 1.556505e-18
3.065842e+00 2.184891e-15 1.820416e-18
3.066507e+00 2.254255e-15 1.634891e-18
3.067172e+00 2.308427e-15 1.682086e-18
3.067837e+00 2.364611e-15 1.868343e-18
3.068502e+00 2.324765e-15 1.699127e-18
3.069167e+00 2.220777e-15 1.662053e-18
3.069832e+00 2.141423e-15 1.617704e-18
3.070497e+00 2.082285e-15 1.623766e-18
3.071162e+00 2.031534e-15 1.621730e-18
3.071827e+00 2.082675e-15 1.673889e-18
3.072492e+00 2.089682e-15 1.962176e-18
3.073157e+00 2.088161e-15 1.680101e-18
3.073822e+00 2.117955e-15 1.701459e-18
3.074487e+00 2.139635e-15 1.725762e-18
3.075152e+00 2.148156e-15 1.739284e-18
3.075817e+00 2.262686e-15 1.795082e-18
3.076482e+00 2.333068e-15 1.826714e-18
3.077147e+00 2.275957e-15 1.820621e-18
3.077812e+00 2.274011e-15 1.927996e-18
3.078477e+00 2.387086e-15 2.008063e-18
3.079142e+00 2.447812e-15 2.018614e-18
3.079807e+00 2.399174e-15 1.971032e-18
3.080472e+00 2.330360e-15 1.887088e-18
3.081137e+00 2.304322e-15 1.899382e-18
3.081802e+00 2.332374e-15 1.922620e-18
3.082467e+00 2.244516e-15 1.847378e-18
3.083132e+00 2.153441e-15 1.805931e-18
3.083797e+00 2.199832e-15 1.839161e-18
3.084462e+00 2.311041e-15 1.952378e-18
3.085127e+00 2.353084e-15 1.988873e-18
3.085792e+00 2.332920e-15 2.016410e-18
3.086457e+00 2.283160e-15 1.942344e-18
3.087122e+00 2.276125e-15 1.967591e-18
3.087787e+00 2.249882e-15 2.001795e-18
3.088452e+00 2.206669e-15 2.028356e-18
3.089117e+00 2.146061e-15 2.070815e-18
3.089782e+00 2.121480e-15 2.043116e-18
3.090447e+00 2.179055e-15 2.082181e-18
3.091112e+00 2.163385e-15 2.054226e-18
3.091777e+00 2.127745e-15 2.025664e-18
3.092442e+00 2.168715e-15 2.044570e-18
3.093107e+00 2.190973e-15 2.049157e-18
3.093772e+00 2.221196e-15 2.048568e-18
3.094437e+00 2.248716e-15 2.025479e-18
3.095102e+00 2.135854e-15 1.946372e-18
3.095767e+00 2.074943e-15 1.892949e-18
3.096432e+00 2.135944e-15 1.928164e-18
3.097097e+00 2.138939e-15 1.909017e-18
3.097762e+00 2.159534e-15 1.886938e-18
3.098427e+00 2.186613e-15 1.896821e-18
3.099092e+00 2.212930e-15 2.411789e-18
3.099757e+00 2.285694e-15 2.503450e-18
3.100422e+00 2.314500e-15 2.468381e-18
3.101087e+00 2.403209e-15 1.814287e-18
3.101752e+00 2.398961e-15 1.795626e-18
3.102417e+00 2.257670e-15 1.771672e-18
3.103082e+00 2.210617e-15 1.802574e-18
3.103747e+00 2.278876e-15 1.818143e-18
3.104412e+00 2.312628e-15 1.775439e-18
3.105077e+00 2.264624e-15 1.686510e-18
3.105742e+00 2.178334e-15 1.621972e-18
3.106407e+00 2.154872e-15 1.579600e-18
3.107072e+00 2.223388e-15 1.600214e-18
3.107737e+00 2.206089e-15 1.583960e-18
3.108402e+00 2.146669e-15 1.549545e-18
3.109067e+00 2.171822e-15 1.556443e-18
3.109732e+00 2.272868e-15 1.607788e-18
3.110397e+00 2.273096e-15 1.575804e-18
3.111062e+00 2.212553e-15 1.586612e-18
3.111727e+00 2.218207e-15 1.574260e-18
3.112392e+00 2.225005e-15 1.571857e-18
3.113057e+00 2.184326e-15 1.576236e-18
3.113722e+00 2.108264e-15 1.537391e-18
3.114387e+00 2.065585e-15 1.508542e-18
3.115052e+00 2.107060e-15 1.518183e-18
3.115717e+00 2.223654e-15 1.619380e-18
3.116382e+00 2.256191e-15 1.667122e-18
3.117047e+00 nan nan
3.117712e+00 nan nan
3.118377e+00 2.107750e-15 1.504764e-18
3.119042e+00 2.151483e-15 1.751687e-18
3.119707e+00 2.245261e-15 1.548282e-18
3.120372e+00 2.266608e-15 1.593921e-18
3.121037e+00 2.227305e-15 1.844727e-18
3.121702e+00 2.259414e-15 1.862331e-18
3.122367e+00 2.299472e-15 1.658873e-18
3.123032e+00 2.320388e-15 1.675228e-18
3.123697e+00 2.313093e-15 1.650214e-18
3.124362e+00 2.248829e-15 1.639017e-18
3.125027e+00 2.263677e-15 1.643152e-18
3.125692e+00 2.316431e-15 1.682518e-18
3.126357e+00 2.342691e-15 1.717739e-18
3.127022e+00 2.330492e-15 1.716550e-18
3.127687e+00 2.252025e-15 1.704609e-18
3.128352e+00 2.189455e-15 1.686523e-18
3.129017e+00 2.143281e-15 1.662972e-18
3.129682e+00 2.079324e-15 1.679896e-18
3.130347e+00 2.066454e-15 1.685096e-18
3.131012e+00 2.141097e-15 1.713246e-18
3.131677e+00 2.221773e-15 1.775959e-18
3.132342e+00 2.216260e-15 1.854139e-18
3.133007e+00 2.127485e-15 1.805620e-18
3.133672e+00 2.164037e-15 1.829535e-18
3.134337e+00 2.270277e-15 1.846322e-18
3.135002e+00 2.221332e-15 1.816980e-18
3.135667e+00 2.203652e-15 1.784041e-18
3.136332e+00 2.365752e-15 1.869682e-18
3.136997e+00 2.378397e-15 1.896266e-18
3.137662e+00 2.186829e-15 1.812107e-18
3.138327e+00 2.146163e-15 1.761359e-18
3.138992e+00 2.273534e-15 1.790550e-18
3.139657e+00 2.319904e-15 1.796563e-18
3.140322e+00 2.318075e-15 1.811365e-18
3.140987e+00 2.214255e-15 1.744235e-18
3.141652e+00 2.109431e-15 1.711734e-18
3.142317e+00 2.185554e-15 1.752409e-18
3.142982e+00 2.224665e-15 1.777316e-18
3.143647e+00 2.164996e-15 1.741015e-18
3.144312e+00 2.230729e-15 1.772386e-18
3.144977e+00 2.317695e-15 1.816738e-18
3.145642e+00 2.334277e-15 1.825946e-18
3.146307e+00 2.272293e-15 1.777851e-18
3.146972e+00 2.238042e-15 1.757250e-18
3.147637e+00 2.222498e-15 1.773391e-18
3.148302e+00 2.257683e-15 1.799959e-18
3.148967e+00 2.249697e-15 1.765999e-18
3.149632e+00 2.193468e-15 1.731930e-18
3.150297e+00 2.237766e-15 1.743650e-18
3.150962e+00 2.354089e-15 1.794056e-18
3.151627e+00 2.343109e-15 1.793305e-18
3.152292e+00 2.245531e-15 1.741934e-18
3.152957e+00 2.218710e-15 1.745213e-18
3.153622e+00 2.182008e-15 1.736244e-18
3.154287e+00 2.162836e-15 1.710883e-18
3.154952e+00 2.163167e-15 1.742996e-18
3.155617e+00 2.141401e-15 2.080755e-18
3.156282e+00 2.142112e-15 2.043003e-18
3.156947e+00 2.167073e-15 1.740692e-18
3.157612e+00 2.155251e-15 1.713156e-18
3.158277e+00 2.150037e-15 1.871383e-18
3.158942e+00 nan nan
3.159607e+00 nan nan
3.160272e+00 2.304528e-15 1.791002e-18
3.160937e+00 2.301858e-15 1.778425e-18
3.161602e+00 2.313638e-15 1.779799e-18
3.162267e+00 2.329424e-15 1.793028e-18
3.162932e+00 2.401702e-15 1.781344e-18
3.163597e+00 2.432238e-15 1.786905e-18
3.164262e+00 2.350772e-15 1.726417e-18
3.164927e+00 2.253560e-15 1.659795e-18
3.165592e+00 2.216023e-15 1.637218e-18
3.166257e+00 2.223658e-15 1.619393e-18
3.166922e+00 2.186832e-15 1.561810e-18
3.167587e+00 2.207357e-15 1.552256e-18
3.168252e+00 2.230100e-15 1.536567e-18
3.168917e+00 2.240759e-15 1.554969e-18
3.169582e+00 2.243007e-15 1.546470e-18
3.170247e+00 2.275710e-15 1.773958e-18
3.170912e+00 2.283285e-15 1.789213e-18
3.171577e+00 2.232962e-15 1.548477e-18
3.172242e+00 2.166472e-15 2.210797e-18
3.172907e+00 2.195438e-15 2.198227e-18
3.173572e+00 2.255557e-15 2.284191e-18
3.174237e+00 2.242668e-15 1.549102e-18
3.174902e+00 2.191910e-15 1.496125e-18
3.175567e+00 2.232465e-15 1.512494e-18
3.176232e+00 2.202404e-15 1.506428e-18
3.176897e+00 2.126702e-15 1.463649e-18
3.177562e+00 2.146951e-15 1.454564e-18
3.178227e+00 2.168402e-15 1.458927e-18
3.178892e+00 2.151905e-15 1.460382e-18
3.179557e+00 2.173378e-15 1.447279e-18
3.180222e+00 2.238657e-15 1.513270e-18
3.180887e+00 2.250218e-15 2.182959e-18
3.181552e+00 nan nan
3.182217e+00 2.366785e-15 1.566421e-18
3.182882e+00 2.406269e-15 1.561442e-18
3.183547e+00 2.375749e-15 1.573209e-18
3.184212e+00 2.318238e-15 1.877702e-18
3.184877e+00 2.251818e-15 1.617692e-18
3.185542e+00 nan nan
3.186207e+00 2.242730e-15 1.571157e-18
3.186872e+00 2.278304e-15 1.557433e-18
3.187537e+00 2.353096e-15 1.594474e-18
3.188202e+00 2.352453e-15 1.590281e-18
3.188867e+00 2.232444e-15 1.594930e-18
3.189532e+00 2.125036e-15 1.564176e-18
3.190197e+00 2.153187e-15 1.537328e-18
3.190862e+00 2.297756e-15 1.581324e-18
3.191527e+00 2.329044e-15 1.590236e-18
3.192192e+00 2.296981e-15 1.584028e-18
3.192857e+00 2.216548e-15 1.546511e-18
3.193522e+00 2.179156e-15 1.766405e-18
3.194187e+00 2.266540e-15 3.835368e-18
3.194852e+00 2.251128e-15 3.849872e-18
3.195517e+00 2.183499e-15 1.730384e-18
3.196182e+00 2.222762e-15 1.814776e-18
3.196847e+00 2.197935e-15 1.807252e-18
3.197512e+00 2.196407e-15 1.686747e-18
3.198177e+00 2.196447e-15 1.678391e-18
3.198842e+00 2.182993e-15 1.661740e-18
3.199507e+00 2.130812e-15 1.637930e-18
3.200172e+00 2.103243e-15 1.644562e-18
3.200837e+00 2.124777e-15 1.656966e-18
3.201502e+00 2.084843e-15 1.600565e-18
3.202167e+00 2.020713e-15 1.566816e-18
3.202832e+00 2.058345e-15 1.584470e-18
3.203497e+00 2.140700e-15 1.624673e-18
3.204162e+00 2.141482e-15 1.864204e-18
3.204827e+00 2.181112e-15 1.882853e-18
3.205492e+00 2.306524e-15 1.678277e-18
3.206157e+00 2.389157e-15 1.728706e-18
3.206822e+00 2.399088e-15 2.059780e-18
3.207487e+00 2.341771e-15 1.723613e-18
3.208152e+00 2.317652e-15 1.723723e-18
3.208817e+00 2.295418e-15 1.734644e-18
3.209482e+00 2.306113e-15 1.751453e-18
3.210147e+00 2.326473e-15 1.770377e-18
3.210812e+00 nan nan
3.211477e+00 nan nan
3.212142e+00 nan nan
3.212807e+00 2.175136e-15 2.688621e-18
3.213472e+00 2.295307e-15 2.032561e-18
3.214137e+00 2.304028e-15 2.044661e-18
3.214802e+00 2.185784e-15 1.933923e-18
3.215467e+00 2.206934e-15 1.907244e-18
3.216132e+00 2.308740e-15 1.959119e-18
3.216797e+00 2.334273e-15 1.987281e-18
3.217462e+00 2.266307e-15 1.976308e-18
3.218127e+00 2.176540e-15 1.928414e-18
3.218792e+00 2.171434e-15 1.843406e-18
3.219457e+00 2.219014e-15 1.806381e-18
3.220122e+00 2.230054e-15 1.805645e-18
3.220787e+00 2.208894e-15 1.754421e-18
3.221452e+00 2.188881e-15 1.695643e-18
3.222117e+00 2.219836e-15 1.689011e-18
3.222782e+00 2.216139e-15 1.783903e-18
3.223447e+00 2.179117e-15 1.793339e-18
3.224112e+00 2.147832e-15 1.795419e-18
3.224777e+00 2.190377e-15 1.736094e-18
3.225442e+00 2.306209e-15 1.740564e-18
3.226107e+00 2.250342e-15 1.698959e-18
3.226772e+00 2.200158e-15 1.626575e-18
3.227437e+00 2.220882e-15 1.603750e-18
3.228102e+00 2.204966e-15 1.594535e-18
3.228767e+00 2.138532e-15 1.595035e-18
3.229432e+00 nan nan
3.230097e+00 2.296011e-15 1.636139e-18
3.230762e+00 2.359943e-15 1.671779e-18
3.231427e+00 2.391758e-15 1.699351e-18
3.232092e+00 2.278949e-15 1.662196e-18
3.232757e+00 2.210528e-15 1.614697e-18
3.233422e+00 2.264141e-15 1.626980e-18
3.234087e+00 2.282263e-15 1.630006e-18
3.234752e+00 2.282667e-15 1.635801e-18
3.235417e+00 2.255464e-15 1.629117e-18
3.236082e+00 2.280874e-15 1.648750e-18
3.236747e+00 2.299134e-15 1.658853e-18
3.237412e+00 2.234734e-15 2.199187e-18
3.238077e+00 2.220310e-15 2.177224e-18
3.238742e+00 2.286328e-15 1.634929e-18
3.239407e+00 2.256403e-15 1.633882e-18
3.240072e+00 2.149954e-15 1.581052e-18
3.240737e+00 2.091537e-15 1.529985e-18
3.241402e+00 2.178667e-15 1.569328e-18
3.242067e+00 2.257752e-15 1.608745e-18
3.242732e+00 2.201795e-15 1.565149e-18
3.243397e+00 2.183359e-15 1.546657e-18
3.244062e+00 2.178534e-15 1.521007e-18
3.244727e+00 2.177164e-15 1.522301e-18
3.245392e+00 2.197399e-15 1.509011e-18
3.246057e+00 2.216863e-15 1.502529e-18
3.246722e+00 2.206446e-15 1.868663e-18
3.247387e+00 nan nan
3.248052e+00 nan nan
3.248717e+00 nan nan
3.249382e+00 2.247547e-15 1.535505e-18
3.250047e+00 2.267041e-15 1.533668e-18
3.250712e+00 nan nan
3.251377e+00 2.259487e-15 1.567483e-18
3.252042e+00 2.299335e-15 1.575161e-18
3.252707e+00 2.305088e-15 1.595993e-18
3.253372e+00 2.330174e-15 1.602690e-18
3.254037e+00 2.300803e-15 1.575267e-18
3.254702e+00 2.261900e-15 1.537658e-18
3.255367e+00 2.269600e-15 1.519428e-18
3.256032e+00 2.291270e-15 1.568433e-18
3.256697e+00 2.300663e-15 1.575325e-18
3.257362e+00 2.317216e-15 1.578843e-18
3.258027e+00 2.302852e-15 1.548104e-18
3.258692e+00 2.296885e-15 1.538989e-18
3.259357e+00 2.300016e-15 1.543519e-18
3.260022e+00 2.299651e-15 1.546922e-18
3.260687e+00 2.357056e-15 1.583615e-18
3.261352e+00 nan nan
3.262017e+00 nan nan
3.262682e+00 2.216422e-15 2.309375e-18
3.263347e+00 2.182073e-15 1.492597e-18
3.264012e+00 2.258106e-15 1.517447e-18
3.264677e+00 2.261359e-15 1.552612e-18
3.265342e+00 2.178906e-15 1.543891e-18
3.266007e+00 2.202925e-15 1.565441e-18
3.266672e+00 2.279196e-15 1.604125e-18
3.267337e+00 2.300288e-15 1.603288e-18
3.268002e+00 2.241561e-15 1.568613e-18
3.268667e+00 2.163034e-15 1.910887e-18
3.269332e+00 nan nan
3.269997e+00 2.193526e-15 1.562259e-18
3.270662e+00 2.221135e-15 1.572872e-18
3.271327e+00 2.224216e-15 1.577148e-18
3.271992e+00 2.254900e-15 1.583908e-18
3.272657e+00 2.298781e-15 1.646561e-18
3.273322e+00 2.278308e-15 1.665153e-18
3.273987e+00 2.209541e-15 1.640368e-18
3.274652e+00 2.203374e-15 1.671723e-18
3.275317e+00 2.181430e-15 1.672064e-18
3.275982e+00 2.180359e-15 2.357244e-18
3.276647e+00 nan nan
3.277312e+00 nan nan
3.277977e+00 2.182173e-15 1.978044e-18
3.278642e+00 2.168624e-15 1.737106e-18
3.279307e+00 2.218057e-15 1.826175e-18
3.279972e+00 2.211146e-15 1.850726e-18
3.280637e+00 2.163333e-15 1.836477e-18
3.281302e+00 2.125070e-15 1.798472e-18
3.281967e+00 2.161667e-15 1.819676e-18
3.282632e+00 2.232846e-15 1.842702e-18
3.283297e+00 2.277745e-15 1.871781e-18
3.283962e+00 2.286426e-15 1.880527e-18
3.284627e+00 2.272211e-15 1.839295e-18
3.285292e+00 2.290268e-15 1.795637e-18
3.285957e+00 2.276338e-15 1.786975e-18
3.286622e+00 2.210229e-15 1.811243e-18
3.287287e+00 2.125337e-15 1.878877e-18
3.287952e+00 2.099063e-15 1.980340e-18
3.288617e+00 2.166369e-15 2.366427e-18
3.289282e+00 2.288087e-15 2.388111e-18
3.289947e+00 2.302703e-15 2.019069e-18
3.290612e+00 2.216783e-15 1.871129e-18
3.291277e+00 2.202290e-15 1.864925e-18
3.291942e+00 2.278375e-15 3.020635e-18
3.292607e+00 2.219695e-15 2.110832e-18
3.293272e+00 2.143061e-15 2.068460e-18
3.293937e+00 2.122798e-15 2.039103e-18
3.294602e+00 2.148259e-15 2.070953e-18
3.295267e+00 nan nan
3.295932e+00 nan nan
3.296597e+00 2.202955e-15 2.618761e-18
3.297262e+00 2.189859e-15 2.031929e-18
3.297927e+00 2.159028e-15 1.644136e-18
3.298592e+00 2.172380e-15 1.885008e-18
3.299257e+00 2.243791e-15 1.905587e-18
3.299922e+00 2.237599e-15 1.666119e-18
3.300587e+00 2.182058e-15 1.649377e-18
3.301252e+00 2.204321e-15 1.650835e-18
3.301917e+00 2.252352e-15 1.655743e-18
3.302582e+00 2.284586e-15 1.706017e-18
3.303247e+00 2.256020e-15 1.627203e-18
3.303912e+00 2.260611e-15 1.618792e-18
3.304577e+00 2.241909e-15 1.589476e-18
3.305242e+00 2.205018e-15 1.568857e-18
3.305907e+00 2.222979e-15 1.588094e-18
3.306572e+00 2.254278e-15 1.623438e-18
3.307237e+00 2.276322e-15 1.680178e-18
3.307902e+00 2.228491e-15 1.692302e-18
3.308567e+00 2.164906e-15 1.663018e-18
3.309232e+00 nan nan
3.309897e+00 nan nan
3.310562e+00 nan nan
3.311227e+00 nan nan
3.311892e+00 2.115532e-15 1.640199e-18
3.312557e+00 2.121396e-15 1.648865e-18
3.313222e+00 2.205694e-15 1.690711e-18
3.313887e+00 2.243038e-15 1.700726e-18
3.314552e+00 2.177461e-15 1.657199e-18
3.315217e+00 2.094098e-15 1.613686e-18
3.315882e+00 2.093500e-15 1.605940e-18
3.316547e+00 2.135667e-15 1.577966e-18
3.317212e+00 2.141263e-15 1.549664e-18
3.317877e+00 2.175136e-15 1.565024e-18
3.318542e+00 2.188759e-15 1.570009e-18
3.319207e+00 2.138982e-15 1.538344e-18
3.319872e+00 2.062918e-15 1.512603e-18
3.320537e+00 2.032854e-15 1.478854e-18
3.321202e+00 2.063328e-15 1.484801e-18
3.321867e+00 2.107506e-15 1.482272e-18
3.322532e+00 2.153354e-15 1.490981e-18
3.323197e+00 2.252460e-15 1.544214e-18
3.323862e+00 2.248771e-15 1.546981e-18
3.324527e+00 2.218099e-15 1.533701e-18
3.325192e+00 2.211651e-15 1.815409e-18
3.325857e+00 nan nan
3.326522e+00 nan nan
3.327187e+00 nan nan
3.327852e+00 2.133743e-15 1.923160e-18
3.328517e+00 2.188434e-15 1.676818e-18
3.329182e+00 2.216130e-15 1.669979e-18
3.329847e+00 2.225543e-15 1.659756e-18
3.330512e+00 2.237439e-15 1.661236e-18
3.331177e+00 2.234898e-15 1.668103e-18
3.331842e+00 2.230122e-15 1.662297e-18
3.332507e+00 2.208810e-15 1.645885e-18
3.333172e+00 2.175753e-15 1.610942e-18
3.333837e+00 2.195022e-15 1.525649e-18
3.334502e+00 2.218218e-15 1.466120e-18
3.335167e+00 2.206630e-15 1.474862e-18
3.335832e+00 2.151376e-15 1.447387e-18
3.336497e+00 2.130858e-15 1.435079e-18
3.337162e+00 2.098250e-15 1.431016e-18
3.337827e+00 2.078294e-15 1.422837e-18
3.338492e+00 2.072186e-15 1.421527e-18
3.339157e+00 2.075660e-15 1.452847e-18
3.339822e+00 2.087067e-15 1.457510e-18
3.340487e+00 2.095014e-15 1.466212e-18
3.341152e+00 2.118881e-15 1.486181e-18
3.341817e+00 2.157905e-15 1.747790e-18
3.342482e+00 2.153928e-15 1.525308e-18
3.343147e+00 nan nan
3.343812e+00 2.091896e-15 2.131493e-18
3.344477e+00 2.116767e-15 1.543428e-18
3.345142e+00 2.126738e-15 1.583939e-18
3.345807e+00 2.135208e-15 1.577092e-18
3.346472e+00 2.131536e-15 1.576843e-18
3.347137e+00 2.164972e-15 1.636788e-18
3.347802e+00 2.160410e-15 1.659656e-18
3.348467e+00 2.166182e-15 1.696131e-18
3.349132e+00 2.191265e-15 1.727824e-18
3.349797e+00 2.208808e-15 1.707800e-18
3.350462e+00 2.206004e-15 1.743920e-18
3.351127e+00 2.194225e-15 1.779253e-18
3.351792e+00 2.215833e-15 1.825771e-18
3.352457e+00 2.246762e-15 1.877596e-18
3.353122e+00 2.217053e-15 1.875409e-18
3.353787e+00 2.143898e-15 4.276634e-18
3.354452e+00 2.067347e-15 2.721947e-18
3.355117e+00 2.080481e-15 1.798931e-18
3.355782e+00 2.072922e-15 2.061220e-18
3.356447e+00 2.099441e-15 1.811553e-18
3.357112e+00 2.092809e-15 1.767266e-18
3.357777e+00 2.106046e-15 1.775475e-18
3.358442e+00 2.147511e-15 1.773172e-18
3.359107e+00 2.219079e-15 1.820410e-18
3.359772e+00 2.241342e-15 1.850810e-18
3.360437e+00 2.199365e-15 1.840309e-18
3.361102e+00 2.134147e-15 1.779916e-18
3.361767e+00 2.139599e-15 1.729153e-18
3.362432e+00 2.175645e-15 1.719336e-18
3.363097e+00 2.126130e-15 3.950591e-18
3.363762e+00 2.086940e-15 3.810268e-18
3.364427e+00 2.143567e-15 1.682531e-18
3.365092e+00 2.182540e-15 1.660826e-18
3.365757e+00 2.213922e-15 1.657268e-18
3.366422e+00 nan nan
3.367087e+00 2.216276e-15 1.650083e-18
3.367752e+00 2.172312e-15 1.618190e-18
3.368417e+00 2.126171e-15 1.589166e-18
3.369082e+00 2.129886e-15 1.630432e-18
3.369747e+00 2.112984e-15 1.620828e-18
3.370412e+00 2.129313e-15 1.603449e-18
3.371077e+00 2.130415e-15 1.911230e-18
3.371742e+00 2.106795e-15 1.590623e-18
3.372407e+00 2.092585e-15 1.579374e-18
3.373072e+00 2.126249e-15 1.573235e-18
3.373737e+00 2.175405e-15 1.834226e-18
3.374402e+00 2.202675e-15 1.612584e-18
3.375067e+00 2.178009e-15 1.601254e-18
3.375732e+00 2.179768e-15 1.906143e-18
3.376397e+00 2.120752e-15 1.599244e-18
3.377062e+00 2.063415e-15 1.567823e-18
3.377727e+00 2.054268e-15 2.405449e-18
3.378392e+00 nan nan
3.379057e+00 nan nan
3.379722e+00 2.105667e-15 1.822891e-18
3.380387e+00 2.127076e-15 1.566862e-18
3.381052e+00 2.153559e-15 1.613172e-18
3.381717e+00 2.103561e-15 1.583084e-18
3.382382e+00 2.101957e-15 1.581399e-18
3.383047e+00 2.149118e-15 1.598780e-18
3.383712e+00 2.118873e-15 1.590441e-18
3.384377e+00 2.092567e-15 1.565991e-18
3.385042e+00 nan nan
3.385707e+00 2.050922e-15 1.529115e-18
3.386372e+00 2.081724e-15 1.544576e-18
3.387037e+00 2.164452e-15 1.580827e-18
3.387702e+00 2.176449e-15 1.858827e-18
3.388367e+00 2.134682e-15 1.540881e-18
3.389032e+00 2.148753e-15 1.824772e-18
3.389697e+00 nan nan
3.390362e+00 2.217060e-15 1.563542e-18
3.391027e+00 2.253855e-15 1.569413e-18
3.391692e+00 2.246420e-15 1.558705e-18
3.392357e+00 2.189163e-15 1.625095e-18
3.393022e+00 2.093605e-15 1.706017e-18
3.393687e+00 2.022008e-15 1.693201e-18
3.394352e+00 2.102397e-15 1.747335e-18
3.395017e+00 2.148384e-15 1.757282e-18
3.395682e+00 2.116979e-15 1.723830e-18
3.396347e+00 2.087445e-15 1.714720e-18
3.397012e+00 2.109521e-15 2.064396e-18
3.397677e+00 2.144027e-15 1.764681e-18
3.398342e+00 2.171453e-15 2.002945e-18
3.399007e+00 2.146201e-15 1.815960e-18
3.399672e+00 2.140894e-15 1.480780e-18
3.400337e+00 2.104112e-15 1.403871e-18
3.401002e+00 2.042562e-15 1.372800e-18
3.401667e+00 2.078505e-15 1.365020e-18
3.402332e+00 2.133507e-15 1.342148e-18
3.402997e+00 2.132495e-15 1.333589e-18
3.403662e+00 2.055665e-15 2.980606e-18
3.404327e+00 nan nan
3.404992e+00 2.129146e-15 1.562349e-18
3.405657e+00 2.098863e-15 1.319348e-18
3.406322e+00 2.134270e-15 1.340787e-18
3.406987e+00 nan nan
3.407652e+00 2.191517e-15 1.582550e-18
3.408317e+00 2.085471e-15 1.314354e-18
3.408982e+00 2.038230e-15 1.311332e-18
3.409647e+00 2.072306e-15 1.342193e-18
3.410312e+00 2.139633e-15 1.373415e-18
3.410977e+00 2.184462e-15 1.389988e-18
3.411642e+00 2.184500e-15 1.397878e-18
3.412307e+00 2.155461e-15 1.393531e-18
3.412972e+00 2.129355e-15 1.369725e-18
3.413637e+00 2.107713e-15 1.374044e-18
3.414302e+00 2.036047e-15 1.329491e-18
3.414967e+00 2.028336e-15 1.348817e-18
3.415632e+00 2.060868e-15 1.417346e-18
3.416297e+00 2.111331e-15 1.445916e-18
3.416962e+00 2.077286e-15 1.416773e-18
3.417627e+00 2.055466e-15 1.361980e-18
3.418292e+00 2.044753e-15 1.372577e-18
3.418957e+00 2.036381e-15 1.385863e-18
3.419622e+00 2.054539e-15 1.400872e-18
3.420287e+00 2.086599e-15 1.447842e-18
3.420952e+00 2.091200e-15 1.440782e-18
3.421617e+00 2.127085e-15 1.799918e-18
3.422282e+00 2.115308e-15 1.468696e-18
3.422947e+00 2.126055e-15 1.476881e-18
3.423612e+00 2.147318e-15 1.495148e-18
3.424277e+00 2.112542e-15 1.497407e-18
3.424942e+00 2.060409e-15 1.559235e-18
3.425607e+00 2.079481e-15 1.652826e-18
3.426272e+00 2.137503e-15 1.760820e-18
3.426937e+00 2.148362e-15 1.886382e-18
3.427602e+00 2.097643e-15 1.909122e-18
3.428267e+00 2.078474e-15 1.913146e-18
3.428932e+00 2.068162e-15 1.905421e-18
3.429597e+00 2.112844e-15 1.925738e-18
3.430262e+00 2.123949e-15 1.942064e-18
3.430927e+00 2.109709e-15 1.938137e-18
3.431592e+00 2.143522e-15 1.920772e-18
3.432257e+00 2.189106e-15 1.901020e-18
3.432922e+00 2.194853e-15 1.882294e-18
3.433587e+00 2.112975e-15 1.819566e-18
3.434252e+00 2.057069e-15 1.781283e-18
3.434917e+00 2.111403e-15 1.819574e-18
3.435582e+00 2.133949e-15 2.174587e-18
3.436247e+00 2.099426e-15 1.801269e-18
3.436912e+00 2.087883e-15 1.787054e-18
3.437577e+00 2.116161e-15 1.816364e-18
3.438242e+00 2.123010e-15 1.823570e-18
3.438907e+00 2.151734e-15 1.753000e-18
3.439572e+00 nan nan
3.440237e+00 nan nan
3.440902e+00 2.081465e-15 1.748648e-18
3.441567e+00 2.105685e-15 1.738713e-18
3.442232e+00 2.127432e-15 1.657375e-18
3.442897e+00 2.067932e-15 1.621120e-18
3.443562e+00 2.039351e-15 1.598680e-18
3.444227e+00 2.081730e-15 1.596495e-18
3.444892e+00 2.073243e-15 1.594918e-18
3.445557e+00 2.063261e-15 1.599081e-18
3.446222e+00 2.091691e-15 1.605456e-18
3.446887e+00 2.121347e-15 1.590894e-18
3.447552e+00 2.184746e-15 1.595741e-18
3.448217e+00 2.167605e-15 1.597749e-18
3.448882e+00 2.135131e-15 1.582012e-18
3.449547e+00 2.176559e-15 1.624356e-18
3.450212e+00 2.226039e-15 1.666219e-18
3.450877e+00 2.200306e-15 1.671507e-18
3.451542e+00 2.115879e-15 1.626240e-18
3.452207e+00 2.058142e-15 1.647233e-18
3.452872e+00 2.069615e-15 1.638088e-18
3.453537e+00 2.111634e-15 1.633223e-18
3.454202e+00 2.146416e-15 1.646273e-18
3.454867e+00 2.139425e-15 1.634832e-18
3.455532e+00 2.127470e-15 1.632532e-18
3.456197e+00 2.064250e-15 1.628924e-18
3.456862e+00 2.057875e-15 1.675014e-18
3.457527e+00 2.047430e-15 1.676962e-18
3.458192e+00 2.020109e-15 1.662100e-18
3.458857e+00 1.978442e-15 3.734464e-18
3.459522e+00 nan nan
3.460187e+00 nan nan
3.460852e+00 nan nan
3.461517e+00 nan nan
3.462182e+00 2.112284e-15 1.675463e-18
3.462847e+00 2.089719e-15 1.594406e-18
3.463512e+00 2.154829e-15 1.667852e-18
3.464177e+00 2.169609e-15 1.733840e-18
3.464842e+00 2.098909e-15 1.714727e-18
3.465507e+00 2.038686e-15 1.673975e-18
3.466172e+00 2.111844e-15 1.707840e-18
3.466837e+00 2.176119e-15 1.778439e-18
3.467502e+00 2.184647e-15 1.861549e-18
3.468167e+00 2.165989e-15 1.882444e-18
3.468832e+00 nan nan
3.469497e+00 2.142502e-15 1.779656e-18
3.470162e+00 2.155888e-15 1.741654e-18
3.470827e+00 2.135007e-15 1.656372e-18
3.471492e+00 2.098997e-15 1.609098e-18
3.472157e+00 2.145065e-15 1.603171e-18
3.472822e+00 2.199454e-15 1.622051e-18
3.473487e+00 2.142299e-15 1.908568e-18
3.474152e+00 2.080327e-15 1.512191e-18
3.474817e+00 2.001450e-15 1.438400e-18
3.475482e+00 2.025316e-15 1.448477e-18
3.476147e+00 2.122832e-15 1.490378e-18
3.476812e+00 2.113212e-15 1.453846e-18
3.477477e+00 2.071936e-15 1.430979e-18
3.478142e+00 2.051086e-15 1.418014e-18
3.478807e+00 2.088845e-15 1.419364e-18
3.479472e+00 2.119583e-15 1.662109e-18
3.480137e+00 2.113732e-15 1.663249e-18
3.480802e+00 2.053174e-15 1.382787e-18
3.481467e+00 2.039664e-15 1.371148e-18
3.482132e+00 2.074951e-15 1.384198e-18
3.482797e+00 2.082463e-15 1.368403e-18
3.483462e+00 2.100867e-15 1.380382e-18
3.484127e+00 2.130109e-15 1.410972e-18
3.484792e+00 2.057320e-15 1.404026e-18
3.485457e+00 2.046042e-15 1.403003e-18
3.486122e+00 2.098308e-15 1.431928e-18
3.486787e+00 2.059673e-15 1.415576e-18
3.487452e+00 2.026873e-15 1.398509e-18
3.488117e+00 2.064352e-15 1.394364e-18
3.488782e+00 2.108601e-15 1.446826e-18
3.489447e+00 2.133612e-15 1.438404e-18
3.490112e+00 2.106335e-15 1.428927e-18
3.490777e+00 2.026658e-15 1.409909e-18
3.491442e+00 1.969066e-15 1.387999e-18
3.492107e+00 1.954004e-15 1.388891e-18
3.492772e+00 1.962259e-15 1.396096e-18
3.493437e+00 1.989265e-15 1.639995e-18
3.494102e+00 2.038681e-15 1.417559e-18
3.494767e+00 2.089169e-15 1.432710e-18
3.495432e+00 2.123765e-15 1.461810e-18
3.496097e+00 2.135419e-15 1.687417e-18
3.496762e+00 2.109914e-15 1.686966e-18
3.497427e+00 2.066424e-15 1.672007e-18
3.498092e+00 2.057737e-15 1.463407e-18
3.498757e+00 2.007716e-15 1.411693e-18
3.499422e+00 1.990250e-15 1.401417e-18
3.500087e+00 2.059707e-15 1.432280e-18
3.500752e+00 2.094413e-15 1.431858e-18
3.501417e+00 2.096238e-15 1.429353e-18
3.502082e+00 2.160959e-15 1.448533e-18
3.502747e+00 2.227227e-15 1.483758e-18
3.503412e+00 2.186947e-15 1.456824e-18
3.504077e+00 2.147429e-15 1.426717e-18
3.504742e+00 2.078330e-15 1.385731e-18
3.505407e+00 2.063290e-15 1.388812e-18
3.506072e+00 2.132492e-15 1.471736e-18
3.506737e+00 2.168806e-15 1.518707e-18
3.507402e+00 2.148622e-15 1.530388e-18
3.508067e+00 2.057023e-15 1.502610e-18
3.508732e+00 2.069612e-15 1.500988e-18
3.509397e+00 2.140896e-15 1.528135e-18
3.510062e+00 2.109422e-15 1.509337e-18
3.510727e+00 2.049021e-15 1.483093e-18
3.511392e+00 2.045838e-15 1.469305e-18
3.512057e+00 2.057746e-15 1.459162e-18
3.512722e+00 nan nan
3.513387e+00 2.152535e-15 1.774507e-18
3.514052e+00 2.120174e-15 1.496258e-18
3.514717e+00 2.126501e-15 1.503330e-18
3.515382e+00 2.134071e-15 1.513094e-18
3.516047e+00 2.139080e-15 1.517684e-18
3.516712e+00 2.124811e-15 1.482616e-18
3.517377e+00 2.131804e-15 1.525206e-18
3.518042e+00 2.135169e-15 1.522907e-18
3.518707e+00 2.042808e-15 1.502224e-18
3.519372e+00 1.987169e-15 1.507022e-18
3.520037e+00 2.030159e-15 1.491431e-18
3.520702e+00 2.078993e-15 1.648449e-18
3.521367e+00 2.111188e-15 3.166015e-18
3.522032e+00 2.106800e-15 1.472864e-18
3.522697e+00 2.078088e-15 1.439185e-18
3.523362e+00 2.065216e-15 1.445478e-18
3.524027e+00 2.107970e-15 1.455163e-18
3.524692e+00 2.107144e-15 1.447746e-18
3.525357e+00 2.117124e-15 1.448574e-18
3.526022e+00 2.141086e-15 1.465495e-18
3.526687e+00 2.111283e-15 1.471035e-18
3.527352e+00 2.038598e-15 1.446053e-18
3.528017e+00 2.034757e-15 1.456831e-18
3.528682e+00 2.052953e-15 1.641319e-18
3.529347e+00 2.095649e-15 1.649190e-18
3.530012e+00 2.144785e-15 1.568427e-18
3.530677e+00 2.171884e-15 2.021461e-18
3.531342e+00 2.184121e-15 1.615403e-18
3.532007e+00 2.166368e-15 1.616020e-18
3.532672e+00 2.180033e-15 1.605413e-18
3.533337e+00 2.173113e-15 1.613426e-18
3.534002e+00 2.172183e-15 1.596940e-18
3.534667e+00 2.197099e-15 1.632221e-18
3.535332e+00 2.173021e-15 1.616358e-18
3.535997e+00 2.138796e-15 1.565433e-18
3.536662e+00 2.101221e-15 1.521225e-18
3.537327e+00 2.089337e-15 1.545446e-18
3.537992e+00 2.083790e-15 1.552000e-18
3.538657e+00 2.102311e-15 1.526019e-18
3.539322e+00 2.106119e-15 1.531331e-18
3.539987e+00 2.128907e-15 1.536842e-18
3.540652e+00 2.167748e-15 1.535639e-18
3.541317e+00 2.127517e-15 1.504298e-18
3.541982e+00 2.098317e-15 1.502026e-18
3.542647e+00 2.172023e-15 1.536288e-18
3.543312e+00 2.146095e-15 1.726626e-18
3.543977e+00 nan nan
3.544642e+00 1.995004e-15 1.735821e-18
3.545307e+00 2.038965e-15 1.483788e-18
3.545972e+00 2.087461e-15 1.501435e-18
3.546637e+00 2.156510e-15 1.531987e-18
3.547302e+00 2.187421e-15 1.521744e-18
3.547967e+00 2.177917e-15 2.209427e-18
3.548632e+00 2.186312e-15 1.508971e-18
3.549297e+00 2.188393e-15 1.524838e-18
3.549962e+00 2.158806e-15 2.103712e-18
3.550627e+00 2.145413e-15 2.116752e-18
3.551292e+00 2.146281e-15 1.499302e-18
3.551957e+00 2.136120e-15 1.495093e-18
3.552622e+00 2.109067e-15 1.478079e-18
3.553287e+00 2.086489e-15 1.489767e-18
3.553952e+00 2.093559e-15 1.504228e-18
3.554617e+00 2.137491e-15 1.744460e-18
3.555282e+00 2.151816e-15 1.506055e-18
3.555947e+00 2.116276e-15 1.501916e-18
3.556612e+00 2.110076e-15 1.525627e-18
3.557277e+00 2.122505e-15 1.581996e-18
3.557942e+00 2.136793e-15 1.662947e-18
3.558607e+00 2.142917e-15 1.672571e-18
3.559272e+00 2.154727e-15 1.674141e-18
3.559937e+00 2.122767e-15 1.656851e-18
3.560602e+00 2.125173e-15 1.677057e-18
3.561267e+00 2.109848e-15 1.673606e-18
3.561932e+00 2.075536e-15 1.883741e-18
3.562597e+00 2.116955e-15 1.663554e-18
3.563262e+00 nan nan
3.563927e+00 2.129378e-15 1.585938e-18
3.564592e+00 2.089525e-15 1.583242e-18
3.565257e+00 2.121280e-15 3.279368e-18
3.565922e+00 2.181441e-15 3.234771e-18
3.566587e+00 2.185471e-15 1.626236e-18
3.567252e+00 2.155290e-15 1.600057e-18
3.567917e+00 2.093701e-15 1.573496e-18
3.568582e+00 2.082067e-15 1.540522e-18
3.569247e+00 nan nan
3.569912e+00 2.100489e-15 1.636237e-18
3.570577e+00 2.061399e-15 1.606006e-18
3.571242e+00 2.092317e-15 1.571739e-18
3.571907e+00 2.120431e-15 1.581623e-18
3.572572e+00 2.117856e-15 1.558202e-18
3.573237e+00 2.167146e-15 1.540901e-18
3.573902e+00 2.172669e-15 1.562226e-18
3.574567e+00 2.163606e-15 1.588307e-18
3.575232e+00 2.111419e-15 1.556452e-18
3.575897e+00 2.094047e-15 3.478569e-18
3.576562e+00 2.109349e-15 1.827031e-18
3.577227e+00 2.113308e-15 1.526534e-18
3.577892e+00 2.169496e-15 1.548395e-18
3.578557e+00 2.143405e-15 1.773435e-18
3.579222e+00 2.123311e-15 1.479950e-18
3.579887e+00 2.181035e-15 1.478576e-18
3.580552e+00 2.162710e-15 2.514219e-18
3.581217e+00 2.100152e-15 3.496761e-18
3.581882e+00 2.098175e-15 3.467044e-18
3.582547e+00 2.109351e-15 1.453959e-18
3.583212e+00 2.147005e-15 1.430921e-18
3.583877e+00 nan nan
3.584542e+00 nan nan
3.585207e+00 2.160830e-15 1.414154e-18
3.585872e+00 2.103941e-15 1.409191e-18
3.586537e+00 2.095239e-15 1.861557e-18
3.587202e+00 2.104010e-15 1.399628e-18
3.587867e+00 2.119840e-15 1.378162e-18
3.588532e+00 2.157066e-15 1.435736e-18
3.589197e+00 2.173734e-15 1.485659e-18
3.589862e+00 2.190120e-15 1.495042e-18
3.590527e+00 2.191543e-15 1.474512e-18
3.591192e+00 2.151779e-15 1.457711e-18
3.591857e+00 2.148537e-15 1.429920e-18
3.592522e+00 2.158104e-15 1.417028e-18
3.593187e+00 2.125733e-15 1.394866e-18
3.593852e+00 2.115599e-15 1.418421e-18
3.594517e+00 2.136433e-15 1.397152e-18
3.595182e+00 2.110789e-15 1.368558e-18
3.595847e+00 2.134372e-15 1.627662e-18
3.596512e+00 nan nan
3.597177e+00 2.056413e-15 1.604214e-18
3.597842e+00 2.056525e-15 1.375983e-18
3.598507e+00 2.133921e-15 1.418145e-18
3.599172e+00 2.151779e-15 1.408563e-18
3.599837e+00 2.147533e-15 1.416227e-18
3.600502e+00 2.095180e-15 1.393786e-18
3.601167e+00 2.033615e-15 1.563343e-18
3.601832e+00 2.023479e-15 1.393732e-18
3.602497e+00 2.012344e-15 1.417621e-18
3.603162e+00 2.057849e-15 1.433185e-18
3.603827e+00 2.132878e-15 1.432863e-18
3.604492e+00 2.180365e-15 1.458927e-18
3.605157e+00 2.210792e-15 1.496428e-18
3.605822e+00 nan nan
3.606487e+00 nan nan
3.607152e+00 2.196750e-15 1.713226e-18
3.607817e+00 2.207185e-15 1.433678e-18
3.608482e+00 2.115149e-15 1.383671e-18
3.609147e+00 2.111657e-15 2.021930e-18
3.609812e+00 2.224184e-15 2.134693e-18
3.610477e+00 2.210554e-15 1.451921e-18
3.611142e+00 2.143423e-15 1.390361e-18
3.611807e+00 2.156346e-15 1.874943e-18
3.612472e+00 2.129872e-15 1.853639e-18
3.613137e+00 2.090484e-15 1.576019e-18
3.613802e+00 2.168492e-15 3.054139e-18
3.614467e+00 2.197838e-15 3.081887e-18
3.615132e+00 nan nan
3.615797e+00 2.156401e-15 1.986569e-18
3.616462e+00 2.097377e-15 1.976850e-18
3.617127e+00 2.057481e-15 1.328317e-18
3.617792e+00 2.117993e-15 1.372486e-18
3.618457e+00 2.159402e-15 1.395292e-18
3.619122e+00 2.152423e-15 1.409740e-18
3.619787e+00 2.152465e-15 1.448814e-18
3.620452e+00 2.182462e-15 1.502130e-18
3.621117e+00 2.137428e-15 1.494209e-18
3.621782e+00 2.092506e-15 1.474621e-18
3.622447e+00 2.076855e-15 1.462568e-18
3.623112e+00 2.086785e-15 1.477006e-18
3.623777e+00 2.069225e-15 1.484035e-18
3.624442e+00 2.079374e-15 1.485757e-18
3.625107e+00 2.119628e-15 1.481996e-18
3.625772e+00 2.087098e-15 1.470441e-18
3.626437e+00 2.072068e-15 1.471266e-18
3.627102e+00 2.122903e-15 1.496422e-18
3.627767e+00 2.196900e-15 1.532792e-18
3.628432e+00 2.202552e-15 1.543769e-18
3.629097e+00 2.182443e-15 1.540631e-18
3.629762e+00 2.217997e-15 1.830909e-18
3.630427e+00 2.203188e-15 2.206854e-18
3.631092e+00 2.114005e-15 1.510366e-18
3.631757e+00 2.100774e-15 1.452528e-18
3.632422e+00 2.106113e-15 1.422519e-18
3.633087e+00 2.088695e-15 1.364843e-18
3.633752e+00 2.084008e-15 1.377919e-18
3.634417e+00 2.129239e-15 1.404169e-18
3.635082e+00 2.157266e-15 1.420192e-18
3.635747e+00 2.086125e-15 1.404236e-18
3.636412e+00 2.036237e-15 1.375683e-18
3.637077e+00 2.009762e-15 1.379011e-18
3.637742e+00 2.038427e-15 1.420888e-18
3.638407e+00 2.099010e-15 1.438331e-18
3.639072e+00 2.144533e-15 1.472808e-18
3.639737e+00 2.133201e-15 1.473645e-18
3.640402e+00 2.068547e-15 1.724822e-18
3.641067e+00 nan nan
3.641732e+00 2.122810e-15 1.632331e-18
3.642397e+00 2.122757e-15 1.648569e-18
3.643062e+00 2.158576e-15 1.682988e-18
3.643727e+00 2.186910e-15 1.660113e-18
3.644392e+00 2.186425e-15 1.607979e-18
3.645057e+00 2.149255e-15 1.645477e-18
3.645722e+00 2.131819e-15 1.694667e-18
3.646387e+00 2.099321e-15 1.704355e-18
3.647052e+00 2.094133e-15 1.707410e-18
3.647717e+00 2.098294e-15 1.665661e-18
3.648382e+00 2.085896e-15 1.624225e-18
3.649047e+00 2.096411e-15 1.623150e-18
3.649712e+00 2.076732e-15 1.613653e-18
3.650377e+00 2.079251e-15 1.540262e-18
3.651042e+00 2.078503e-15 1.482864e-18
3.651707e+00 2.060085e-15 1.456100e-18
3.652372e+00 2.067745e-15 1.453063e-18
3.653037e+00 2.081127e-15 1.512328e-18
3.653702e+00 nan nan
3.654367e+00 nan nan
3.655032e+00 2.061669e-15 1.502711e-18
3.655697e+00 2.106214e-15 1.784728e-18
3.656362e+00 2.115583e-15 1.550934e-18
3.657027e+00 2.106308e-15 1.538124e-18
3.657692e+00 2.057298e-15 1.507468e-18
3.658357e+00 2.023789e-15 1.530173e-18
3.659022e+00 2.050986e-15 1.558726e-18
3.659687e+00 2.066963e-15 1.550343e-18
3.660352e+00 2.087428e-15 1.562123e-18
3.661017e+00 2.088915e-15 1.579317e-18
3.661682e+00 2.073929e-15 1.579060e-18
3.662347e+00 2.068684e-15 1.580940e-18
3.663012e+00 2.077393e-15 1.587327e-18
3.663677e+00 2.089067e-15 1.572816e-18
3.664342e+00 2.041559e-15 1.596495e-18
3.665007e+00 2.063039e-15 1.581698e-18
3.665672e+00 2.085703e-15 1.567334e-18
3.666337e+00 2.116567e-15 1.817615e-18
3.667002e+00 2.130854e-15 1.587484e-18
3.667667e+00 2.143235e-15 1.573807e-18
3.668332e+00 2.159146e-15 1.588207e-18
3.668997e+00 2.129034e-15 1.738735e-18
3.669662e+00 2.110093e-15 1.920238e-18
3.670327e+00 2.113978e-15 2.230209e-18
3.670992e+00 2.132506e-15 2.511266e-18
3.671657e+00 2.142201e-15 3.048534e-18
3.672322e+00 2.120927e-15 2.242294e-18
3.672987e+00 2.074783e-15 1.859715e-18
3.673652e+00 2.049534e-15 1.875222e-18
3.674317e+00 2.072396e-15 1.891417e-18
3.674982e+00 2.082695e-15 1.902215e-18
3.675647e+00 2.073603e-15 1.927037e-18
3.676312e+00 2.081654e-15 1.907925e-18
3.676977e+00 2.095171e-15 1.824071e-18
3.677642e+00 2.072436e-15 1.731612e-18
3.678307e+00 2.077785e-15 1.709387e-18
3.678972e+00 2.085398e-15 1.683688e-18
3.679637e+00 2.051550e-15 1.636923e-18
3.680302e+00 2.031483e-15 1.572010e-18
3.680967e+00 2.094930e-15 1.577910e-18
3.681632e+00 2.104036e-15 1.592087e-18
3.682297e+00 2.092093e-15 1.580951e-18
3.682962e+00 2.094791e-15 1.587072e-18
3.683627e+00 2.105865e-15 1.619064e-18
3.684292e+00 2.050412e-15 1.792452e-18
3.684957e+00 2.073286e-15 1.841753e-18
3.685622e+00 2.119503e-15 1.610768e-18
3.686287e+00 2.120294e-15 1.605409e-18
3.686952e+00 2.128299e-15 1.658448e-18
3.687617e+00 2.114604e-15 1.644760e-18
3.688282e+00 2.074908e-15 1.928717e-18
3.688947e+00 2.073995e-15 1.617276e-18
3.689612e+00 2.090859e-15 1.628775e-18
3.690277e+00 2.034093e-15 3.459558e-18
3.690942e+00 1.908708e-15 3.657413e-18
3.691607e+00 2.028034e-15 3.744338e-18
3.692272e+00 2.097046e-15 2.606449e-18
3.692937e+00 nan nan
3.693602e+00 2.077896e-15 1.732105e-18
3.694267e+00 2.023313e-15 1.570767e-18
3.694932e+00 2.070451e-15 1.579165e-18
3.695597e+00 2.093677e-15 1.590575e-18
3.696262e+00 2.086253e-15 1.578123e-18
3.696927e+00 2.103716e-15 1.517744e-18
3.697592e+00 2.109834e-15 1.497248e-18
3.698257e+00 2.100129e-15 1.467336e-18
3.698922e+00 2.078101e-15 1.447085e-18
3.699587e+00 nan nan
3.700252e+00 1.918135e-15 3.037033e-18
3.700917e+00 2.020818e-15 3.493292e-18
3.701582e+00 2.082776e-15 1.690298e-18
3.702247e+00 2.125006e-15 1.682780e-18
3.702912e+00 2.115078e-15 1.682203e-18
3.703577e+00 nan nan
3.704242e+00 2.116522e-15 1.678263e-18
3.704907e+00 2.097690e-15 1.490646e-18
3.705572e+00 2.122126e-15 1.488094e-18
3.706237e+00 2.112945e-15 1.426967e-18
3.706902e+00 2.102471e-15 1.433797e-18
3.707567e+00 2.038252e-15 1.396754e-18
3.708232e+00 2.005023e-15 1.376613e-18
3.708897e+00 2.013938e-15 1.385562e-18
3.709562e+00 2.053128e-15 1.397439e-18
3.710227e+00 2.097820e-15 1.419329e-18
3.710892e+00 2.121639e-15 1.450223e-18
3.711557e+00 2.129356e-15 1.458214e-18
3.712222e+00 2.121785e-15 1.494060e-18
3.712887e+00 2.095283e-15 1.530907e-18
3.713552e+00 2.070913e-15 1.475265e-18
3.714217e+00 2.064138e-15 1.426737e-18
3.714882e+00 2.081750e-15 1.434863e-18
3.715547e+00 2.078280e-15 1.434022e-18
3.716212e+00 2.030987e-15 1.437872e-18
3.716877e+00 2.067093e-15 1.745282e-18
3.717542e+00 2.062306e-15 1.620736e-18
3.718207e+00 2.058270e-15 1.731892e-18
3.718872e+00 2.053539e-15 1.752787e-18
3.719537e+00 nan nan
3.720202e+00 2.099612e-15 1.767875e-18
3.720867e+00 2.086755e-15 1.687517e-18
3.721532e+00 2.076253e-15 1.581992e-18
3.722197e+00 2.077670e-15 1.529601e-18
3.722862e+00 2.048082e-15 1.473020e-18
3.723527e+00 nan nan
3.724192e+00 nan nan
3.724857e+00 2.148887e-15 1.530722e-18
3.725522e+00 2.105749e-15 1.470546e-18
3.726187e+00 2.032701e-15 1.376646e-18
3.726852e+00 2.067855e-15 1.386150e-18
3.727517e+00 2.108804e-15 1.345418e-18
3.728182e+00 2.123975e-15 1.320521e-18
3.728847e+00 2.096617e-15 1.308869e-18
3.729512e+00 2.125047e-15 1.370228e-18
3.730177e+00 2.122907e-15 1.558707e-18
3.730842e+00 -4.489657e-11 1.910892e-14
3.731507e+00 2.086361e-15 1.297894e-18
3.732172e+00 2.038714e-15 1.267855e-18
3.732837e+00 2.011863e-15 1.256338e-18
3.733502e+00 1.987584e-15 1.243002e-18
3.734167e+00 1.994475e-15 1.266701e-18
3.734832e+00 2.021341e-15 1.302733e-18
3.735497e+00 2.030063e-15 1.366689e-18
3.736162e+00 2.053272e-15 1.402837e-18
3.736827e+00 2.074062e-15 1.786951e-18
3.737492e+00 2.052288e-15 1.590985e-18
3.738157e+00 2.031408e-15 2.429708e-18
3.738822e+00 nan nan
3.739487e+00 2.037900e-15 3.550084e-18
3.740152e+00 2.132519e-15 1.727068e-18
3.740817e+00 2.109754e-15 1.738186e-18
3.741482e+00 2.088435e-15 2.609992e-18
3.742147e+00 2.042233e-15 1.715535e-18
3.742812e+00 2.037574e-15 1.709975e-18
3.743477e+00 2.075162e-15 1.619382e-18
3.744142e+00 2.086882e-15 1.484682e-18
3.744807e+00 2.023536e-15 1.403176e-18
3.745472e+00 1.967101e-15 1.364583e-18
3.746137e+00 2.024293e-15 1.393951e-18
3.746802e+00 2.098135e-15 1.381875e-18
3.747467e+00 2.089139e-15 1.328251e-18
3.748132e+00 2.055669e-15 1.313888e-18
3.748797e+00 2.064413e-15 1.294339e-18
3.749462e+00 2.100222e-15 1.819972e-18
3.750127e+00 2.104084e-15 1.305438e-18
3.750792e+00 2.084859e-15 1.296331e-18
3.751457e+00 2.090034e-15 1.500476e-18
3.752122e+00 2.104813e-15 1.312551e-18
3.752787e+00 2.089982e-15 1.329999e-18
3.753452e+00 2.050220e-15 1.310893e-18
3.754117e+00 2.047920e-15 1.312707e-18
3.754782e+00 2.063477e-15 1.306177e-18
3.755447e+00 2.051806e-15 1.307604e-18
3.756112e+00 2.015839e-15 1.308806e-18
3.756777e+00 2.013060e-15 1.314348e-18
3.757442e+00 nan nan
3.758107e+00 2.090612e-15 1.331816e-18
3.758772e+00 2.131352e-15 1.374493e-18
3.759437e+00 2.115863e-15 1.377766e-18
3.760102e+00 2.082279e-15 1.331058e-18
3.760767e+00 2.059688e-15 1.331407e-18
3.761432e+00 2.071050e-15 1.347645e-18
3.762097e+00 2.036217e-15 1.334283e-18
3.762762e+00 2.001071e-15 1.301936e-18
3.763427e+00 1.992022e-15 1.293495e-18
3.764092e+00 1.983416e-15 1.287665e-18
3.764757e+00 2.001326e-15 1.290541e-18
3.765422e+00 2.026037e-15 1.291706e-18
3.766087e+00 2.049475e-15 1.289724e-18
3.766752e+00 2.057281e-15 1.294219e-18
3.767417e+00 2.066572e-15 1.292499e-18
3.768082e+00 2.085766e-15 1.291497e-18
3.768747e+00 2.091956e-15 1.288398e-18
3.769412e+00 2.070122e-15 1.296160e-18
3.770077e+00 2.035920e-15 1.494658e-18
3.770742e+00 2.017478e-15 1.289137e-18
3.771407e+00 2.048022e-15 1.279323e-18
3.772072e+00 2.069604e-15 1.286833e-18
3.772737e+00 2.040047e-15 1.282994e-18
3.773402e+00 1.999593e-15 1.259870e-18
3.774067e+00 1.974007e-15 1.239857e-18
3.774732e+00 2.030802e-15 1.274108e-18
3.775397e+00 2.109996e-15 1.297476e-18
3.776062e+00 2.139814e-15 1.313943e-18
3.776727e+00 2.115123e-15 1.499718e-18
3.777392e+00 2.102983e-15 1.857573e-18
3.778057e+00 nan nan
3.778722e+00 2.067650e-15 1.669759e-18
3.779387e+00 2.041207e-15 1.593184e-18
3.780052e+00 2.049591e-15 1.285585e-18
3.780717e+00 2.040286e-15 1.289436e-18
3.781382e+00 2.061240e-15 1.300029e-18
3.782047e+00 2.063430e-15 1.294351e-18
3.782712e+00 2.097167e-15 1.302357e-18
3.783377e+00 2.116346e-15 1.306574e-18
3.784042e+00 2.072070e-15 1.287662e-18
3.784707e+00 2.062266e-15 1.301397e-18
3.785372e+00 2.091000e-15 1.325902e-18
3.786037e+00 2.106726e-15 1.566123e-18
3.786702e+00 2.047712e-15 1.328976e-18
3.787367e+00 2.024306e-15 1.310881e-18
3.788032e+00 2.045609e-15 1.340378e-18
3.788697e+00 nan nan
3.789362e+00 2.070919e-15 1.361325e-18
3.790027e+00 2.051583e-15 1.319995e-18
3.790692e+00 2.042240e-15 1.333127e-18
3.791357e+00 2.036566e-15 1.328275e-18
3.792022e+00 2.035581e-15 1.343374e-18
3.792687e+00 2.051022e-15 1.563594e-18
3.793352e+00 2.052590e-15 1.349306e-18
3.794017e+00 2.072579e-15 1.371609e-18
3.794682e+00 2.086356e-15 1.398209e-18
3.795347e+00 2.058937e-15 1.398232e-18
3.796012e+00 2.016183e-15 1.381063e-18
3.796677e+00 2.027765e-15 1.403891e-18
3.797342e+00 2.070650e-15 1.433924e-18
3.798007e+00 2.101319e-15 1.436303e-18
3.798672e+00 2.076277e-15 2.310975e-18
3.799337e+00 2.001002e-15 2.246764e-18
3.800002e+00 1.950252e-15 2.226165e-18
3.800667e+00 2.001681e-15 2.234144e-18
3.801332e+00 2.066380e-15 1.408815e-18
3.801997e+00 2.059374e-15 1.415716e-18
3.802662e+00 2.057294e-15 1.426574e-18
3.803327e+00 2.066880e-15 1.441536e-18
3.803992e+00 nan nan
3.804657e+00 nan nan
3.805322e+00 nan nan
3.805987e+00 2.000414e-15 1.399153e-18
3.806652e+00 1.980057e-15 1.361423e-18
3.807317e+00 1.972472e-15 1.355192e-18
3.807982e+00 1.952452e-15 1.336700e-18
3.808647e+00 1.976759e-15 1.354305e-18
3.809312e+00 2.031741e-15 1.361216e-18
3.809977e+00 2.043406e-15 1.371739e-18
3.810642e+00 2.015318e-15 1.374046e-18
3.811307e+00 1.971602e-15 1.366334e-18
3.811972e+00 1.981284e-15 1.379165e-18
3.812637e+00 2.030627e-15 1.395953e-18
3.813302e+00 2.070216e-15 1.402190e-18
3.813967e+00 2.110441e-15 1.449862e-18
3.814632e+00 2.078491e-15 1.443377e-18
3.815297e+00 2.013840e-15 1.475250e-18
3.815962e+00 2.004575e-15 1.492688e-18
3.816627e+00 2.022172e-15 1.512978e-18
3.817292e+00 2.049573e-15 1.522591e-18
3.817957e+00 2.046029e-15 1.513212e-18
3.818622e+00 2.027665e-15 1.524044e-18
3.819287e+00 2.046306e-15 1.562008e-18
3.819952e+00 2.054735e-15 1.571764e-18
3.820617e+00 2.038570e-15 1.593528e-18
3.821282e+00 2.036447e-15 2.978905e-18
3.821947e+00 2.067767e-15 2.213434e-18
3.822612e+00 2.006923e-15 2.799189e-18
3.823277e+00 1.985431e-15 2.062700e-18
3.823942e+00 2.014551e-15 1.521081e-18
3.824607e+00 2.033434e-15 2.729673e-18
3.825272e+00 2.019399e-15 1.508052e-18
3.825937e+00 nan nan
3.826602e+00 nan nan
3.827267e+00 2.009714e-15 1.685075e-18
3.827932e+00 2.014990e-15 1.465498e-18
3.828597e+00 2.011298e-15 1.624175e-18
3.829262e+00 2.001850e-15 2.041847e-18
3.829927e+00 1.966017e-15 1.381311e-18
3.830592e+00 1.976232e-15 1.398635e-18
3.831257e+00 1.980896e-15 1.413967e-18
3.831922e+00 1.985885e-15 1.418356e-18
3.832587e+00 2.017790e-15 2.117469e-18
3.833252e+00 2.021897e-15 2.114419e-18
3.833917e+00 2.002260e-15 1.390998e-18
3.834582e+00 1.996506e-15 1.390691e-18
3.835247e+00 1.991874e-15 1.412363e-18
3.835912e+00 1.977477e-15 1.437237e-18
3.836577e+00 2.002044e-15 2.158770e-18
3.837242e+00 2.024120e-15 3.132825e-18
3.837907e+00 2.032276e-15 3.120375e-18
3.838572e+00 2.035547e-15 1.465869e-18
3.839237e+00 2.038341e-15 1.483822e-18
3.839902e+00 2.016020e-15 1.489315e-18
3.840567e+00 nan nan
3.841232e+00 2.069215e-15 1.787623e-18
3.841897e+00 1.982934e-15 1.452845e-18
3.842562e+00 nan nan
3.843227e+00 nan nan
3.843892e+00 2.056744e-15 1.525645e-18
3.844557e+00 2.068215e-15 1.524916e-18
3.845222e+00 2.048852e-15 1.514102e-18
3.845887e+00 2.005829e-15 1.503416e-18
3.846552e+00 1.986466e-15 1.479525e-18
3.847217e+00 1.989129e-15 1.495388e-18
3.847882e+00 2.003170e-15 1.534213e-18
3.848547e+00 1.976126e-15 1.878232e-18
3.849212e+00 1.989628e-15 1.561408e-18
3.849877e+00 1.995652e-15 1.556054e-18
3.850542e+00 1.980266e-15 1.568276e-18
3.851207e+00 1.997128e-15 1.570604e-18
3.851872e+00 1.991183e-15 1.541662e-18
3.852537e+00 1.953570e-15 1.539534e-18
3.853202e+00 1.951051e-15 2.091499e-18
3.853867e+00 1.987215e-15 1.512507e-18
3.854532e+00 2.015983e-15 1.526329e-18
3.855197e+00 2.001851e-15 1.534594e-18
3.855862e+00 2.009544e-15 1.538055e-18
3.856527e+00 2.020414e-15 1.535611e-18
3.857192e+00 2.018939e-15 1.536758e-18
3.857857e+00 2.009159e-15 1.529199e-18
3.858522e+00 nan nan
3.859187e+00 nan nan
3.859852e+00 2.072694e-15 2.264125e-18
3.860517e+00 2.076150e-15 1.513826e-18
3.861182e+00 2.070959e-15 1.499128e-18
3.861847e+00 2.080122e-15 1.535286e-18
3.862512e+00 2.028422e-15 1.519957e-18
3.863177e+00 1.942886e-15 1.511296e-18
3.863842e+00 1.942643e-15 1.521814e-18
3.864507e+00 1.994619e-15 1.509506e-18
3.865172e+00 2.006208e-15 3.253883e-18
3.865837e+00 1.977759e-15 2.283333e-18
3.866502e+00 2.003009e-15 1.625828e-18
3.867167e+00 2.022249e-15 1.620315e-18
3.867832e+00 2.001894e-15 1.712913e-18
3.868497e+00 1.973543e-15 1.784589e-18
3.869162e+00 1.975046e-15 1.785511e-18
3.869827e+00 2.002586e-15 1.804908e-18
3.870492e+00 2.027539e-15 1.687115e-18
3.871157e+00 1.986200e-15 1.852429e-18
3.871822e+00 nan nan
3.872487e+00 nan nan
3.873152e+00 1.974685e-15 1.535389e-18
3.873817e+00 1.995465e-15 1.547171e-18
3.874482e+00 1.987817e-15 1.743900e-18
3.875147e+00 2.024427e-15 1.532845e-18
3.875812e+00 nan nan
3.876477e+00 2.003524e-15 2.083322e-18
3.877142e+00 1.945360e-15 2.993758e-18
3.877807e+00 nan nan
3.878472e+00 1.992654e-15 1.603107e-18
3.879137e+00 1.995241e-15 1.652492e-18
3.879802e+00 nan nan
3.880467e+00 2.004046e-15 1.413947e-18
3.881132e+00 2.010374e-15 1.459469e-18
3.881797e+00 2.014089e-15 1.475107e-18
3.882462e+00 2.015974e-15 1.475541e-18
3.883127e+00 2.008773e-15 1.483410e-18
3.883792e+00 2.020651e-15 1.492203e-18
3.884457e+00 2.025952e-15 1.494686e-18
3.885122e+00 2.007844e-15 1.488760e-18
3.885787e+00 1.969170e-15 1.485126e-18
3.886452e+00 1.957053e-15 1.710916e-18
3.887117e+00 1.928532e-15 1.701000e-18
3.887782e+00 1.936051e-15 1.514217e-18
3.888447e+00 1.963181e-15 1.502344e-18
3.889112e+00 1.991060e-15 1.529919e-18
3.889777e+00 1.992818e-15 1.547698e-18
3.890442e+00 1.969218e-15 1.512190e-18
3.891107e+00 1.931548e-15 1.462232e-18
3.891772e+00 1.889601e-15 1.459551e-18
3.892437e+00 1.876586e-15 1.447890e-18
3.893102e+00 1.901306e-15 1.442211e-18
3.893767e+00 1.944442e-15 1.724442e-18
3.894432e+00 1.983373e-15 1.478656e-18
3.895097e+00 1.980601e-15 1.420591e-18
3.895762e+00 1.991495e-15 1.977527e-18
3.896427e+00 2.017492e-15 2.013165e-18
3.897092e+00 nan nan
3.897757e+00 2.012101e-15 3.720612e-18
3.898422e+00 nan nan
3.899087e+00 1.919715e-15 2.153297e-18
3.899752e+00 1.982592e-15 2.957903e-18
3.900417e+00 1.995893e-15 1.415991e-18
3.901082e+00 1.971415e-15 1.413755e-18
3.901747e+00 1.968835e-15 1.691012e-18
3.902412e+00 1.983280e-15 1.425284e-18
3.903077e+00 1.998292e-15 1.427148e-18
3.903742e+00 1.974775e-15 1.420009e-18
3.904407e+00 1.933580e-15 1.411338e-18
3.905072e+00 1.938787e-15 2.223812e-18
3.905737e+00 1.957995e-15 1.894492e-18
3.906402e+00 1.960640e-15 1.664664e-18
3.907067e+00 2.007521e-15 1.777410e-18
3.907732e+00 1.982986e-15 2.033881e-18
3.908397e+00 1.957440e-15 1.766031e-18
3.909062e+00 1.957933e-15 1.857034e-18
3.909727e+00 1.934505e-15 1.915886e-18
3.910392e+00 1.926453e-15 2.139079e-18
3.911057e+00 1.919690e-15 2.129071e-18
3.911722e+00 1.912616e-15 1.863725e-18
3.912387e+00 1.935931e-15 1.783748e-18
3.913052e+00 1.945171e-15 1.634337e-18
3.913717e+00 1.924195e-15 1.640847e-18
3.914382e+00 1.906968e-15 1.582278e-18
3.915047e+00 1.899751e-15 1.476809e-18
3.915712e+00 1.947927e-15 1.387961e-18
3.916377e+00 1.993575e-15 1.408335e-18
3.917042e+00 1.982337e-15 1.460814e-18
3.917707e+00 nan nan
3.918372e+00 nan nan
3.919037e+00 nan nan
3.919702e+00 nan nan
3.920367e+00 nan nan
3.921032e+00 1.957392e-15 1.721906e-18
3.921697e+00 1.975711e-15 1.297040e-18
3.922362e+00 1.967179e-15 1.282317e-18
3.923027e+00 1.970520e-15 1.286831e-18
3.923692e+00 1.945438e-15 1.277014e-18
3.924357e+00 1.939633e-15 1.258515e-18
3.925022e+00 1.969842e-15 1.280687e-18
3.925687e+00 1.967965e-15 1.294979e-18
3.926352e+00 1.925100e-15 1.294781e-18
3.927017e+00 1.918820e-15 1.295886e-18
3.927682e+00 1.954902e-15 1.296124e-18
3.928347e+00 1.985885e-15 1.311308e-18
3.929012e+00 2.005636e-15 1.328601e-18
3.929677e+00 nan nan
3.930342e+00 1.929676e-15 2.929948e-18
3.931007e+00 1.918878e-15 1.329614e-18
3.931672e+00 1.930919e-15 1.345308e-18
3.932337e+00 1.928494e-15 1.343617e-18
3.933002e+00 1.904282e-15 1.418699e-18
3.933667e+00 1.910813e-15 1.399528e-18
3.934332e+00 1.927115e-15 2.350811e-18
3.934997e+00 1.859551e-15 2.340670e-02
3.935662e+00 1.929957e-15 1.389492e-18
3.936327e+00 1.934082e-15 1.332702e-18
3.936992e+00 1.965795e-15 1.350693e-18
3.937657e+00 1.956695e-15 1.350972e-18
3.938322e+00 1.927806e-15 1.343887e-18
3.938987e+00 1.919212e-15 1.342451e-18
3.939652e+00 1.908784e-15 1.337141e-18
3.940317e+00 1.887363e-15 1.331492e-18
3.940982e+00 1.871507e-15 1.314479e-18
3.941647e+00 1.924010e-15 1.335693e-18
3.942312e+00 1.952576e-15 1.350056e-18
3.942977e+00 1.966050e-15 1.345840e-18
3.943642e+00 1.980834e-15 1.356702e-18
3.944307e+00 1.957118e-15 1.341835e-18
3.944972e+00 1.933008e-15 1.326003e-18
3.945637e+00 1.922815e-15 1.326168e-18
3.946302e+00 1.915542e-15 1.348948e-18
3.946967e+00 1.910807e-15 1.331456e-18
3.947632e+00 1.909761e-15 1.323087e-18
3.948297e+00 1.923584e-15 1.340544e-18
3.948962e+00 1.928810e-15 1.339555e-18
3.949627e+00 1.919745e-15 1.339515e-18
3.950292e+00 1.908612e-15 1.334415e-18
3.950957e+00 nan nan
3.951622e+00 nan nan
3.952287e+00 1.862313e-15 1.303478e-18
3.952952e+00 1.883936e-15 1.315538e-18
3.953617e+00 1.906516e-15 1.337321e-18
3.954282e+00 1.901356e-15 1.358802e-18
3.954947e+00 1.882051e-15 1.341859e-18
3.955612e+00 1.914870e-15 1.356722e-18
3.956277e+00 1.925014e-15 1.379890e-18
3.956942e+00 1.882285e-15 1.337070e-18
3.957607e+00 1.899951e-15 1.320680e-18
3.958272e+00 1.917348e-15 1.312756e-18
3.958937e+00 1.896140e-15 1.312552e-18
3.959602e+00 1.904591e-15 1.311852e-18
3.960267e+00 1.931156e-15 1.322080e-18
3.960932e+00 1.961439e-15 1.322274e-18
3.961597e+00 1.942341e-15 1.305873e-18
3.962262e+00 1.908024e-15 1.281530e-18
3.962927e+00 1.876890e-15 1.267240e-18
3.963592e+00 1.843921e-15 1.247746e-18
3.964257e+00 1.835016e-15 1.236649e-18
3.964922e+00 1.866172e-15 1.251629e-18
3.965587e+00 1.950249e-15 2.944405e-18
3.966252e+00 1.896804e-15 5.532667e-18
3.966917e+00 1.886370e-15 1.481145e-18
3.967582e+00 1.896059e-15 1.376375e-18
3.968247e+00 nan nan
3.968912e+00 nan nan
3.969577e+00 1.879006e-15 1.223878e-18
3.970242e+00 1.868150e-15 1.191724e-18
3.970907e+00 1.839710e-15 1.185869e-18
3.971572e+00 1.858016e-15 1.686511e-18
3.972237e+00 1.887948e-15 1.204975e-18
3.972902e+00 1.896362e-15 1.226664e-18
3.973567e+00 1.896147e-15 1.254382e-18
3.974232e+00 1.860521e-15 1.336940e-18
3.974897e+00 nan nan
3.975562e+00 1.885280e-15 1.357391e-18
3.976227e+00 1.899353e-15 1.330579e-18
3.976892e+00 1.869259e-15 2.777453e-18
3.977557e+00 1.845386e-15 1.311341e-18
3.978222e+00 1.832529e-15 1.896448e-18
3.978887e+00 1.819321e-15 1.344102e-18
3.979552e+00 1.806081e-15 1.342898e-18
3.980217e+00 1.813541e-15 1.330700e-18
3.980882e+00 1.816305e-15 1.317086e-18
3.981547e+00 1.834155e-15 1.520552e-18
3.982212e+00 1.854794e-15 1.944270e-18
3.982877e+00 1.829096e-15 1.591372e-18
3.983542e+00 1.829389e-15 1.636494e-18
3.984207e+00 nan nan
3.984872e+00 1.868662e-15 1.511687e-18
3.985537e+00 1.857241e-15 1.500151e-18
3.986202e+00 1.847673e-15 1.638569e-18
3.986867e+00 1.821080e-15 1.871611e-18
3.987532e+00 1.798594e-15 1.625743e-18
3.988197e+00 1.805125e-15 1.640113e-18
3.988862e+00 1.861025e-15 1.738618e-18
3.989527e+00 1.836236e-15 1.777398e-18
3.990192e+00 1.792967e-15 1.740870e-18
3.990857e+00 1.816991e-15 1.779146e-18
3.991522e+00 1.799811e-15 2.488818e-18
3.992187e+00 1.816141e-15 1.838043e-18
3.992852e+00 nan nan
3.993517e+00 1.817025e-15 1.800976e-18
3.994182e+00 1.855102e-15 1.677007e-18
3.994847e+00 1.889883e-15 1.689949e-18
3.995512e+00 1.870582e-15 1.683024e-18
3.996177e+00 1.818905e-15 1.636871e-18
3.996842e+00 1.804145e-15 1.658181e-18
3.997507e+00 1.826257e-15 1.728216e-18
3.998172e+00 1.815135e-15 2.061995e-18
3.998837e+00 1.786608e-15 1.630666e-18
3.999502e+00 1.768692e-15 1.622436e-18
4.000167e+00 1.788720e-15 2.578036e-18
4.000832e+00 1.809195e-15 2.808381e-18
4.001497e+00 1.797864e-15 2.230456e-18
4.002162e+00 1.787238e-15 2.076563e-18
4.002827e+00 1.818008e-15 2.009642e-18
4.003492e+00 1.826367e-15 1.680516e-18
4.004157e+00 1.769555e-15 1.471198e-18
4.004822e+00 1.726630e-15 1.361541e-18
4.005487e+00 1.742952e-15 1.419415e-18
4.006152e+00 1.753112e-15 1.672306e-18
4.006817e+00 1.719104e-15 1.732397e-18
4.007482e+00 1.713065e-15 1.730725e-18
4.008147e+00 1.738677e-15 2.061780e-18
4.008812e+00 1.758734e-15 3.440357e-18
4.009477e+00 1.767355e-15 2.842567e-18
4.010142e+00 1.766676e-15 2.886265e-18
4.010807e+00 1.806231e-15 2.949114e-18
4.011472e+00 1.811845e-15 3.014714e-18
4.012137e+00 1.800708e-15 3.157437e-18
4.012802e+00 1.811940e-15 4.897392e-18
4.013467e+00 1.907966e-15 1.372236e-17
4.014132e+00 1.877820e-15 1.356014e-17
4.014797e+00 nan nan
4.015462e+00 1.732451e-15 6.501477e-18
4.016127e+00 1.727089e-15 2.218434e-17
4.016792e+00 1.740725e-15 3.176866e-17
4.017457e+00 1.753454e-15 3.238521e-17
4.018122e+00 1.765730e-15 3.313436e-17
4.018787e+00 1.782270e-15 3.471810e-17
4.019452e+00 1.765729e-15 4.888308e-17
4.020117e+00 1.749485e-15 6.111282e-17
4.020782e+00 1.770674e-15 6.370352e-17
4.021447e+00 nan nan
4.022112e+00 nan nan
4.022777e+00 nan nan
4.023442e+00 nan nan
4.024107e+00 nan nan
4.024772e+00 nan nan
4.025437e+00 nan nan
4.026102e+00 nan nan
4.026767e+00 nan nan
4.027432e+00 nan nan
4.028097e+00 nan nan
4.028762e+00 nan nan
4.029427e+00 nan nan
4.030092e+00 nan nan
4.030757e+00 nan nan
4.031422e+00 nan nan
4.032087e+00 nan nan
4.032752e+00 nan nan
4.033417e+00 nan nan
4.034082e+00 nan nan
4.034747e+00 nan nan
4.035412e+00 nan nan
4.036077e+00 nan nan
4.036742e+00 nan nan
4.037407e+00 nan nan
4.038072e+00 nan nan
4.038737e+00 nan nan
4.039402e+00 nan nan
4.040067e+00 nan nan
4.040732e+00 nan nan
4.041397e+00 nan nan
4.042062e+00 nan nan
4.042727e+00 nan nan
4.043392e+00 nan nan
4.044057e+00 nan nan
4.044722e+00 nan nan
4.045387e+00 nan nan
4.046052e+00 nan nan
4.046717e+00 nan nan
4.047382e+00 nan nan
4.048047e+00 nan nan
4.048712e+00 nan nan
4.049377e+00 nan nan
4.050042e+00 nan nan
4.050707e+00 nan nan
4.051372e+00 nan nan
4.052037e+00 nan nan
4.052702e+00 nan nan
4.053367e+00 nan nan
4.054032e+00 nan nan
4.054697e+00 nan nan
4.055362e+00 nan nan
4.056027e+00 nan nan
4.056692e+00 nan nan
4.057357e+00 nan nan
4.058022e+00 nan nan
4.058687e+00 nan nan
4.059352e+00 nan nan
4.060017e+00 nan nan
4.060682e+00 nan nan
4.061347e+00 nan nan
4.062012e+00 nan nan
4.062677e+00 nan nan
4.063342e+00 nan nan
4.064007e+00 nan nan
4.064672e+00 nan nan
4.065337e+00 nan nan
4.066002e+00 nan nan
4.066667e+00 nan nan
4.067332e+00 nan nan
4.067997e+00 nan nan
4.068662e+00 nan nan
4.069327e+00 nan nan
4.069992e+00 nan nan
4.070657e+00 nan nan
4.071322e+00 nan nan
4.071987e+00 nan nan
4.072652e+00 nan nan
4.073317e+00 nan nan
4.073982e+00 nan nan
4.074647e+00 nan nan
4.075312e+00 nan nan
4.075977e+00 nan nan
4.076642e+00 nan nan
4.077307e+00 nan nan
4.077972e+00 nan nan
4.078637e+00 nan nan
4.079302e+00 nan nan
4.079967e+00 nan nan
4.080632e+00 nan nan
4.081297e+00 nan nan
4.081962e+00 nan nan
4.082627e+00 nan nan
4.083292e+00 nan nan
4.083957e+00 nan nan
4.084622e+00 nan nan
4.085287e+00 nan nan
4.085952e+00 nan nan
4.086617e+00 nan nan
4.087282e+00 nan nan
4.087947e+00 nan nan
4.088612e+00 nan nan
4.089277e+00 nan nan
4.089942e+00 nan nan
4.090607e+00 nan nan
4.091272e+00 nan nan
4.091937e+00 nan nan
4.092602e+00 nan nan
4.093267e+00 nan nan
4.093932e+00 nan nan
4.094597e+00 nan nan
4.095262e+00 nan nan
4.095927e+00 nan nan
4.096592e+00 nan nan
4.097257e+00 nan nan
4.097922e+00 nan nan
4.098587e+00 nan nan
4.099252e+00 nan nan
4.099917e+00 nan nan
4.100582e+00 nan nan
4.101247e+00 nan nan
4.101912e+00 nan nan
4.102577e+00 nan nan
4.103242e+00 nan nan
4.103907e+00 nan nan
4.104572e+00 nan nan
4.105237e+00 nan nan
4.105902e+00 nan nan
4.106567e+00 nan nan
4.107232e+00 nan nan
4.107897e+00 nan nan
4.108562e+00 nan nan
4.109227e+00 nan nan
4.109892e+00 nan nan
4.110557e+00 nan nan
4.111222e+00 nan nan
4.111887e+00 nan nan
4.112552e+00 nan nan
4.113217e+00 nan nan
4.113882e+00 nan nan
4.114547e+00 nan nan
4.115212e+00 nan nan
4.115877e+00 nan nan
4.116542e+00 nan nan
4.117207e+00 nan nan
4.117872e+00 nan nan
4.118537e+00 nan nan
4.119202e+00 nan nan
4.119867e+00 nan nan
4.120532e+00 nan nan
4.121197e+00 nan nan
4.121862e+00 nan nan
4.122527e+00 nan nan
4.123192e+00 nan nan
4.123857e+00 nan nan
4.124522e+00 nan nan
4.125187e+00 nan nan
4.125852e+00 nan nan
4.126517e+00 nan nan
4.127182e+00 nan nan
4.127847e+00 nan nan
4.128512e+00 nan nan
4.129177e+00 nan nan
4.129842e+00 nan nan
4.130507e+00 nan nan
4.131172e+00 nan nan
4.131837e+00 nan nan
4.132502e+00 nan nan
4.133167e+00 nan nan
4.133832e+00 nan nan
4.134497e+00 nan nan
4.135162e+00 nan nan
4.135827e+00 nan nan
4.136492e+00 nan nan
4.137157e+00 nan nan
4.137822e+00 nan nan
4.138487e+00 nan nan
4.139152e+00 nan nan
4.139817e+00 nan nan
4.140482e+00 nan nan
4.141147e+00 nan nan
4.141812e+00 nan nan
4.142477e+00 nan nan
4.143142e+00 nan nan
4.143807e+00 nan nan
4.144472e+00 nan nan
4.145137e+00 nan nan
4.145802e+00 nan nan
4.146467e+00 nan nan
4.147132e+00 nan nan
4.147797e+00 nan nan
4.148462e+00 nan nan
4.149127e+00 nan nan
4.149792e+00 nan nan
4.150457e+00 nan nan
4.151122e+00 nan nan
4.151787e+00 nan nan
4.152452e+00 nan nan
4.153117e+00 nan nan
4.153782e+00 nan nan
4.154447e+00 nan nan
4.155112e+00 nan nan
4.155777e+00 nan nan
4.156442e+00 nan nan
4.157107e+00 nan nan
4.157772e+00 nan nan
4.158437e+00 nan nan
4.159102e+00 nan nan
4.159767e+00 nan nan
4.160432e+00 nan nan
4.161097e+00 nan nan
4.161762e+00 nan nan
4.162427e+00 nan nan
4.163092e+00 nan nan
4.163757e+00 nan nan
4.164422e+00 nan nan
4.165087e+00 nan nan
4.165752e+00 nan nan
4.166417e+00 nan nan
4.167082e+00 nan nan
4.167747e+00 nan nan
4.168412e+00 nan nan
4.169077e+00 nan nan
4.169742e+00 nan nan
4.170407e+00 nan nan
4.171072e+00 nan nan
4.171737e+00 nan nan
4.172402e+00 nan nan
4.173067e+00 nan nan
4.173732e+00 nan nan
4.174397e+00 nan nan
4.175062e+00 nan nan
4.175727e+00 nan nan
4.176392e+00 nan nan
4.177057e+00 nan nan
4.177722e+00 nan nan
4.178387e+00 nan nan
4.179052e+00 nan nan
4.179717e+00 nan nan
4.180382e+00 nan nan
4.181047e+00 nan nan
4.181712e+00 nan nan
4.182377e+00 nan nan
4.183042e+00 nan nan
4.183707e+00 1.515237e-15 4.847556e-17
4.184372e+00 1.460765e-15 4.675148e-17
4.185037e+00 1.404577e-15 4.486708e-17
4.185702e+00 1.407128e-15 4.260022e-17
4.186367e+00 1.465961e-15 3.018992e-17
4.187032e+00 1.491998e-15 1.283462e-17
4.187697e+00 1.474208e-15 1.250097e-17
4.188362e+00 1.506560e-15 1.724893e-17
4.189027e+00 1.517602e-15 9.616645e-18
4.189692e+00 1.499688e-15 5.555773e-18
4.190357e+00 1.477845e-15 5.093899e-18
4.191022e+00 1.522232e-15 4.614209e-18
4.191687e+00 1.547740e-15 3.774189e-18
4.192352e+00 1.526600e-15 2.874156e-18
4.193017e+00 1.483093e-15 2.003590e-18
4.193682e+00 1.472107e-15 1.970936e-18
4.194347e+00 1.500203e-15 1.987315e-18
4.195012e+00 1.538782e-15 1.979104e-18
4.195677e+00 1.546803e-15 1.927356e-18
4.196342e+00 1.514591e-15 1.857647e-18
4.197007e+00 1.497090e-15 1.796993e-18
4.197672e+00 1.497264e-15 1.764342e-18
4.198337e+00 1.506049e-15 1.742118e-18
4.199002e+00 1.493945e-15 1.659389e-18
4.199667e+00 1.488296e-15 1.478454e-18
4.200332e+00 1.526671e-15 1.372167e-18
4.200997e+00 1.554990e-15 1.384737e-18
4.201662e+00 1.534331e-15 1.360589e-18
4.202327e+00 1.510614e-15 1.340861e-18
4.202992e+00 1.500005e-15 1.295157e-18
4.203657e+00 1.452120e-15 1.223874e-18
4.204322e+00 1.447482e-15 1.225006e-18
4.204987e+00 1.460133e-15 1.231235e-18
4.205652e+00 1.480927e-15 1.244742e-18
4.206317e+00 1.526387e-15 1.263854e-18
4.206982e+00 1.534395e-15 1.266626e-18
4.207647e+00 1.528944e-15 1.486831e-18
4.208312e+00 1.535818e-15 1.266523e-18
4.208977e+00 1.501504e-15 1.252261e-18
4.209642e+00 1.488412e-15 1.249144e-18
4.210307e+00 1.476133e-15 2.735025e-18
4.210972e+00 1.487125e-15 1.257567e-18
4.211637e+00 1.519250e-15 1.269516e-18
4.212302e+00 1.492462e-15 1.250415e-18
4.212967e+00 1.442015e-15 1.240358e-18
4.213632e+00 1.406512e-15 1.216035e-18
4.214297e+00 1.446697e-15 1.242858e-18
4.214962e+00 1.457478e-15 1.250430e-18
4.215627e+00 nan nan
4.216292e+00 nan nan
4.216957e+00 nan nan
4.217622e+00 1.453069e-15 1.293681e-18
4.218287e+00 1.447422e-15 1.330131e-18
4.218952e+00 1.469304e-15 1.326191e-18
4.219617e+00 1.448247e-15 1.246648e-18
4.220282e+00 1.408247e-15 1.212129e-18
4.220947e+00 1.417731e-15 1.229805e-18
4.221612e+00 1.439191e-15 1.250245e-18
4.222277e+00 1.435181e-15 1.223486e-18
4.222942e+00 1.458151e-15 1.224943e-18
4.223607e+00 1.490969e-15 1.241041e-18
4.224272e+00 1.498184e-15 1.233397e-18
4.224937e+00 1.506854e-15 1.234022e-18
4.225602e+00 1.522771e-15 1.229133e-18
4.226267e+00 1.509714e-15 1.213363e-18
4.226932e+00 1.460908e-15 1.172989e-18
4.227597e+00 1.436200e-15 1.151693e-18
4.228262e+00 1.423605e-15 1.328634e-18
4.228927e+00 1.426070e-15 1.141533e-18
4.229592e+00 1.444954e-15 1.154747e-18
4.230257e+00 1.446935e-15 1.148716e-18
4.230922e+00 1.467583e-15 1.151096e-18
4.231587e+00 1.511034e-15 1.169597e-18
4.232252e+00 1.507757e-15 1.169755e-18
4.232917e+00 1.501558e-15 1.159657e-18
4.233582e+00 1.462687e-15 1.148691e-18
4.234247e+00 1.451903e-15 1.206919e-18
4.234912e+00 1.474219e-15 1.172966e-18
4.235577e+00 1.510605e-15 1.148927e-18
4.236242e+00 1.508180e-15 1.152374e-18
4.236907e+00 1.455910e-15 1.149839e-18
4.237572e+00 1.450943e-15 1.128392e-18
4.238237e+00 1.460754e-15 1.124335e-18
4.238902e+00 1.460428e-15 1.120066e-18
4.239567e+00 1.470876e-15 1.144882e-18
4.240232e+00 1.454362e-15 1.152892e-18
4.240897e+00 1.430631e-15 1.157553e-18
4.241562e+00 1.422134e-15 1.149237e-18
4.242227e+00 1.414971e-15 1.110527e-18
4.242892e+00 1.379100e-15 1.086915e-18
4.243557e+00 1.384349e-15 1.094026e-18
4.244222e+00 1.424680e-15 1.114848e-18
4.244887e+00 1.460959e-15 1.121149e-18
4.245552e+00 1.464556e-15 1.130295e-18
4.246217e+00 1.435555e-15 1.120023e-18
4.246882e+00 1.417590e-15 1.137461e-18
4.247547e+00 1.419924e-15 1.141552e-18
4.248212e+00 1.415135e-15 1.286626e-18
4.248877e+00 1.413894e-15 1.106243e-18
4.249542e+00 1.419584e-15 1.104653e-18
4.250207e+00 1.404254e-15 1.099796e-18
4.250872e+00 1.379099e-15 1.098831e-18
4.251537e+00 1.354773e-15 1.089545e-18
4.252202e+00 1.366056e-15 1.095641e-18
4.252867e+00 1.390765e-15 1.105146e-18
4.253532e+00 1.392998e-15 1.105772e-18
4.254197e+00 1.395197e-15 1.114536e-18
4.254862e+00 1.431732e-15 1.125538e-18
4.255527e+00 1.435053e-15 1.141363e-18
4.256192e+00 1.432058e-15 1.154632e-18
4.256857e+00 1.453688e-15 1.171322e-18
4.257522e+00 1.413586e-15 1.155275e-18
4.258187e+00 1.374511e-15 1.132272e-18
4.258852e+00 1.412140e-15 1.154672e-18
4.259517e+00 1.389990e-15 1.155657e-18
4.260182e+00 1.364017e-15 1.144296e-18
4.260847e+00 1.381590e-15 1.153169e-18
4.261512e+00 1.395430e-15 1.154991e-18
4.262177e+00 1.410363e-15 1.219310e-18
4.262842e+00 1.425637e-15 1.320458e-18
4.263507e+00 1.427403e-15 3.669898e-18
4.264172e+00 1.396669e-15 1.302010e-18
4.264837e+00 1.402803e-15 1.277099e-18
4.265502e+00 1.399076e-15 1.282603e-18
4.266167e+00 1.391557e-15 1.251878e-18
4.266832e+00 1.402201e-15 1.280379e-18
4.267497e+00 1.405043e-15 1.262857e-18
4.268162e+00 1.379710e-15 1.280929e-18
4.268827e+00 1.388209e-15 1.286753e-18
4.269492e+00 1.393064e-15 1.241192e-18
4.270157e+00 1.371921e-15 1.376432e-18
4.270822e+00 1.390848e-15 1.386976e-18
4.271487e+00 nan nan
4.272152e+00 1.367774e-15 1.160649e-18
4.272817e+00 1.339048e-15 1.146413e-18
4.273482e+00 1.370141e-15 1.159786e-18
4.274147e+00 1.404300e-15 1.183657e-18
4.274812e+00 1.383379e-15 1.172756e-18
4.275477e+00 1.335371e-15 1.163465e-18
4.276142e+00 1.330510e-15 1.178097e-18
4.276807e+00 1.377287e-15 1.216957e-18
4.277472e+00 1.395874e-15 1.227846e-18
4.278137e+00 1.429977e-15 1.247997e-18
4.278802e+00 1.421100e-15 1.251449e-18
4.279467e+00 1.394812e-15 1.273799e-18
4.280132e+00 nan nan
4.280797e+00 1.398670e-15 1.277793e-18
4.281462e+00 1.393322e-15 1.238582e-18
4.282127e+00 1.385192e-15 1.251657e-18
4.282792e+00 1.363337e-15 1.232439e-18
4.283457e+00 1.354195e-15 1.236587e-18
4.284122e+00 1.367082e-15 1.235340e-18
4.284787e+00 nan nan
4.285452e+00 1.442657e-15 1.529031e-18
4.286117e+00 1.438741e-15 1.303704e-18
4.286782e+00 1.383331e-15 1.246839e-18
4.287447e+00 1.351925e-15 1.231403e-18
4.288112e+00 1.400985e-15 1.262853e-18
4.288777e+00 1.416021e-15 1.272259e-18
4.289442e+00 1.393234e-15 1.249650e-18
4.290107e+00 1.384037e-15 1.868158e-18
4.290772e+00 1.395779e-15 1.252419e-18
4.291437e+00 1.423680e-15 1.244544e-18
4.292102e+00 1.415029e-15 1.239370e-18
4.292767e+00 1.359845e-15 1.214961e-18
4.293432e+00 1.338016e-15 1.191037e-18
4.294097e+00 1.346777e-15 1.224289e-18
4.294762e+00 1.342213e-15 1.221263e-18
4.295427e+00 1.334087e-15 1.462457e-18
4.296092e+00 1.317768e-15 1.211492e-18
4.296757e+00 1.308565e-15 1.191800e-18
4.297422e+00 1.328747e-15 1.190102e-18
4.298087e+00 1.342175e-15 1.204113e-18
4.298752e+00 1.366132e-15 1.246162e-18
4.299417e+00 1.373736e-15 1.270550e-18
4.300082e+00 1.369398e-15 1.250468e-18
4.300747e+00 1.380584e-15 1.235542e-18
4.301412e+00 nan nan
4.302077e+00 1.353902e-15 1.257424e-18
4.302742e+00 1.331004e-15 1.449898e-18
4.303407e+00 1.471507e-15 1.211883e-17
4.304072e+00 nan nan
4.304737e+00 1.329154e-15 1.245590e-18
4.305402e+00 1.306023e-15 1.204019e-18
4.306067e+00 1.316712e-15 1.199791e-18
4.306732e+00 1.338477e-15 1.209995e-18
4.307397e+00 1.341793e-15 1.230840e-18
4.308062e+00 1.353957e-15 1.240283e-18
4.308727e+00 1.351937e-15 1.204869e-18
4.309392e+00 1.343125e-15 1.187145e-18
4.310057e+00 1.328695e-15 1.199398e-18
4.310722e+00 1.327435e-15 1.211017e-18
4.311387e+00 1.352834e-15 1.218056e-18
4.312052e+00 1.358196e-15 1.220537e-18
4.312717e+00 1.372247e-15 1.243341e-18
4.313382e+00 1.388327e-15 1.243917e-18
4.314047e+00 1.384362e-15 1.244846e-18
4.314712e+00 1.387071e-15 1.240583e-18
4.315377e+00 1.349021e-15 1.221300e-18
4.316042e+00 1.328151e-15 1.216422e-18
4.316707e+00 1.322672e-15 1.224605e-18
4.317372e+00 1.300520e-15 1.192398e-18
4.318037e+00 1.319535e-15 1.196263e-18
4.318702e+00 1.331473e-15 1.211089e-18
4.319367e+00 1.306729e-15 1.194116e-18
4.320032e+00 1.318713e-15 1.201151e-18
4.320697e+00 1.345380e-15 1.217153e-18
4.321362e+00 1.364007e-15 1.203711e-18
4.322027e+00 1.348420e-15 1.194009e-18
4.322692e+00 1.381226e-15 1.196460e-18
4.323357e+00 1.402983e-15 1.204088e-18
4.324022e+00 1.345716e-15 1.171634e-18
4.324687e+00 1.318025e-15 1.149036e-18
4.325352e+00 1.347950e-15 1.159397e-18
4.326017e+00 1.343152e-15 1.170274e-18
4.326682e+00 1.327441e-15 1.156181e-18
4.327347e+00 1.341076e-15 1.163413e-18
4.328012e+00 1.342546e-15 1.166708e-18
4.328677e+00 1.311083e-15 1.150005e-18
4.329342e+00 1.324580e-15 1.170145e-18
4.330007e+00 1.354878e-15 1.172816e-18
4.330672e+00 1.335698e-15 1.170433e-18
4.331337e+00 1.322192e-15 1.151561e-18
4.332002e+00 1.355251e-15 1.156523e-18
4.332667e+00 1.362365e-15 1.162963e-18
4.333332e+00 1.302194e-15 1.130983e-18
4.333997e+00 1.282762e-15 1.124975e-18
4.334662e+00 1.355917e-15 1.160902e-18
4.335327e+00 1.384378e-15 1.174397e-18
4.335992e+00 1.332233e-15 1.147783e-18
4.336657e+00 1.258641e-15 1.108021e-18
4.337322e+00 1.296947e-15 1.123770e-18
4.337987e+00 1.342367e-15 1.160544e-18
4.338652e+00 1.299201e-15 1.135345e-18
4.339317e+00 1.289204e-15 1.335508e-18
4.339982e+00 nan nan
4.340647e+00 1.399626e-15 3.389847e-18
4.341312e+00 1.349450e-15 1.175694e-18
4.341977e+00 1.318958e-15 1.180688e-18
4.342642e+00 1.298188e-15 1.162401e-18
4.343307e+00 1.293663e-15 1.162988e-18
4.343972e+00 1.313737e-15 1.198097e-18
4.344637e+00 1.297141e-15 1.222358e-18
4.345302e+00 1.284083e-15 1.261059e-18
4.345967e+00 1.278583e-15 1.245710e-18
4.346632e+00 1.287203e-15 1.238704e-18
4.347297e+00 1.300755e-15 1.258284e-18
4.347962e+00 1.281653e-15 1.610874e-18
4.348627e+00 1.313549e-15 1.372605e-18
4.349292e+00 1.359841e-15 1.194423e-18
4.349957e+00 1.331061e-15 1.178676e-18
4.350622e+00 1.264262e-15 1.155809e-18
4.351287e+00 nan nan
4.351952e+00 1.277380e-15 1.202442e-18
4.352617e+00 1.279912e-15 1.231224e-18
4.353282e+00 1.270345e-15 1.220472e-18
4.353947e+00 1.252120e-15 1.228169e-18
4.354612e+00 1.305439e-15 1.284552e-18
4.355277e+00 1.342848e-15 1.310562e-18
4.355942e+00 1.320986e-15 1.306173e-18
4.356607e+00 1.298160e-15 1.278961e-18
4.357272e+00 1.257778e-15 1.250717e-18
4.357937e+00 1.286587e-15 1.288747e-18
4.358602e+00 1.330496e-15 1.365504e-18
4.359267e+00 1.310925e-15 1.387063e-18
4.359932e+00 1.280866e-15 1.338318e-18
4.360597e+00 1.273971e-15 1.297081e-18
4.361262e+00 1.312855e-15 1.322113e-18
4.361927e+00 1.334736e-15 1.323229e-18
4.362592e+00 1.313136e-15 1.325179e-18
4.363257e+00 1.283737e-15 1.303522e-18
4.363922e+00 1.239120e-15 1.283544e-18
4.364587e+00 1.241277e-15 1.278572e-18
4.365252e+00 1.278196e-15 1.284983e-18
4.365917e+00 1.323609e-15 1.318660e-18
4.366582e+00 1.268172e-15 1.284194e-18
4.367247e+00 1.206733e-15 1.254877e-18
4.367912e+00 1.223511e-15 1.268501e-18
4.368577e+00 1.239067e-15 1.237321e-18
4.369242e+00 1.268603e-15 1.213671e-18
4.369907e+00 1.299811e-15 1.302933e-18
4.370572e+00 1.285591e-15 1.320918e-18
4.371237e+00 1.253001e-15 1.323361e-18
4.371902e+00 1.262039e-15 1.273783e-18
4.372567e+00 1.264782e-15 1.299412e-18
4.373232e+00 nan nan
4.373897e+00 nan nan
4.374562e+00 1.201857e-15 1.300096e-18
4.375227e+00 1.243578e-15 1.331555e-18
4.375892e+00 1.258150e-15 1.324072e-18
4.376557e+00 1.252903e-15 1.327558e-18
4.377222e+00 1.259677e-15 1.325714e-18
4.377887e+00 1.256569e-15 1.311534e-18
4.378552e+00 1.215867e-15 1.379069e-18
4.379217e+00 1.222887e-15 1.350561e-18
4.379882e+00 1.255336e-15 1.312864e-18
4.380547e+00 1.290478e-15 1.264540e-18
4.381212e+00 1.276651e-15 1.185968e-18
4.381877e+00 1.221385e-15 1.133135e-18
4.382542e+00 1.187160e-15 1.127882e-18
4.383207e+00 1.219357e-15 1.146874e-18
4.383872e+00 1.253450e-15 1.177629e-18
4.384537e+00 1.289096e-15 1.203764e-18
4.385202e+00 1.289767e-15 1.226847e-18
4.385867e+00 1.218367e-15 1.218689e-18
4.386532e+00 1.210890e-15 1.240873e-18
4.387197e+00 1.266608e-15 1.282457e-18
4.387862e+00 1.260927e-15 1.269560e-18
4.388527e+00 1.269630e-15 1.269443e-18
4.389192e+00 1.301446e-15 1.297233e-18
4.389857e+00 1.253125e-15 1.251963e-18
4.390522e+00 1.217637e-15 1.235217e-18
4.391187e+00 1.251903e-15 1.251921e-18
4.391852e+00 1.294971e-15 1.308704e-18
4.392517e+00 1.296950e-15 1.493719e-18
4.393182e+00 1.277164e-15 1.436619e-18
4.393847e+00 1.215631e-15 1.502274e-18
4.394512e+00 1.208059e-15 1.372786e-18
4.395177e+00 1.272798e-15 1.129693e-18
4.395842e+00 1.259614e-15 1.108710e-18
4.396507e+00 1.216492e-15 1.092644e-18
4.397172e+00 1.235480e-15 1.103228e-18
4.397837e+00 1.236475e-15 1.508675e-18
4.398502e+00 1.199971e-15 1.238625e-18
4.399167e+00 1.200306e-15 1.081134e-18
4.399832e+00 1.242385e-15 1.108642e-18
4.400497e+00 1.292861e-15 1.105354e-18
4.401162e+00 1.299125e-15 1.105471e-18
4.401827e+00 1.239623e-15 1.067052e-18
4.402492e+00 1.181842e-15 1.039174e-18
4.403157e+00 1.203452e-15 1.042828e-18
4.403822e+00 1.247956e-15 1.075670e-18
4.404487e+00 1.250229e-15 1.077245e-18
4.405152e+00 1.222537e-15 2.271951e-18
4.405817e+00 1.237594e-15 1.603236e-18
4.406482e+00 1.233097e-15 1.059489e-18
4.407147e+00 1.197456e-15 1.040850e-18
4.407812e+00 1.228648e-15 1.050498e-18
4.408477e+00 1.257722e-15 1.058893e-18
4.409142e+00 1.261831e-15 1.054229e-18
4.409807e+00 1.263632e-15 1.066907e-18
4.410472e+00 1.259780e-15 1.065058e-18
4.411137e+00 1.228279e-15 1.049825e-18
4.411802e+00 1.182134e-15 1.017189e-18
4.412467e+00 1.228476e-15 1.036762e-18
4.413132e+00 1.293770e-15 1.055113e-18
4.413797e+00 1.311258e-15 1.059405e-18
4.414462e+00 1.265913e-15 1.036344e-18
4.415127e+00 1.223518e-15 1.026842e-18
4.415792e+00 1.202302e-15 1.014187e-18
4.416457e+00 1.211001e-15 1.015221e-18
4.417122e+00 1.284863e-15 1.072857e-18
4.417787e+00 1.260643e-15 1.035027e-18
4.418452e+00 nan nan
4.419117e+00 nan nan
4.419782e+00 1.238810e-15 1.043623e-18
4.420447e+00 1.188811e-15 1.021844e-18
4.421112e+00 1.168548e-15 9.956141e-19
4.421777e+00 1.194600e-15 1.007004e-18
4.422442e+00 1.220161e-15 1.029401e-18
4.423107e+00 1.226594e-15 1.020634e-18
4.423772e+00 1.225505e-15 1.017634e-18
4.424437e+00 1.216632e-15 1.014308e-18
4.425102e+00 1.176647e-15 1.141946e-18
4.425767e+00 1.157345e-15 9.916847e-19
4.426432e+00 1.217320e-15 1.014314e-18
4.427097e+00 1.254938e-15 1.030140e-18
4.427762e+00 1.267739e-15 1.038650e-18
4.428427e+00 1.252891e-15 1.022772e-18
4.429092e+00 1.189273e-15 9.933037e-19
4.429757e+00 1.139816e-15 9.817869e-19
4.430422e+00 1.153536e-15 9.933765e-19
4.431087e+00 1.214563e-15 1.024195e-18
4.431752e+00 1.242672e-15 1.039722e-18
4.432417e+00 1.230499e-15 1.024700e-18
4.433082e+00 1.211552e-15 1.022358e-18
4.433747e+00 1.208769e-15 1.027463e-18
4.434412e+00 1.187270e-15 1.212579e-18
4.435077e+00 1.163961e-15 1.029449e-18
4.435742e+00 1.181597e-15 1.052534e-18
4.436407e+00 1.187349e-15 1.051680e-18
4.437072e+00 1.186811e-15 1.048675e-18
4.437737e+00 1.225559e-15 1.070585e-18
4.438402e+00 1.217514e-15 1.054603e-18
4.439067e+00 1.198331e-15 1.201851e-18
4.439732e+00 1.159231e-15 2.108403e-18
4.440397e+00 1.123680e-15 9.923089e-19
4.441062e+00 1.151784e-15 1.006369e-18
4.441727e+00 1.209245e-15 1.026484e-18
4.442392e+00 1.259936e-15 1.058151e-18
4.443057e+00 1.272884e-15 1.072535e-18
4.443722e+00 1.228240e-15 1.038080e-18
4.444387e+00 1.169867e-15 1.025876e-18
4.445052e+00 nan nan
4.445717e+00 nan nan
4.446382e+00 nan nan
4.447047e+00 1.227351e-15 1.036936e-18
4.447712e+00 1.289378e-15 1.087783e-18
4.448377e+00 1.273513e-15 1.085902e-18
4.449042e+00 1.184589e-15 1.047014e-18
4.449707e+00 1.159906e-15 1.050168e-18
4.450372e+00 1.149501e-15 1.033254e-18
4.451037e+00 1.178144e-15 1.053587e-18
4.451702e+00 1.225071e-15 1.069930e-18
4.452367e+00 1.205937e-15 1.053992e-18
4.453032e+00 1.181911e-15 1.036326e-18
4.453697e+00 1.209274e-15 1.045794e-18
4.454362e+00 1.226646e-15 1.062630e-18
4.455027e+00 1.178658e-15 1.043787e-18
4.455692e+00 1.131511e-15 1.039616e-18
4.456357e+00 1.165893e-15 1.047589e-18
4.457022e+00 1.193180e-15 1.050318e-18
4.457687e+00 1.169390e-15 1.044046e-18
4.458352e+00 1.188365e-15 1.045078e-18
4.459017e+00 1.197968e-15 1.053710e-18
4.459682e+00 1.197723e-15 1.060643e-18
4.460347e+00 1.200874e-15 1.064337e-18
4.461012e+00 1.146876e-15 1.036169e-18
4.461677e+00 1.147399e-15 1.039606e-18
4.462342e+00 1.182028e-15 1.058995e-18
4.463007e+00 1.231393e-15 1.077185e-18
4.463672e+00 nan nan
4.464337e+00 1.236740e-15 1.081961e-18
4.465002e+00 1.227889e-15 1.070325e-18
4.465667e+00 1.183281e-15 1.043973e-18
4.466332e+00 1.123746e-15 1.018286e-18
4.466997e+00 1.114405e-15 1.014472e-18
4.467662e+00 1.138286e-15 1.034282e-18
4.468327e+00 1.166912e-15 1.046325e-18
4.468992e+00 1.211051e-15 1.068835e-18
4.469657e+00 1.234574e-15 1.121459e-18
4.470322e+00 1.195238e-15 1.048266e-18
4.470987e+00 1.146682e-15 1.026081e-18
4.471652e+00 1.126516e-15 1.027649e-18
4.472317e+00 1.142056e-15 1.048277e-18
4.472982e+00 1.179227e-15 1.082216e-18
4.473647e+00 1.192202e-15 1.098589e-18
4.474312e+00 1.186615e-15 1.125162e-18
4.474977e+00 1.184824e-15 1.089770e-18
4.475642e+00 1.179038e-15 1.107453e-18
4.476307e+00 1.192336e-15 1.124306e-18
4.476972e+00 1.171846e-15 1.089530e-18
4.477637e+00 1.119718e-15 1.048644e-18
4.478302e+00 1.144494e-15 1.072289e-18
4.478967e+00 1.187790e-15 1.104178e-18
4.479632e+00 1.213564e-15 1.102483e-18
4.480297e+00 1.181288e-15 1.081520e-18
4.480962e+00 1.146105e-15 1.065641e-18
4.481627e+00 1.154997e-15 1.077110e-18
4.482292e+00 1.170487e-15 1.093379e-18
4.482957e+00 1.153657e-15 1.177691e-18
4.483622e+00 1.147835e-15 1.065246e-18
4.484287e+00 1.171750e-15 1.077032e-18
4.484952e+00 1.250405e-15 9.368017e-18
4.485617e+00 1.236648e-15 7.035619e-18
4.486282e+00 1.248527e-15 1.094257e-18
4.486947e+00 1.265175e-15 1.097808e-18
4.487612e+00 1.235177e-15 1.103454e-18
4.488277e+00 1.188787e-15 1.082513e-18
4.488942e+00 1.129693e-15 1.059860e-18
4.489607e+00 1.109510e-15 1.065412e-18
4.490272e+00 1.124096e-15 1.073757e-18
4.490937e+00 1.158407e-15 1.091060e-18
4.491602e+00 1.194749e-15 1.113721e-18
4.492267e+00 1.192174e-15 1.105851e-18
4.492932e+00 1.172209e-15 1.115878e-18
4.493597e+00 1.167618e-15 1.106178e-18
4.494262e+00 1.155121e-15 1.096553e-18
4.494927e+00 1.103785e-15 1.066983e-18
4.495592e+00 1.103681e-15 1.073602e-18
4.496257e+00 1.145450e-15 1.103483e-18
4.496922e+00 1.172451e-15 1.116800e-18
4.497587e+00 1.196178e-15 1.134099e-18
4.498252e+00 1.181743e-15 1.120197e-18
4.498917e+00 1.160496e-15 1.119490e-18
4.499582e+00 1.161355e-15 1.114958e-18
4.500247e+00 1.122423e-15 1.094427e-18
4.500912e+00 1.082655e-15 1.076805e-18
4.501577e+00 1.133787e-15 1.093794e-18
4.502242e+00 1.216001e-15 1.150430e-18
4.502907e+00 1.230718e-15 1.154244e-18
4.503572e+00 1.198660e-15 1.151721e-18
4.504237e+00 1.171039e-15 1.144208e-18
4.504902e+00 1.137467e-15 1.120598e-18
4.505567e+00 1.108222e-15 1.102022e-18
4.506232e+00 1.099738e-15 1.089779e-18
4.506897e+00 1.095254e-15 1.087499e-18
4.507562e+00 1.132337e-15 1.111180e-18
4.508227e+00 1.209730e-15 1.174226e-18
4.508892e+00 1.212733e-15 1.178972e-18
4.509557e+00 1.179573e-15 1.193519e-18
4.510222e+00 1.163561e-15 1.181852e-18
4.510887e+00 1.123130e-15 1.143841e-18
4.511552e+00 1.132305e-15 1.122344e-18
4.512217e+00 1.153947e-15 1.122020e-18
4.512882e+00 1.132229e-15 1.107526e-18
4.513547e+00 1.113693e-15 1.104560e-18
4.514212e+00 1.164838e-15 1.121194e-18
4.514877e+00 1.205118e-15 1.140629e-18
4.515542e+00 1.192456e-15 1.146656e-18
4.516207e+00 1.148635e-15 1.149986e-18
4.516872e+00 1.149774e-15 1.119994e-18
4.517537e+00 1.165213e-15 1.679239e-18
4.518202e+00 1.166550e-15 1.147865e-18
4.518867e+00 1.157471e-15 1.125474e-18
4.519532e+00 1.115007e-15 1.099795e-18
4.520197e+00 1.125939e-15 1.125490e-18
4.520862e+00 1.153077e-15 1.141252e-18
4.521527e+00 1.098816e-15 1.604854e-18
4.522192e+00 1.087355e-15 1.100471e-18
4.522857e+00 1.144714e-15 1.123524e-18
4.523522e+00 1.182019e-15 1.153745e-18
4.524187e+00 1.169693e-15 1.167556e-18
4.524852e+00 1.142826e-15 1.134035e-18
4.525517e+00 1.125828e-15 1.129957e-18
4.526182e+00 1.114014e-15 1.116149e-18
4.526847e+00 1.122467e-15 1.121789e-18
4.527512e+00 1.090035e-15 1.100114e-18
4.528177e+00 1.101959e-15 1.113764e-18
4.528842e+00 1.141244e-15 1.120044e-18
4.529507e+00 1.157659e-15 1.123944e-18
4.530172e+00 1.173876e-15 1.135778e-18
4.530837e+00 1.167853e-15 1.134058e-18
4.531502e+00 1.119477e-15 1.131961e-18
4.532167e+00 1.069878e-15 1.102301e-18
4.532832e+00 1.057642e-15 1.082913e-18
4.533497e+00 1.088948e-15 1.097821e-18
4.534162e+00 1.142405e-15 1.124701e-18
4.534827e+00 1.161382e-15 1.130345e-18
4.535492e+00 1.174560e-15 1.144692e-18
4.536157e+00 1.176696e-15 1.147314e-18
4.536822e+00 1.163177e-15 1.140071e-18
4.537487e+00 1.190734e-15 1.147302e-18
4.538152e+00 1.158536e-15 1.144841e-18
4.538817e+00 1.090497e-15 1.110937e-18
4.539482e+00 1.113448e-15 1.302405e-18
4.540147e+00 1.175803e-15 1.659439e-18
4.540812e+00 1.185567e-15 1.140063e-18
4.541477e+00 1.145682e-15 1.114224e-18
4.542142e+00 1.131233e-15 1.108772e-18
4.542807e+00 1.155734e-15 1.127353e-18
4.543472e+00 1.164299e-15 1.149199e-18
4.544137e+00 1.139080e-15 1.145566e-18
4.544802e+00 1.093979e-15 1.148875e-18
4.545467e+00 1.067993e-15 1.080801e-18
4.546132e+00 1.101564e-15 1.103281e-18
4.546797e+00 1.150059e-15 1.129461e-18
4.547462e+00 1.163899e-15 1.163163e-18
4.548127e+00 1.132461e-15 1.124325e-18
4.548792e+00 1.131096e-15 1.112987e-18
4.549457e+00 1.149841e-15 1.122828e-18
4.550122e+00 1.148463e-15 1.116969e-18
4.550787e+00 1.112136e-15 1.108889e-18
4.551452e+00 1.084919e-15 1.101636e-18
4.552117e+00 1.063933e-15 1.077798e-18
4.552782e+00 1.092821e-15 1.092385e-18
4.553447e+00 1.144317e-15 1.118828e-18
4.554112e+00 1.143787e-15 1.103710e-18
4.554777e+00 1.163865e-15 1.116587e-18
4.555442e+00 1.190460e-15 1.124808e-18
4.556107e+00 1.169073e-15 1.125288e-18
4.556772e+00 1.110422e-15 1.094638e-18
4.557437e+00 1.097766e-15 1.090522e-18
4.558102e+00 1.117356e-15 1.098475e-18
4.558767e+00 1.104294e-15 1.102465e-18
4.559432e+00 1.082455e-15 1.089069e-18
4.560097e+00 1.134432e-15 1.107618e-18
4.560762e+00 1.183426e-15 1.137085e-18
4.561427e+00 1.167452e-15 1.136806e-18
4.562092e+00 1.116396e-15 1.117965e-18
4.562757e+00 1.069970e-15 1.079754e-18
4.563422e+00 1.078860e-15 1.071865e-18
4.564087e+00 1.139352e-15 1.119852e-18
4.564752e+00 1.154296e-15 1.112177e-18
4.565417e+00 1.115466e-15 1.442927e-18
4.566082e+00 1.076053e-15 1.419178e-18
4.566747e+00 1.070968e-15 1.520041e-18
4.567412e+00 nan nan
4.568077e+00 nan nan
4.568742e+00 1.104775e-15 1.246057e-18
4.569407e+00 nan nan
4.570072e+00 nan nan
4.570737e+00 1.123976e-15 1.482047e-18
4.571402e+00 1.132367e-15 1.251929e-18
4.572067e+00 1.127964e-15 1.090240e-18
4.572732e+00 1.076019e-15 1.052935e-18
4.573397e+00 1.063133e-15 1.046675e-18
4.574062e+00 1.120873e-15 1.091796e-18
4.574727e+00 1.156188e-15 1.148153e-18
4.575392e+00 1.110850e-15 1.082817e-18
4.576057e+00 1.070691e-15 1.048731e-18
4.576722e+00 1.113562e-15 1.052781e-18
4.577387e+00 1.154674e-15 1.079790e-18
4.578052e+00 1.146601e-15 1.089755e-18
4.578717e+00 1.119010e-15 1.067862e-18
4.579382e+00 1.105554e-15 1.045491e-18
4.580047e+00 1.076877e-15 1.015234e-18
4.580712e+00 1.076869e-15 1.044053e-18
4.581377e+00 1.115211e-15 1.038849e-18
4.582042e+00 1.097032e-15 1.023123e-18
4.582707e+00 1.104095e-15 1.025549e-18
4.583372e+00 1.154071e-15 1.049592e-18
4.584037e+00 1.127238e-15 1.044300e-18
4.584702e+00 1.085370e-15 1.015194e-18
4.585367e+00 1.114141e-15 1.031071e-18
4.586032e+00 1.142832e-15 1.040739e-18
4.586697e+00 1.147575e-15 1.036867e-18
4.587362e+00 1.123033e-15 1.499773e-18
4.588027e+00 1.081358e-15 1.020480e-18
4.588692e+00 1.072111e-15 1.007358e-18
4.589357e+00 1.067210e-15 1.014100e-18
4.590022e+00 1.073904e-15 1.009894e-18
4.590687e+00 1.129714e-15 1.039051e-18
4.591352e+00 1.172865e-15 1.077788e-18
4.592017e+00 1.177864e-15 1.071137e-18
4.592682e+00 1.170451e-15 1.060352e-18
4.593347e+00 1.111765e-15 1.036558e-18
4.594012e+00 1.074572e-15 1.009731e-18
4.594677e+00 1.040038e-15 9.936075e-19
4.595342e+00 1.011076e-15 9.744289e-19
4.596007e+00 1.035570e-15 9.849061e-19
4.596672e+00 1.086748e-15 1.073006e-18
4.597337e+00 1.116052e-15 1.059615e-18
4.598002e+00 1.134051e-15 1.042479e-18
4.598667e+00 1.140645e-15 1.047538e-18
4.599332e+00 1.113551e-15 1.043747e-18
4.599997e+00 1.140415e-15 1.075089e-18
4.600662e+00 1.146998e-15 1.053108e-18
4.601327e+00 1.099545e-15 1.036158e-18
4.601992e+00 1.025698e-15 1.002528e-18
4.602657e+00 1.019992e-15 9.962379e-19
4.603322e+00 1.086784e-15 1.047139e-18
4.603987e+00 1.097345e-15 1.040829e-18
4.604652e+00 1.074922e-15 1.042548e-18
4.605317e+00 1.103514e-15 1.053378e-18
4.605982e+00 nan nan
4.606647e+00 1.153442e-15 1.076061e-18
4.607312e+00 1.151996e-15 1.114250e-18
4.607977e+00 1.092516e-15 1.055751e-18
4.608642e+00 1.048346e-15 1.032660e-18
4.609307e+00 1.023361e-15 1.019509e-18
4.609972e+00 1.034997e-15 1.022112e-18
4.610637e+00 1.106891e-15 1.071679e-18
4.611302e+00 1.158998e-15 1.109745e-18
4.611967e+00 1.140483e-15 1.119359e-18
4.612632e+00 1.125278e-15 1.078623e-18
4.613297e+00 1.123205e-15 1.077299e-18
4.613962e+00 1.082740e-15 1.073530e-18
4.614627e+00 1.054538e-15 1.049079e-18
4.615292e+00 1.059545e-15 1.026764e-18
4.615957e+00 1.062698e-15 1.038998e-18
4.616622e+00 1.078992e-15 1.050857e-18
4.617287e+00 1.071774e-15 1.054604e-18
4.617952e+00 1.057636e-15 1.555558e-18
4.618617e+00 1.100469e-15 1.060129e-18
4.619282e+00 1.129300e-15 1.079373e-18
4.619947e+00 1.102850e-15 1.060529e-18
4.620612e+00 1.058599e-15 1.044832e-18
4.621277e+00 1.096459e-15 1.062333e-18
4.621942e+00 1.126008e-15 1.083678e-18
4.622607e+00 1.082281e-15 1.072849e-18
4.623272e+00 1.037365e-15 1.054833e-18
4.623937e+00 1.061507e-15 1.078055e-18
4.624602e+00 1.107729e-15 1.116823e-18
4.625267e+00 1.068600e-15 1.095295e-18
4.625932e+00 1.027293e-15 1.063731e-18
4.626597e+00 1.054833e-15 1.080679e-18
4.627262e+00 1.120314e-15 1.118666e-18
4.627927e+00 1.176710e-15 1.144817e-18
4.628592e+00 1.178709e-15 1.165765e-18
4.629257e+00 1.158414e-15 1.167324e-18
4.629922e+00 1.082804e-15 1.123152e-18
4.630587e+00 1.030810e-15 2.719282e-18
4.631252e+00 1.067004e-15 1.136657e-18
4.631917e+00 1.113166e-15 1.146886e-18
4.632582e+00 1.113019e-15 1.160275e-18
4.633247e+00 1.069035e-15 1.133432e-18
4.633912e+00 1.077974e-15 1.143804e-18
4.634577e+00 1.111525e-15 1.167310e-18
4.635242e+00 1.112193e-15 1.173445e-18
4.635907e+00 1.101477e-15 1.178824e-18
4.636572e+00 1.057809e-15 1.168898e-18
4.637237e+00 1.010475e-15 1.140954e-18
4.637902e+00 1.042958e-15 1.162076e-18
4.638567e+00 1.119536e-15 1.280817e-18
4.639232e+00 1.156306e-15 2.803358e-18
4.639897e+00 1.074017e-15 1.201482e-18
4.640562e+00 1.070165e-15 1.203166e-18
4.641227e+00 1.060534e-15 1.208418e-18
4.641892e+00 1.074454e-15 1.212233e-18
4.642557e+00 1.090159e-15 1.211784e-18
4.643222e+00 1.075584e-15 1.219397e-18
4.643887e+00 1.060335e-15 1.206992e-18
4.644552e+00 1.053470e-15 1.749451e-18
4.645217e+00 1.050749e-15 1.746446e-18
4.645882e+00 1.074190e-15 1.265541e-18
4.646547e+00 1.072971e-15 1.704034e-18
4.647212e+00 nan nan
4.647877e+00 1.074122e-15 1.384779e-18
4.648542e+00 1.050318e-15 1.349975e-18
4.649207e+00 1.064936e-15 1.873876e-18
4.649872e+00 1.085448e-15 1.391088e-18
4.650537e+00 1.083263e-15 1.979858e-18
4.651202e+00 1.086283e-15 1.435913e-18
4.651867e+00 1.081411e-15 1.557987e-18
4.652532e+00 1.046906e-15 1.593920e-18
4.653197e+00 1.037068e-15 1.577240e-18
4.653862e+00 1.062457e-15 1.663514e-18
4.654527e+00 1.080234e-15 1.758304e-18
4.655192e+00 1.091286e-15 1.796439e-18
4.655857e+00 1.140092e-15 1.823932e-18
4.656522e+00 1.135691e-15 1.730621e-18
4.657187e+00 1.061704e-15 1.601432e-18
4.657852e+00 1.058935e-15 1.579064e-18
4.658517e+00 1.104660e-15 1.605313e-18
4.659182e+00 1.099548e-15 1.506704e-18
4.659847e+00 1.025273e-15 1.381807e-18
4.660512e+00 1.008807e-15 1.272956e-18
4.661177e+00 1.051415e-15 1.246956e-18
4.661842e+00 1.074457e-15 1.244947e-18
4.662507e+00 1.075210e-15 1.232914e-18
4.663172e+00 1.087540e-15 1.218398e-18
4.663837e+00 1.087450e-15 1.223800e-18
4.664502e+00 1.105300e-15 1.237986e-18
4.665167e+00 1.132466e-15 1.243645e-18
4.665832e+00 1.120926e-15 1.246787e-18
4.666497e+00 1.065313e-15 1.196109e-18
4.667162e+00 1.015111e-15 1.175220e-18
4.667827e+00 1.012898e-15 1.182616e-18
4.668492e+00 1.051972e-15 1.218063e-18
4.669157e+00 1.079669e-15 1.234976e-18
4.669822e+00 1.079659e-15 1.235423e-18
4.670487e+00 nan nan
4.671152e+00 1.077612e-15 2.740111e-18
4.671817e+00 nan nan
4.672482e+00 1.082641e-15 1.237104e-18
4.673147e+00 1.027084e-15 1.196457e-18
4.673812e+00 9.854828e-16 1.167725e-18
4.674477e+00 9.939834e-16 1.166936e-18
4.675142e+00 1.038239e-15 1.218552e-18
4.675807e+00 1.078656e-15 2.849489e-18
4.676472e+00 1.106995e-15 2.006369e-18
4.677137e+00 1.116622e-15 1.339137e-18
4.677802e+00 1.112087e-15 1.290422e-18
4.678467e+00 1.057863e-15 1.192897e-18
4.679132e+00 1.036084e-15 1.153201e-18
4.679797e+00 1.063076e-15 1.177928e-18
4.680462e+00 1.062974e-15 1.166187e-18
4.681127e+00 1.030701e-15 1.142055e-18
4.681792e+00 1.058260e-15 1.148983e-18
4.682457e+00 1.058782e-15 1.134134e-18
4.683122e+00 1.013276e-15 1.089494e-18
4.683787e+00 1.047934e-15 1.104551e-18
4.684452e+00 1.087771e-15 1.104393e-18
4.685117e+00 1.071217e-15 1.093756e-18
4.685782e+00 1.066294e-15 1.069103e-18
4.686447e+00 1.094439e-15 1.079428e-18
4.687112e+00 1.098390e-15 1.067100e-18
4.687777e+00 1.096555e-15 1.071735e-18
4.688442e+00 1.069350e-15 1.083649e-18
4.689107e+00 1.076780e-15 1.053324e-18
4.689772e+00 1.091873e-15 1.054653e-18
4.690437e+00 1.054787e-15 1.039457e-18
4.691102e+00 1.008286e-15 1.017279e-18
4.691767e+00 1.013411e-15 1.025693e-18
4.692432e+00 1.061722e-15 1.047050e-18
4.693097e+00 1.103042e-15 1.072930e-18
4.693762e+00 1.122400e-15 1.083298e-18
4.694427e+00 1.099118e-15 1.076828e-18
4.695092e+00 1.065589e-15 1.058704e-18
4.695757e+00 1.028567e-15 1.042973e-18
4.696422e+00 1.038436e-15 1.036975e-18
4.697087e+00 1.077893e-15 1.045170e-18
4.697752e+00 1.080783e-15 1.046216e-18
4.698417e+00 1.041062e-15 1.011774e-18
4.699082e+00 1.015639e-15 1.001065e-18
4.699747e+00 9.903636e-16 1.475354e-18
4.700412e+00 1.006046e-15 1.463431e-18
4.701077e+00 1.084343e-15 1.024772e-18
4.701742e+00 1.114595e-15 1.036999e-18
4.702407e+00 1.094315e-15 1.017762e-18
4.703072e+00 1.054214e-15 1.005946e-18
4.703737e+00 1.052434e-15 1.011448e-18
4.704402e+00 1.090189e-15 1.020325e-18
4.705067e+00 1.087145e-15 1.015387e-18
4.705732e+00 1.062590e-15 1.003066e-18
4.706397e+00 1.048713e-15 9.860793e-19
4.707062e+00 1.027447e-15 9.807188e-19
4.707727e+00 1.014905e-15 9.737411e-19
4.708392e+00 1.018125e-15 9.746064e-19
4.709057e+00 1.021113e-15 9.702633e-19
4.709722e+00 1.072715e-15 9.892963e-19
4.710387e+00 1.074408e-15 1.021660e-18
4.711052e+00 1.023226e-15 9.900874e-19
4.711717e+00 1.023715e-15 9.973718e-19
4.712382e+00 1.042228e-15 1.009820e-18
4.713047e+00 1.049487e-15 1.004936e-18
4.713712e+00 1.047303e-15 9.880626e-19
4.714377e+00 1.069875e-15 1.004029e-18
4.715042e+00 1.083716e-15 1.015468e-18
4.715707e+00 1.061961e-15 1.398168e-18
4.716372e+00 1.050891e-15 1.000900e-18
4.717037e+00 1.034627e-15 9.983810e-19
4.717702e+00 1.007435e-15 9.816836e-19
4.718367e+00 9.932433e-16 9.799870e-19
4.719032e+00 1.009093e-15 9.949634e-19
4.719697e+00 1.059345e-15 1.027706e-18
4.720362e+00 1.074603e-15 1.026320e-18
4.721027e+00 1.064394e-15 1.026771e-18
4.721692e+00 1.077148e-15 1.029659e-18
4.722357e+00 1.107837e-15 1.039216e-18
4.723022e+00 1.103359e-15 1.039365e-18
4.723687e+00 1.083410e-15 1.025092e-18
4.724352e+00 1.081004e-15 1.023125e-18
4.725017e+00 1.065759e-15 1.163426e-18
4.725682e+00 1.029559e-15 1.004231e-18
4.726347e+00 1.001018e-15 9.959122e-19
4.727012e+00 9.963889e-16 9.990278e-19
4.727677e+00 1.010803e-15 1.014798e-18
4.728342e+00 1.019233e-15 1.023163e-18
4.729007e+00 1.023534e-15 1.026217e-18
4.729672e+00 1.012958e-15 1.016097e-18
4.730337e+00 1.039037e-15 1.047552e-18
4.731002e+00 1.062983e-15 1.044577e-18
4.731667e+00 1.084700e-15 1.069467e-18
4.732332e+00 1.073316e-15 1.079062e-18
4.732997e+00 1.033640e-15 1.044080e-18
4.733662e+00 1.023936e-15 1.205931e-18
4.734327e+00 1.022420e-15 1.054413e-18
4.734992e+00 1.018306e-15 1.058491e-18
4.735657e+00 1.004155e-15 1.059291e-18
4.736322e+00 1.009188e-15 1.072231e-18
4.736987e+00 1.039012e-15 1.097009e-18
4.737652e+00 1.063098e-15 1.101855e-18
4.738317e+00 1.066992e-15 1.103616e-18
4.738982e+00 1.062482e-15 1.110928e-18
4.739647e+00 1.064902e-15 1.120589e-18
4.740312e+00 1.048722e-15 1.125243e-18
4.740977e+00 1.023037e-15 1.099445e-18
4.741642e+00 1.014087e-15 1.109538e-18
4.742307e+00 1.021304e-15 1.106888e-18
4.742972e+00 1.063515e-15 1.144709e-18
4.743637e+00 1.095457e-15 1.164658e-18
4.744302e+00 1.064368e-15 1.149096e-18
4.744967e+00 1.007281e-15 1.127885e-18
4.745632e+00 9.953720e-16 1.114187e-18
4.746297e+00 1.046593e-15 1.157342e-18
4.746962e+00 1.069578e-15 1.173211e-18
4.747627e+00 1.070707e-15 1.185142e-18
4.748292e+00 1.054619e-15 1.182188e-18
4.748957e+00 1.049502e-15 1.203418e-18
4.749622e+00 1.028498e-15 1.193356e-18
4.750287e+00 1.014893e-15 1.182869e-18
4.750952e+00 1.031327e-15 1.211120e-18
4.751617e+00 1.032978e-15 1.220197e-18
4.752282e+00 1.045777e-15 1.227851e-18
4.752947e+00 1.071515e-15 1.253340e-18
4.753612e+00 9.899518e-16 2.471758e-18
4.754277e+00 9.921283e-16 1.190869e-18
4.754942e+00 9.868729e-16 1.219466e-18
4.755607e+00 1.025603e-15 1.804081e-18
4.756272e+00 1.068206e-15 1.262732e-18
4.756937e+00 1.075296e-15 1.255574e-18
4.757602e+00 1.072709e-15 1.272227e-18
4.758267e+00 1.058111e-15 1.257891e-18
4.758932e+00 1.028954e-15 1.326150e-18
4.759597e+00 1.053502e-15 1.387285e-18
4.760262e+00 1.073567e-15 1.387757e-18
4.760927e+00 1.060421e-15 1.360622e-18
4.761592e+00 1.034942e-15 1.221221e-18
4.762257e+00 1.007291e-15 1.211385e-18
4.762922e+00 9.927319e-16 1.184349e-18
4.763587e+00 9.997406e-16 1.197001e-18
4.764252e+00 1.001504e-15 1.177380e-18
4.764917e+00 1.013472e-15 1.171987e-18
4.765582e+00 1.008834e-15 1.158899e-18
4.766247e+00 1.010360e-15 1.151761e-18
4.766912e+00 1.001322e-15 1.138782e-18
4.767577e+00 9.891859e-16 1.128083e-18
4.768242e+00 1.005817e-15 1.127975e-18
4.768907e+00 1.049370e-15 1.155794e-18
4.769572e+00 1.069564e-15 1.162347e-18
4.770237e+00 1.054443e-15 1.267557e-18
4.770902e+00 1.051175e-15 1.144477e-18
4.771567e+00 1.045349e-15 1.127240e-18
4.772232e+00 1.012741e-15 1.109127e-18
4.772897e+00 9.795825e-16 1.156274e-18
4.773562e+00 9.816217e-16 1.093496e-18
4.774227e+00 1.024798e-15 1.106763e-18
4.774892e+00 1.029401e-15 1.095625e-18
4.775557e+00 1.007408e-15 1.080481e-18
4.776222e+00 1.013381e-15 1.091616e-18
4.776887e+00 1.008781e-15 1.089500e-18
4.777552e+00 1.025470e-15 1.097266e-18
4.778217e+00 1.025971e-15 1.082352e-18
4.778882e+00 1.000908e-15 1.062571e-18
4.779547e+00 9.809397e-16 1.049089e-18
4.780212e+00 9.928154e-16 1.059174e-18
4.780877e+00 1.016936e-15 1.050284e-18
4.781542e+00 1.034562e-15 1.057619e-18
4.782207e+00 1.046278e-15 1.074672e-18
4.782872e+00 1.025875e-15 1.050908e-18
4.783537e+00 9.811768e-16 1.007614e-18
4.784202e+00 9.827285e-16 1.009772e-18
4.784867e+00 9.976918e-16 1.003038e-18
4.785532e+00 1.005616e-15 1.015430e-18
4.786197e+00 9.843558e-16 9.948963e-19
4.786862e+00 9.916180e-16 1.006119e-18
4.787527e+00 1.022329e-15 1.013361e-18
4.788192e+00 1.063187e-15 1.026486e-18
4.788857e+00 1.095187e-15 1.044001e-18
4.789522e+00 1.083497e-15 1.028145e-18
4.790187e+00 1.048138e-15 1.013860e-18
4.790852e+00 1.016416e-15 9.901179e-19
4.791517e+00 1.015339e-15 9.820409e-19
4.792182e+00 1.018343e-15 9.793718e-19
4.792847e+00 9.933644e-16 9.716111e-19
4.793512e+00 9.701755e-16 9.497110e-19
4.794177e+00 9.741680e-16 9.510586e-19
4.794842e+00 9.790577e-16 9.524936e-19
4.795507e+00 9.955471e-16 9.585554e-19
4.796172e+00 1.028967e-15 9.744339e-19
4.796837e+00 1.036850e-15 9.790071e-19
4.797502e+00 1.046956e-15 9.826982e-19
4.798167e+00 1.081439e-15 1.004818e-18
4.798832e+00 1.106234e-15 1.024988e-18
4.799497e+00 1.086067e-15 1.016281e-18
4.800162e+00 1.040209e-15 1.150766e-18
4.800827e+00 1.001394e-15 1.137004e-18
4.801492e+00 1.006225e-15 9.843184e-19
4.802157e+00 1.016475e-15 9.932366e-19
4.802822e+00 9.953514e-16 9.978901e-19
4.803487e+00 9.944773e-16 9.856268e-19
4.804152e+00 1.004914e-15 9.823501e-19
4.804817e+00 9.896825e-16 9.653255e-19
4.805482e+00 1.023695e-15 9.881682e-19
4.806147e+00 1.051021e-15 9.843959e-19
4.806812e+00 1.027766e-15 9.603375e-19
4.807477e+00 1.027312e-15 9.747065e-19
4.808142e+00 1.029507e-15 9.729417e-19
4.808807e+00 1.038316e-15 9.832400e-19
4.809472e+00 1.032644e-15 9.781237e-19
4.810137e+00 1.000795e-15 9.652337e-19
4.810802e+00 9.771696e-16 9.542083e-19
4.811467e+00 9.804149e-16 9.582942e-19
4.812132e+00 9.975546e-16 9.699645e-19
4.812797e+00 9.824577e-16 9.594562e-19
4.813462e+00 9.558757e-16 9.744633e-19
4.814127e+00 9.508505e-16 9.514411e-19
4.814792e+00 9.602164e-16 9.563085e-19
4.815457e+00 9.923759e-16 9.776783e-19
4.816122e+00 1.028823e-15 1.006911e-18
4.816787e+00 1.030972e-15 1.012973e-18
4.817452e+00 1.026238e-15 1.024165e-18
4.818117e+00 1.022538e-15 1.017623e-18
4.818782e+00 1.009895e-15 1.019420e-18
4.819447e+00 9.987951e-16 1.010195e-18
4.820112e+00 1.010963e-15 1.035035e-18
4.820777e+00 1.004157e-15 1.035090e-18
4.821442e+00 1.033382e-15 1.058790e-18
4.822107e+00 1.052252e-15 1.069490e-18
4.822772e+00 1.014452e-15 1.063076e-18
4.823437e+00 9.544575e-16 1.058257e-18
4.824102e+00 9.468724e-16 1.052962e-18
4.824767e+00 9.917981e-16 1.088405e-18
4.825432e+00 1.018232e-15 1.109762e-18
4.826097e+00 1.024482e-15 1.128133e-18
4.826762e+00 1.030643e-15 1.133161e-18
4.827427e+00 1.021700e-15 1.141117e-18
4.828092e+00 1.009832e-15 1.138937e-18
4.828757e+00 1.012440e-15 1.172469e-18
4.829422e+00 1.043925e-15 1.189389e-18
4.830087e+00 nan nan
4.830752e+00 1.038583e-15 1.379050e-18
4.831417e+00 1.018888e-15 1.192890e-18
4.832082e+00 1.019889e-15 1.174299e-18
4.832747e+00 1.002889e-15 1.169544e-18
4.833412e+00 9.529347e-16 1.153054e-18
4.834077e+00 9.459000e-16 1.124973e-18
4.834742e+00 9.915818e-16 1.648085e-18
4.835407e+00 9.959695e-16 1.158030e-18
4.836072e+00 9.848499e-16 1.174891e-18
4.836737e+00 9.965052e-16 1.168773e-18
4.837402e+00 9.951473e-16 1.164721e-18
4.838067e+00 1.015832e-15 1.379802e-18
4.838732e+00 1.040687e-15 1.189901e-18
4.839397e+00 1.039119e-15 1.191935e-18
4.840062e+00 1.018174e-15 1.706634e-18
4.840727e+00 9.710254e-16 1.204750e-18
4.841392e+00 9.786357e-16 1.191610e-18
4.842057e+00 9.981354e-16 1.231563e-18
4.842722e+00 9.772745e-16 1.188439e-18
4.843387e+00 9.391945e-16 1.184422e-18
4.844052e+00 9.410300e-16 1.407731e-18
4.844717e+00 9.890783e-16 1.251414e-18
4.845382e+00 1.038024e-15 1.262645e-18
4.846047e+00 1.046195e-15 1.254558e-18
4.846712e+00 1.028391e-15 1.245872e-18
4.847377e+00 1.016608e-15 1.233226e-18
4.848042e+00 1.008395e-15 1.217051e-18
4.848707e+00 9.930808e-16 1.186039e-18
4.849372e+00 1.006678e-15 1.201507e-18
4.850037e+00 1.006834e-15 1.219627e-18
4.850702e+00 1.019384e-15 1.219437e-18
4.851367e+00 1.033488e-15 1.218095e-18
4.852032e+00 1.029361e-15 1.212206e-18
4.852697e+00 9.878335e-16 1.170652e-18
4.853362e+00 9.420528e-16 1.122615e-18
4.854027e+00 9.453675e-16 1.128183e-18
4.854692e+00 9.563386e-16 1.125581e-18
4.855357e+00 9.768690e-16 1.138547e-18
4.856022e+00 9.785867e-16 1.125251e-18
4.856687e+00 9.650411e-16 1.105323e-18
4.857352e+00 9.653544e-16 1.106591e-18
4.858017e+00 9.707188e-16 1.101937e-18
4.858682e+00 9.915597e-16 1.107143e-18
4.859347e+00 1.017488e-15 1.109018e-18
4.860012e+00 1.031988e-15 1.123438e-18
4.860677e+00 1.020153e-15 1.109588e-18
4.861342e+00 1.018787e-15 1.102384e-18
4.862007e+00 1.032403e-15 1.110585e-18
4.862672e+00 1.016624e-15 1.081991e-18
4.863337e+00 9.679510e-16 1.044293e-18
4.864002e+00 9.220578e-16 1.020353e-18
4.864667e+00 9.194984e-16 1.013393e-18
4.865332e+00 9.253042e-16 1.193640e-18
4.865997e+00 9.368749e-16 1.005636e-18
4.866662e+00 9.696737e-16 1.029876e-18
4.867327e+00 9.808123e-16 1.508669e-18
4.867992e+00 9.802026e-16 1.022331e-18
4.868657e+00 1.005697e-15 1.032492e-18
4.869322e+00 1.003842e-15 1.044769e-18
4.869987e+00 1.000311e-15 1.025561e-18
4.870652e+00 9.988562e-16 1.017721e-18
4.871317e+00 9.850241e-16 1.001563e-18
4.871982e+00 9.888008e-16 1.007033e-18
4.872647e+00 9.812733e-16 9.836379e-19
4.873312e+00 9.525976e-16 9.724456e-19
4.873977e+00 9.292132e-16 9.661257e-19
4.874642e+00 9.474633e-16 9.802999e-19
4.875307e+00 9.579187e-16 9.651031e-19
4.875972e+00 9.248745e-16 9.454609e-19
4.876637e+00 9.193778e-16 9.411535e-19
4.877302e+00 9.457073e-16 9.557369e-19
4.877967e+00 9.905169e-16 9.850910e-19
4.878632e+00 1.006840e-15 1.005992e-18
4.879297e+00 1.009147e-15 9.948175e-19
4.879962e+00 1.023140e-15 9.857149e-19
4.880627e+00 1.008668e-15 9.800683e-19
4.881292e+00 1.003646e-15 9.747625e-19
4.881957e+00 9.894465e-16 9.685757e-19
4.882622e+00 9.997936e-16 9.775282e-19
4.883287e+00 9.968485e-16 1.011258e-18
4.883952e+00 9.521749e-16 9.486568e-19
4.884617e+00 9.241002e-16 9.340369e-19
4.885282e+00 9.338047e-16 9.323464e-19
4.885947e+00 9.436791e-16 9.500660e-19
4.886612e+00 9.392972e-16 9.463398e-19
4.887277e+00 9.420448e-16 9.494626e-19
4.887942e+00 9.812181e-16 9.745598e-19
4.888607e+00 1.015013e-15 9.966973e-19
4.889272e+00 1.018290e-15 9.951681e-19
4.889937e+00 9.873090e-16 9.790635e-19
4.890602e+00 9.962673e-16 1.005871e-18
4.891267e+00 1.008357e-15 1.023291e-18
4.891932e+00 9.943736e-16 1.015285e-18
4.892597e+00 9.745596e-16 1.000009e-18
4.893262e+00 9.714729e-16 1.009201e-18
4.893927e+00 9.754214e-16 1.011910e-18
4.894592e+00 9.346608e-16 9.964525e-19
4.895257e+00 9.041797e-16 9.922758e-19
4.895922e+00 9.353064e-16 1.027269e-18
4.896587e+00 9.668383e-16 1.058147e-18
4.897252e+00 9.592745e-16 1.057867e-18
4.897917e+00 9.027059e-16 1.003192e-18
4.898582e+00 8.785454e-16 9.985740e-19
4.899247e+00 9.076820e-16 1.028126e-18
4.899912e+00 9.624977e-16 1.038937e-18
4.900577e+00 1.019361e-15 1.079961e-18
4.901242e+00 1.027666e-15 1.093236e-18
4.901907e+00 9.825306e-16 1.533601e-18
4.902572e+00 9.769067e-16 1.071083e-18
4.903237e+00 1.003770e-15 1.206927e-18
4.903902e+00 1.006092e-15 1.142189e-18
4.904567e+00 9.797588e-16 1.124362e-18
4.905232e+00 9.285943e-16 1.123666e-18
4.905897e+00 9.211433e-16 1.127795e-18
4.906562e+00 9.477770e-16 1.278277e-18
4.907227e+00 9.565769e-16 1.178665e-18
4.907892e+00 9.552370e-16 1.118968e-18
4.908557e+00 9.424056e-16 1.123035e-18
4.909222e+00 9.230412e-16 1.104990e-18
4.909887e+00 9.600753e-16 1.131754e-18
4.910552e+00 9.965387e-16 1.162167e-18
4.911217e+00 9.930848e-16 1.165346e-18
4.911882e+00 9.912878e-16 1.163309e-18
4.912547e+00 9.863893e-16 1.166699e-18
4.913212e+00 9.875927e-16 1.179364e-18
4.913877e+00 9.793422e-16 1.178433e-18
4.914542e+00 9.813655e-16 1.195574e-18
4.915207e+00 9.425733e-16 1.175865e-18
4.915872e+00 9.054600e-16 1.157716e-18
4.916537e+00 9.249329e-16 1.166157e-18
4.917202e+00 9.735636e-16 1.201700e-18
4.917867e+00 9.900106e-16 1.216176e-18
4.918532e+00 9.841309e-16 1.244964e-18
4.919197e+00 9.855911e-16 1.277373e-18
4.919862e+00 9.735327e-16 1.237933e-18
4.920527e+00 9.346934e-16 1.181357e-18
4.921192e+00 9.649850e-16 1.217272e-18
4.921857e+00 1.008751e-15 1.249741e-18
4.922522e+00 1.010204e-15 1.242005e-18
4.923187e+00 1.004250e-15 1.241520e-18
4.923852e+00 1.004308e-15 2.498629e-18
4.924517e+00 9.934884e-16 2.497010e-18
4.925182e+00 9.356684e-16 1.382230e-18
4.925847e+00 9.035998e-16 1.178930e-18
4.926512e+00 9.125150e-16 1.175229e-18
4.927177e+00 9.161526e-16 1.165543e-18
4.927842e+00 9.247928e-16 1.162788e-18
4.928507e+00 9.309984e-16 1.167593e-18
4.929172e+00 9.515945e-16 1.186288e-18
4.929837e+00 9.692837e-16 1.176216e-18
4.930502e+00 9.900030e-16 1.185202e-18
4.931167e+00 9.878040e-16 1.187878e-18
4.931832e+00 9.422911e-16 1.161781e-18
4.932497e+00 9.305285e-16 1.131028e-18
4.933162e+00 9.372021e-16 1.136704e-18
4.933827e+00 9.463402e-16 1.129298e-18
4.934492e+00 9.524233e-16 1.123880e-18
4.935157e+00 9.293702e-16 1.338715e-18
4.935822e+00 8.934006e-16 1.166877e-18
4.936487e+00 8.946571e-16 1.219735e-18
4.937152e+00 9.048299e-16 1.177280e-18
4.937817e+00 8.866493e-16 1.127033e-18
4.938482e+00 8.946658e-16 1.083108e-18
4.939147e+00 9.421902e-16 1.102702e-18
4.939812e+00 9.825552e-16 1.122016e-18
4.940477e+00 1.014178e-15 1.139169e-18
4.941142e+00 1.012600e-15 1.139759e-18
4.941807e+00 9.796365e-16 1.106330e-18
4.942472e+00 9.537782e-16 1.100222e-18
4.943137e+00 9.114119e-16 1.054689e-18
4.943802e+00 9.106740e-16 1.077021e-18
4.944467e+00 9.604918e-16 1.122670e-18
4.945132e+00 9.903846e-16 1.152099e-18
4.945797e+00 nan nan
4.946462e+00 9.346758e-16 1.076430e-18
4.947127e+00 9.098929e-16 1.030360e-18
4.947792e+00 9.166518e-16 1.034327e-18
4.948457e+00 9.020154e-16 1.024206e-18
4.949122e+00 8.976852e-16 1.018190e-18
4.949787e+00 9.387696e-16 1.032362e-18
4.950452e+00 9.648524e-16 1.049722e-18
4.951117e+00 9.730744e-16 1.056148e-18
4.951782e+00 9.598267e-16 1.032054e-18
4.952447e+00 9.385453e-16 1.013847e-18
4.953112e+00 9.226697e-16 1.012551e-18
4.953777e+00 9.239407e-16 1.029332e-18
4.954442e+00 8.947904e-16 1.008458e-18
4.955107e+00 8.781376e-16 1.010692e-18
4.955772e+00 9.142132e-16 1.015772e-18
4.956437e+00 9.656375e-16 1.033992e-18
4.957102e+00 9.510618e-16 1.030680e-18
4.957767e+00 9.118302e-16 1.003586e-18
4.958432e+00 9.077702e-16 1.015358e-18
4.959097e+00 9.369149e-16 1.042153e-18
4.959762e+00 9.313568e-16 1.031546e-18
4.960427e+00 9.126938e-16 1.026973e-18
4.961092e+00 9.281586e-16 1.052592e-18
4.961757e+00 9.668114e-16 1.076688e-18
4.962422e+00 9.742989e-16 1.089411e-18
4.963087e+00 nan nan
4.963752e+00 9.502066e-16 1.336123e-18
4.964417e+00 9.661075e-16 1.148520e-18
4.965082e+00 9.702873e-16 1.091452e-18
4.965747e+00 9.660393e-16 1.129654e-18
4.966412e+00 9.262791e-16 1.040104e-18
4.967077e+00 8.863728e-16 1.017202e-18
4.967742e+00 8.701982e-16 1.002200e-18
4.968407e+00 8.552740e-16 1.002287e-18
4.969072e+00 8.672442e-16 9.963120e-19
4.969737e+00 8.796496e-16 1.007151e-18
4.970402e+00 9.117563e-16 1.040323e-18
4.971067e+00 9.336902e-16 1.049109e-18
4.971732e+00 9.159790e-16 1.040127e-18
4.972397e+00 9.245516e-16 1.055139e-18
4.973062e+00 9.528395e-16 1.089118e-18
4.973727e+00 9.745642e-16 1.093542e-18
4.974392e+00 9.911170e-16 1.115149e-18
4.975057e+00 9.930209e-16 1.116841e-18
4.975722e+00 9.780979e-16 1.121874e-18
4.976387e+00 9.722013e-16 1.121661e-18
4.977052e+00 9.574433e-16 1.136298e-18
4.977717e+00 9.410270e-16 1.110653e-18
4.978382e+00 9.078821e-16 1.093236e-18
4.979047e+00 8.762295e-16 1.071693e-18
4.979712e+00 8.864483e-16 1.086877e-18
4.980377e+00 9.037567e-16 1.103182e-18
4.981042e+00 9.324554e-16 1.123683e-18
4.981707e+00 9.467735e-16 1.132358e-18
4.982372e+00 9.348626e-16 1.127866e-18
4.983037e+00 9.128508e-16 1.103546e-18
4.983702e+00 9.069821e-16 1.100846e-18
4.984367e+00 9.410963e-16 1.120006e-18
4.985032e+00 9.687308e-16 1.144389e-18
4.985697e+00 9.656848e-16 1.143270e-18
4.986362e+00 9.629386e-16 1.143759e-18
4.987027e+00 9.855387e-16 1.159427e-18
4.987692e+00 9.966705e-16 1.170019e-18
4.988357e+00 9.720996e-16 1.188003e-18
4.989022e+00 9.269741e-16 1.186120e-18
4.989687e+00 8.875318e-16 1.184699e-18
4.990352e+00 8.736103e-16 1.181850e-18
4.991017e+00 8.691109e-16 1.243961e-18
4.991682e+00 8.944667e-16 1.330642e-18
4.992347e+00 9.285329e-16 1.480911e-18
4.993012e+00 9.511424e-16 1.523892e-18
4.993677e+00 9.500711e-16 1.520253e-18
4.994342e+00 9.129497e-16 1.474426e-18
4.995007e+00 8.837969e-16 1.457101e-18
4.995672e+00 8.800260e-16 1.463076e-18
4.996337e+00 8.729026e-16 1.461380e-18
4.997002e+00 8.827209e-16 1.447130e-18
4.997667e+00 9.109169e-16 1.452690e-18
4.998332e+00 9.500932e-16 1.457073e-18
4.998997e+00 9.346229e-16 1.390228e-18
4.999662e+00 8.896183e-16 1.320992e-18
5.000327e+00 8.826294e-16 1.306650e-18
5.000992e+00 8.808326e-16 1.291878e-18
5.001657e+00 8.872434e-16 1.303961e-18
5.002322e+00 8.952849e-16 1.297922e-18
5.002987e+00 8.830086e-16 1.270929e-18
5.003652e+00 8.993418e-16 1.280836e-18
5.004317e+00 9.479068e-16 1.321970e-18
5.004982e+00 9.850592e-16 1.356269e-18
5.005647e+00 9.768278e-16 1.335871e-18
5.006312e+00 9.334133e-16 1.305788e-18
5.006977e+00 9.227814e-16 1.259794e-18
5.007642e+00 9.524286e-16 1.294723e-18
5.008307e+00 9.504252e-16 1.301655e-18
5.008972e+00 9.518812e-16 1.272913e-18
5.009637e+00 9.524326e-16 1.248227e-18
5.010302e+00 9.237258e-16 1.191488e-18
5.010967e+00 9.231627e-16 1.138205e-18
5.011632e+00 9.141793e-16 1.069903e-18
5.012297e+00 8.782380e-16 1.026489e-18
5.012962e+00 8.711367e-16 1.013629e-18
5.013627e+00 9.038425e-16 1.025122e-18
5.014292e+00 9.383097e-16 1.037729e-18
5.014957e+00 9.174023e-16 1.002631e-18
5.015622e+00 8.841067e-16 9.802434e-19
5.016287e+00 8.948022e-16 9.639282e-19
5.016952e+00 9.147964e-16 9.639750e-19
5.017617e+00 9.110400e-16 9.612802e-19
5.018282e+00 8.649785e-16 9.347764e-19
5.018947e+00 8.381454e-16 9.205831e-19
5.019612e+00 8.419191e-16 9.125485e-19
5.020277e+00 8.608726e-16 9.237014e-19
5.020942e+00 8.869027e-16 9.504910e-19
5.021607e+00 8.855966e-16 9.529907e-19
5.022272e+00 8.904452e-16 9.524703e-19
5.022937e+00 9.107504e-16 6.911927e-05
5.023602e+00 9.071890e-16 2.949634e-03
5.024267e+00 8.748938e-16 9.205577e-19
5.024932e+00 8.690961e-16 9.162499e-19
5.025597e+00 8.907291e-16 9.272819e-19
5.026262e+00 8.965655e-16 9.310659e-19
5.026927e+00 8.927733e-16 9.208951e-19
5.027592e+00 8.781782e-16 9.128032e-19
5.028257e+00 8.688537e-16 9.049806e-19
5.028922e+00 8.681991e-16 9.039023e-19
5.029587e+00 8.677277e-16 9.181889e-19
5.030252e+00 8.684748e-16 9.152581e-19
5.030917e+00 8.837164e-16 9.342200e-19
5.031582e+00 9.034826e-16 9.435082e-19
5.032247e+00 8.934449e-16 9.347906e-19
5.032912e+00 8.812579e-16 9.336595e-19
5.033577e+00 8.854152e-16 9.486266e-19
5.034242e+00 9.091071e-16 9.609943e-19
5.034907e+00 9.294471e-16 1.149015e-18
5.035572e+00 9.086853e-16 1.142287e-18
5.036237e+00 9.051098e-16 9.705547e-19
5.036902e+00 9.192844e-16 9.826612e-19
5.037567e+00 9.248008e-16 1.003916e-18
5.038232e+00 9.226192e-16 1.009930e-18
5.038897e+00 8.948405e-16 9.982995e-19
5.039562e+00 8.716858e-16 9.910993e-19
5.040227e+00 8.560176e-16 9.722140e-19
5.040892e+00 8.636551e-16 9.917281e-19
5.041557e+00 8.907032e-16 1.005530e-18
5.042222e+00 8.848504e-16 1.009765e-18
5.042887e+00 8.694166e-16 1.013026e-18
5.043552e+00 8.689905e-16 1.038078e-18
5.044217e+00 8.899489e-16 1.057534e-18
5.044882e+00 8.982570e-16 1.076817e-18
5.045547e+00 9.177119e-16 1.098436e-18
5.046212e+00 9.062320e-16 1.093170e-18
5.046877e+00 8.558443e-16 1.081487e-18
5.047542e+00 8.415184e-16 1.074016e-18
5.048207e+00 8.667048e-16 1.111477e-18
5.048872e+00 9.132962e-16 1.152724e-18
5.049537e+00 9.427881e-16 1.165159e-18
5.050202e+00 9.435709e-16 1.167348e-18
5.050867e+00 9.242249e-16 1.153417e-18
5.051532e+00 9.407244e-16 1.185492e-18
5.052197e+00 9.524115e-16 1.189355e-18
5.052862e+00 9.033493e-16 1.143177e-18
5.053527e+00 8.764786e-16 1.128137e-18
5.054192e+00 8.695021e-16 1.123958e-18
5.054857e+00 8.409586e-16 1.106165e-18
5.055522e+00 8.498027e-16 1.115730e-18
5.056187e+00 8.917514e-16 1.166294e-18
5.056852e+00 9.338705e-16 1.187949e-18
5.057517e+00 9.334055e-16 1.181019e-18
5.058182e+00 9.066583e-16 1.150922e-18
5.058847e+00 8.677505e-16 1.150981e-18
5.059512e+00 8.507370e-16 1.144318e-18
5.060177e+00 8.754586e-16 1.138893e-18
5.060842e+00 9.055368e-16 1.153538e-18
5.061507e+00 8.979284e-16 1.151314e-18
5.062172e+00 8.681643e-16 1.125180e-18
5.062837e+00 8.583103e-16 1.125761e-18
5.063502e+00 8.833227e-16 1.172506e-18
5.064167e+00 8.924053e-16 1.238903e-18
5.064832e+00 8.788953e-16 1.176872e-18
5.065497e+00 8.677538e-16 1.143592e-18
5.066162e+00 8.504267e-16 1.117612e-18
5.066827e+00 8.430890e-16 1.097681e-18
5.067492e+00 8.457138e-16 1.090724e-18
5.068157e+00 8.836584e-16 1.121956e-18
5.068822e+00 9.106495e-16 1.289853e-18
5.069487e+00 9.013278e-16 1.122196e-18
5.070152e+00 8.866219e-16 1.106390e-18
5.070817e+00 8.686641e-16 1.077938e-18
5.071482e+00 8.773463e-16 1.083912e-18
5.072147e+00 9.134113e-16 1.107436e-18
5.072812e+00 8.996761e-16 1.091445e-18
5.073477e+00 8.875323e-16 1.071578e-18
5.074142e+00 9.078353e-16 1.088895e-18
5.074807e+00 8.989127e-16 1.077219e-18
5.075472e+00 8.600009e-16 1.044840e-18
5.076137e+00 8.652187e-16 1.059767e-18
5.076802e+00 8.772848e-16 1.057629e-18
5.077467e+00 8.504060e-16 1.031222e-18
5.078132e+00 8.364826e-16 9.951960e-19
5.078797e+00 8.402598e-16 9.980870e-19
5.079462e+00 8.283111e-16 9.886814e-19
5.080127e+00 8.419748e-16 9.858456e-19
5.080792e+00 8.666708e-16 9.936645e-19
5.081457e+00 8.824379e-16 9.999121e-19
5.082122e+00 8.787452e-16 1.002088e-18
5.082787e+00 8.272660e-16 9.501670e-19
5.083452e+00 8.273116e-16 9.364295e-19
5.084117e+00 8.725366e-16 9.641277e-19
5.084782e+00 9.058769e-16 1.158018e-18
5.085447e+00 8.915816e-16 2.071902e-18
5.086112e+00 8.603058e-16 9.519346e-19
5.086777e+00 8.704817e-16 9.615012e-19
5.087442e+00 8.870496e-16 9.591182e-19
5.088107e+00 8.930325e-16 9.788603e-19
5.088772e+00 8.879045e-16 9.659316e-19
5.089437e+00 8.904520e-16 9.614770e-19
5.090102e+00 9.111551e-16 9.698666e-19
5.090767e+00 8.993782e-16 9.665332e-19
5.091432e+00 8.808984e-16 9.640545e-19
5.092097e+00 8.445745e-16 9.651306e-19
5.092762e+00 8.185171e-16 1.034029e-18
5.093427e+00 8.412621e-16 1.057506e-18
5.094092e+00 8.517501e-16 9.727358e-19
5.094757e+00 8.417591e-16 9.641760e-19
5.095422e+00 8.453212e-16 9.799311e-19
5.096087e+00 8.700351e-16 9.904791e-19
5.096752e+00 9.056447e-16 1.015421e-18
5.097417e+00 9.226802e-16 1.045395e-18
5.098082e+00 8.924421e-16 1.046492e-18
5.098747e+00 8.603585e-16 1.013388e-18
5.099412e+00 8.786740e-16 1.036721e-18
5.100077e+00 9.018999e-16 1.089495e-18
5.100742e+00 8.980047e-16 1.099627e-18
5.101407e+00 9.099681e-16 1.098105e-18
5.102072e+00 9.392862e-16 1.323260e-18
5.102737e+00 9.209556e-16 1.135773e-18
5.103402e+00 8.833682e-16 1.105105e-18
5.104067e+00 8.712799e-16 2.276654e-18
5.104732e+00 8.432362e-16 1.503376e-18
5.105397e+00 8.251172e-16 1.484014e-18
5.106062e+00 8.249074e-16 1.055673e-18
5.106727e+00 8.576045e-16 1.075627e-18
5.107392e+00 8.620947e-16 1.093501e-18
5.108057e+00 8.503699e-16 1.094950e-18
5.108722e+00 8.542690e-16 1.085802e-18
5.109387e+00 8.359660e-16 1.073018e-18
5.110052e+00 8.108515e-16 1.045480e-18
5.110717e+00 7.999490e-16 1.054865e-18
5.111382e+00 8.272943e-16 1.072353e-18
5.112047e+00 8.652316e-16 1.101181e-18
5.112712e+00 8.760173e-16 1.119234e-18
5.113377e+00 8.809104e-16 1.148716e-18
5.114042e+00 8.703986e-16 1.408844e-18
5.114707e+00 8.316170e-16 2.992962e-18
5.115372e+00 8.602043e-16 2.980439e-18
5.116037e+00 9.053650e-16 3.668126e-18
5.116702e+00 8.938581e-16 1.139736e-18
5.117367e+00 8.786325e-16 1.147629e-18
5.118032e+00 8.615074e-16 1.125167e-18
5.118697e+00 8.308571e-16 1.105397e-18
5.119362e+00 8.295334e-16 1.107064e-18
5.120027e+00 8.426941e-16 1.295720e-18
5.120692e+00 8.519879e-16 1.126173e-18
5.121357e+00 8.604327e-16 1.126641e-18
5.122022e+00 8.560735e-16 1.123833e-18
5.122687e+00 8.803625e-16 1.148200e-18
5.123352e+00 9.085816e-16 1.163918e-18
5.124017e+00 8.906736e-16 1.129196e-18
5.124682e+00 8.537725e-16 1.092448e-18
5.125347e+00 8.573969e-16 1.117164e-18
5.126012e+00 8.862318e-16 1.145323e-18
5.126677e+00 8.954127e-16 1.150005e-18
5.127342e+00 8.694212e-16 1.114343e-18
5.128007e+00 8.291843e-16 1.073612e-18
5.128672e+00 8.257151e-16 1.072206e-18
5.129337e+00 8.464819e-16 1.092686e-18
5.130002e+00 8.468379e-16 1.070348e-18
5.130667e+00 8.313995e-16 1.094091e-18
5.131332e+00 8.117873e-16 1.081597e-18
5.131997e+00 8.074255e-16 1.044847e-18
5.132662e+00 8.056504e-16 1.013791e-18
5.133327e+00 8.309212e-16 1.034722e-18
5.133992e+00 8.566256e-16 1.034213e-18
5.134657e+00 8.651633e-16 1.426772e-18
5.135322e+00 8.557311e-16 1.402836e-18
5.135987e+00 8.644327e-16 9.930864e-19
5.136652e+00 8.599226e-16 9.988823e-19
5.137317e+00 8.467709e-16 1.002929e-18
5.137982e+00 8.503742e-16 9.906116e-19
5.138647e+00 8.824069e-16 1.040504e-18
5.139312e+00 8.706865e-16 1.040229e-18
5.139977e+00 8.299006e-16 1.010545e-18
5.140642e+00 8.406674e-16 1.002220e-18
5.141307e+00 8.653759e-16 1.008367e-18
5.141972e+00 8.514925e-16 9.686185e-19
5.142637e+00 8.459503e-16 9.667267e-19
5.143302e+00 8.489845e-16 9.715474e-19
5.143967e+00 8.253767e-16 9.613388e-19
5.144632e+00 7.998551e-16 9.637616e-19
5.145297e+00 7.880630e-16 9.272612e-19
5.145962e+00 7.887228e-16 9.295055e-19
5.146627e+00 8.003571e-16 9.516586e-19
5.147292e+00 8.132095e-16 9.683663e-19
5.147957e+00 8.076036e-16 9.966031e-19
5.148622e+00 8.325438e-16 9.672149e-19
5.149287e+00 8.464213e-16 9.718168e-19
5.149952e+00 8.336712e-16 9.416355e-19
5.150617e+00 8.460939e-16 9.577239e-19
5.151282e+00 8.684359e-16 9.831512e-19
5.151947e+00 8.794901e-16 9.781919e-19
5.152612e+00 8.828455e-16 9.787935e-19
5.153277e+00 8.931807e-16 9.857741e-19
5.153942e+00 8.883115e-16 9.864443e-19
5.154607e+00 8.988250e-16 9.995599e-19
5.155272e+00 8.919842e-16 1.004533e-18
5.155937e+00 8.653725e-16 9.897074e-19
5.156602e+00 8.539025e-16 1.008756e-18
5.157267e+00 8.631140e-16 1.069763e-18
5.157932e+00 8.484085e-16 1.018879e-18
5.158597e+00 8.172572e-16 9.858692e-19
5.159262e+00 8.221649e-16 1.008671e-18
5.159927e+00 8.197029e-16 1.026553e-18
5.160592e+00 8.136939e-16 1.028541e-18
5.161257e+00 8.273975e-16 1.040510e-18
5.161922e+00 8.257317e-16 1.049026e-18
5.162587e+00 8.330538e-16 1.063245e-18
5.163252e+00 nan nan
5.163917e+00 8.786153e-16 1.558143e-18
5.164582e+00 8.603688e-16 1.128429e-18
5.165247e+00 8.532863e-16 1.135068e-18
5.165912e+00 8.598231e-16 1.142793e-18
5.166577e+00 8.535222e-16 1.137761e-18
5.167242e+00 8.360030e-16 1.153307e-18
5.167907e+00 8.226604e-16 1.144966e-18
5.168572e+00 8.156648e-16 1.153698e-18
5.169237e+00 8.176637e-16 1.483050e-18
5.169902e+00 9.160184e-16 6.794900e-18
5.170567e+00 8.855196e-16 4.480459e-18
5.171232e+00 8.690074e-16 1.215105e-18
5.171897e+00 8.382120e-16 1.185565e-18
5.172562e+00 8.280531e-16 1.169547e-18
5.173227e+00 8.238059e-16 1.156550e-18
5.173892e+00 8.135875e-16 1.327228e-18
5.174557e+00 8.281686e-16 1.172531e-18
5.175222e+00 8.439458e-16 1.169368e-18
5.175887e+00 8.401954e-16 1.169062e-18
5.176552e+00 8.420847e-16 1.167985e-18
5.177217e+00 8.502696e-16 1.158807e-18
5.177882e+00 8.688002e-16 1.168773e-18
5.178547e+00 8.701658e-16 1.167537e-18
5.179212e+00 8.718020e-16 1.665636e-18
5.179877e+00 8.343530e-16 1.148158e-18
5.180542e+00 8.209627e-16 2.236902e-18
5.181207e+00 8.347730e-16 1.118349e-18
5.181872e+00 8.247911e-16 1.119468e-18
5.182537e+00 8.491481e-16 1.103904e-18
5.183202e+00 8.831630e-16 1.125894e-18
5.183867e+00 8.715741e-16 1.144967e-18
5.184532e+00 8.506432e-16 1.168860e-18
5.185197e+00 8.172589e-16 1.113080e-18
5.185862e+00 8.081949e-16 1.129581e-18
5.186527e+00 8.310537e-16 1.122572e-18
5.187192e+00 8.221051e-16 1.078954e-18
5.187857e+00 8.355559e-16 1.475654e-18
5.188522e+00 8.298337e-16 1.032376e-18
5.189187e+00 8.354661e-16 1.477356e-18
5.189852e+00 8.705487e-16 1.025614e-18
5.190517e+00 8.679885e-16 1.004796e-18
5.191182e+00 8.542472e-16 9.950322e-19
5.191847e+00 8.582208e-16 9.907822e-19
5.192512e+00 8.472384e-16 9.750954e-19
5.193177e+00 8.372588e-16 9.535528e-19
5.193842e+00 nan nan
5.194507e+00 8.236506e-16 1.072855e-18
5.195172e+00 8.085258e-16 9.288141e-19
5.195837e+00 8.211968e-16 9.427860e-19
5.196502e+00 8.214946e-16 9.229237e-19
5.197167e+00 8.321422e-16 1.284371e-18
5.197832e+00 8.338411e-16 9.331023e-19
5.198497e+00 8.100398e-16 9.133069e-19
5.199162e+00 7.862172e-16 8.952219e-19
5.199827e+00 7.835159e-16 9.009822e-19
5.200492e+00 8.075111e-16 9.144926e-19
5.201157e+00 8.172861e-16 9.300595e-19
5.201822e+00 7.853571e-16 9.236314e-19
5.202487e+00 7.730185e-16 9.043047e-19
5.203152e+00 7.978278e-16 9.240566e-19
5.203817e+00 8.289599e-16 9.471134e-19
5.204482e+00 8.403379e-16 9.819103e-19
5.205147e+00 8.382072e-16 9.592607e-19
5.205812e+00 8.406861e-16 9.606428e-19
5.206477e+00 8.421308e-16 9.541682e-19
5.207142e+00 8.544832e-16 9.542987e-19
5.207807e+00 8.556275e-16 9.520078e-19
5.208472e+00 8.476345e-16 9.595496e-19
5.209137e+00 8.511217e-16 9.923849e-19
5.209802e+00 8.401992e-16 9.878507e-19
5.210467e+00 8.251830e-16 1.164733e-18
5.211132e+00 8.052136e-16 9.953010e-19
5.211797e+00 8.071000e-16 1.019463e-18
5.212462e+00 8.283298e-16 1.029550e-18
5.213127e+00 8.101159e-16 9.931432e-19
5.213792e+00 7.850079e-16 9.818764e-19
5.214457e+00 8.040790e-16 1.002300e-18
5.215122e+00 8.361010e-16 1.028602e-18
5.215787e+00 8.591449e-16 1.046621e-18
5.216452e+00 8.635492e-16 1.076678e-18
5.217117e+00 8.259233e-16 1.066376e-18
5.217782e+00 8.066291e-16 1.062707e-18
5.218447e+00 8.432108e-16 1.096319e-18
5.219112e+00 8.478993e-16 1.100648e-18
5.219777e+00 8.438219e-16 1.263257e-18
5.220442e+00 8.439934e-16 1.121710e-18
5.221107e+00 8.347281e-16 1.301234e-18
5.221772e+00 8.421616e-16 1.435395e-18
5.222437e+00 8.585893e-16 1.573170e-18
5.223102e+00 8.222965e-16 1.493201e-18
5.223767e+00 8.210628e-16 1.573893e-18
5.224432e+00 8.614725e-16 1.470992e-18
5.225097e+00 8.710490e-16 2.079233e-18
5.225762e+00 8.285916e-16 1.686210e-18
5.226427e+00 8.200114e-16 1.313290e-18
5.227092e+00 8.319491e-16 1.233756e-18
5.227757e+00 8.214061e-16 1.175877e-18
5.228422e+00 8.252861e-16 1.158125e-18
5.229087e+00 8.453866e-16 1.151908e-18
5.229752e+00 8.415843e-16 1.133491e-18
5.230417e+00 8.453101e-16 1.136218e-18
5.231082e+00 8.448379e-16 1.124511e-18
5.231747e+00 8.302882e-16 1.087212e-18
5.232412e+00 8.134059e-16 1.073310e-18
5.233077e+00 8.323630e-16 1.078950e-18
5.233742e+00 8.636548e-16 1.118281e-18
5.234407e+00 8.568608e-16 1.116815e-18
5.235072e+00 8.292101e-16 2.428719e-18
5.235737e+00 nan nan
5.236402e+00 8.257454e-16 2.360654e-18
5.237067e+00 8.587452e-16 1.086814e-18
5.237732e+00 8.538290e-16 1.057766e-18
5.238397e+00 8.428583e-16 1.078105e-18
5.239062e+00 8.273709e-16 1.281519e-18
5.239727e+00 7.961657e-16 1.016265e-18
5.240392e+00 7.827569e-16 1.004214e-18
5.241057e+00 7.746757e-16 1.052281e-18
5.241722e+00 7.796430e-16 1.045580e-18
5.242387e+00 7.849850e-16 1.043587e-18
5.243052e+00 8.087052e-16 1.054086e-18
5.243717e+00 8.337086e-16 1.074825e-18
5.244382e+00 8.351487e-16 1.066559e-18
5.245047e+00 8.124096e-16 1.046901e-18
5.245712e+00 8.010433e-16 1.051704e-18
5.246377e+00 8.302004e-16 1.071224e-18
5.247042e+00 8.413970e-16 1.065998e-18
5.247707e+00 8.344249e-16 1.062943e-18
5.248372e+00 8.364398e-16 1.081564e-18
5.249037e+00 8.415664e-16 1.054098e-18
5.249702e+00 8.678041e-16 1.073796e-18
5.250367e+00 8.667042e-16 1.096499e-18
5.251032e+00 8.361888e-16 1.497411e-18
5.251697e+00 8.291010e-16 1.045028e-18
5.252362e+00 8.274798e-16 1.040905e-18
5.253027e+00 8.290418e-16 1.037855e-18
5.253692e+00 8.088729e-16 1.037205e-18
5.254357e+00 8.132971e-16 1.040720e-18
5.255022e+00 8.358186e-16 1.044319e-18
5.255687e+00 8.494085e-16 1.060488e-18
5.256352e+00 8.319438e-16 1.055387e-18
5.257017e+00 8.141582e-16 1.047074e-18
5.257682e+00 8.193382e-16 1.060229e-18
5.258347e+00 8.276019e-16 1.056105e-18
5.259012e+00 8.521265e-16 1.092447e-18
5.259677e+00 8.715317e-16 1.105999e-18
5.260342e+00 8.639893e-16 1.100640e-18
5.261007e+00 8.619316e-16 1.105386e-18
5.261672e+00 8.573065e-16 1.093007e-18
5.262337e+00 8.362305e-16 1.095617e-18
5.263002e+00 8.545424e-16 1.103743e-18
5.263667e+00 8.804966e-16 1.154203e-18
5.264332e+00 8.797415e-16 1.153566e-18
5.264997e+00 8.643974e-16 1.124597e-18
5.265662e+00 8.710332e-16 1.137978e-18
5.266327e+00 8.552168e-16 1.146593e-18
5.266992e+00 8.209162e-16 1.110513e-18
5.267657e+00 8.202295e-16 1.120295e-18
5.268322e+00 8.278158e-16 1.197110e-18
5.268987e+00 8.175338e-16 2.583498e-18
5.269652e+00 nan nan
5.270317e+00 nan nan
