2.870331999999999883e+00 nan nan
2.870997000000000021e+00 nan nan
2.871662000000000159e+00 nan nan
2.872326999999999853e+00 nan nan
2.872991999999999990e+00 nan nan
2.873657000000000128e+00 nan nan
2.874321999999999822e+00 2.658879899971937403e-15 5.575227000000000109e-18
2.874986999999999959e+00 2.690556320897602179e-15 4.509370000000000065e-18
2.875652000000000097e+00 2.833283298390059097e-15 3.633624000000000288e-18
2.876316999999999791e+00 2.869766571290694291e-15 3.413614000000000177e-18
2.876981999999999928e+00 2.781586726276331291e-15 3.323078999999999911e-18
2.877647000000000066e+00 2.685083990040946131e-15 3.109840999999999829e-18
2.878312000000000204e+00 2.658324719693022383e-15 2.987191999999999843e-18
2.878976999999999897e+00 2.679338305227733275e-15 3.063488999999999893e-18
2.879642000000000035e+00 2.697534930474375366e-15 3.058773999999999837e-18
2.880307000000000173e+00 2.700405294716457055e-15 2.892415000000000105e-18
2.880971999999999866e+00 2.688260800560356968e-15 2.813814000000000102e-18
2.881637000000000004e+00 2.696176869153723957e-15 2.920215999999999962e-18
2.882302000000000142e+00 2.667725513651903847e-15 2.928204999999999820e-18
2.882966999999999835e+00 2.623405041148477615e-15 2.911771000000000081e-18
2.883631999999999973e+00 2.646908554277153850e-15 2.906971999999999819e-18
2.884297000000000111e+00 2.650925565052027621e-15 3.348151000000000066e-18
2.884961999999999804e+00 2.673196016500143709e-15 2.997582999999999960e-18
2.885626999999999942e+00 2.580562164061507439e-15 2.858356000000000046e-18
2.886292000000000080e+00 2.522211061935081937e-15 2.668464999999999844e-18
2.886957000000000217e+00 2.704483722053653269e-15 2.611787999999999926e-18
2.887621999999999911e+00 2.674545493304031949e-15 2.539034999999999987e-18
2.888287000000000049e+00 2.491987977475693283e-15 2.459266000000000115e-18
2.888952000000000186e+00 2.434784079569911210e-15 2.381081000000000018e-18
2.889616999999999880e+00 2.445435062210074937e-15 2.312886000000000128e-18
2.890282000000000018e+00 2.517424471616391945e-15 2.352001000000000170e-18
2.890947000000000155e+00 2.492823962055255430e-15 2.275615000000000044e-18
2.891611999999999849e+00 2.470321747622054489e-15 2.185243999999999833e-18
2.892276999999999987e+00 2.616504922057195924e-15 2.244937999999999833e-18
2.892942000000000125e+00 2.704016582530087481e-15 2.270551000000000114e-18
2.893606999999999818e+00 2.758133002583722956e-15 2.276184999999999880e-18
2.894271999999999956e+00 2.892751892906232180e-15 2.324831000000000029e-18
2.894937000000000094e+00 2.889149089493720298e-15 2.299181000000000092e-18
2.895601999999999787e+00 2.752338141915326284e-15 2.323992000000000168e-18
2.896266999999999925e+00 nan nan
2.896932000000000063e+00 2.727582975900886545e-15 2.250369000000000093e-18
2.897597000000000200e+00 2.847529958753486128e-15 2.243085000000000033e-18
2.898261999999999894e+00 2.838131421829302936e-15 2.251271999999999910e-18
2.898927000000000032e+00 2.553127846581798770e-15 2.086649999999999986e-18
2.899592000000000169e+00 2.429658231678815958e-15 2.028740999999999858e-18
2.900256999999999863e+00 nan 2.294215999999999980e-18
2.900922000000000001e+00 2.468367013488940149e-15 2.300456000000000110e-18
2.901587000000000138e+00 2.540252996046362128e-15 2.814496999999999854e-18
2.902251999999999832e+00 2.574563049056810699e-15 2.796340000000000021e-18
2.902916999999999970e+00 nan 2.699736000000000115e-18
2.903582000000000107e+00 2.671402622825255144e-15 2.228445999999999906e-18
2.904246999999999801e+00 2.527018849043090817e-15 2.002267000000000056e-18
2.904911999999999939e+00 2.549126273449448481e-15 2.021257999999999880e-18
2.905577000000000076e+00 2.657136760614133948e-15 2.363975000000000165e-18
2.906242000000000214e+00 nan nan
2.906906999999999908e+00 2.603492452655353514e-15 2.014155000000000050e-18
2.907572000000000045e+00 2.405761527755622083e-15 1.961147999999999974e-18
2.908237000000000183e+00 2.208380886399816363e-15 1.884899999999999885e-18
2.908901999999999877e+00 2.257560352648437868e-15 1.919399999999999971e-18
2.909567000000000014e+00 2.313632793546210582e-15 1.954950000000000140e-18
2.910232000000000152e+00 2.241585027233872560e-15 1.917795000000000048e-18
2.910896999999999846e+00 2.439074346781475133e-15 2.044550000000000033e-18
2.911561999999999983e+00 2.697109483165915606e-15 2.201177999999999844e-18
2.912227000000000121e+00 2.726772953784754838e-15 2.231649999999999985e-18
2.912891999999999815e+00 2.695607405600381631e-15 2.229036999999999890e-18
2.913556999999999952e+00 2.677239401793430898e-15 2.212458999999999961e-18
2.914222000000000090e+00 2.642349546329521435e-15 2.220565999999999991e-18
2.914886999999999784e+00 2.579045242298366007e-15 2.217858999999999948e-18
2.915551999999999921e+00 2.558896280713871498e-15 2.173929000000000136e-18
2.916217000000000059e+00 2.586665246614469270e-15 2.186614000000000081e-18
2.916882000000000197e+00 2.557395327700638248e-15 2.240362999999999994e-18
2.917546999999999890e+00 2.569335414164220106e-15 2.339565000000000000e-18
2.918212000000000028e+00 2.608058426071118009e-15 2.346206999999999937e-18
2.918877000000000166e+00 2.640622573280051530e-15 2.397381999999999975e-18
2.919541999999999859e+00 2.617384532355294822e-15 2.473392999999999824e-18
2.920206999999999997e+00 2.519895603617228781e-15 2.421366000000000109e-18
2.920872000000000135e+00 2.466372992766327463e-15 2.360974999999999873e-18
2.921536999999999829e+00 2.425893581164612520e-15 2.293684000000000082e-18
2.922201999999999966e+00 2.441229894450356086e-15 2.706333000000000065e-18
2.922867000000000104e+00 2.471993216747723677e-15 2.339977999999999830e-18
2.923531999999999798e+00 2.442983536501600543e-15 2.352261999999999864e-18
2.924196999999999935e+00 2.441390850919043723e-15 2.350489999999999809e-18
2.924862000000000073e+00 2.519948205259619827e-15 2.400366999999999886e-18
2.925527000000000211e+00 2.565704745657426219e-15 2.497455999999999910e-18
2.926191999999999904e+00 2.571870629108610453e-15 2.547953000000000065e-18
2.926857000000000042e+00 2.592127219935058885e-15 2.504735000000000100e-18
2.927522000000000180e+00 2.474900450246938669e-15 2.386588000000000154e-18
2.928186999999999873e+00 2.466415872711328643e-15 2.348936999999999922e-18
2.928852000000000011e+00 2.402149988608114291e-15 2.321716999999999923e-18
2.929517000000000149e+00 2.268519720762257835e-15 2.197036000000000086e-18
2.930181999999999842e+00 2.426700091231903878e-15 2.233238000000000119e-18
2.930846999999999980e+00 2.649413353602675671e-15 2.326563999999999864e-18
2.931512000000000118e+00 2.682944742270100789e-15 2.771797000000000074e-18
2.932176999999999811e+00 2.666127973811031374e-15 2.609289000000000029e-18
2.932841999999999949e+00 2.713573405710025906e-15 2.274736999999999962e-18
2.933507000000000087e+00 2.683702228401064731e-15 2.282816000000000180e-18
2.934171999999999780e+00 2.691045784865541208e-15 2.309406999999999871e-18
2.934836999999999918e+00 2.685533134431239870e-15 2.217062999999999895e-18
2.935502000000000056e+00 2.607908861765402881e-15 2.119381999999999991e-18
2.936167000000000193e+00 2.604207614991646558e-15 2.097069999999999812e-18
2.936831999999999887e+00 2.619625401376958258e-15 2.114142000000000086e-18
2.937497000000000025e+00 2.597039337646219129e-15 2.093728999999999978e-18
2.938162000000000162e+00 2.598900279486650379e-15 2.124900000000000149e-18
2.938826999999999856e+00 2.638610407617870828e-15 2.113518999999999932e-18
2.939491999999999994e+00 2.652608754004280195e-15 2.105167000000000101e-18
2.940157000000000131e+00 2.456144806103495349e-15 1.956256000000000047e-18
2.940821999999999825e+00 2.400842549848631115e-15 1.879775000000000076e-18
2.941486999999999963e+00 2.399009422846477188e-15 1.796843000000000139e-18
2.942152000000000100e+00 2.493242673001920811e-15 2.181764000000000064e-18
2.942816999999999794e+00 2.617336886279454898e-15 2.271256999999999808e-18
2.943481999999999932e+00 2.563969444848443481e-15 1.845836999999999880e-18
2.944147000000000070e+00 2.438901453664664759e-15 1.788517999999999838e-18
2.944812000000000207e+00 2.421731749418821016e-15 1.770147000000000092e-18
2.945476999999999901e+00 nan nan
2.946142000000000039e+00 nan nan
2.946807000000000176e+00 2.329965335554287913e-15 1.753193999999999886e-18
2.947471999999999870e+00 2.239927643714447541e-15 1.694581999999999948e-18
2.948137000000000008e+00 2.242854918043925956e-15 1.698812999999999975e-18
2.948802000000000145e+00 nan 1.693590000000000053e-18
2.949466999999999839e+00 2.495986543043297960e-15 1.805029000000000120e-18
2.950131999999999977e+00 2.639155476975840287e-15 1.861826999999999900e-18
2.950797000000000114e+00 2.634656106407798816e-15 1.864331000000000052e-18
2.951461999999999808e+00 2.614045260405976627e-15 1.860195999999999959e-18
2.952126999999999946e+00 2.560145246957194737e-15 2.220673000000000140e-18
2.952792000000000083e+00 2.528282167898421437e-15 1.880659999999999821e-18
2.953457000000000221e+00 2.453844412038894281e-15 1.854694000000000078e-18
2.954121999999999915e+00 2.415358260825455950e-15 1.868568000000000040e-18
2.954787000000000052e+00 2.395937611666521590e-15 1.838368999999999897e-18
2.955452000000000190e+00 2.333971180281510263e-15 1.851321999999999970e-18
2.956116999999999884e+00 2.284632936484836667e-15 1.920559999999999894e-18
2.956782000000000021e+00 2.437374110019107446e-15 2.045618000000000188e-18
2.957447000000000159e+00 2.647582431988358106e-15 2.208161000000000094e-18
2.958111999999999853e+00 2.641646104479775571e-15 2.088175000000000061e-18
2.958776999999999990e+00 2.541863434243245757e-15 1.986408999999999920e-18
2.959442000000000128e+00 2.465457025738108528e-15 1.969227000000000191e-18
2.960106999999999822e+00 2.458878257526141420e-15 1.972119999999999949e-18
2.960771999999999959e+00 2.517756502451531550e-15 2.036827000000000124e-18
2.961437000000000097e+00 2.470927796108051089e-15 1.967123999999999949e-18
2.962101999999999791e+00 2.457834252142043683e-15 1.980481000000000008e-18
2.962766999999999928e+00 2.393077906763180061e-15 1.963451999999999927e-18
2.963432000000000066e+00 2.358991300642418208e-15 1.967587999999999918e-18
2.964097000000000204e+00 2.430157798417106843e-15 2.056854999999999830e-18
2.964761999999999897e+00 2.577300234890860944e-15 2.089562999999999995e-18
2.965427000000000035e+00 2.592939923489946183e-15 2.096089999999999837e-18
2.966092000000000173e+00 2.410418022396355697e-15 2.007678000000000065e-18
2.966756999999999866e+00 2.359539723978664279e-15 1.956806000000000017e-18
2.967422000000000004e+00 2.437687063942985662e-15 1.978435000000000058e-18
2.968087000000000142e+00 2.342509523999035660e-15 1.932810999999999861e-18
2.968751999999999835e+00 2.225186054861626396e-15 1.899143999999999869e-18
2.969416999999999973e+00 2.349333876468079560e-15 1.943892000000000164e-18
2.970082000000000111e+00 2.463983383007513306e-15 2.009705000000000046e-18
2.970746999999999804e+00 2.453003393979362692e-15 2.003022000000000095e-18
2.971411999999999942e+00 2.384067200404487064e-15 1.979774999999999929e-18
2.972077000000000080e+00 2.325221295067048551e-15 1.953477000000000102e-18
2.972742000000000218e+00 2.376229347654142709e-15 1.986079999999999912e-18
2.973406999999999911e+00 2.500052395910271362e-15 2.076713999999999995e-18
2.974072000000000049e+00 2.559691648744860853e-15 2.984437000000000123e-18
2.974737000000000187e+00 2.451992163285395673e-15 2.096280999999999808e-18
2.975401999999999880e+00 2.455934280992929431e-15 2.055244000000000140e-18
2.976067000000000018e+00 2.540609580257134100e-15 2.973537000000000050e-18
2.976732000000000156e+00 2.586314367861553112e-15 2.168706000000000022e-18
2.977396999999999849e+00 2.694214741531150604e-15 2.174368999999999881e-18
2.978061999999999987e+00 2.614460706783346845e-15 2.162232000000000113e-18
2.978727000000000125e+00 nan nan
2.979391999999999818e+00 nan nan
2.980056999999999956e+00 nan 4.264556999999999825e-18
2.980722000000000094e+00 2.512066943072966609e-15 2.470327000000000167e-18
2.981386999999999787e+00 2.478787128696620660e-15 2.108158000000000165e-18
2.982051999999999925e+00 nan 2.104240000000000060e-18
2.982717000000000063e+00 2.358596246931570884e-15 2.077004000000000169e-18
2.983382000000000200e+00 2.383621665859461553e-15 2.060522999999999879e-18
2.984046999999999894e+00 2.420634259440052797e-15 2.057287000000000014e-18
2.984712000000000032e+00 2.465527052651917836e-15 2.022588000000000011e-18
2.985377000000000169e+00 2.482722934369808314e-15 1.995030000000000161e-18
2.986041999999999863e+00 2.458219592964831566e-15 1.979414000000000136e-18
2.986707000000000001e+00 2.350797543548428000e-15 1.916321000000000112e-18
2.987372000000000138e+00 2.287030142492792162e-15 1.869214000000000137e-18
2.988036999999999832e+00 2.253197872796399495e-15 2.093182999999999981e-18
2.988701999999999970e+00 2.150921724082247444e-15 2.028126000000000035e-18
2.989367000000000107e+00 2.137750921153660075e-15 1.990885999999999839e-18
2.990031999999999801e+00 2.281147946638739783e-15 1.815453999999999816e-18
2.990696999999999939e+00 2.319348604341400900e-15 1.751451999999999823e-18
2.991362000000000076e+00 2.343293931686519873e-15 1.749573999999999901e-18
2.992027000000000214e+00 2.369894323088279954e-15 1.728738999999999927e-18
2.992691999999999908e+00 2.396711736221711972e-15 1.708772999999999998e-18
2.993357000000000046e+00 2.458771173066072881e-15 1.763741000000000112e-18
2.994022000000000183e+00 2.505296914849187611e-15 2.025502999999999814e-18
2.994686999999999877e+00 2.505033173614416132e-15 2.006178000000000111e-18
2.995352000000000015e+00 2.492048629307372815e-15 1.743245999999999976e-18
2.996017000000000152e+00 2.437776450026500788e-15 1.690432999999999948e-18
2.996681999999999846e+00 2.380229079554455496e-15 1.668941000000000047e-18
2.997346999999999984e+00 2.415755139373050942e-15 1.687534000000000037e-18
2.998012000000000121e+00 nan 1.643174999999999925e-18
2.998676999999999815e+00 nan 1.617014999999999943e-18
2.999341999999999953e+00 2.436364960021221844e-15 1.629072000000000055e-18
3.000007000000000090e+00 2.512812150550457979e-15 1.661101999999999953e-18
3.000671999999999784e+00 2.423736407555366274e-15 1.615251999999999924e-18
3.001336999999999922e+00 2.371442381348052551e-15 1.590946000000000024e-18
3.002002000000000059e+00 2.382395580081751062e-15 1.590407000000000076e-18
3.002667000000000197e+00 2.386471797337894582e-15 1.628560000000000023e-18
3.003331999999999891e+00 2.340294903504182773e-15 1.619718000000000012e-18
3.003997000000000028e+00 2.349652508101851736e-15 1.628079999999999968e-18
3.004662000000000166e+00 2.333594910001871991e-15 1.615716000000000085e-18
3.005326999999999860e+00 2.309256409413411544e-15 1.616599999999999934e-18
3.005991999999999997e+00 2.305097591525990645e-15 1.614060999999999920e-18
3.006657000000000135e+00 2.244262711772838087e-15 1.600180999999999998e-18
3.007321999999999829e+00 2.140074708829289025e-15 1.564848000000000011e-18
3.007986999999999966e+00 2.075377339114510238e-15 1.555312999999999930e-18
3.008652000000000104e+00 2.120599580017675081e-15 1.786538000000000023e-18
3.009316999999999798e+00 2.126779625533353480e-15 1.572811999999999940e-18
3.009981999999999935e+00 2.119002471520229892e-15 1.626331999999999945e-18
3.010647000000000073e+00 2.180725615887519635e-15 1.631877999999999915e-18
3.011312000000000211e+00 2.256149608736473856e-15 1.696183999999999987e-18
3.011976999999999904e+00 2.289486889769938008e-15 1.711356999999999999e-18
3.012642000000000042e+00 2.318009125480587998e-15 1.741820000000000104e-18
3.013307000000000180e+00 2.372787999986897427e-15 1.765735999999999923e-18
3.013971999999999873e+00 2.454919928988879975e-15 1.816951999999999975e-18
3.014637000000000011e+00 2.579661064402604708e-15 1.880022000000000056e-18
3.015302000000000149e+00 2.601625179432835548e-15 1.913800000000000170e-18
3.015966999999999842e+00 2.488087411286226109e-15 1.887528999999999873e-18
3.016631999999999980e+00 2.436412814271939730e-15 1.876230000000000069e-18
3.017297000000000118e+00 2.374855037850662285e-15 1.827094999999999829e-18
3.017961999999999811e+00 2.400809852595019956e-15 1.865921999999999877e-18
3.018626999999999949e+00 2.481081325605604410e-15 1.898883000000000175e-18
3.019292000000000087e+00 2.473288752929532229e-15 1.902032000000000142e-18
3.019956999999999780e+00 2.447124953365053932e-15 1.877131000000000092e-18
3.020621999999999918e+00 2.444709424330929935e-15 1.880475999999999900e-18
3.021287000000000056e+00 2.412781943047155282e-15 1.892375999999999813e-18
3.021952000000000194e+00 2.245179815135474597e-15 1.841429000000000172e-18
3.022616999999999887e+00 2.203257744699074653e-15 1.825724999999999967e-18
3.023282000000000025e+00 2.267689561711319403e-15 1.849051999999999981e-18
3.023947000000000163e+00 2.249369551065960316e-15 1.855524000000000096e-18
3.024611999999999856e+00 2.288561571695746416e-15 1.885815999999999904e-18
3.025276999999999994e+00 2.289507995709286108e-15 1.916463000000000123e-18
3.025942000000000132e+00 2.225465409871859297e-15 1.898334000000000102e-18
3.026606999999999825e+00 2.250554290596550296e-15 1.925204999999999841e-18
3.027271999999999963e+00 2.395147121709351146e-15 1.981338999999999838e-18
3.027937000000000101e+00 2.407830200388435784e-15 2.074373000000000001e-18
3.028601999999999794e+00 2.302617840884481030e-15 2.512341000000000120e-18
3.029266999999999932e+00 2.229136722529398448e-15 2.389663000000000039e-18
3.029932000000000070e+00 2.197056149862181416e-15 2.404449000000000047e-18
3.030597000000000207e+00 2.250154554496903621e-15 1.918615999999999837e-18
3.031261999999999901e+00 2.244674931829296009e-15 1.920793000000000161e-18
3.031927000000000039e+00 2.296924299873513918e-15 1.971843999999999875e-18
3.032592000000000176e+00 2.405509722916632119e-15 2.020416999999999840e-18
3.033256999999999870e+00 2.401804094652278939e-15 2.083421000000000171e-18
3.033922000000000008e+00 2.367553852543863902e-15 2.100287000000000093e-18
3.034587000000000145e+00 2.378215057788179882e-15 2.104116000000000121e-18
3.035251999999999839e+00 2.360650732756081681e-15 2.658457999999999848e-18
3.035916999999999977e+00 2.327942664983556225e-15 2.633496999999999816e-18
3.036582000000000114e+00 2.358538895070429564e-15 2.664836000000000016e-18
3.037246999999999808e+00 2.394394425248189677e-15 2.679318000000000136e-18
3.037911999999999946e+00 2.387792924405706075e-15 2.345260999999999927e-18
3.038577000000000083e+00 2.316752896482174089e-15 1.966364999999999936e-18
3.039242000000000221e+00 2.305256763963188381e-15 1.936811999999999890e-18
3.039906999999999915e+00 2.392737672572219358e-15 2.014969000000000175e-18
3.040572000000000052e+00 2.426454618066038635e-15 2.044338999999999811e-18
3.041237000000000190e+00 2.401337349847667578e-15 2.028616999999999919e-18
3.041901999999999884e+00 2.416848164990795721e-15 2.015478000000000131e-18
3.042567000000000021e+00 nan 2.004190999999999861e-18
3.043232000000000159e+00 2.237690812151010038e-15 2.028398000000000136e-18
3.043896999999999853e+00 2.209101809527398178e-15 1.861758000000000074e-18
3.044561999999999991e+00 2.172899547592956953e-15 1.833350999999999852e-18
3.045227000000000128e+00 2.178392852128420247e-15 1.815272999999999970e-18
3.045891999999999822e+00 2.193880448827811842e-15 1.780699000000000188e-18
3.046556999999999960e+00 2.254505480319986094e-15 1.789401000000000175e-18
3.047222000000000097e+00 2.307832392875972917e-15 1.796997999999999966e-18
3.047886999999999791e+00 2.259439248513405455e-15 1.753129999999999931e-18
3.048551999999999929e+00 2.265817276370937606e-15 1.756737999999999996e-18
3.049217000000000066e+00 2.199245792682458360e-15 1.721524999999999974e-18
3.049882000000000204e+00 2.122547973506959367e-15 1.681926999999999994e-18
3.050546999999999898e+00 2.189622553906763232e-15 1.695598999999999963e-18
3.051212000000000035e+00 2.231669970407009864e-15 1.697599999999999926e-18
3.051877000000000173e+00 2.253413210300836722e-15 1.689422000000000084e-18
3.052541999999999867e+00 2.204226849484881422e-15 1.660391000000000004e-18
3.053207000000000004e+00 2.213801085911666040e-15 1.647897999999999927e-18
3.053872000000000142e+00 2.298104921807431708e-15 1.668874000000000015e-18
3.054536999999999836e+00 2.361363239496762342e-15 1.686820000000000011e-18
3.055201999999999973e+00 2.510954286470173963e-15 1.744215999999999825e-18
3.055867000000000111e+00 2.613391523146866508e-15 1.771343000000000159e-18
3.056531999999999805e+00 2.537619350286178348e-15 1.731989999999999980e-18
3.057196999999999942e+00 2.465134415253938939e-15 1.700538999999999954e-18
3.057862000000000080e+00 2.418451207032251891e-15 1.672488999999999937e-18
3.058527000000000218e+00 2.339251505670556247e-15 1.651494999999999970e-18
3.059191999999999911e+00 2.325271747529966160e-15 1.648635000000000087e-18
3.059857000000000049e+00 2.384364322440940317e-15 1.651066999999999952e-18
3.060522000000000187e+00 2.380789633157319775e-15 1.630861000000000092e-18
3.061186999999999880e+00 2.360394504517423867e-15 1.610597999999999941e-18
3.061852000000000018e+00 nan nan
3.062517000000000156e+00 nan nan
3.063181999999999849e+00 2.520247541662157074e-15 1.656404000000000073e-18
3.063846999999999987e+00 2.395124266740751136e-15 1.608411999999999966e-18
3.064512000000000125e+00 2.271411359887012750e-15 1.559590000000000034e-18
3.065176999999999818e+00 2.215464718800738006e-15 1.556505000000000024e-18
3.065841999999999956e+00 2.284457832916463382e-15 1.820415999999999851e-18
3.066507000000000094e+00 2.357028912639531115e-15 1.634891000000000024e-18
3.067171999999999787e+00 2.413711026923216600e-15 1.682085999999999987e-18
3.067836999999999925e+00 nan 1.868343000000000105e-18
3.068502000000000063e+00 2.430853537072683713e-15 1.699126999999999988e-18
3.069167000000000201e+00 2.322137668188715337e-15 1.662053000000000026e-18
3.069831999999999894e+00 2.239171672867230678e-15 1.617704000000000040e-18
3.070497000000000032e+00 2.177337075403040998e-15 1.623766000000000016e-18
3.071162000000000170e+00 2.124265758900888855e-15 1.621729999999999998e-18
3.071826999999999863e+00 2.177731089384120306e-15 1.673888999999999984e-18
3.072492000000000001e+00 2.185041849805068689e-15 1.962176000000000012e-18
3.073157000000000139e+00 2.183429849607165107e-15 1.680100999999999917e-18
3.073821999999999832e+00 2.214556099219693650e-15 1.701458999999999946e-18
3.074486999999999970e+00 2.237192963552006987e-15 1.725761999999999962e-18
3.075152000000000108e+00 2.246066299279578405e-15 1.739284000000000166e-18
3.075816999999999801e+00 2.365774695486407419e-15 1.795082000000000106e-18
3.076481999999999939e+00 2.439317239616583297e-15 1.826714000000000170e-18
3.077147000000000077e+00 2.379558154654359306e-15 1.820620999999999921e-18
3.077812000000000214e+00 2.377474818252120770e-15 1.927996000000000091e-18
3.078476999999999908e+00 2.495642411368569562e-15 2.008063000000000082e-18
3.079142000000000046e+00 2.559076271979099015e-15 2.018613999999999896e-18
3.079807000000000183e+00 2.508175101451271508e-15 1.971031999999999929e-18
3.080471999999999877e+00 2.436184769973712400e-15 1.887087999999999846e-18
3.081137000000000015e+00 2.408916442894137740e-15 1.899382000000000006e-18
3.081802000000000152e+00 2.438195180958292193e-15 1.922619999999999943e-18
3.082466999999999846e+00 2.346308484850436641e-15 1.847377999999999847e-18
3.083131999999999984e+00 2.251064798438725409e-15 1.805931000000000040e-18
3.083797000000000121e+00 2.299522626506957301e-15 1.839160999999999978e-18
3.084461999999999815e+00 2.415736488475924996e-15 1.952378000000000059e-18
3.085126999999999953e+00 2.459651960430975306e-15 1.988872999999999956e-18
3.085792000000000090e+00 2.438546712699646056e-15 2.016410000000000043e-18
3.086456999999999784e+00 2.386509913733332963e-15 1.942344000000000147e-18
3.087121999999999922e+00 2.379136353607304043e-15 1.967590999999999995e-18
3.087787000000000059e+00 2.351689387551297920e-15 2.001795000000000140e-18
3.088452000000000197e+00 2.306508529847752163e-15 2.028355999999999840e-18
3.089116999999999891e+00 2.243149603225701789e-15 2.070815000000000178e-18
3.089782000000000028e+00 2.217451117425650616e-15 2.043115999999999830e-18
3.090447000000000166e+00 2.277628330960146076e-15 2.082181000000000014e-18
3.091111999999999860e+00 2.261250220726005033e-15 2.054225999999999842e-18
3.091776999999999997e+00 2.224001597038184218e-15 2.025664000000000178e-18
3.092442000000000135e+00 2.266831525069779005e-15 2.044569999999999899e-18
3.093106999999999829e+00 2.290105728380391679e-15 2.049157000000000043e-18
3.093771999999999966e+00 2.321708096788077054e-15 2.048567999999999853e-18
3.094437000000000104e+00 2.350487811156000379e-15 2.025478999999999975e-18
3.095101999999999798e+00 2.232533616879483738e-15 1.946372000000000092e-18
3.095766999999999936e+00 2.168882546493879887e-15 1.892949000000000111e-18
3.096432000000000073e+00 2.232664533899161811e-15 1.928164000000000119e-18
3.097097000000000211e+00 2.235815953958517089e-15 1.909017000000000186e-18
3.097761999999999905e+00 2.257366046636586373e-15 1.886937999999999889e-18
3.098427000000000042e+00 2.285695515604078585e-15 1.896820999999999947e-18
3.099092000000000180e+00 2.313229998503546957e-15 2.411789000000000117e-18
3.099756999999999874e+00 2.389318572855444357e-15 2.503449999999999956e-18
3.100422000000000011e+00 2.419458049877766821e-15 2.468380999999999931e-18
3.101087000000000149e+00 2.512218833127183310e-15 1.814286999999999843e-18
3.101751999999999843e+00 2.507807300583420337e-15 1.795625999999999924e-18
3.102416999999999980e+00 2.360133080312679803e-15 1.771672000000000167e-18
3.103082000000000118e+00 2.310971366092784075e-15 1.802573999999999927e-18
3.103746999999999812e+00 2.382356379176152900e-15 1.818143000000000172e-18
3.104411999999999949e+00 2.417668247834745255e-15 1.775439000000000033e-18
3.105077000000000087e+00 2.367509968729173573e-15 1.686509999999999972e-18
3.105741999999999781e+00 2.277324037145533397e-15 1.621971999999999916e-18
3.106406999999999918e+00 2.252819200823689842e-15 1.579600000000000054e-18
3.107072000000000056e+00 2.324472709381613108e-15 1.600214000000000066e-18
3.107737000000000194e+00 2.306409259334038966e-15 1.583960000000000083e-18
3.108401999999999887e+00 2.244307275540541766e-15 1.549544999999999908e-18
3.109067000000000025e+00 2.270623986601348074e-15 1.556443000000000054e-18
3.109732000000000163e+00 2.376286317049164885e-15 1.607787999999999915e-18
3.110396999999999856e+00 2.376543028681134223e-15 1.575804000000000093e-18
3.111061999999999994e+00 2.313261501320496130e-15 1.586612000000000013e-18
3.111727000000000132e+00 2.319188556501679157e-15 1.574260000000000050e-18
3.112391999999999825e+00 2.326310765599702305e-15 1.571857000000000086e-18
3.113056999999999963e+00 2.283793124396434051e-15 1.576236000000000084e-18
3.113722000000000101e+00 2.204279693338402210e-15 1.537390999999999965e-18
3.114386999999999794e+00 2.159668163324547180e-15 1.508542000000000011e-18
3.115051999999999932e+00 2.203043008983399931e-15 1.518182999999999959e-18
3.115717000000000070e+00 2.324958946640842130e-15 1.619379999999999968e-18
3.116382000000000208e+00 2.358988645710244553e-15 1.667122000000000018e-18
3.117046999999999901e+00 nan nan
3.117712000000000039e+00 nan nan
3.118377000000000177e+00 2.203793638460396735e-15 1.504763999999999930e-18
3.119041999999999870e+00 2.273196052199404020e-15 1.531609999999999934e-18
3.119707000000000008e+00 2.347589521629544883e-15 1.548282000000000002e-18
3.120372000000000146e+00 2.369918958298668272e-15 1.593921000000000002e-18
3.121036999999999839e+00 2.328834022889670943e-15 1.844726999999999814e-18
3.121701999999999977e+00 2.362416485874310397e-15 1.862330999999999986e-18
3.122367000000000115e+00 2.404310946616499098e-15 1.658872999999999978e-18
3.123031999999999808e+00 2.426191346267932426e-15 1.675227999999999958e-18
3.123696999999999946e+00 2.418574973541324464e-15 1.650213999999999992e-18
3.124362000000000084e+00 2.351391924165977382e-15 1.639017000000000082e-18
3.125027000000000221e+00 2.366929326115505043e-15 1.643151999999999983e-18
3.125691999999999915e+00 2.422102782940837114e-15 1.682517999999999978e-18
3.126357000000000053e+00 2.449574832831173670e-15 1.717738999999999947e-18
3.127022000000000190e+00 2.436834080876283115e-15 1.716549999999999930e-18
3.127686999999999884e+00 2.354801652040038894e-15 1.704609000000000002e-18
3.128352000000000022e+00 2.289391515558256388e-15 1.686522999999999981e-18
3.129017000000000159e+00 2.241125710130926235e-15 1.662971999999999929e-18
3.129681999999999853e+00 2.174264888988020694e-15 1.679896000000000040e-18
3.130346999999999991e+00 2.160823687119741042e-15 1.685096000000000020e-18
3.131012000000000128e+00 2.238893024608599392e-15 1.713245999999999943e-18
3.131676999999999822e+00 2.323272684625190384e-15 1.775959000000000011e-18
3.132341999999999960e+00 2.317526890781214654e-15 1.854138999999999853e-18
3.133007000000000097e+00 2.224714073958353223e-15 1.805620000000000103e-18
3.133671999999999791e+00 2.262955607614785964e-15 1.829535000000000026e-18
3.134336999999999929e+00 2.374071878335832442e-15 1.846321999999999997e-18
3.135002000000000066e+00 2.322908618338739363e-15 1.816980000000000172e-18
3.135667000000000204e+00 2.304439195976766170e-15 1.784040999999999920e-18
3.136331999999999898e+00 2.473973084175948880e-15 1.869682000000000079e-18
3.136997000000000035e+00 2.487216011248607604e-15 1.896266000000000106e-18
3.137662000000000173e+00 2.286900356651862982e-15 1.812106999999999829e-18
3.138326999999999867e+00 2.244389425314842153e-15 1.761359000000000105e-18
3.138992000000000004e+00 2.377605836462167054e-15 1.790550000000000075e-18
3.139657000000000142e+00 2.426113346279090708e-15 1.796563000000000091e-18
3.140321999999999836e+00 2.424214079828347079e-15 1.811364999999999991e-18
3.140986999999999973e+00 2.315651792259525359e-15 1.744235000000000179e-18
3.141652000000000111e+00 2.206036959277827033e-15 1.711734000000000070e-18
3.142316999999999805e+00 2.285654216882032798e-15 1.752408999999999856e-18
3.142981999999999942e+00 2.326562993510316976e-15 1.777316000000000058e-18
3.143647000000000080e+00 2.264165516328467686e-15 1.741014999999999822e-18
3.144312000000000218e+00 2.332912406863015564e-15 1.772386000000000192e-18
3.144976999999999911e+00 2.423863353251945463e-15 1.816738000000000062e-18
3.145642000000000049e+00 2.441204495821394207e-15 1.825945999999999929e-18
3.146307000000000187e+00 2.376379129273825858e-15 1.777851000000000032e-18
3.146971999999999881e+00 2.340555798579132019e-15 1.757250000000000029e-18
3.147637000000000018e+00 2.324295188117820873e-15 1.773390999999999903e-18
3.148302000000000156e+00 2.361086041318762241e-15 1.799959000000000038e-18
3.148966999999999850e+00 2.352727822841083605e-15 1.765999000000000182e-18
3.149631999999999987e+00 2.293916870015961201e-15 1.731929999999999997e-18
3.150297000000000125e+00 2.340236338194046341e-15 1.743649999999999963e-18
3.150961999999999819e+00 2.461878568060685198e-15 1.794055999999999862e-18
3.151626999999999956e+00 2.450388991997888603e-15 1.793305000000000181e-18
3.152292000000000094e+00 2.348337650506200055e-15 1.741933999999999917e-18
3.152956999999999788e+00 2.320284238303913489e-15 1.745212999999999975e-18
3.153621999999999925e+00 2.281899055222844958e-15 1.736244000000000142e-18
3.154287000000000063e+00 2.261848277159050942e-15 1.710882999999999904e-18
3.154952000000000201e+00 2.262195606562022256e-15 1.742995999999999920e-18
3.155616999999999894e+00 2.239436850178449936e-15 2.080755000000000142e-18
3.156282000000000032e+00 2.240186689736548093e-15 2.043002999999999913e-18
3.156947000000000170e+00 2.266299869545793010e-15 1.740691999999999966e-18
3.157611999999999863e+00 2.253949050521407127e-15 1.713155999999999969e-18
3.158277000000000001e+00 2.264828699239105398e-15 1.734771000000000104e-18
3.158942000000000139e+00 nan 3.506913000000000007e-18
3.159606999999999832e+00 2.434824373677137841e-15 3.592274000000000119e-18
3.160271999999999970e+00 2.410152494013576248e-15 1.791002000000000125e-18
3.160937000000000108e+00 2.407392248368862294e-15 1.778424999999999841e-18
3.161601999999999801e+00 2.419748440658338158e-15 1.779799000000000062e-18
3.162266999999999939e+00 2.436298493853374939e-15 1.793027999999999824e-18
3.162932000000000077e+00 2.511937584850535698e-15 1.781344000000000002e-18
3.163597000000000214e+00 2.543924224522788217e-15 1.786904999999999968e-18
3.164261999999999908e+00 2.458768014656879701e-15 1.726417000000000094e-18
3.164927000000000046e+00 2.357141420310091380e-15 1.659794999999999957e-18
3.165592000000000183e+00 2.317932151807582257e-15 1.637217999999999919e-18
3.166256999999999877e+00 2.325973789385477271e-15 1.619392999999999977e-18
3.166922000000000015e+00 2.287509909569053951e-15 1.561809999999999973e-18
3.167587000000000153e+00 2.309038650977976495e-15 1.552255999999999924e-18
3.168251999999999846e+00 2.332890151079275218e-15 1.536566999999999907e-18
3.168916999999999984e+00 2.344102754628931530e-15 1.554968999999999926e-18
3.169582000000000122e+00 2.346517720856370174e-15 1.546470000000000023e-18
3.170246999999999815e+00 2.380794801099293155e-15 1.773958000000000048e-18
3.170911999999999953e+00 2.388785130813625221e-15 1.789212999999999895e-18
3.171577000000000091e+00 2.336201271265660019e-15 1.548476999999999946e-18
3.172241999999999784e+00 2.266699628718595645e-15 2.210797000000000132e-18
3.172906999999999922e+00 2.275340531801148433e-15 2.160269999999999984e-18
3.173572000000000060e+00 2.360035564551585031e-15 2.284190999999999912e-18
3.174237000000000197e+00 2.346613502002589913e-15 1.549102000000000087e-18
3.174901999999999891e+00 2.293565048696287464e-15 1.496125000000000003e-18
3.175567000000000029e+00 2.336063697683077719e-15 1.512494000000000081e-18
3.176232000000000166e+00 2.304669165333614985e-15 1.506427999999999939e-18
3.176896999999999860e+00 2.225510924639362750e-15 1.463649000000000015e-18
3.177561999999999998e+00 2.246759639637540811e-15 1.454563999999999997e-18
3.178227000000000135e+00 2.269266897225637786e-15 1.458926999999999910e-18
3.178891999999999829e+00 2.252060662736705243e-15 1.460382000000000069e-18
3.179556999999999967e+00 2.274591364234543710e-15 1.447279000000000039e-18
3.180222000000000104e+00 2.342970009114891246e-15 1.513270000000000076e-18
3.180886999999999798e+00 2.309588634292841788e-15 1.490029999999999959e-18
3.181551999999999936e+00 2.375590858939456046e-15 1.548470000000000089e-18
3.182217000000000073e+00 2.477255253213941220e-15 1.566420999999999956e-18
3.182882000000000211e+00 2.518644888312207389e-15 1.561441999999999938e-18
3.183546999999999905e+00 2.486761190661094612e-15 1.573209000000000070e-18
3.184212000000000042e+00 2.449586377395123204e-15 1.611337999999999984e-18
3.184877000000000180e+00 2.357155210867585577e-15 1.617691999999999928e-18
3.185541999999999874e+00 nan nan
3.186207000000000011e+00 2.347699383781409069e-15 1.571156999999999967e-18
3.186872000000000149e+00 2.384996250215338306e-15 1.557432999999999962e-18
3.187536999999999843e+00 2.463350064972069661e-15 1.594474000000000049e-18
3.188201999999999980e+00 2.462735769094415125e-15 1.590280999999999958e-18
3.188867000000000118e+00 2.337156047176834274e-15 1.594930000000000071e-18
3.189531999999999812e+00 2.224762128431323955e-15 1.564176000000000088e-18
3.190196999999999949e+00 2.254286247793227960e-15 1.537327999999999906e-18
3.190862000000000087e+00 2.405697926608632932e-15 1.581324000000000045e-18
3.191526999999999781e+00 2.438510230113629315e-15 1.590235999999999971e-18
3.192191999999999918e+00 2.404992941683122227e-15 1.584028000000000012e-18
3.192857000000000056e+00 2.320827436297073060e-15 1.546511000000000036e-18
3.193522000000000194e+00 2.281724016153544591e-15 1.766404999999999962e-18
3.194186999999999887e+00 2.373269291525188147e-15 3.835367999999999851e-18
3.194852000000000025e+00 2.357178101038325665e-15 3.849871999999999632e-18
3.195517000000000163e+00 nan 1.730383999999999967e-18
3.196181999999999856e+00 nan 1.814775999999999934e-18
3.196846999999999994e+00 2.301586312541356296e-15 1.807251999999999942e-18
3.197512000000000132e+00 2.300006766458281038e-15 1.686747000000000020e-18
3.198176999999999826e+00 2.300088136238281480e-15 1.678391000000000023e-18
3.198841999999999963e+00 2.286036986428116822e-15 1.661739999999999911e-18
3.199507000000000101e+00 2.231428142379586292e-15 1.637929999999999958e-18
3.200171999999999795e+00 2.202590673405830084e-15 1.644561999999999963e-18
3.200836999999999932e+00 2.225174172405856811e-15 1.656965999999999962e-18
3.201502000000000070e+00 2.183383430175384058e-15 1.600564999999999926e-18
3.202167000000000208e+00 2.116250197756580152e-15 1.566815999999999906e-18
3.202831999999999901e+00 2.155688486973537509e-15 1.584469999999999936e-18
3.203497000000000039e+00 2.241965100270123050e-15 1.624672999999999999e-18
3.204162000000000177e+00 2.263715207059501359e-15 1.618055999999999990e-18
3.204826999999999870e+00 2.305014024632812487e-15 1.633653000000000046e-18
3.205492000000000008e+00 2.415712358023501834e-15 1.678277000000000018e-18
3.206157000000000146e+00 2.502282134112444033e-15 1.728706000000000052e-18
3.206821999999999839e+00 2.492840306735185980e-15 1.781554999999999839e-18
3.207486999999999977e+00 2.452699811427976913e-15 1.723613000000000028e-18
3.208152000000000115e+00 2.427459789307792546e-15 1.723723000000000061e-18
3.208816999999999808e+00 2.404192802210768106e-15 1.734644000000000089e-18
3.209481999999999946e+00 2.415414375418934384e-15 1.751453000000000105e-18
3.210147000000000084e+00 2.436758594437724831e-15 1.770376999999999897e-18
3.210812000000000221e+00 nan nan
3.211476999999999915e+00 nan nan
3.212142000000000053e+00 nan nan
3.212807000000000190e+00 2.256920741213061257e-15 2.176619000000000004e-18
3.213471999999999884e+00 2.404151358009479090e-15 2.032561000000000042e-18
3.214137000000000022e+00 2.413303330452797660e-15 2.044661000000000155e-18
3.214802000000000159e+00 2.289467442605053960e-15 1.933923000000000106e-18
3.215466999999999853e+00 2.311636809462319518e-15 1.907243999999999849e-18
3.216131999999999991e+00 2.418289521885015263e-15 1.959118999999999813e-18
3.216797000000000128e+00 2.445051085549877430e-15 1.987280999999999849e-18
3.217461999999999822e+00 2.373876358927543299e-15 1.976307999999999977e-18
3.218126999999999960e+00 2.279865164693750185e-15 1.928414000000000176e-18
3.218792000000000098e+00 2.274534022198092646e-15 1.843405999999999912e-18
3.219456999999999791e+00 2.324392284297764968e-15 1.806380999999999910e-18
3.220121999999999929e+00 2.335976872119483394e-15 1.805644999999999840e-18
3.220787000000000067e+00 2.313833761417337006e-15 1.754420999999999842e-18
3.221452000000000204e+00 2.292894014645777923e-15 1.695643000000000053e-18
3.222116999999999898e+00 2.325347114003119566e-15 1.689011000000000049e-18
3.222782000000000036e+00 2.321504860607833369e-15 1.783902999999999882e-18
3.223447000000000173e+00 2.282756514958068767e-15 1.793339000000000145e-18
3.224111999999999867e+00 2.250021461250006073e-15 1.795419000000000060e-18
3.224777000000000005e+00 2.294634562065228721e-15 1.736094000000000185e-18
3.225442000000000142e+00 2.416032449967966615e-15 1.740564000000000055e-18
3.226106999999999836e+00 2.357563149346457355e-15 1.698958999999999959e-18
3.226771999999999974e+00 2.305052409493572810e-15 1.626574999999999952e-18
3.227437000000000111e+00 2.326837770091106894e-15 1.603750000000000037e-18
3.228101999999999805e+00 2.310244324416426987e-15 1.594534999999999928e-18
3.228766999999999943e+00 2.240727261649038511e-15 1.595035000000000041e-18
3.229432000000000080e+00 2.268121356460617003e-15 2.263387000000000019e-18
3.230097000000000218e+00 2.405956106900108419e-15 1.636138999999999934e-18
3.230761999999999912e+00 2.473083178900552097e-15 1.671779000000000077e-18
3.231427000000000049e+00 2.506572034126533814e-15 1.699351000000000026e-18
3.232092000000000187e+00 2.388502142952661471e-15 1.662195999999999934e-18
3.232756999999999881e+00 2.316954405476647021e-15 1.614697000000000083e-18
3.233422000000000018e+00 2.373327917846400885e-15 1.626980000000000028e-18
3.234087000000000156e+00 2.392517488858617402e-15 1.630005999999999953e-18
3.234751999999999850e+00 2.393147256804023470e-15 1.635801000000000083e-18
3.235416999999999987e+00 2.364843347966204740e-15 1.629117000000000042e-18
3.236082000000000125e+00 2.391715056150501806e-15 1.648749999999999990e-18
3.236746999999999819e+00 2.411104156992234013e-15 1.658852999999999920e-18
3.237411999999999956e+00 nan 2.199187000000000006e-18
3.238077000000000094e+00 nan 2.177224000000000087e-18
3.238741999999999788e+00 2.398445220116193912e-15 1.634928999999999962e-18
3.239406999999999925e+00 2.367317394128889355e-15 1.633881999999999955e-18
3.240072000000000063e+00 2.255890639091686960e-15 1.581051999999999944e-18
3.240737000000000201e+00 2.194843651443991465e-15 1.529984999999999952e-18
3.241401999999999894e+00 2.286534628309396193e-15 1.569328000000000005e-18
3.242067000000000032e+00 2.369798284592441605e-15 1.608744999999999947e-18
3.242732000000000170e+00 2.311315188785645996e-15 1.565149000000000014e-18
3.243396999999999863e+00 2.292203200827443568e-15 1.546657000000000020e-18
3.244062000000000001e+00 2.287368370805883960e-15 1.521007000000000083e-18
3.244727000000000139e+00 2.286148691837963199e-15 1.522301000000000071e-18
3.245391999999999832e+00 2.307603596240379654e-15 1.509011000000000043e-18
3.246056999999999970e+00 2.328236857175442425e-15 1.502528999999999996e-18
3.246722000000000108e+00 2.317471476553155003e-15 1.868662999999999884e-18
3.247386999999999802e+00 nan nan
3.248051999999999939e+00 nan nan
3.248717000000000077e+00 nan nan
3.249382000000000215e+00 2.360799727934998485e-15 1.535504999999999904e-18
3.250046999999999908e+00 nan 1.533667999999999996e-18
3.250712000000000046e+00 nan 2.168570000000000164e-18
3.251377000000000184e+00 2.373696556683262056e-15 1.567482999999999958e-18
3.252041999999999877e+00 2.415634555588315243e-15 1.575161000000000073e-18
3.252707000000000015e+00 2.421731714277699723e-15 1.595992999999999971e-18
3.253372000000000153e+00 2.448117958347120258e-15 1.602690000000000021e-18
3.254036999999999846e+00 2.417268530009169916e-15 1.575266999999999940e-18
3.254701999999999984e+00 2.376383136606855626e-15 1.537658000000000004e-18
3.255367000000000122e+00 2.384439247110004411e-15 1.519427999999999986e-18
3.256031999999999815e+00 2.407152256862418620e-15 1.568432999999999942e-18
3.256696999999999953e+00 2.416948296457692551e-15 1.575324999999999936e-18
3.257362000000000091e+00 2.434248343291582048e-15 1.578843000000000027e-18
3.258026999999999784e+00 2.419054376012453406e-15 1.548104000000000040e-18
3.258691999999999922e+00 2.412668264516958116e-15 1.538989000000000031e-18
3.259357000000000060e+00 2.415826772310375431e-15 1.543519000000000076e-18
3.260022000000000197e+00 2.415302638115657362e-15 1.546922000000000072e-18
3.260686999999999891e+00 2.475441318012041338e-15 1.583614999999999989e-18
3.261352000000000029e+00 2.475284876510128433e-15 2.747630999999999813e-18
3.262017000000000166e+00 nan nan
3.262681999999999860e+00 nan 2.309375000000000086e-18
3.263346999999999998e+00 2.291367141208831636e-15 1.492596999999999978e-18
3.264012000000000135e+00 2.371045317767478867e-15 1.517447000000000081e-18
3.264676999999999829e+00 2.374295177802159390e-15 1.552612000000000040e-18
3.265341999999999967e+00 2.287563418136317902e-15 1.543891000000000084e-18
3.266007000000000104e+00 2.312617549414823123e-15 1.565440999999999981e-18
3.266671999999999798e+00 2.392519263695620671e-15 1.604124999999999929e-18
3.267336999999999936e+00 2.414493446059696265e-15 1.603288000000000054e-18
3.268002000000000073e+00 2.352691410284474797e-15 1.568613000000000083e-18
3.268667000000000211e+00 2.270121055382108154e-15 1.910887000000000161e-18
3.269331999999999905e+00 2.248986200219735411e-15 3.405519999999999964e-18
3.269997000000000043e+00 2.301831123261202227e-15 1.562258999999999947e-18
3.270662000000000180e+00 2.330663248348967469e-15 1.572871999999999923e-18
3.271326999999999874e+00 2.333761381983046856e-15 1.577147999999999937e-18
3.271992000000000012e+00 2.365825727525006899e-15 1.583908000000000046e-18
3.272657000000000149e+00 2.411737979784404302e-15 1.646560999999999939e-18
3.273321999999999843e+00 2.390138788839402241e-15 1.665153000000000033e-18
3.273986999999999981e+00 2.317885710256412005e-15 1.640367999999999975e-18
3.274652000000000118e+00 2.311311823159061484e-15 1.671723000000000068e-18
3.275316999999999812e+00 2.288195132543624477e-15 1.672063999999999995e-18
3.275981999999999950e+00 2.286979704826072335e-15 2.357244000000000151e-18
3.276647000000000087e+00 nan nan
3.277311999999999781e+00 nan nan
3.277976999999999919e+00 2.272122111575752365e-15 1.726694000000000066e-18
3.278642000000000056e+00 2.274504190472297153e-15 1.737105999999999946e-18
3.279307000000000194e+00 2.326273537284145949e-15 1.826174999999999837e-18
3.279971999999999888e+00 2.318953642473682100e-15 1.850726000000000116e-18
3.280637000000000025e+00 2.268744216753612048e-15 1.836476999999999877e-18
3.281302000000000163e+00 2.228557429292941345e-15 1.798471999999999901e-18
3.281966999999999857e+00 2.266880881460570944e-15 1.819675999999999807e-18
3.282631999999999994e+00 2.341471453365905299e-15 1.842702000000000011e-18
3.283297000000000132e+00 2.388505420768716031e-15 1.871780999999999963e-18
3.283961999999999826e+00 2.397563544447690087e-15 1.880527000000000039e-18
3.284626999999999963e+00 2.382617272760975056e-15 1.839295000000000042e-18
3.285292000000000101e+00 2.401515358307701733e-15 1.795636999999999946e-18
3.285956999999999795e+00 2.386876889505999931e-15 1.786975000000000077e-18
3.286621999999999932e+00 2.317530767411060934e-15 1.811242999999999846e-18
3.287287000000000070e+00 2.228495410957492803e-15 1.878877000000000129e-18
3.287952000000000208e+00 2.200928064481321987e-15 1.980339999999999895e-18
3.288616999999999901e+00 2.290502472402127599e-15 2.103735999999999974e-18
3.289282000000000039e+00 2.418753040194646649e-15 2.118263000000000081e-18
3.289947000000000177e+00 2.414414524524958706e-15 2.019069000000000022e-18
3.290611999999999870e+00 2.324322012787927035e-15 1.871129000000000099e-18
3.291277000000000008e+00 2.309125177206269017e-15 1.864925000000000113e-18
3.291942000000000146e+00 nan 3.020635000000000182e-18
3.292606999999999839e+00 2.327383055141549066e-15 2.110832000000000140e-18
3.293271999999999977e+00 2.247039742878640585e-15 2.068460000000000085e-18
3.293937000000000115e+00 2.225804113737842320e-15 2.039102999999999880e-18
3.294601999999999808e+00 2.252515340001658795e-15 2.070952999999999830e-18
3.295266999999999946e+00 2.261963158871642156e-15 4.473587000000000014e-18
3.295932000000000084e+00 2.299642857923981882e-15 4.332378999999999617e-18
3.296597000000000222e+00 2.309883541353634165e-15 2.618761000000000051e-18
3.297261999999999915e+00 2.313553806424197251e-15 1.691988999999999911e-18
3.297927000000000053e+00 2.263866424774856037e-15 1.644135999999999931e-18
3.298592000000000191e+00 2.277891231118419182e-15 1.885007999999999931e-18
3.299256999999999884e+00 2.352797933328153543e-15 1.905586999999999889e-18
3.299922000000000022e+00 2.346334244770228910e-15 1.666118999999999909e-18
3.300587000000000160e+00 2.288124349623177908e-15 1.649376999999999925e-18
3.301251999999999853e+00 2.311501458797964443e-15 1.650834999999999968e-18
3.301916999999999991e+00 2.361901918732369975e-15 1.655742999999999980e-18
3.302582000000000129e+00 2.395739559899348680e-15 1.706016999999999995e-18
3.303246999999999822e+00 2.365820266610474729e-15 1.627202999999999977e-18
3.303911999999999960e+00 2.370672355065432752e-15 1.618792000000000060e-18
3.304577000000000098e+00 2.351098056212473530e-15 1.589476000000000062e-18
3.305241999999999791e+00 2.312448731917043395e-15 1.568856999999999987e-18
3.305906999999999929e+00 2.331323868095697938e-15 1.588094000000000087e-18
3.306572000000000067e+00 2.364189056570652470e-15 1.623437999999999905e-18
3.307237000000000204e+00 2.387349548256612778e-15 1.680178000000000074e-18
3.307901999999999898e+00 2.337226988860585940e-15 1.692302000000000026e-18
3.308567000000000036e+00 2.270580077446885497e-15 1.663018000000000005e-18
3.309232000000000173e+00 nan nan
3.309896999999999867e+00 nan nan
3.310562000000000005e+00 nan nan
3.311227000000000142e+00 nan nan
3.311891999999999836e+00 2.218836148170388476e-15 1.640199000000000050e-18
3.312556999999999974e+00 2.225027141149767836e-15 1.648865000000000085e-18
3.313222000000000111e+00 2.313485771293722834e-15 1.690711000000000009e-18
3.313886999999999805e+00 2.352698481678969768e-15 1.700725999999999951e-18
3.314551999999999943e+00 2.283958260936171665e-15 1.657199000000000036e-18
3.315217000000000080e+00 2.196559528909937433e-15 1.613686000000000028e-18
3.315882000000000218e+00 2.195973984700535914e-15 1.605939999999999984e-18
3.316546999999999912e+00 2.240247824305656133e-15 1.577966000000000036e-18
3.317212000000000049e+00 2.246161006793107673e-15 1.549663999999999976e-18
3.317877000000000187e+00 2.281737438949963760e-15 1.565023999999999986e-18
3.318541999999999881e+00 2.296072528023414923e-15 1.570008999999999963e-18
3.319207000000000019e+00 2.243898503194740244e-15 1.538344000000000024e-18
3.319872000000000156e+00 2.164145576331929595e-15 1.512603000000000024e-18
3.320536999999999850e+00 2.132647667677160488e-15 1.478854000000000004e-18
3.321201999999999988e+00 2.164659514111934357e-15 1.484801000000000077e-18
3.321867000000000125e+00 2.211049715373369402e-15 1.482271999999999996e-18
3.322531999999999819e+00 2.259193518968990442e-15 1.490981000000000032e-18
3.323196999999999957e+00 2.363215595875853503e-15 1.544213999999999940e-18
3.323862000000000094e+00 2.359389629699284185e-15 1.546980999999999965e-18
3.324526999999999788e+00 2.327252192638406533e-15 1.533701000000000064e-18
3.325191999999999926e+00 2.320529546326541738e-15 1.815408999999999829e-18
3.325857000000000063e+00 nan nan
3.326522000000000201e+00 nan nan
3.327186999999999895e+00 nan nan
3.327852000000000032e+00 2.257987043244620772e-15 1.670091999999999934e-18
3.328517000000000170e+00 2.296252090388382067e-15 1.676818000000000078e-18
3.329181999999999864e+00 2.325353335208094802e-15 1.669979000000000018e-18
3.329847000000000001e+00 2.335270427994711341e-15 1.659755999999999930e-18
3.330512000000000139e+00 2.347792513548141120e-15 1.661236000000000017e-18
3.331176999999999833e+00 2.345164879564871364e-15 1.668103000000000083e-18
3.331841999999999970e+00 2.340191039808106508e-15 1.662296999999999930e-18
3.332507000000000108e+00 2.317863801116104731e-15 1.645885000000000044e-18
3.333171999999999802e+00 2.283209995210026603e-15 1.610941999999999944e-18
3.333836999999999939e+00 2.303465522422190659e-15 1.525648999999999954e-18
3.334502000000000077e+00 2.327842009773273496e-15 1.466119999999999907e-18
3.335167000000000215e+00 2.315714969174134228e-15 1.474862000000000010e-18
3.335831999999999908e+00 2.257761657934559340e-15 1.447387000000000085e-18
3.336497000000000046e+00 2.236260379039100074e-15 1.435079000000000020e-18
3.337162000000000184e+00 2.202069812690310662e-15 1.431016000000000020e-18
3.337826999999999877e+00 2.181156084836566205e-15 1.422837000000000089e-18
3.338492000000000015e+00 2.174775145099647624e-15 1.421527000000000017e-18
3.339157000000000153e+00 2.178450145183231978e-15 1.452847000000000055e-18
3.339821999999999846e+00 2.190451012646177643e-15 1.457510000000000074e-18
3.340486999999999984e+00 2.198820610452347822e-15 1.466212000000000060e-18
3.341152000000000122e+00 2.223899353454370456e-15 1.486181000000000066e-18
3.341816999999999815e+00 2.264887148562005305e-15 1.747789999999999927e-18
3.342481999999999953e+00 2.260742546372152217e-15 1.525308000000000027e-18
3.343147000000000091e+00 nan nan
3.343811999999999784e+00 2.195653492460857761e-15 2.131493000000000126e-18
3.344476999999999922e+00 2.221767776075732359e-15 1.543428000000000012e-18
3.345142000000000060e+00 2.232262618206087733e-15 1.583938999999999935e-18
3.345807000000000198e+00 2.241182283316699261e-15 1.577091999999999928e-18
3.346471999999999891e+00 2.237357400199165890e-15 1.576842999999999961e-18
3.347137000000000029e+00 2.272483202416607556e-15 1.636787999999999914e-18
3.347802000000000167e+00 2.267724431855199777e-15 1.659656000000000023e-18
3.348466999999999860e+00 2.273812940359016146e-15 1.696131000000000054e-18
3.349131999999999998e+00 2.300172251128565761e-15 1.727823999999999998e-18
3.349797000000000136e+00 2.318617242819797407e-15 1.707800000000000072e-18
3.350461999999999829e+00 2.315703641512525884e-15 1.743919999999999885e-18
3.351126999999999967e+00 2.303368220561972400e-15 1.779253000000000065e-18
3.351792000000000105e+00 2.326080262388608575e-15 1.825770999999999851e-18
3.352456999999999798e+00 2.358577355858581065e-15 1.877595999999999958e-18
3.353121999999999936e+00 2.327418023640605130e-15 1.875408999999999894e-18
3.353787000000000074e+00 nan 2.118790000000000110e-18
3.354452000000000211e+00 2.170310526543509566e-15 2.721946999999999912e-18
3.355116999999999905e+00 2.184123117227987655e-15 1.798931000000000000e-18
3.355782000000000043e+00 2.176211107989914683e-15 2.061220000000000115e-18
3.356447000000000180e+00 2.204074468653436841e-15 1.811552999999999885e-18
3.357111999999999874e+00 2.197133915231707729e-15 1.767265999999999868e-18
3.357777000000000012e+00 2.211051919296334845e-15 1.775475000000000176e-18
3.358442000000000149e+00 2.254604892433655516e-15 1.773172000000000120e-18
3.359106999999999843e+00 2.329762116817650531e-15 1.820410000000000084e-18
3.359771999999999981e+00 2.353154911981237072e-15 1.850809999999999938e-18
3.360437000000000118e+00 2.309101861295743531e-15 1.840308999999999981e-18
3.361101999999999812e+00 2.240646395777717546e-15 1.779915999999999951e-18
3.361766999999999950e+00 2.246386211851455456e-15 1.729153000000000039e-18
3.362432000000000087e+00 2.284246499229550941e-15 1.719335999999999924e-18
3.363096999999999781e+00 2.232266986146216506e-15 3.950591000000000151e-18
3.363761999999999919e+00 2.191127602715717768e-15 3.810267999999999885e-18
3.364427000000000056e+00 2.250595466787250717e-15 1.682530999999999988e-18
3.365092000000000194e+00 2.291528087959672339e-15 1.660826000000000071e-18
3.365756999999999888e+00 2.324490857502412213e-15 1.657268000000000055e-18
3.366422000000000025e+00 nan nan
3.367087000000000163e+00 2.326976072107578101e-15 1.650083000000000004e-18
3.367751999999999857e+00 2.280829723342457770e-15 1.618190000000000054e-18
3.368416999999999994e+00 2.232397420480180637e-15 1.589166000000000023e-18
3.369082000000000132e+00 2.236312353585711055e-15 1.630431999999999985e-18
3.369746999999999826e+00 2.218580881253786030e-15 1.620828000000000078e-18
3.370411999999999964e+00 2.235742270526876948e-15 1.603449000000000033e-18
3.371077000000000101e+00 2.236917146645670138e-15 1.911229999999999883e-18
3.371741999999999795e+00 2.212135608774675462e-15 1.590622999999999976e-18
3.372406999999999933e+00 2.197236127458263826e-15 1.579374000000000029e-18
3.373072000000000070e+00 2.232607249028098424e-15 1.573235000000000088e-18
3.373737000000000208e+00 2.303989392001142413e-15 1.615507000000000043e-18
3.374401999999999902e+00 2.312912966169297958e-15 1.612583999999999908e-18
3.375067000000000039e+00 2.287044937407839039e-15 1.601254000000000023e-18
3.375732000000000177e+00 2.288927666256060155e-15 1.906143000000000011e-18
3.376396999999999871e+00 2.226994227770639197e-15 1.599244000000000024e-18
3.377062000000000008e+00 2.166825148182842964e-15 1.567822999999999989e-18
3.377727000000000146e+00 2.169127723411773937e-15 1.866712000000000163e-18
3.378391999999999840e+00 nan nan
3.379056999999999977e+00 nan nan
3.379722000000000115e+00 2.211287428558544597e-15 1.822890999999999909e-18
3.380386999999999809e+00 2.233822528211957239e-15 1.566861999999999983e-18
3.381051999999999946e+00 2.261691035411462045e-15 1.613172000000000009e-18
3.381717000000000084e+00 2.209241138013674839e-15 1.583083999999999988e-18
3.382382000000000222e+00 2.207618275634108170e-15 1.581399000000000024e-18
3.383046999999999915e+00 2.257216175094848220e-15 1.598780000000000055e-18
3.383712000000000053e+00 2.225517948458402395e-15 1.590441000000000041e-18
3.384377000000000191e+00 2.197957602343605132e-15 1.565990999999999951e-18
3.385041999999999884e+00 nan 3.459189999999999926e-18
3.385707000000000022e+00 2.154357367419722207e-15 1.529115000000000010e-18
3.386372000000000160e+00 2.186786979872284537e-15 1.544576000000000016e-18
3.387036999999999853e+00 2.273768007497514527e-15 1.580827000000000009e-18
3.387701999999999991e+00 2.302794718921120725e-15 1.597793000000000031e-18
3.388367000000000129e+00 2.242647926697525963e-15 1.540881000000000052e-18
3.389031999999999822e+00 2.257506665023719553e-15 1.824771999999999907e-18
3.389696999999999960e+00 2.274809691222582978e-15 3.144853999999999845e-18
3.390362000000000098e+00 2.329422425735671023e-15 1.563541999999999911e-18
3.391026999999999791e+00 2.368155333959861515e-15 1.569412999999999917e-18
3.391691999999999929e+00 2.360412786154745955e-15 1.558704999999999904e-18
3.392357000000000067e+00 2.300314277131331496e-15 1.625095000000000057e-18
3.393022000000000205e+00 2.199961567689840235e-15 1.706016999999999995e-18
3.393686999999999898e+00 2.124778229755638215e-15 1.693201000000000063e-18
3.394352000000000036e+00 2.209301104567784318e-15 1.747335000000000186e-18
3.395017000000000174e+00 nan 1.757281999999999814e-18
3.395681999999999867e+00 2.224705750178563981e-15 1.723830000000000017e-18
3.396347000000000005e+00 2.193700884752731518e-15 1.714720000000000071e-18
3.397012000000000143e+00 2.216914015300018429e-15 2.064395999999999997e-18
3.397676999999999836e+00 nan 1.764680999999999970e-18
3.398341999999999974e+00 2.282034747250424585e-15 2.002944999999999938e-18
3.399007000000000112e+00 2.255513074099853383e-15 1.815960000000000081e-18
3.399671999999999805e+00 2.249946707764544118e-15 1.480779999999999989e-18
3.400336999999999943e+00 2.211296871939422060e-15 1.403871000000000000e-18
3.401002000000000081e+00 2.146612493020290382e-15 1.372799999999999929e-18
3.401667000000000218e+00 2.184383175749967329e-15 1.365019999999999921e-18
3.402331999999999912e+00 2.242179518057703133e-15 1.342148000000000032e-18
3.402997000000000050e+00 2.241104909719252267e-15 1.333588999999999953e-18
3.403662000000000187e+00 2.160348153847996470e-15 2.980605999999999916e-18
3.404326999999999881e+00 nan nan
3.404992000000000019e+00 2.237554180529086918e-15 1.562348999999999921e-18
3.405657000000000156e+00 2.205710382096764313e-15 1.319348000000000046e-18
3.406321999999999850e+00 2.242898894891583318e-15 1.340787000000000013e-18
3.406986999999999988e+00 nan nan
3.407652000000000125e+00 2.303036777738223604e-15 1.582549999999999911e-18
3.408316999999999819e+00 2.191571888264485781e-15 1.314354000000000032e-18
3.408981999999999957e+00 2.141905076553893704e-15 1.311332000000000080e-18
3.409647000000000094e+00 2.177691649156823448e-15 1.342193000000000019e-18
3.410311999999999788e+00 2.248419484474357577e-15 1.373414999999999945e-18
3.410976999999999926e+00 2.295505002357769773e-15 1.389988000000000003e-18
3.411642000000000063e+00 2.295523286964855374e-15 1.397878000000000043e-18
3.412307000000000201e+00 2.264988417446959792e-15 1.393531000000000023e-18
3.412971999999999895e+00 2.237537617037703551e-15 1.369725000000000044e-18
3.413637000000000032e+00 2.214779712328198442e-15 1.374044000000000059e-18
3.414302000000000170e+00 2.139459212843059440e-15 1.329491000000000093e-18
3.414966999999999864e+00 2.131344410066026112e-15 1.348817000000000078e-18
3.415632000000000001e+00 2.165518080173515166e-15 1.417346000000000039e-18
3.416297000000000139e+00 2.218534837048418643e-15 1.445916000000000034e-18
3.416961999999999833e+00 2.182754557818614399e-15 1.416772999999999934e-18
3.417626999999999970e+00 2.159822013188866171e-15 1.361980000000000090e-18
3.418292000000000108e+00 2.148562222622278907e-15 1.372576999999999980e-18
3.418956999999999802e+00 2.139763998668853187e-15 1.385863000000000034e-18
3.419621999999999939e+00 2.158844251827316430e-15 1.400871999999999990e-18
3.420287000000000077e+00 2.192533768547525501e-15 1.447842000000000019e-18
3.420952000000000215e+00 2.197371606157755294e-15 1.440781999999999996e-18
3.421616999999999909e+00 2.216809086622550401e-15 1.462761000000000001e-18
3.422282000000000046e+00 2.222713806915979733e-15 1.468695999999999962e-18
3.422947000000000184e+00 2.234013171822724662e-15 1.476881000000000046e-18
3.423611999999999878e+00 2.256363390101491715e-15 1.495147999999999912e-18
3.424277000000000015e+00 2.219829440658228029e-15 1.497407000000000070e-18
3.424942000000000153e+00 2.165057179128724268e-15 1.559235000000000008e-18
3.425606999999999847e+00 2.185106676312082691e-15 1.652825999999999998e-18
3.426271999999999984e+00 2.246085198618930815e-15 1.760820000000000157e-18
3.426937000000000122e+00 2.257505430747637706e-15 1.886382000000000152e-18
3.427601999999999816e+00 2.204219258320399847e-15 1.909122000000000156e-18
3.428266999999999953e+00 2.184085772611626509e-15 1.913146000000000127e-18
3.428932000000000091e+00 2.173259199209620422e-15 1.905421000000000040e-18
3.429596999999999785e+00 2.220221363980427814e-15 1.925738000000000022e-18
3.430261999999999922e+00 2.231900311152754732e-15 1.942064000000000099e-18
3.430927000000000060e+00 2.216946002676186751e-15 1.938137000000000151e-18
3.431592000000000198e+00 2.252487317945235199e-15 1.920772000000000013e-18
3.432256999999999891e+00 2.300398361459840321e-15 1.901019999999999996e-18
3.432922000000000029e+00 2.306447442334188049e-15 1.882293999999999839e-18
3.433587000000000167e+00 2.220416155601237241e-15 1.819565999999999968e-18
3.434251999999999860e+00 2.161677118121663986e-15 1.781283000000000123e-18
3.434916999999999998e+00 2.218784433322586410e-15 1.819573999999999914e-18
3.435582000000000136e+00 2.256543190698827025e-15 1.846732000000000136e-18
3.436246999999999829e+00 2.206220137251145307e-15 1.801268999999999918e-18
3.436911999999999967e+00 2.194101761000638085e-15 1.787054000000000028e-18
3.437577000000000105e+00 2.223831057292440732e-15 1.816364000000000067e-18
3.438241999999999798e+00 2.231042292577984859e-15 1.823570000000000073e-18
3.438906999999999936e+00 2.261242974776340081e-15 1.752999999999999840e-18
3.439572000000000074e+00 nan nan
3.440237000000000211e+00 nan nan
3.440901999999999905e+00 2.187413313766818687e-15 1.748648000000000142e-18
3.441567000000000043e+00 2.212883332018504517e-15 1.738713000000000048e-18
3.442232000000000181e+00 2.235756221940849234e-15 1.657375000000000011e-18
3.442896999999999874e+00 2.173246313577842581e-15 1.621120000000000045e-18
3.443562000000000012e+00 2.143230703181321209e-15 1.598679999999999955e-18
3.444227000000000150e+00 2.187791376490606862e-15 1.596495000000000070e-18
3.444891999999999843e+00 2.178896521668061965e-15 1.594917999999999959e-18
3.445556999999999981e+00 2.168431913897650174e-15 1.599081000000000058e-18
3.446222000000000119e+00 2.198339218068907439e-15 1.605455999999999957e-18
3.446886999999999812e+00 2.229537500344136618e-15 1.590893999999999987e-18
3.447551999999999950e+00 2.296202800609986308e-15 1.595740999999999928e-18
3.448217000000000088e+00 2.278221645560985288e-15 1.597748999999999941e-18
3.448881999999999781e+00 2.244125791400106239e-15 1.582012000000000053e-18
3.449546999999999919e+00 2.287706146279457995e-15 1.624355999999999910e-18
3.450212000000000057e+00 2.339752682724101693e-15 1.666219000000000008e-18
3.450877000000000194e+00 2.312745783898967834e-15 1.671506999999999976e-18
3.451541999999999888e+00 2.224044568894394590e-15 1.626239999999999984e-18
3.452207000000000026e+00 2.163395968689712238e-15 1.647233000000000054e-18
3.452872000000000163e+00 2.175496645463171952e-15 1.638088000000000054e-18
3.453536999999999857e+00 2.219707772907874949e-15 1.633223000000000042e-18
3.454201999999999995e+00 2.256313447194967945e-15 1.646272999999999945e-18
3.454867000000000132e+00 2.249008156482378279e-15 1.634831999999999938e-18
3.455531999999999826e+00 2.236484275125968490e-15 1.632531999999999958e-18
3.456196999999999964e+00 2.170066855196489033e-15 1.628924000000000085e-18
3.456862000000000101e+00 2.163406693869399411e-15 1.675014000000000045e-18
3.457526999999999795e+00 2.152467019549009988e-15 1.676962000000000075e-18
3.458191999999999933e+00 2.123784217501262966e-15 1.662100000000000000e-18
3.458857000000000070e+00 2.079985174272021193e-15 3.734464000000000284e-18
3.459522000000000208e+00 nan nan
3.460186999999999902e+00 nan nan
3.460852000000000039e+00 nan nan
3.461517000000000177e+00 nan nan
3.462181999999999871e+00 2.220730615518978164e-15 1.675463000000000019e-18
3.462847000000000008e+00 2.197046562858229135e-15 1.594405999999999927e-18
3.463512000000000146e+00 2.265540171563236055e-15 1.667851999999999936e-18
3.464176999999999840e+00 2.281118127349514350e-15 1.733840000000000089e-18
3.464841999999999977e+00 2.206820412969308103e-15 1.714726999999999928e-18
3.465507000000000115e+00 2.143534698722800162e-15 1.673974999999999985e-18
3.466171999999999809e+00 2.220488332318504623e-15 1.707839999999999997e-18
3.466836999999999946e+00 2.288102435070373296e-15 1.778438999999999940e-18
3.467502000000000084e+00 nan 1.861549000000000031e-18
3.468167000000000222e+00 2.277510329369533041e-15 1.882444000000000181e-18
3.468831999999999915e+00 nan nan
3.469497000000000053e+00 2.252840517470855973e-15 1.779656000000000154e-18
3.470162000000000191e+00 2.266940581670707613e-15 1.741653999999999869e-18
3.470826999999999884e+00 2.245006393378920843e-15 1.656372000000000095e-18
3.471492000000000022e+00 2.207161145992125458e-15 1.609097999999999987e-18
3.472157000000000160e+00 2.255621487754409896e-15 1.603170999999999972e-18
3.472821999999999854e+00 2.312830409256445427e-15 1.622051000000000060e-18
3.473486999999999991e+00 2.252743398454188972e-15 1.908567999999999827e-18
3.474152000000000129e+00 2.187588248048023283e-15 1.512191000000000091e-18
3.474816999999999823e+00 2.104653683520144391e-15 1.438399999999999988e-18
3.475481999999999960e+00 2.129757746553631311e-15 1.448477000000000093e-18
3.476147000000000098e+00 2.232308178750686223e-15 1.490377999999999936e-18
3.476811999999999792e+00 2.222195743562299892e-15 1.453845999999999998e-18
3.477476999999999929e+00 2.178792622863594640e-15 1.430978999999999980e-18
3.478142000000000067e+00 2.156867025115620211e-15 1.418013999999999988e-18
3.478807000000000205e+00 2.196571255128766047e-15 1.419363999999999984e-18
3.479471999999999898e+00 2.228890500624934943e-15 1.662109000000000036e-18
3.480137000000000036e+00 2.208559065140279890e-15 1.427214999999999997e-18
3.480802000000000174e+00 2.159044213013680687e-15 1.382787000000000059e-18
3.481466999999999867e+00 2.144829152025031129e-15 1.371148000000000032e-18
3.482132000000000005e+00 2.181925662726686606e-15 1.384197999999999936e-18
3.482797000000000143e+00 2.189813863873188395e-15 1.368403000000000052e-18
3.483461999999999836e+00 2.209154398353498601e-15 1.380381999999999917e-18
3.484126999999999974e+00 2.239890442070647184e-15 1.410972000000000037e-18
3.484792000000000112e+00 2.163336677366802386e-15 1.404026000000000020e-18
3.485456999999999805e+00 2.151463783601872794e-15 1.403003000000000045e-18
3.486121999999999943e+00 2.206408492676916029e-15 1.431928000000000066e-18
3.486787000000000081e+00 2.165769067497006132e-15 1.415575999999999970e-18
3.487452000000000218e+00 2.131265891472097249e-15 1.398508999999999951e-18
3.488116999999999912e+00 2.170661776938470397e-15 1.394363999999999925e-18
3.488782000000000050e+00 2.217176476957006244e-15 1.446826000000000093e-18
3.489447000000000187e+00 2.243462924413999251e-15 1.438403999999999961e-18
3.490111999999999881e+00 2.214770294283863630e-15 1.428927000000000070e-18
3.490777000000000019e+00 2.130981798388629958e-15 1.409908999999999945e-18
3.491442000000000156e+00 2.070417129215079011e-15 1.387998999999999959e-18
3.492106999999999850e+00 2.054573193154229556e-15 1.388890999999999946e-18
3.492771999999999988e+00 2.063247849294450441e-15 1.396096000000000055e-18
3.493437000000000126e+00 2.108693748368397087e-15 1.436472000000000017e-18
3.494101999999999819e+00 2.143597115088563926e-15 1.417559000000000054e-18
3.494766999999999957e+00 2.196683021898188151e-15 1.432710000000000021e-18
3.495432000000000095e+00 2.233060888570465592e-15 1.461809999999999928e-18
3.496096999999999788e+00 2.262326444004523084e-15 1.453500000000000008e-18
3.496761999999999926e+00 2.218505372763132323e-15 1.686965999999999995e-18
3.497427000000000064e+00 2.189272797018756651e-15 1.452181000000000092e-18
3.498092000000000201e+00 2.163657643795655688e-15 1.463406999999999905e-18
3.498756999999999895e+00 2.111071214713630459e-15 1.411692999999999919e-18
3.499422000000000033e+00 2.092716686893678765e-15 1.401417000000000090e-18
3.500087000000000170e+00 2.165761834902090113e-15 1.432280000000000016e-18
3.500751999999999864e+00 2.202268376688320588e-15 1.431857999999999958e-18
3.501417000000000002e+00 2.204201869737041363e-15 1.429352999999999908e-18
3.502082000000000139e+00 2.272272014993669169e-15 1.448532999999999910e-18
3.502746999999999833e+00 2.341970501271571973e-15 1.483758000000000044e-18
3.503411999999999971e+00 2.299632114284848553e-15 1.456824000000000053e-18
3.504077000000000108e+00 2.258094903695724478e-15 1.426717000000000064e-18
3.504741999999999802e+00 2.185451734403209890e-15 1.385730999999999957e-18
3.505406999999999940e+00 2.169653290900424634e-15 1.388811999999999995e-18
3.506072000000000077e+00 2.242439970602224909e-15 1.471735999999999986e-18
3.506737000000000215e+00 2.280643722949977342e-15 1.518706999999999911e-18
3.507401999999999909e+00 2.259435986145623468e-15 1.530388000000000041e-18
3.508067000000000046e+00 2.163128859977765872e-15 1.502609999999999934e-18
3.508732000000000184e+00 2.176383025874933838e-15 1.500988000000000028e-18
3.509396999999999878e+00 2.251360553001861340e-15 1.528135000000000035e-18
3.510062000000000015e+00 2.218277898340389902e-15 1.509336999999999975e-18
3.510727000000000153e+00 2.154774351154440458e-15 1.483092999999999978e-18
3.511391999999999847e+00 2.151440947975845174e-15 1.469305000000000018e-18
3.512056999999999984e+00 2.163977061488093652e-15 1.459161999999999971e-18
3.512722000000000122e+00 nan nan
3.513386999999999816e+00 2.263672984321865796e-15 1.774507000000000121e-18
3.514051999999999953e+00 2.229653748788678015e-15 1.496257999999999977e-18
3.514717000000000091e+00 2.236319380217715880e-15 1.503329999999999919e-18
3.515381999999999785e+00 2.244291493008922329e-15 1.513093999999999908e-18
3.516046999999999922e+00 2.249569502412231808e-15 1.517683999999999936e-18
3.516712000000000060e+00 2.234572691607486173e-15 1.482616000000000000e-18
3.517377000000000198e+00 2.241935043674686469e-15 1.525205999999999941e-18
3.518041999999999891e+00 2.245480677549313895e-15 1.522907000000000050e-18
3.518707000000000029e+00 2.148352980678056860e-15 1.502224000000000019e-18
3.519372000000000167e+00 2.089842597478981176e-15 1.507022000000000000e-18
3.520036999999999860e+00 2.135055295455264730e-15 1.491431000000000095e-18
3.520701999999999998e+00 2.186411829366258760e-15 1.648448999999999987e-18
3.521367000000000136e+00 2.205661579486671783e-15 1.648847999999999910e-18
3.522031999999999829e+00 2.215646508403236525e-15 1.472863999999999931e-18
3.522696999999999967e+00 2.185442305645546029e-15 1.439185000000000019e-18
3.523362000000000105e+00 2.171893293506839419e-15 1.445478000000000083e-18
3.524026999999999799e+00 2.216839852404799057e-15 1.455162999999999928e-18
3.524691999999999936e+00 2.215951481068196331e-15 1.447746000000000085e-18
3.525357000000000074e+00 2.226422927638269826e-15 1.448573999999999924e-18
3.526022000000000212e+00 2.251593496955415525e-15 1.465494999999999959e-18
3.526686999999999905e+00 2.220219787926205034e-15 1.471034999999999969e-18
3.527352000000000043e+00 2.143748719724444585e-15 1.446052999999999981e-18
3.528017000000000181e+00 2.139669598181122612e-15 1.456830999999999910e-18
3.528681999999999874e+00 2.158759077492641275e-15 1.641319000000000048e-18
3.529347000000000012e+00 nan 1.649189999999999927e-18
3.530012000000000150e+00 2.255217506938856857e-15 1.568426999999999982e-18
3.530676999999999843e+00 2.283651811824928347e-15 2.021461000000000155e-18
3.531341999999999981e+00 2.296454597455770574e-15 1.615402999999999970e-18
3.532007000000000119e+00 2.277721956631072774e-15 1.616019999999999972e-18
3.532671999999999812e+00 2.292019728997217143e-15 1.605412999999999956e-18
3.533336999999999950e+00 2.284672866859941911e-15 1.613426000000000038e-18
3.534002000000000088e+00 2.283622489229672361e-15 1.596940000000000071e-18
3.534666999999999781e+00 2.309742742639235761e-15 1.632221000000000022e-18
3.535331999999999919e+00 2.284357306872306927e-15 1.616358000000000016e-18
3.535997000000000057e+00 2.248308029230451202e-15 1.565433000000000035e-18
3.536662000000000194e+00 2.208741479667733170e-15 1.521224999999999969e-18
3.537326999999999888e+00 2.196184860205675400e-15 1.545445999999999958e-18
3.537992000000000026e+00 2.190293349087177224e-15 1.551999999999999908e-18
3.538657000000000163e+00 2.209703958143192681e-15 1.526018999999999976e-18
3.539321999999999857e+00 2.213654561568103580e-15 1.531330999999999975e-18
3.539986999999999995e+00 2.237559540094455937e-15 1.536842000000000084e-18
3.540652000000000132e+00 2.278342211894664682e-15 1.535638999999999968e-18
3.541316999999999826e+00 2.236025990054410203e-15 1.504297999999999975e-18
3.541981999999999964e+00 2.205312033140584996e-15 1.502025999999999999e-18
3.542647000000000101e+00 2.282759100088007103e-15 1.536287999999999948e-18
3.543311999999999795e+00 2.255500594669254248e-15 1.726625999999999944e-18
3.543976999999999933e+00 nan 3.091777000000000046e-18
3.544642000000000071e+00 nan 1.735821000000000187e-18
3.545307000000000208e+00 2.142934033333129766e-15 1.483788000000000035e-18
3.545971999999999902e+00 2.193928027337567323e-15 1.501435000000000015e-18
3.546637000000000040e+00 2.266532948840231718e-15 1.531987000000000005e-18
3.547302000000000177e+00 2.299063689506984472e-15 1.521744000000000051e-18
3.547966999999999871e+00 2.286727137330193457e-15 1.755522000000000064e-18
3.548632000000000009e+00 2.298005397784792279e-15 1.508970999999999927e-18
3.549297000000000146e+00 2.300256205922758923e-15 1.524837999999999905e-18
3.549961999999999840e+00 2.257746488831207409e-15 1.731458999999999979e-18
3.550626999999999978e+00 2.243573504210767196e-15 1.724824000000000091e-18
3.551292000000000115e+00 2.256208617083901004e-15 1.499301999999999974e-18
3.551956999999999809e+00 2.245606776355673645e-15 1.495092999999999992e-18
3.552621999999999947e+00 2.217248233680520297e-15 1.478078999999999906e-18
3.553287000000000084e+00 2.193594087617710933e-15 1.489767000000000086e-18
3.553952000000000222e+00 2.201110276599854423e-15 1.504228000000000059e-18
3.554616999999999916e+00 2.247384545145636558e-15 1.744460000000000115e-18
3.555282000000000053e+00 2.262531707333662559e-15 1.506055000000000034e-18
3.555947000000000191e+00 2.225246574401216555e-15 1.501915999999999967e-18
3.556611999999999885e+00 2.218809236771005351e-15 1.525626999999999909e-18
3.557277000000000022e+00 2.231959309898930559e-15 1.581995999999999967e-18
3.557942000000000160e+00 2.247063052588605760e-15 1.662947000000000000e-18
3.558606999999999854e+00 2.253579783611178691e-15 1.672570999999999965e-18
3.559271999999999991e+00 2.266073973135891541e-15 1.674141000000000027e-18
3.559937000000000129e+00 2.232532649855620634e-15 1.656851000000000059e-18
3.560601999999999823e+00 2.235130310658151818e-15 1.677056999999999919e-18
3.561266999999999960e+00 2.219076050397043240e-15 1.673606000000000052e-18
3.561932000000000098e+00 2.183047262400647647e-15 1.883740999999999859e-18
3.562596999999999792e+00 2.226669396575722897e-15 1.663554000000000069e-18
3.563261999999999929e+00 nan nan
3.563927000000000067e+00 2.239791192124091447e-15 1.585937999999999911e-18
3.564592000000000205e+00 2.197922765513270694e-15 1.583242000000000084e-18
3.565256999999999898e+00 2.214876133946147421e-15 1.857181999999999953e-18
3.565922000000000036e+00 2.294705175642527453e-15 3.234770999999999826e-18
3.566587000000000174e+00 2.298989634282626042e-15 1.626236000000000011e-18
3.567251999999999867e+00 2.267283233165592557e-15 1.600057000000000060e-18
3.567917000000000005e+00 2.202532917839551159e-15 1.573495999999999974e-18
3.568582000000000143e+00 2.190331031395095825e-15 1.540522000000000052e-18
3.569246999999999836e+00 nan nan
3.569911999999999974e+00 2.209746379029145260e-15 1.636237000000000047e-18
3.570577000000000112e+00 2.168656303704597205e-15 1.606005999999999927e-18
3.571241999999999805e+00 2.201215176165749835e-15 1.571738999999999915e-18
3.571906999999999943e+00 2.230823736686902474e-15 1.581623000000000062e-18
3.572572000000000081e+00 2.228144752541434017e-15 1.558201999999999907e-18
3.573237000000000219e+00 2.280031204732127167e-15 1.540900999999999918e-18
3.573901999999999912e+00 2.285870461752606872e-15 1.562226000000000072e-18
3.574567000000000050e+00 2.276362747279092198e-15 1.588306999999999910e-18
3.575232000000000188e+00 2.221481875857984859e-15 1.556452000000000090e-18
3.575896999999999881e+00 2.203229024990335948e-15 3.478568999999999844e-18
3.576562000000000019e+00 2.219352796860914151e-15 1.827030999999999873e-18
3.577227000000000157e+00 2.223541295598822736e-15 1.526534000000000085e-18
3.577891999999999850e+00 2.282682775372365363e-15 1.548394999999999918e-18
3.578556999999999988e+00 2.242617241960072286e-15 1.507554999999999987e-18
3.579222000000000126e+00 2.234129285592994245e-15 1.479949999999999971e-18
3.579886999999999819e+00 2.294885314179192751e-15 1.478575999999999943e-18
3.580551999999999957e+00 2.261586254893082544e-15 1.857966999999999984e-18
3.581217000000000095e+00 2.209813713145565930e-15 3.496761000000000309e-18
3.581881999999999788e+00 2.198480207320594632e-15 1.880803000000000114e-18
3.582546999999999926e+00 2.219521150727702110e-15 1.453958999999999914e-18
3.583212000000000064e+00 2.259153768595865207e-15 1.430920999999999984e-18
3.583877000000000201e+00 2.272198625967430984e-15 2.800931000000000138e-18
3.584541999999999895e+00 2.275259887140073769e-15 2.746185000000000075e-18
3.585207000000000033e+00 2.273711295128655508e-15 1.414154000000000071e-18
3.585872000000000170e+00 2.213858849972306501e-15 1.409190999999999946e-18
3.586536999999999864e+00 2.219245647129496010e-15 1.641119000000000042e-18
3.587202000000000002e+00 2.213943236291818945e-15 1.399628000000000053e-18
3.587867000000000139e+00 2.230603320090096782e-15 1.378161999999999978e-18
3.588531999999999833e+00 2.269775322421812475e-15 1.435735999999999946e-18
3.589196999999999971e+00 2.287313160552499550e-15 1.485658999999999908e-18
3.589862000000000108e+00 2.304552193318183206e-15 1.495042000000000045e-18
3.590526999999999802e+00 2.306044313498891088e-15 1.474512000000000047e-18
3.591191999999999940e+00 2.264195572723354132e-15 1.457710999999999977e-18
3.591857000000000077e+00 2.260774972973931209e-15 1.429920000000000053e-18
3.592522000000000215e+00 2.270830448575092952e-15 1.417028000000000053e-18
3.593186999999999909e+00 2.236755504822685076e-15 1.394866000000000024e-18
3.593852000000000046e+00 2.226077304911962893e-15 1.418421000000000050e-18
3.594517000000000184e+00 2.247982336182182091e-15 1.397151999999999905e-18
3.595181999999999878e+00 2.220980917472153884e-15 1.368558000000000071e-18
3.595847000000000016e+00 2.230149574741260168e-15 1.400537000000000023e-18
3.596512000000000153e+00 2.220314003138512350e-15 2.878666999999999876e-18
3.597176999999999847e+00 2.178295397866676705e-15 1.402461999999999918e-18
3.597841999999999985e+00 2.163796731259755620e-15 1.375983000000000053e-18
3.598507000000000122e+00 2.245203761095205958e-15 1.418144999999999975e-18
3.599171999999999816e+00 2.263965673761271418e-15 1.408562999999999921e-18
3.599836999999999954e+00 2.259470081319297680e-15 1.416226999999999937e-18
3.600502000000000091e+00 2.204359995934610245e-15 1.393785999999999950e-18
3.601166999999999785e+00 2.139558858527505341e-15 1.563342999999999994e-18
3.601831999999999923e+00 2.128866582683553381e-15 1.393731999999999927e-18
3.602497000000000060e+00 2.117123380037117640e-15 1.417621000000000024e-18
3.603162000000000198e+00 2.164968824935037274e-15 1.433185000000000013e-18
3.603826999999999892e+00 2.243873599035123378e-15 1.432863000000000054e-18
3.604492000000000029e+00 2.293801740848010881e-15 1.458926999999999910e-18
3.605157000000000167e+00 2.325781811740023007e-15 1.496427999999999993e-18
3.605821999999999861e+00 nan nan
3.606486999999999998e+00 nan nan
3.607152000000000136e+00 2.310980477825331608e-15 1.713226000000000077e-18
3.607816999999999830e+00 2.321929966375288122e-15 1.433678000000000076e-18
3.608481999999999967e+00 2.225083441911533066e-15 1.383670999999999908e-18
3.609147000000000105e+00 2.221539007249180478e-15 1.445562999999999994e-18
3.609811999999999799e+00 nan 2.134692999999999847e-18
3.610476999999999936e+00 2.325374755108447163e-15 1.451920999999999910e-18
3.611142000000000074e+00 2.254736766440985613e-15 1.390360999999999908e-18
3.611807000000000212e+00 2.268312624803139262e-15 1.874943000000000131e-18
3.612471999999999905e+00 2.240447918102307854e-15 1.853639000000000125e-18
3.613137000000000043e+00 2.199001301963074249e-15 1.576019000000000095e-18
3.613802000000000181e+00 2.281046657720305253e-15 3.054139000000000016e-18
3.614466999999999874e+00 2.311905925153582615e-15 3.081886999999999939e-18
3.615132000000000012e+00 2.289556041244499072e-15 1.598623000000000049e-18
3.615797000000000150e+00 2.268309170500744571e-15 1.986569000000000002e-18
3.616461999999999843e+00 2.206220404261389643e-15 1.976850000000000000e-18
3.617126999999999981e+00 2.164252364485597197e-15 1.328317000000000071e-18
3.617792000000000119e+00 2.227901810149735505e-15 1.372485999999999917e-18
3.618456999999999812e+00 2.271459153785468754e-15 1.395292000000000056e-18
3.619121999999999950e+00 2.264119795530943853e-15 1.409740000000000019e-18
3.619787000000000088e+00 2.264168019018822133e-15 1.448814000000000047e-18
3.620451999999999781e+00 2.295728013976702152e-15 1.502130000000000072e-18
3.621116999999999919e+00 2.248365099440404934e-15 1.494208999999999951e-18
3.621782000000000057e+00 2.201121606570766292e-15 1.474620999999999990e-18
3.622447000000000195e+00 2.184670064872591121e-15 1.462568000000000043e-18
3.623111999999999888e+00 2.195129237857475844e-15 1.477006000000000074e-18
3.623777000000000026e+00 2.176672755404668510e-15 1.484035000000000015e-18
3.624442000000000164e+00 2.187365592368976798e-15 1.485757000000000021e-18
3.625106999999999857e+00 2.229728738877914659e-15 1.481995999999999922e-18
3.625771999999999995e+00 2.195528579466786295e-15 1.470440999999999909e-18
3.626437000000000133e+00 2.179738296891926003e-15 1.471266000000000057e-18
3.627101999999999826e+00 2.233236941985129553e-15 1.496422000000000033e-18
3.627766999999999964e+00 2.311103589415511428e-15 1.532792000000000094e-18
3.628432000000000102e+00 2.317073978466848904e-15 1.543768999999999940e-18
3.629096999999999795e+00 2.295944346138872964e-15 1.540630999999999995e-18
3.629761999999999933e+00 2.333373038798830031e-15 1.830908999999999862e-18
3.630427000000000071e+00 2.303701284137986946e-15 1.844636999999999840e-18
3.631092000000000208e+00 2.224021202196415930e-15 1.510365999999999910e-18
3.631756999999999902e+00 2.210126278213281485e-15 1.452527999999999980e-18
3.632422000000000040e+00 2.215767648521654292e-15 1.422518999999999911e-18
3.633087000000000177e+00 2.197466619920155450e-15 1.364843000000000049e-18
3.633751999999999871e+00 2.192558771954688953e-15 1.377918999999999971e-18
3.634417000000000009e+00 2.240168747600327036e-15 1.404168999999999928e-18
3.635082000000000146e+00 2.269678315743967365e-15 1.420192000000000016e-18
3.635746999999999840e+00 2.194850894618386955e-15 1.404235999999999960e-18
3.636411999999999978e+00 2.142381834412831482e-15 1.375682999999999947e-18
3.637077000000000115e+00 2.114544280583973474e-15 1.379010999999999965e-18
3.637741999999999809e+00 2.144720186276936875e-15 1.420887999999999969e-18
3.638406999999999947e+00 2.208477620902826042e-15 1.438330999999999970e-18
3.639072000000000084e+00 2.256388720954991661e-15 1.472807999999999921e-18
3.639736999999999778e+00 2.244477807126415728e-15 1.473644999999999988e-18
3.640401999999999916e+00 2.176461184724290799e-15 1.724821999999999911e-18
3.641067000000000053e+00 2.314664768702258292e-15 3.481432999999999893e-18
3.641732000000000191e+00 2.233563396495379455e-15 1.632331000000000054e-18
3.642396999999999885e+00 2.233514032326466717e-15 1.648568999999999952e-18
3.643062000000000022e+00 2.271206431342555997e-15 1.682987999999999907e-18
3.643727000000000160e+00 2.301021371872980827e-15 1.660112999999999942e-18
3.644391999999999854e+00 2.300511563960685320e-15 1.607979000000000078e-18
3.645056999999999992e+00 2.261400567844933298e-15 1.645477000000000084e-18
3.645722000000000129e+00 2.243051381871642885e-15 1.694667000000000051e-18
3.646386999999999823e+00 2.208852553427682599e-15 1.704354999999999972e-18
3.647051999999999961e+00 2.203386982946961732e-15 1.707409999999999992e-18
3.647717000000000098e+00 2.207756497747212091e-15 1.665661000000000092e-18
3.648381999999999792e+00 2.194701663956740961e-15 1.624224999999999922e-18
3.649046999999999930e+00 2.205753647944717705e-15 1.623149999999999910e-18
3.649712000000000067e+00 2.185035456801471687e-15 1.613652999999999960e-18
3.650377000000000205e+00 2.187671930665606867e-15 1.540262000000000063e-18
3.651041999999999899e+00 2.186870297381968975e-15 1.482864000000000070e-18
3.651707000000000036e+00 2.167476564697279851e-15 1.456100000000000094e-18
3.652372000000000174e+00 2.175519725822568881e-15 1.453062999999999954e-18
3.653036999999999868e+00 2.189582483526569072e-15 1.512328000000000039e-18
3.653702000000000005e+00 nan nan
3.654367000000000143e+00 nan nan
3.655031999999999837e+00 2.169093581154079894e-15 1.502710999999999931e-18
3.655696999999999974e+00 2.229699516524424407e-15 1.548710000000000020e-18
3.656362000000000112e+00 2.225782052777702779e-15 1.550933999999999932e-18
3.657026999999999806e+00 2.216006949435012739e-15 1.538123999999999959e-18
3.657691999999999943e+00 2.164428218454796490e-15 1.507468000000000089e-18
3.658357000000000081e+00 2.129159102152414311e-15 1.530173000000000039e-18
3.659022000000000219e+00 2.157757508078815878e-15 1.558726000000000052e-18
3.659686999999999912e+00 2.174552452734394789e-15 1.550342999999999948e-18
3.660352000000000050e+00 2.196069956690957878e-15 1.562123000000000089e-18
3.661017000000000188e+00 2.197622957426058748e-15 1.579316999999999930e-18
3.661681999999999881e+00 2.181847283145402842e-15 1.579060000000000016e-18
3.662347000000000019e+00 2.176321249374566623e-15 1.580939999999999925e-18
3.663012000000000157e+00 2.185477088816340932e-15 1.587326999999999935e-18
3.663676999999999850e+00 2.197754091277917905e-15 1.572815999999999913e-18
3.664341999999999988e+00 2.147772217376069346e-15 1.596495000000000070e-18
3.665007000000000126e+00 2.170369730642937664e-15 1.581698000000000040e-18
3.665671999999999819e+00 2.194215179467267308e-15 1.567334000000000091e-18
3.666336999999999957e+00 2.226689765756446554e-15 1.817614999999999861e-18
3.667002000000000095e+00 2.241727537211435364e-15 1.587483999999999942e-18
3.667666999999999788e+00 2.254762894150278329e-15 1.573806999999999910e-18
3.668331999999999926e+00 2.271514807272594700e-15 1.588207000000000003e-18
3.668997000000000064e+00 2.239851155131075244e-15 1.738735000000000093e-18
3.669662000000000202e+00 2.219942309254038451e-15 1.920237999999999935e-18
3.670326999999999895e+00 2.224050319006154241e-15 2.230209000000000117e-18
3.670992000000000033e+00 2.257824449393602289e-15 2.447341000000000080e-18
3.671657000000000171e+00 nan 3.048533999999999960e-18
3.672321999999999864e+00 2.231439297398871933e-15 2.242293999999999849e-18
3.672987000000000002e+00 2.182921255153370486e-15 1.859714999999999814e-18
3.673652000000000140e+00 2.156388407637474604e-15 1.875221999999999897e-18
3.674316999999999833e+00 2.180476901604750601e-15 1.891416999999999987e-18
3.674981999999999971e+00 2.191349654687256551e-15 1.902215000000000166e-18
3.675647000000000109e+00 2.181821528049644104e-15 1.927036999999999879e-18
3.676311999999999802e+00 2.190332555714024994e-15 1.907925000000000192e-18
3.676976999999999940e+00 2.204596663300100377e-15 1.824071000000000083e-18
3.677642000000000078e+00 2.180716249393890505e-15 1.731612000000000012e-18
3.678307000000000215e+00 2.186387567152990796e-15 1.709386999999999924e-18
3.678971999999999909e+00 2.194442006978424350e-15 1.683688000000000027e-18
3.679637000000000047e+00 2.158867152231482036e-15 1.636923000000000068e-18
3.680302000000000184e+00 2.137792987127296580e-15 1.572009999999999927e-18
3.680966999999999878e+00 2.204603833205253156e-15 1.577910000000000026e-18
3.681632000000000016e+00 2.214229696956118020e-15 1.592086999999999978e-18
3.682297000000000153e+00 2.201703167439083848e-15 1.580950999999999947e-18
3.682961999999999847e+00 2.204583356411788280e-15 1.587072000000000009e-18
3.683626999999999985e+00 2.216277386695018595e-15 1.619063999999999969e-18
3.684292000000000122e+00 2.157953842283474631e-15 1.792451999999999836e-18
3.684956999999999816e+00 2.195709244289312917e-15 1.619826999999999955e-18
3.685621999999999954e+00 2.230738836365178079e-15 1.610767999999999956e-18
3.686287000000000091e+00 2.231603086594904829e-15 1.605408999999999983e-18
3.686951999999999785e+00 2.240057686651074022e-15 1.658448000000000036e-18
3.687616999999999923e+00 2.225670124630236155e-15 1.644759999999999983e-18
3.688282000000000060e+00 2.183912595321279724e-15 1.928717000000000166e-18
3.688947000000000198e+00 2.182972378629586907e-15 1.617276000000000022e-18
3.689611999999999892e+00 2.200740691127169245e-15 1.628775000000000025e-18
3.690277000000000029e+00 2.141006541756375028e-15 3.459558000000000154e-18
3.690942000000000167e+00 2.009037095336142046e-15 3.657413000000000092e-18
3.691606999999999861e+00 nan 3.744338000000000113e-18
3.692271999999999998e+00 2.207291769096403315e-15 2.606448999999999819e-18
3.692937000000000136e+00 2.243071422213341083e-15 2.598849999999999849e-18
3.693601999999999830e+00 2.187140346210504904e-15 1.732105000000000075e-18
3.694266999999999967e+00 nan 1.570767000000000079e-18
3.694932000000000105e+00 2.179312394659452957e-15 1.579164999999999986e-18
3.695596999999999799e+00 2.203763510418822326e-15 1.590574999999999912e-18
3.696261999999999937e+00 2.195951385976180526e-15 1.578123000000000042e-18
3.696927000000000074e+00 2.214333431098754267e-15 1.517743999999999918e-18
3.697592000000000212e+00 2.220772834058383947e-15 1.497248000000000078e-18
3.698256999999999906e+00 2.210556465819279793e-15 1.467336000000000032e-18
3.698922000000000043e+00 2.187368705538267524e-15 1.447084999999999993e-18
3.699587000000000181e+00 nan 2.693330000000000135e-18
3.700251999999999875e+00 2.018988880447649278e-15 3.037033000000000162e-18
3.700917000000000012e+00 2.127070132510112058e-15 3.493291999999999793e-18
3.701582000000000150e+00 2.209468266603326563e-15 1.457084999999999939e-18
3.702246999999999844e+00 2.236737800115296495e-15 1.682779999999999954e-18
3.702911999999999981e+00 nan 1.682203000000000069e-18
3.703577000000000119e+00 2.212249777822999537e-15 2.983271999999999944e-18
3.704241999999999813e+00 2.215816300458477337e-15 1.444790000000000075e-18
3.704906999999999950e+00 2.208008637341464604e-15 1.490646000000000064e-18
3.705572000000000088e+00 2.233741009643325713e-15 1.488094000000000041e-18
3.706236999999999782e+00 2.224090751258745982e-15 1.426966999999999927e-18
3.706901999999999919e+00 2.213081774839472068e-15 1.433796999999999952e-18
3.707567000000000057e+00 2.145502039660885936e-15 1.396754000000000071e-18
3.708232000000000195e+00 2.110544308425043727e-15 1.376613000000000064e-18
3.708896999999999888e+00 2.119950420343469631e-15 1.385562000000000031e-18
3.709562000000000026e+00 2.161227697655687455e-15 1.397439000000000003e-18
3.710227000000000164e+00 2.208299452727080820e-15 1.419328999999999930e-18
3.710891999999999857e+00 2.233401370787013111e-15 1.450222999999999937e-18
3.711556999999999995e+00 2.241554748859526672e-15 1.458213999999999974e-18
3.712222000000000133e+00 2.233615486549491456e-15 1.494060000000000083e-18
3.712886999999999826e+00 2.205747495059553531e-15 1.530906999999999931e-18
3.713551999999999964e+00 2.180123308709033674e-15 1.475264999999999907e-18
3.714217000000000102e+00 2.173021380982501512e-15 1.426736999999999929e-18
3.714881999999999795e+00 2.191592294170277048e-15 1.434862999999999928e-18
3.715546999999999933e+00 2.187968017334333584e-15 1.434022000000000080e-18
3.716212000000000071e+00 2.138205777868781488e-15 1.437872000000000063e-18
3.716877000000000209e+00 2.176243398482745381e-15 1.745282000000000186e-18
3.717541999999999902e+00 2.171227018600768348e-15 1.620735999999999925e-18
3.718207000000000040e+00 2.166998811775876695e-15 1.731892000000000059e-18
3.718872000000000178e+00 2.162036150654096865e-15 1.752786999999999824e-18
3.719536999999999871e+00 nan nan
3.720202000000000009e+00 2.210559100207337037e-15 1.767874999999999924e-18
3.720867000000000147e+00 2.197035216517873669e-15 1.687517000000000055e-18
3.721531999999999840e+00 2.185987408516365158e-15 1.581991999999999994e-18
3.722196999999999978e+00 2.187485151983737927e-15 1.529601000000000024e-18
3.722862000000000116e+00 2.156335697165174926e-15 1.473020000000000040e-18
3.723526999999999809e+00 nan nan
3.724191999999999947e+00 nan nan
3.724857000000000085e+00 2.262467898883361319e-15 1.530721999999999920e-18
3.725521999999999778e+00 2.217045498559757738e-15 1.470546000000000071e-18
3.726186999999999916e+00 2.140129290915680609e-15 1.376645999999999939e-18
3.726852000000000054e+00 2.177130601242987844e-15 1.386149999999999939e-18
3.727517000000000191e+00 2.220229780889699643e-15 1.345418000000000054e-18
3.728181999999999885e+00 2.236185756610348832e-15 1.320520999999999978e-18
3.728847000000000023e+00 2.207363473992104966e-15 1.308868999999999942e-18
3.729512000000000160e+00 2.237273678285566518e-15 1.370228000000000040e-18
3.730176999999999854e+00 2.235012826274712733e-15 1.558707000000000083e-18
3.730841999999999992e+00 2.209755592246899740e-15 1.530291000000000018e-18
3.731507000000000129e+00 2.196521514894198535e-15 1.297894000000000083e-18
3.732171999999999823e+00 2.146334520975742730e-15 1.267855000000000023e-18
3.732836999999999961e+00 2.118040843561756927e-15 1.256337999999999947e-18
3.733502000000000098e+00 2.092454480165877621e-15 1.243002000000000036e-18
3.734166999999999792e+00 2.099682146477321354e-15 1.266701000000000059e-18
3.734831999999999930e+00 2.127937457467910012e-15 1.302733000000000077e-18
3.735497000000000067e+00 2.137091116774519314e-15 1.366688999999999993e-18
3.736162000000000205e+00 2.161495008031811201e-15 1.402837000000000003e-18
3.736826999999999899e+00 2.171179694503463303e-15 1.483593000000000091e-18
3.737492000000000036e+00 2.160402363010942575e-15 1.590985000000000051e-18
3.738157000000000174e+00 2.145355961616630949e-15 1.955990999999999995e-18
3.738821999999999868e+00 nan nan
3.739487000000000005e+00 nan nan
3.740152000000000143e+00 2.244802530881874360e-15 1.727068000000000061e-18
3.740816999999999837e+00 2.220811602377629528e-15 1.738186000000000020e-18
3.741481999999999974e+00 2.198344145579234318e-15 2.609992000000000032e-18
3.742147000000000112e+00 2.149685827575348042e-15 1.715535000000000093e-18
3.742811999999999806e+00 2.144757783709040342e-15 1.709975000000000024e-18
3.743476999999999943e+00 2.184299594995851862e-15 1.619381999999999955e-18
3.744142000000000081e+00 2.196613272301266822e-15 1.484682000000000009e-18
3.744807000000000219e+00 2.129915383242693363e-15 1.403175999999999944e-18
3.745471999999999912e+00 2.070493733818531269e-15 1.364583000000000060e-18
3.746137000000000050e+00 2.130672240205713585e-15 1.393951000000000095e-18
3.746802000000000188e+00 2.208375280670311150e-15 1.381875000000000014e-18
3.747466999999999882e+00 2.198888001584425635e-15 1.328250999999999936e-18
3.748132000000000019e+00 2.163642098332143541e-15 1.313888000000000076e-18
3.748797000000000157e+00 2.172828346820668240e-15 1.294338999999999950e-18
3.749461999999999851e+00 2.210501201949581875e-15 1.819972000000000133e-18
3.750126999999999988e+00 2.214549813131114064e-15 1.305437999999999940e-18
3.750792000000000126e+00 2.194300050302403291e-15 1.296331000000000070e-18
3.751456999999999820e+00 2.199731738306072700e-15 1.500475999999999996e-18
3.752121999999999957e+00 2.215279156112274284e-15 1.312551000000000089e-18
3.752787000000000095e+00 2.199662562990010283e-15 1.329998999999999959e-18
3.753451999999999789e+00 2.157800198677884941e-15 1.310893000000000040e-18
3.754116999999999926e+00 2.155366303530209774e-15 1.312707000000000005e-18
3.754782000000000064e+00 2.171726663773355705e-15 1.306177000000000087e-18
3.755447000000000202e+00 2.159431047507511411e-15 1.307604000000000049e-18
3.756111999999999895e+00 2.121565697650546082e-15 1.308806000000000075e-18
3.756777000000000033e+00 2.118629617863331529e-15 1.314348000000000072e-18
3.757442000000000171e+00 nan nan
3.758106999999999864e+00 2.200237236980207064e-15 1.331816000000000001e-18
3.758772000000000002e+00 2.243102272946138006e-15 1.374493000000000032e-18
3.759437000000000140e+00 2.226790340799584659e-15 1.377765999999999938e-18
3.760101999999999833e+00 2.191435292561462547e-15 1.331058000000000078e-18
3.760766999999999971e+00 2.167650053404539489e-15 1.331406999999999952e-18
3.761432000000000109e+00 2.179597782450972849e-15 1.347645000000000042e-18
3.762096999999999802e+00 2.142929592967172075e-15 1.334282999999999921e-18
3.762761999999999940e+00 2.105932401516882340e-15 1.301935999999999934e-18
3.763427000000000078e+00 2.096399988785866851e-15 1.293495000000000026e-18
3.764092000000000215e+00 2.087333814431250656e-15 1.287665000000000035e-18
3.764756999999999909e+00 2.106172743320678786e-15 1.290541000000000003e-18
3.765422000000000047e+00 2.132168574688042543e-15 1.291705999999999989e-18
3.766087000000000184e+00 2.156824260753089842e-15 1.289723999999999995e-18
3.766751999999999878e+00 2.165028734674593920e-15 1.294218999999999985e-18
3.767417000000000016e+00 2.174795469950884519e-15 1.292498999999999966e-18
3.768082000000000154e+00 2.194983190181173188e-15 1.291496999999999947e-18
3.768746999999999847e+00 2.201485343247945307e-15 1.288398000000000029e-18
3.769411999999999985e+00 2.178495742626748033e-15 1.296159999999999966e-18
3.770077000000000123e+00 2.157625285765386750e-15 1.308019999999999955e-18
3.770741999999999816e+00 2.123069943780238433e-15 1.289136999999999984e-18
3.771406999999999954e+00 2.155198625095701692e-15 1.279322999999999945e-18
3.772072000000000092e+00 2.177895387908106728e-15 1.286833000000000030e-18
3.772736999999999785e+00 2.146776848551501813e-15 1.282994000000000070e-18
3.773401999999999923e+00 2.104191228873788799e-15 1.259869999999999945e-18
3.774067000000000061e+00 2.077251432245737626e-15 1.239857000000000043e-18
3.774732000000000198e+00 2.137000801480813866e-15 1.274107999999999969e-18
3.775396999999999892e+00 2.220319112547907048e-15 1.297475999999999998e-18
3.776062000000000030e+00 2.251678635430199956e-15 1.313942999999999996e-18
3.776727000000000167e+00 2.225679416553648157e-15 1.499718000000000073e-18
3.777391999999999861e+00 2.212887581068853272e-15 1.857573000000000123e-18
3.778056999999999999e+00 nan nan
3.778722000000000136e+00 2.175691215199350118e-15 1.669758999999999953e-18
3.779386999999999830e+00 2.147850173753029770e-15 1.593184000000000035e-18
3.780051999999999968e+00 2.156656259307032342e-15 1.285584999999999927e-18
3.780717000000000105e+00 2.146849906130620086e-15 1.289436000000000000e-18
3.781381999999999799e+00 2.168883604621455623e-15 1.300028999999999918e-18
3.782046999999999937e+00 2.171174103739273845e-15 1.294351000000000062e-18
3.782712000000000074e+00 2.206659694384559814e-15 1.302357000000000095e-18
3.783377000000000212e+00 2.226828078349599535e-15 1.306574000000000024e-18
3.784041999999999906e+00 2.180230337750873020e-15 1.287661999999999959e-18
3.784707000000000043e+00 2.169905735237107301e-15 1.301396999999999986e-18
3.785372000000000181e+00 2.200132166451752677e-15 1.325901999999999996e-18
3.786036999999999875e+00 2.204821570434431927e-15 1.355892999999999993e-18
3.786702000000000012e+00 2.154576035349147786e-15 1.328975999999999984e-18
3.787367000000000150e+00 2.129946968303803097e-15 1.310880999999999927e-18
3.788031999999999844e+00 2.152362166009145715e-15 1.340377999999999964e-18
3.788696999999999981e+00 2.204540694565906802e-15 3.104982999999999866e-18
3.789362000000000119e+00 2.179000618302853715e-15 1.361324999999999957e-18
3.790026999999999813e+00 2.158662659033561546e-15 1.319995000000000039e-18
3.790691999999999950e+00 2.148841520501329141e-15 1.333126999999999971e-18
3.791357000000000088e+00 2.142883335311214320e-15 1.328274999999999968e-18
3.792021999999999782e+00 2.141861171672560488e-15 1.343374000000000090e-18
3.792686999999999919e+00 2.146027756378240479e-15 1.349730999999999917e-18
3.793352000000000057e+00 2.159794127037888026e-15 1.349305999999999975e-18
3.794017000000000195e+00 2.180848760518859607e-15 1.371608999999999925e-18
3.794681999999999888e+00 2.195369456969541246e-15 1.398209000000000038e-18
3.795347000000000026e+00 2.166543663499105776e-15 1.398231999999999980e-18
3.796012000000000164e+00 2.121582480246160101e-15 1.381063000000000068e-18
3.796676999999999857e+00 2.133799255161969531e-15 1.403891000000000059e-18
3.797341999999999995e+00 2.178958397970746536e-15 1.433923999999999967e-18
3.798007000000000133e+00 2.211265200131414182e-15 1.436303000000000091e-18
3.798671999999999827e+00 2.184919844972705453e-15 2.310975000000000139e-18
3.799336999999999964e+00 2.105712674609633330e-15 2.246764000000000104e-18
3.800002000000000102e+00 2.052313456898913019e-15 2.226164999999999895e-18
3.800666999999999796e+00 2.106440518457707779e-15 2.234144000000000012e-18
3.801331999999999933e+00 2.174532461902808043e-15 1.408814999999999964e-18
3.801997000000000071e+00 2.167195119014507905e-15 1.415715999999999994e-18
3.802662000000000209e+00 2.165042388871440341e-15 1.426573999999999964e-18
3.803326999999999902e+00 2.175167408811867674e-15 1.441535999999999946e-18
3.803992000000000040e+00 nan nan
3.804657000000000178e+00 nan nan
3.805321999999999871e+00 nan nan
3.805987000000000009e+00 2.105255265944771257e-15 1.399153000000000061e-18
3.806652000000000147e+00 2.083867228508909892e-15 1.361423000000000070e-18
3.807316999999999840e+00 2.075920190067040932e-15 1.355191999999999976e-18
3.807981999999999978e+00 2.054885147904644460e-15 1.336699999999999982e-18
3.808647000000000116e+00 2.080502204244167697e-15 1.354305000000000052e-18
3.809311999999999809e+00 2.138404754244876437e-15 1.361216000000000014e-18
3.809976999999999947e+00 2.150716405550582930e-15 1.371739000000000016e-18
3.810642000000000085e+00 2.121186020945100317e-15 1.374046000000000046e-18
3.811306999999999778e+00 2.075204275629964101e-15 1.366333999999999967e-18
3.811971999999999916e+00 nan 1.379165000000000087e-18
3.812637000000000054e+00 2.137390052714144771e-15 1.395952999999999955e-18
3.813302000000000191e+00 2.179088411242778930e-15 1.402190000000000009e-18
3.813966999999999885e+00 2.221455710462168750e-15 1.449861999999999951e-18
3.814632000000000023e+00 2.187849957983267482e-15 1.443377000000000020e-18
3.815297000000000160e+00 2.119820004639028490e-15 1.475249999999999912e-18
3.815961999999999854e+00 2.110088615756040930e-15 1.492688000000000042e-18
3.816626999999999992e+00 2.128631831921688540e-15 1.512977999999999916e-18
3.817292000000000129e+00 2.157494344535395524e-15 1.522591000000000051e-18
3.817956999999999823e+00 2.153781441120350316e-15 1.513212000000000080e-18
3.818621999999999961e+00 2.134466793211877091e-15 1.524044000000000031e-18
3.819287000000000099e+00 2.154105315294760901e-15 1.562007999999999993e-18
3.819951999999999792e+00 nan 1.571764000000000036e-18
3.820616999999999930e+00 2.145990434750064322e-15 1.593528000000000038e-18
3.821282000000000068e+00 2.143768771435053899e-15 2.978904999999999866e-18
3.821947000000000205e+00 2.176752116476324128e-15 2.213434000000000066e-18
3.822611999999999899e+00 2.103662867298164638e-15 1.751334000000000037e-18
3.823277000000000037e+00 2.087525367722640083e-15 1.674767999999999962e-18
3.823942000000000174e+00 2.120765150315275391e-15 1.521080999999999972e-18
3.824606999999999868e+00 2.136554625769318388e-15 2.042634000000000174e-18
3.825272000000000006e+00 2.125888444970860861e-15 1.508052000000000024e-18
3.825937000000000143e+00 2.112424331718735162e-15 1.670527000000000001e-18
3.826601999999999837e+00 2.111554323084968145e-15 2.964981999999999944e-18
3.827266999999999975e+00 2.115716594075494279e-15 1.685075000000000064e-18
3.827932000000000112e+00 2.121276986713000193e-15 1.465498000000000035e-18
3.828596999999999806e+00 nan 1.624175000000000065e-18
3.829261999999999944e+00 2.107452481976048354e-15 2.041846999999999964e-18
3.829927000000000081e+00 2.069731438442152303e-15 1.381310999999999945e-18
3.830592000000000219e+00 nan 1.398635000000000069e-18
3.831256999999999913e+00 2.085395241015083724e-15 1.413967000000000074e-18
3.831922000000000050e+00 2.090644687371427043e-15 1.418356000000000005e-18
3.832587000000000188e+00 2.124231226020279546e-15 2.117468999999999822e-18
3.833251999999999882e+00 2.128553354448762571e-15 2.114419000000000058e-18
3.833917000000000019e+00 2.107878983444113892e-15 1.390997999999999969e-18
3.834582000000000157e+00 2.101815078397733179e-15 1.390691000000000006e-18
3.835246999999999851e+00 2.096930457547263668e-15 1.412363000000000047e-18
3.835911999999999988e+00 2.081763947484801617e-15 1.437236999999999989e-18
3.836577000000000126e+00 2.107614312564507481e-15 2.158770000000000031e-18
3.837241999999999820e+00 nan 2.184835999999999874e-18
3.837906999999999957e+00 2.125983583791829183e-15 2.180204000000000128e-18
3.838572000000000095e+00 2.142835406173073604e-15 1.465868999999999954e-18
3.839236999999999789e+00 2.145757029075710734e-15 1.483822000000000000e-18
3.839901999999999926e+00 2.122238869504814018e-15 1.489315000000000037e-18
3.840567000000000064e+00 nan nan
3.841232000000000202e+00 2.178213780695034241e-15 1.787622999999999967e-18
3.841896999999999895e+00 2.087364861613398808e-15 1.452845000000000068e-18
3.842562000000000033e+00 nan nan
3.843227000000000171e+00 nan nan
3.843891999999999864e+00 2.165037278174703138e-15 1.525644999999999981e-18
3.844557000000000002e+00 2.177086568523327197e-15 1.524915999999999960e-18
3.845222000000000140e+00 2.156678269610810825e-15 1.514102000000000081e-18
3.845886999999999833e+00 2.111365229394336166e-15 1.503415999999999920e-18
3.846551999999999971e+00 2.090957660639687690e-15 1.479525000000000029e-18
3.847217000000000109e+00 2.093734900641095533e-15 1.495388000000000035e-18
3.847881999999999802e+00 2.108488406636302584e-15 1.534213000000000096e-18
3.848546999999999940e+00 2.079997253009360365e-15 1.878231999999999929e-18
3.849212000000000078e+00 2.094183873326599749e-15 1.561407999999999973e-18
3.849877000000000216e+00 2.100499721195937750e-15 1.556054000000000063e-18
3.850541999999999909e+00 2.084281360875528093e-15 1.568275999999999936e-18
3.851207000000000047e+00 2.102005393876860917e-15 1.570603999999999921e-18
3.851872000000000185e+00 2.095725172670659327e-15 1.541661999999999917e-18
3.852536999999999878e+00 2.056115340610090451e-15 1.539533999999999939e-18
3.853202000000000016e+00 2.042009468717686010e-15 1.717564999999999958e-18
3.853867000000000154e+00 2.091482951531341600e-15 1.512507000000000090e-18
3.854531999999999847e+00 2.121738966557761883e-15 1.526329000000000016e-18
3.855196999999999985e+00 2.106844565548711235e-15 1.534593999999999948e-18
3.855862000000000123e+00 2.114920063768963277e-15 1.538054999999999941e-18
3.856526999999999816e+00 2.126339047566595568e-15 1.535610999999999964e-18
3.857191999999999954e+00 2.124765659244158055e-15 1.536758000000000070e-18
3.857857000000000092e+00 2.114451849487764152e-15 1.529199000000000024e-18
3.858521999999999785e+00 nan nan
3.859186999999999923e+00 nan nan
3.859852000000000061e+00 2.188956795072373413e-15 1.821961000000000177e-18
3.860517000000000198e+00 2.184908694138007820e-15 1.513826000000000006e-18
3.861181999999999892e+00 2.179422540249583519e-15 1.499127999999999986e-18
3.861847000000000030e+00 2.189041425777160036e-15 1.535285999999999929e-18
3.862512000000000167e+00 2.134610136339224078e-15 1.519957000000000000e-18
3.863176999999999861e+00 2.044572381134287294e-15 1.511296000000000028e-18
3.863841999999999999e+00 2.044291917419034850e-15 1.521813999999999967e-18
3.864507000000000136e+00 2.098961317001134473e-15 1.509506000000000094e-18
3.865171999999999830e+00 2.106701157726316586e-15 2.220162000000000004e-18
3.865836999999999968e+00 2.084921341006108584e-15 1.865135999999999949e-18
3.866502000000000105e+00 2.107706076277886828e-15 1.625828000000000051e-18
3.867166999999999799e+00 2.127921999582253293e-15 1.620314999999999956e-18
3.867831999999999937e+00 2.106473257664540504e-15 1.712912999999999962e-18
3.868497000000000074e+00 2.076611044771572943e-15 1.784589000000000096e-18
3.869162000000000212e+00 2.078162026507334769e-15 1.785510999999999882e-18
3.869826999999999906e+00 2.107108734347549581e-15 1.804907999999999872e-18
3.870492000000000044e+00 2.133332566369699809e-15 1.687115000000000055e-18
3.871157000000000181e+00 2.089805794956193666e-15 1.852428999999999960e-18
3.871821999999999875e+00 2.048182802221069800e-15 3.228752000000000043e-18
3.872487000000000013e+00 2.035985765642513156e-15 3.260811999999999933e-18
3.873152000000000150e+00 2.077659850840380572e-15 1.535388999999999912e-18
3.873816999999999844e+00 2.099493314214958284e-15 1.547171000000000039e-18
3.874481999999999982e+00 2.091417217849246946e-15 1.743900000000000019e-18
3.875147000000000119e+00 2.129906131548361038e-15 1.532845000000000028e-18
3.875811999999999813e+00 2.121895800295499005e-15 2.936713000000000145e-18
3.876476999999999951e+00 2.107859469608208283e-15 2.083321999999999968e-18
3.877142000000000088e+00 2.046641716918812397e-15 2.993757999999999905e-18
3.877806999999999782e+00 nan 2.076253999999999999e-18
3.878471999999999920e+00 2.096351504131228629e-15 1.603107000000000016e-18
3.879137000000000057e+00 2.099052122017848286e-15 1.652491999999999927e-18
3.879802000000000195e+00 2.105578348810054690e-15 1.578497999999999934e-18
3.880466999999999889e+00 2.108277827654126865e-15 1.413947000000000015e-18
3.881132000000000026e+00 2.114918663332045817e-15 1.459468999999999934e-18
3.881797000000000164e+00 2.118812187172698268e-15 1.475107000000000004e-18
3.882461999999999858e+00 2.120782048322172673e-15 1.475540999999999982e-18
3.883126999999999995e+00 2.113195319721444692e-15 1.483410000000000067e-18
3.883792000000000133e+00 2.125680910160984516e-15 1.492202999999999925e-18
3.884456999999999827e+00 2.131249064474303725e-15 1.494685999999999929e-18
3.885121999999999964e+00 2.112193046494241351e-15 1.488760000000000004e-18
3.885787000000000102e+00 2.071503811788262416e-15 1.485125999999999920e-18
3.886451999999999796e+00 2.072639001030342542e-15 1.510580000000000016e-18
3.887116999999999933e+00 2.028747136157036691e-15 1.701000000000000039e-18
3.887782000000000071e+00 2.036655148397105176e-15 1.514216999999999983e-18
3.888447000000000209e+00 2.065194267243443460e-15 1.502343999999999985e-18
3.889111999999999902e+00 2.094522338909579596e-15 1.529919000000000010e-18
3.889777000000000040e+00 2.096373051686813806e-15 1.547698000000000067e-18
3.890442000000000178e+00 2.071548930593578489e-15 1.512190000000000002e-18
3.891106999999999871e+00 2.031924407918760192e-15 1.462231999999999986e-18
3.891772000000000009e+00 1.987801264259098530e-15 1.459550999999999961e-18
3.892437000000000147e+00 1.974114299539623201e-15 1.447890000000000082e-18
3.893101999999999840e+00 2.000124179730691845e-15 1.442210999999999944e-18
3.893766999999999978e+00 2.045508050870118250e-15 1.724441999999999957e-18
3.894432000000000116e+00 2.086469247395408382e-15 1.478655999999999984e-18
3.895096999999999809e+00 2.083560441510452287e-15 1.420590999999999939e-18
3.895761999999999947e+00 2.095022727011225110e-15 1.977526999999999985e-18
3.896427000000000085e+00 2.122373177443328659e-15 2.013164999999999949e-18
3.897091999999999778e+00 nan nan
3.897756999999999916e+00 2.087765719975458521e-15 1.786646999999999966e-18
3.898422000000000054e+00 2.071066366876926704e-15 1.572989000000000005e-18
3.899087000000000192e+00 2.019533652816479985e-15 2.153296999999999860e-18
3.899751999999999885e+00 2.081840077035274061e-15 2.025223000000000151e-18
3.900417000000000023e+00 2.099691739268620321e-15 1.415990999999999979e-18
3.901082000000000161e+00 2.073950657304660277e-15 1.413754999999999955e-18
3.901746999999999854e+00 2.071246639797742469e-15 1.691012000000000012e-18
3.902411999999999992e+00 2.086453465854101654e-15 1.425283999999999950e-18
3.903077000000000130e+00 2.102257064814501826e-15 1.427147999999999965e-18
3.903741999999999823e+00 2.077527119010312644e-15 1.420008999999999991e-18
3.904406999999999961e+00 2.034198911201431609e-15 1.411338000000000086e-18
3.905072000000000099e+00 2.039687085970665684e-15 2.223811999999999981e-18
3.905736999999999792e+00 2.059904825407625851e-15 1.894491999999999872e-18
3.906401999999999930e+00 2.062697314908035248e-15 1.664663999999999942e-18
3.907067000000000068e+00 2.112028261745309042e-15 1.777410000000000005e-18
3.907732000000000205e+00 2.086225067427875316e-15 2.033881000000000048e-18
3.908396999999999899e+00 2.059357443422443916e-15 1.766030999999999967e-18
3.909062000000000037e+00 2.059883830760420455e-15 1.857034000000000175e-18
3.909727000000000174e+00 2.035242856081175871e-15 1.915885999999999852e-18
3.910391999999999868e+00 2.026777680783161183e-15 2.139078999999999894e-18
3.911057000000000006e+00 2.019667745665894403e-15 2.129071000000000001e-18
3.911722000000000143e+00 2.012229694499118307e-15 1.863725000000000073e-18
3.912386999999999837e+00 2.036762459838654613e-15 1.783748000000000055e-18
3.913051999999999975e+00 2.046486220911985664e-15 1.634337000000000081e-18
3.913717000000000112e+00 2.024419131497859137e-15 1.640846999999999940e-18
3.914381999999999806e+00 2.006295274376932358e-15 1.582278000000000002e-18
3.915046999999999944e+00 1.998701783493134455e-15 1.476808999999999951e-18
3.915712000000000081e+00 2.049385457247007956e-15 1.387961000000000021e-18
3.916377000000000219e+00 2.097408329956197119e-15 1.408334999999999910e-18
3.917041999999999913e+00 2.085581267596402775e-15 1.460814000000000060e-18
3.917707000000000050e+00 2.049623821465464208e-15 2.975843000000000182e-18
3.918372000000000188e+00 nan nan
3.919036999999999882e+00 nan nan
3.919702000000000019e+00 nan nan
3.920367000000000157e+00 1.838564200891710691e-15 2.743942000000000001e-18
3.921031999999999851e+00 2.059326793698268339e-15 1.721906000000000019e-18
3.921696999999999989e+00 2.078593205426682571e-15 1.297040000000000033e-18
3.922362000000000126e+00 2.069609497351505031e-15 1.282317000000000085e-18
3.923026999999999820e+00 2.073116448758536756e-15 1.286831000000000044e-18
3.923691999999999958e+00 2.046719850211356626e-15 1.277013999999999929e-18
3.924357000000000095e+00 2.040603204351738051e-15 1.258515000000000078e-18
3.925021999999999789e+00 2.072374621005809235e-15 1.280687000000000040e-18
3.925686999999999927e+00 2.070389273463400163e-15 1.294979000000000087e-18
3.926352000000000064e+00 2.025282497797723590e-15 1.294781000000000067e-18
3.927017000000000202e+00 2.018664553062642732e-15 1.295886000000000070e-18
3.927681999999999896e+00 2.056612446418410619e-15 1.296124000000000014e-18
3.928347000000000033e+00 2.089195463216176184e-15 1.311308000000000049e-18
3.929012000000000171e+00 2.109961747391811824e-15 1.328601000000000092e-18
3.929676999999999865e+00 2.075305755712664207e-15 1.968444999999999851e-18
3.930342000000000002e+00 2.028519575343020933e-15 1.943533000000000165e-18
3.931007000000000140e+00 2.018656044815685678e-15 1.329613999999999942e-18
3.931671999999999834e+00 2.031311815974944847e-15 1.345308000000000022e-18
3.932336999999999971e+00 2.028749682459978068e-15 1.343616999999999905e-18
3.933002000000000109e+00 2.003268480639231925e-15 1.418698999999999919e-18
3.933666999999999803e+00 2.010128882539021784e-15 1.399527999999999954e-18
3.934331999999999940e+00 2.039202266012121627e-15 1.781220000000000064e-18
3.934997000000000078e+00 nan nan
3.935662000000000216e+00 2.030258271844233632e-15 1.389492000000000056e-18
3.936326999999999909e+00 2.034588639840874569e-15 1.332702000000000029e-18
3.936992000000000047e+00 2.067941221792665907e-15 1.350693000000000013e-18
3.937657000000000185e+00 2.058360819272284526e-15 1.350971999999999971e-18
3.938321999999999878e+00 2.027964259437587085e-15 1.343887000000000020e-18
3.938987000000000016e+00 2.018918247519891914e-15 1.342451000000000022e-18
3.939652000000000154e+00 2.007944088352984350e-15 1.337141000000000010e-18
3.940316999999999847e+00 1.985407097027914258e-15 1.331492000000000056e-18
3.940981999999999985e+00 1.968725488173108552e-15 1.314479000000000060e-18
3.941647000000000123e+00 2.023955253071909092e-15 1.335693000000000093e-18
3.942311999999999816e+00 2.054006056565889234e-15 1.350055999999999952e-18
3.942976999999999954e+00 2.068182474557723518e-15 1.345839999999999920e-18
3.943642000000000092e+00 2.083738665142948358e-15 1.356702000000000055e-18
3.944306999999999785e+00 2.058796539609929264e-15 1.341834999999999917e-18
3.944971999999999923e+00 2.033441557318552407e-15 1.326002999999999992e-18
3.945637000000000061e+00 2.022728353773730647e-15 1.326167999999999945e-18
3.946302000000000199e+00 2.015088677807213610e-15 1.348948000000000066e-18
3.946966999999999892e+00 2.010120710487424022e-15 1.331455999999999912e-18
3.947632000000000030e+00 2.009035321767708761e-15 1.323086999999999907e-18
3.948297000000000168e+00 2.023593850567519068e-15 1.340544000000000006e-18
3.948961999999999861e+00 2.029110436047465950e-15 1.339554999999999995e-18
3.949626999999999999e+00 2.019594624891280868e-15 1.339515000000000071e-18
3.950292000000000137e+00 2.007904697981728256e-15 1.334414999999999998e-18
3.950956999999999830e+00 nan nan
3.951621999999999968e+00 nan nan
3.952287000000000106e+00 1.959220135199305204e-15 1.303477999999999991e-18
3.952951999999999799e+00 1.981993009206010648e-15 1.315537999999999987e-18
3.953616999999999937e+00 2.005774440538047945e-15 1.337320999999999958e-18
3.954282000000000075e+00 2.000372852025094771e-15 1.358802000000000029e-18
3.954947000000000212e+00 1.980089980678499855e-15 1.341858999999999949e-18
3.955611999999999906e+00 2.014646953306769493e-15 1.356721999999999921e-18
3.956277000000000044e+00 2.025348158794796060e-15 1.379889999999999943e-18
3.956942000000000181e+00 1.980419873005033846e-15 1.337070000000000004e-18
3.957606999999999875e+00 1.999034433225293758e-15 1.320679999999999971e-18
3.958272000000000013e+00 2.017365647499610575e-15 1.312755999999999966e-18
3.958937000000000150e+00 1.995076659881296035e-15 1.312551999999999986e-18
3.959601999999999844e+00 2.003992412326017131e-15 1.311852000000000059e-18
3.960266999999999982e+00 2.031965964363622456e-15 1.322080000000000017e-18
3.960932000000000119e+00 2.063849862575528920e-15 1.322274000000000064e-18
3.961596999999999813e+00 2.043771902422609717e-15 1.305873000000000008e-18
3.962261999999999951e+00 2.007676779183820944e-15 1.281530000000000067e-18
3.962927000000000088e+00 1.974927278618771236e-15 1.267240000000000007e-18
3.963591999999999782e+00 1.940243264393031046e-15 1.247745999999999993e-18
3.964256999999999920e+00 1.930876697607773914e-15 1.236648999999999990e-18
3.964922000000000057e+00 1.963660338903273880e-15 1.251629000000000044e-18
3.965587000000000195e+00 nan 2.944405000000000165e-18
3.966251999999999889e+00 nan nan
3.966917000000000026e+00 nan 1.481144999999999948e-18
3.967582000000000164e+00 1.995086396491502963e-15 1.376374999999999927e-18
3.968246999999999858e+00 nan nan
3.968911999999999995e+00 1.974414078743193634e-15 1.619895999999999974e-18
3.969577000000000133e+00 1.977128157781645608e-15 1.223878000000000045e-18
3.970241999999999827e+00 1.965687337119399743e-15 1.191724000000000015e-18
3.970906999999999965e+00 1.935741681318243240e-15 1.185869000000000095e-18
3.971572000000000102e+00 1.965284447017609037e-15 1.377434999999999943e-18
3.972236999999999796e+00 1.986446401146985239e-15 1.204975000000000015e-18
3.972901999999999934e+00 1.995269909866580146e-15 1.226664000000000039e-18
3.973567000000000071e+00 1.995012228681134260e-15 1.254381999999999971e-18
3.974232000000000209e+00 1.957496229517766021e-15 1.336939999999999913e-18
3.974896999999999903e+00 1.952054767746065997e-15 1.423026999999999970e-18
3.975562000000000040e+00 1.983476713503520053e-15 1.357390999999999960e-18
3.976227000000000178e+00 1.998247146255842304e-15 1.330578999999999921e-18
3.976891999999999872e+00 1.966551198226072071e-15 2.777452999999999884e-18
3.977557000000000009e+00 1.941401418294387757e-15 1.311340999999999923e-18
3.978222000000000147e+00 1.933439938223232932e-15 1.522941999999999912e-18
3.978886999999999841e+00 1.913915162756921969e-15 1.344102000000000022e-18
3.979551999999999978e+00 1.899956226376265769e-15 1.342898000000000009e-18
3.980217000000000116e+00 1.907774860191543857e-15 1.330699999999999976e-18
3.980881999999999810e+00 1.910655083362306091e-15 1.317086000000000003e-18
3.981546999999999947e+00 1.940496185093921556e-15 1.377890000000000069e-18
3.982212000000000085e+00 1.951093645724044989e-15 1.944270000000000132e-18
3.982876999999999779e+00 1.924040020796702970e-15 1.591372000000000055e-18
3.983541999999999916e+00 1.912138602805389948e-15 1.496459999999999971e-18
3.984207000000000054e+00 1.962193707069455656e-15 2.860233999999999968e-18
3.984872000000000192e+00 1.965607757717011705e-15 1.511687000000000005e-18
3.985536999999999885e+00 1.953581399720782514e-15 1.500150999999999961e-18
3.986202000000000023e+00 1.943506342308442256e-15 1.638569000000000005e-18
3.986867000000000161e+00 1.929004953428906872e-15 1.643243000000000047e-18
3.987531999999999854e+00 1.891866276372900381e-15 1.625742999999999947e-18
3.988196999999999992e+00 1.898730583063800353e-15 1.640113000000000049e-18
3.988862000000000130e+00 1.957525120013613541e-15 1.738617999999999819e-18
3.989526999999999823e+00 1.931447715787647514e-15 1.777398000000000085e-18
3.990191999999999961e+00 1.885933028121062802e-15 1.740870000000000121e-18
3.990857000000000099e+00 1.911201181273191287e-15 1.779145999999999916e-18
3.991521999999999792e+00 1.893129266616934304e-15 2.488817999999999879e-18
3.992186999999999930e+00 1.910304900422609161e-15 1.838042999999999966e-18
3.992852000000000068e+00 1.923693694915455047e-15 2.504593000000000090e-18
3.993517000000000206e+00 1.911231826355373637e-15 1.800976000000000053e-18
3.994181999999999899e+00 1.951280537151155777e-15 1.677007000000000062e-18
3.994847000000000037e+00 1.987861250117987651e-15 1.689948999999999920e-18
3.995512000000000175e+00 1.967554861819128340e-15 1.683024000000000051e-18
3.996176999999999868e+00 1.913192771692866046e-15 1.636871000000000032e-18
3.996842000000000006e+00 1.897659898202580204e-15 1.658180999999999998e-18
3.997507000000000144e+00 1.920908249387875302e-15 1.728216000000000065e-18
3.998171999999999837e+00 1.909197976586431930e-15 2.061995000000000020e-18
3.998836999999999975e+00 1.879178752981783117e-15 1.630665999999999956e-18
3.999502000000000113e+00 1.860318295320569539e-15 1.622436000000000077e-18
4.000167000000000250e+00 nan 1.958781999999999859e-18
4.000831999999999944e+00 1.902889550935143451e-15 2.808381000000000048e-18
4.001496999999999638e+00 1.890960927684533198e-15 2.230456000000000098e-18
4.002162000000000219e+00 1.879760486045867757e-15 2.076563000000000142e-18
4.002826999999999913e+00 1.912095968999007283e-15 2.009641999999999987e-18
4.003491999999999607e+00 1.920857173360202265e-15 1.680515999999999925e-18
4.004157000000000188e+00 1.861073700633758437e-15 1.471197999999999935e-18
4.004821999999999882e+00 1.815894607483776650e-15 1.361541000000000049e-18
4.005486999999999576e+00 1.833023439216787069e-15 1.419414999999999931e-18
4.006152000000000157e+00 1.843668717842471413e-15 1.672305999999999913e-18
4.006816999999999851e+00 1.807862791780020107e-15 1.732397000000000043e-18
4.007482000000000433e+00 1.801468517410602668e-15 1.730725000000000087e-18
4.008147000000000126e+00 1.828355946098219349e-15 2.061779999999999825e-18
4.008811999999999820e+00 1.862835280125175043e-15 3.041088000000000022e-18
4.009477000000000402e+00 1.858412966583250559e-15 2.842567000000000122e-18
4.010142000000000095e+00 1.857646448248856162e-15 2.886264999999999949e-18
4.010806999999999789e+00 1.899182975519043344e-15 2.949114000000000068e-18
4.011472000000000371e+00 1.905029112622109236e-15 3.014713999999999935e-18
4.012137000000000064e+00 1.893261771266316207e-15 3.157436999999999895e-18
4.012801999999999758e+00 nan nan
4.013467000000000340e+00 nan nan
4.014132000000000033e+00 nan nan
4.014796999999999727e+00 nan nan
4.015462000000000309e+00 nan nan
4.016127000000000002e+00 nan nan
4.016791999999999696e+00 nan nan
4.017457000000000278e+00 nan nan
4.018121999999999971e+00 nan nan
4.018786999999999665e+00 nan nan
4.019452000000000247e+00 nan nan
4.020116999999999940e+00 nan nan
4.020781999999999634e+00 nan nan
4.021447000000000216e+00 nan nan
4.022111999999999910e+00 nan nan
4.022776999999999603e+00 nan nan
4.023442000000000185e+00 nan nan
4.024106999999999879e+00 nan nan
4.024771999999999572e+00 nan nan
4.025437000000000154e+00 nan nan
4.026101999999999848e+00 nan nan
4.026767000000000429e+00 nan nan
4.027432000000000123e+00 nan nan
4.028096999999999817e+00 nan nan
4.028762000000000398e+00 nan nan
4.029427000000000092e+00 nan nan
4.030091999999999786e+00 nan nan
4.030757000000000367e+00 nan nan
4.031422000000000061e+00 nan nan
4.032086999999999755e+00 nan nan
4.032752000000000336e+00 nan nan
4.033417000000000030e+00 nan nan
4.034081999999999724e+00 nan nan
4.034747000000000305e+00 nan nan
4.035411999999999999e+00 nan nan
4.036076999999999693e+00 nan nan
4.036742000000000274e+00 nan nan
4.037406999999999968e+00 nan nan
4.038071999999999662e+00 nan nan
4.038737000000000243e+00 nan nan
4.039401999999999937e+00 nan nan
4.040066999999999631e+00 nan nan
4.040732000000000212e+00 nan nan
4.041396999999999906e+00 nan nan
4.042061999999999600e+00 nan nan
4.042727000000000182e+00 nan nan
4.043391999999999875e+00 nan nan
4.044056999999999569e+00 nan nan
4.044722000000000151e+00 nan nan
4.045386999999999844e+00 nan nan
4.046052000000000426e+00 nan nan
4.046717000000000120e+00 nan nan
4.047381999999999813e+00 nan nan
4.048047000000000395e+00 nan nan
4.048712000000000089e+00 nan nan
4.049376999999999782e+00 nan nan
4.050042000000000364e+00 nan nan
4.050707000000000058e+00 nan nan
4.051371999999999751e+00 nan nan
4.052037000000000333e+00 nan nan
4.052702000000000027e+00 nan nan
4.053366999999999720e+00 nan nan
4.054032000000000302e+00 nan nan
4.054696999999999996e+00 nan nan
4.055361999999999689e+00 nan nan
4.056027000000000271e+00 nan nan
4.056691999999999965e+00 nan nan
4.057356999999999658e+00 nan nan
4.058022000000000240e+00 nan nan
4.058686999999999934e+00 nan nan
4.059351999999999627e+00 nan nan
4.060017000000000209e+00 nan nan
4.060681999999999903e+00 nan nan
4.061346999999999596e+00 nan nan
4.062012000000000178e+00 nan nan
4.062676999999999872e+00 nan nan
4.063341999999999565e+00 nan nan
4.064007000000000147e+00 nan nan
4.064671999999999841e+00 nan nan
4.065337000000000423e+00 nan nan
4.066002000000000116e+00 nan nan
4.066666999999999810e+00 nan nan
4.067332000000000392e+00 nan nan
4.067997000000000085e+00 nan nan
4.068661999999999779e+00 nan nan
4.069327000000000361e+00 nan nan
4.069992000000000054e+00 nan nan
4.070656999999999748e+00 nan nan
4.071322000000000330e+00 nan nan
4.071987000000000023e+00 nan nan
4.072651999999999717e+00 nan nan
4.073317000000000299e+00 nan nan
4.073981999999999992e+00 nan nan
4.074646999999999686e+00 nan nan
4.075312000000000268e+00 nan nan
4.075976999999999961e+00 nan nan
4.076641999999999655e+00 nan nan
4.077307000000000237e+00 nan nan
4.077971999999999930e+00 nan nan
4.078636999999999624e+00 nan nan
4.079302000000000206e+00 nan nan
4.079966999999999899e+00 nan nan
4.080631999999999593e+00 nan nan
4.081297000000000175e+00 nan nan
4.081961999999999868e+00 nan nan
4.082626999999999562e+00 nan nan
4.083292000000000144e+00 nan nan
4.083956999999999837e+00 nan nan
4.084622000000000419e+00 nan nan
4.085287000000000113e+00 nan nan
4.085951999999999806e+00 nan nan
4.086617000000000388e+00 nan nan
4.087282000000000082e+00 nan nan
4.087946999999999775e+00 nan nan
4.088612000000000357e+00 nan nan
4.089277000000000051e+00 nan nan
4.089941999999999744e+00 nan nan
4.090607000000000326e+00 nan nan
4.091272000000000020e+00 nan nan
4.091936999999999713e+00 nan nan
4.092602000000000295e+00 nan nan
4.093266999999999989e+00 nan nan
4.093931999999999682e+00 nan nan
4.094597000000000264e+00 nan nan
4.095261999999999958e+00 nan nan
4.095926999999999651e+00 nan nan
4.096592000000000233e+00 nan nan
4.097256999999999927e+00 nan nan
4.097921999999999620e+00 nan nan
4.098587000000000202e+00 nan nan
4.099251999999999896e+00 nan nan
4.099916999999999589e+00 nan nan
4.100582000000000171e+00 nan nan
4.101246999999999865e+00 nan nan
4.101911999999999558e+00 nan nan
4.102577000000000140e+00 nan nan
4.103241999999999834e+00 nan nan
4.103907000000000416e+00 nan nan
4.104572000000000109e+00 nan nan
4.105236999999999803e+00 nan nan
4.105902000000000385e+00 nan nan
4.106567000000000078e+00 nan nan
4.107231999999999772e+00 nan nan
4.107897000000000354e+00 nan nan
4.108562000000000047e+00 nan nan
4.109226999999999741e+00 nan nan
4.109892000000000323e+00 nan nan
4.110557000000000016e+00 nan nan
4.111221999999999710e+00 nan nan
4.111887000000000292e+00 nan nan
4.112551999999999985e+00 nan nan
4.113216999999999679e+00 nan nan
4.113882000000000261e+00 nan nan
4.114546999999999954e+00 nan nan
4.115211999999999648e+00 nan nan
4.115877000000000230e+00 nan nan
4.116541999999999923e+00 nan nan
4.117206999999999617e+00 nan nan
4.117872000000000199e+00 nan nan
4.118536999999999892e+00 nan nan
4.119201999999999586e+00 nan nan
4.119867000000000168e+00 nan nan
4.120531999999999861e+00 nan nan
4.121197000000000443e+00 nan nan
4.121862000000000137e+00 nan nan
4.122526999999999830e+00 nan nan
4.123192000000000412e+00 nan nan
4.123857000000000106e+00 nan nan
4.124521999999999800e+00 nan nan
4.125187000000000381e+00 nan nan
4.125852000000000075e+00 nan nan
4.126516999999999769e+00 nan nan
4.127182000000000350e+00 nan nan
4.127847000000000044e+00 nan nan
4.128511999999999738e+00 nan nan
4.129177000000000319e+00 nan nan
4.129842000000000013e+00 nan nan
4.130506999999999707e+00 nan nan
4.131172000000000288e+00 nan nan
4.131836999999999982e+00 nan nan
4.132501999999999676e+00 nan nan
4.133167000000000257e+00 nan nan
4.133831999999999951e+00 nan nan
4.134496999999999645e+00 nan nan
4.135162000000000226e+00 nan nan
4.135826999999999920e+00 nan nan
4.136491999999999614e+00 nan nan
4.137157000000000195e+00 nan nan
4.137821999999999889e+00 nan nan
4.138486999999999583e+00 nan nan
4.139152000000000164e+00 nan nan
4.139816999999999858e+00 nan nan
4.140482000000000440e+00 nan nan
4.141147000000000133e+00 nan nan
4.141811999999999827e+00 nan nan
4.142477000000000409e+00 nan nan
4.143142000000000102e+00 nan nan
4.143806999999999796e+00 nan nan
4.144472000000000378e+00 nan nan
4.145137000000000072e+00 nan nan
4.145801999999999765e+00 nan nan
4.146467000000000347e+00 nan nan
4.147132000000000041e+00 nan nan
4.147796999999999734e+00 nan nan
4.148462000000000316e+00 nan nan
4.149127000000000010e+00 nan nan
4.149791999999999703e+00 nan nan
4.150457000000000285e+00 nan nan
4.151121999999999979e+00 nan nan
4.151786999999999672e+00 nan nan
4.152452000000000254e+00 nan nan
4.153116999999999948e+00 nan nan
4.153781999999999641e+00 nan nan
4.154447000000000223e+00 nan nan
4.155111999999999917e+00 nan nan
4.155776999999999610e+00 nan nan
4.156442000000000192e+00 nan nan
4.157106999999999886e+00 nan nan
4.157771999999999579e+00 nan nan
4.158437000000000161e+00 nan nan
4.159101999999999855e+00 nan nan
4.159767000000000436e+00 nan nan
4.160432000000000130e+00 nan nan
4.161096999999999824e+00 nan nan
4.161762000000000405e+00 nan nan
4.162427000000000099e+00 nan nan
4.163091999999999793e+00 nan nan
4.163757000000000374e+00 nan nan
4.164422000000000068e+00 nan nan
4.165086999999999762e+00 nan nan
4.165752000000000344e+00 nan nan
4.166417000000000037e+00 nan nan
4.167081999999999731e+00 nan nan
4.167747000000000313e+00 nan nan
4.168412000000000006e+00 nan nan
4.169076999999999700e+00 nan nan
4.169742000000000282e+00 nan nan
4.170406999999999975e+00 nan nan
4.171071999999999669e+00 nan nan
4.171737000000000251e+00 nan nan
4.172401999999999944e+00 nan nan
4.173066999999999638e+00 nan nan
4.173732000000000220e+00 nan nan
4.174396999999999913e+00 nan nan
4.175061999999999607e+00 nan nan
4.175727000000000189e+00 nan nan
4.176391999999999882e+00 nan nan
4.177056999999999576e+00 nan nan
4.177722000000000158e+00 nan nan
4.178386999999999851e+00 nan nan
4.179052000000000433e+00 nan nan
4.179717000000000127e+00 nan nan
4.180381999999999820e+00 nan nan
4.181047000000000402e+00 nan nan
4.181712000000000096e+00 nan nan
4.182376999999999789e+00 nan nan
4.183042000000000371e+00 nan nan
4.183707000000000065e+00 nan nan
4.184371999999999758e+00 nan nan
4.185037000000000340e+00 nan nan
4.185702000000000034e+00 nan nan
4.186366999999999727e+00 nan nan
4.187032000000000309e+00 nan nan
4.187697000000000003e+00 nan nan
4.188361999999999696e+00 nan nan
4.189027000000000278e+00 nan nan
4.189691999999999972e+00 nan nan
4.190356999999999665e+00 nan nan
4.191022000000000247e+00 1.600423253338743230e-15 4.614208999999999912e-18
4.191686999999999941e+00 1.627241315859858535e-15 3.774189000000000279e-18
4.192351999999999634e+00 1.604965240542641635e-15 2.874155999999999993e-18
4.193017000000000216e+00 1.559175664723243156e-15 2.003590000000000137e-18
4.193681999999999910e+00 1.547576922880499915e-15 1.970936000000000187e-18
4.194346999999999603e+00 1.577063070015244610e-15 1.987314999999999813e-18
4.195012000000000185e+00 1.617567050098188641e-15 1.979104000000000097e-18
4.195676999999999879e+00 1.625947050517306841e-15 1.927356000000000147e-18
4.196341999999999572e+00 1.592036566045532734e-15 1.857646999999999819e-18
4.197007000000000154e+00 1.573591380125455256e-15 1.796993000000000095e-18
4.197671999999999848e+00 1.573725448124761731e-15 1.764341999999999837e-18
4.198337000000000430e+00 1.582910630170547195e-15 1.742117999999999838e-18
4.199002000000000123e+00 1.570141629993273198e-15 1.659388999999999984e-18
4.199666999999999817e+00 1.564158319048055973e-15 1.478453999999999991e-18
4.200332000000000399e+00 1.604443056147677973e-15 1.372167000000000034e-18
4.200997000000000092e+00 1.634181682290050541e-15 1.384737000000000076e-18
4.201661999999999786e+00 nan 1.360589000000000079e-18
4.202327000000000368e+00 1.587479964559708249e-15 1.340861000000000095e-18
4.202992000000000061e+00 1.576289416870261340e-15 1.295157000000000049e-18
4.203656999999999755e+00 1.525930243549929968e-15 1.223874000000000071e-18
4.204322000000000337e+00 1.521019252848346529e-15 1.225005999999999990e-18
4.204987000000000030e+00 1.534277106072376019e-15 1.231234999999999905e-18
4.205651999999999724e+00 1.556092436715703408e-15 1.244741999999999921e-18
4.206317000000000306e+00 1.603826255573038970e-15 1.263853999999999993e-18
4.206981999999999999e+00 1.612208813445608591e-15 1.266626000000000081e-18
4.207646999999999693e+00 1.606451917872054169e-15 1.486830999999999943e-18
4.208312000000000275e+00 1.613647041532659947e-15 1.266522999999999905e-18
4.208976999999999968e+00 1.577569655256732196e-15 1.252261000000000042e-18
4.209641999999999662e+00 1.563792409862593324e-15 1.249144000000000053e-18
4.210307000000000244e+00 1.549292844651371065e-15 1.806125999999999984e-18
4.210971999999999937e+00 1.562403005723422682e-15 1.257567000000000082e-18
4.211636999999999631e+00 1.596138591772400648e-15 1.269515999999999955e-18
4.212302000000000213e+00 1.567981739368299290e-15 1.250414999999999906e-18
4.212966999999999906e+00 1.514971430252174162e-15 1.240358000000000052e-18
4.213631999999999600e+00 1.477663710761390951e-15 1.216034999999999978e-18
4.214297000000000182e+00 1.519874658394383607e-15 1.242858000000000039e-18
4.214961999999999875e+00 1.531195751634313990e-15 1.250430000000000094e-18
4.215626999999999569e+00 nan nan
4.216292000000000151e+00 nan nan
4.216956999999999844e+00 nan nan
4.217622000000000426e+00 1.526560066505429698e-15 1.293680999999999934e-18
4.218287000000000120e+00 1.520625186729185569e-15 1.330131000000000037e-18
4.218951999999999813e+00 1.543612771822035331e-15 1.326191000000000079e-18
4.219617000000000395e+00 1.521490775662885002e-15 1.246648000000000040e-18
4.220282000000000089e+00 1.479468551878398928e-15 1.212128999999999985e-18
4.220946999999999782e+00 1.489433562357018740e-15 1.229805000000000059e-18
4.221612000000000364e+00 1.511980733842150031e-15 1.250245000000000083e-18
4.222277000000000058e+00 1.507769970159338908e-15 1.223485999999999978e-18
4.222941999999999751e+00 1.531903852951374969e-15 1.224942999999999931e-18
4.223607000000000333e+00 1.566383885808909721e-15 1.241040999999999997e-18
4.224272000000000027e+00 1.573965742577883244e-15 1.233397000000000040e-18
4.224936999999999721e+00 1.583075868182709449e-15 1.234021999999999988e-18
4.225602000000000302e+00 1.599799146244931015e-15 1.229132999999999945e-18
4.226266999999999996e+00 1.586082269955951895e-15 1.213362999999999989e-18
4.226931999999999690e+00 1.534807468579207520e-15 1.172989000000000014e-18
4.227597000000000271e+00 1.508849085237361562e-15 1.151692999999999955e-18
4.228261999999999965e+00 nan 1.328633999999999967e-18
4.228926999999999659e+00 1.498203948016976097e-15 1.141532999999999925e-18
4.229592000000000240e+00 1.518041019899610671e-15 1.154747000000000077e-18
4.230256999999999934e+00 1.520119677637642420e-15 1.148715999999999990e-18
4.230921999999999628e+00 1.541809131545188654e-15 1.151096000000000011e-18
4.231587000000000209e+00 1.587454702084883377e-15 1.169597000000000040e-18
4.232251999999999903e+00 1.584008647089204355e-15 1.169754999999999944e-18
4.232916999999999597e+00 1.577492822151977057e-15 1.159657000000000076e-18
4.233582000000000178e+00 1.536652928794622605e-15 1.148691000000000061e-18
4.234246999999999872e+00 1.525320647796505190e-15 1.206919000000000072e-18
4.234911999999999566e+00 1.548762367010407988e-15 1.172966000000000072e-18
4.235577000000000147e+00 1.586985772519634501e-15 1.148927000000000019e-18
4.236241999999999841e+00 1.584436103966598009e-15 1.152373999999999913e-18
4.236907000000000423e+00 1.529521658587515903e-15 1.149839000000000064e-18
4.237572000000000116e+00 1.524302340106871238e-15 1.128391999999999958e-18
4.238236999999999810e+00 1.534608561979824296e-15 1.124334999999999919e-18
4.238902000000000392e+00 1.534265569400508300e-15 1.120065999999999953e-18
4.239567000000000085e+00 1.545241531307776331e-15 1.144882000000000091e-18
4.240231999999999779e+00 1.527892487815657376e-15 1.152891999999999905e-18
4.240897000000000361e+00 1.502961506302846380e-15 1.157552999999999937e-18
4.241562000000000054e+00 1.494034573352271622e-15 1.149237000000000058e-18
4.242226999999999748e+00 1.486508757406334006e-15 1.110527000000000092e-18
4.242892000000000330e+00 1.448823044435089593e-15 1.086914999999999967e-18
4.243557000000000023e+00 1.454335574703423098e-15 1.094025999999999936e-18
4.244221999999999717e+00 1.496702681874465008e-15 1.114848000000000094e-18
4.244887000000000299e+00 1.534811838404975364e-15 1.121148999999999911e-18
4.245551999999999992e+00 1.538585513208285705e-15 1.130295000000000001e-18
4.246216999999999686e+00 1.508112163952967966e-15 1.120022999999999953e-18
4.246882000000000268e+00 1.489231330682830209e-15 1.137461000000000083e-18
4.247546999999999962e+00 1.491673878056937900e-15 1.141552000000000087e-18
4.248211999999999655e+00 nan 1.286625999999999975e-18
4.248877000000000237e+00 1.485315575410538649e-15 1.106242999999999938e-18
4.249541999999999931e+00 1.491278725320417629e-15 1.104653000000000011e-18
4.250206999999999624e+00 1.475158803089000541e-15 1.099795999999999945e-18
4.250872000000000206e+00 1.448716860505467136e-15 1.098830999999999966e-18
4.251536999999999900e+00 1.423145119519513059e-15 1.089545000000000045e-18
4.252201999999999593e+00 1.434978581111203038e-15 1.095640999999999985e-18
4.252867000000000175e+00 1.460914076174576382e-15 1.105146000000000074e-18
4.253531999999999869e+00 1.463238853737364320e-15 1.105771999999999920e-18
4.254196999999999562e+00 1.465527494864462090e-15 1.114536000000000068e-18
4.254862000000000144e+00 1.503882320419469362e-15 1.125538000000000035e-18
4.255526999999999838e+00 1.507348989001028866e-15 1.141362999999999910e-18
4.256192000000000419e+00 1.504182044051244035e-15 1.154631999999999982e-18
4.256857000000000113e+00 1.526880923237107000e-15 1.171321999999999929e-18
4.257521999999999807e+00 1.484741029455094679e-15 1.155275000000000002e-18
4.258187000000000388e+00 1.443682271557163906e-15 1.132271999999999933e-18
4.258852000000000082e+00 1.483189294194823948e-15 1.154671999999999906e-18
4.259516999999999776e+00 1.459911360537389052e-15 1.155656999999999944e-18
4.260182000000000357e+00 1.432620612148995831e-15 1.144295999999999978e-18
4.260847000000000051e+00 1.451068285607295736e-15 1.153169000000000069e-18
4.261511999999999745e+00 1.465597327890839833e-15 1.154990999999999981e-18
4.262177000000000326e+00 1.481276629196367770e-15 1.219310000000000062e-18
4.262842000000000020e+00 1.497316329764184737e-15 1.320457999999999919e-18
4.263506999999999714e+00 nan 2.080394999999999861e-18
4.264172000000000295e+00 1.466894094351511875e-15 1.302010000000000015e-18
4.264836999999999989e+00 1.473340756503912885e-15 1.277099000000000033e-18
4.265501999999999683e+00 1.469432399341942348e-15 1.282603000000000092e-18
4.266167000000000264e+00 1.461542865504086218e-15 1.251878000000000011e-18
4.266831999999999958e+00 1.472731119375260587e-15 1.280378999999999988e-18
4.267496999999999652e+00 1.475726017237632700e-15 1.262857000000000036e-18
4.268162000000000234e+00 1.449129038247871020e-15 1.280928999999999958e-18
4.268826999999999927e+00 1.458066390866234852e-15 1.286752999999999989e-18
4.269491999999999621e+00 1.463176582110001237e-15 1.241192000000000044e-18
4.270157000000000203e+00 1.432495212752343173e-15 1.177659999999999980e-18
4.270821999999999896e+00 1.460869406879840667e-15 1.386975999999999984e-18
4.271486999999999590e+00 nan 2.373195999999999848e-18
4.272152000000000172e+00 1.436649883059474162e-15 1.160648999999999971e-18
4.272816999999999865e+00 1.406483170554921788e-15 1.146412999999999933e-18
4.273481999999999559e+00 1.439146259577570713e-15 1.159786000000000078e-18
4.274147000000000141e+00 1.475028017647929357e-15 1.183656999999999910e-18
4.274811999999999834e+00 1.453053618957750418e-15 1.172755999999999940e-18
4.275477000000000416e+00 1.402625880472795528e-15 1.163464999999999956e-18
4.276142000000000110e+00 1.397516164909749360e-15 1.178097000000000034e-18
4.276806999999999803e+00 1.446642709367596324e-15 1.216956999999999956e-18
4.277472000000000385e+00 1.466157232086136994e-15 1.227846000000000007e-18
4.278137000000000079e+00 1.501966556499820670e-15 1.247996999999999947e-18
4.278801999999999772e+00 1.492629957603563007e-15 1.251449000000000096e-18
4.279467000000000354e+00 1.465004516355510261e-15 1.273799000000000020e-18
4.280132000000000048e+00 nan 2.528449999999999823e-18
4.280796999999999741e+00 1.469023539569334907e-15 1.277793000000000000e-18
4.281462000000000323e+00 1.463388252417365459e-15 1.238582000000000024e-18
4.282127000000000017e+00 1.454830397688076020e-15 1.251657000000000049e-18
4.282791999999999710e+00 1.431857385383666087e-15 1.232438999999999918e-18
4.283457000000000292e+00 1.422236471698257052e-15 1.236587000000000021e-18
4.284121999999999986e+00 1.435751345847379065e-15 1.235340000000000007e-18
4.284786999999999679e+00 1.462572333219010618e-15 2.793853000000000043e-18
4.285452000000000261e+00 1.505248022988237961e-15 1.282143999999999993e-18
4.286116999999999955e+00 1.510950411054220455e-15 1.303704000000000016e-18
4.286781999999999648e+00 1.452742019880262005e-15 1.246839000000000010e-18
4.287447000000000230e+00 1.419744282330844645e-15 1.231402999999999933e-18
4.288111999999999924e+00 1.471250248484018732e-15 1.262853000000000063e-18
4.288776999999999617e+00 1.487026489773364864e-15 1.272258999999999949e-18
4.289442000000000199e+00 1.463084885259080075e-15 1.249649999999999933e-18
4.290106999999999893e+00 1.453416529338160780e-15 1.868157999999999901e-18
4.290771999999999586e+00 1.465738459409619369e-15 1.252418999999999945e-18
4.291437000000000168e+00 1.495030794128141277e-15 1.244544000000000093e-18
4.292101999999999862e+00 1.485940828404827098e-15 1.239369999999999939e-18
4.292767000000000444e+00 1.427987753596659805e-15 1.214961000000000056e-18
4.293432000000000137e+00 1.405062776515445670e-15 1.191036999999999905e-18
4.294096999999999831e+00 1.414262009008657692e-15 1.224289000000000080e-18
4.294762000000000413e+00 1.409469771650565864e-15 1.221262999999999963e-18
4.295427000000000106e+00 1.409560582562495006e-15 1.223263000000000029e-18
4.296091999999999800e+00 1.383803826382826846e-15 1.211491999999999924e-18
4.296757000000000382e+00 1.374142829384683922e-15 1.191800000000000083e-18
4.297422000000000075e+00 1.395340175337459389e-15 1.190101999999999917e-18
4.298086999999999769e+00 1.409445405025101253e-15 1.204113000000000019e-18
4.298752000000000351e+00 1.434607802395791530e-15 1.246162000000000026e-18
4.299417000000000044e+00 1.442597766058647805e-15 1.270549999999999953e-18
4.300081999999999738e+00 1.438047085430450729e-15 1.250468000000000032e-18
4.300747000000000320e+00 1.449798507230834233e-15 1.235542000000000000e-18
4.301412000000000013e+00 nan nan
4.302076999999999707e+00 1.421783104700943456e-15 1.257423999999999982e-18
4.302742000000000289e+00 nan 1.449898000000000095e-18
4.303406999999999982e+00 nan nan
4.304071999999999676e+00 nan nan
4.304737000000000258e+00 1.395801498385852584e-15 1.245590000000000010e-18
4.305401999999999951e+00 1.371513436976354178e-15 1.204019000000000072e-18
4.306066999999999645e+00 1.382740713287489798e-15 1.199790999999999928e-18
4.306732000000000227e+00 1.405598843064707276e-15 1.209995000000000047e-18
4.307396999999999920e+00 1.409082230110466761e-15 1.230839999999999954e-18
4.308061999999999614e+00 1.421856845034334945e-15 1.240283000000000074e-18
4.308727000000000196e+00 1.419735490951205812e-15 1.204868999999999956e-18
4.309391999999999889e+00 1.410480994605894768e-15 1.187145000000000011e-18
4.310056999999999583e+00 1.395326297062807184e-15 1.199397999999999964e-18
4.310722000000000165e+00 1.394001634709029516e-15 1.211016999999999933e-18
4.311386999999999858e+00 1.420672432437125247e-15 1.218056000000000000e-18
4.312052000000000440e+00 1.426301107440280983e-15 1.220537000000000017e-18
4.312717000000000134e+00 1.441054188623957236e-15 1.243340999999999977e-18
4.313381999999999827e+00 1.457937752419679752e-15 1.243916999999999965e-18
4.314047000000000409e+00 1.453770967851688369e-15 1.244845999999999993e-18
4.314712000000000103e+00 1.456612892742717994e-15 1.240582999999999988e-18
4.315376999999999796e+00 1.416652356902317784e-15 1.221300000000000003e-18
4.316042000000000378e+00 1.394733224420746041e-15 1.216421999999999982e-18
4.316707000000000072e+00 1.388976723233568598e-15 1.224605000000000079e-18
4.317371999999999765e+00 1.365711487156791654e-15 1.192397999999999924e-18
4.318037000000000347e+00 1.385676861302585112e-15 1.196263000000000096e-18
4.318702000000000041e+00 1.398210447715240908e-15 1.211089000000000027e-18
4.319366999999999734e+00 1.372223442029560642e-15 1.194115999999999956e-18
4.320032000000000316e+00 1.384805266926332834e-15 1.201151000000000050e-18
4.320697000000000010e+00 1.412805835933093409e-15 1.217152999999999990e-18
4.321361999999999703e+00 1.432363282367198095e-15 1.203711000000000019e-18
4.322027000000000285e+00 1.415991985579536464e-15 1.194009000000000000e-18
4.322691999999999979e+00 1.450438512315495915e-15 1.196460000000000026e-18
4.323356999999999672e+00 1.473282085508212958e-15 1.204088000000000091e-18
4.324022000000000254e+00 1.413141885916920422e-15 1.171633999999999955e-18
4.324686999999999948e+00 1.384059545715409608e-15 1.149035999999999962e-18
4.325351999999999641e+00 1.415479573112742734e-15 1.159397000000000087e-18
4.326017000000000223e+00 1.410436690477454812e-15 1.170274000000000025e-18
4.326681999999999917e+00 1.393933942652455685e-15 1.156181000000000088e-18
4.327346999999999611e+00 1.408246905302758624e-15 1.163412999999999920e-18
4.328012000000000192e+00 1.409785294980271217e-15 1.166708000000000063e-18
4.328676999999999886e+00 1.376741203120011878e-15 1.150004999999999914e-18
4.329341999999999580e+00 1.390908628733602545e-15 1.170145000000000024e-18
4.330007000000000161e+00 1.422718108484130523e-15 1.172815999999999923e-18
4.330671999999999855e+00 1.402572123443423845e-15 1.170433000000000018e-18
4.331337000000000437e+00 1.388384417877128055e-15 1.151561000000000070e-18
4.332002000000000130e+00 1.423093039261627634e-15 1.156522999999999913e-18
4.332666999999999824e+00 1.430558039089371783e-15 1.162963000000000049e-18
4.333332000000000406e+00 1.367370518792128403e-15 1.130983000000000009e-18
4.333997000000000099e+00 1.346961725808252867e-15 1.124975000000000056e-18
4.334661999999999793e+00 1.423774079193271509e-15 1.160901999999999911e-18
4.335327000000000375e+00 1.453656044837154616e-15 1.174397000000000007e-18
4.335992000000000068e+00 1.398898999263293544e-15 1.147782999999999988e-18
4.336656999999999762e+00 1.321622669064708248e-15 1.108020999999999953e-18
4.337322000000000344e+00 1.361844465612503006e-15 1.123769999999999953e-18
4.337987000000000037e+00 1.409537017804692366e-15 1.160544000000000001e-18
4.338651999999999731e+00 1.364211685238428699e-15 1.135345000000000024e-18
4.339317000000000313e+00 nan 1.335508000000000082e-18
4.339982000000000006e+00 nan nan
4.340646999999999700e+00 nan 3.389847000000000032e-18
4.341312000000000282e+00 1.416982385847001696e-15 1.175694000000000071e-18
4.341976999999999975e+00 1.384968468698347932e-15 1.180688000000000084e-18
4.342641999999999669e+00 1.363163706940231569e-15 1.162400999999999967e-18
4.343307000000000251e+00 1.358417631855024884e-15 1.162987999999999978e-18
4.343971999999999944e+00 1.379502575656657247e-15 1.198096999999999927e-18
4.344636999999999638e+00 1.362082400472751718e-15 1.222358000000000033e-18
4.345302000000000220e+00 1.348377630221741370e-15 1.261058999999999963e-18
4.345966999999999913e+00 1.342609649003251372e-15 1.245709999999999976e-18
4.346631999999999607e+00 1.351669092086353386e-15 1.238703999999999976e-18
4.347297000000000189e+00 1.365907947726809656e-15 1.258283999999999991e-18
4.347961999999999883e+00 1.345857361930578134e-15 1.610874000000000015e-18
4.348626999999999576e+00 nan 1.372604999999999985e-18
4.349292000000000158e+00 1.427979985586850969e-15 1.194422999999999919e-18
4.349956999999999852e+00 1.397766699070295508e-15 1.178675999999999906e-18
4.350622000000000433e+00 1.327628507680899327e-15 1.155809000000000080e-18
4.351287000000000127e+00 nan nan
4.351951999999999821e+00 1.341412435700197273e-15 1.202441999999999961e-18
4.352617000000000402e+00 1.344079821032625604e-15 1.231224000000000075e-18
4.353282000000000096e+00 1.334041741389021708e-15 1.220471999999999972e-18
4.353946999999999790e+00 1.314911498873072585e-15 1.228169000000000055e-18
4.354612000000000371e+00 1.370913463042212886e-15 1.284552000000000019e-18
4.355277000000000065e+00 1.410208241423176479e-15 1.310562000000000045e-18
4.355941999999999759e+00 1.387259238059306251e-15 1.306172999999999921e-18
4.356607000000000340e+00 1.363297825884825521e-15 1.278961000000000062e-18
4.357272000000000034e+00 1.320899316707846736e-15 1.250716999999999999e-18
4.357936999999999728e+00 1.351164542607863141e-15 1.288747000000000096e-18
4.358602000000000309e+00 1.397288739784759797e-15 1.365503999999999949e-18
4.359267000000000003e+00 1.376746839944089399e-15 1.387063000000000074e-18
4.359931999999999697e+00 1.345190384624793104e-15 1.338317999999999915e-18
4.360597000000000278e+00 1.337961332858902237e-15 1.297081000000000047e-18
4.361261999999999972e+00 1.378811459619263728e-15 1.322113000000000085e-18
4.361926999999999666e+00 1.401805343200326498e-15 1.323228999999999918e-18
4.362592000000000247e+00 1.379133617073849774e-15 1.325178999999999934e-18
4.363256999999999941e+00 1.348270547691296813e-15 1.303522000000000081e-18
4.363921999999999635e+00 1.301423727572627340e-15 1.283544000000000040e-18
4.364587000000000216e+00 1.303702155215325767e-15 1.278572000000000071e-18
4.365251999999999910e+00 1.342490812602339419e-15 1.284982999999999921e-18
4.365916999999999604e+00 1.390200973227609614e-15 1.318660000000000038e-18
4.366582000000000185e+00 1.331986390776175464e-15 1.284193999999999917e-18
4.367246999999999879e+00 1.267465737049662820e-15 1.254877000000000021e-18
4.367911999999999573e+00 1.285096999252372129e-15 1.268500999999999927e-18
4.368577000000000155e+00 1.301443493750272812e-15 1.237320999999999912e-18
4.369241999999999848e+00 1.332472257535672412e-15 1.213671000000000042e-18
4.369907000000000430e+00 1.365255432903439299e-15 1.302933000000000083e-18
4.370572000000000124e+00 1.350321142453032613e-15 1.320917999999999915e-18
4.371236999999999817e+00 1.316089476169669061e-15 1.323360999999999995e-18
4.371902000000000399e+00 1.325579228341204269e-15 1.273782999999999934e-18
4.372567000000000093e+00 1.328454309154870173e-15 1.299411999999999916e-18
4.373231999999999786e+00 nan nan
4.373897000000000368e+00 nan nan
4.374562000000000062e+00 nan 1.300095999999999950e-18
4.375226999999999755e+00 nan 1.331554999999999922e-18
4.375892000000000337e+00 1.321453655104318314e-15 1.324071999999999945e-18
4.376557000000000031e+00 1.315925527722040564e-15 1.327558000000000058e-18
4.377221999999999724e+00 1.323020339522695063e-15 1.325713999999999909e-18
4.377887000000000306e+00 1.319733611706819677e-15 1.311534000000000073e-18
4.378552000000000000e+00 1.276961870079905896e-15 1.379068999999999961e-18
4.379216999999999693e+00 1.284308439941821550e-15 1.350560999999999935e-18
4.379882000000000275e+00 1.318358490217878910e-15 1.312864000000000012e-18
4.380546999999999969e+00 1.355233574219387308e-15 1.264540000000000014e-18
4.381211999999999662e+00 1.340680632322212455e-15 1.185967999999999913e-18
4.381877000000000244e+00 1.282611208277710287e-15 1.133135000000000018e-18
4.382541999999999938e+00 1.246639290545750746e-15 1.127881999999999912e-18
4.383206999999999631e+00 1.280417355757311292e-15 1.146874000000000019e-18
4.383872000000000213e+00 1.316184818201978666e-15 1.177629000000000091e-18
4.384536999999999907e+00 1.353581759522281491e-15 1.203763999999999953e-18
4.385201999999999600e+00 1.354254369674700652e-15 1.226847000000000063e-18
4.385867000000000182e+00 1.279255634750699445e-15 1.218689000000000087e-18
4.386531999999999876e+00 1.271378116813007767e-15 1.240872999999999968e-18
4.387196999999999569e+00 1.329853524008611542e-15 1.282456999999999916e-18
4.387862000000000151e+00 1.323865547787011033e-15 1.269560000000000045e-18
4.388526999999999845e+00 1.332982288419868417e-15 1.269442999999999964e-18
4.389192000000000426e+00 1.366367783675868531e-15 1.297232999999999991e-18
4.389857000000000120e+00 1.315622151140046472e-15 1.251962999999999923e-18
4.390521999999999814e+00 1.278353779951587474e-15 1.235216999999999966e-18
4.391187000000000396e+00 1.314321162786782113e-15 1.251921000000000012e-18
4.391852000000000089e+00 1.359532781662971166e-15 1.308703999999999989e-18
4.392516999999999783e+00 1.361610530308238874e-15 1.493718999999999963e-18
4.393182000000000365e+00 nan 1.436619000000000090e-18
4.393847000000000058e+00 nan 1.502274000000000069e-18
4.394511999999999752e+00 1.268309309311632697e-15 1.372786000000000023e-18
4.395177000000000334e+00 nan 1.129692999999999995e-18
4.395842000000000027e+00 nan 1.108710000000000050e-18
4.396506999999999721e+00 1.277214752730772416e-15 1.092643999999999962e-18
4.397172000000000303e+00 1.297174246862132553e-15 1.103228000000000036e-18
4.397836999999999996e+00 1.298245355403321301e-15 1.508674999999999986e-18
4.398501999999999690e+00 nan 1.238625000000000025e-18
4.399167000000000272e+00 1.260327777701266536e-15 1.081133999999999936e-18
4.399831999999999965e+00 1.304544190918635750e-15 1.108641999999999928e-18
4.400496999999999659e+00 1.357581942408177092e-15 1.105354000000000027e-18
4.401162000000000241e+00 1.364197467197447608e-15 1.105470999999999917e-18
4.401826999999999934e+00 1.301752333375671967e-15 1.067052000000000021e-18
4.402491999999999628e+00 1.241111643619015628e-15 1.039174000000000007e-18
4.403157000000000210e+00 1.263842765488048656e-15 1.042827999999999956e-18
4.403821999999999903e+00 1.310618936263398388e-15 1.075669999999999993e-18
4.404486999999999597e+00 1.313044869281831725e-15 1.077244999999999925e-18
4.405152000000000179e+00 1.287848270455595501e-15 1.599421000000000089e-18
4.405816999999999872e+00 nan 1.603236000000000018e-18
4.406481999999999566e+00 1.295163026246984554e-15 1.059489000000000002e-18
4.407147000000000148e+00 1.257761821250795189e-15 1.040849999999999935e-18
4.407811999999999841e+00 1.290557773559465259e-15 1.050497999999999932e-18
4.408477000000000423e+00 1.321128779681782637e-15 1.058892999999999955e-18
4.409142000000000117e+00 1.325474994192284637e-15 1.054229000000000039e-18
4.409806999999999810e+00 1.327394664360073872e-15 1.066906999999999934e-18
4.410472000000000392e+00 1.323373593270246341e-15 1.065057999999999914e-18
4.411137000000000086e+00 1.290304537887602520e-15 1.049824999999999920e-18
4.411801999999999779e+00 1.241848035554106365e-15 1.017189000000000042e-18
4.412467000000000361e+00 1.290547630112753338e-15 1.036762000000000007e-18
4.413132000000000055e+00 1.359155333139646715e-15 1.055113000000000080e-18
4.413796999999999748e+00 1.377538842720571532e-15 1.059404999999999988e-18
4.414462000000000330e+00 1.329910059700664697e-15 1.036343999999999922e-18
4.415127000000000024e+00 1.285376899572437744e-15 1.026841999999999909e-18
4.415791999999999717e+00 1.263090477154848794e-15 1.014186999999999956e-18
4.416457000000000299e+00 1.272228903951055369e-15 1.015220999999999954e-18
4.417121999999999993e+00 1.349822158720464966e-15 1.072857000000000084e-18
4.417786999999999686e+00 1.324371933270968661e-15 1.035026999999999993e-18
4.418452000000000268e+00 nan 1.458780000000000029e-18
4.419116999999999962e+00 nan 2.454308999999999950e-18
4.419781999999999655e+00 1.301416910583375772e-15 1.043622999999999920e-18
4.420447000000000237e+00 1.248879248023646490e-15 1.021843999999999922e-18
4.421111999999999931e+00 1.227579025335698870e-15 9.956141000000000524e-19
4.421776999999999624e+00 1.254931808294603351e-15 1.007004000000000085e-18
4.422442000000000206e+00 1.281766691872864380e-15 1.029400999999999982e-18
4.423106999999999900e+00 1.288506100097974374e-15 1.020633999999999950e-18
4.423771999999999593e+00 1.287342674920063188e-15 1.017634000000000043e-18
4.424437000000000175e+00 1.278001727290338269e-15 1.014308000000000011e-18
4.425101999999999869e+00 nan 1.141945999999999948e-18
4.425766999999999562e+00 1.215683617712655014e-15 9.916847000000000046e-19
4.426432000000000144e+00 1.278659624727420378e-15 1.014313999999999971e-18
4.427096999999999838e+00 1.318149832827463421e-15 1.030139999999999936e-18
4.427762000000000420e+00 1.331571646076046073e-15 1.038650000000000055e-18
4.428427000000000113e+00 1.315951969010428283e-15 1.022772000000000053e-18
4.429091999999999807e+00 1.249108728777519146e-15 9.933037000000000265e-19
4.429757000000000389e+00 1.197140850345945295e-15 9.817869000000000078e-19
4.430422000000000082e+00 1.211527672537382158e-15 9.933764999999999619e-19
4.431086999999999776e+00 1.275597834378853345e-15 1.024195000000000042e-18
4.431752000000000358e+00 nan 1.039721999999999990e-18
4.432417000000000051e+00 1.292282828802959438e-15 1.024700000000000025e-18
4.433081999999999745e+00 1.272358123818272533e-15 1.022357999999999941e-18
4.433747000000000327e+00 1.269408514601225807e-15 1.027463000000000077e-18
4.434412000000000020e+00 nan 1.212579000000000048e-18
4.435076999999999714e+00 1.222298958373095031e-15 1.029449000000000045e-18
4.435742000000000296e+00 1.240790448043898996e-15 1.052533999999999949e-18
4.436406999999999989e+00 1.246801274332617001e-15 1.051680000000000092e-18
4.437071999999999683e+00 1.246206336466562493e-15 1.048674999999999930e-18
4.437737000000000265e+00 1.286861937064112951e-15 1.070584999999999916e-18
4.438401999999999958e+00 1.278382504806421246e-15 1.054603000000000034e-18
4.439066999999999652e+00 1.258208425075440420e-15 1.201850999999999977e-18
4.439732000000000234e+00 1.216381989249434242e-15 1.399282999999999960e-18
4.440396999999999927e+00 1.179796884042670680e-15 9.923088999999999199e-19
4.441061999999999621e+00 1.209272802066664815e-15 1.006369000000000010e-18
4.441727000000000203e+00 1.269568431234042651e-15 1.026483999999999999e-18
4.442391999999999896e+00 1.322753236398237275e-15 1.058150999999999925e-18
4.443056999999999590e+00 1.336311552681380354e-15 1.072534999999999932e-18
4.443722000000000172e+00 1.289409110208580093e-15 1.038080000000000026e-18
4.444386999999999865e+00 1.228097074187706289e-15 1.025876000000000033e-18
4.445051999999999559e+00 nan nan
4.445717000000000141e+00 nan nan
4.446381999999999834e+00 nan nan
4.447047000000000416e+00 1.288409276560701247e-15 1.036935999999999996e-18
4.447712000000000110e+00 1.353487876527935830e-15 1.087782999999999923e-18
4.448376999999999803e+00 1.336801039786070940e-15 1.085901999999999925e-18
4.449042000000000385e+00 1.243427941149651320e-15 1.047013999999999997e-18
4.449707000000000079e+00 1.217490401670990527e-15 1.050168000000000027e-18
4.450371999999999773e+00 1.206541500395846462e-15 1.033254000000000041e-18
4.451037000000000354e+00 1.236578753089735942e-15 1.053586999999999916e-18
4.451702000000000048e+00 1.285806151239671824e-15 1.069929999999999976e-18
4.452366999999999742e+00 1.265697845938731886e-15 1.053991999999999992e-18
4.453032000000000323e+00 1.240457016498507939e-15 1.036326000000000043e-18
4.453697000000000017e+00 1.269151651343440005e-15 1.045794000000000091e-18
4.454361999999999711e+00 1.287360641110709214e-15 1.062630000000000023e-18
4.455027000000000292e+00 1.236975971813434802e-15 1.043786999999999976e-18
4.455691999999999986e+00 1.187476387775264316e-15 1.039615999999999931e-18
4.456356999999999680e+00 1.223539214493811723e-15 1.047589000000000088e-18
4.457022000000000261e+00 1.252155825687420473e-15 1.050317999999999984e-18
4.457686999999999955e+00 1.227171293919052837e-15 1.044046000000000068e-18
4.458351999999999649e+00 1.247065353264315317e-15 1.045078000000000079e-18
4.459017000000000230e+00 1.257124357049865326e-15 1.053709999999999958e-18
4.459681999999999924e+00 1.256849157318975804e-15 1.060642999999999965e-18
4.460346999999999618e+00 1.260137687963516350e-15 1.064337000000000032e-18
4.461012000000000199e+00 1.203457695556939799e-15 1.036169000000000037e-18
4.461676999999999893e+00 1.203989293549643130e-15 1.039605999999999998e-18
4.462341999999999587e+00 1.240308185146737165e-15 1.058995000000000042e-18
4.463007000000000168e+00 1.292088423619020046e-15 1.077184999999999942e-18
4.463671999999999862e+00 nan nan
4.464337000000000444e+00 1.297679913716124372e-15 1.081961000000000070e-18
4.465002000000000137e+00 1.288373524314686974e-15 1.070324999999999927e-18
4.465666999999999831e+00 1.241549269795836844e-15 1.043973000000000076e-18
4.466332000000000413e+00 1.179064279970562760e-15 1.018285999999999906e-18
4.466997000000000106e+00 1.169244915951215724e-15 1.014472000000000067e-18
4.467661999999999800e+00 1.194281766311115450e-15 1.034282000000000079e-18
4.468327000000000382e+00 1.224295727879758404e-15 1.046325000000000093e-18
4.468992000000000075e+00 1.270583951879146853e-15 1.068834999999999906e-18
4.469656999999999769e+00 1.295241006111363155e-15 1.121458999999999950e-18
4.470322000000000351e+00 1.253950072028245382e-15 1.048266000000000073e-18
4.470987000000000045e+00 1.202987500878948334e-15 1.026080999999999910e-18
4.471651999999999738e+00 1.181809940533446262e-15 1.027648999999999985e-18
4.472317000000000320e+00 1.198090808104086372e-15 1.048277000000000096e-18
4.472982000000000014e+00 1.237062745015223367e-15 1.082215999999999997e-18
4.473646999999999707e+00 1.250650814826344273e-15 1.098589000000000048e-18
4.474312000000000289e+00 1.244766590362638898e-15 1.125162000000000053e-18
4.474976999999999983e+00 1.242864474968130244e-15 1.089769999999999980e-18
4.475641999999999676e+00 1.236771764690434273e-15 1.107452999999999911e-18
4.476307000000000258e+00 1.250697468650567487e-15 1.124306000000000017e-18
4.476971999999999952e+00 1.229181655238485555e-15 1.089530000000000049e-18
4.477636999999999645e+00 1.174481474415891923e-15 1.048644000000000042e-18
4.478302000000000227e+00 1.200447273032830685e-15 1.072289000000000042e-18
4.478966999999999921e+00 1.245837651211391742e-15 1.104178000000000019e-18
4.479631999999999614e+00 1.272848852841148001e-15 1.102482999999999929e-18
4.480297000000000196e+00 1.238974830402611150e-15 1.081520000000000043e-18
4.480961999999999890e+00 1.202053630067937505e-15 1.065640999999999952e-18
4.481626999999999583e+00 1.211360076823091485e-15 1.077109999999999964e-18
4.482292000000000165e+00 1.227586793724665812e-15 1.093378999999999943e-18
4.482956999999999859e+00 1.209917575482867271e-15 1.177691000000000061e-18
4.483622000000000440e+00 1.203794361476867509e-15 1.065246000000000002e-18
4.484287000000000134e+00 1.228858444015228149e-15 1.077031999999999909e-18
4.484951999999999828e+00 nan nan
4.485617000000000409e+00 nan nan
4.486282000000000103e+00 1.309360367912044507e-15 1.094257000000000024e-18
4.486946999999999797e+00 1.326803237409987019e-15 1.097807999999999991e-18
4.487612000000000378e+00 1.295329011754021443e-15 1.103454000000000060e-18
4.488277000000000072e+00 1.246666342476710528e-15 1.082513000000000027e-18
4.488941999999999766e+00 1.184683172039336169e-15 1.059859999999999921e-18
4.489607000000000347e+00 1.163506721669409384e-15 1.065412000000000044e-18
4.490272000000000041e+00 1.178792204154486821e-15 1.073757000000000017e-18
4.490936999999999735e+00 1.214762765837611855e-15 1.091059999999999994e-18
4.491602000000000317e+00 1.252863229474651789e-15 1.113721000000000046e-18
4.492267000000000010e+00 1.250154104145725429e-15 1.105851000000000064e-18
4.492931999999999704e+00 1.229209979665097695e-15 1.115877999999999926e-18
4.493597000000000286e+00 1.224388106790953189e-15 1.106178000000000085e-18
4.494261999999999979e+00 1.211276367387440687e-15 1.096553000000000031e-18
4.494926999999999673e+00 1.157438212451135249e-15 1.066983000000000002e-18
4.495592000000000255e+00 1.157322903266811759e-15 1.073601999999999998e-18
4.496256999999999948e+00 1.201115683489211330e-15 1.103482999999999962e-18
4.496921999999999642e+00 1.229422526868509258e-15 1.116799999999999905e-18
4.497587000000000224e+00 1.254296052673458690e-15 1.134098999999999908e-18
4.498251999999999917e+00 1.239153356572937189e-15 1.120196999999999941e-18
4.498916999999999611e+00 1.216867857872008641e-15 1.119489999999999965e-18
4.499582000000000193e+00 1.217762192449551054e-15 1.114957999999999934e-18
4.500246999999999886e+00 1.176932989235443732e-15 1.094427000000000039e-18
4.500911999999999580e+00 1.135227469658556912e-15 1.076804999999999988e-18
4.501577000000000162e+00 1.188835736320187109e-15 1.093793999999999952e-18
4.502241999999999855e+00 1.275034177312999507e-15 1.150430000000000048e-18
4.502907000000000437e+00 1.290458105308567691e-15 1.154244000000000081e-18
4.503572000000000131e+00 1.256836510512418765e-15 1.151720999999999959e-18
4.504236999999999824e+00 1.227867560880480806e-15 1.144207999999999990e-18
4.504902000000000406e+00 1.192659141666321436e-15 1.120598000000000044e-18
4.505567000000000100e+00 1.161988062523284539e-15 1.102022000000000036e-18
4.506231999999999793e+00 1.153085510250965040e-15 1.089779000000000016e-18
4.506897000000000375e+00 1.148377174623141672e-15 1.087499000000000094e-18
4.507562000000000069e+00 1.187251917297452828e-15 1.111180000000000045e-18
4.508226999999999762e+00 1.268391088086591338e-15 1.174226000000000095e-18
4.508892000000000344e+00 1.271532831247407861e-15 1.178972000000000039e-18
4.509557000000000038e+00 1.236758711445715641e-15 1.193519000000000012e-18
4.510221999999999731e+00 1.219964598414045211e-15 1.181851999999999980e-18
4.510887000000000313e+00 1.177568500984040670e-15 1.143841000000000044e-18
4.511552000000000007e+00 1.187183459035382723e-15 1.122344000000000081e-18
4.512216999999999700e+00 1.209870079289946753e-15 1.122019999999999943e-18
4.512882000000000282e+00 1.187095947469357134e-15 1.107526000000000096e-18
4.513546999999999976e+00 1.167658751807425833e-15 1.104559999999999960e-18
4.514211999999999669e+00 1.221279662888815596e-15 1.121194000000000091e-18
4.514877000000000251e+00 1.263509640966481774e-15 1.140629000000000019e-18
4.515541999999999945e+00 1.250233116427012139e-15 1.146655999999999940e-18
4.516206999999999638e+00 1.204288624126579065e-15 1.149985999999999945e-18
4.516872000000000220e+00 1.205483279609138175e-15 1.119994000000000051e-18
4.517536999999999914e+00 1.230557174892858626e-15 1.370540000000000066e-18
4.518201999999999607e+00 1.223075233451283241e-15 1.147865000000000016e-18
4.518867000000000189e+00 1.213558895821056630e-15 1.125474000000000079e-18
4.519531999999999883e+00 1.169040332419867608e-15 1.099795000000000048e-18
4.520196999999999576e+00 1.180505852184717229e-15 1.125489999999999972e-18
4.520862000000000158e+00 1.208963485884450721e-15 1.141251999999999981e-18
4.521526999999999852e+00 1.160856182190568709e-15 1.259981999999999964e-18
4.522192000000000434e+00 1.140065921945634654e-15 1.100470999999999943e-18
4.522857000000000127e+00 1.200211276024159574e-15 1.123524000000000062e-18
4.523521999999999821e+00 1.239331211334320300e-15 1.153745000000000057e-18
4.524187000000000403e+00 1.226414106429356987e-15 1.167555999999999960e-18
4.524852000000000096e+00 1.198250852132367488e-15 1.134034999999999952e-18
4.525516999999999790e+00 1.180435059495708252e-15 1.129956999999999957e-18
4.526182000000000372e+00 1.168054579311985970e-15 1.116148999999999938e-18
4.526847000000000065e+00 1.176924205718938478e-15 1.121789000000000048e-18
4.527511999999999759e+00 1.142925021467184772e-15 1.100113999999999930e-18
4.528177000000000341e+00 1.155433738663825268e-15 1.113764000000000046e-18
4.528842000000000034e+00 1.196631148973052069e-15 1.120043999999999908e-18
4.529506999999999728e+00 1.213848659947478664e-15 1.123943999999999941e-18
4.530172000000000310e+00 1.230858307402553941e-15 1.135777999999999913e-18
4.530837000000000003e+00 1.224547977641317645e-15 1.134058000000000087e-18
4.531501999999999697e+00 1.173827842315832118e-15 1.131960999999999997e-18
4.532167000000000279e+00 1.121824441226207899e-15 1.102300999999999994e-18
4.532831999999999972e+00 1.108997408154145500e-15 1.082913000000000040e-18
4.533496999999999666e+00 1.141826115501826536e-15 1.097821000000000000e-18
4.534162000000000248e+00 1.197881059588024352e-15 1.124700999999999968e-18
4.534826999999999941e+00 1.217781151065387053e-15 1.130345000000000051e-18
4.535491999999999635e+00 1.231600061659475533e-15 1.144692000000000018e-18
4.536157000000000217e+00 1.233840148591159229e-15 1.147313999999999957e-18
4.536821999999999910e+00 1.219664413399175586e-15 1.140070999999999910e-18
4.537486999999999604e+00 1.248558903243764211e-15 1.147302000000000037e-18
4.538152000000000186e+00 1.214796062955610419e-15 1.144841000000000078e-18
4.538816999999999879e+00 1.143451404194742834e-15 1.110937000000000038e-18
4.539481999999999573e+00 1.157132076770810063e-15 1.113190999999999942e-18
4.540147000000000155e+00 1.232895281207405888e-15 1.659439000000000034e-18
4.540811999999999848e+00 1.243130615065755338e-15 1.140062999999999963e-18
4.541477000000000430e+00 1.201306157125841391e-15 1.114224000000000042e-18
4.542142000000000124e+00 1.186152631200259634e-15 1.108772000000000019e-18
4.542806999999999817e+00 1.211839936658256815e-15 1.127353000000000090e-18
4.543472000000000399e+00 1.220817497499835367e-15 1.149198999999999928e-18
4.544137000000000093e+00 1.194371141380410256e-15 1.145565999999999933e-18
4.544801999999999786e+00 1.147077988945891776e-15 1.148874999999999982e-18
4.545467000000000368e+00 1.119827932336466642e-15 1.080800999999999955e-18
4.546132000000000062e+00 1.155025629554655038e-15 1.103280999999999969e-18
4.546796999999999755e+00 1.205871668245951709e-15 1.129461000000000010e-18
4.547462000000000337e+00 1.220381041225555698e-15 1.163163000000000056e-18
4.548127000000000031e+00 1.187415489841526422e-15 1.124324999999999986e-18
4.548791999999999724e+00 1.185982680004562876e-15 1.112986999999999962e-18
4.549457000000000306e+00 1.205636072089530941e-15 1.122827999999999916e-18
4.550122000000000000e+00 1.204190422118893480e-15 1.116969000000000023e-18
4.550786999999999694e+00 1.166100378711932419e-15 1.108888999999999909e-18
4.551452000000000275e+00 1.137562840304098356e-15 1.101635999999999929e-18
4.552116999999999969e+00 1.115559110957972064e-15 1.077797999999999971e-18
4.552781999999999663e+00 1.145849978388246805e-15 1.092385000000000062e-18
4.553447000000000244e+00 1.199846515729335235e-15 1.118827999999999976e-18
4.554111999999999938e+00 1.199293067948901938e-15 1.103710000000000077e-18
4.554776999999999632e+00 1.220348333147475046e-15 1.116587000000000081e-18
4.555442000000000213e+00 1.248237630546800295e-15 1.124807999999999924e-18
4.556106999999999907e+00 1.225816864609529472e-15 1.125287999999999978e-18
4.556771999999999601e+00 1.164323745669044836e-15 1.094638000000000068e-18
4.557437000000000182e+00 1.151058667787827000e-15 1.090521999999999943e-18
4.558101999999999876e+00 1.171605753772811388e-15 1.098475000000000043e-18
4.558766999999999570e+00 1.157916238046129170e-15 1.102465000000000050e-18
4.559432000000000151e+00 1.135024035143406151e-15 1.089068999999999963e-18
4.560096999999999845e+00 1.189533624276822969e-15 1.107618000000000056e-18
4.560762000000000427e+00 1.240916844532167848e-15 1.137084999999999909e-18
4.561427000000000120e+00 1.224176965798221981e-15 1.136805999999999950e-18
4.562091999999999814e+00 1.170650649328094708e-15 1.117965000000000083e-18
4.562757000000000396e+00 1.121979124022289640e-15 1.079753999999999948e-18
4.563422000000000089e+00 1.131312682765411213e-15 1.071864999999999997e-18
4.564086999999999783e+00 1.194758468334972381e-15 1.119852000000000041e-18
4.564752000000000365e+00 1.210442764304762189e-15 1.112177000000000002e-18
4.565417000000000058e+00 1.169737696589946367e-15 1.442926999999999957e-18
4.566081999999999752e+00 1.128420796214840822e-15 1.419178000000000076e-18
4.566747000000000334e+00 1.129768829570808617e-15 1.221163999999999953e-18
4.567412000000000027e+00 nan nan
4.568076999999999721e+00 nan nan
4.568742000000000303e+00 1.149362402656441141e-15 1.120996000000000071e-18
4.569406999999999996e+00 nan nan
4.570071999999999690e+00 nan nan
4.570737000000000272e+00 1.178721262493517064e-15 1.482047000000000061e-18
4.571401999999999965e+00 nan 1.251928999999999958e-18
4.572066999999999659e+00 1.182934746695339600e-15 1.090239999999999909e-18
4.572732000000000241e+00 1.128473117423265729e-15 1.052935000000000052e-18
4.573396999999999935e+00 1.114973510878085423e-15 1.046675000000000056e-18
4.574061999999999628e+00 1.175544112965900084e-15 1.091796000000000064e-18
4.574727000000000210e+00 1.212596785509342646e-15 1.148153000000000010e-18
4.575391999999999904e+00 1.165060884982598400e-15 1.082816999999999914e-18
4.576056999999999597e+00 1.122955058123556001e-15 1.048730999999999940e-18
4.576722000000000179e+00 1.167931537131071791e-15 1.052780999999999930e-18
4.577386999999999873e+00 1.211063292520747436e-15 1.079790000000000091e-18
4.578051999999999566e+00 1.202607481981179683e-15 1.089754999999999984e-18
4.578717000000000148e+00 1.173679029040405682e-15 1.067861999999999981e-18
4.579381999999999842e+00 1.159574780523722145e-15 1.045490999999999909e-18
4.580047000000000423e+00 1.129504432740860044e-15 1.015233999999999963e-18
4.580712000000000117e+00 1.129502900714221631e-15 1.044052999999999925e-18
4.581376999999999811e+00 1.169724952080059264e-15 1.038848999999999972e-18
4.582042000000000392e+00 1.150662179093191617e-15 1.023122999999999914e-18
4.582707000000000086e+00 1.158074283715906536e-15 1.025549000000000012e-18
4.583371999999999780e+00 1.210496511866675924e-15 1.049592000000000038e-18
4.584037000000000361e+00 1.182353414507047082e-15 1.044299999999999905e-18
4.584702000000000055e+00 1.138439159586441218e-15 1.015194000000000039e-18
4.585366999999999749e+00 1.168616905937533783e-15 1.031070999999999950e-18
4.586032000000000330e+00 1.198709913471208986e-15 1.040739000000000006e-18
4.586697000000000024e+00 1.203683223888443391e-15 1.036866999999999977e-18
4.587361999999999718e+00 1.185636885374427940e-15 1.192909000000000059e-18
4.588027000000000299e+00 1.134223887772745708e-15 1.020480000000000020e-18
4.588691999999999993e+00 1.124521751362419640e-15 1.007358000000000021e-18
4.589356999999999687e+00 1.119377773572931556e-15 1.014100000000000058e-18
4.590022000000000268e+00 1.126395340073230128e-15 1.009893999999999959e-18
4.590686999999999962e+00 1.184929255126896012e-15 1.039050999999999965e-18
4.591351999999999656e+00 1.230185061408159590e-15 1.077788000000000038e-18
4.592017000000000237e+00 1.235424156209418143e-15 1.071137000000000065e-18
4.592681999999999931e+00 1.227644833040025859e-15 1.060352000000000088e-18
4.593346999999999625e+00 1.166087477645289879e-15 1.036558000000000028e-18
4.594012000000000207e+00 1.127073867724454874e-15 1.009730999999999993e-18
4.594676999999999900e+00 1.090849690339304086e-15 9.936075000000000495e-19
4.595341999999999594e+00 1.060470250621017542e-15 9.744289000000000582e-19
4.596007000000000176e+00 1.086158716432942876e-15 9.849061000000000397e-19
4.596671999999999869e+00 1.139835009173907138e-15 1.073005999999999951e-18
4.597336999999999563e+00 1.170569109569457043e-15 1.059614999999999927e-18
4.598002000000000145e+00 1.189446415199469480e-15 1.042479000000000083e-18
4.598666999999999838e+00 1.196362123602607050e-15 1.047537999999999949e-18
4.599332000000000420e+00 1.167944801969733542e-15 1.043747000000000051e-18
4.599997000000000114e+00 1.196121615081812078e-15 1.075088999999999942e-18
4.600661999999999807e+00 1.203027237474168603e-15 1.053107999999999951e-18
4.601327000000000389e+00 1.153257661921378568e-15 1.036158000000000014e-18
4.601992000000000083e+00 1.075804928922159178e-15 1.002528000000000063e-18
4.602656999999999776e+00 1.069822166287303163e-15 9.962379000000000475e-19
4.603322000000000358e+00 1.139879576425088046e-15 1.047139000000000025e-18
4.603987000000000052e+00 1.150959142494047085e-15 1.040828999999999980e-18
4.604651999999999745e+00 1.127443859129863870e-15 1.042547999999999909e-18
4.605317000000000327e+00 1.157435891085340944e-15 1.053378000000000066e-18
4.605982000000000021e+00 1.248277042344136253e-15 2.514275000000000051e-18
4.606646999999999714e+00 1.209809830476420574e-15 1.076060999999999971e-18
4.607312000000000296e+00 1.208296094176177218e-15 1.114250000000000061e-18
4.607976999999999990e+00 1.145911826457343790e-15 1.055751000000000038e-18
4.608641999999999683e+00 1.099585322036963340e-15 1.032659999999999981e-18
4.609307000000000265e+00 1.073381060860187249e-15 1.019509000000000081e-18
4.609971999999999959e+00 1.085587341666098332e-15 1.022112000000000051e-18
4.610636999999999652e+00 1.160996671013083711e-15 1.071679000000000089e-18
4.611302000000000234e+00 1.215651398997724695e-15 1.109744999999999945e-18
4.611966999999999928e+00 1.196231525817260131e-15 1.119358999999999977e-18
4.612631999999999621e+00 1.180282759258103946e-15 1.078622999999999927e-18
4.613297000000000203e+00 1.178107283446061383e-15 1.077298999999999948e-18
4.613961999999999897e+00 1.135662639064288610e-15 1.073530000000000096e-18
4.614626999999999590e+00 1.106079911337527702e-15 1.049078999999999916e-18
4.615292000000000172e+00 1.111328804488499506e-15 1.026764000000000047e-18
4.615956999999999866e+00 1.114632527896974794e-15 1.038998000000000032e-18
4.616621999999999559e+00 1.131718916940563684e-15 1.050856999999999931e-18
4.617287000000000141e+00 1.124143911241511508e-15 1.054603999999999931e-18
4.617951999999999835e+00 nan 1.555557999999999924e-18
4.618617000000000417e+00 1.154231442123260107e-15 1.060128999999999946e-18
4.619282000000000110e+00 1.184465872768777779e-15 1.079373000000000096e-18
4.619946999999999804e+00 1.156718935752915653e-15 1.060528999999999960e-18
4.620612000000000386e+00 1.110302088617400701e-15 1.044831999999999996e-18
4.621277000000000079e+00 1.150007111777771663e-15 1.062332999999999992e-18
4.621941999999999773e+00 1.180995680530335064e-15 1.083678000000000013e-18
4.622607000000000355e+00 1.135130766663237121e-15 1.072848999999999945e-18
4.623272000000000048e+00 1.088020007180842927e-15 1.054833000000000032e-18
4.623936999999999742e+00 1.113340651469660236e-15 1.078055000000000077e-18
4.624602000000000324e+00 1.161820940003870390e-15 1.116823000000000039e-18
4.625267000000000017e+00 1.120784051231373516e-15 1.095294999999999995e-18
4.625931999999999711e+00 1.077464302541802502e-15 1.063731000000000052e-18
4.626597000000000293e+00 1.106355763429726879e-15 1.080679000000000003e-18
4.627261999999999986e+00 1.175044117533977134e-15 1.118665999999999907e-18
4.627926999999999680e+00 1.234206911041655678e-15 1.144817000000000046e-18
4.628592000000000262e+00 1.236317722294883895e-15 1.165764999999999936e-18
4.629256999999999955e+00 1.215047100980054581e-15 1.167323999999999976e-18
4.629921999999999649e+00 1.135757843874457139e-15 1.123152000000000054e-18
4.630587000000000231e+00 1.086341290008105134e-15 1.774856999999999892e-18
4.631251999999999924e+00 1.119224630064456667e-15 1.136657000000000083e-18
4.631916999999999618e+00 1.167668946660221961e-15 1.146885999999999938e-18
4.632582000000000200e+00 1.167539091378484341e-15 1.160274999999999976e-18
4.633246999999999893e+00 1.121424815527656545e-15 1.133432000000000048e-18
4.633911999999999587e+00 1.130826820598707815e-15 1.143804000000000004e-18
4.634577000000000169e+00 1.166048517918228962e-15 1.167310000000000070e-18
4.635241999999999862e+00 1.166774509623107110e-15 1.173445000000000037e-18
4.635906999999999556e+00 1.155556566736534118e-15 1.178824000000000068e-18
4.636572000000000138e+00 1.109766090757538591e-15 1.168898000000000011e-18
4.637236999999999831e+00 1.060125736672350124e-15 1.140954000000000054e-18
4.637902000000000413e+00 1.094221448311690338e-15 1.162075999999999932e-18
4.638567000000000107e+00 1.174577965900329731e-15 1.280816999999999939e-18
4.639231999999999800e+00 1.213166826541624452e-15 2.803358000000000133e-18
4.639897000000000382e+00 1.126837450709939957e-15 1.201482000000000045e-18
4.640562000000000076e+00 1.122797583419494362e-15 1.203165999999999919e-18
4.641226999999999769e+00 1.112689659768526126e-15 1.208417999999999936e-18
4.641892000000000351e+00 1.127285745767650210e-15 1.212233000000000058e-18
4.642557000000000045e+00 1.143748915093397873e-15 1.211784000000000084e-18
4.643221999999999738e+00 1.128438096827779475e-15 1.219396999999999960e-18
4.643887000000000320e+00 1.112415279726616212e-15 1.206992000000000064e-18
4.644552000000000014e+00 nan 1.749450999999999859e-18
4.645216999999999707e+00 1.102183585614343810e-15 1.379954999999999988e-18
4.645882000000000289e+00 1.126885159639732490e-15 1.265540999999999944e-18
4.646546999999999983e+00 1.125592918174290575e-15 1.704033999999999911e-18
4.647211999999999676e+00 1.147972084409338242e-15 1.916793000000000028e-18
4.647877000000000258e+00 1.126773453912234506e-15 1.384778999999999987e-18
4.648541999999999952e+00 1.101758712018477740e-15 1.349975000000000014e-18
4.649206999999999645e+00 nan 1.873875999999999873e-18
4.649872000000000227e+00 1.138506486017647801e-15 1.391087999999999943e-18
4.650536999999999921e+00 nan 1.979857999999999854e-18
4.651201999999999614e+00 1.139267327777135868e-15 1.435913000000000011e-18
4.651867000000000196e+00 1.134097576908411189e-15 1.557986999999999905e-18
4.652531999999999890e+00 1.097852323087472661e-15 1.593919999999999913e-18
4.653196999999999584e+00 1.087476702204676583e-15 1.577240000000000091e-18
4.653862000000000165e+00 1.114039918746264614e-15 1.663513999999999952e-18
4.654526999999999859e+00 1.132620268689454140e-15 1.758304000000000085e-18
4.655192000000000441e+00 1.144149691088666231e-15 1.796439000000000152e-18
4.655857000000000134e+00 1.195261275362538766e-15 1.823932000000000149e-18
4.656521999999999828e+00 1.190591959677218162e-15 1.730621000000000014e-18
4.657187000000000410e+00 1.112979931073868861e-15 1.601431999999999985e-18
4.657852000000000103e+00 1.110032674220115864e-15 1.579063999999999990e-18
4.658516999999999797e+00 1.157921853847818112e-15 1.605313000000000049e-18
4.659182000000000379e+00 1.152525763420030713e-15 1.506704000000000014e-18
4.659847000000000072e+00 1.074641342546323293e-15 1.381807000000000085e-18
4.660511999999999766e+00 1.057356486529949311e-15 1.272955999999999993e-18
4.661177000000000348e+00 1.101992202866189413e-15 1.246956000000000092e-18
4.661842000000000041e+00 1.126123609310120811e-15 1.244946999999999990e-18
4.662506999999999735e+00 1.126897924985629724e-15 1.232913999999999909e-18
4.663172000000000317e+00 1.139809480492621716e-15 1.218398000000000017e-18
4.663837000000000010e+00 1.139707532311381963e-15 1.223799999999999990e-18
4.664501999999999704e+00 1.158410746450952146e-15 1.237985999999999978e-18
4.665167000000000286e+00 1.186880228924189785e-15 1.243645000000000057e-18
4.665831999999999979e+00 1.174786199274102619e-15 1.246786999999999974e-18
4.666496999999999673e+00 1.116503174770324645e-15 1.196108999999999973e-18
4.667162000000000255e+00 1.063892132270133849e-15 1.175219999999999976e-18
4.667826999999999948e+00 1.061576767716077458e-15 1.182616000000000056e-18
4.668491999999999642e+00 1.102533061366764067e-15 1.218063000000000049e-18
4.669157000000000224e+00 1.131565722582267687e-15 1.234975999999999945e-18
4.669821999999999917e+00 1.131559194147309931e-15 1.235422999999999932e-18
4.670486999999999611e+00 1.131794963867866361e-15 2.539385000000000143e-18
4.671152000000000193e+00 nan 2.740111000000000179e-18
4.671816999999999886e+00 1.168840655877988932e-15 2.763802000000000064e-18
4.672481999999999580e+00 1.134689121471025676e-15 1.237103999999999923e-18
4.673147000000000162e+00 1.076458651633092736e-15 1.196456999999999950e-18
4.673811999999999856e+00 1.032853520032977115e-15 1.167725000000000078e-18
4.674477000000000437e+00 1.041757062994668175e-15 1.166936000000000074e-18
4.675142000000000131e+00 1.088132201361478856e-15 1.218551999999999947e-18
4.675806999999999825e+00 1.130478969822384781e-15 1.937476999999999956e-18
4.676472000000000406e+00 1.163583156971743328e-15 1.627814000000000019e-18
4.677137000000000100e+00 1.170249090292606457e-15 1.339136999999999910e-18
4.677801999999999794e+00 1.165483325594968115e-15 1.290421999999999935e-18
4.678467000000000375e+00 1.108642918063937997e-15 1.192896999999999947e-18
4.679132000000000069e+00 1.085805664992441113e-15 1.153201000000000047e-18
4.679796999999999763e+00 1.114079987178237790e-15 1.177927999999999915e-18
4.680462000000000344e+00 1.113960531223257185e-15 1.166186999999999995e-18
4.681127000000000038e+00 1.080128097460053867e-15 1.142055000000000083e-18
4.681791999999999732e+00 1.108998038749792759e-15 1.148983000000000028e-18
4.682457000000000313e+00 1.109535859043069750e-15 1.134133999999999962e-18
4.683122000000000007e+00 1.061841269870036036e-15 1.089493999999999905e-18
4.683786999999999701e+00 1.098154828919438078e-15 1.104550999999999925e-18
4.684452000000000282e+00 1.139897362704342117e-15 1.104393000000000021e-18
4.685116999999999976e+00 1.122548833694364876e-15 1.093756000000000014e-18
4.685781999999999670e+00 1.117391087797234901e-15 1.069103000000000034e-18
4.686447000000000251e+00 1.146888531692018342e-15 1.079428000000000016e-18
4.687111999999999945e+00 1.151034726116841489e-15 1.067100000000000084e-18
4.687776999999999639e+00 1.149120669869768631e-15 1.071734999999999906e-18
4.688442000000000220e+00 1.120622538258511248e-15 1.083648999999999918e-18
4.689106999999999914e+00 1.128422065845771822e-15 1.053324000000000043e-18
4.689771999999999608e+00 1.144254483186444265e-15 1.054653000000000084e-18
4.690437000000000189e+00 1.105406037425377972e-15 1.039456999999999938e-18
4.691101999999999883e+00 1.056690866608936308e-15 1.017279000000000016e-18
4.691766999999999577e+00 1.062080507976840189e-15 1.025693000000000009e-18
4.692432000000000158e+00 1.112732025412611792e-15 1.047049999999999948e-18
4.693096999999999852e+00 1.156058900502658910e-15 1.072930000000000076e-18
4.693762000000000434e+00 1.176369512895821325e-15 1.083298000000000058e-18
4.694427000000000127e+00 1.151989484489048386e-15 1.076827999999999930e-18
4.695091999999999821e+00 1.116867805598432391e-15 1.058703999999999971e-18
4.695757000000000403e+00 1.078082728912500869e-15 1.042973000000000043e-18
4.696422000000000097e+00 1.088444171833967923e-15 1.036975000000000023e-18
4.697086999999999790e+00 1.129817568394128605e-15 1.045170000000000040e-18
4.697752000000000372e+00 1.132861003701870264e-15 1.046215999999999957e-18
4.698417000000000066e+00 1.091237437641749456e-15 1.011774000000000060e-18
4.699081999999999759e+00 1.064597768736974517e-15 1.001064999999999958e-18
4.699747000000000341e+00 nan 1.475353999999999984e-18
4.700412000000000035e+00 nan 1.463430999999999936e-18
4.701076999999999728e+00 1.136623260874558339e-15 1.024771999999999927e-18
4.701742000000000310e+00 1.168330451804533237e-15 1.036999000000000055e-18
4.702407000000000004e+00 1.147066019840775375e-15 1.017761999999999954e-18
4.703071999999999697e+00 1.105022193778040610e-15 1.005946000000000055e-18
4.703737000000000279e+00 1.103143394347496063e-15 1.011447999999999935e-18
4.704401999999999973e+00 1.142700771981155601e-15 1.020325000000000000e-18
4.705066999999999666e+00 1.139490246204984893e-15 1.015386999999999996e-18
4.705732000000000248e+00 1.113730548727936699e-15 1.003065999999999921e-18
4.706396999999999942e+00 1.099160835565200048e-15 9.860793000000000282e-19
4.707061999999999635e+00 1.076845025405281277e-15 9.807188000000000173e-19
4.707727000000000217e+00 1.063671291921664919e-15 9.737410999999999146e-19
4.708391999999999911e+00 1.067015181178819514e-15 9.746064000000000713e-19
4.709056999999999604e+00 1.070113963710923799e-15 9.702632999999999962e-19
4.709722000000000186e+00 1.124156285404221190e-15 9.892962999999999241e-19
4.710386999999999880e+00 1.125893117192595568e-15 1.021660000000000001e-18
4.711051999999999573e+00 1.072221847990430249e-15 9.900873999999999430e-19
4.711717000000000155e+00 1.072696735886138748e-15 9.973717999999999240e-19
4.712381999999999849e+00 1.092056844524599105e-15 1.009820000000000070e-18
4.713047000000000430e+00 1.099623549991745616e-15 1.004936000000000089e-18
4.713712000000000124e+00 1.097295756068681975e-15 9.880626000000000044e-19
4.714376999999999818e+00 1.120904890219329402e-15 1.004028999999999914e-18
4.715042000000000399e+00 1.135365395817978933e-15 1.015467999999999934e-18
4.715707000000000093e+00 nan 1.398168000000000024e-18
4.716371999999999787e+00 1.100897850805946838e-15 1.000900000000000005e-18
4.717037000000000369e+00 1.083822084052478013e-15 9.983810000000000496e-19
4.717702000000000062e+00 1.055300753419815831e-15 9.816835999999999400e-19
4.718366999999999756e+00 1.040399368659280621e-15 9.799869999999999763e-19
4.719032000000000338e+00 1.056966070038325045e-15 9.949633999999999777e-19
4.719697000000000031e+00 1.109565364649983648e-15 1.027706000000000084e-18
4.720361999999999725e+00 1.125509879943568680e-15 1.026319999999999944e-18
4.721027000000000307e+00 1.114781199665241671e-15 1.026770999999999904e-18
4.721692000000000000e+00 1.128102847495496600e-15 1.029658999999999984e-18
4.722356999999999694e+00 1.160206760395000567e-15 1.039215999999999917e-18
4.723022000000000276e+00 1.155480627436181033e-15 1.039364999999999977e-18
4.723686999999999969e+00 1.134553594632293995e-15 1.025092000000000092e-18
4.724351999999999663e+00 1.131998510017640829e-15 1.023125000000000093e-18
4.725017000000000245e+00 1.115999350296623641e-15 1.163425999999999929e-18
4.725681999999999938e+00 1.078058985374391211e-15 1.004230999999999907e-18
4.726346999999999632e+00 1.048140454783115538e-15 9.959122000000000077e-19
4.727012000000000214e+00 1.043260416706820712e-15 9.990277999999999867e-19
4.727676999999999907e+00 1.058318898542818117e-15 1.014797999999999999e-18
4.728341999999999601e+00 1.067111017952618522e-15 1.023163000000000031e-18
4.729007000000000183e+00 1.071579552385963680e-15 1.026216999999999961e-18
4.729671999999999876e+00 1.060472785970864472e-15 1.016097000000000048e-18
4.730336999999999570e+00 1.087739721655415392e-15 1.047552000000000048e-18
4.731002000000000152e+00 1.112771880341154132e-15 1.044577000000000069e-18
4.731666999999999845e+00 1.135469017155043027e-15 1.069466999999999904e-18
4.732332000000000427e+00 1.123515549520751198e-15 1.079061999999999967e-18
4.732997000000000121e+00 1.081948695323396287e-15 1.044080000000000033e-18
4.733661999999999814e+00 1.080517412257288726e-15 1.059502999999999908e-18
4.734327000000000396e+00 1.070135402271069716e-15 1.054412999999999961e-18
4.734992000000000090e+00 1.065795645427355217e-15 1.058490999999999955e-18
4.735656999999999783e+00 1.050951923635743257e-15 1.059290999999999982e-18
4.736322000000000365e+00 1.056187190085470539e-15 1.072231000000000046e-18
4.736987000000000059e+00 1.087367647676113381e-15 1.097009000000000054e-18
4.737651999999999752e+00 1.112542275850627052e-15 1.101854999999999904e-18
4.738317000000000334e+00 1.116585945907601636e-15 1.103615999999999937e-18
4.738982000000000028e+00 1.111836134211129277e-15 1.110928000000000002e-18
4.739646999999999721e+00 1.114339519249663281e-15 1.120589000000000008e-18
4.740312000000000303e+00 1.097381008144913227e-15 1.125242999999999991e-18
4.740976999999999997e+00 1.070478922899163016e-15 1.099445000000000084e-18
4.741641999999999690e+00 1.061090190727273565e-15 1.109538000000000081e-18
4.742307000000000272e+00 1.068619258517846650e-15 1.106887999999999945e-18
4.742971999999999966e+00 1.112763950299282231e-15 1.144709000000000000e-18
4.743636999999999659e+00 1.146164146704388333e-15 1.164657999999999947e-18
4.744302000000000241e+00 1.113617205744843896e-15 1.149095999999999944e-18
4.744966999999999935e+00 1.053872313061908662e-15 1.127884999999999988e-18
4.745631999999999628e+00 1.041397585390258130e-15 1.114187000000000002e-18
4.746297000000000210e+00 1.094972745051711233e-15 1.157341999999999908e-18
4.746961999999999904e+00 1.119006995847813430e-15 1.173211000000000066e-18
4.747626999999999597e+00 1.120176153470245758e-15 1.185142000000000061e-18
4.748292000000000179e+00 1.103334172154816715e-15 1.182188000000000038e-18
4.748956999999999873e+00 1.097971264835927128e-15 1.203417999999999962e-18
4.749621999999999566e+00 1.075988829974553685e-15 1.193356000000000046e-18
4.750287000000000148e+00 1.061748182109398953e-15 1.182868999999999996e-18
4.750951999999999842e+00 1.078934121528644613e-15 1.211119999999999916e-18
4.751617000000000424e+00 1.080655232598959605e-15 1.220196999999999987e-18
4.752282000000000117e+00 1.094039420664030994e-15 1.227851000000000070e-18
4.752946999999999811e+00 1.120960086462670353e-15 1.253340000000000027e-18
4.753612000000000393e+00 nan nan
4.754277000000000086e+00 1.037905780393350017e-15 1.190869000000000069e-18
4.754941999999999780e+00 1.032404021717154197e-15 1.219465999999999979e-18
4.755607000000000362e+00 nan 1.804080999999999930e-18
4.756272000000000055e+00 1.117482358203234133e-15 1.262732000000000008e-18
4.756936999999999749e+00 1.124896377038021418e-15 1.255574000000000065e-18
4.757602000000000331e+00 1.122187337517751820e-15 1.272226999999999971e-18
4.758267000000000024e+00 1.106913729868313076e-15 1.257891000000000027e-18
4.758931999999999718e+00 1.076410119201894089e-15 1.326150000000000066e-18
4.759597000000000300e+00 1.102088909625026137e-15 1.387284999999999933e-18
4.760261999999999993e+00 1.123078405764890174e-15 1.387757000000000041e-18
4.760926999999999687e+00 1.109325767818914371e-15 1.360621999999999954e-18
4.761592000000000269e+00 1.082672094019781670e-15 1.221221000000000052e-18
4.762256999999999962e+00 1.053746952350488742e-15 1.211384999999999968e-18
4.762921999999999656e+00 1.038518259529858109e-15 1.184349000000000083e-18
4.763587000000000238e+00 1.045852969377836135e-15 1.197000999999999960e-18
4.764251999999999931e+00 1.047701441594370702e-15 1.177379999999999932e-18
4.764916999999999625e+00 1.060226345180425644e-15 1.171986999999999995e-18
4.765582000000000207e+00 1.055380347366453678e-15 1.158898999999999961e-18
4.766246999999999900e+00 1.056983958458129893e-15 1.151761000000000076e-18
4.766911999999999594e+00 1.047537309250713633e-15 1.138781999999999985e-18
4.767577000000000176e+00 1.034850714017909502e-15 1.128083000000000009e-18
4.768241999999999869e+00 1.052260767163891340e-15 1.127974999999999963e-18
4.768906999999999563e+00 1.097838019547250114e-15 1.155794000000000084e-18
4.769572000000000145e+00 1.118979743409648071e-15 1.162346999999999944e-18
4.770236999999999838e+00 1.103176504261092873e-15 1.267557000000000095e-18
4.770902000000000420e+00 1.099775365077995606e-15 1.144477000000000015e-18
4.771567000000000114e+00 1.093699362712147298e-15 1.127239999999999982e-18
4.772231999999999807e+00 1.059603402913635350e-15 1.109127000000000046e-18
4.772897000000000389e+00 1.024931583345235255e-15 1.156273999999999946e-18
4.773562000000000083e+00 1.027087632479159008e-15 1.093496000000000025e-18
4.774226999999999776e+00 1.072288584324643532e-15 1.106762999999999917e-18
4.774892000000000358e+00 1.077131227210859392e-15 1.095625000000000092e-18
4.775557000000000052e+00 1.054145498302302112e-15 1.080480999999999982e-18
4.776221999999999746e+00 1.060423964319801784e-15 1.091615999999999924e-18
4.776887000000000327e+00 1.055639737735294508e-15 1.089500000000000058e-18
4.777552000000000021e+00 1.073134773296882116e-15 1.097265999999999967e-18
4.778216999999999715e+00 1.073690796432121116e-15 1.082352000000000047e-18
4.778882000000000296e+00 1.047493785261829538e-15 1.062570999999999937e-18
4.779546999999999990e+00 1.026627791277046572e-15 1.049089000000000042e-18
4.780211999999999684e+00 1.039089212383373456e-15 1.059174000000000093e-18
4.780877000000000265e+00 1.064367802010751798e-15 1.050284000000000019e-18
4.781541999999999959e+00 1.082850499340730150e-15 1.057619000000000027e-18
4.782206999999999653e+00 1.095148414326528290e-15 1.074671999999999947e-18
4.782872000000000234e+00 1.073826740340240178e-15 1.050908000000000071e-18
4.783536999999999928e+00 1.027071867035650046e-15 1.007614000000000037e-18
4.784201999999999622e+00 1.028728475489205319e-15 1.009772000000000007e-18
4.784867000000000203e+00 1.044424491427315913e-15 1.003037999999999916e-18
4.785531999999999897e+00 1.052751773278671460e-15 1.015429999999999996e-18
4.786196999999999591e+00 1.030525498523724544e-15 9.948962999999999174e-19
4.786862000000000172e+00 1.038158060818544603e-15 1.006118999999999954e-18
4.787526999999999866e+00 1.070340015687464621e-15 1.013360999999999911e-18
4.788191999999999560e+00 1.113146315279164687e-15 1.026485999999999986e-18
4.788857000000000141e+00 1.146678983270640697e-15 1.044001000000000081e-18
4.789521999999999835e+00 1.134466536231832440e-15 1.028144999999999932e-18
4.790187000000000417e+00 1.097468932375410916e-15 1.013859999999999935e-18
4.790852000000000110e+00 1.064276370970870318e-15 9.901179000000000754e-19
4.791516999999999804e+00 1.063169464665582511e-15 9.820409000000000374e-19
4.792182000000000386e+00 1.066334175475296536e-15 9.793717999999999042e-19
4.792847000000000079e+00 1.040195480277412450e-15 9.716110999999999498e-19
4.793511999999999773e+00 1.015928392152268552e-15 9.497110000000000613e-19
4.794177000000000355e+00 1.020122643762186141e-15 9.510585999999999585e-19
4.794842000000000048e+00 1.025254925318390321e-15 9.524936000000000591e-19
4.795506999999999742e+00 1.042532851167127284e-15 9.585553999999999785e-19
4.796172000000000324e+00 1.077539130445282114e-15 9.744338999999999284e-19
4.796837000000000018e+00 1.085801827040943576e-15 9.790071000000000297e-19
4.797501999999999711e+00 1.096390985819319094e-15 9.826982000000000486e-19
4.798167000000000293e+00 1.132506907749881258e-15 1.004817999999999918e-18
4.798831999999999987e+00 1.158475921027297060e-15 1.024988000000000019e-18
4.799496999999999680e+00 1.137358098019837203e-15 1.016280999999999970e-18
4.800162000000000262e+00 1.089334573853162750e-15 1.150765999999999913e-18
4.800826999999999956e+00 nan 1.137003999999999971e-18
4.801491999999999649e+00 1.053741955706408851e-15 9.843184000000000240e-19
4.802157000000000231e+00 1.064472258064725117e-15 9.932365999999999662e-19
4.802821999999999925e+00 1.042346372184234490e-15 9.978901000000000008e-19
4.803486999999999618e+00 1.041424988467475540e-15 9.856268000000000300e-19
4.804152000000000200e+00 1.052347146231670770e-15 9.823501000000000435e-19
4.804816999999999894e+00 1.036388427266307206e-15 9.653255000000000485e-19
4.805481999999999587e+00 1.071996338525233741e-15 9.881681999999999509e-19
4.806147000000000169e+00 1.100600461951896576e-15 9.843958999999999375e-19
4.806811999999999863e+00 1.076236308747552544e-15 9.603374999999999947e-19
4.807476999999999556e+00 1.075747540035096645e-15 9.747065000000000066e-19
4.808142000000000138e+00 1.078031418873931259e-15 9.729417000000000574e-19
4.808806999999999832e+00 1.087239642750958898e-15 9.832400000000000159e-19
4.809472000000000413e+00 1.081283252296265919e-15 9.781236999999999655e-19
4.810137000000000107e+00 1.047916294531448919e-15 9.652336999999999517e-19
4.810801999999999801e+00 1.023159917539582732e-15 9.542082999999999302e-19
4.811467000000000382e+00 1.026538104499204136e-15 9.582942000000000357e-19
4.812132000000000076e+00 1.044462724898301746e-15 9.699645000000000360e-19
4.812796999999999770e+00 1.028633683447672647e-15 9.594561999999999453e-19
4.813462000000000351e+00 1.000779590457835284e-15 9.744632999999999430e-19
4.814127000000000045e+00 9.954946762763539463e-16 9.514411000000000410e-19
4.814791999999999739e+00 1.005275430824737976e-15 9.563084999999999601e-19
4.815457000000000320e+00 1.038917369031832005e-15 9.776783000000000449e-19
4.816122000000000014e+00 1.077045229860382160e-15 1.006911000000000034e-18
4.816786999999999708e+00 1.079265511687456408e-15 1.012973000000000010e-18
4.817452000000000290e+00 1.074279736853689044e-15 1.024165000000000050e-18
4.818116999999999983e+00 1.070376058848771470e-15 1.017623000000000020e-18
4.818781999999999677e+00 1.057111048414051497e-15 1.019420000000000004e-18
4.819447000000000259e+00 1.045461710507401566e-15 1.010194999999999962e-18
4.820111999999999952e+00 1.058167143445137127e-15 1.035034999999999939e-18
4.820776999999999646e+00 1.051012585102979107e-15 1.035090000000000052e-18
4.821442000000000228e+00 1.081569768470275428e-15 1.058789999999999972e-18
4.822106999999999921e+00 1.101287944486671415e-15 1.069490000000000038e-18
4.822771999999999615e+00 1.061696292063357553e-15 1.063075999999999920e-18
4.823437000000000197e+00 9.988800049756580909e-16 1.058256999999999984e-18
4.824101999999999890e+00 9.909150232407816533e-16 1.052961999999999967e-18
4.824766999999999584e+00 1.037903118431452438e-15 1.088404999999999987e-18
4.825432000000000166e+00 1.065538858990509849e-15 1.109761999999999927e-18
4.826096999999999859e+00 1.072053184755595070e-15 1.128133000000000058e-18
4.826762000000000441e+00 1.078475281664225917e-15 1.133161000000000037e-18
4.827427000000000135e+00 1.069093840125428373e-15 1.141117000000000019e-18
4.828091999999999828e+00 1.056653416017827683e-15 1.138937000000000005e-18
4.828757000000000410e+00 1.059361739603441598e-15 1.172469000000000036e-18
4.829422000000000104e+00 1.092286099594917122e-15 1.189388999999999981e-18
4.830086999999999797e+00 1.101100621003717597e-15 2.480320000000000065e-18
4.830752000000000379e+00 1.080221455046895969e-15 1.183779000000000055e-18
4.831417000000000073e+00 1.066039416958017424e-15 1.192890000000000091e-18
4.832081999999999766e+00 1.067072810221462532e-15 1.174299000000000087e-18
4.832747000000000348e+00 1.049273898603210416e-15 1.169543999999999914e-18
4.833412000000000042e+00 9.969985141191915389e-16 1.153053999999999974e-18
4.834076999999999735e+00 9.896290975258247765e-16 1.124973000000000069e-18
4.834742000000000317e+00 1.037414045126230259e-15 1.648084999999999924e-18
4.835407000000000011e+00 1.041996920101194025e-15 1.158029999999999916e-18
4.836071999999999704e+00 1.030357029413424118e-15 1.174890999999999968e-18
4.836737000000000286e+00 1.042545543168386032e-15 1.168772999999999982e-18
4.837401999999999980e+00 1.041120718176164940e-15 1.164721000000000006e-18
4.838066999999999673e+00 nan 1.379801999999999955e-18
4.838732000000000255e+00 1.088759308176116009e-15 1.189901000000000013e-18
4.839396999999999949e+00 1.087118481941149714e-15 1.191935000000000044e-18
4.840061999999999642e+00 nan 1.369835000000000076e-18
4.840727000000000224e+00 1.015883127726182673e-15 1.204750000000000080e-18
4.841391999999999918e+00 1.023849379396871440e-15 1.191610000000000010e-18
4.842056999999999611e+00 1.044256263748536480e-15 1.231563000000000016e-18
4.842722000000000193e+00 1.022439643112140847e-15 1.188438999999999998e-18
4.843386999999999887e+00 9.826097876211045901e-16 1.184422000000000075e-18
4.844051999999999580e+00 9.774598054712822158e-16 1.220619000000000045e-18
4.844717000000000162e+00 1.034828248385139618e-15 1.251414000000000042e-18
4.845381999999999856e+00 1.086057423400844653e-15 1.262644999999999917e-18
4.846047000000000438e+00 1.094629389466363712e-15 1.254557999999999946e-18
4.846712000000000131e+00 1.076026981799026684e-15 1.245872000000000045e-18
4.847376999999999825e+00 1.063727228368676212e-15 1.233225999999999935e-18
4.848042000000000407e+00 1.055165974519314787e-15 1.217051000000000096e-18
4.848707000000000100e+00 1.039177066135029826e-15 1.186038999999999918e-18
4.849371999999999794e+00 1.053445287020782827e-15 1.201506999999999973e-18
4.850037000000000376e+00 1.053652269373153827e-15 1.219626999999999958e-18
4.850702000000000069e+00 1.066834002387805137e-15 1.219437000000000077e-18
4.851366999999999763e+00 1.081647239320452574e-15 1.218095000000000027e-18
4.852032000000000345e+00 1.077384274813788974e-15 1.212205999999999950e-18
4.852697000000000038e+00 1.033976986802512499e-15 1.170651999999999994e-18
4.853361999999999732e+00 9.861159399090430354e-16 1.122615000000000093e-18
4.854027000000000314e+00 9.896470604424097174e-16 1.128182999999999916e-18
4.854692000000000007e+00 1.001196933706458762e-15 1.125581000000000035e-18
4.855356999999999701e+00 1.022759220616955118e-15 1.138546999999999925e-18
4.856022000000000283e+00 1.024628903662420511e-15 1.125250999999999938e-18
4.856686999999999976e+00 1.010518195325481869e-15 1.105322999999999946e-18
4.857351999999999670e+00 1.010920013884866485e-15 1.106590999999999915e-18
4.858017000000000252e+00 1.016612909848582523e-15 1.101936999999999932e-18
4.858681999999999945e+00 1.038516785146717428e-15 1.107143000000000064e-18
4.859346999999999639e+00 1.065752951416160014e-15 1.109017999999999910e-18
4.860012000000000221e+00 1.081021738752093286e-15 1.123438000000000061e-18
4.860676999999999914e+00 1.068703842372008589e-15 1.109587999999999939e-18
4.861341999999999608e+00 1.067351099097643781e-15 1.102383999999999919e-18
4.862007000000000190e+00 1.081693950707925462e-15 1.110585000000000088e-18
4.862671999999999883e+00 1.065236281113109173e-15 1.081991000000000062e-18
4.863336999999999577e+00 1.014304752766783752e-15 1.044293000000000048e-18
4.864002000000000159e+00 9.662769524967496481e-16 1.020353000000000005e-18
4.864666999999999852e+00 9.636550377008535219e-16 1.013393000000000082e-18
4.865332000000000434e+00 9.697972016557054563e-16 1.193640000000000067e-18
4.865997000000000128e+00 9.819791715624313051e-16 1.005636000000000016e-18
4.866661999999999821e+00 1.016410110636293099e-15 1.029875999999999973e-18
4.867327000000000403e+00 nan 1.191404999999999940e-18
4.867992000000000097e+00 1.027541780550109592e-15 1.022331000000000026e-18
4.868656999999999790e+00 1.054309861267085537e-15 1.032491999999999952e-18
4.869322000000000372e+00 1.052403109760488946e-15 1.044768999999999937e-18
4.869987000000000066e+00 1.048734608299810238e-15 1.025560999999999931e-18
4.870651999999999759e+00 1.047238156952213774e-15 1.017720999999999941e-18
4.871317000000000341e+00 1.032760012197479180e-15 1.001563000000000084e-18
4.871982000000000035e+00 1.036739402096193215e-15 1.007032999999999986e-18
4.872646999999999728e+00 1.028862194671260675e-15 9.836379000000000144e-19
4.873312000000000310e+00 9.988065377596012905e-16 9.724456000000000820e-19
4.873977000000000004e+00 9.742944102607020577e-16 9.661256999999999389e-19
4.874641999999999697e+00 9.934328490957957306e-16 9.802999000000000634e-19
4.875307000000000279e+00 1.004394759900892119e-15 9.651031000000000766e-19
4.875971999999999973e+00 9.697431791159082752e-16 9.454609000000000364e-19
4.876636999999999666e+00 9.639724391366746856e-16 9.411535000000000203e-19
4.877302000000000248e+00 9.915682721398613046e-16 9.557369000000000578e-19
4.877966999999999942e+00 1.038536402122501231e-15 9.850910000000000225e-19
4.878631999999999636e+00 1.055633042982449977e-15 1.005991999999999939e-18
4.879297000000000217e+00 1.058031245735705219e-15 9.948175000000000223e-19
4.879961999999999911e+00 1.072678468090446599e-15 9.857149000000000458e-19
4.880626999999999605e+00 1.057479906366082258e-15 9.800682999999999991e-19
4.881292000000000186e+00 1.052186914271492287e-15 9.747625000000000161e-19
4.881956999999999880e+00 1.037270959582144338e-15 9.685757000000000684e-19
4.882621999999999574e+00 1.048086149848903495e-15 9.775282000000000599e-19
4.883287000000000155e+00 1.044965010535294789e-15 1.011258000000000054e-18
4.883951999999999849e+00 9.981012214964414923e-16 9.486567999999999486e-19
4.884617000000000431e+00 9.686380981076781383e-16 9.340369000000000115e-19
4.885282000000000124e+00 9.787743375320663428e-16 9.323464000000000358e-19
4.885946999999999818e+00 9.890867002288290909e-16 9.500660000000000875e-19
4.886612000000000400e+00 9.844554650134455965e-16 9.463397999999999863e-19
4.887277000000000093e+00 9.872955898910516971e-16 9.494626000000000711e-19
4.887941999999999787e+00 1.028308446883170945e-15 9.745598000000000180e-19
4.888607000000000369e+00 1.063680844514788229e-15 9.966973000000000668e-19
4.889272000000000062e+00 1.067069752146134794e-15 9.951680999999999625e-19
4.889936999999999756e+00 1.034560238085305948e-15 9.790634999999999596e-19
4.890602000000000338e+00 1.043901979538063466e-15 1.005871000000000077e-18
4.891267000000000031e+00 1.056523524484335840e-15 1.023290999999999942e-18
4.891931999999999725e+00 1.041826356101321093e-15 1.015284999999999910e-18
4.892597000000000307e+00 1.021021756082626645e-15 1.000008999999999915e-18
4.893262000000000000e+00 1.017742936460420670e-15 1.009201000000000081e-18
4.893926999999999694e+00 1.021834397261523481e-15 1.011909999999999918e-18
4.894592000000000276e+00 9.790912232330441417e-16 9.964524999999999369e-19
4.895256999999999969e+00 9.471197958200098007e-16 9.922758000000000168e-19
4.895921999999999663e+00 9.796821994563529319e-16 1.027269000000000030e-18
4.896587000000000245e+00 1.012666628338063502e-15 1.058146999999999952e-18
4.897251999999999938e+00 1.004701676479909005e-15 1.057866999999999904e-18
4.897916999999999632e+00 9.454147082617073798e-16 1.003192000000000039e-18
4.898582000000000214e+00 9.200733277105790942e-16 9.985740000000000069e-19
4.899246999999999908e+00 9.505489051220046693e-16 1.028125999999999963e-18
4.899911999999999601e+00 1.007913707947503600e-15 1.038936999999999959e-18
4.900577000000000183e+00 1.067419190397166859e-15 1.079961000000000004e-18
4.901241999999999877e+00 1.076075628274147982e-15 1.093236000000000035e-18
4.901906999999999570e+00 1.035674097809288475e-15 1.259026999999999918e-18
4.902572000000000152e+00 1.022852762164262318e-15 1.071083000000000042e-18
4.903236999999999846e+00 1.050944383642932124e-15 1.206927000000000018e-18
4.903902000000000427e+00 1.053341847070613283e-15 1.142188999999999955e-18
4.904567000000000121e+00 1.025740755059392195e-15 1.124362000000000027e-18
4.905231999999999815e+00 9.721470349442537353e-16 1.123666000000000073e-18
4.905897000000000396e+00 9.643204727039445772e-16 1.127795000000000014e-18
4.906562000000000090e+00 9.841282295146044211e-16 1.153150999999999997e-18
4.907226999999999784e+00 1.001366310231908553e-15 1.178665000000000076e-18
4.907892000000000365e+00 9.999422320224857566e-16 1.118968000000000000e-18
4.908557000000000059e+00 9.864913137677646963e-16 1.123034999999999972e-18
4.909221999999999753e+00 9.662045035048543537e-16 1.104989999999999965e-18
4.909887000000000334e+00 1.004955426075515702e-15 1.131753999999999941e-18
4.910552000000000028e+00 1.043110257488541456e-15 1.162166999999999996e-18
4.911216999999999722e+00 1.039484405803289444e-15 1.165345999999999954e-18
4.911882000000000303e+00 1.037595532883809184e-15 1.163309000000000040e-18
4.912546999999999997e+00 1.032463009882851067e-15 1.166699000000000027e-18
4.913211999999999691e+00 1.033720214978502281e-15 1.179363999999999913e-18
4.913877000000000272e+00 1.025084828933638735e-15 1.178433000000000091e-18
4.914541999999999966e+00 1.027206060366908575e-15 1.195573999999999999e-18
4.915206999999999660e+00 9.866080605400196890e-16 1.175864999999999983e-18
4.915872000000000241e+00 9.477697772385575497e-16 1.157716000000000096e-18
4.916536999999999935e+00 9.681646577185780606e-16 1.166157000000000003e-18
4.917201999999999629e+00 1.019084328260147941e-15 1.201699999999999930e-18
4.917867000000000210e+00 1.036319923427296389e-15 1.216176000000000091e-18
4.918531999999999904e+00 1.030188059013801434e-15 1.244963999999999972e-18
4.919196999999999598e+00 1.031742946035763068e-15 1.277372999999999928e-18
4.919862000000000180e+00 1.019149323066173881e-15 1.237933000000000044e-18
4.920526999999999873e+00 9.785216580669386246e-16 1.181356999999999930e-18
4.921191999999999567e+00 1.010269533838066490e-15 1.217272000000000058e-18
4.921857000000000149e+00 1.056130328553455508e-15 1.249740999999999997e-18
4.922521999999999842e+00 1.057695954074513068e-15 1.242005000000000079e-18
4.923187000000000424e+00 1.051509407003090313e-15 1.241519999999999962e-18
4.923852000000000118e+00 1.048045775490455643e-15 1.767029000000000014e-18
4.924516999999999811e+00 1.039116551807404620e-15 1.765087000000000136e-18
4.925182000000000393e+00 9.798495167602762790e-16 1.382230000000000040e-18
4.925847000000000087e+00 9.463194907851872346e-16 1.178929999999999935e-18
4.926511999999999780e+00 9.557115989205947315e-16 1.175229000000000012e-18
4.927177000000000362e+00 9.595788724961291686e-16 1.165543000000000077e-18
4.927842000000000056e+00 9.686882155818134100e-16 1.162787999999999971e-18
4.928506999999999749e+00 9.752496706335585305e-16 1.167593000000000001e-18
4.929172000000000331e+00 9.968883928647126888e-16 1.186288000000000077e-18
4.929837000000000025e+00 1.015485109532954263e-15 1.176216000000000036e-18
4.930501999999999718e+00 1.037259332747069992e-15 1.185202000000000043e-18
4.931167000000000300e+00 1.035022588078060243e-15 1.187878000000000005e-18
4.931831999999999994e+00 9.873979273291753359e-16 1.161781000000000081e-18
4.932496999999999687e+00 9.751346667737755172e-16 1.131027999999999996e-18
4.933162000000000269e+00 9.821901070676557797e-16 1.136704000000000057e-18
4.933826999999999963e+00 9.918281634935355230e-16 1.129298000000000044e-18
4.934491999999999656e+00 9.982638356915315168e-16 1.123879999999999986e-18
4.935157000000000238e+00 nan 1.338715000000000045e-18
4.935821999999999932e+00 9.365080017318043625e-16 1.166876999999999989e-18
4.936486999999999625e+00 9.378759910987103811e-16 1.219735000000000004e-18
4.937152000000000207e+00 9.485893637092314848e-16 1.177280000000000025e-18
4.937816999999999901e+00 9.295752967494010861e-16 1.127032999999999926e-18
4.938481999999999594e+00 9.380235832906776039e-16 1.083107999999999984e-18
4.939147000000000176e+00 9.878943779885087873e-16 1.102701999999999905e-18
4.939811999999999870e+00 1.030259586388036042e-15 1.122015999999999970e-18
4.940476999999999563e+00 1.063458168422919595e-15 1.139168999999999989e-18
4.941142000000000145e+00 1.061840810753163141e-15 1.139759000000000076e-18
4.941806999999999839e+00 1.027307506571873569e-15 1.106330000000000029e-18
4.942472000000000421e+00 1.000220307527971681e-15 1.100221999999999976e-18
4.943137000000000114e+00 9.558165093705634030e-16 1.054689000000000035e-18
4.943801999999999808e+00 9.550654690096415208e-16 1.077021000000000079e-18
4.944467000000000390e+00 1.007333053477492520e-15 1.122670000000000013e-18
4.945132000000000083e+00 1.038703030423455350e-15 1.152098999999999928e-18
4.945796999999999777e+00 nan nan
4.946462000000000359e+00 9.802921804695844441e-16 1.076430000000000095e-18
4.947127000000000052e+00 9.543129342548362539e-16 1.030360000000000001e-18
4.947791999999999746e+00 9.614128821541861088e-16 1.034327000000000066e-18
4.948457000000000328e+00 9.460706164510748225e-16 1.024206000000000064e-18
4.949122000000000021e+00 9.415357646999211423e-16 1.018189999999999972e-18
4.949786999999999715e+00 9.846322885422305737e-16 1.032362000000000054e-18
4.950452000000000297e+00 1.011992770654988248e-15 1.049721999999999937e-18
4.951116999999999990e+00 1.020618080225105756e-15 1.056147999999999975e-18
4.951781999999999684e+00 1.006722953681861723e-15 1.032054000000000001e-18
4.952447000000000266e+00 9.843999755050971717e-16 1.013846999999999926e-18
4.953111999999999959e+00 9.677454438762428200e-16 1.012550999999999952e-18
4.953776999999999653e+00 9.690737378629628944e-16 1.029331999999999963e-18
4.954442000000000235e+00 9.384934466451303319e-16 1.008457999999999961e-18
4.955106999999999928e+00 9.210200320155280953e-16 1.010691999999999999e-18
4.955771999999999622e+00 9.588484186225901674e-16 1.015772000000000014e-18
4.956437000000000204e+00 1.012772660098734819e-15 1.033991999999999906e-18
4.957101999999999897e+00 9.974735361871754818e-16 1.030679999999999973e-18
4.957766999999999591e+00 9.563147897276985061e-16 1.003586000000000092e-18
4.958432000000000173e+00 9.520429470323700064e-16 1.015358000000000094e-18
4.959096999999999866e+00 9.825936070007125774e-16 1.042152999999999958e-18
4.959761999999999560e+00 9.767479733206787380e-16 1.031545999999999942e-18
4.960427000000000142e+00 9.571580589493515714e-16 1.026973000000000090e-18
4.961091999999999835e+00 9.733575510958113684e-16 1.052591999999999945e-18
4.961757000000000417e+00 1.013872020529837714e-15 1.076687999999999906e-18
4.962422000000000111e+00 1.021702101886968926e-15 1.089410999999999980e-18
4.963086999999999804e+00 nan 2.533716000000000131e-18
4.963752000000000386e+00 9.964152521609935288e-16 1.336122999999999905e-18
4.964417000000000080e+00 1.013065685198966991e-15 1.148519999999999956e-18
4.965081999999999773e+00 1.017423850084923017e-15 1.091452000000000061e-18
4.965747000000000355e+00 1.012943873948085676e-15 1.129653999999999967e-18
4.966412000000000049e+00 9.712278108473608643e-16 1.040103999999999931e-18
4.967076999999999742e+00 9.293600203953841609e-16 1.017202000000000051e-18
4.967742000000000324e+00 9.123757955471971285e-16 1.002199999999999952e-18
4.968407000000000018e+00 8.967028995124906926e-16 1.002287000000000043e-18
4.969071999999999711e+00 9.092267313966535631e-16 9.963119999999999645e-19
4.969737000000000293e+00 9.222056734174454705e-16 1.007150999999999965e-18
4.970401999999999987e+00 9.558372910780623045e-16 1.040322999999999907e-18
4.971066999999999680e+00 9.788023300822490283e-16 1.049108999999999908e-18
4.971732000000000262e+00 9.602065114897209393e-16 1.040127000000000066e-18
4.972396999999999956e+00 9.691638599065561222e-16 1.055138999999999906e-18
4.973061999999999649e+00 9.987867716088248157e-16 1.089117999999999924e-18
4.973727000000000231e+00 1.021528685613631524e-15 1.093541999999999909e-18
4.974391999999999925e+00 1.038848715324341289e-15 1.115148999999999905e-18
4.975056999999999618e+00 1.040814420765699790e-15 1.116840999999999918e-18
4.975722000000000200e+00 1.025144545662642075e-15 1.121873999999999959e-18
4.976386999999999894e+00 1.018936829259069618e-15 1.121660999999999944e-18
4.977051999999999587e+00 1.003443406732856405e-15 1.136298000000000084e-18
4.977717000000000169e+00 9.862142782192146681e-16 1.110653000000000017e-18
4.978381999999999863e+00 9.514560235448249787e-16 1.093236000000000035e-18
4.979046999999999557e+00 9.182648806099683193e-16 1.071692999999999995e-18
4.979712000000000138e+00 9.289561568551966467e-16 1.086877000000000029e-18
4.980376999999999832e+00 9.470785332443885430e-16 1.103181999999999959e-18
4.981042000000000414e+00 9.771387200797457239e-16 1.123683000000000055e-18
4.981707000000000107e+00 9.921310891630235219e-16 1.132357999999999934e-18
4.982371999999999801e+00 9.796405791726890019e-16 1.127866000000000020e-18
4.983037000000000383e+00 9.565684556646878516e-16 1.103546000000000021e-18
4.983702000000000076e+00 9.504156068355276406e-16 1.100846000000000028e-18
4.984366999999999770e+00 9.861633651086898672e-16 1.120005999999999971e-18
4.985032000000000352e+00 1.015124390238490810e-15 1.144389000000000028e-18
4.985697000000000045e+00 1.011939004591910237e-15 1.143269999999999926e-18
4.986361999999999739e+00 1.009071084084292478e-15 1.143759000000000017e-18
4.987027000000000321e+00 1.032767374812869075e-15 1.159427000000000078e-18
4.987692000000000014e+00 1.044449668165827695e-15 1.170018999999999906e-18
4.988356999999999708e+00 1.018720747531254451e-15 1.188003000000000033e-18
4.989022000000000290e+00 9.714530218102938682e-16 1.186120000000000049e-18
4.989686999999999983e+00 9.301419355570371779e-16 1.184699000000000047e-18
4.990351999999999677e+00 9.155780699619468606e-16 1.181849999999999994e-18
4.991017000000000259e+00 9.108907517232922454e-16 1.243961000000000056e-18
4.991681999999999952e+00 9.374967378546104744e-16 1.330641999999999980e-18
4.992346999999999646e+00 9.732363272751437624e-16 1.480910999999999977e-18
4.993012000000000228e+00 9.969716581435199929e-16 1.523892000000000088e-18
4.993676999999999921e+00 9.958875706120966422e-16 1.520252999999999941e-18
4.994341999999999615e+00 9.570147357230826062e-16 1.474426000000000046e-18
4.995007000000000197e+00 9.264933238839454130e-16 1.457101000000000025e-18
4.995671999999999890e+00 9.225793637000826679e-16 1.463075999999999910e-18
4.996336999999999584e+00 9.151508528319104007e-16 1.461379999999999923e-18
4.997002000000000166e+00 9.254844580173752026e-16 1.447129999999999980e-18
4.997666999999999859e+00 9.550879223608921536e-16 1.452690000000000049e-18
4.998332000000000441e+00 nan 1.457073000000000020e-18
4.998997000000000135e+00 nan 1.390227999999999934e-18
4.999661999999999829e+00 9.328770177207536813e-16 1.320991999999999996e-18
5.000327000000000410e+00 9.255872433810665395e-16 1.306650000000000092e-18
5.000992000000000104e+00 9.237412475996756030e-16 1.291877999999999991e-18
5.001656999999999798e+00 9.305021558532560548e-16 1.303960999999999929e-18
5.002322000000000379e+00 9.389731030427917051e-16 1.297922000000000088e-18
5.002987000000000073e+00 9.261337986339919197e-16 1.270929000000000011e-18
5.003651999999999767e+00 9.433005866062531913e-16 1.280835999999999907e-18
5.004317000000000348e+00 9.942763453584794223e-16 1.321969999999999985e-18
5.004982000000000042e+00 1.033283653756926428e-15 1.356268999999999974e-18
5.005646999999999736e+00 1.024685577323541774e-15 1.335871000000000054e-18
5.006312000000000317e+00 9.791779429485207155e-16 1.305787999999999904e-18
5.006977000000000011e+00 9.680574991648537194e-16 1.259794000000000070e-18
5.007641999999999705e+00 9.991923764195206250e-16 1.294723000000000071e-18
5.008307000000000286e+00 9.971228716039287512e-16 1.301654999999999989e-18
5.008971999999999980e+00 9.986820176849095096e-16 1.272912999999999992e-18
5.009636999999999674e+00 9.992914931095749496e-16 1.248226999999999945e-18
5.010302000000000255e+00 9.692017242488371169e-16 1.191488000000000057e-18
5.010966999999999949e+00 9.686396146835241592e-16 1.138204999999999907e-18
5.011631999999999643e+00 9.592414498592957302e-16 1.069903000000000061e-18
5.012297000000000224e+00 9.215544976719954762e-16 1.026489000000000062e-18
5.012961999999999918e+00 9.141279829984730158e-16 1.013629000000000040e-18
5.013626999999999612e+00 9.484729911830165007e-16 1.025122000000000083e-18
5.014292000000000193e+00 9.846672689198902509e-16 1.037728999999999973e-18
5.014956999999999887e+00 9.627504370581586472e-16 1.002631000000000046e-18
5.015621999999999581e+00 9.278305203811444933e-16 9.802433999999999128e-19
5.016287000000000162e+00 9.390754712295145581e-16 9.639281999999999936e-19
5.016951999999999856e+00 9.600784430318280302e-16 9.639749999999999108e-19
5.017617000000000438e+00 9.561539018136169125e-16 9.612802000000000366e-19
5.018282000000000131e+00 9.078267026403996929e-16 9.347763999999999143e-19
5.018946999999999825e+00 8.796773598623889443e-16 9.205830999999999853e-19
5.019612000000000407e+00 8.836491662296016581e-16 9.125484999999999711e-19
5.020277000000000100e+00 9.035513514117926232e-16 9.237013999999999559e-19
5.020941999999999794e+00 9.308791293896038967e-16 9.504910000000000294e-19
5.021607000000000376e+00 9.295130067975896140e-16 9.529906999999999314e-19
5.022272000000000070e+00 9.346042225770707935e-16 9.524703000000000324e-19
5.022936999999999763e+00 nan nan
5.023602000000000345e+00 nan nan
5.024267000000000039e+00 9.182810878760294887e-16 9.205576999999999438e-19
5.024931999999999732e+00 9.121926541316675246e-16 9.162499000000000075e-19
5.025597000000000314e+00 9.348922390974422320e-16 9.272818999999999654e-19
5.026262000000000008e+00 9.410088853817077871e-16 9.310659000000000063e-19
5.026926999999999701e+00 9.370166777351002669e-16 9.208951000000000111e-19
5.027592000000000283e+00 9.216835733527887808e-16 9.128032000000000056e-19
5.028256999999999977e+00 9.118797349094476300e-16 9.049805999999999175e-19
5.028921999999999670e+00 9.111724514282714470e-16 9.039022999999999377e-19
5.029587000000000252e+00 9.106547858924620501e-16 9.181889000000000016e-19
5.030251999999999946e+00 9.114132409613316962e-16 9.152580999999999771e-19
5.030916999999999639e+00 9.273797662410489302e-16 9.342200000000000641e-19
5.031582000000000221e+00 nan 9.435082000000000283e-19
5.032246999999999915e+00 nan 9.347906000000000694e-19
5.032911999999999608e+00 9.246999666056009677e-16 9.336595000000000200e-19
5.033577000000000190e+00 9.290245773213591164e-16 9.486266000000000934e-19
5.034241999999999884e+00 9.538429064461926688e-16 9.609943000000000573e-19
5.034906999999999577e+00 nan 1.149015000000000006e-18
5.035572000000000159e+00 9.533147459642105215e-16 1.142287000000000068e-18
5.036236999999999853e+00 9.495190934009283202e-16 9.705546999999999868e-19
5.036902000000000434e+00 9.643429149259169630e-16 9.826612000000000078e-19
5.037567000000000128e+00 9.700823847667755831e-16 1.003915999999999997e-18
5.038231999999999822e+00 9.677462013975174734e-16 1.009929999999999910e-18
5.038897000000000403e+00 9.385621201717445083e-16 9.982994999999999703e-19
5.039562000000000097e+00 9.142304984546147578e-16 9.910993000000000600e-19
5.040226999999999791e+00 8.977528474281206943e-16 9.722140000000000177e-19
5.040892000000000372e+00 9.057178535053312848e-16 9.917280999999999253e-19
5.041557000000000066e+00 9.340375174550851602e-16 1.005529999999999957e-18
5.042221999999999760e+00 9.278551597831132823e-16 1.009764999999999958e-18
5.042887000000000342e+00 9.116280415433305737e-16 1.013025999999999944e-18
5.043552000000000035e+00 9.111390164393041644e-16 1.038078000000000039e-18
5.044216999999999729e+00 9.330718727762386299e-16 1.057533999999999923e-18
5.044882000000000311e+00 9.417413031008524321e-16 1.076816999999999907e-18
5.045547000000000004e+00 9.620974725023445496e-16 1.098436000000000015e-18
5.046211999999999698e+00 9.500239297835492738e-16 1.093170000000000093e-18
5.046877000000000280e+00 8.971667355548004891e-16 1.081486999999999975e-18
5.047541999999999973e+00 8.821168791168632095e-16 1.074015999999999917e-18
5.048206999999999667e+00 9.084870934501433474e-16 1.111477000000000075e-18
5.048872000000000249e+00 9.572937842951868303e-16 1.152724000000000069e-18
5.049536999999999942e+00 9.881770287081234752e-16 1.165158999999999957e-18
5.050201999999999636e+00 9.889705774543348830e-16 1.167348000000000007e-18
5.050867000000000218e+00 9.686699050506171001e-16 1.153416999999999946e-18
5.051531999999999911e+00 9.859412793680760392e-16 1.185492000000000024e-18
5.052196999999999605e+00 9.981711630434324670e-16 1.189355000000000017e-18
5.052862000000000187e+00 9.467365230663032384e-16 1.143177000000000069e-18
5.053526999999999880e+00 9.185632998523296544e-16 1.128137000000000032e-18
5.054191999999999574e+00 9.112428403713383971e-16 1.123958000000000040e-18
5.054857000000000156e+00 8.813232820856788060e-16 1.106165000000000076e-18
5.055521999999999849e+00 8.905889576006903363e-16 1.115729999999999956e-18
5.056187000000000431e+00 9.345510837723525437e-16 1.166293999999999951e-18
5.056852000000000125e+00 9.786951883018697999e-16 1.187949000000000010e-18
5.057516999999999818e+00 9.782148119224292711e-16 1.181019000000000079e-18
5.058182000000000400e+00 9.501937321497207931e-16 1.150922000000000022e-18
5.058847000000000094e+00 9.094306789991519985e-16 1.150980999999999916e-18
5.059511999999999787e+00 8.916159653428653936e-16 1.144318000000000023e-18
5.060177000000000369e+00 9.175452706203296019e-16 1.138892999999999915e-18
5.060842000000000063e+00 9.490933996067088450e-16 1.153538000000000001e-18
5.061506999999999756e+00 9.411462011255493160e-16 1.151314000000000089e-18
5.062172000000000338e+00 9.099790802994474732e-16 1.125179999999999932e-18
5.062837000000000032e+00 8.996828925326743520e-16 1.125760999999999983e-18
5.063501999999999725e+00 9.259375211966679412e-16 1.172506000000000076e-18
5.064167000000000307e+00 9.354983791010939961e-16 1.238903000000000086e-18
5.064832000000000001e+00 9.213784789478424427e-16 1.176872000000000065e-18
5.065496999999999694e+00 9.097432031577341605e-16 1.143592000000000078e-18
5.066162000000000276e+00 8.916241629362334944e-16 1.117612000000000043e-18
5.066826999999999970e+00 8.839795352647337364e-16 1.097680999999999976e-18
5.067491999999999663e+00 8.867825767110010584e-16 1.090723999999999936e-18
5.068157000000000245e+00 9.266251593415945170e-16 1.121955999999999987e-18
5.068821999999999939e+00 nan 1.289852999999999996e-18
5.069486999999999632e+00 9.452721617153718069e-16 1.122195999999999918e-18
5.070152000000000214e+00 9.299097304548980285e-16 1.106390000000000012e-18
5.070816999999999908e+00 9.111354793857908045e-16 1.077937999999999995e-18
5.071481999999999601e+00 9.203038837231332478e-16 1.083911999999999984e-18
5.072147000000000183e+00 9.581994508286437231e-16 1.107435999999999929e-18
5.072811999999999877e+00 9.438547338178821507e-16 1.091445000000000011e-18
5.073476999999999570e+00 9.311776199734681537e-16 1.071578000000000092e-18
5.074142000000000152e+00 9.525430594354802243e-16 1.088894999999999975e-18
5.074806999999999846e+00 9.432436969681310888e-16 1.077218999999999907e-18
5.075472000000000428e+00 9.024719297893292691e-16 1.044839999999999942e-18
5.076137000000000121e+00 9.080054460466018479e-16 1.059767000000000063e-18
5.076801999999999815e+00 9.207255210284268121e-16 1.057628999999999960e-18
5.077467000000000397e+00 8.925695509970080759e-16 1.031221999999999997e-18
5.078132000000000090e+00 8.780067952282386879e-16 9.951959999999999390e-19
5.078796999999999784e+00 8.820205455161235705e-16 9.980870000000000957e-19
5.079462000000000366e+00 8.695240215672076185e-16 9.886813999999999367e-19
5.080127000000000059e+00 8.839118049106404697e-16 9.858455999999999491e-19
5.080791999999999753e+00 9.098806450608219528e-16 9.936644999999999561e-19
5.081457000000000335e+00 9.264744544588300118e-16 9.999120999999999197e-19
5.082122000000000028e+00 9.226348477450609031e-16 1.002087999999999933e-18
5.082786999999999722e+00 8.686166716452620201e-16 9.501670000000000841e-19
5.083452000000000304e+00 8.686936801513886684e-16 9.364294999999999290e-19
5.084116999999999997e+00 9.162082448394286175e-16 9.641277000000000517e-19
5.084781999999999691e+00 nan 1.158017999999999996e-18
5.085447000000000273e+00 9.288317659978019826e-16 1.416622000000000080e-18
5.086111999999999966e+00 9.034262066828192465e-16 9.519346000000000530e-19
5.086776999999999660e+00 9.141257533055211558e-16 9.615011999999999987e-19
5.087442000000000242e+00 9.315346298247422507e-16 9.591182000000000939e-19
5.088106999999999935e+00 9.378243153057344175e-16 9.788603000000000129e-19
5.088771999999999629e+00 9.324421970062263414e-16 9.659316000000000564e-19
5.089437000000000211e+00 9.351169431289572771e-16 9.614769999999999107e-19
5.090101999999999904e+00 9.568542422530383995e-16 9.698665999999999511e-19
5.090766999999999598e+00 9.444788046414606814e-16 9.665331999999999501e-19
5.091432000000000180e+00 9.250610181456776240e-16 9.640545000000000035e-19
5.092096999999999873e+00 8.869018185431973951e-16 9.651305999999999403e-19
5.092761999999999567e+00 8.595328038435079963e-16 1.034028999999999946e-18
5.093427000000000149e+00 8.834116893526044194e-16 1.057505999999999918e-18
5.094091999999999842e+00 8.944192333428895815e-16 9.727357999999999266e-19
5.094757000000000424e+00 8.839067551112336201e-16 9.641760000000000070e-19
5.095422000000000118e+00 8.876228030916363144e-16 9.799310999999999949e-19
5.096086999999999811e+00 9.135449154201309026e-16 9.904790999999999252e-19
5.096752000000000393e+00 9.509021560625484420e-16 1.015420999999999960e-18
5.097417000000000087e+00 9.687517087546445190e-16 1.045394999999999975e-18
5.098081999999999780e+00 9.369644409862024807e-16 1.046492000000000032e-18
5.098747000000000362e+00 9.032392833351585515e-16 1.013388000000000019e-18
5.099412000000000056e+00 9.224227855658816789e-16 1.036720999999999993e-18
5.100076999999999749e+00 9.467560787146299831e-16 1.089494999999999995e-18
5.100742000000000331e+00 9.426155573335331246e-16 1.099627000000000019e-18
5.101407000000000025e+00 9.551183374669210218e-16 1.098105000000000021e-18
5.102071999999999719e+00 9.773874817550133215e-16 1.120476000000000092e-18
5.102737000000000300e+00 9.665325576168080959e-16 1.135773000000000042e-18
5.103401999999999994e+00 9.270251504999680943e-16 1.105105000000000060e-18
5.104066999999999688e+00 9.003636893694988067e-16 1.370729000000000050e-18
5.104732000000000269e+00 8.847909068532102425e-16 1.503375999999999996e-18
5.105396999999999963e+00 8.598712463998975546e-16 1.310799000000000092e-18
5.106061999999999657e+00 8.654383297699139479e-16 1.055672999999999983e-18
5.106727000000000238e+00 8.996783957364986363e-16 1.075626999999999993e-18
5.107391999999999932e+00 9.043248072427824280e-16 1.093501000000000087e-18
5.108056999999999626e+00 8.919626463540275996e-16 1.094950000000000094e-18
5.108722000000000207e+00 8.959896533659427272e-16 1.085802000000000018e-18
5.109386999999999901e+00 8.767321523506939299e-16 1.073018000000000063e-18
5.110051999999999595e+00 8.503352780758675643e-16 1.045480000000000079e-18
5.110717000000000176e+00 8.388465488379316069e-16 1.054865000000000010e-18
5.111381999999999870e+00 8.674660705820006616e-16 1.072352999999999998e-18
5.112046999999999564e+00 9.071898349101886647e-16 1.101180999999999996e-18
5.112712000000000145e+00 9.184448534559210407e-16 1.119233999999999949e-18
5.113376999999999839e+00 9.235239299905379575e-16 1.148715999999999990e-18
5.114042000000000421e+00 9.124564938114667405e-16 1.408844000000000059e-18
5.114707000000000114e+00 nan nan
5.115371999999999808e+00 nan nan
5.116037000000000390e+00 nan nan
5.116702000000000083e+00 9.370048333661844184e-16 1.139735999999999942e-18
5.117366999999999777e+00 9.210041818985902084e-16 1.147629000000000058e-18
5.118032000000000359e+00 9.030179063248952540e-16 1.125166999999999923e-18
5.118697000000000052e+00 8.708607776596156235e-16 1.105397000000000028e-18
5.119361999999999746e+00 8.694476097570455277e-16 1.107063999999999920e-18
5.120027000000000328e+00 8.832198395823309985e-16 1.295720000000000028e-18
5.120692000000000021e+00 8.929432009303946669e-16 1.126172999999999916e-18
5.121356999999999715e+00 9.017810306684835357e-16 1.126641000000000051e-18
5.122022000000000297e+00 8.972041322716274405e-16 1.123833000000000012e-18
5.122686999999999991e+00 9.226564316834348320e-16 1.148199999999999984e-18
5.123351999999999684e+00 9.522322628673242852e-16 1.163918000000000096e-18
5.124017000000000266e+00 9.334695795350055816e-16 1.129195999999999958e-18
5.124681999999999960e+00 8.948051570529277977e-16 1.092447999999999928e-18
5.125346999999999653e+00 8.986176764703663419e-16 1.117163999999999967e-18
5.126012000000000235e+00 9.288573220503908564e-16 1.145322999999999926e-18
5.126676999999999929e+00 9.385022940600593595e-16 1.150004999999999914e-18
5.127341999999999622e+00 9.112853179895861267e-16 1.114342999999999918e-18
5.128007000000000204e+00 8.691380830634289216e-16 1.073611999999999931e-18
5.128671999999999898e+00 8.655315014349957815e-16 1.072205999999999924e-18
5.129336999999999591e+00 8.873324923716332098e-16 1.092686000000000065e-18
5.130002000000000173e+00 8.877405719847791659e-16 1.070348000000000061e-18
5.130666999999999867e+00 8.715923799156904850e-16 1.094090999999999982e-18
5.131331999999999560e+00 8.510683263052506821e-16 1.081597000000000008e-18
5.131997000000000142e+00 8.465323822968641131e-16 1.044846999999999992e-18
5.132661999999999836e+00 8.447086025293335255e-16 1.013790999999999916e-18
5.133327000000000417e+00 8.712430841437664979e-16 1.034722000000000017e-18
5.133992000000000111e+00 8.982342455999267746e-16 1.034213000000000060e-18
5.134656999999999805e+00 9.071997000422713920e-16 1.426771999999999984e-18
5.135322000000000386e+00 8.973221230638714318e-16 1.402835999999999913e-18
5.135987000000000080e+00 9.064596909156708854e-16 9.930863999999999530e-19
5.136651999999999774e+00 9.017681101201985420e-16 9.988822999999999515e-19
5.137317000000000355e+00 8.880122072822827760e-16 1.002928999999999973e-18
5.137982000000000049e+00 8.918251412902849821e-16 9.906115999999999513e-19
5.138646999999999743e+00 9.254524850840663691e-16 1.040503999999999945e-18
5.139312000000000324e+00 9.131906407456078959e-16 1.040228999999999960e-18
5.139977000000000018e+00 8.704399463220671863e-16 1.010544999999999926e-18
5.140641999999999712e+00 8.817563341926632067e-16 1.002220000000000010e-18
5.141307000000000293e+00 9.076935862041582168e-16 1.008367000000000090e-18
5.141971999999999987e+00 8.931486079961090838e-16 9.686185000000000125e-19
5.142636999999999681e+00 8.873489488778629186e-16 9.667267000000000485e-19
5.143302000000000263e+00 8.905416489018986876e-16 9.715474000000000786e-19
5.143966999999999956e+00 8.657841473388464473e-16 9.613388000000000095e-19
5.144631999999999650e+00 8.390152360783450935e-16 9.637615999999999748e-19
5.145297000000000232e+00 8.266442084413999702e-16 9.272612000000000946e-19
5.145961999999999925e+00 8.273310406496256593e-16 9.295054999999999572e-19
5.146626999999999619e+00 8.395257800773710111e-16 9.516585999999999784e-19
5.147292000000000201e+00 8.529942077474865846e-16 9.683662999999999130e-19
5.147956999999999894e+00 8.470975230344940391e-16 9.966031000000000631e-19
5.148621999999999588e+00 8.732366884397529084e-16 9.672148999999999131e-19
5.149287000000000170e+00 8.877678844157391572e-16 9.718168000000000242e-19
5.149951999999999863e+00 8.743672896255820033e-16 9.416355000000000614e-19
5.150616999999999557e+00 8.873651167517287023e-16 9.577238999999999225e-19
5.151282000000000139e+00 9.107616749851902472e-16 9.831511999999999952e-19
5.151946999999999832e+00 9.223159865178732013e-16 9.781918999999999511e-19
5.152612000000000414e+00 9.257932653010772504e-16 9.787935000000000373e-19
5.153277000000000108e+00 9.365867777514875631e-16 9.857740999999999953e-19
5.153941999999999801e+00 9.314345549697734131e-16 9.864442999999999874e-19
5.154607000000000383e+00 9.424095891491598107e-16 9.995598999999999132e-19
5.155272000000000077e+00 9.351870125603266214e-16 1.004533000000000000e-18
5.155936999999999770e+00 9.072365855571660969e-16 9.897073999999999881e-19
5.156602000000000352e+00 8.951616493053880876e-16 1.008756000000000081e-18
5.157267000000000046e+00 9.047670284934070655e-16 1.069763000000000037e-18
5.157931999999999739e+00 8.893012152963654306e-16 1.018879000000000069e-18
5.158597000000000321e+00 8.565996887637434485e-16 9.858692000000000604e-19
5.159262000000000015e+00 8.616948950042736657e-16 1.008670999999999977e-18
5.159926999999999708e+00 8.590665241762233311e-16 1.026553000000000018e-18
5.160592000000000290e+00 8.527221667155504878e-16 1.028540999999999972e-18
5.161256999999999984e+00 8.670366054139400711e-16 1.040509999999999905e-18
5.161921999999999677e+00 8.652460676203575203e-16 1.049025999999999983e-18
5.162587000000000259e+00 8.728748889808534674e-16 1.063245000000000038e-18
5.163251999999999953e+00 9.032788910517221380e-16 1.523803000000000011e-18
5.163916999999999646e+00 9.205849291882342836e-16 1.558143000000000014e-18
5.164582000000000228e+00 9.014524570137337491e-16 1.128428999999999999e-18
5.165246999999999922e+00 8.939911773478056009e-16 1.135068000000000053e-18
5.165911999999999615e+00 9.008013602397917413e-16 1.142792999999999948e-18
5.166577000000000197e+00 8.941646465414500556e-16 1.137760999999999997e-18
5.167241999999999891e+00 8.757792030440756401e-16 1.153306999999999914e-18
5.167906999999999584e+00 8.617731292282832387e-16 1.144965999999999913e-18
5.168572000000000166e+00 8.544194941927627575e-16 1.153698000000000084e-18
5.169236999999999860e+00 8.565077785427637689e-16 1.483049999999999978e-18
5.169902000000000442e+00 nan nan
5.170567000000000135e+00 8.998259180294451951e-16 1.525517000000000069e-18
5.171231999999999829e+00 9.102728008578574281e-16 1.215105000000000053e-18
5.171897000000000411e+00 8.779954835601475014e-16 1.185565000000000016e-18
5.172562000000000104e+00 8.673385004557150670e-16 1.169546999999999991e-18
5.173226999999999798e+00 8.628774464936761729e-16 1.156550000000000020e-18
5.173892000000000380e+00 nan 1.327227999999999961e-18
5.174557000000000073e+00 8.674331551323727336e-16 1.172531000000000005e-18
5.175221999999999767e+00 8.839570209592719344e-16 1.169367999999999939e-18
5.175887000000000349e+00 8.800313631345144267e-16 1.169062000000000066e-18
5.176552000000000042e+00 8.820167838582849346e-16 1.167985000000000068e-18
5.177216999999999736e+00 8.906005080075493824e-16 1.158807000000000000e-18
5.177882000000000318e+00 9.100252275856829058e-16 1.168772999999999982e-18
5.178547000000000011e+00 9.114750885834240019e-16 1.167536999999999991e-18
5.179211999999999705e+00 nan 1.361232999999999997e-18
5.179877000000000287e+00 8.740120146479429237e-16 1.148158000000000073e-18
5.180541999999999980e+00 nan nan
5.181206999999999674e+00 8.744832704213048387e-16 1.118349000000000011e-18
5.181872000000000256e+00 8.640616348344086140e-16 1.119467999999999920e-18
5.182536999999999949e+00 8.896188662694762410e-16 1.103903999999999931e-18
5.183201999999999643e+00 9.253016124131414577e-16 1.125893999999999958e-18
5.183867000000000225e+00 9.132102814888884319e-16 1.144967000000000003e-18
5.184531999999999918e+00 8.913331182865797767e-16 1.168860000000000073e-18
5.185196999999999612e+00 8.564074691738724266e-16 1.113080000000000012e-18
5.185862000000000194e+00 8.469681636829554713e-16 1.129580999999999975e-18
5.186526999999999887e+00 8.709880701915176106e-16 1.122572000000000092e-18
5.187191999999999581e+00 8.616769393996523867e-16 1.078953999999999921e-18
5.187857000000000163e+00 nan 1.475654000000000091e-18
5.188521999999999856e+00 8.699241997130733189e-16 1.032375999999999960e-18
5.189187000000000438e+00 8.759072318005927396e-16 1.477356000000000037e-18
5.189852000000000132e+00 9.127726954898663985e-16 1.025614000000000057e-18
5.190516999999999825e+00 9.101752033490861031e-16 1.004796000000000065e-18
5.191182000000000407e+00 8.958535426990186666e-16 9.950321999999999399e-19
5.191847000000000101e+00 9.001101509641222502e-16 9.907821999999999433e-19
5.192511999999999794e+00 8.886810574548973543e-16 9.750953999999999691e-19
5.193177000000000376e+00 8.783021124061795968e-16 9.535528000000000418e-19
5.193842000000000070e+00 nan nan
5.194506999999999763e+00 nan 1.072854999999999905e-18
5.195172000000000345e+00 8.483314228486460126e-16 9.288140999999999533e-19
5.195837000000000039e+00 8.617115183768209441e-16 9.427859999999999999e-19
5.196501999999999732e+00 8.621075330588338685e-16 9.229237000000000590e-19
5.197167000000000314e+00 8.722118373980416918e-16 9.351430999999999679e-19
5.197832000000000008e+00 8.752260970478595772e-16 9.331022999999999441e-19
5.198496999999999701e+00 8.503170597416405762e-16 9.133069000000000070e-19
5.199162000000000283e+00 8.253773684294201353e-16 8.952219000000000759e-19
5.199826999999999977e+00 8.226042437389841694e-16 9.009822000000000436e-19
5.200491999999999670e+00 8.478560870482111259e-16 9.144926000000000561e-19
5.201157000000000252e+00 8.581741241586157954e-16 9.300595000000000931e-19
5.201821999999999946e+00 8.246944534273024274e-16 9.236314000000000402e-19
5.202486999999999639e+00 8.117777582856714998e-16 9.043047000000000504e-19
5.203152000000000221e+00 8.378656310947174075e-16 9.240566000000000385e-19
5.203816999999999915e+00 8.705889919827867950e-16 9.471134000000000744e-19
5.204481999999999609e+00 8.825604049452575039e-16 9.819102999999999697e-19
5.205147000000000190e+00 8.803372058122696951e-16 9.592607000000000529e-19
5.205811999999999884e+00 8.829478562932239287e-16 9.606428000000000557e-19
5.206476999999999578e+00 8.844649478351662669e-16 9.541681999999999777e-19
5.207142000000000159e+00 8.974306861492182322e-16 9.542987000000000172e-19
5.207806999999999853e+00 8.986177159208704800e-16 9.520077999999999087e-19
5.208472000000000435e+00 8.902016619317074101e-16 9.595495999999999158e-19
5.209137000000000128e+00 8.938359732670586444e-16 9.923848999999999879e-19
5.209801999999999822e+00 nan 9.878506999999999139e-19
5.210467000000000404e+00 nan 9.823965000000000404e-19
5.211132000000000097e+00 nan 9.953009999999999088e-19
5.211796999999999791e+00 8.474464350724897557e-16 1.019463000000000004e-18
5.212462000000000373e+00 8.696861854262842951e-16 1.029550000000000041e-18
5.213127000000000066e+00 8.505097884810452975e-16 9.931431999999999957e-19
5.213791999999999760e+00 8.240961772607980643e-16 9.818764000000000334e-19
5.214457000000000342e+00 8.440603120328246365e-16 1.002300000000000052e-18
5.215122000000000035e+00 8.776147300230540777e-16 1.028602000000000045e-18
5.215786999999999729e+00 9.017410540559257251e-16 1.046621000000000033e-18
5.216452000000000311e+00 9.063020372351657692e-16 1.076677999999999973e-18
5.217117000000000004e+00 8.667553601518795423e-16 1.066375999999999933e-18
5.217781999999999698e+00 8.464522224843971918e-16 1.062706999999999988e-18
5.218447000000000280e+00 8.847845852101397409e-16 1.096319000000000060e-18
5.219111999999999973e+00 8.896513075617085769e-16 1.100648000000000008e-18
5.219776999999999667e+00 8.774165756422957675e-16 1.089128999999999946e-18
5.220442000000000249e+00 8.854576922024425704e-16 1.121709999999999904e-18
5.221106999999999942e+00 8.756956600117178414e-16 1.301234000000000020e-18
5.221771999999999636e+00 8.834563496684029385e-16 1.435395000000000019e-18
5.222437000000000218e+00 nan 1.573170000000000042e-18
5.223101999999999911e+00 8.625567716625299268e-16 1.493200999999999971e-18
5.223766999999999605e+00 8.612393040121830448e-16 1.573892999999999911e-18
5.224432000000000187e+00 9.036066420256095385e-16 1.470991999999999969e-18
5.225096999999999881e+00 nan 2.079233000000000144e-18
5.225761999999999574e+00 8.751082909952642380e-16 1.432943999999999992e-18
5.226427000000000156e+00 8.600881796084286471e-16 1.313290000000000043e-18
5.227091999999999850e+00 8.726079191969250769e-16 1.233756000000000039e-18
5.227757000000000431e+00 8.615521758990999472e-16 1.175877000000000095e-18
5.228422000000000125e+00 8.656279926934379563e-16 1.158124999999999952e-18
5.229086999999999819e+00 8.867209519967895395e-16 1.151907999999999957e-18
5.229752000000000400e+00 8.827455520384682585e-16 1.133490999999999942e-18
5.230417000000000094e+00 8.866692524362308567e-16 1.136218000000000043e-18
5.231081999999999788e+00 8.861919810942449832e-16 1.124511000000000086e-18
5.231747000000000369e+00 8.709498494364967461e-16 1.087211999999999997e-18
5.232412000000000063e+00 8.532617683715810195e-16 1.073310000000000030e-18
5.233076999999999757e+00 8.731705357223859131e-16 1.078949999999999948e-18
5.233742000000000338e+00 9.060210676415992340e-16 1.118281000000000082e-18
5.234407000000000032e+00 8.989188214915032939e-16 1.116815000000000093e-18
5.235071999999999726e+00 8.699170474152387518e-16 2.428718999999999996e-18
5.235737000000000307e+00 8.653448047484595701e-16 2.438392000000000113e-18
5.236402000000000001e+00 8.662944671749517432e-16 2.360653999999999811e-18
5.237066999999999695e+00 9.009211030110835082e-16 1.086813999999999970e-18
5.237732000000000276e+00 8.957885683151715553e-16 1.057765999999999907e-18
5.238396999999999970e+00 8.843031396593563705e-16 1.078104999999999934e-18
5.239061999999999664e+00 8.746449417620257967e-16 1.075623999999999917e-18
5.239727000000000245e+00 8.353584609819026737e-16 1.016265000000000077e-18
5.240391999999999939e+00 8.213095727309669421e-16 1.004213999999999924e-18
5.241056999999999633e+00 8.128487906053492832e-16 1.052281000000000009e-18
5.241722000000000214e+00 8.180778653875188111e-16 1.045579999999999986e-18
5.242386999999999908e+00 8.236986107640479830e-16 1.043586999999999969e-18
5.243051999999999602e+00 8.486025557763560374e-16 1.054085999999999939e-18
5.243717000000000183e+00 8.748517091873211104e-16 1.074824999999999980e-18
5.244381999999999877e+00 8.763728445865989810e-16 1.066558999999999958e-18
5.245046999999999571e+00 8.525187190991226510e-16 1.046901000000000081e-18
5.245712000000000153e+00 8.405962356624343879e-16 1.051703999999999931e-18
5.246376999999999846e+00 8.711957221009775065e-16 1.071223999999999963e-18
5.247042000000000428e+00 8.829454159486330627e-16 1.065997999999999965e-18
5.247707000000000122e+00 8.756267491117040501e-16 1.062942999999999945e-18
5.248371999999999815e+00 8.777363807714552820e-16 1.081563999999999940e-18
5.249037000000000397e+00 8.831088704321560224e-16 1.054098000000000051e-18
5.249702000000000091e+00 9.106318290048995304e-16 1.073796000000000045e-18
5.250366999999999784e+00 9.094653648878318790e-16 1.096499000000000008e-18
5.251032000000000366e+00 8.769050725499366546e-16 1.045723999999999983e-18
5.251697000000000060e+00 8.699769851949964946e-16 1.045028000000000029e-18
5.252361999999999753e+00 8.682579501579522446e-16 1.040905000000000048e-18
5.253027000000000335e+00 8.698772131284828755e-16 1.037855000000000091e-18
5.253692000000000029e+00 8.486940907905063159e-16 1.037205000000000021e-18
5.254356999999999722e+00 8.533138561545099173e-16 1.040720000000000037e-18
5.255022000000000304e+00 8.769193892330834992e-16 1.044319000000000067e-18
5.255686999999999998e+00 8.911520239359833514e-16 1.060487999999999946e-18
5.256351999999999691e+00 8.728032308670775614e-16 1.055386999999999976e-18
5.257017000000000273e+00 8.541183294597776665e-16 1.047073999999999980e-18
5.257681999999999967e+00 8.595262798419509931e-16 1.060229000000000046e-18
5.258346999999999660e+00 8.681686550917423637e-16 1.056104999999999974e-18
5.259012000000000242e+00 8.938681012145570856e-16 1.092447000000000031e-18
5.259676999999999936e+00 9.141963789114338822e-16 1.105999000000000034e-18
5.260341999999999629e+00 9.062581528317818760e-16 1.100640000000000061e-18
5.261007000000000211e+00 9.040741515928215531e-16 1.105386000000000005e-18
5.261671999999999905e+00 8.991985707404869278e-16 1.093006999999999934e-18
5.262336999999999598e+00 8.770703029163238235e-16 1.095616999999999953e-18
5.263002000000000180e+00 8.962552318394577377e-16 1.103742999999999952e-18
5.263666999999999874e+00 9.234562481518437598e-16 1.154203000000000067e-18
5.264331999999999567e+00 nan 1.153566000000000006e-18
5.264997000000000149e+00 9.065383913587928215e-16 1.124597000000000087e-18
5.265661999999999843e+00 9.134844072356856459e-16 1.137977999999999986e-18
5.266327000000000425e+00 8.968865855974864930e-16 1.146593000000000074e-18
5.266992000000000118e+00 8.609069945141151962e-16 1.110512999999999993e-18
5.267656999999999812e+00 8.601816221446233987e-16 1.120295000000000054e-18
5.268322000000000394e+00 8.681348102602441176e-16 1.197110000000000096e-18
5.268987000000000087e+00 8.573520224479122528e-16 2.583497999999999979e-18
5.269651999999999781e+00 nan nan
5.270317000000000363e+00 nan nan
