{"gl338B": {"log_12CO/13CO": {"MAP": 1.9089213141463222, "median": 1.9124664941631426, "1sigma": [1.9014898612849813, 1.9233978606440154]}, "log_12CO/C18O": {"MAP": 3.1389753525684543, "median": 3.2416629674662407, "1sigma": [3.0510525217460978, 3.49458396414248]}, "log_H2O/H2O_181": {"MAP": 3.0524180635916283, "median": 3.0692458072436013, "1sigma": [2.556289664102559, 3.565999461311053]}, "log_12CO/C17O": {"MAP": 3.932457706765532, "median": 3.780640781125466, "1sigma": [3.62024310883186, 3.914565643979873]}}, "gl205": {"log_12CO/13CO": {"MAP": 1.8399691716832693, "median": 1.8445703733761016, "1sigma": [1.8388331138510396, 1.849934762780447]}, "log_12CO/C18O": {"MAP": 2.484187872910768, "median": 2.4759081159044407, "1sigma": [2.4574106530022344, 2.49555491810086]}, "log_H2O/H2O_181": {"MAP": 2.172627176717623, "median": 2.436017799429877, "1sigma": [2.047544454715368, 3.0570957579028843]}, "log_12CO/C17O": {"MAP": 3.638749361950771, "median": 3.7180243716801558, "1sigma": [3.5496091477409872, 3.888258431605996]}}, "gl880": {"log_12CO/13CO": {"MAP": 1.917072068590186, "median": 1.9126525404907975, "1sigma": [1.9036030409739393, 1.9217726352484727]}, "log_12CO/C18O": {"MAP": 2.5972382473207634, "median": 2.6077144374243817, "1sigma": [2.568966469332596, 2.648143835115125]}, "log_H2O/H2O_181": {"MAP": 3.042085426146925, "median": 2.96795880466069, "1sigma": [2.4404247267053494, 3.52936990640614]}, "log_12CO/C17O": {"MAP": 3.978715883221321, "median": 3.8026150948062543, "1sigma": [3.6447086078041617, 3.9297645546382975]}}, "gl382": {"log_12CO/13CO": {"MAP": 1.7936692934020506, "median": 1.788362491106135, "1sigma": [1.7781180939921797, 1.7988815811160612]}, "log_12CO/C18O": {"MAP": 2.8025026299411007, "median": 2.829070020612449, "1sigma": [2.73515419015771, 2.9368095325393684]}, "log_H2O/H2O_181": {"MAP": 2.2771738273334257, "median": 2.4774440376692013, "1sigma": [2.1623185101601483, 2.9781061769182453]}, "log_12CO/C17O": {"MAP": 3.840690317441724, "median": 3.8053338779919557, "1sigma": [3.65664333481048, 3.92613299507072]}}, "gl412A": {"log_12CO/13CO": {"MAP": 2.085354886642885, "median": 2.0723713556679213, "1sigma": [1.9959472470654345, 2.1521450601686074]}, "log_12CO/C18O": {"MAP": 3.231478408359742, "median": 3.4064521246735424, "1sigma": [3.0526283778541288, 3.755600901449866]}, "log_H2O/H2O_181": {"MAP": 2.3428547031810014, "median": 2.0729848949293417, "1sigma": [1.9556057522021086, 2.2145816152419786]}, "log_12CO/C17O": {"MAP": 3.4862915491682616, "median": 3.5812654451620016, "1sigma": [3.305668984580965, 3.8293413813432147]}}, "gl15A": {"log_12CO/13CO": {"MAP": 1.9494520554994028, "median": 1.9799244245664347, "1sigma": [1.9329900298678786, 2.027366942455594]}, "log_12CO/C18O": {"MAP": 3.9413796516714643, "median": 3.534939229014004, "1sigma": [3.2154459974305465, 3.802168151987818]}, "log_H2O/H2O_181": {"MAP": 2.3402758454222625, "median": 2.305989335543046, "1sigma": [2.122304813764368, 2.5561825519540964]}, "log_12CO/C17O": {"MAP": 3.659197067441199, "median": 3.6225136724718094, "1sigma": [3.3765333564635593, 3.8401792849798193]}}, "gl411": {"log_12CO/13CO": {"MAP": 2.4112163235245374, "median": 2.2424009108911913, "1sigma": [2.113616388788163, 2.3961754915913605]}, "log_12CO/C18O": {"MAP": 3.3021434189960917, "median": 3.502071133805053, "1sigma": [3.163414977988837, 3.798432575125671]}, "log_H2O/H2O_181": {"MAP": 3.458276808039699, "median": 3.3959023633502334, "1sigma": [3.0235335512045025, 3.7621869953057763]}, "log_12CO/C17O": {"MAP": 3.8692229576246464, "median": 3.484010285481613, "1sigma": [3.173999079434446, 3.7790755387439448]}}, "gl752A": {"log_12CO/13CO": {"MAP": 1.9801410323934925, "median": 1.9772826318656853, "1sigma": [1.9545905212720212, 2.000300662598647]}, "log_12CO/C18O": {"MAP": 2.726080183137907, "median": 2.8583222575803235, "1sigma": [2.702796226358538, 3.0550403820868155]}, "log_H2O/H2O_181": {"MAP": 1.9818652853629555, "median": 2.0729252604079056, "1sigma": [1.9598501724471868, 2.217030970366002]}, "log_12CO/C17O": {"MAP": 3.8401579580644656, "median": 3.7475655667796057, "1sigma": [3.55275968012826, 3.902176411395991]}}, "gl436": {"log_12CO/13CO": {"MAP": 1.7947835780364068, "median": 1.8082057800395672, "1sigma": [1.783657950280172, 1.8321275808199624]}, "log_12CO/C18O": {"MAP": 3.264427105794508, "median": 3.241439826457142, "1sigma": [2.9014018427605035, 3.6120074750516595]}, "log_H2O/H2O_181": {"MAP": 2.338637044846452, "median": 2.732004578144066, "1sigma": [2.340510657520799, 3.2832837191471484]}, "log_12CO/C17O": {"MAP": 3.7113800081337103, "median": 3.6749798314572777, "1sigma": [3.4262450633256236, 3.867376085421234]}}, "gl849": {"log_12CO/13CO": {"MAP": 1.7193258725854643, "median": 1.7312895367641095, "1sigma": [1.719324656487206, 1.7449631909962828]}, "log_12CO/C18O": {"MAP": 2.8218750640877888, "median": 2.688631400475288, "1sigma": [2.5868431820889786, 2.8217687711187502]}, "log_H2O/H2O_181": {"MAP": 2.3123119840884536, "median": 2.2712320265530512, "1sigma": [2.0711543556489396, 2.5193764905740554]}, "log_12CO/C17O": {"MAP": 3.9784621495747188, "median": 3.7561715877709787, "1sigma": [3.498307993468022, 3.976064867512065]}}, "gl408": {"log_12CO/13CO": {"MAP": 1.7975759826168607, "median": 1.80350179015572, "1sigma": [1.7749855676913686, 1.833585351234014]}, "log_12CO/C18O": {"MAP": 3.8916415483006057, "median": 3.4515361607875574, "1sigma": [3.1436627628193112, 3.7495259369824145]}, "log_H2O/H2O_181": {"MAP": 3.189557050522135, "median": 2.9411007108492537, "1sigma": [2.4982372306400915, 3.509396723758623]}, "log_12CO/C17O": {"MAP": 3.9450023087290234, "median": 3.604398980076538, "1sigma": [3.3487000959887188, 3.829492022104871]}}, "gl725A": {"log_12CO/13CO": {"MAP": 2.1029146896447886, "median": 2.130682736809182, "1sigma": [2.033445059405533, 2.2516536745871325]}, "log_12CO/C18O": {"MAP": 3.839068355465022, "median": 3.5476152268770162, "1sigma": [3.2402155573385376, 3.817510924843538]}, "log_H2O/H2O_181": {"MAP": 2.129081509422829, "median": 2.432863364378294, "1sigma": [2.237606153570365, 2.719128237909094]}, "log_12CO/C17O": {"MAP": 3.361968676484043, "median": 3.480247677011242, "1sigma": [3.152576120101195, 3.76902372674705]}}, "gl4063": {"log_12CO/13CO": {"MAP": 1.7428606628913275, "median": 1.7503044083493535, "1sigma": [1.738599753421835, 1.7620318287386352]}, "log_12CO/C18O": {"MAP": 2.3184462301260753, "median": 2.3667052646741786, "1sigma": [2.3311832687651624, 2.4049823582362397]}, "log_H2O/H2O_181": {"MAP": 2.3237551674973074, "median": 2.1638821140905273, "1sigma": [2.0085508082264942, 2.378594192266186]}, "log_12CO/C17O": {"MAP": 3.9002466209214655, "median": 3.7644672495357936, "1sigma": [3.578110153370675, 3.9100051141377032]}}, "gl687": {"log_12CO/13CO": {"MAP": 2.0344056115487006, "median": 2.008346007586235, "1sigma": [1.9643212154494303, 2.054384211946282]}, "log_12CO/C18O": {"MAP": 3.599981803882163, "median": 3.49346729423226, "1sigma": [3.1938320858731943, 3.771895266124936]}, "log_H2O/H2O_181": {"MAP": 2.272216937071921, "median": 2.5168515838318357, "1sigma": [2.25132351452354, 2.921724349855952]}, "log_12CO/C17O": {"MAP": 3.377685388252835, "median": 3.481620929010285, "1sigma": [3.1718840611800503, 3.7798366228036513]}}, "gl725B": {"log_12CO/13CO": {"MAP": 1.996552366786637, "median": 2.1812515830928265, "1sigma": [2.0560868302494604, 2.3369295098712346]}, "log_12CO/C18O": {"MAP": 3.6105719425943628, "median": 3.4903698821676783, "1sigma": [3.145831672501052, 3.7893387660832287]}, "log_H2O/H2O_181": {"MAP": 2.3968784599108215, "median": 2.5357205422157243, "1sigma": [2.3221011597910737, 2.827657065354434]}, "log_12CO/C17O": {"MAP": 3.695957924102097, "median": 3.3726497926444283, "1sigma": [3.0007105590546015, 3.7151374718198293]}}, "gl876": {"log_12CO/13CO": {"MAP": 1.7657053612040625, "median": 1.7485161381225107, "1sigma": [1.7299355119428066, 1.7685231784202369]}, "log_12CO/C18O": {"MAP": 2.6988438759528073, "median": 2.8943936133549686,